solid ASCII
  facet normal 9.921147e-01 -1.253332e-01 0.000000e+00
    outer loop
      vertex   -1.452875e-02 3.730348e-03 0.000000e+00
      vertex   -1.500000e-02 0.000000e+00 3.000000e-02
      vertex   -1.500000e-02 0.000000e+00 0.000000e+00
    endloop
  endfacet
  facet normal 9.921147e-01 1.253332e-01 -0.000000e+00
    outer loop
      vertex   -1.500000e-02 0.000000e+00 0.000000e+00
      vertex   -1.500000e-02 0.000000e+00 3.000000e-02
      vertex   -1.452875e-02 -3.730348e-03 3.000000e-02
    endloop
  endfacet
  facet normal 9.921147e-01 1.253332e-01 3.942311e-17
    outer loop
      vertex   -1.500000e-02 0.000000e+00 0.000000e+00
      vertex   -1.452875e-02 -3.730348e-03 3.000000e-02
      vertex   -1.452875e-02 -3.730348e-03 0.000000e+00
    endloop
  endfacet
  facet normal 9.297765e-01 3.681246e-01 5.473113e-19
    outer loop
      vertex   -1.452875e-02 -3.730348e-03 0.000000e+00
      vertex   -1.452875e-02 -3.730348e-03 3.000000e-02
      vertex   -1.314460e-02 -7.226305e-03 3.000000e-02
    endloop
  endfacet
  facet normal 9.297765e-01 3.681246e-01 0.000000e+00
    outer loop
      vertex   -1.452875e-02 -3.730348e-03 0.000000e+00
      vertex   -1.314460e-02 -7.226305e-03 3.000000e-02
      vertex   -1.314460e-02 -7.226305e-03 0.000000e+00
    endloop
  endfacet
  facet normal 8.090170e-01 5.877853e-01 -0.000000e+00
    outer loop
      vertex   -1.314460e-02 -7.226305e-03 0.000000e+00
      vertex   -1.314460e-02 -7.226305e-03 3.000000e-02
      vertex   -1.093453e-02 -1.026821e-02 3.000000e-02
    endloop
  endfacet
  facet normal 8.090170e-01 5.877853e-01 5.256414e-17
    outer loop
      vertex   -1.314460e-02 -7.226305e-03 0.000000e+00
      vertex   -1.093453e-02 -1.026821e-02 3.000000e-02
      vertex   -1.093453e-02 -1.026821e-02 0.000000e+00
    endloop
  endfacet
  facet normal 6.374240e-01 7.705132e-01 -3.078307e-17
    outer loop
      vertex   -1.093453e-02 -1.026821e-02 0.000000e+00
      vertex   -1.093453e-02 -1.026821e-02 3.000000e-02
      vertex   -8.037402e-03 -1.266492e-02 3.000000e-02
    endloop
  endfacet
  facet normal 6.374240e-01 7.705132e-01 7.509163e-17
    outer loop
      vertex   -1.093453e-02 -1.026821e-02 0.000000e+00
      vertex   -8.037402e-03 -1.266492e-02 3.000000e-02
      vertex   -8.037402e-03 -1.266492e-02 0.000000e+00
    endloop
  endfacet
  facet normal 4.257793e-01 9.048271e-01 4.924062e-17
    outer loop
      vertex   -8.037402e-03 -1.266492e-02 0.000000e+00
      vertex   -8.037402e-03 -1.266492e-02 3.000000e-02
      vertex   -4.635255e-03 -1.426585e-02 3.000000e-02
    endloop
  endfacet
  facet normal 4.257793e-01 9.048271e-01 0.000000e+00
    outer loop
      vertex   -8.037402e-03 -1.266492e-02 0.000000e+00
      vertex   -4.635255e-03 -1.426585e-02 3.000000e-02
      vertex   -4.635255e-03 -1.426585e-02 0.000000e+00
    endloop
  endfacet
  facet normal 1.873813e-01 9.822873e-01 3.512957e-17
    outer loop
      vertex   -4.635255e-03 -1.426585e-02 0.000000e+00
      vertex   -4.635255e-03 -1.426585e-02 3.000000e-02
      vertex   -9.418578e-04 -1.497040e-02 3.000000e-02
    endloop
  endfacet
  facet normal 1.873813e-01 9.822873e-01 3.754582e-17
    outer loop
      vertex   -4.635255e-03 -1.426585e-02 0.000000e+00
      vertex   -9.418578e-04 -1.497040e-02 3.000000e-02
      vertex   -9.418578e-04 -1.497040e-02 0.000000e+00
    endloop
  endfacet
  facet normal -6.279052e-02 9.980267e-01 -1.293475e-17
    outer loop
      vertex   -9.418578e-04 -1.497040e-02 0.000000e+00
      vertex   -9.418578e-04 -1.497040e-02 3.000000e-02
      vertex   2.810720e-03 -1.473431e-02 3.000000e-02
    endloop
  endfacet
  facet normal -6.279052e-02 9.980267e-01 5.162550e-17
    outer loop
      vertex   -9.418578e-04 -1.497040e-02 0.000000e+00
      vertex   2.810720e-03 -1.473431e-02 3.000000e-02
      vertex   2.810720e-03 -1.473431e-02 0.000000e+00
    endloop
  endfacet
  facet normal -3.090170e-01 9.510565e-01 2.372389e-17
    outer loop
      vertex   2.810720e-03 -1.473431e-02 0.000000e+00
      vertex   2.810720e-03 -1.473431e-02 3.000000e-02
      vertex   6.386689e-03 -1.357241e-02 3.000000e-02
    endloop
  endfacet
  facet normal -3.090170e-01 9.510565e-01 7.509163e-17
    outer loop
      vertex   2.810720e-03 -1.473431e-02 0.000000e+00
      vertex   6.386689e-03 -1.357241e-02 3.000000e-02
      vertex   6.386689e-03 -1.357241e-02 0.000000e+00
    endloop
  endfacet
  facet normal -5.358268e-01 8.443279e-01 -8.451006e-18
    outer loop
      vertex   6.386689e-03 -1.357241e-02 0.000000e+00
      vertex   6.386689e-03 -1.357241e-02 3.000000e-02
      vertex   9.561360e-03 -1.155770e-02 3.000000e-02
    endloop
  endfacet
  facet normal -5.358268e-01 8.443279e-01 -6.007331e-17
    outer loop
      vertex   6.386689e-03 -1.357241e-02 0.000000e+00
      vertex   9.561360e-03 -1.155770e-02 3.000000e-02
      vertex   9.561360e-03 -1.155770e-02 0.000000e+00
    endloop
  endfacet
  facet normal -7.289686e-01 6.845471e-01 -8.430393e-17
    outer loop
      vertex   9.561360e-03 -1.155770e-02 0.000000e+00
      vertex   9.561360e-03 -1.155770e-02 3.000000e-02
      vertex   1.213525e-02 -8.816779e-03 3.000000e-02
    endloop
  endfacet
  facet normal -7.289686e-01 6.845471e-01 3.754582e-17
    outer loop
      vertex   9.561360e-03 -1.155770e-02 0.000000e+00
      vertex   1.213525e-02 -8.816779e-03 3.000000e-02
      vertex   1.213525e-02 -8.816779e-03 0.000000e+00
    endloop
  endfacet
  facet normal -8.763067e-01 4.817537e-01 5.042302e-18
    outer loop
      vertex   1.213525e-02 -8.816779e-03 0.000000e+00
      vertex   1.213525e-02 -8.816779e-03 3.000000e-02
      vertex   1.394665e-02 -5.521868e-03 3.000000e-02
    endloop
  endfacet
  facet normal -8.763067e-01 4.817537e-01 3.003665e-17
    outer loop
      vertex   1.213525e-02 -8.816779e-03 0.000000e+00
      vertex   1.394665e-02 -5.521868e-03 3.000000e-02
      vertex   1.394665e-02 -5.521868e-03 0.000000e+00
    endloop
  endfacet
  facet normal -9.685832e-01 2.486899e-01 -4.730370e-17
    outer loop
      vertex   1.394665e-02 -5.521868e-03 0.000000e+00
      vertex   1.394665e-02 -5.521868e-03 3.000000e-02
      vertex   1.488172e-02 -1.879999e-03 3.000000e-02
    endloop
  endfacet
  facet normal -9.685832e-01 2.486899e-01 2.252749e-17
    outer loop
      vertex   1.394665e-02 -5.521868e-03 0.000000e+00
      vertex   1.488172e-02 -1.879999e-03 3.000000e-02
      vertex   1.488172e-02 -1.879999e-03 0.000000e+00
    endloop
  endfacet
  facet normal -1.000000e+00 0.000000e+00 0.000000e+00
    outer loop
      vertex   1.488172e-02 -1.879999e-03 0.000000e+00
      vertex   1.488172e-02 -1.879999e-03 3.000000e-02
      vertex   1.488172e-02 1.879999e-03 3.000000e-02
    endloop
  endfacet
  facet normal -1.000000e+00 0.000000e+00 0.000000e+00
    outer loop
      vertex   1.488172e-02 -1.879999e-03 0.000000e+00
      vertex   1.488172e-02 1.879999e-03 3.000000e-02
      vertex   1.488172e-02 1.879999e-03 0.000000e+00
    endloop
  endfacet
  facet normal -9.685832e-01 -2.486899e-01 -2.516548e-17
    outer loop
      vertex   1.488172e-02 1.879999e-03 0.000000e+00
      vertex   1.488172e-02 1.879999e-03 3.000000e-02
      vertex   1.394665e-02 5.521868e-03 3.000000e-02
    endloop
  endfacet
  facet normal -9.685832e-01 -2.486899e-01 4.505498e-17
    outer loop
      vertex   1.488172e-02 1.879999e-03 0.000000e+00
      vertex   1.394665e-02 5.521868e-03 3.000000e-02
      vertex   1.394665e-02 5.521868e-03 0.000000e+00
    endloop
  endfacet
  facet normal -8.763067e-01 -4.817537e-01 -2.401309e-17
    outer loop
      vertex   1.394665e-02 5.521868e-03 0.000000e+00
      vertex   1.394665e-02 5.521868e-03 3.000000e-02
      vertex   1.213525e-02 8.816779e-03 3.000000e-02
    endloop
  endfacet
  facet normal -8.763067e-01 -4.817537e-01 0.000000e+00
    outer loop
      vertex   1.394665e-02 5.521868e-03 0.000000e+00
      vertex   1.213525e-02 8.816779e-03 3.000000e-02
      vertex   1.213525e-02 8.816779e-03 0.000000e+00
    endloop
  endfacet
  facet normal -7.289686e-01 -6.845471e-01 -3.701470e-17
    outer loop
      vertex   1.213525e-02 8.816779e-03 0.000000e+00
      vertex   1.213525e-02 8.816779e-03 3.000000e-02
      vertex   9.561360e-03 1.155770e-02 3.000000e-02
    endloop
  endfacet
  facet normal -7.289686e-01 -6.845471e-01 8.260080e-17
    outer loop
      vertex   1.213525e-02 8.816779e-03 0.000000e+00
      vertex   9.561360e-03 1.155770e-02 3.000000e-02
      vertex   9.561360e-03 1.155770e-02 0.000000e+00
    endloop
  endfacet
  facet normal -5.358268e-01 -8.443279e-01 6.196742e-17
    outer loop
      vertex   9.561360e-03 1.155770e-02 0.000000e+00
      vertex   9.561360e-03 1.155770e-02 3.000000e-02
      vertex   6.386689e-03 1.357241e-02 3.000000e-02
    endloop
  endfacet
  facet normal -5.358268e-01 -8.443279e-01 1.501833e-17
    outer loop
      vertex   9.561360e-03 1.155770e-02 0.000000e+00
      vertex   6.386689e-03 1.357241e-02 3.000000e-02
      vertex   6.386689e-03 1.357241e-02 0.000000e+00
    endloop
  endfacet
  facet normal -3.090170e-01 -9.510565e-01 -7.563883e-17
    outer loop
      vertex   6.386689e-03 1.357241e-02 0.000000e+00
      vertex   6.386689e-03 1.357241e-02 3.000000e-02
      vertex   2.810720e-03 1.473431e-02 3.000000e-02
    endloop
  endfacet
  facet normal -3.090170e-01 -9.510565e-01 -2.252749e-17
    outer loop
      vertex   6.386689e-03 1.357241e-02 0.000000e+00
      vertex   2.810720e-03 1.473431e-02 3.000000e-02
      vertex   2.810720e-03 1.473431e-02 0.000000e+00
    endloop
  endfacet
  facet normal -6.279052e-02 -9.980267e-01 -5.135610e-17
    outer loop
      vertex   2.810720e-03 1.473431e-02 0.000000e+00
      vertex   2.810720e-03 1.473431e-02 3.000000e-02
      vertex   -9.418578e-04 1.497040e-02 3.000000e-02
    endloop
  endfacet
  facet normal -6.279052e-02 -9.980267e-01 1.314104e-17
    outer loop
      vertex   2.810720e-03 1.473431e-02 0.000000e+00
      vertex   -9.418578e-04 1.497040e-02 3.000000e-02
      vertex   -9.418578e-04 1.497040e-02 0.000000e+00
    endloop
  endfacet
  facet normal 1.873813e-01 -9.822873e-01 -3.860025e-17
    outer loop
      vertex   -9.418578e-04 1.497040e-02 0.000000e+00
      vertex   -9.418578e-04 1.497040e-02 3.000000e-02
      vertex   -4.635255e-03 1.426585e-02 3.000000e-02
    endloop
  endfacet
  facet normal 1.873813e-01 -9.822873e-01 -3.754582e-17
    outer loop
      vertex   -9.418578e-04 1.497040e-02 0.000000e+00
      vertex   -4.635255e-03 1.426585e-02 3.000000e-02
      vertex   -4.635255e-03 1.426585e-02 0.000000e+00
    endloop
  endfacet
  facet normal 4.257793e-01 -9.048271e-01 -3.080202e-18
    outer loop
      vertex   -4.635255e-03 1.426585e-02 0.000000e+00
      vertex   -4.635255e-03 1.426585e-02 3.000000e-02
      vertex   -8.037402e-03 1.266492e-02 3.000000e-02
    endloop
  endfacet
  facet normal 4.257793e-01 -9.048271e-01 -4.505498e-17
    outer loop
      vertex   -4.635255e-03 1.426585e-02 0.000000e+00
      vertex   -8.037402e-03 1.266492e-02 3.000000e-02
      vertex   -8.037402e-03 1.266492e-02 0.000000e+00
    endloop
  endfacet
  facet normal 6.374240e-01 -7.705132e-01 -7.371696e-17
    outer loop
      vertex   -8.037402e-03 1.266492e-02 0.000000e+00
      vertex   -8.037402e-03 1.266492e-02 3.000000e-02
      vertex   -1.093453e-02 1.026821e-02 3.000000e-02
    endloop
  endfacet
  facet normal 6.374240e-01 -7.705132e-01 3.003665e-17
    outer loop
      vertex   -8.037402e-03 1.266492e-02 0.000000e+00
      vertex   -1.093453e-02 1.026821e-02 3.000000e-02
      vertex   -1.093453e-02 1.026821e-02 0.000000e+00
    endloop
  endfacet
  facet normal 8.090170e-01 -5.877853e-01 -5.117012e-17
    outer loop
      vertex   -1.093453e-02 1.026821e-02 0.000000e+00
      vertex   -1.093453e-02 1.026821e-02 3.000000e-02
      vertex   -1.314460e-02 7.226305e-03 3.000000e-02
    endloop
  endfacet
  facet normal 8.090170e-01 -5.877853e-01 0.000000e+00
    outer loop
      vertex   -1.093453e-02 1.026821e-02 0.000000e+00
      vertex   -1.314460e-02 7.226305e-03 3.000000e-02
      vertex   -1.314460e-02 7.226305e-03 0.000000e+00
    endloop
  endfacet
  facet normal 9.297765e-01 -3.681246e-01 0.000000e+00
    outer loop
      vertex   -1.314460e-02 7.226305e-03 0.000000e+00
      vertex   -1.314460e-02 7.226305e-03 3.000000e-02
      vertex   -1.452875e-02 3.730348e-03 3.000000e-02
    endloop
  endfacet
  facet normal 9.297765e-01 -3.681246e-01 0.000000e+00
    outer loop
      vertex   -1.314460e-02 7.226305e-03 0.000000e+00
      vertex   -1.452875e-02 3.730348e-03 3.000000e-02
      vertex   -1.452875e-02 3.730348e-03 0.000000e+00
    endloop
  endfacet
  facet normal 9.921147e-01 -1.253332e-01 -3.924995e-17
    outer loop
      vertex   -1.452875e-02 3.730348e-03 0.000000e+00
      vertex   -1.452875e-02 3.730348e-03 3.000000e-02
      vertex   -1.500000e-02 0.000000e+00 3.000000e-02
    endloop
  endfacet
  facet normal 0.000000e+00 0.000000e+00 -1.000000e+00
    outer loop
      vertex   -1.452875e-02 -3.730348e-03 3.000000e-02
      vertex   -1.500000e-02 0.000000e+00 3.000000e-02
      vertex   6.386689e-03 -1.357241e-02 3.000000e-02
    endloop
  endfacet
  facet normal 0.000000e+00 0.000000e+00 -1.000000e+00
    outer loop
      vertex   6.386689e-03 -1.357241e-02 3.000000e-02
      vertex   -1.500000e-02 0.000000e+00 3.000000e-02
      vertex   -1.452875e-02 3.730348e-03 3.000000e-02
    endloop
  endfacet
  facet normal 0.000000e+00 0.000000e+00 -1.000000e+00
    outer loop
      vertex   6.386689e-03 -1.357241e-02 3.000000e-02
      vertex   -1.452875e-02 3.730348e-03 3.000000e-02
      vertex   -1.314460e-02 7.226305e-03 3.000000e-02
    endloop
  endfacet
  facet normal 0.000000e+00 0.000000e+00 -1.000000e+00
    outer loop
      vertex   -1.314460e-02 7.226305e-03 3.000000e-02
      vertex   -1.093453e-02 1.026821e-02 3.000000e-02
      vertex   6.386689e-03 -1.357241e-02 3.000000e-02
    endloop
  endfacet
  facet normal 0.000000e+00 0.000000e+00 -1.000000e+00
    outer loop
      vertex   6.386689e-03 -1.357241e-02 3.000000e-02
      vertex   -1.093453e-02 1.026821e-02 3.000000e-02
      vertex   -8.037402e-03 1.266492e-02 3.000000e-02
    endloop
  endfacet
  facet normal 0.000000e+00 0.000000e+00 -1.000000e+00
    outer loop
      vertex   6.386689e-03 -1.357241e-02 3.000000e-02
      vertex   -8.037402e-03 1.266492e-02 3.000000e-02
      vertex   -4.635255e-03 1.426585e-02 3.000000e-02
    endloop
  endfacet
  facet normal 0.000000e+00 0.000000e+00 -1.000000e+00
    outer loop
      vertex   -4.635255e-03 1.426585e-02 3.000000e-02
      vertex   -9.418578e-04 1.497040e-02 3.000000e-02
      vertex   6.386689e-03 -1.357241e-02 3.000000e-02
    endloop
  endfacet
  facet normal 0.000000e+00 0.000000e+00 -1.000000e+00
    outer loop
      vertex   6.386689e-03 -1.357241e-02 3.000000e-02
      vertex   -9.418578e-04 1.497040e-02 3.000000e-02
      vertex   2.810720e-03 1.473431e-02 3.000000e-02
    endloop
  endfacet
  facet normal 0.000000e+00 0.000000e+00 -1.000000e+00
    outer loop
      vertex   6.386689e-03 -1.357241e-02 3.000000e-02
      vertex   2.810720e-03 1.473431e-02 3.000000e-02
      vertex   6.386689e-03 1.357241e-02 3.000000e-02
    endloop
  endfacet
  facet normal 0.000000e+00 0.000000e+00 -1.000000e+00
    outer loop
      vertex   6.386689e-03 -1.357241e-02 3.000000e-02
      vertex   6.386689e-03 1.357241e-02 3.000000e-02
      vertex   9.561360e-03 -1.155770e-02 3.000000e-02
    endloop
  endfacet
  facet normal 0.000000e+00 0.000000e+00 -1.000000e+00
    outer loop
      vertex   9.561360e-03 -1.155770e-02 3.000000e-02
      vertex   6.386689e-03 1.357241e-02 3.000000e-02
      vertex   9.561360e-03 1.155770e-02 3.000000e-02
    endloop
  endfacet
  facet normal 0.000000e+00 0.000000e+00 -1.000000e+00
    outer loop
      vertex   9.561360e-03 -1.155770e-02 3.000000e-02
      vertex   9.561360e-03 1.155770e-02 3.000000e-02
      vertex   1.213525e-02 -8.816779e-03 3.000000e-02
    endloop
  endfacet
  facet normal 0.000000e+00 0.000000e+00 -1.000000e+00
    outer loop
      vertex   1.213525e-02 -8.816779e-03 3.000000e-02
      vertex   9.561360e-03 1.155770e-02 3.000000e-02
      vertex   1.213525e-02 8.816779e-03 3.000000e-02
    endloop
  endfacet
  facet normal 0.000000e+00 0.000000e+00 -1.000000e+00
    outer loop
      vertex   1.213525e-02 -8.816779e-03 3.000000e-02
      vertex   1.213525e-02 8.816779e-03 3.000000e-02
      vertex   1.394665e-02 -5.521868e-03 3.000000e-02
    endloop
  endfacet
  facet normal 0.000000e+00 0.000000e+00 -1.000000e+00
    outer loop
      vertex   1.394665e-02 -5.521868e-03 3.000000e-02
      vertex   1.213525e-02 8.816779e-03 3.000000e-02
      vertex   1.394665e-02 5.521868e-03 3.000000e-02
    endloop
  endfacet
  facet normal 0.000000e+00 0.000000e+00 -1.000000e+00
    outer loop
      vertex   1.394665e-02 -5.521868e-03 3.000000e-02
      vertex   1.394665e-02 5.521868e-03 3.000000e-02
      vertex   1.488172e-02 -1.879999e-03 3.000000e-02
    endloop
  endfacet
  facet normal 0.000000e+00 0.000000e+00 -1.000000e+00
    outer loop
      vertex   1.488172e-02 -1.879999e-03 3.000000e-02
      vertex   1.394665e-02 5.521868e-03 3.000000e-02
      vertex   1.488172e-02 1.879999e-03 3.000000e-02
    endloop
  endfacet
  facet normal 0.000000e+00 0.000000e+00 -1.000000e+00
    outer loop
      vertex   2.810720e-03 -1.473431e-02 3.000000e-02
      vertex   -4.635255e-03 -1.426585e-02 3.000000e-02
      vertex   6.386689e-03 -1.357241e-02 3.000000e-02
    endloop
  endfacet
  facet normal -0.000000e+00 0.000000e+00 -1.000000e+00
    outer loop
      vertex   6.386689e-03 -1.357241e-02 3.000000e-02
      vertex   -4.635255e-03 -1.426585e-02 3.000000e-02
      vertex   -8.037402e-03 -1.266492e-02 3.000000e-02
    endloop
  endfacet
  facet normal 0.000000e+00 0.000000e+00 -1.000000e+00
    outer loop
      vertex   6.386689e-03 -1.357241e-02 3.000000e-02
      vertex   -8.037402e-03 -1.266492e-02 3.000000e-02
      vertex   -1.093453e-02 -1.026821e-02 3.000000e-02
    endloop
  endfacet
  facet normal -0.000000e+00 0.000000e+00 -1.000000e+00
    outer loop
      vertex   2.810720e-03 -1.473431e-02 3.000000e-02
      vertex   -9.418578e-04 -1.497040e-02 3.000000e-02
      vertex   -4.635255e-03 -1.426585e-02 3.000000e-02
    endloop
  endfacet
  facet normal 0.000000e+00 0.000000e+00 -1.000000e+00
    outer loop
      vertex   -1.093453e-02 -1.026821e-02 3.000000e-02
      vertex   -1.314460e-02 -7.226305e-03 3.000000e-02
      vertex   6.386689e-03 -1.357241e-02 3.000000e-02
    endloop
  endfacet
  facet normal 0.000000e+00 0.000000e+00 -1.000000e+00
    outer loop
      vertex   6.386689e-03 -1.357241e-02 3.000000e-02
      vertex   -1.314460e-02 -7.226305e-03 3.000000e-02
      vertex   -1.452875e-02 -3.730348e-03 3.000000e-02
    endloop
  endfacet
  facet normal 9.850275e-01 -1.539837e-01 7.752334e-02
    outer loop
      vertex   3.703831e-02 -4.250000e-02 2.058663e-01
      vertex   3.684876e-02 -4.441342e-02 2.044742e-01
      vertex   3.750000e-02 -4.250000e-02 2.000000e-01
    endloop
  endfacet
  facet normal 9.702790e-01 -2.388092e-01 3.910091e-02
    outer loop
      vertex   3.750000e-02 -4.250000e-02 2.000000e-01
      vertex   3.684876e-02 -4.441342e-02 2.044742e-01
      vertex   3.708929e-02 -4.441342e-02 1.985054e-01
    endloop
  endfacet
  facet normal 9.854946e-01 -1.509466e-01 -7.756011e-02
    outer loop
      vertex   3.750000e-02 -4.250000e-02 2.000000e-01
      vertex   3.708929e-02 -4.441342e-02 1.985054e-01
      vertex   3.703831e-02 -4.250000e-02 1.941337e-01
    endloop
  endfacet
  facet normal 9.633079e-01 -2.415713e-01 -1.169668e-01
    outer loop
      vertex   3.703831e-02 -4.250000e-02 1.941337e-01
      vertex   3.708929e-02 -4.441342e-02 1.985054e-01
      vertex   3.636924e-02 -4.441342e-02 1.925752e-01
    endloop
  endfacet
  facet normal 9.616311e-01 -1.482094e-01 -2.308672e-01
    outer loop
      vertex   3.703831e-02 -4.250000e-02 1.941337e-01
      vertex   3.636924e-02 -4.441342e-02 1.925752e-01
      vertex   3.566462e-02 -4.250000e-02 1.884119e-01
    endloop
  endfacet
  facet normal 9.314775e-01 -2.440378e-01 -2.698058e-01
    outer loop
      vertex   3.566462e-02 -4.250000e-02 1.884119e-01
      vertex   3.636924e-02 -4.441342e-02 1.925752e-01
      vertex   3.470724e-02 -4.441342e-02 1.868373e-01
    endloop
  endfacet
  facet normal 9.140107e-01 -1.457733e-01 -3.785956e-01
    outer loop
      vertex   3.566462e-02 -4.250000e-02 1.884119e-01
      vertex   3.470724e-02 -4.441342e-02 1.868373e-01
      vertex   3.341274e-02 -4.250000e-02 1.829754e-01
    endloop
  endfacet
  facet normal 8.756390e-01 -2.462103e-01 -4.154959e-01
    outer loop
      vertex   3.341274e-02 -4.250000e-02 1.829754e-01
      vertex   3.470724e-02 -4.441342e-02 1.868373e-01
      vertex   3.214634e-02 -4.441342e-02 1.814403e-01
    endloop
  endfacet
  facet normal 8.437984e-01 -1.436395e-01 -5.170803e-01
    outer loop
      vertex   3.341274e-02 -4.250000e-02 1.829754e-01
      vertex   3.214634e-02 -4.441342e-02 1.814403e-01
      vertex   3.033814e-02 -4.250000e-02 1.779581e-01
    endloop
  endfacet
  facet normal 7.972549e-01 -2.480902e-01 -5.503053e-01
    outer loop
      vertex   3.033814e-02 -4.250000e-02 1.779581e-01
      vertex   3.214634e-02 -4.441342e-02 1.814403e-01
      vertex   2.875287e-02 -4.441342e-02 1.765240e-01
    endloop
  endfacet
  facet normal 7.527213e-01 -1.418089e-01 -6.428848e-01
    outer loop
      vertex   3.033814e-02 -4.250000e-02 1.779581e-01
      vertex   2.875287e-02 -4.441342e-02 1.765240e-01
      vertex   2.651650e-02 -4.250000e-02 1.734835e-01
    endloop
  endfacet
  facet normal 6.983610e-01 -2.496788e-01 -6.707849e-01
    outer loop
      vertex   2.651650e-02 -4.250000e-02 1.734835e-01
      vertex   2.875287e-02 -4.441342e-02 1.765240e-01
      vertex   2.461471e-02 -4.441342e-02 1.722157e-01
    endloop
  endfacet
  facet normal 6.430260e-01 -1.402822e-01 -7.528867e-01
    outer loop
      vertex   2.651650e-02 -4.250000e-02 1.734835e-01
      vertex   2.461471e-02 -4.441342e-02 1.722157e-01
      vertex   2.204195e-02 -4.250000e-02 1.696619e-01
    endloop
  endfacet
  facet normal 5.815143e-01 -2.509771e-01 -7.738550e-01
    outer loop
      vertex   2.204195e-02 -4.250000e-02 1.696619e-01
      vertex   2.461471e-02 -4.441342e-02 1.722157e-01
      vertex   1.983905e-02 -4.441342e-02 1.686271e-01
    endloop
  endfacet
  facet normal 5.174219e-01 -1.390601e-01 -8.443559e-01
    outer loop
      vertex   2.204195e-02 -4.250000e-02 1.696619e-01
      vertex   1.983905e-02 -4.441342e-02 1.686271e-01
      vertex   1.702464e-02 -4.250000e-02 1.665873e-01
    endloop
  endfacet
  facet normal 4.497270e-01 -2.519859e-01 -8.568832e-01
    outer loop
      vertex   1.702464e-02 -4.250000e-02 1.665873e-01
      vertex   1.983905e-02 -4.441342e-02 1.686271e-01
      vertex   1.454956e-02 -4.441342e-02 1.658509e-01
    endloop
  endfacet
  facet normal 3.790144e-01 -1.381430e-01 -9.150216e-01
    outer loop
      vertex   1.702464e-02 -4.250000e-02 1.665873e-01
      vertex   1.454956e-02 -4.441342e-02 1.658509e-01
      vertex   1.158814e-02 -4.250000e-02 1.643354e-01
    endloop
  endfacet
  facet normal 3.063899e-01 -2.527060e-01 -9.177499e-01
    outer loop
      vertex   1.158814e-02 -4.250000e-02 1.643354e-01
      vertex   1.454956e-02 -4.441342e-02 1.658509e-01
      vertex   8.883253e-03 -4.441342e-02 1.639592e-01
    endloop
  endfacet
  facet normal 2.312270e-01 -1.375315e-01 -9.631299e-01
    outer loop
      vertex   1.158814e-02 -4.250000e-02 1.643354e-01
      vertex   8.883253e-03 -4.441342e-02 1.639592e-01
      vertex   5.866292e-03 -4.250000e-02 1.629617e-01
    endloop
  endfacet
  facet normal 1.551867e-01 -2.531379e-01 -9.549022e-01
    outer loop
      vertex   5.866292e-03 -4.250000e-02 1.629617e-01
      vertex   8.883253e-03 -4.441342e-02 1.639592e-01
      vertex   2.986871e-03 -4.441342e-02 1.630010e-01
    endloop
  endfacet
  facet normal 7.771686e-02 -1.372257e-01 -9.874863e-01
    outer loop
      vertex   5.866292e-03 -4.250000e-02 1.629617e-01
      vertex   2.986871e-03 -4.441342e-02 1.630010e-01
      vertex   -6.737105e-18 -4.250000e-02 1.625000e-01
    endloop
  endfacet
  facet normal 0.000000e+00 -2.532818e-01 -9.673925e-01
    outer loop
      vertex   -6.737105e-18 -4.250000e-02 1.625000e-01
      vertex   2.986871e-03 -4.441342e-02 1.630010e-01
      vertex   -2.986871e-03 -4.441342e-02 1.630010e-01
    endloop
  endfacet
  facet normal -7.771686e-02 -1.372257e-01 -9.874863e-01
    outer loop
      vertex   -6.737105e-18 -4.250000e-02 1.625000e-01
      vertex   -2.986871e-03 -4.441342e-02 1.630010e-01
      vertex   -5.866292e-03 -4.250000e-02 1.629617e-01
    endloop
  endfacet
  facet normal -1.551867e-01 -2.531379e-01 -9.549022e-01
    outer loop
      vertex   -5.866292e-03 -4.250000e-02 1.629617e-01
      vertex   -2.986871e-03 -4.441342e-02 1.630010e-01
      vertex   -8.883253e-03 -4.441342e-02 1.639592e-01
    endloop
  endfacet
  facet normal -2.312270e-01 -1.375315e-01 -9.631299e-01
    outer loop
      vertex   -5.866292e-03 -4.250000e-02 1.629617e-01
      vertex   -8.883253e-03 -4.441342e-02 1.639592e-01
      vertex   -1.158814e-02 -4.250000e-02 1.643354e-01
    endloop
  endfacet
  facet normal -3.063899e-01 -2.527060e-01 -9.177499e-01
    outer loop
      vertex   -1.158814e-02 -4.250000e-02 1.643354e-01
      vertex   -8.883253e-03 -4.441342e-02 1.639592e-01
      vertex   -1.454956e-02 -4.441342e-02 1.658509e-01
    endloop
  endfacet
  facet normal -3.790144e-01 -1.381430e-01 -9.150216e-01
    outer loop
      vertex   -1.158814e-02 -4.250000e-02 1.643354e-01
      vertex   -1.454956e-02 -4.441342e-02 1.658509e-01
      vertex   -1.702464e-02 -4.250000e-02 1.665873e-01
    endloop
  endfacet
  facet normal -4.497270e-01 -2.519859e-01 -8.568832e-01
    outer loop
      vertex   -1.702464e-02 -4.250000e-02 1.665873e-01
      vertex   -1.454956e-02 -4.441342e-02 1.658509e-01
      vertex   -1.983905e-02 -4.441342e-02 1.686271e-01
    endloop
  endfacet
  facet normal -5.174219e-01 -1.390601e-01 -8.443559e-01
    outer loop
      vertex   -1.702464e-02 -4.250000e-02 1.665873e-01
      vertex   -1.983905e-02 -4.441342e-02 1.686271e-01
      vertex   -2.204195e-02 -4.250000e-02 1.696619e-01
    endloop
  endfacet
  facet normal -5.815143e-01 -2.509771e-01 -7.738550e-01
    outer loop
      vertex   -2.204195e-02 -4.250000e-02 1.696619e-01
      vertex   -1.983905e-02 -4.441342e-02 1.686271e-01
      vertex   -2.461471e-02 -4.441342e-02 1.722157e-01
    endloop
  endfacet
  facet normal -6.430260e-01 -1.402822e-01 -7.528867e-01
    outer loop
      vertex   -2.204195e-02 -4.250000e-02 1.696619e-01
      vertex   -2.461471e-02 -4.441342e-02 1.722157e-01
      vertex   -2.651650e-02 -4.250000e-02 1.734835e-01
    endloop
  endfacet
  facet normal -6.983610e-01 -2.496788e-01 -6.707849e-01
    outer loop
      vertex   -2.651650e-02 -4.250000e-02 1.734835e-01
      vertex   -2.461471e-02 -4.441342e-02 1.722157e-01
      vertex   -2.875287e-02 -4.441342e-02 1.765240e-01
    endloop
  endfacet
  facet normal -7.527213e-01 -1.418089e-01 -6.428848e-01
    outer loop
      vertex   -2.651650e-02 -4.250000e-02 1.734835e-01
      vertex   -2.875287e-02 -4.441342e-02 1.765240e-01
      vertex   -3.033814e-02 -4.250000e-02 1.779581e-01
    endloop
  endfacet
  facet normal -7.972549e-01 -2.480902e-01 -5.503053e-01
    outer loop
      vertex   -3.033814e-02 -4.250000e-02 1.779581e-01
      vertex   -2.875287e-02 -4.441342e-02 1.765240e-01
      vertex   -3.214634e-02 -4.441342e-02 1.814403e-01
    endloop
  endfacet
  facet normal -8.437984e-01 -1.436395e-01 -5.170803e-01
    outer loop
      vertex   -3.033814e-02 -4.250000e-02 1.779581e-01
      vertex   -3.214634e-02 -4.441342e-02 1.814403e-01
      vertex   -3.341274e-02 -4.250000e-02 1.829754e-01
    endloop
  endfacet
  facet normal -8.756390e-01 -2.462103e-01 -4.154959e-01
    outer loop
      vertex   -3.341274e-02 -4.250000e-02 1.829754e-01
      vertex   -3.214634e-02 -4.441342e-02 1.814403e-01
      vertex   -3.470724e-02 -4.441342e-02 1.868373e-01
    endloop
  endfacet
  facet normal -9.140107e-01 -1.457733e-01 -3.785956e-01
    outer loop
      vertex   -3.341274e-02 -4.250000e-02 1.829754e-01
      vertex   -3.470724e-02 -4.441342e-02 1.868373e-01
      vertex   -3.566462e-02 -4.250000e-02 1.884119e-01
    endloop
  endfacet
  facet normal -9.314775e-01 -2.440378e-01 -2.698058e-01
    outer loop
      vertex   -3.566462e-02 -4.250000e-02 1.884119e-01
      vertex   -3.470724e-02 -4.441342e-02 1.868373e-01
      vertex   -3.636924e-02 -4.441342e-02 1.925752e-01
    endloop
  endfacet
  facet normal -9.616311e-01 -1.482094e-01 -2.308672e-01
    outer loop
      vertex   -3.566462e-02 -4.250000e-02 1.884119e-01
      vertex   -3.636924e-02 -4.441342e-02 1.925752e-01
      vertex   -3.703831e-02 -4.250000e-02 1.941337e-01
    endloop
  endfacet
  facet normal -9.633079e-01 -2.415713e-01 -1.169668e-01
    outer loop
      vertex   -3.703831e-02 -4.250000e-02 1.941337e-01
      vertex   -3.636924e-02 -4.441342e-02 1.925752e-01
      vertex   -3.708929e-02 -4.441342e-02 1.985054e-01
    endloop
  endfacet
  facet normal -9.854946e-01 -1.509466e-01 -7.756011e-02
    outer loop
      vertex   -3.703831e-02 -4.250000e-02 1.941337e-01
      vertex   -3.708929e-02 -4.441342e-02 1.985054e-01
      vertex   -3.750000e-02 -4.250000e-02 2.000000e-01
    endloop
  endfacet
  facet normal -9.702790e-01 -2.388092e-01 3.910091e-02
    outer loop
      vertex   -3.750000e-02 -4.250000e-02 2.000000e-01
      vertex   -3.708929e-02 -4.441342e-02 1.985054e-01
      vertex   -3.684876e-02 -4.441342e-02 2.044742e-01
    endloop
  endfacet
  facet normal -9.850275e-01 -1.539837e-01 7.752334e-02
    outer loop
      vertex   -3.750000e-02 -4.250000e-02 2.000000e-01
      vertex   -3.684876e-02 -4.441342e-02 2.044742e-01
      vertex   -3.703831e-02 -4.250000e-02 2.058663e-01
    endloop
  endfacet
  facet normal -9.521741e-01 -2.357498e-01 1.943877e-01
    outer loop
      vertex   -3.703831e-02 -4.250000e-02 2.058663e-01
      vertex   -3.684876e-02 -4.441342e-02 2.044742e-01
      vertex   -3.565385e-02 -4.441342e-02 2.103273e-01
    endloop
  endfacet
  facet normal -9.602618e-01 -1.573193e-01 2.305385e-01
    outer loop
      vertex   -3.703831e-02 -4.250000e-02 2.058663e-01
      vertex   -3.565385e-02 -4.441342e-02 2.103273e-01
      vertex   -3.566462e-02 -4.250000e-02 2.115881e-01
    endloop
  endfacet
  facet normal -9.094178e-01 -2.323911e-01 3.448967e-01
    outer loop
      vertex   -3.566462e-02 -4.250000e-02 2.115881e-01
      vertex   -3.565385e-02 -4.441342e-02 2.103273e-01
      vertex   -3.353554e-02 -4.441342e-02 2.159128e-01
    endloop
  endfacet
  facet normal -9.118342e-01 -1.609518e-01 3.776941e-01
    outer loop
      vertex   -3.566462e-02 -4.250000e-02 2.115881e-01
      vertex   -3.353554e-02 -4.441342e-02 2.159128e-01
      vertex   -3.341274e-02 -4.250000e-02 2.170246e-01
    endloop
  endfacet
  facet normal -8.430667e-01 -2.287312e-01 4.867448e-01
    outer loop
      vertex   -3.341274e-02 -4.250000e-02 2.170246e-01
      vertex   -3.353554e-02 -4.441342e-02 2.159128e-01
      vertex   -3.054867e-02 -4.441342e-02 2.210862e-01
    endloop
  endfacet
  facet normal -8.409707e-01 -1.648793e-01 5.153475e-01
    outer loop
      vertex   -3.341274e-02 -4.250000e-02 2.170246e-01
      vertex   -3.054867e-02 -4.441342e-02 2.210862e-01
      vertex   -3.033814e-02 -4.250000e-02 2.220419e-01
    endloop
  endfacet
  facet normal -7.548788e-01 -2.247104e-01 6.161683e-01
    outer loop
      vertex   -3.033814e-02 -4.250000e-02 2.220419e-01
      vertex   -3.054867e-02 -4.441342e-02 2.210862e-01
      vertex   -2.677760e-02 -4.441342e-02 2.257062e-01
    endloop
  endfacet
  facet normal -7.494937e-01 -1.688056e-01 6.401281e-01
    outer loop
      vertex   -3.033814e-02 -4.250000e-02 2.220419e-01
      vertex   -2.677760e-02 -4.441342e-02 2.257062e-01
      vertex   -2.651650e-02 -4.250000e-02 2.265165e-01
    endloop
  endfacet
  facet normal -6.468487e-01 -2.208452e-01 7.299412e-01
    outer loop
      vertex   -2.651650e-02 -4.250000e-02 2.265165e-01
      vertex   -2.677760e-02 -4.441342e-02 2.257062e-01
      vertex   -2.229919e-02 -4.441342e-02 2.296748e-01
    endloop
  endfacet
  facet normal -6.395857e-01 -1.736113e-01 7.488586e-01
    outer loop
      vertex   -2.651650e-02 -4.250000e-02 2.265165e-01
      vertex   -2.229919e-02 -4.441342e-02 2.296748e-01
      vertex   -2.204195e-02 -4.250000e-02 2.303381e-01
    endloop
  endfacet
  facet normal -5.218582e-01 -2.159216e-01 8.252527e-01
    outer loop
      vertex   -2.204195e-02 -4.250000e-02 2.303381e-01
      vertex   -2.229919e-02 -4.441342e-02 2.296748e-01
      vertex   -1.725024e-02 -4.441342e-02 2.328676e-01
    endloop
  endfacet
  facet normal -5.141156e-01 -1.784111e-01 8.389604e-01
    outer loop
      vertex   -2.204195e-02 -4.250000e-02 2.303381e-01
      vertex   -1.725024e-02 -4.441342e-02 2.328676e-01
      vertex   -1.702464e-02 -4.250000e-02 2.334127e-01
    endloop
  endfacet
  facet normal -3.831390e-01 -2.110338e-01 8.992604e-01
    outer loop
      vertex   -1.702464e-02 -4.250000e-02 2.334127e-01
      vertex   -1.725024e-02 -4.441342e-02 2.328676e-01
      vertex   -1.175453e-02 -4.441342e-02 2.352091e-01
    endloop
  endfacet
  facet normal -3.761856e-01 -1.834964e-01 9.081924e-01
    outer loop
      vertex   -1.702464e-02 -4.250000e-02 2.334127e-01
      vertex   -1.175453e-02 -4.441342e-02 2.352091e-01
      vertex   -1.158814e-02 -4.250000e-02 2.356646e-01
    endloop
  endfacet
  facet normal -2.341912e-01 -2.058330e-01 9.501512e-01
    outer loop
      vertex   -1.158814e-02 -4.250000e-02 2.356646e-01
      vertex   -1.175453e-02 -4.441342e-02 2.352091e-01
      vertex   -5.954370e-03 -4.441342e-02 2.366387e-01
    endloop
  endfacet
  facet normal -2.292441e-01 -1.888644e-01 9.548703e-01
    outer loop
      vertex   -1.158814e-02 -4.250000e-02 2.356646e-01
      vertex   -5.954370e-03 -4.441342e-02 2.366387e-01
      vertex   -5.866292e-03 -4.250000e-02 2.370383e-01
    endloop
  endfacet
  facet normal -7.883561e-02 -2.003165e-01 9.765543e-01
    outer loop
      vertex   -5.866292e-03 -4.250000e-02 2.370383e-01
      vertex   -5.954370e-03 -4.441342e-02 2.366387e-01
      vertex   1.049231e-19 -4.441342e-02 2.371194e-01
    endloop
  endfacet
  facet normal -7.696054e-02 -1.945117e-01 9.778764e-01
    outer loop
      vertex   -5.866292e-03 -4.250000e-02 2.370383e-01
      vertex   1.049231e-19 -4.441342e-02 2.371194e-01
      vertex   -6.737105e-18 -4.250000e-02 2.375000e-01
    endloop
  endfacet
  facet normal 7.696054e-02 -1.945117e-01 9.778764e-01
    outer loop
      vertex   -6.737105e-18 -4.250000e-02 2.375000e-01
      vertex   1.049231e-19 -4.441342e-02 2.371194e-01
      vertex   5.866292e-03 -4.250000e-02 2.370383e-01
    endloop
  endfacet
  facet normal 7.883561e-02 -2.003165e-01 9.765543e-01
    outer loop
      vertex   5.866292e-03 -4.250000e-02 2.370383e-01
      vertex   1.049231e-19 -4.441342e-02 2.371194e-01
      vertex   5.954370e-03 -4.441342e-02 2.366387e-01
    endloop
  endfacet
  facet normal 2.292441e-01 -1.888644e-01 9.548703e-01
    outer loop
      vertex   5.866292e-03 -4.250000e-02 2.370383e-01
      vertex   5.954370e-03 -4.441342e-02 2.366387e-01
      vertex   1.158814e-02 -4.250000e-02 2.356646e-01
    endloop
  endfacet
  facet normal 2.341912e-01 -2.058330e-01 9.501512e-01
    outer loop
      vertex   1.158814e-02 -4.250000e-02 2.356646e-01
      vertex   5.954370e-03 -4.441342e-02 2.366387e-01
      vertex   1.175453e-02 -4.441342e-02 2.352091e-01
    endloop
  endfacet
  facet normal 3.761856e-01 -1.834964e-01 9.081924e-01
    outer loop
      vertex   1.158814e-02 -4.250000e-02 2.356646e-01
      vertex   1.175453e-02 -4.441342e-02 2.352091e-01
      vertex   1.702464e-02 -4.250000e-02 2.334127e-01
    endloop
  endfacet
  facet normal 3.831390e-01 -2.110338e-01 8.992604e-01
    outer loop
      vertex   1.702464e-02 -4.250000e-02 2.334127e-01
      vertex   1.175453e-02 -4.441342e-02 2.352091e-01
      vertex   1.725024e-02 -4.441342e-02 2.328676e-01
    endloop
  endfacet
  facet normal 5.141156e-01 -1.784111e-01 8.389604e-01
    outer loop
      vertex   1.702464e-02 -4.250000e-02 2.334127e-01
      vertex   1.725024e-02 -4.441342e-02 2.328676e-01
      vertex   2.204195e-02 -4.250000e-02 2.303381e-01
    endloop
  endfacet
  facet normal 5.218582e-01 -2.159216e-01 8.252527e-01
    outer loop
      vertex   2.204195e-02 -4.250000e-02 2.303381e-01
      vertex   1.725024e-02 -4.441342e-02 2.328676e-01
      vertex   2.229919e-02 -4.441342e-02 2.296748e-01
    endloop
  endfacet
  facet normal 6.395857e-01 -1.736113e-01 7.488586e-01
    outer loop
      vertex   2.204195e-02 -4.250000e-02 2.303381e-01
      vertex   2.229919e-02 -4.441342e-02 2.296748e-01
      vertex   2.651650e-02 -4.250000e-02 2.265165e-01
    endloop
  endfacet
  facet normal 6.468014e-01 -2.204987e-01 7.300878e-01
    outer loop
      vertex   2.651650e-02 -4.250000e-02 2.265165e-01
      vertex   2.229919e-02 -4.441342e-02 2.296748e-01
      vertex   2.677060e-02 -4.441342e-02 2.257135e-01
    endloop
  endfacet
  facet normal 7.494553e-01 -1.690999e-01 6.400953e-01
    outer loop
      vertex   2.651650e-02 -4.250000e-02 2.265165e-01
      vertex   2.677060e-02 -4.441342e-02 2.257135e-01
      vertex   3.033814e-02 -4.250000e-02 2.220419e-01
    endloop
  endfacet
  facet normal 7.547846e-01 -2.247678e-01 6.162626e-01
    outer loop
      vertex   3.033814e-02 -4.250000e-02 2.220419e-01
      vertex   2.677060e-02 -4.441342e-02 2.257135e-01
      vertex   3.054867e-02 -4.441342e-02 2.210862e-01
    endloop
  endfacet
  facet normal 8.409707e-01 -1.648793e-01 5.153475e-01
    outer loop
      vertex   3.033814e-02 -4.250000e-02 2.220419e-01
      vertex   3.054867e-02 -4.441342e-02 2.210862e-01
      vertex   3.341274e-02 -4.250000e-02 2.170246e-01
    endloop
  endfacet
  facet normal 8.430667e-01 -2.287312e-01 4.867448e-01
    outer loop
      vertex   3.341274e-02 -4.250000e-02 2.170246e-01
      vertex   3.054867e-02 -4.441342e-02 2.210862e-01
      vertex   3.353554e-02 -4.441342e-02 2.159128e-01
    endloop
  endfacet
  facet normal 9.118342e-01 -1.609518e-01 3.776941e-01
    outer loop
      vertex   3.341274e-02 -4.250000e-02 2.170246e-01
      vertex   3.353554e-02 -4.441342e-02 2.159128e-01
      vertex   3.566462e-02 -4.250000e-02 2.115881e-01
    endloop
  endfacet
  facet normal 9.094178e-01 -2.323911e-01 3.448967e-01
    outer loop
      vertex   3.566462e-02 -4.250000e-02 2.115881e-01
      vertex   3.353554e-02 -4.441342e-02 2.159128e-01
      vertex   3.565385e-02 -4.441342e-02 2.103273e-01
    endloop
  endfacet
  facet normal 9.602618e-01 -1.573193e-01 2.305385e-01
    outer loop
      vertex   3.566462e-02 -4.250000e-02 2.115881e-01
      vertex   3.565385e-02 -4.441342e-02 2.103273e-01
      vertex   3.703831e-02 -4.250000e-02 2.058663e-01
    endloop
  endfacet
  facet normal 9.521741e-01 -2.357498e-01 1.943877e-01
    outer loop
      vertex   3.703831e-02 -4.250000e-02 2.058663e-01
      vertex   3.565385e-02 -4.441342e-02 2.103273e-01
      vertex   3.684876e-02 -4.441342e-02 2.044742e-01
    endloop
  endfacet
  facet normal 1.866122e-01 -9.823053e-01 -1.588304e-02
    outer loop
      vertex   3.203252e-02 -4.750000e-02 1.945075e-01
      vertex   3.438551e-02 -4.711940e-02 1.986143e-01
      vertex   3.250000e-02 -4.750000e-02 2.000000e-01
    endloop
  endfacet
  facet normal 2.036509e-01 -9.790092e-01 8.206850e-03
    outer loop
      vertex   3.250000e-02 -4.750000e-02 2.000000e-01
      vertex   3.438551e-02 -4.711940e-02 1.986143e-01
      vertex   3.416250e-02 -4.711940e-02 2.041481e-01
    endloop
  endfacet
  facet normal 1.855299e-01 -9.825117e-01 1.579092e-02
    outer loop
      vertex   3.250000e-02 -4.750000e-02 2.000000e-01
      vertex   3.416250e-02 -4.711940e-02 2.041481e-01
      vertex   3.203252e-02 -4.750000e-02 2.054925e-01
    endloop
  endfacet
  facet normal 2.007670e-01 -9.787812e-01 4.098687e-02
    outer loop
      vertex   3.203252e-02 -4.750000e-02 2.054925e-01
      vertex   3.416250e-02 -4.711940e-02 2.041481e-01
      vertex   3.305471e-02 -4.711940e-02 2.095744e-01
    endloop
  endfacet
  facet normal 1.793769e-01 -9.826711e-01 4.670611e-02
    outer loop
      vertex   3.203252e-02 -4.750000e-02 2.054925e-01
      vertex   3.305471e-02 -4.711940e-02 2.095744e-01
      vertex   3.064352e-02 -4.750000e-02 2.108270e-01
    endloop
  endfacet
  facet normal 1.923730e-01 -9.786061e-01 7.295744e-02
    outer loop
      vertex   3.064352e-02 -4.750000e-02 2.108270e-01
      vertex   3.305471e-02 -4.711940e-02 2.095744e-01
      vertex   3.109082e-02 -4.711940e-02 2.147528e-01
    endloop
  endfacet
  facet normal 1.683514e-01 -9.827852e-01 7.609963e-02
    outer loop
      vertex   3.064352e-02 -4.750000e-02 2.108270e-01
      vertex   3.109082e-02 -4.711940e-02 2.147528e-01
      vertex   2.837296e-02 -4.750000e-02 2.158501e-01
    endloop
  endfacet
  facet normal 1.786736e-01 -9.784857e-01 1.031572e-01
    outer loop
      vertex   2.837296e-02 -4.750000e-02 2.158501e-01
      vertex   3.109082e-02 -4.711940e-02 2.147528e-01
      vertex   2.832169e-02 -4.711940e-02 2.195490e-01
    endloop
  endfacet
  facet normal 1.527598e-01 -9.828552e-01 1.032476e-01
    outer loop
      vertex   2.837296e-02 -4.750000e-02 2.158501e-01
      vertex   2.832169e-02 -4.711940e-02 2.195490e-01
      vertex   2.528616e-02 -4.750000e-02 2.204171e-01
    endloop
  endfacet
  facet normal 1.600476e-01 -9.784216e-01 1.306748e-01
    outer loop
      vertex   2.528616e-02 -4.750000e-02 2.204171e-01
      vertex   2.832169e-02 -4.711940e-02 2.195490e-01
      vertex   2.481904e-02 -4.711940e-02 2.238390e-01
    endloop
  endfacet
  facet normal 1.330103e-01 -9.828820e-01 1.274800e-01
    outer loop
      vertex   2.528616e-02 -4.750000e-02 2.204171e-01
      vertex   2.481904e-02 -4.711940e-02 2.238390e-01
      vertex   2.147193e-02 -4.750000e-02 2.243968e-01
    endloop
  endfacet
  facet normal 1.370357e-01 -9.784145e-01 1.546814e-01
    outer loop
      vertex   2.147193e-02 -4.750000e-02 2.243968e-01
      vertex   2.481904e-02 -4.711940e-02 2.238390e-01
      vertex   2.067359e-02 -4.711940e-02 2.275116e-01
    endloop
  endfacet
  facet normal 1.096039e-01 -9.828659e-01 1.481942e-01
    outer loop
      vertex   2.147193e-02 -4.750000e-02 2.243968e-01
      vertex   2.067359e-02 -4.711940e-02 2.275116e-01
      vertex   1.703999e-02 -4.750000e-02 2.276747e-01
    endloop
  endfacet
  facet normal 1.103221e-01 -9.784644e-01 1.744605e-01
    outer loop
      vertex   1.703999e-02 -4.750000e-02 2.276747e-01
      vertex   2.067359e-02 -4.711940e-02 2.275116e-01
      vertex   1.599271e-02 -4.711940e-02 2.304716e-01
    endloop
  endfacet
  facet normal 8.312435e-02 -9.828068e-01 1.648673e-01
    outer loop
      vertex   1.703999e-02 -4.750000e-02 2.276747e-01
      vertex   1.599271e-02 -4.711940e-02 2.304716e-01
      vertex   1.211784e-02 -4.750000e-02 2.301564e-01
    endloop
  endfacet
  facet normal 8.071011e-02 -9.785708e-01 1.894336e-01
    outer loop
      vertex   1.211784e-02 -4.750000e-02 2.301564e-01
      vertex   1.599271e-02 -4.711940e-02 2.304716e-01
      vertex   1.089763e-02 -4.711940e-02 2.326424e-01
    endloop
  endfacet
  facet normal 5.422620e-02 -9.827038e-01 1.770671e-01
    outer loop
      vertex   1.211784e-02 -4.750000e-02 2.301564e-01
      vertex   1.089763e-02 -4.711940e-02 2.326424e-01
      vertex   6.847076e-03 -4.750000e-02 2.317705e-01
    endloop
  endfacet
  facet normal 4.909348e-02 -9.787324e-01 1.991801e-01
    outer loop
      vertex   6.847076e-03 -4.750000e-02 2.317705e-01
      vertex   1.089763e-02 -4.711940e-02 2.326424e-01
      vertex   5.520300e-03 -4.711940e-02 2.339678e-01
    endloop
  endfacet
  facet normal 2.362118e-02 -9.825559e-01 1.844612e-01
    outer loop
      vertex   6.847076e-03 -4.750000e-02 2.317705e-01
      vertex   5.520300e-03 -4.711940e-02 2.339678e-01
      vertex   1.379339e-03 -4.750000e-02 2.324707e-01
    endloop
  endfacet
  facet normal 1.642426e-02 -9.789474e-01 2.034509e-01
    outer loop
      vertex   1.379339e-03 -4.750000e-02 2.324707e-01
      vertex   5.520300e-03 -4.711940e-02 2.339678e-01
      vertex   -8.655320e-18 -4.711940e-02 2.344134e-01
    endloop
  endfacet
  facet normal -7.936170e-03 -9.823614e-01 1.868236e-01
    outer loop
      vertex   1.379339e-03 -4.750000e-02 2.324707e-01
      vertex   -8.655320e-18 -4.711940e-02 2.344134e-01
      vertex   -4.128079e-03 -4.750000e-02 2.322368e-01
    endloop
  endfacet
  facet normal -1.632132e-02 -9.792132e-01 2.021758e-01
    outer loop
      vertex   -4.128079e-03 -4.750000e-02 2.322368e-01
      vertex   -8.655320e-18 -4.711940e-02 2.344134e-01
      vertex   -5.520300e-03 -4.711940e-02 2.339678e-01
    endloop
  endfacet
  facet normal -3.966377e-02 -9.821181e-01 1.840405e-01
    outer loop
      vertex   -4.128079e-03 -4.750000e-02 2.322368e-01
      vertex   -5.520300e-03 -4.711940e-02 2.339678e-01
      vertex   -9.516740e-03 -4.750000e-02 2.310754e-01
    endloop
  endfacet
  facet normal -4.817728e-02 -9.795270e-01 1.954629e-01
    outer loop
      vertex   -9.516740e-03 -4.750000e-02 2.310754e-01
      vertex   -5.520300e-03 -4.711940e-02 2.339678e-01
      vertex   -1.089763e-02 -4.711940e-02 2.326424e-01
    endloop
  endfacet
  facet normal -7.076786e-02 -9.818229e-01 1.761126e-01
    outer loop
      vertex   -9.516740e-03 -4.750000e-02 2.310754e-01
      vertex   -1.089763e-02 -4.711940e-02 2.326424e-01
      vertex   -1.463162e-02 -4.750000e-02 2.290201e-01
    endloop
  endfacet
  facet normal -7.822142e-02 -9.798853e-01 1.835924e-01
    outer loop
      vertex   -1.463162e-02 -4.750000e-02 2.290201e-01
      vertex   -1.089763e-02 -4.711940e-02 2.326424e-01
      vertex   -1.599271e-02 -4.711940e-02 2.304716e-01
    endloop
  endfacet
  facet normal -1.004590e-01 -9.814725e-01 1.631558e-01
    outer loop
      vertex   -1.463162e-02 -4.750000e-02 2.290201e-01
      vertex   -1.599271e-02 -4.711940e-02 2.304716e-01
      vertex   -1.932558e-02 -4.750000e-02 2.261299e-01
    endloop
  endfacet
  facet normal -1.056062e-01 -9.802843e-01 1.670029e-01
    outer loop
      vertex   -1.932558e-02 -4.750000e-02 2.261299e-01
      vertex   -1.599271e-02 -4.711940e-02 2.304716e-01
      vertex   -2.067359e-02 -4.711940e-02 2.275116e-01
    endloop
  endfacet
  facet normal -1.279679e-01 -9.810622e-01 1.453998e-01
    outer loop
      vertex   -1.932558e-02 -4.750000e-02 2.261299e-01
      vertex   -2.067359e-02 -4.711940e-02 2.275116e-01
      vertex   -2.346357e-02 -4.750000e-02 2.224880e-01
    endloop
  endfacet
  facet normal -1.297906e-01 -9.806765e-01 1.463829e-01
    outer loop
      vertex   -2.346357e-02 -4.750000e-02 2.224880e-01
      vertex   -2.067359e-02 -4.711940e-02 2.275116e-01
      vertex   -2.483850e-02 -4.711940e-02 2.238187e-01
    endloop
  endfacet
  facet normal -1.516905e-01 -9.806510e-01 1.237483e-01
    outer loop
      vertex   -2.346357e-02 -4.750000e-02 2.224880e-01
      vertex   -2.483850e-02 -4.711940e-02 2.238187e-01
      vertex   -2.832169e-02 -4.711940e-02 2.195490e-01
    endloop
  endfacet
  facet normal -4.314478e-01 -8.306431e-01 3.519728e-01
    outer loop
      vertex   -2.832169e-02 -4.711940e-02 2.195490e-01
      vertex   -2.483850e-02 -4.711940e-02 2.238187e-01
      vertex   -2.965666e-02 -4.603553e-02 2.204705e-01
    endloop
  endfacet
  facet normal -4.822184e-01 -8.306346e-01 2.784089e-01
    outer loop
      vertex   -2.832169e-02 -4.711940e-02 2.195490e-01
      vertex   -2.965666e-02 -4.603553e-02 2.204705e-01
      vertex   -3.109082e-02 -4.711940e-02 2.147528e-01
    endloop
  endfacet
  facet normal -4.822184e-01 -8.306346e-01 2.784089e-01
    outer loop
      vertex   -3.109082e-02 -4.711940e-02 2.147528e-01
      vertex   -2.965666e-02 -4.603553e-02 2.204705e-01
      vertex   -3.255632e-02 -4.603553e-02 2.154482e-01
    endloop
  endfacet
  facet normal -5.206338e-01 -8.306346e-01 1.974503e-01
    outer loop
      vertex   -3.109082e-02 -4.711940e-02 2.147528e-01
      vertex   -3.255632e-02 -4.603553e-02 2.154482e-01
      vertex   -3.305471e-02 -4.711940e-02 2.095744e-01
    endloop
  endfacet
  facet normal -5.206338e-01 -8.306346e-01 1.974503e-01
    outer loop
      vertex   -3.305471e-02 -4.711940e-02 2.095744e-01
      vertex   -3.255632e-02 -4.603553e-02 2.154482e-01
      vertex   -3.461278e-02 -4.603553e-02 2.100257e-01
    endloop
  endfacet
  facet normal -5.455650e-01 -8.306346e-01 1.113779e-01
    outer loop
      vertex   -3.305471e-02 -4.711940e-02 2.095744e-01
      vertex   -3.461278e-02 -4.603553e-02 2.100257e-01
      vertex   -3.416250e-02 -4.711940e-02 2.041481e-01
    endloop
  endfacet
  facet normal -5.455650e-01 -8.306346e-01 1.113779e-01
    outer loop
      vertex   -3.416250e-02 -4.711940e-02 2.041481e-01
      vertex   -3.461278e-02 -4.603553e-02 2.100257e-01
      vertex   -3.577279e-02 -4.603553e-02 2.043436e-01
    endloop
  endfacet
  facet normal -5.563663e-01 -8.306346e-01 2.242080e-02
    outer loop
      vertex   -3.416250e-02 -4.711940e-02 2.041481e-01
      vertex   -3.577279e-02 -4.603553e-02 2.043436e-01
      vertex   -3.438551e-02 -4.711940e-02 1.986143e-01
    endloop
  endfacet
  facet normal -5.563663e-01 -8.306346e-01 2.242080e-02
    outer loop
      vertex   -3.438551e-02 -4.711940e-02 1.986143e-01
      vertex   -3.577279e-02 -4.603553e-02 2.043436e-01
      vertex   -3.600631e-02 -4.603553e-02 1.985490e-01
    endloop
  endfacet
  facet normal -5.527581e-01 -8.306346e-01 -6.711698e-02
    outer loop
      vertex   -3.438551e-02 -4.711940e-02 1.986143e-01
      vertex   -3.600631e-02 -4.603553e-02 1.985490e-01
      vertex   -3.371794e-02 -4.711940e-02 1.931164e-01
    endloop
  endfacet
  facet normal -5.527581e-01 -8.306346e-01 -6.711698e-02
    outer loop
      vertex   -3.371794e-02 -4.711940e-02 1.931164e-01
      vertex   -3.600631e-02 -4.603553e-02 1.985490e-01
      vertex   -3.530728e-02 -4.603553e-02 1.927920e-01
    endloop
  endfacet
  facet normal -5.348337e-01 -8.306346e-01 -1.549165e-01
    outer loop
      vertex   -3.371794e-02 -4.711940e-02 1.931164e-01
      vertex   -3.530728e-02 -4.603553e-02 1.927920e-01
      vertex   -3.217710e-02 -4.711940e-02 1.877968e-01
    endloop
  endfacet
  facet normal -5.348337e-01 -8.306346e-01 -1.549165e-01
    outer loop
      vertex   -3.217710e-02 -4.711940e-02 1.877968e-01
      vertex   -3.530728e-02 -4.603553e-02 1.927920e-01
      vertex   -3.369381e-02 -4.603553e-02 1.872216e-01
    endloop
  endfacet
  facet normal -5.030574e-01 -8.306346e-01 -2.387037e-01
    outer loop
      vertex   -3.217710e-02 -4.711940e-02 1.877968e-01
      vertex   -3.369381e-02 -4.603553e-02 1.872216e-01
      vertex   -2.980289e-02 -4.711940e-02 1.827933e-01
    endloop
  endfacet
  facet normal -5.030574e-01 -8.306346e-01 -2.387037e-01
    outer loop
      vertex   -2.980289e-02 -4.711940e-02 1.827933e-01
      vertex   -3.369381e-02 -4.603553e-02 1.872216e-01
      vertex   -3.120769e-02 -4.603553e-02 1.819822e-01
    endloop
  endfacet
  facet normal -4.582521e-01 -8.306346e-01 -3.163086e-01
    outer loop
      vertex   -2.980289e-02 -4.711940e-02 1.827933e-01
      vertex   -3.120769e-02 -4.603553e-02 1.819822e-01
      vertex   -2.665680e-02 -4.711940e-02 1.782354e-01
    endloop
  endfacet
  facet normal -4.582521e-01 -8.306346e-01 -3.163086e-01
    outer loop
      vertex   -2.665680e-02 -4.711940e-02 1.782354e-01
      vertex   -3.120769e-02 -4.603553e-02 1.819822e-01
      vertex   -2.791330e-02 -4.603553e-02 1.772095e-01
    endloop
  endfacet
  facet normal -4.015784e-01 -8.306346e-01 -3.857213e-01
    outer loop
      vertex   -2.665680e-02 -4.711940e-02 1.782354e-01
      vertex   -2.791330e-02 -4.603553e-02 1.772095e-01
      vertex   -2.282032e-02 -4.711940e-02 1.742412e-01
    endloop
  endfacet
  facet normal -4.015784e-01 -8.306346e-01 -3.857213e-01
    outer loop
      vertex   -2.282032e-02 -4.711940e-02 1.742412e-01
      vertex   -2.791330e-02 -4.603553e-02 1.772095e-01
      vertex   -2.389598e-02 -4.603553e-02 1.730270e-01
    endloop
  endfacet
  facet normal -3.345040e-01 -8.306346e-01 -4.451440e-01
    outer loop
      vertex   -2.282032e-02 -4.711940e-02 1.742412e-01
      vertex   -2.389598e-02 -4.603553e-02 1.730270e-01
      vertex   -1.839280e-02 -4.711940e-02 1.709141e-01
    endloop
  endfacet
  facet normal -3.345040e-01 -8.306346e-01 -4.451440e-01
    outer loop
      vertex   -1.839280e-02 -4.711940e-02 1.709141e-01
      vertex   -2.389598e-02 -4.603553e-02 1.730270e-01
      vertex   -1.925976e-02 -4.603553e-02 1.695431e-01
    endloop
  endfacet
  facet normal -2.587662e-01 -8.306346e-01 -4.930378e-01
    outer loop
      vertex   -1.839280e-02 -4.711940e-02 1.709141e-01
      vertex   -1.925976e-02 -4.603553e-02 1.695431e-01
      vertex   -1.348891e-02 -4.711940e-02 1.683404e-01
    endloop
  endfacet
  facet normal -2.587662e-01 -8.306346e-01 -4.930378e-01
    outer loop
      vertex   -1.348891e-02 -4.711940e-02 1.683404e-01
      vertex   -1.925976e-02 -4.603553e-02 1.695431e-01
      vertex   -1.412473e-02 -4.603553e-02 1.668480e-01
    endloop
  endfacet
  facet normal -1.763264e-01 -8.306346e-01 -5.281621e-01
    outer loop
      vertex   -1.348891e-02 -4.711940e-02 1.683404e-01
      vertex   -1.412473e-02 -4.603553e-02 1.668480e-01
      vertex   -8.235670e-03 -4.711940e-02 1.665866e-01
    endloop
  endfacet
  facet normal -1.763264e-01 -8.306346e-01 -5.281621e-01
    outer loop
      vertex   -8.235670e-03 -4.711940e-02 1.665866e-01
      vertex   -1.412473e-02 -4.603553e-02 1.668480e-01
      vertex   -8.623868e-03 -4.603553e-02 1.650116e-01
    endloop
  endfacet
  facet normal -8.931987e-02 -8.306346e-01 -5.496072e-01
    outer loop
      vertex   -8.235670e-03 -4.711940e-02 1.665866e-01
      vertex   -8.623868e-03 -4.603553e-02 1.650116e-01
      vertex   -2.769130e-03 -4.711940e-02 1.656982e-01
    endloop
  endfacet
  facet normal -8.931987e-02 -8.306346e-01 -5.496072e-01
    outer loop
      vertex   -2.769130e-03 -4.711940e-02 1.656982e-01
      vertex   -8.623868e-03 -4.603553e-02 1.650116e-01
      vertex   -2.899656e-03 -4.603553e-02 1.640813e-01
    endloop
  endfacet
  facet normal 0.000000e+00 -8.306346e-01 -5.568179e-01
    outer loop
      vertex   -2.769130e-03 -4.711940e-02 1.656982e-01
      vertex   -2.899656e-03 -4.603553e-02 1.640813e-01
      vertex   2.769130e-03 -4.711940e-02 1.656982e-01
    endloop
  endfacet
  facet normal 0.000000e+00 -8.306346e-01 -5.568179e-01
    outer loop
      vertex   2.769130e-03 -4.711940e-02 1.656982e-01
      vertex   -2.899656e-03 -4.603553e-02 1.640813e-01
      vertex   2.899656e-03 -4.603553e-02 1.640813e-01
    endloop
  endfacet
  facet normal 8.931987e-02 -8.306346e-01 -5.496072e-01
    outer loop
      vertex   2.769130e-03 -4.711940e-02 1.656982e-01
      vertex   2.899656e-03 -4.603553e-02 1.640813e-01
      vertex   8.235670e-03 -4.711940e-02 1.665866e-01
    endloop
  endfacet
  facet normal 8.931987e-02 -8.306346e-01 -5.496072e-01
    outer loop
      vertex   8.235670e-03 -4.711940e-02 1.665866e-01
      vertex   2.899656e-03 -4.603553e-02 1.640813e-01
      vertex   8.623868e-03 -4.603553e-02 1.650116e-01
    endloop
  endfacet
  facet normal 1.763264e-01 -8.306346e-01 -5.281621e-01
    outer loop
      vertex   8.235670e-03 -4.711940e-02 1.665866e-01
      vertex   8.623868e-03 -4.603553e-02 1.650116e-01
      vertex   1.348891e-02 -4.711940e-02 1.683404e-01
    endloop
  endfacet
  facet normal 1.763264e-01 -8.306346e-01 -5.281621e-01
    outer loop
      vertex   1.348891e-02 -4.711940e-02 1.683404e-01
      vertex   8.623868e-03 -4.603553e-02 1.650116e-01
      vertex   1.412473e-02 -4.603553e-02 1.668480e-01
    endloop
  endfacet
  facet normal 2.587662e-01 -8.306346e-01 -4.930378e-01
    outer loop
      vertex   1.348891e-02 -4.711940e-02 1.683404e-01
      vertex   1.412473e-02 -4.603553e-02 1.668480e-01
      vertex   1.839280e-02 -4.711940e-02 1.709141e-01
    endloop
  endfacet
  facet normal 2.587662e-01 -8.306346e-01 -4.930378e-01
    outer loop
      vertex   1.839280e-02 -4.711940e-02 1.709141e-01
      vertex   1.412473e-02 -4.603553e-02 1.668480e-01
      vertex   1.925976e-02 -4.603553e-02 1.695431e-01
    endloop
  endfacet
  facet normal 3.345040e-01 -8.306346e-01 -4.451440e-01
    outer loop
      vertex   1.839280e-02 -4.711940e-02 1.709141e-01
      vertex   1.925976e-02 -4.603553e-02 1.695431e-01
      vertex   2.282032e-02 -4.711940e-02 1.742412e-01
    endloop
  endfacet
  facet normal 3.345040e-01 -8.306346e-01 -4.451440e-01
    outer loop
      vertex   2.282032e-02 -4.711940e-02 1.742412e-01
      vertex   1.925976e-02 -4.603553e-02 1.695431e-01
      vertex   2.389598e-02 -4.603553e-02 1.730270e-01
    endloop
  endfacet
  facet normal 4.015784e-01 -8.306346e-01 -3.857213e-01
    outer loop
      vertex   2.282032e-02 -4.711940e-02 1.742412e-01
      vertex   2.389598e-02 -4.603553e-02 1.730270e-01
      vertex   2.665680e-02 -4.711940e-02 1.782354e-01
    endloop
  endfacet
  facet normal 4.015784e-01 -8.306346e-01 -3.857213e-01
    outer loop
      vertex   2.665680e-02 -4.711940e-02 1.782354e-01
      vertex   2.389598e-02 -4.603553e-02 1.730270e-01
      vertex   2.791330e-02 -4.603553e-02 1.772095e-01
    endloop
  endfacet
  facet normal 4.582521e-01 -8.306346e-01 -3.163086e-01
    outer loop
      vertex   2.665680e-02 -4.711940e-02 1.782354e-01
      vertex   2.791330e-02 -4.603553e-02 1.772095e-01
      vertex   2.980289e-02 -4.711940e-02 1.827933e-01
    endloop
  endfacet
  facet normal 4.582521e-01 -8.306346e-01 -3.163086e-01
    outer loop
      vertex   2.980289e-02 -4.711940e-02 1.827933e-01
      vertex   2.791330e-02 -4.603553e-02 1.772095e-01
      vertex   3.120769e-02 -4.603553e-02 1.819822e-01
    endloop
  endfacet
  facet normal 5.030574e-01 -8.306346e-01 -2.387037e-01
    outer loop
      vertex   2.980289e-02 -4.711940e-02 1.827933e-01
      vertex   3.120769e-02 -4.603553e-02 1.819822e-01
      vertex   3.217710e-02 -4.711940e-02 1.877968e-01
    endloop
  endfacet
  facet normal 5.030574e-01 -8.306346e-01 -2.387037e-01
    outer loop
      vertex   3.217710e-02 -4.711940e-02 1.877968e-01
      vertex   3.120769e-02 -4.603553e-02 1.819822e-01
      vertex   3.369381e-02 -4.603553e-02 1.872216e-01
    endloop
  endfacet
  facet normal 5.348337e-01 -8.306346e-01 -1.549165e-01
    outer loop
      vertex   3.217710e-02 -4.711940e-02 1.877968e-01
      vertex   3.369381e-02 -4.603553e-02 1.872216e-01
      vertex   3.371794e-02 -4.711940e-02 1.931164e-01
    endloop
  endfacet
  facet normal 5.348337e-01 -8.306346e-01 -1.549165e-01
    outer loop
      vertex   3.371794e-02 -4.711940e-02 1.931164e-01
      vertex   3.369381e-02 -4.603553e-02 1.872216e-01
      vertex   3.530728e-02 -4.603553e-02 1.927920e-01
    endloop
  endfacet
  facet normal 5.527581e-01 -8.306346e-01 -6.711698e-02
    outer loop
      vertex   3.371794e-02 -4.711940e-02 1.931164e-01
      vertex   3.530728e-02 -4.603553e-02 1.927920e-01
      vertex   3.438551e-02 -4.711940e-02 1.986143e-01
    endloop
  endfacet
  facet normal 5.527581e-01 -8.306346e-01 -6.711698e-02
    outer loop
      vertex   3.438551e-02 -4.711940e-02 1.986143e-01
      vertex   3.530728e-02 -4.603553e-02 1.927920e-01
      vertex   3.600631e-02 -4.603553e-02 1.985490e-01
    endloop
  endfacet
  facet normal 5.563663e-01 -8.306346e-01 2.242080e-02
    outer loop
      vertex   3.438551e-02 -4.711940e-02 1.986143e-01
      vertex   3.600631e-02 -4.603553e-02 1.985490e-01
      vertex   3.416250e-02 -4.711940e-02 2.041481e-01
    endloop
  endfacet
  facet normal 5.563663e-01 -8.306346e-01 2.242080e-02
    outer loop
      vertex   3.416250e-02 -4.711940e-02 2.041481e-01
      vertex   3.600631e-02 -4.603553e-02 1.985490e-01
      vertex   3.577279e-02 -4.603553e-02 2.043436e-01
    endloop
  endfacet
  facet normal 5.455650e-01 -8.306346e-01 1.113779e-01
    outer loop
      vertex   3.416250e-02 -4.711940e-02 2.041481e-01
      vertex   3.577279e-02 -4.603553e-02 2.043436e-01
      vertex   3.305471e-02 -4.711940e-02 2.095744e-01
    endloop
  endfacet
  facet normal 5.455650e-01 -8.306346e-01 1.113779e-01
    outer loop
      vertex   3.305471e-02 -4.711940e-02 2.095744e-01
      vertex   3.577279e-02 -4.603553e-02 2.043436e-01
      vertex   3.461278e-02 -4.603553e-02 2.100257e-01
    endloop
  endfacet
  facet normal 5.206338e-01 -8.306346e-01 1.974503e-01
    outer loop
      vertex   3.305471e-02 -4.711940e-02 2.095744e-01
      vertex   3.461278e-02 -4.603553e-02 2.100257e-01
      vertex   3.109082e-02 -4.711940e-02 2.147528e-01
    endloop
  endfacet
  facet normal 5.206338e-01 -8.306346e-01 1.974503e-01
    outer loop
      vertex   3.109082e-02 -4.711940e-02 2.147528e-01
      vertex   3.461278e-02 -4.603553e-02 2.100257e-01
      vertex   3.255632e-02 -4.603553e-02 2.154482e-01
    endloop
  endfacet
  facet normal 4.822184e-01 -8.306346e-01 2.784089e-01
    outer loop
      vertex   3.109082e-02 -4.711940e-02 2.147528e-01
      vertex   3.255632e-02 -4.603553e-02 2.154482e-01
      vertex   2.832169e-02 -4.711940e-02 2.195490e-01
    endloop
  endfacet
  facet normal 4.822184e-01 -8.306346e-01 2.784089e-01
    outer loop
      vertex   2.832169e-02 -4.711940e-02 2.195490e-01
      vertex   3.255632e-02 -4.603553e-02 2.154482e-01
      vertex   2.965666e-02 -4.603553e-02 2.204705e-01
    endloop
  endfacet
  facet normal 4.313139e-01 -8.306346e-01 3.521569e-01
    outer loop
      vertex   2.832169e-02 -4.711940e-02 2.195490e-01
      vertex   2.965666e-02 -4.603553e-02 2.204705e-01
      vertex   2.481904e-02 -4.711940e-02 2.238390e-01
    endloop
  endfacet
  facet normal 4.313139e-01 -8.306346e-01 3.521569e-01
    outer loop
      vertex   2.481904e-02 -4.711940e-02 2.238390e-01
      vertex   2.965666e-02 -4.603553e-02 2.204705e-01
      vertex   2.598892e-02 -4.603553e-02 2.249627e-01
    endloop
  endfacet
  facet normal 3.692386e-01 -8.306346e-01 4.167842e-01
    outer loop
      vertex   2.481904e-02 -4.711940e-02 2.238390e-01
      vertex   2.598892e-02 -4.603553e-02 2.249627e-01
      vertex   2.067359e-02 -4.711940e-02 2.275116e-01
    endloop
  endfacet
  facet normal 3.692386e-01 -8.306346e-01 4.167842e-01
    outer loop
      vertex   2.067359e-02 -4.711940e-02 2.275116e-01
      vertex   2.598892e-02 -4.603553e-02 2.249627e-01
      vertex   2.164807e-02 -4.603553e-02 2.288083e-01
    endloop
  endfacet
  facet normal 2.976001e-01 -8.306346e-01 4.706170e-01
    outer loop
      vertex   2.067359e-02 -4.711940e-02 2.275116e-01
      vertex   2.164807e-02 -4.603553e-02 2.288083e-01
      vertex   1.599271e-02 -4.711940e-02 2.304716e-01
    endloop
  endfacet
  facet normal 2.976001e-01 -8.306346e-01 4.706170e-01
    outer loop
      vertex   1.599271e-02 -4.711940e-02 2.304716e-01
      vertex   2.164807e-02 -4.603553e-02 2.288083e-01
      vertex   1.674655e-02 -4.603553e-02 2.319079e-01
    endloop
  endfacet
  facet normal 2.182540e-01 -8.306346e-01 5.122610e-01
    outer loop
      vertex   1.599271e-02 -4.711940e-02 2.304716e-01
      vertex   1.674655e-02 -4.603553e-02 2.319079e-01
      vertex   1.089763e-02 -4.711940e-02 2.326424e-01
    endloop
  endfacet
  facet normal 2.182540e-01 -8.306346e-01 5.122610e-01
    outer loop
      vertex   1.089763e-02 -4.711940e-02 2.326424e-01
      vertex   1.674655e-02 -4.603553e-02 2.319079e-01
      vertex   1.141130e-02 -4.603553e-02 2.341810e-01
    endloop
  endfacet
  facet normal 1.332552e-01 -8.306346e-01 5.406378e-01
    outer loop
      vertex   1.089763e-02 -4.711940e-02 2.326424e-01
      vertex   1.141130e-02 -4.603553e-02 2.341810e-01
      vertex   5.520300e-03 -4.711940e-02 2.339678e-01
    endloop
  endfacet
  facet normal 1.332552e-01 -8.306346e-01 5.406378e-01
    outer loop
      vertex   5.520300e-03 -4.711940e-02 2.339678e-01
      vertex   1.141130e-02 -4.603553e-02 2.341810e-01
      vertex   5.780506e-03 -4.603553e-02 2.355689e-01
    endloop
  endfacet
  facet normal 4.480522e-02 -8.306346e-01 5.550123e-01
    outer loop
      vertex   5.520300e-03 -4.711940e-02 2.339678e-01
      vertex   5.780506e-03 -4.603553e-02 2.355689e-01
      vertex   -8.655320e-18 -4.711940e-02 2.344134e-01
    endloop
  endfacet
  facet normal 4.480522e-02 -8.306346e-01 5.550123e-01
    outer loop
      vertex   -8.655320e-18 -4.711940e-02 2.344134e-01
      vertex   5.780506e-03 -4.603553e-02 2.355689e-01
      vertex   -2.781197e-20 -4.603553e-02 2.360355e-01
    endloop
  endfacet
  facet normal -4.480522e-02 -8.306346e-01 5.550123e-01
    outer loop
      vertex   -8.655320e-18 -4.711940e-02 2.344134e-01
      vertex   -2.781197e-20 -4.603553e-02 2.360355e-01
      vertex   -5.520300e-03 -4.711940e-02 2.339678e-01
    endloop
  endfacet
  facet normal -4.480522e-02 -8.306346e-01 5.550123e-01
    outer loop
      vertex   -5.520300e-03 -4.711940e-02 2.339678e-01
      vertex   -2.781197e-20 -4.603553e-02 2.360355e-01
      vertex   -5.780506e-03 -4.603553e-02 2.355689e-01
    endloop
  endfacet
  facet normal -1.332552e-01 -8.306346e-01 5.406378e-01
    outer loop
      vertex   -5.520300e-03 -4.711940e-02 2.339678e-01
      vertex   -5.780506e-03 -4.603553e-02 2.355689e-01
      vertex   -1.089763e-02 -4.711940e-02 2.326424e-01
    endloop
  endfacet
  facet normal -1.332552e-01 -8.306346e-01 5.406378e-01
    outer loop
      vertex   -1.089763e-02 -4.711940e-02 2.326424e-01
      vertex   -5.780506e-03 -4.603553e-02 2.355689e-01
      vertex   -1.141130e-02 -4.603553e-02 2.341810e-01
    endloop
  endfacet
  facet normal -2.182540e-01 -8.306346e-01 5.122610e-01
    outer loop
      vertex   -1.089763e-02 -4.711940e-02 2.326424e-01
      vertex   -1.141130e-02 -4.603553e-02 2.341810e-01
      vertex   -1.599271e-02 -4.711940e-02 2.304716e-01
    endloop
  endfacet
  facet normal -2.182540e-01 -8.306346e-01 5.122610e-01
    outer loop
      vertex   -1.599271e-02 -4.711940e-02 2.304716e-01
      vertex   -1.141130e-02 -4.603553e-02 2.341810e-01
      vertex   -1.674655e-02 -4.603553e-02 2.319079e-01
    endloop
  endfacet
  facet normal -2.976001e-01 -8.306346e-01 4.706170e-01
    outer loop
      vertex   -1.599271e-02 -4.711940e-02 2.304716e-01
      vertex   -1.674655e-02 -4.603553e-02 2.319079e-01
      vertex   -2.067359e-02 -4.711940e-02 2.275116e-01
    endloop
  endfacet
  facet normal -2.976001e-01 -8.306346e-01 4.706170e-01
    outer loop
      vertex   -2.067359e-02 -4.711940e-02 2.275116e-01
      vertex   -1.674655e-02 -4.603553e-02 2.319079e-01
      vertex   -2.164807e-02 -4.603553e-02 2.288083e-01
    endloop
  endfacet
  facet normal -3.693576e-01 -8.306289e-01 4.166900e-01
    outer loop
      vertex   -2.067359e-02 -4.711940e-02 2.275116e-01
      vertex   -2.164807e-02 -4.603553e-02 2.288083e-01
      vertex   -2.600250e-02 -4.603553e-02 2.249485e-01
    endloop
  endfacet
  facet normal -5.519635e-01 -5.546037e-01 6.226965e-01
    outer loop
      vertex   -2.600250e-02 -4.603553e-02 2.249485e-01
      vertex   -2.164807e-02 -4.603553e-02 2.288083e-01
      vertex   -2.677760e-02 -4.441342e-02 2.257062e-01
    endloop
  endfacet
  facet normal -6.449187e-01 -5.540475e-01 5.264136e-01
    outer loop
      vertex   -2.600250e-02 -4.603553e-02 2.249485e-01
      vertex   -2.677760e-02 -4.441342e-02 2.257062e-01
      vertex   -3.054867e-02 -4.441342e-02 2.210862e-01
    endloop
  endfacet
  facet normal 2.009993e-01 -9.792873e-01 -2.440573e-02
    outer loop
      vertex   3.438551e-02 -4.711940e-02 1.986143e-01
      vertex   3.203252e-02 -4.750000e-02 1.945075e-01
      vertex   3.371794e-02 -4.711940e-02 1.931164e-01
    endloop
  endfacet
  facet normal 1.825383e-01 -9.820493e-01 -4.752928e-02
    outer loop
      vertex   3.371794e-02 -4.711940e-02 1.931164e-01
      vertex   3.203252e-02 -4.750000e-02 1.945075e-01
      vertex   3.064352e-02 -4.750000e-02 1.891730e-01
    endloop
  endfacet
  facet normal 1.929643e-01 -9.796126e-01 -5.589278e-02
    outer loop
      vertex   3.371794e-02 -4.711940e-02 1.931164e-01
      vertex   3.064352e-02 -4.750000e-02 1.891730e-01
      vertex   3.217710e-02 -4.711940e-02 1.877968e-01
    endloop
  endfacet
  facet normal 1.733378e-01 -9.817407e-01 -7.835362e-02
    outer loop
      vertex   3.217710e-02 -4.711940e-02 1.877968e-01
      vertex   3.064352e-02 -4.750000e-02 1.891730e-01
      vertex   2.837296e-02 -4.750000e-02 1.841499e-01
    endloop
  endfacet
  facet normal 1.798671e-01 -9.799814e-01 -8.534799e-02
    outer loop
      vertex   3.217710e-02 -4.711940e-02 1.877968e-01
      vertex   2.837296e-02 -4.750000e-02 1.841499e-01
      vertex   2.980289e-02 -4.711940e-02 1.827933e-01
    endloop
  endfacet
  facet normal 1.591553e-01 -9.813757e-01 -1.075702e-01
    outer loop
      vertex   2.980289e-02 -4.711940e-02 1.827933e-01
      vertex   2.837296e-02 -4.750000e-02 1.841499e-01
      vertex   2.528616e-02 -4.750000e-02 1.795829e-01
    endloop
  endfacet
  facet normal 1.621832e-01 -9.803900e-01 -1.119470e-01
    outer loop
      vertex   2.980289e-02 -4.711940e-02 1.827933e-01
      vertex   2.528616e-02 -4.750000e-02 1.795829e-01
      vertex   2.665680e-02 -4.711940e-02 1.782354e-01
    endloop
  endfacet
  facet normal 1.402484e-01 -9.809497e-01 -1.344172e-01
    outer loop
      vertex   2.665680e-02 -4.711940e-02 1.782354e-01
      vertex   2.528616e-02 -4.750000e-02 1.795829e-01
      vertex   2.147193e-02 -4.750000e-02 1.756032e-01
    endloop
  endfacet
  facet normal 1.405224e-01 -9.808341e-01 -1.349736e-01
    outer loop
      vertex   2.665680e-02 -4.711940e-02 1.782354e-01
      vertex   2.147193e-02 -4.750000e-02 1.756032e-01
      vertex   2.282032e-02 -4.711940e-02 1.742412e-01
    endloop
  endfacet
  facet normal 1.180638e-01 -9.804978e-01 -1.571144e-01
    outer loop
      vertex   2.282032e-02 -4.711940e-02 1.742412e-01
      vertex   2.147193e-02 -4.750000e-02 1.756032e-01
      vertex   1.839280e-02 -4.711940e-02 1.709141e-01
    endloop
  endfacet
  facet normal 1.145331e-01 -9.812751e-01 -1.548590e-01
    outer loop
      vertex   2.147193e-02 -4.750000e-02 1.756032e-01
      vertex   1.703999e-02 -4.750000e-02 1.723253e-01
      vertex   1.839280e-02 -4.711940e-02 1.709141e-01
    endloop
  endfacet
  facet normal 9.229551e-02 -9.800800e-01 -1.758544e-01
    outer loop
      vertex   1.839280e-02 -4.711940e-02 1.709141e-01
      vertex   1.703999e-02 -4.750000e-02 1.723253e-01
      vertex   1.348891e-02 -4.711940e-02 1.683404e-01
    endloop
  endfacet
  facet normal 8.583878e-02 -9.816549e-01 -1.702511e-01
    outer loop
      vertex   1.703999e-02 -4.750000e-02 1.723253e-01
      vertex   1.211784e-02 -4.750000e-02 1.698436e-01
      vertex   1.348891e-02 -4.711940e-02 1.683404e-01
    endloop
  endfacet
  facet normal 6.348089e-02 -9.797008e-01 -1.901485e-01
    outer loop
      vertex   1.348891e-02 -4.711940e-02 1.683404e-01
      vertex   1.211784e-02 -4.750000e-02 1.698436e-01
      vertex   8.235670e-03 -4.711940e-02 1.665866e-01
    endloop
  endfacet
  facet normal 5.534338e-02 -9.819772e-01 -1.807151e-01
    outer loop
      vertex   1.211784e-02 -4.750000e-02 1.698436e-01
      vertex   6.847076e-03 -4.750000e-02 1.682295e-01
      vertex   8.235670e-03 -4.711940e-02 1.665866e-01
    endloop
  endfacet
  facet normal 3.241954e-02 -9.793643e-01 -1.994855e-01
    outer loop
      vertex   8.235670e-03 -4.711940e-02 1.665866e-01
      vertex   6.847076e-03 -4.750000e-02 1.682295e-01
      vertex   2.769130e-03 -4.711940e-02 1.656982e-01
    endloop
  endfacet
  facet normal 2.382821e-02 -9.822460e-01 -1.860779e-01
    outer loop
      vertex   6.847076e-03 -4.750000e-02 1.682295e-01
      vertex   1.379339e-03 -4.750000e-02 1.675293e-01
      vertex   2.769130e-03 -4.711940e-02 1.656982e-01
    endloop
  endfacet
  facet normal -0.000000e+00 -9.790741e-01 -2.035040e-01
    outer loop
      vertex   2.769130e-03 -4.711940e-02 1.656982e-01
      vertex   1.379339e-03 -4.750000e-02 1.675293e-01
      vertex   -2.769130e-03 -4.711940e-02 1.656982e-01
    endloop
  endfacet
  facet normal -7.913125e-03 -9.824646e-01 -1.862811e-01
    outer loop
      vertex   1.379339e-03 -4.750000e-02 1.675293e-01
      vertex   -4.128079e-03 -4.750000e-02 1.677632e-01
      vertex   -2.769130e-03 -4.711940e-02 1.656982e-01
    endloop
  endfacet
  facet normal -3.282959e-02 -9.788334e-01 -2.020086e-01
    outer loop
      vertex   -2.769130e-03 -4.711940e-02 1.656982e-01
      vertex   -4.128079e-03 -4.750000e-02 1.677632e-01
      vertex   -8.235670e-03 -4.711940e-02 1.665866e-01
    endloop
  endfacet
  facet normal -3.909072e-02 -9.826356e-01 -1.813816e-01
    outer loop
      vertex   -4.128079e-03 -4.750000e-02 1.677632e-01
      vertex   -9.516740e-03 -4.750000e-02 1.689246e-01
      vertex   -8.235670e-03 -4.711940e-02 1.665866e-01
    endloop
  endfacet
  facet normal -6.509385e-02 -9.786448e-01 -1.949799e-01
    outer loop
      vertex   -8.235670e-03 -4.711940e-02 1.665866e-01
      vertex   -9.516740e-03 -4.750000e-02 1.689246e-01
      vertex   -1.348891e-02 -4.711940e-02 1.683404e-01
    endloop
  endfacet
  facet normal -6.893430e-02 -9.827608e-01 -1.715496e-01
    outer loop
      vertex   -9.516740e-03 -4.750000e-02 1.689246e-01
      vertex   -1.463162e-02 -4.750000e-02 1.709799e-01
      vertex   -1.348891e-02 -4.711940e-02 1.683404e-01
    endloop
  endfacet
  facet normal -9.582431e-02 -9.785106e-01 -1.825780e-01
    outer loop
      vertex   -1.348891e-02 -4.711940e-02 1.683404e-01
      vertex   -1.463162e-02 -4.750000e-02 1.709799e-01
      vertex   -1.839280e-02 -4.711940e-02 1.709141e-01
    endloop
  endfacet
  facet normal -9.670885e-02 -9.828418e-01 -1.570651e-01
    outer loop
      vertex   -1.463162e-02 -4.750000e-02 1.709799e-01
      vertex   -1.932558e-02 -4.750000e-02 1.738701e-01
      vertex   -1.839280e-02 -4.711940e-02 1.709141e-01
    endloop
  endfacet
  facet normal -1.240939e-01 -9.784323e-01 -1.651390e-01
    outer loop
      vertex   -1.839280e-02 -4.711940e-02 1.709141e-01
      vertex   -1.932558e-02 -4.750000e-02 1.738701e-01
      vertex   -2.282032e-02 -4.711940e-02 1.742412e-01
    endloop
  endfacet
  facet normal -1.217295e-01 -9.828794e-01 -1.383116e-01
    outer loop
      vertex   -1.932558e-02 -4.750000e-02 1.738701e-01
      vertex   -2.346357e-02 -4.750000e-02 1.775120e-01
      vertex   -2.282032e-02 -4.711940e-02 1.742412e-01
    endloop
  endfacet
  facet normal -1.490502e-01 -9.784109e-01 -1.431647e-01
    outer loop
      vertex   -2.282032e-02 -4.711940e-02 1.742412e-01
      vertex   -2.346357e-02 -4.750000e-02 1.775120e-01
      vertex   -2.665680e-02 -4.711940e-02 1.782354e-01
    endloop
  endfacet
  facet normal -1.433756e-01 -9.828740e-01 -1.157677e-01
    outer loop
      vertex   -2.346357e-02 -4.750000e-02 1.775120e-01
      vertex   -2.692656e-02 -4.750000e-02 1.818008e-01
      vertex   -2.665680e-02 -4.711940e-02 1.782354e-01
    endloop
  endfacet
  facet normal -1.699462e-01 -9.784466e-01 -1.173054e-01
    outer loop
      vertex   -2.665680e-02 -4.711940e-02 1.782354e-01
      vertex   -2.692656e-02 -4.750000e-02 1.818008e-01
      vertex   -2.980289e-02 -4.711940e-02 1.827933e-01
    endloop
  endfacet
  facet normal -1.611032e-01 -9.828256e-01 -8.999763e-02
    outer loop
      vertex   -2.692656e-02 -4.750000e-02 1.818008e-01
      vertex   -2.961493e-02 -4.750000e-02 1.866132e-01
      vertex   -2.980289e-02 -4.711940e-02 1.827933e-01
    endloop
  endfacet
  facet normal -1.861667e-01 -9.785390e-01 -8.833721e-02
    outer loop
      vertex   -2.980289e-02 -4.711940e-02 1.827933e-01
      vertex   -2.961493e-02 -4.750000e-02 1.866132e-01
      vertex   -3.217710e-02 -4.711940e-02 1.877968e-01
    endloop
  endfacet
  facet normal -1.744565e-01 -9.827337e-01 -6.163941e-02
    outer loop
      vertex   -2.961493e-02 -4.750000e-02 1.866132e-01
      vertex   -3.145132e-02 -4.750000e-02 1.918107e-01
      vertex   -3.217710e-02 -4.711940e-02 1.877968e-01
    endloop
  endfacet
  facet normal -1.972501e-01 -9.786869e-01 -5.713419e-02
    outer loop
      vertex   -3.217710e-02 -4.711940e-02 1.877968e-01
      vertex   -3.145132e-02 -4.750000e-02 1.918107e-01
      vertex   -3.371794e-02 -4.711940e-02 1.931164e-01
    endloop
  endfacet
  facet normal -1.830774e-01 -9.825972e-01 -3.139178e-02
    outer loop
      vertex   -3.145132e-02 -4.750000e-02 1.918107e-01
      vertex   -3.238292e-02 -4.750000e-02 1.972438e-01
      vertex   -3.371794e-02 -4.711940e-02 1.931164e-01
    endloop
  endfacet
  facet normal -2.029035e-01 -9.788888e-01 -2.463694e-02
    outer loop
      vertex   -3.371794e-02 -4.711940e-02 1.931164e-01
      vertex   -3.238292e-02 -4.750000e-02 1.972438e-01
      vertex   -3.438551e-02 -4.711940e-02 1.986143e-01
    endloop
  endfacet
  facet normal -1.867129e-01 -9.824145e-01 0.000000e+00
    outer loop
      vertex   -3.238292e-02 -4.750000e-02 1.972438e-01
      vertex   -3.238292e-02 -4.750000e-02 2.027562e-01
      vertex   -3.438551e-02 -4.711940e-02 1.986143e-01
    endloop
  endfacet
  facet normal -2.030116e-01 -9.791422e-01 8.181088e-03
    outer loop
      vertex   -3.438551e-02 -4.711940e-02 1.986143e-01
      vertex   -3.238292e-02 -4.750000e-02 2.027562e-01
      vertex   -3.416250e-02 -4.711940e-02 2.041481e-01
    endloop
  endfacet
  facet normal -1.852206e-01 -9.821836e-01 3.175927e-02
    outer loop
      vertex   -3.238292e-02 -4.750000e-02 2.027562e-01
      vertex   -3.145132e-02 -4.750000e-02 2.081893e-01
      vertex   -3.416250e-02 -4.711940e-02 2.041481e-01
    endloop
  endfacet
  facet normal -1.976384e-01 -9.794443e-01 4.034818e-02
    outer loop
      vertex   -3.416250e-02 -4.711940e-02 2.041481e-01
      vertex   -3.145132e-02 -4.750000e-02 2.081893e-01
      vertex   -3.305471e-02 -4.711940e-02 2.095744e-01
    endloop
  endfacet
  facet normal -1.785725e-01 -9.819017e-01 6.309369e-02
    outer loop
      vertex   -3.145132e-02 -4.750000e-02 2.081893e-01
      vertex   -2.961493e-02 -4.750000e-02 2.133868e-01
      vertex   -3.305471e-02 -4.711940e-02 2.095744e-01
    endloop
  endfacet
  facet normal -1.870221e-01 -9.797918e-01 7.092814e-02
    outer loop
      vertex   -3.305471e-02 -4.711940e-02 2.095744e-01
      vertex   -2.961493e-02 -4.750000e-02 2.133868e-01
      vertex   -3.109082e-02 -4.711940e-02 2.147528e-01
    endloop
  endfacet
  facet normal -1.668558e-01 -9.815655e-01 9.321124e-02
    outer loop
      vertex   -2.961493e-02 -4.750000e-02 2.133868e-01
      vertex   -2.692656e-02 -4.750000e-02 2.181992e-01
      vertex   -3.109082e-02 -4.711940e-02 2.147528e-01
    endloop
  endfacet
  facet normal -1.715632e-01 -9.801810e-01 9.905208e-02
    outer loop
      vertex   -3.109082e-02 -4.711940e-02 2.147528e-01
      vertex   -2.692656e-02 -4.750000e-02 2.181992e-01
      vertex   -2.832169e-02 -4.711940e-02 2.195490e-01
    endloop
  endfacet
  facet normal -1.502720e-01 -9.811707e-01 1.213362e-01
    outer loop
      vertex   -2.692656e-02 -4.750000e-02 2.181992e-01
      vertex   -2.346357e-02 -4.750000e-02 2.224880e-01
      vertex   -2.832169e-02 -4.711940e-02 2.195490e-01
    endloop
  endfacet
  facet normal 6.697246e-02 -5.543229e-01 8.296028e-01
    outer loop
      vertex   1.049231e-19 -4.441342e-02 2.371194e-01
      vertex   -2.781197e-20 -4.603553e-02 2.360355e-01
      vertex   5.954370e-03 -4.441342e-02 2.366387e-01
    endloop
  endfacet
  facet normal 6.697246e-02 -5.543229e-01 8.296028e-01
    outer loop
      vertex   5.954370e-03 -4.441342e-02 2.366387e-01
      vertex   -2.781197e-20 -4.603553e-02 2.360355e-01
      vertex   5.780506e-03 -4.603553e-02 2.355689e-01
    endloop
  endfacet
  facet normal 1.991828e-01 -5.543229e-01 8.081165e-01
    outer loop
      vertex   5.954370e-03 -4.441342e-02 2.366387e-01
      vertex   5.780506e-03 -4.603553e-02 2.355689e-01
      vertex   1.175453e-02 -4.441342e-02 2.352091e-01
    endloop
  endfacet
  facet normal 1.991828e-01 -5.543229e-01 8.081165e-01
    outer loop
      vertex   1.175453e-02 -4.441342e-02 2.352091e-01
      vertex   5.780506e-03 -4.603553e-02 2.355689e-01
      vertex   1.141130e-02 -4.603553e-02 2.341810e-01
    endloop
  endfacet
  facet normal 3.262345e-01 -5.543229e-01 7.657005e-01
    outer loop
      vertex   1.175453e-02 -4.441342e-02 2.352091e-01
      vertex   1.141130e-02 -4.603553e-02 2.341810e-01
      vertex   1.725024e-02 -4.441342e-02 2.328676e-01
    endloop
  endfacet
  facet normal 3.262345e-01 -5.543229e-01 7.657005e-01
    outer loop
      vertex   1.725024e-02 -4.441342e-02 2.328676e-01
      vertex   1.141130e-02 -4.603553e-02 2.341810e-01
      vertex   1.674655e-02 -4.603553e-02 2.319079e-01
    endloop
  endfacet
  facet normal 4.448368e-01 -5.543229e-01 7.034532e-01
    outer loop
      vertex   1.725024e-02 -4.441342e-02 2.328676e-01
      vertex   1.674655e-02 -4.603553e-02 2.319079e-01
      vertex   2.229919e-02 -4.441342e-02 2.296748e-01
    endloop
  endfacet
  facet normal 4.448368e-01 -5.543229e-01 7.034532e-01
    outer loop
      vertex   2.229919e-02 -4.441342e-02 2.296748e-01
      vertex   1.674655e-02 -4.603553e-02 2.319079e-01
      vertex   2.164807e-02 -4.603553e-02 2.288083e-01
    endloop
  endfacet
  facet normal 5.519181e-01 -5.543229e-01 6.229868e-01
    outer loop
      vertex   2.229919e-02 -4.441342e-02 2.296748e-01
      vertex   2.164807e-02 -4.603553e-02 2.288083e-01
      vertex   2.677060e-02 -4.441342e-02 2.257135e-01
    endloop
  endfacet
  facet normal 5.519181e-01 -5.543229e-01 6.229868e-01
    outer loop
      vertex   2.677060e-02 -4.441342e-02 2.257135e-01
      vertex   2.164807e-02 -4.603553e-02 2.288083e-01
      vertex   2.598892e-02 -4.603553e-02 2.249627e-01
    endloop
  endfacet
  facet normal 6.447050e-01 -5.543229e-01 5.263854e-01
    outer loop
      vertex   2.677060e-02 -4.441342e-02 2.257135e-01
      vertex   2.598892e-02 -4.603553e-02 2.249627e-01
      vertex   3.054867e-02 -4.441342e-02 2.210862e-01
    endloop
  endfacet
  facet normal 6.447050e-01 -5.543229e-01 5.263854e-01
    outer loop
      vertex   3.054867e-02 -4.441342e-02 2.210862e-01
      vertex   2.598892e-02 -4.603553e-02 2.249627e-01
      vertex   2.965666e-02 -4.603553e-02 2.204705e-01
    endloop
  endfacet
  facet normal 7.207944e-01 -5.543229e-01 4.161509e-01
    outer loop
      vertex   3.054867e-02 -4.441342e-02 2.210862e-01
      vertex   2.965666e-02 -4.603553e-02 2.204705e-01
      vertex   3.353554e-02 -4.441342e-02 2.159128e-01
    endloop
  endfacet
  facet normal 7.207944e-01 -5.543229e-01 4.161509e-01
    outer loop
      vertex   3.353554e-02 -4.441342e-02 2.159128e-01
      vertex   2.965666e-02 -4.603553e-02 2.204705e-01
      vertex   3.255632e-02 -4.603553e-02 2.154482e-01
    endloop
  endfacet
  facet normal 7.782156e-01 -5.543229e-01 2.951383e-01
    outer loop
      vertex   3.353554e-02 -4.441342e-02 2.159128e-01
      vertex   3.255632e-02 -4.603553e-02 2.154482e-01
      vertex   3.565385e-02 -4.441342e-02 2.103273e-01
    endloop
  endfacet
  facet normal 7.782156e-01 -5.543229e-01 2.951383e-01
    outer loop
      vertex   3.565385e-02 -4.441342e-02 2.103273e-01
      vertex   3.255632e-02 -4.603553e-02 2.154482e-01
      vertex   3.461278e-02 -4.603553e-02 2.100257e-01
    endloop
  endfacet
  facet normal 8.154814e-01 -5.543229e-01 1.664817e-01
    outer loop
      vertex   3.565385e-02 -4.441342e-02 2.103273e-01
      vertex   3.461278e-02 -4.603553e-02 2.100257e-01
      vertex   3.684876e-02 -4.441342e-02 2.044742e-01
    endloop
  endfacet
  facet normal 8.154814e-01 -5.543229e-01 1.664817e-01
    outer loop
      vertex   3.684876e-02 -4.441342e-02 2.044742e-01
      vertex   3.461278e-02 -4.603553e-02 2.100257e-01
      vertex   3.577279e-02 -4.603553e-02 2.043436e-01
    endloop
  endfacet
  facet normal 8.316267e-01 -5.543229e-01 3.351341e-02
    outer loop
      vertex   3.684876e-02 -4.441342e-02 2.044742e-01
      vertex   3.577279e-02 -4.603553e-02 2.043436e-01
      vertex   3.708929e-02 -4.441342e-02 1.985054e-01
    endloop
  endfacet
  facet normal 8.316267e-01 -5.543229e-01 3.351341e-02
    outer loop
      vertex   3.708929e-02 -4.441342e-02 1.985054e-01
      vertex   3.577279e-02 -4.603553e-02 2.043436e-01
      vertex   3.600631e-02 -4.603553e-02 1.985490e-01
    endloop
  endfacet
  facet normal 8.262333e-01 -5.543229e-01 -1.003229e-01
    outer loop
      vertex   3.708929e-02 -4.441342e-02 1.985054e-01
      vertex   3.600631e-02 -4.603553e-02 1.985490e-01
      vertex   3.636924e-02 -4.441342e-02 1.925752e-01
    endloop
  endfacet
  facet normal 8.262333e-01 -5.543229e-01 -1.003229e-01
    outer loop
      vertex   3.636924e-02 -4.441342e-02 1.925752e-01
      vertex   3.600631e-02 -4.603553e-02 1.985490e-01
      vertex   3.530728e-02 -4.603553e-02 1.927920e-01
    endloop
  endfacet
  facet normal 7.994409e-01 -5.543229e-01 -2.315609e-01
    outer loop
      vertex   3.636924e-02 -4.441342e-02 1.925752e-01
      vertex   3.530728e-02 -4.603553e-02 1.927920e-01
      vertex   3.470724e-02 -4.441342e-02 1.868373e-01
    endloop
  endfacet
  facet normal 7.994409e-01 -5.543229e-01 -2.315609e-01
    outer loop
      vertex   3.470724e-02 -4.441342e-02 1.868373e-01
      vertex   3.530728e-02 -4.603553e-02 1.927920e-01
      vertex   3.369381e-02 -4.603553e-02 1.872216e-01
    endloop
  endfacet
  facet normal 7.519433e-01 -5.543229e-01 -3.568016e-01
    outer loop
      vertex   3.470724e-02 -4.441342e-02 1.868373e-01
      vertex   3.369381e-02 -4.603553e-02 1.872216e-01
      vertex   3.214634e-02 -4.441342e-02 1.814403e-01
    endloop
  endfacet
  facet normal 7.519433e-01 -5.543229e-01 -3.568016e-01
    outer loop
      vertex   3.214634e-02 -4.441342e-02 1.814403e-01
      vertex   3.369381e-02 -4.603553e-02 1.872216e-01
      vertex   3.120769e-02 -4.603553e-02 1.819822e-01
    endloop
  endfacet
  facet normal 6.849709e-01 -5.543229e-01 -4.728013e-01
    outer loop
      vertex   3.214634e-02 -4.441342e-02 1.814403e-01
      vertex   3.120769e-02 -4.603553e-02 1.819822e-01
      vertex   2.875287e-02 -4.441342e-02 1.765240e-01
    endloop
  endfacet
  facet normal 6.849709e-01 -5.543229e-01 -4.728013e-01
    outer loop
      vertex   2.875287e-02 -4.441342e-02 1.765240e-01
      vertex   3.120769e-02 -4.603553e-02 1.819822e-01
      vertex   2.791330e-02 -4.603553e-02 1.772095e-01
    endloop
  endfacet
  facet normal 6.002580e-01 -5.543229e-01 -5.765557e-01
    outer loop
      vertex   2.875287e-02 -4.441342e-02 1.765240e-01
      vertex   2.791330e-02 -4.603553e-02 1.772095e-01
      vertex   2.461471e-02 -4.441342e-02 1.722157e-01
    endloop
  endfacet
  facet normal 6.002580e-01 -5.543229e-01 -5.765557e-01
    outer loop
      vertex   2.461471e-02 -4.441342e-02 1.722157e-01
      vertex   2.791330e-02 -4.603553e-02 1.772095e-01
      vertex   2.389598e-02 -4.603553e-02 1.730270e-01
    endloop
  endfacet
  facet normal 4.999988e-01 -5.543229e-01 -6.653776e-01
    outer loop
      vertex   2.461471e-02 -4.441342e-02 1.722157e-01
      vertex   2.389598e-02 -4.603553e-02 1.730270e-01
      vertex   1.983905e-02 -4.441342e-02 1.686271e-01
    endloop
  endfacet
  facet normal 4.999988e-01 -5.543229e-01 -6.653776e-01
    outer loop
      vertex   1.983905e-02 -4.441342e-02 1.686271e-01
      vertex   2.389598e-02 -4.603553e-02 1.730270e-01
      vertex   1.925976e-02 -4.603553e-02 1.695431e-01
    endloop
  endfacet
  facet normal 3.867899e-01 -5.543229e-01 -7.369666e-01
    outer loop
      vertex   1.983905e-02 -4.441342e-02 1.686271e-01
      vertex   1.925976e-02 -4.603553e-02 1.695431e-01
      vertex   1.454956e-02 -4.441342e-02 1.658509e-01
    endloop
  endfacet
  facet normal 3.867899e-01 -5.543229e-01 -7.369666e-01
    outer loop
      vertex   1.454956e-02 -4.441342e-02 1.658509e-01
      vertex   1.925976e-02 -4.603553e-02 1.695431e-01
      vertex   1.412473e-02 -4.603553e-02 1.668480e-01
    endloop
  endfacet
  facet normal 2.635633e-01 -5.543229e-01 -7.894685e-01
    outer loop
      vertex   1.454956e-02 -4.441342e-02 1.658509e-01
      vertex   1.412473e-02 -4.603553e-02 1.668480e-01
      vertex   8.883253e-03 -4.441342e-02 1.639592e-01
    endloop
  endfacet
  facet normal 2.635633e-01 -5.543229e-01 -7.894685e-01
    outer loop
      vertex   8.883253e-03 -4.441342e-02 1.639592e-01
      vertex   1.412473e-02 -4.603553e-02 1.668480e-01
      vertex   8.623868e-03 -4.603553e-02 1.650116e-01
    endloop
  endfacet
  facet normal 1.335106e-01 -5.543229e-01 -8.215236e-01
    outer loop
      vertex   8.883253e-03 -4.441342e-02 1.639592e-01
      vertex   8.623868e-03 -4.603553e-02 1.650116e-01
      vertex   2.986871e-03 -4.441342e-02 1.630010e-01
    endloop
  endfacet
  facet normal 1.335106e-01 -5.543229e-01 -8.215236e-01
    outer loop
      vertex   2.986871e-03 -4.441342e-02 1.630010e-01
      vertex   8.623868e-03 -4.603553e-02 1.650116e-01
      vertex   2.899656e-03 -4.603553e-02 1.640813e-01
    endloop
  endfacet
  facet normal -0.000000e+00 -5.543229e-01 -8.323017e-01
    outer loop
      vertex   2.986871e-03 -4.441342e-02 1.630010e-01
      vertex   2.899656e-03 -4.603553e-02 1.640813e-01
      vertex   -2.986871e-03 -4.441342e-02 1.630010e-01
    endloop
  endfacet
  facet normal 0.000000e+00 -5.543229e-01 -8.323017e-01
    outer loop
      vertex   -2.986871e-03 -4.441342e-02 1.630010e-01
      vertex   2.899656e-03 -4.603553e-02 1.640813e-01
      vertex   -2.899656e-03 -4.603553e-02 1.640813e-01
    endloop
  endfacet
  facet normal -1.335106e-01 -5.543229e-01 -8.215236e-01
    outer loop
      vertex   -2.986871e-03 -4.441342e-02 1.630010e-01
      vertex   -2.899656e-03 -4.603553e-02 1.640813e-01
      vertex   -8.883253e-03 -4.441342e-02 1.639592e-01
    endloop
  endfacet
  facet normal -1.335106e-01 -5.543229e-01 -8.215236e-01
    outer loop
      vertex   -8.883253e-03 -4.441342e-02 1.639592e-01
      vertex   -2.899656e-03 -4.603553e-02 1.640813e-01
      vertex   -8.623868e-03 -4.603553e-02 1.650116e-01
    endloop
  endfacet
  facet normal -2.635633e-01 -5.543229e-01 -7.894685e-01
    outer loop
      vertex   -8.883253e-03 -4.441342e-02 1.639592e-01
      vertex   -8.623868e-03 -4.603553e-02 1.650116e-01
      vertex   -1.454956e-02 -4.441342e-02 1.658509e-01
    endloop
  endfacet
  facet normal -2.635633e-01 -5.543229e-01 -7.894685e-01
    outer loop
      vertex   -1.454956e-02 -4.441342e-02 1.658509e-01
      vertex   -8.623868e-03 -4.603553e-02 1.650116e-01
      vertex   -1.412473e-02 -4.603553e-02 1.668480e-01
    endloop
  endfacet
  facet normal -3.867899e-01 -5.543229e-01 -7.369666e-01
    outer loop
      vertex   -1.454956e-02 -4.441342e-02 1.658509e-01
      vertex   -1.412473e-02 -4.603553e-02 1.668480e-01
      vertex   -1.983905e-02 -4.441342e-02 1.686271e-01
    endloop
  endfacet
  facet normal -3.867899e-01 -5.543229e-01 -7.369666e-01
    outer loop
      vertex   -1.983905e-02 -4.441342e-02 1.686271e-01
      vertex   -1.412473e-02 -4.603553e-02 1.668480e-01
      vertex   -1.925976e-02 -4.603553e-02 1.695431e-01
    endloop
  endfacet
  facet normal -4.999988e-01 -5.543229e-01 -6.653776e-01
    outer loop
      vertex   -1.983905e-02 -4.441342e-02 1.686271e-01
      vertex   -1.925976e-02 -4.603553e-02 1.695431e-01
      vertex   -2.461471e-02 -4.441342e-02 1.722157e-01
    endloop
  endfacet
  facet normal -4.999988e-01 -5.543229e-01 -6.653776e-01
    outer loop
      vertex   -2.461471e-02 -4.441342e-02 1.722157e-01
      vertex   -1.925976e-02 -4.603553e-02 1.695431e-01
      vertex   -2.389598e-02 -4.603553e-02 1.730270e-01
    endloop
  endfacet
  facet normal -6.002580e-01 -5.543229e-01 -5.765557e-01
    outer loop
      vertex   -2.461471e-02 -4.441342e-02 1.722157e-01
      vertex   -2.389598e-02 -4.603553e-02 1.730270e-01
      vertex   -2.875287e-02 -4.441342e-02 1.765240e-01
    endloop
  endfacet
  facet normal -6.002580e-01 -5.543229e-01 -5.765557e-01
    outer loop
      vertex   -2.875287e-02 -4.441342e-02 1.765240e-01
      vertex   -2.389598e-02 -4.603553e-02 1.730270e-01
      vertex   -2.791330e-02 -4.603553e-02 1.772095e-01
    endloop
  endfacet
  facet normal -6.849709e-01 -5.543229e-01 -4.728013e-01
    outer loop
      vertex   -2.875287e-02 -4.441342e-02 1.765240e-01
      vertex   -2.791330e-02 -4.603553e-02 1.772095e-01
      vertex   -3.214634e-02 -4.441342e-02 1.814403e-01
    endloop
  endfacet
  facet normal -6.849709e-01 -5.543229e-01 -4.728013e-01
    outer loop
      vertex   -3.214634e-02 -4.441342e-02 1.814403e-01
      vertex   -2.791330e-02 -4.603553e-02 1.772095e-01
      vertex   -3.120769e-02 -4.603553e-02 1.819822e-01
    endloop
  endfacet
  facet normal -7.519433e-01 -5.543229e-01 -3.568016e-01
    outer loop
      vertex   -3.214634e-02 -4.441342e-02 1.814403e-01
      vertex   -3.120769e-02 -4.603553e-02 1.819822e-01
      vertex   -3.470724e-02 -4.441342e-02 1.868373e-01
    endloop
  endfacet
  facet normal -7.519433e-01 -5.543229e-01 -3.568016e-01
    outer loop
      vertex   -3.470724e-02 -4.441342e-02 1.868373e-01
      vertex   -3.120769e-02 -4.603553e-02 1.819822e-01
      vertex   -3.369381e-02 -4.603553e-02 1.872216e-01
    endloop
  endfacet
  facet normal -7.994409e-01 -5.543229e-01 -2.315609e-01
    outer loop
      vertex   -3.470724e-02 -4.441342e-02 1.868373e-01
      vertex   -3.369381e-02 -4.603553e-02 1.872216e-01
      vertex   -3.636924e-02 -4.441342e-02 1.925752e-01
    endloop
  endfacet
  facet normal -7.994409e-01 -5.543229e-01 -2.315609e-01
    outer loop
      vertex   -3.636924e-02 -4.441342e-02 1.925752e-01
      vertex   -3.369381e-02 -4.603553e-02 1.872216e-01
      vertex   -3.530728e-02 -4.603553e-02 1.927920e-01
    endloop
  endfacet
  facet normal -8.262333e-01 -5.543229e-01 -1.003229e-01
    outer loop
      vertex   -3.636924e-02 -4.441342e-02 1.925752e-01
      vertex   -3.530728e-02 -4.603553e-02 1.927920e-01
      vertex   -3.708929e-02 -4.441342e-02 1.985054e-01
    endloop
  endfacet
  facet normal -8.262333e-01 -5.543229e-01 -1.003229e-01
    outer loop
      vertex   -3.708929e-02 -4.441342e-02 1.985054e-01
      vertex   -3.530728e-02 -4.603553e-02 1.927920e-01
      vertex   -3.600631e-02 -4.603553e-02 1.985490e-01
    endloop
  endfacet
  facet normal -8.316267e-01 -5.543229e-01 3.351341e-02
    outer loop
      vertex   -3.708929e-02 -4.441342e-02 1.985054e-01
      vertex   -3.600631e-02 -4.603553e-02 1.985490e-01
      vertex   -3.684876e-02 -4.441342e-02 2.044742e-01
    endloop
  endfacet
  facet normal -8.316267e-01 -5.543229e-01 3.351341e-02
    outer loop
      vertex   -3.684876e-02 -4.441342e-02 2.044742e-01
      vertex   -3.600631e-02 -4.603553e-02 1.985490e-01
      vertex   -3.577279e-02 -4.603553e-02 2.043436e-01
    endloop
  endfacet
  facet normal -8.154814e-01 -5.543229e-01 1.664817e-01
    outer loop
      vertex   -3.684876e-02 -4.441342e-02 2.044742e-01
      vertex   -3.577279e-02 -4.603553e-02 2.043436e-01
      vertex   -3.565385e-02 -4.441342e-02 2.103273e-01
    endloop
  endfacet
  facet normal -8.154814e-01 -5.543229e-01 1.664817e-01
    outer loop
      vertex   -3.565385e-02 -4.441342e-02 2.103273e-01
      vertex   -3.577279e-02 -4.603553e-02 2.043436e-01
      vertex   -3.461278e-02 -4.603553e-02 2.100257e-01
    endloop
  endfacet
  facet normal -7.782156e-01 -5.543229e-01 2.951383e-01
    outer loop
      vertex   -3.565385e-02 -4.441342e-02 2.103273e-01
      vertex   -3.461278e-02 -4.603553e-02 2.100257e-01
      vertex   -3.353554e-02 -4.441342e-02 2.159128e-01
    endloop
  endfacet
  facet normal -7.782156e-01 -5.543229e-01 2.951383e-01
    outer loop
      vertex   -3.353554e-02 -4.441342e-02 2.159128e-01
      vertex   -3.461278e-02 -4.603553e-02 2.100257e-01
      vertex   -3.255632e-02 -4.603553e-02 2.154482e-01
    endloop
  endfacet
  facet normal -7.207944e-01 -5.543229e-01 4.161509e-01
    outer loop
      vertex   -3.353554e-02 -4.441342e-02 2.159128e-01
      vertex   -3.255632e-02 -4.603553e-02 2.154482e-01
      vertex   -3.054867e-02 -4.441342e-02 2.210862e-01
    endloop
  endfacet
  facet normal -7.207944e-01 -5.543229e-01 4.161509e-01
    outer loop
      vertex   -3.054867e-02 -4.441342e-02 2.210862e-01
      vertex   -3.255632e-02 -4.603553e-02 2.154482e-01
      vertex   -2.965666e-02 -4.603553e-02 2.204705e-01
    endloop
  endfacet
  facet normal -6.448439e-01 -5.543313e-01 5.262064e-01
    outer loop
      vertex   -3.054867e-02 -4.441342e-02 2.210862e-01
      vertex   -2.965666e-02 -4.603553e-02 2.204705e-01
      vertex   -2.600250e-02 -4.603553e-02 2.249485e-01
    endloop
  endfacet
  facet normal -4.315413e-01 -8.305208e-01 3.521468e-01
    outer loop
      vertex   -2.600250e-02 -4.603553e-02 2.249485e-01
      vertex   -2.965666e-02 -4.603553e-02 2.204705e-01
      vertex   -2.483850e-02 -4.711940e-02 2.238187e-01
    endloop
  endfacet
  facet normal -3.692923e-01 -8.307522e-01 4.165022e-01
    outer loop
      vertex   -2.600250e-02 -4.603553e-02 2.249485e-01
      vertex   -2.483850e-02 -4.711940e-02 2.238187e-01
      vertex   -2.067359e-02 -4.711940e-02 2.275116e-01
    endloop
  endfacet
  facet normal -6.697246e-02 -5.543229e-01 8.296028e-01
    outer loop
      vertex   -2.781197e-20 -4.603553e-02 2.360355e-01
      vertex   1.049231e-19 -4.441342e-02 2.371194e-01
      vertex   -5.780506e-03 -4.603553e-02 2.355689e-01
    endloop
  endfacet
  facet normal -6.697246e-02 -5.543229e-01 8.296028e-01
    outer loop
      vertex   -5.780506e-03 -4.603553e-02 2.355689e-01
      vertex   1.049231e-19 -4.441342e-02 2.371194e-01
      vertex   -5.954370e-03 -4.441342e-02 2.366387e-01
    endloop
  endfacet
  facet normal -1.991828e-01 -5.543229e-01 8.081165e-01
    outer loop
      vertex   -5.780506e-03 -4.603553e-02 2.355689e-01
      vertex   -5.954370e-03 -4.441342e-02 2.366387e-01
      vertex   -1.141130e-02 -4.603553e-02 2.341810e-01
    endloop
  endfacet
  facet normal -1.991828e-01 -5.543229e-01 8.081165e-01
    outer loop
      vertex   -1.141130e-02 -4.603553e-02 2.341810e-01
      vertex   -5.954370e-03 -4.441342e-02 2.366387e-01
      vertex   -1.175453e-02 -4.441342e-02 2.352091e-01
    endloop
  endfacet
  facet normal -3.262345e-01 -5.543229e-01 7.657005e-01
    outer loop
      vertex   -1.141130e-02 -4.603553e-02 2.341810e-01
      vertex   -1.175453e-02 -4.441342e-02 2.352091e-01
      vertex   -1.674655e-02 -4.603553e-02 2.319079e-01
    endloop
  endfacet
  facet normal -3.262345e-01 -5.543229e-01 7.657005e-01
    outer loop
      vertex   -1.674655e-02 -4.603553e-02 2.319079e-01
      vertex   -1.175453e-02 -4.441342e-02 2.352091e-01
      vertex   -1.725024e-02 -4.441342e-02 2.328676e-01
    endloop
  endfacet
  facet normal -4.448368e-01 -5.543229e-01 7.034532e-01
    outer loop
      vertex   -1.674655e-02 -4.603553e-02 2.319079e-01
      vertex   -1.725024e-02 -4.441342e-02 2.328676e-01
      vertex   -2.164807e-02 -4.603553e-02 2.288083e-01
    endloop
  endfacet
  facet normal -4.448368e-01 -5.543229e-01 7.034532e-01
    outer loop
      vertex   -2.164807e-02 -4.603553e-02 2.288083e-01
      vertex   -1.725024e-02 -4.441342e-02 2.328676e-01
      vertex   -2.229919e-02 -4.441342e-02 2.296748e-01
    endloop
  endfacet
  facet normal -5.520048e-01 -5.543187e-01 6.229138e-01
    outer loop
      vertex   -2.164807e-02 -4.603553e-02 2.288083e-01
      vertex   -2.229919e-02 -4.441342e-02 2.296748e-01
      vertex   -2.677760e-02 -4.441342e-02 2.257062e-01
    endloop
  endfacet
  facet normal 9.969173e-01 0.000000e+00 7.845910e-02
    outer loop
      vertex   3.703831e-02 4.250000e-02 2.058663e-01
      vertex   3.750000e-02 2.750000e-02 2.000000e-01
      vertex   3.750000e-02 4.250000e-02 2.000000e-01
    endloop
  endfacet
  facet normal 9.990257e-01 0.000000e+00 -4.413251e-02
    outer loop
      vertex   3.750000e-02 4.250000e-02 2.000000e-01
      vertex   3.750000e-02 2.750000e-02 2.000000e-01
      vertex   3.735441e-02 2.919756e-02 1.967043e-01
    endloop
  endfacet
  facet normal 9.968811e-01 8.527263e-03 -7.845624e-02
    outer loop
      vertex   3.750000e-02 4.250000e-02 2.000000e-01
      vertex   3.735441e-02 2.919756e-02 1.967043e-01
      vertex   3.703831e-02 4.250000e-02 1.941337e-01
    endloop
  endfacet
  facet normal 9.909933e-01 -2.325016e-03 -1.338915e-01
    outer loop
      vertex   3.703831e-02 4.250000e-02 1.941337e-01
      vertex   3.735441e-02 2.919756e-02 1.967043e-01
      vertex   3.690389e-02 3.090100e-02 1.933402e-01
    endloop
  endfacet
  facet normal 9.752230e-01 3.829938e-03 -2.211911e-01
    outer loop
      vertex   3.703831e-02 4.250000e-02 1.941337e-01
      vertex   3.690389e-02 3.090100e-02 1.933402e-01
      vertex   3.613148e-02 3.254907e-02 1.899632e-01
    endloop
  endfacet
  facet normal 9.969173e-01 0.000000e+00 7.845910e-02
    outer loop
      vertex   3.750000e-02 2.750000e-02 2.000000e-01
      vertex   3.703831e-02 4.250000e-02 2.058663e-01
      vertex   3.703831e-02 -4.250000e-02 2.058663e-01
    endloop
  endfacet
  facet normal 9.723699e-01 -0.000000e+00 2.334454e-01
    outer loop
      vertex   3.703831e-02 -4.250000e-02 2.058663e-01
      vertex   3.703831e-02 4.250000e-02 2.058663e-01
      vertex   3.566462e-02 4.250000e-02 2.115881e-01
    endloop
  endfacet
  facet normal 9.723699e-01 0.000000e+00 2.334454e-01
    outer loop
      vertex   3.703831e-02 -4.250000e-02 2.058663e-01
      vertex   3.566462e-02 4.250000e-02 2.115881e-01
      vertex   3.566462e-02 -4.250000e-02 2.115881e-01
    endloop
  endfacet
  facet normal 9.238795e-01 -0.000000e+00 3.826834e-01
    outer loop
      vertex   3.566462e-02 -4.250000e-02 2.115881e-01
      vertex   3.566462e-02 4.250000e-02 2.115881e-01
      vertex   3.341274e-02 4.250000e-02 2.170246e-01
    endloop
  endfacet
  facet normal 9.238795e-01 0.000000e+00 3.826834e-01
    outer loop
      vertex   3.566462e-02 -4.250000e-02 2.115881e-01
      vertex   3.341274e-02 4.250000e-02 2.170246e-01
      vertex   3.341274e-02 -4.250000e-02 2.170246e-01
    endloop
  endfacet
  facet normal 8.526402e-01 -0.000000e+00 5.224986e-01
    outer loop
      vertex   3.341274e-02 -4.250000e-02 2.170246e-01
      vertex   3.341274e-02 4.250000e-02 2.170246e-01
      vertex   3.033814e-02 4.250000e-02 2.220419e-01
    endloop
  endfacet
  facet normal 8.526402e-01 0.000000e+00 5.224986e-01
    outer loop
      vertex   3.341274e-02 -4.250000e-02 2.170246e-01
      vertex   3.033814e-02 4.250000e-02 2.220419e-01
      vertex   3.033814e-02 -4.250000e-02 2.220419e-01
    endloop
  endfacet
  facet normal 7.604060e-01 -0.000000e+00 6.494480e-01
    outer loop
      vertex   3.033814e-02 -4.250000e-02 2.220419e-01
      vertex   3.033814e-02 4.250000e-02 2.220419e-01
      vertex   2.651650e-02 4.250000e-02 2.265165e-01
    endloop
  endfacet
  facet normal 7.604060e-01 0.000000e+00 6.494480e-01
    outer loop
      vertex   3.033814e-02 -4.250000e-02 2.220419e-01
      vertex   2.651650e-02 4.250000e-02 2.265165e-01
      vertex   2.651650e-02 -4.250000e-02 2.265165e-01
    endloop
  endfacet
  facet normal 6.494480e-01 -0.000000e+00 7.604060e-01
    outer loop
      vertex   2.651650e-02 -4.250000e-02 2.265165e-01
      vertex   2.651650e-02 4.250000e-02 2.265165e-01
      vertex   2.204195e-02 4.250000e-02 2.303381e-01
    endloop
  endfacet
  facet normal 6.494480e-01 0.000000e+00 7.604060e-01
    outer loop
      vertex   2.651650e-02 -4.250000e-02 2.265165e-01
      vertex   2.204195e-02 4.250000e-02 2.303381e-01
      vertex   2.204195e-02 -4.250000e-02 2.303381e-01
    endloop
  endfacet
  facet normal 5.224986e-01 -0.000000e+00 8.526402e-01
    outer loop
      vertex   2.204195e-02 -4.250000e-02 2.303381e-01
      vertex   2.204195e-02 4.250000e-02 2.303381e-01
      vertex   1.702464e-02 4.250000e-02 2.334127e-01
    endloop
  endfacet
  facet normal 5.224986e-01 0.000000e+00 8.526402e-01
    outer loop
      vertex   2.204195e-02 -4.250000e-02 2.303381e-01
      vertex   1.702464e-02 4.250000e-02 2.334127e-01
      vertex   1.702464e-02 -4.250000e-02 2.334127e-01
    endloop
  endfacet
  facet normal 3.826834e-01 -0.000000e+00 9.238795e-01
    outer loop
      vertex   1.702464e-02 -4.250000e-02 2.334127e-01
      vertex   1.702464e-02 4.250000e-02 2.334127e-01
      vertex   1.158814e-02 4.250000e-02 2.356646e-01
    endloop
  endfacet
  facet normal 3.826834e-01 0.000000e+00 9.238795e-01
    outer loop
      vertex   1.702464e-02 -4.250000e-02 2.334127e-01
      vertex   1.158814e-02 4.250000e-02 2.356646e-01
      vertex   1.158814e-02 -4.250000e-02 2.356646e-01
    endloop
  endfacet
  facet normal 2.334454e-01 -0.000000e+00 9.723699e-01
    outer loop
      vertex   1.158814e-02 -4.250000e-02 2.356646e-01
      vertex   1.158814e-02 4.250000e-02 2.356646e-01
      vertex   5.866292e-03 4.250000e-02 2.370383e-01
    endloop
  endfacet
  facet normal 2.334454e-01 0.000000e+00 9.723699e-01
    outer loop
      vertex   1.158814e-02 -4.250000e-02 2.356646e-01
      vertex   5.866292e-03 4.250000e-02 2.370383e-01
      vertex   5.866292e-03 -4.250000e-02 2.370383e-01
    endloop
  endfacet
  facet normal 7.845910e-02 -0.000000e+00 9.969173e-01
    outer loop
      vertex   5.866292e-03 -4.250000e-02 2.370383e-01
      vertex   5.866292e-03 4.250000e-02 2.370383e-01
      vertex   -6.737105e-18 4.250000e-02 2.375000e-01
    endloop
  endfacet
  facet normal 7.845910e-02 0.000000e+00 9.969173e-01
    outer loop
      vertex   5.866292e-03 -4.250000e-02 2.370383e-01
      vertex   -6.737105e-18 4.250000e-02 2.375000e-01
      vertex   -6.737105e-18 -4.250000e-02 2.375000e-01
    endloop
  endfacet
  facet normal -7.845910e-02 0.000000e+00 9.969173e-01
    outer loop
      vertex   -6.737105e-18 -4.250000e-02 2.375000e-01
      vertex   -6.737105e-18 4.250000e-02 2.375000e-01
      vertex   -5.866292e-03 4.250000e-02 2.370383e-01
    endloop
  endfacet
  facet normal -7.845910e-02 0.000000e+00 9.969173e-01
    outer loop
      vertex   -6.737105e-18 -4.250000e-02 2.375000e-01
      vertex   -5.866292e-03 4.250000e-02 2.370383e-01
      vertex   -5.866292e-03 -4.250000e-02 2.370383e-01
    endloop
  endfacet
  facet normal -2.334454e-01 0.000000e+00 9.723699e-01
    outer loop
      vertex   -5.866292e-03 -4.250000e-02 2.370383e-01
      vertex   -5.866292e-03 4.250000e-02 2.370383e-01
      vertex   -1.158814e-02 4.250000e-02 2.356646e-01
    endloop
  endfacet
  facet normal -2.334454e-01 0.000000e+00 9.723699e-01
    outer loop
      vertex   -5.866292e-03 -4.250000e-02 2.370383e-01
      vertex   -1.158814e-02 4.250000e-02 2.356646e-01
      vertex   -1.158814e-02 -4.250000e-02 2.356646e-01
    endloop
  endfacet
  facet normal -3.826834e-01 0.000000e+00 9.238795e-01
    outer loop
      vertex   -1.158814e-02 -4.250000e-02 2.356646e-01
      vertex   -1.158814e-02 4.250000e-02 2.356646e-01
      vertex   -1.702464e-02 4.250000e-02 2.334127e-01
    endloop
  endfacet
  facet normal -3.826834e-01 0.000000e+00 9.238795e-01
    outer loop
      vertex   -1.158814e-02 -4.250000e-02 2.356646e-01
      vertex   -1.702464e-02 4.250000e-02 2.334127e-01
      vertex   -1.702464e-02 -4.250000e-02 2.334127e-01
    endloop
  endfacet
  facet normal -5.224986e-01 0.000000e+00 8.526402e-01
    outer loop
      vertex   -1.702464e-02 -4.250000e-02 2.334127e-01
      vertex   -1.702464e-02 4.250000e-02 2.334127e-01
      vertex   -2.204195e-02 4.250000e-02 2.303381e-01
    endloop
  endfacet
  facet normal -5.224986e-01 0.000000e+00 8.526402e-01
    outer loop
      vertex   -1.702464e-02 -4.250000e-02 2.334127e-01
      vertex   -2.204195e-02 4.250000e-02 2.303381e-01
      vertex   -2.204195e-02 -4.250000e-02 2.303381e-01
    endloop
  endfacet
  facet normal -6.494480e-01 0.000000e+00 7.604060e-01
    outer loop
      vertex   -2.204195e-02 -4.250000e-02 2.303381e-01
      vertex   -2.204195e-02 4.250000e-02 2.303381e-01
      vertex   -2.651650e-02 4.250000e-02 2.265165e-01
    endloop
  endfacet
  facet normal -6.494480e-01 0.000000e+00 7.604060e-01
    outer loop
      vertex   -2.204195e-02 -4.250000e-02 2.303381e-01
      vertex   -2.651650e-02 4.250000e-02 2.265165e-01
      vertex   -2.651650e-02 -4.250000e-02 2.265165e-01
    endloop
  endfacet
  facet normal -7.604060e-01 0.000000e+00 6.494480e-01
    outer loop
      vertex   -2.651650e-02 -4.250000e-02 2.265165e-01
      vertex   -2.651650e-02 4.250000e-02 2.265165e-01
      vertex   -3.033814e-02 4.250000e-02 2.220419e-01
    endloop
  endfacet
  facet normal -7.604060e-01 0.000000e+00 6.494480e-01
    outer loop
      vertex   -2.651650e-02 -4.250000e-02 2.265165e-01
      vertex   -3.033814e-02 4.250000e-02 2.220419e-01
      vertex   -3.033814e-02 -4.250000e-02 2.220419e-01
    endloop
  endfacet
  facet normal -8.526402e-01 0.000000e+00 5.224986e-01
    outer loop
      vertex   -3.033814e-02 -4.250000e-02 2.220419e-01
      vertex   -3.033814e-02 4.250000e-02 2.220419e-01
      vertex   -3.341274e-02 4.250000e-02 2.170246e-01
    endloop
  endfacet
  facet normal -8.526402e-01 0.000000e+00 5.224986e-01
    outer loop
      vertex   -3.033814e-02 -4.250000e-02 2.220419e-01
      vertex   -3.341274e-02 4.250000e-02 2.170246e-01
      vertex   -3.341274e-02 -4.250000e-02 2.170246e-01
    endloop
  endfacet
  facet normal -9.238795e-01 0.000000e+00 3.826834e-01
    outer loop
      vertex   -3.341274e-02 -4.250000e-02 2.170246e-01
      vertex   -3.341274e-02 4.250000e-02 2.170246e-01
      vertex   -3.566462e-02 4.250000e-02 2.115881e-01
    endloop
  endfacet
  facet normal -9.238795e-01 0.000000e+00 3.826834e-01
    outer loop
      vertex   -3.341274e-02 -4.250000e-02 2.170246e-01
      vertex   -3.566462e-02 4.250000e-02 2.115881e-01
      vertex   -3.566462e-02 -4.250000e-02 2.115881e-01
    endloop
  endfacet
  facet normal -9.723699e-01 0.000000e+00 2.334454e-01
    outer loop
      vertex   -3.566462e-02 -4.250000e-02 2.115881e-01
      vertex   -3.566462e-02 4.250000e-02 2.115881e-01
      vertex   -3.703831e-02 4.250000e-02 2.058663e-01
    endloop
  endfacet
  facet normal -9.723699e-01 0.000000e+00 2.334454e-01
    outer loop
      vertex   -3.566462e-02 -4.250000e-02 2.115881e-01
      vertex   -3.703831e-02 4.250000e-02 2.058663e-01
      vertex   -3.703831e-02 -4.250000e-02 2.058663e-01
    endloop
  endfacet
  facet normal -9.969173e-01 0.000000e+00 7.845910e-02
    outer loop
      vertex   -3.703831e-02 -4.250000e-02 2.058663e-01
      vertex   -3.703831e-02 4.250000e-02 2.058663e-01
      vertex   -3.750000e-02 -2.750000e-02 2.000000e-01
    endloop
  endfacet
  facet normal -9.969173e-01 1.386667e-15 7.845910e-02
    outer loop
      vertex   -3.703831e-02 -4.250000e-02 2.058663e-01
      vertex   -3.750000e-02 -2.750000e-02 2.000000e-01
      vertex   -3.750000e-02 -4.250000e-02 2.000000e-01
    endloop
  endfacet
  facet normal -9.990257e-01 1.386427e-15 -4.413251e-02
    outer loop
      vertex   -3.750000e-02 -4.250000e-02 2.000000e-01
      vertex   -3.750000e-02 -2.750000e-02 2.000000e-01
      vertex   -3.735441e-02 -2.919756e-02 1.967043e-01
    endloop
  endfacet
  facet normal -9.968811e-01 -8.527263e-03 -7.845624e-02
    outer loop
      vertex   -3.750000e-02 -4.250000e-02 2.000000e-01
      vertex   -3.735441e-02 -2.919756e-02 1.967043e-01
      vertex   -3.703831e-02 -4.250000e-02 1.941337e-01
    endloop
  endfacet
  facet normal -9.909933e-01 2.325016e-03 -1.338915e-01
    outer loop
      vertex   -3.703831e-02 -4.250000e-02 1.941337e-01
      vertex   -3.735441e-02 -2.919756e-02 1.967043e-01
      vertex   -3.690389e-02 -3.090100e-02 1.933402e-01
    endloop
  endfacet
  facet normal -9.752230e-01 -3.829938e-03 -2.211911e-01
    outer loop
      vertex   -3.703831e-02 -4.250000e-02 1.941337e-01
      vertex   -3.690389e-02 -3.090100e-02 1.933402e-01
      vertex   -3.613148e-02 -3.254907e-02 1.899632e-01
    endloop
  endfacet
  facet normal -9.969173e-01 -2.515456e-16 7.845910e-02
    outer loop
      vertex   -3.750000e-02 -2.750000e-02 2.000000e-01
      vertex   -3.703831e-02 4.250000e-02 2.058663e-01
      vertex   -3.750000e-02 2.750000e-02 2.000000e-01
    endloop
  endfacet
  facet normal -9.969173e-01 -4.611669e-16 7.845910e-02
    outer loop
      vertex   -3.750000e-02 2.750000e-02 2.000000e-01
      vertex   -3.703831e-02 4.250000e-02 2.058663e-01
      vertex   -3.750000e-02 4.250000e-02 2.000000e-01
    endloop
  endfacet
  facet normal -9.990257e-01 -4.621422e-16 -4.413251e-02
    outer loop
      vertex   -3.750000e-02 2.750000e-02 2.000000e-01
      vertex   -3.750000e-02 4.250000e-02 2.000000e-01
      vertex   -3.735441e-02 2.919756e-02 1.967043e-01
    endloop
  endfacet
  facet normal -9.968811e-01 8.527263e-03 -7.845624e-02
    outer loop
      vertex   -3.735441e-02 2.919756e-02 1.967043e-01
      vertex   -3.750000e-02 4.250000e-02 2.000000e-01
      vertex   -3.703831e-02 4.250000e-02 1.941337e-01
    endloop
  endfacet
  facet normal -9.909933e-01 -2.325016e-03 -1.338915e-01
    outer loop
      vertex   -3.735441e-02 2.919756e-02 1.967043e-01
      vertex   -3.703831e-02 4.250000e-02 1.941337e-01
      vertex   -3.690389e-02 3.090100e-02 1.933402e-01
    endloop
  endfacet
  facet normal -9.752230e-01 3.829938e-03 -2.211911e-01
    outer loop
      vertex   -3.690389e-02 3.090100e-02 1.933402e-01
      vertex   -3.703831e-02 4.250000e-02 1.941337e-01
      vertex   -3.613148e-02 3.254907e-02 1.899632e-01
    endloop
  endfacet
  facet normal -9.723285e-01 9.225351e-03 -2.334354e-01
    outer loop
      vertex   -3.613148e-02 3.254907e-02 1.899632e-01
      vertex   -3.703831e-02 4.250000e-02 1.941337e-01
      vertex   -3.566462e-02 4.250000e-02 1.884119e-01
    endloop
  endfacet
  facet normal -9.493333e-01 -4.451026e-03 -3.142395e-01
    outer loop
      vertex   -3.613148e-02 3.254907e-02 1.899632e-01
      vertex   -3.566462e-02 4.250000e-02 1.884119e-01
      vertex   -3.503342e-02 3.407629e-02 1.866243e-01
    endloop
  endfacet
  facet normal -9.238132e-01 1.197965e-02 -3.826560e-01
    outer loop
      vertex   -3.503342e-02 3.407629e-02 1.866243e-01
      vertex   -3.566462e-02 4.250000e-02 1.884119e-01
      vertex   -3.341274e-02 4.250000e-02 1.829754e-01
    endloop
  endfacet
  facet normal -9.167804e-01 3.383295e-03 -3.993773e-01
    outer loop
      vertex   -3.503342e-02 3.407629e-02 1.866243e-01
      vertex   -3.341274e-02 4.250000e-02 1.829754e-01
      vertex   -3.361170e-02 3.541533e-02 1.833721e-01
    endloop
  endfacet
  facet normal -8.737880e-01 -2.691215e-03 -4.862996e-01
    outer loop
      vertex   -3.361170e-02 3.541533e-02 1.833721e-01
      vertex   -3.341274e-02 4.250000e-02 1.829754e-01
      vertex   -3.187543e-02 3.649197e-02 1.802463e-01
    endloop
  endfacet
  facet normal -8.524837e-01 1.915906e-02 -5.224027e-01
    outer loop
      vertex   -3.187543e-02 3.649197e-02 1.802463e-01
      vertex   -3.341274e-02 4.250000e-02 1.829754e-01
      vertex   -3.033814e-02 4.250000e-02 1.779581e-01
    endloop
  endfacet
  facet normal -8.230996e-01 -5.676288e-03 -5.678686e-01
    outer loop
      vertex   -3.187543e-02 3.649197e-02 1.802463e-01
      vertex   -3.033814e-02 4.250000e-02 1.779581e-01
      vertex   -2.983545e-02 3.722594e-02 1.772821e-01
    endloop
  endfacet
  facet normal -7.657805e-01 9.419906e-03 -6.430330e-01
    outer loop
      vertex   -2.983545e-02 3.722594e-02 1.772821e-01
      vertex   -3.033814e-02 4.250000e-02 1.779581e-01
      vertex   -2.750000e-02 3.750000e-02 1.745049e-01
    endloop
  endfacet
  facet normal -7.602974e-01 1.689867e-02 -6.493553e-01
    outer loop
      vertex   -2.750000e-02 3.750000e-02 1.745049e-01
      vertex   -3.033814e-02 4.250000e-02 1.779581e-01
      vertex   -2.651650e-02 4.250000e-02 1.734835e-01
    endloop
  endfacet
  facet normal -6.803630e-01 -1.585090e-02 -7.327038e-01
    outer loop
      vertex   -2.750000e-02 3.750000e-02 1.745049e-01
      vertex   -2.651650e-02 4.250000e-02 1.734835e-01
      vertex   -2.339079e-02 3.750000e-02 1.706892e-01
    endloop
  endfacet
  facet normal -6.493314e-01 1.895332e-02 -7.602694e-01
    outer loop
      vertex   -2.339079e-02 3.750000e-02 1.706892e-01
      vertex   -2.651650e-02 4.250000e-02 1.734835e-01
      vertex   -2.204195e-02 4.250000e-02 1.696619e-01
    endloop
  endfacet
  facet normal -5.634805e-01 -1.770028e-02 -8.259398e-01
    outer loop
      vertex   -2.339079e-02 3.750000e-02 1.706892e-01
      vertex   -2.204195e-02 4.250000e-02 1.696619e-01
      vertex   -1.875855e-02 3.750000e-02 1.675290e-01
    endloop
  endfacet
  facet normal -5.223877e-01 2.059701e-02 -8.524593e-01
    outer loop
      vertex   -1.875855e-02 3.750000e-02 1.675290e-01
      vertex   -2.204195e-02 4.250000e-02 1.696619e-01
      vertex   -1.702464e-02 4.250000e-02 1.665873e-01
    endloop
  endfacet
  facet normal -4.340076e-01 -1.913867e-02 -9.007059e-01
    outer loop
      vertex   -1.875855e-02 3.750000e-02 1.675290e-01
      vertex   -1.702464e-02 4.250000e-02 1.665873e-01
      vertex   -1.370686e-02 3.750000e-02 1.650948e-01
    endloop
  endfacet
  facet normal -3.825922e-01 2.182975e-02 -9.236594e-01
    outer loop
      vertex   -1.370686e-02 3.750000e-02 1.650948e-01
      vertex   -1.702464e-02 4.250000e-02 1.665873e-01
      vertex   -1.158814e-02 4.250000e-02 1.643354e-01
    endloop
  endfacet
  facet normal -2.948390e-01 -2.016608e-02 -9.553341e-01
    outer loop
      vertex   -1.370686e-02 3.750000e-02 1.650948e-01
      vertex   -1.158814e-02 4.250000e-02 1.643354e-01
      vertex   -8.348662e-03 3.750000e-02 1.634411e-01
    endloop
  endfacet
  facet normal -2.333855e-01 2.265156e-02 -9.721204e-01
    outer loop
      vertex   -8.348662e-03 3.750000e-02 1.634411e-01
      vertex   -1.158814e-02 4.250000e-02 1.643354e-01
      vertex   -5.866292e-03 4.250000e-02 1.629617e-01
    endloop
  endfacet
  facet normal -1.490845e-01 -2.078251e-02 -9.886060e-01
    outer loop
      vertex   -8.348662e-03 3.750000e-02 1.634411e-01
      vertex   -5.866292e-03 4.250000e-02 1.629617e-01
      vertex   -2.803786e-03 3.750000e-02 1.626050e-01
    endloop
  endfacet
  facet normal -7.843823e-02 2.306246e-02 -9.966522e-01
    outer loop
      vertex   -2.803786e-03 3.750000e-02 1.626050e-01
      vertex   -5.866292e-03 4.250000e-02 1.629617e-01
      vertex   -6.737105e-18 4.250000e-02 1.625000e-01
    endloop
  endfacet
  facet normal 0.000000e+00 -2.098799e-02 -9.997797e-01
    outer loop
      vertex   -2.803786e-03 3.750000e-02 1.626050e-01
      vertex   -6.737105e-18 4.250000e-02 1.625000e-01
      vertex   2.803786e-03 3.750000e-02 1.626050e-01
    endloop
  endfacet
  facet normal 7.843823e-02 2.306246e-02 -9.966522e-01
    outer loop
      vertex   2.803786e-03 3.750000e-02 1.626050e-01
      vertex   -6.737105e-18 4.250000e-02 1.625000e-01
      vertex   5.866292e-03 4.250000e-02 1.629617e-01
    endloop
  endfacet
  facet normal 1.490845e-01 -2.078251e-02 -9.886060e-01
    outer loop
      vertex   2.803786e-03 3.750000e-02 1.626050e-01
      vertex   5.866292e-03 4.250000e-02 1.629617e-01
      vertex   8.348662e-03 3.750000e-02 1.634411e-01
    endloop
  endfacet
  facet normal 2.333855e-01 2.265156e-02 -9.721204e-01
    outer loop
      vertex   8.348662e-03 3.750000e-02 1.634411e-01
      vertex   5.866292e-03 4.250000e-02 1.629617e-01
      vertex   1.158814e-02 4.250000e-02 1.643354e-01
    endloop
  endfacet
  facet normal 2.948390e-01 -2.016608e-02 -9.553341e-01
    outer loop
      vertex   8.348662e-03 3.750000e-02 1.634411e-01
      vertex   1.158814e-02 4.250000e-02 1.643354e-01
      vertex   1.370686e-02 3.750000e-02 1.650948e-01
    endloop
  endfacet
  facet normal 3.825922e-01 2.182975e-02 -9.236594e-01
    outer loop
      vertex   1.370686e-02 3.750000e-02 1.650948e-01
      vertex   1.158814e-02 4.250000e-02 1.643354e-01
      vertex   1.702464e-02 4.250000e-02 1.665873e-01
    endloop
  endfacet
  facet normal 4.340076e-01 -1.913867e-02 -9.007059e-01
    outer loop
      vertex   1.370686e-02 3.750000e-02 1.650948e-01
      vertex   1.702464e-02 4.250000e-02 1.665873e-01
      vertex   1.875855e-02 3.750000e-02 1.675290e-01
    endloop
  endfacet
  facet normal 5.223877e-01 2.059701e-02 -8.524593e-01
    outer loop
      vertex   1.875855e-02 3.750000e-02 1.675290e-01
      vertex   1.702464e-02 4.250000e-02 1.665873e-01
      vertex   2.204195e-02 4.250000e-02 1.696619e-01
    endloop
  endfacet
  facet normal 5.634805e-01 -1.770028e-02 -8.259398e-01
    outer loop
      vertex   1.875855e-02 3.750000e-02 1.675290e-01
      vertex   2.204195e-02 4.250000e-02 1.696619e-01
      vertex   2.339079e-02 3.750000e-02 1.706892e-01
    endloop
  endfacet
  facet normal 6.493314e-01 1.895332e-02 -7.602694e-01
    outer loop
      vertex   2.339079e-02 3.750000e-02 1.706892e-01
      vertex   2.204195e-02 4.250000e-02 1.696619e-01
      vertex   2.651650e-02 4.250000e-02 1.734835e-01
    endloop
  endfacet
  facet normal 6.803630e-01 -1.585090e-02 -7.327038e-01
    outer loop
      vertex   2.339079e-02 3.750000e-02 1.706892e-01
      vertex   2.651650e-02 4.250000e-02 1.734835e-01
      vertex   2.750000e-02 3.750000e-02 1.745049e-01
    endloop
  endfacet
  facet normal 7.602974e-01 1.689867e-02 -6.493553e-01
    outer loop
      vertex   2.750000e-02 3.750000e-02 1.745049e-01
      vertex   2.651650e-02 4.250000e-02 1.734835e-01
      vertex   3.033814e-02 4.250000e-02 1.779581e-01
    endloop
  endfacet
  facet normal 7.657805e-01 9.419906e-03 -6.430330e-01
    outer loop
      vertex   2.750000e-02 3.750000e-02 1.745049e-01
      vertex   3.033814e-02 4.250000e-02 1.779581e-01
      vertex   2.983545e-02 3.722594e-02 1.772821e-01
    endloop
  endfacet
  facet normal 8.230996e-01 -5.676288e-03 -5.678686e-01
    outer loop
      vertex   2.983545e-02 3.722594e-02 1.772821e-01
      vertex   3.033814e-02 4.250000e-02 1.779581e-01
      vertex   3.187543e-02 3.649197e-02 1.802463e-01
    endloop
  endfacet
  facet normal 8.524837e-01 1.915906e-02 -5.224027e-01
    outer loop
      vertex   3.187543e-02 3.649197e-02 1.802463e-01
      vertex   3.033814e-02 4.250000e-02 1.779581e-01
      vertex   3.341274e-02 4.250000e-02 1.829754e-01
    endloop
  endfacet
  facet normal 8.737880e-01 -2.691215e-03 -4.862996e-01
    outer loop
      vertex   3.187543e-02 3.649197e-02 1.802463e-01
      vertex   3.341274e-02 4.250000e-02 1.829754e-01
      vertex   3.361170e-02 3.541533e-02 1.833721e-01
    endloop
  endfacet
  facet normal 9.167804e-01 3.383295e-03 -3.993773e-01
    outer loop
      vertex   3.361170e-02 3.541533e-02 1.833721e-01
      vertex   3.341274e-02 4.250000e-02 1.829754e-01
      vertex   3.503342e-02 3.407629e-02 1.866243e-01
    endloop
  endfacet
  facet normal 9.238132e-01 1.197965e-02 -3.826560e-01
    outer loop
      vertex   3.503342e-02 3.407629e-02 1.866243e-01
      vertex   3.341274e-02 4.250000e-02 1.829754e-01
      vertex   3.566462e-02 4.250000e-02 1.884119e-01
    endloop
  endfacet
  facet normal 9.493333e-01 -4.451026e-03 -3.142395e-01
    outer loop
      vertex   3.503342e-02 3.407629e-02 1.866243e-01
      vertex   3.566462e-02 4.250000e-02 1.884119e-01
      vertex   3.613148e-02 3.254907e-02 1.899632e-01
    endloop
  endfacet
  facet normal 9.723285e-01 9.225351e-03 -2.334354e-01
    outer loop
      vertex   3.613148e-02 3.254907e-02 1.899632e-01
      vertex   3.566462e-02 4.250000e-02 1.884119e-01
      vertex   3.703831e-02 4.250000e-02 1.941337e-01
    endloop
  endfacet
  facet normal 9.969173e-01 3.773184e-16 7.845910e-02
    outer loop
      vertex   3.750000e-02 2.750000e-02 2.000000e-01
      vertex   3.703831e-02 -4.250000e-02 2.058663e-01
      vertex   3.750000e-02 -2.750000e-02 2.000000e-01
    endloop
  endfacet
  facet normal 9.969173e-01 -1.383501e-15 7.845910e-02
    outer loop
      vertex   3.750000e-02 -2.750000e-02 2.000000e-01
      vertex   3.703831e-02 -4.250000e-02 2.058663e-01
      vertex   3.750000e-02 -4.250000e-02 2.000000e-01
    endloop
  endfacet
  facet normal 9.990257e-01 -1.386427e-15 -4.413251e-02
    outer loop
      vertex   3.750000e-02 -2.750000e-02 2.000000e-01
      vertex   3.750000e-02 -4.250000e-02 2.000000e-01
      vertex   3.735441e-02 -2.919756e-02 1.967043e-01
    endloop
  endfacet
  facet normal 9.968811e-01 -8.527263e-03 -7.845624e-02
    outer loop
      vertex   3.735441e-02 -2.919756e-02 1.967043e-01
      vertex   3.750000e-02 -4.250000e-02 2.000000e-01
      vertex   3.703831e-02 -4.250000e-02 1.941337e-01
    endloop
  endfacet
  facet normal 9.909933e-01 2.325016e-03 -1.338915e-01
    outer loop
      vertex   3.735441e-02 -2.919756e-02 1.967043e-01
      vertex   3.703831e-02 -4.250000e-02 1.941337e-01
      vertex   3.690389e-02 -3.090100e-02 1.933402e-01
    endloop
  endfacet
  facet normal 9.752230e-01 -3.829938e-03 -2.211911e-01
    outer loop
      vertex   3.690389e-02 -3.090100e-02 1.933402e-01
      vertex   3.703831e-02 -4.250000e-02 1.941337e-01
      vertex   3.613148e-02 -3.254907e-02 1.899632e-01
    endloop
  endfacet
  facet normal 9.723285e-01 -9.225351e-03 -2.334354e-01
    outer loop
      vertex   3.613148e-02 -3.254907e-02 1.899632e-01
      vertex   3.703831e-02 -4.250000e-02 1.941337e-01
      vertex   3.566462e-02 -4.250000e-02 1.884119e-01
    endloop
  endfacet
  facet normal 9.493333e-01 4.451026e-03 -3.142395e-01
    outer loop
      vertex   3.613148e-02 -3.254907e-02 1.899632e-01
      vertex   3.566462e-02 -4.250000e-02 1.884119e-01
      vertex   3.503342e-02 -3.407629e-02 1.866243e-01
    endloop
  endfacet
  facet normal 9.238132e-01 -1.197965e-02 -3.826560e-01
    outer loop
      vertex   3.503342e-02 -3.407629e-02 1.866243e-01
      vertex   3.566462e-02 -4.250000e-02 1.884119e-01
      vertex   3.341274e-02 -4.250000e-02 1.829754e-01
    endloop
  endfacet
  facet normal 9.167804e-01 -3.383295e-03 -3.993773e-01
    outer loop
      vertex   3.503342e-02 -3.407629e-02 1.866243e-01
      vertex   3.341274e-02 -4.250000e-02 1.829754e-01
      vertex   3.361170e-02 -3.541533e-02 1.833721e-01
    endloop
  endfacet
  facet normal 8.737880e-01 2.691215e-03 -4.862996e-01
    outer loop
      vertex   3.361170e-02 -3.541533e-02 1.833721e-01
      vertex   3.341274e-02 -4.250000e-02 1.829754e-01
      vertex   3.187543e-02 -3.649197e-02 1.802463e-01
    endloop
  endfacet
  facet normal 8.524837e-01 -1.915906e-02 -5.224027e-01
    outer loop
      vertex   3.187543e-02 -3.649197e-02 1.802463e-01
      vertex   3.341274e-02 -4.250000e-02 1.829754e-01
      vertex   3.033814e-02 -4.250000e-02 1.779581e-01
    endloop
  endfacet
  facet normal 8.230996e-01 5.676288e-03 -5.678686e-01
    outer loop
      vertex   3.187543e-02 -3.649197e-02 1.802463e-01
      vertex   3.033814e-02 -4.250000e-02 1.779581e-01
      vertex   2.983545e-02 -3.722594e-02 1.772821e-01
    endloop
  endfacet
  facet normal 7.657805e-01 -9.419906e-03 -6.430330e-01
    outer loop
      vertex   2.983545e-02 -3.722594e-02 1.772821e-01
      vertex   3.033814e-02 -4.250000e-02 1.779581e-01
      vertex   2.750000e-02 -3.750000e-02 1.745049e-01
    endloop
  endfacet
  facet normal 7.602974e-01 -1.689867e-02 -6.493553e-01
    outer loop
      vertex   2.750000e-02 -3.750000e-02 1.745049e-01
      vertex   3.033814e-02 -4.250000e-02 1.779581e-01
      vertex   2.651650e-02 -4.250000e-02 1.734835e-01
    endloop
  endfacet
  facet normal 6.803630e-01 1.585090e-02 -7.327038e-01
    outer loop
      vertex   2.750000e-02 -3.750000e-02 1.745049e-01
      vertex   2.651650e-02 -4.250000e-02 1.734835e-01
      vertex   2.339079e-02 -3.750000e-02 1.706892e-01
    endloop
  endfacet
  facet normal 6.493314e-01 -1.895332e-02 -7.602694e-01
    outer loop
      vertex   2.339079e-02 -3.750000e-02 1.706892e-01
      vertex   2.651650e-02 -4.250000e-02 1.734835e-01
      vertex   2.204195e-02 -4.250000e-02 1.696619e-01
    endloop
  endfacet
  facet normal 5.634805e-01 1.770028e-02 -8.259398e-01
    outer loop
      vertex   2.339079e-02 -3.750000e-02 1.706892e-01
      vertex   2.204195e-02 -4.250000e-02 1.696619e-01
      vertex   1.875855e-02 -3.750000e-02 1.675290e-01
    endloop
  endfacet
  facet normal 5.223877e-01 -2.059701e-02 -8.524593e-01
    outer loop
      vertex   1.875855e-02 -3.750000e-02 1.675290e-01
      vertex   2.204195e-02 -4.250000e-02 1.696619e-01
      vertex   1.702464e-02 -4.250000e-02 1.665873e-01
    endloop
  endfacet
  facet normal 4.340076e-01 1.913867e-02 -9.007059e-01
    outer loop
      vertex   1.875855e-02 -3.750000e-02 1.675290e-01
      vertex   1.702464e-02 -4.250000e-02 1.665873e-01
      vertex   1.370686e-02 -3.750000e-02 1.650948e-01
    endloop
  endfacet
  facet normal 3.825922e-01 -2.182975e-02 -9.236594e-01
    outer loop
      vertex   1.370686e-02 -3.750000e-02 1.650948e-01
      vertex   1.702464e-02 -4.250000e-02 1.665873e-01
      vertex   1.158814e-02 -4.250000e-02 1.643354e-01
    endloop
  endfacet
  facet normal 2.948390e-01 2.016608e-02 -9.553341e-01
    outer loop
      vertex   1.370686e-02 -3.750000e-02 1.650948e-01
      vertex   1.158814e-02 -4.250000e-02 1.643354e-01
      vertex   8.348662e-03 -3.750000e-02 1.634411e-01
    endloop
  endfacet
  facet normal 2.333855e-01 -2.265156e-02 -9.721204e-01
    outer loop
      vertex   8.348662e-03 -3.750000e-02 1.634411e-01
      vertex   1.158814e-02 -4.250000e-02 1.643354e-01
      vertex   5.866292e-03 -4.250000e-02 1.629617e-01
    endloop
  endfacet
  facet normal 1.490845e-01 2.078251e-02 -9.886060e-01
    outer loop
      vertex   8.348662e-03 -3.750000e-02 1.634411e-01
      vertex   5.866292e-03 -4.250000e-02 1.629617e-01
      vertex   2.803786e-03 -3.750000e-02 1.626050e-01
    endloop
  endfacet
  facet normal 7.843823e-02 -2.306246e-02 -9.966522e-01
    outer loop
      vertex   2.803786e-03 -3.750000e-02 1.626050e-01
      vertex   5.866292e-03 -4.250000e-02 1.629617e-01
      vertex   -6.737105e-18 -4.250000e-02 1.625000e-01
    endloop
  endfacet
  facet normal 0.000000e+00 2.098799e-02 -9.997797e-01
    outer loop
      vertex   2.803786e-03 -3.750000e-02 1.626050e-01
      vertex   -6.737105e-18 -4.250000e-02 1.625000e-01
      vertex   -2.803786e-03 -3.750000e-02 1.626050e-01
    endloop
  endfacet
  facet normal -7.843823e-02 -2.306246e-02 -9.966522e-01
    outer loop
      vertex   -2.803786e-03 -3.750000e-02 1.626050e-01
      vertex   -6.737105e-18 -4.250000e-02 1.625000e-01
      vertex   -5.866292e-03 -4.250000e-02 1.629617e-01
    endloop
  endfacet
  facet normal -1.490845e-01 2.078251e-02 -9.886060e-01
    outer loop
      vertex   -2.803786e-03 -3.750000e-02 1.626050e-01
      vertex   -5.866292e-03 -4.250000e-02 1.629617e-01
      vertex   -8.348662e-03 -3.750000e-02 1.634411e-01
    endloop
  endfacet
  facet normal -2.333855e-01 -2.265156e-02 -9.721204e-01
    outer loop
      vertex   -8.348662e-03 -3.750000e-02 1.634411e-01
      vertex   -5.866292e-03 -4.250000e-02 1.629617e-01
      vertex   -1.158814e-02 -4.250000e-02 1.643354e-01
    endloop
  endfacet
  facet normal -2.948390e-01 2.016608e-02 -9.553341e-01
    outer loop
      vertex   -8.348662e-03 -3.750000e-02 1.634411e-01
      vertex   -1.158814e-02 -4.250000e-02 1.643354e-01
      vertex   -1.370686e-02 -3.750000e-02 1.650948e-01
    endloop
  endfacet
  facet normal -3.825922e-01 -2.182975e-02 -9.236594e-01
    outer loop
      vertex   -1.370686e-02 -3.750000e-02 1.650948e-01
      vertex   -1.158814e-02 -4.250000e-02 1.643354e-01
      vertex   -1.702464e-02 -4.250000e-02 1.665873e-01
    endloop
  endfacet
  facet normal -4.340076e-01 1.913867e-02 -9.007059e-01
    outer loop
      vertex   -1.370686e-02 -3.750000e-02 1.650948e-01
      vertex   -1.702464e-02 -4.250000e-02 1.665873e-01
      vertex   -1.875855e-02 -3.750000e-02 1.675290e-01
    endloop
  endfacet
  facet normal -5.223877e-01 -2.059701e-02 -8.524593e-01
    outer loop
      vertex   -1.875855e-02 -3.750000e-02 1.675290e-01
      vertex   -1.702464e-02 -4.250000e-02 1.665873e-01
      vertex   -2.204195e-02 -4.250000e-02 1.696619e-01
    endloop
  endfacet
  facet normal -5.634805e-01 1.770028e-02 -8.259398e-01
    outer loop
      vertex   -1.875855e-02 -3.750000e-02 1.675290e-01
      vertex   -2.204195e-02 -4.250000e-02 1.696619e-01
      vertex   -2.339079e-02 -3.750000e-02 1.706892e-01
    endloop
  endfacet
  facet normal -6.493314e-01 -1.895332e-02 -7.602694e-01
    outer loop
      vertex   -2.339079e-02 -3.750000e-02 1.706892e-01
      vertex   -2.204195e-02 -4.250000e-02 1.696619e-01
      vertex   -2.651650e-02 -4.250000e-02 1.734835e-01
    endloop
  endfacet
  facet normal -6.803630e-01 1.585090e-02 -7.327038e-01
    outer loop
      vertex   -2.339079e-02 -3.750000e-02 1.706892e-01
      vertex   -2.651650e-02 -4.250000e-02 1.734835e-01
      vertex   -2.750000e-02 -3.750000e-02 1.745049e-01
    endloop
  endfacet
  facet normal -7.602974e-01 -1.689867e-02 -6.493553e-01
    outer loop
      vertex   -2.750000e-02 -3.750000e-02 1.745049e-01
      vertex   -2.651650e-02 -4.250000e-02 1.734835e-01
      vertex   -3.033814e-02 -4.250000e-02 1.779581e-01
    endloop
  endfacet
  facet normal -7.657805e-01 -9.419906e-03 -6.430330e-01
    outer loop
      vertex   -2.750000e-02 -3.750000e-02 1.745049e-01
      vertex   -3.033814e-02 -4.250000e-02 1.779581e-01
      vertex   -2.983545e-02 -3.722594e-02 1.772821e-01
    endloop
  endfacet
  facet normal -8.230996e-01 5.676288e-03 -5.678686e-01
    outer loop
      vertex   -2.983545e-02 -3.722594e-02 1.772821e-01
      vertex   -3.033814e-02 -4.250000e-02 1.779581e-01
      vertex   -3.187543e-02 -3.649197e-02 1.802463e-01
    endloop
  endfacet
  facet normal -8.524837e-01 -1.915906e-02 -5.224027e-01
    outer loop
      vertex   -3.187543e-02 -3.649197e-02 1.802463e-01
      vertex   -3.033814e-02 -4.250000e-02 1.779581e-01
      vertex   -3.341274e-02 -4.250000e-02 1.829754e-01
    endloop
  endfacet
  facet normal -8.737880e-01 2.691215e-03 -4.862996e-01
    outer loop
      vertex   -3.187543e-02 -3.649197e-02 1.802463e-01
      vertex   -3.341274e-02 -4.250000e-02 1.829754e-01
      vertex   -3.361170e-02 -3.541533e-02 1.833721e-01
    endloop
  endfacet
  facet normal -9.167804e-01 -3.383295e-03 -3.993773e-01
    outer loop
      vertex   -3.361170e-02 -3.541533e-02 1.833721e-01
      vertex   -3.341274e-02 -4.250000e-02 1.829754e-01
      vertex   -3.503342e-02 -3.407629e-02 1.866243e-01
    endloop
  endfacet
  facet normal -9.238132e-01 -1.197965e-02 -3.826560e-01
    outer loop
      vertex   -3.503342e-02 -3.407629e-02 1.866243e-01
      vertex   -3.341274e-02 -4.250000e-02 1.829754e-01
      vertex   -3.566462e-02 -4.250000e-02 1.884119e-01
    endloop
  endfacet
  facet normal -9.493333e-01 4.451026e-03 -3.142395e-01
    outer loop
      vertex   -3.503342e-02 -3.407629e-02 1.866243e-01
      vertex   -3.566462e-02 -4.250000e-02 1.884119e-01
      vertex   -3.613148e-02 -3.254907e-02 1.899632e-01
    endloop
  endfacet
  facet normal -9.723285e-01 -9.225351e-03 -2.334354e-01
    outer loop
      vertex   -3.613148e-02 -3.254907e-02 1.899632e-01
      vertex   -3.566462e-02 -4.250000e-02 1.884119e-01
      vertex   -3.703831e-02 -4.250000e-02 1.941337e-01
    endloop
  endfacet
  facet normal 0.000000e+00 -1.000000e+00 0.000000e+00
    outer loop
      vertex   4.567727e-03 -4.750000e-02 1.979663e-01
      vertex   3.203252e-02 -4.750000e-02 1.945075e-01
      vertex   5.000000e-03 -4.750000e-02 2.000000e-01
    endloop
  endfacet
  facet normal 0.000000e+00 -1.000000e+00 0.000000e+00
    outer loop
      vertex   5.000000e-03 -4.750000e-02 2.000000e-01
      vertex   3.203252e-02 -4.750000e-02 1.945075e-01
      vertex   3.250000e-02 -4.750000e-02 2.000000e-01
    endloop
  endfacet
  facet normal 0.000000e+00 -1.000000e+00 0.000000e+00
    outer loop
      vertex   5.000000e-03 -4.750000e-02 2.000000e-01
      vertex   3.250000e-02 -4.750000e-02 2.000000e-01
      vertex   3.203252e-02 -4.750000e-02 2.054925e-01
    endloop
  endfacet
  facet normal 0.000000e+00 -1.000000e+00 0.000000e+00
    outer loop
      vertex   3.345653e-03 -4.750000e-02 1.962843e-01
      vertex   2.528616e-02 -4.750000e-02 1.795829e-01
      vertex   4.567727e-03 -4.750000e-02 1.979663e-01
    endloop
  endfacet
  facet normal 0.000000e+00 -1.000000e+00 0.000000e+00
    outer loop
      vertex   4.567727e-03 -4.750000e-02 1.979663e-01
      vertex   2.528616e-02 -4.750000e-02 1.795829e-01
      vertex   2.837296e-02 -4.750000e-02 1.841499e-01
    endloop
  endfacet
  facet normal 0.000000e+00 -1.000000e+00 0.000000e+00
    outer loop
      vertex   4.567727e-03 -4.750000e-02 1.979663e-01
      vertex   2.837296e-02 -4.750000e-02 1.841499e-01
      vertex   3.064352e-02 -4.750000e-02 1.891730e-01
    endloop
  endfacet
  facet normal 0.000000e+00 -1.000000e+00 0.000000e+00
    outer loop
      vertex   1.545085e-03 -4.750000e-02 1.952447e-01
      vertex   1.703999e-02 -4.750000e-02 1.723253e-01
      vertex   3.345653e-03 -4.750000e-02 1.962843e-01
    endloop
  endfacet
  facet normal 0.000000e+00 -1.000000e+00 0.000000e+00
    outer loop
      vertex   3.345653e-03 -4.750000e-02 1.962843e-01
      vertex   1.703999e-02 -4.750000e-02 1.723253e-01
      vertex   2.147193e-02 -4.750000e-02 1.756032e-01
    endloop
  endfacet
  facet normal 0.000000e+00 -1.000000e+00 0.000000e+00
    outer loop
      vertex   3.345653e-03 -4.750000e-02 1.962843e-01
      vertex   2.147193e-02 -4.750000e-02 1.756032e-01
      vertex   2.528616e-02 -4.750000e-02 1.795829e-01
    endloop
  endfacet
  facet normal 0.000000e+00 -1.000000e+00 0.000000e+00
    outer loop
      vertex   -5.226423e-04 -4.750000e-02 1.950274e-01
      vertex   1.379339e-03 -4.750000e-02 1.675293e-01
      vertex   1.545085e-03 -4.750000e-02 1.952447e-01
    endloop
  endfacet
  facet normal 0.000000e+00 -1.000000e+00 -0.000000e+00
    outer loop
      vertex   1.545085e-03 -4.750000e-02 1.952447e-01
      vertex   1.379339e-03 -4.750000e-02 1.675293e-01
      vertex   6.847076e-03 -4.750000e-02 1.682295e-01
    endloop
  endfacet
  facet normal 0.000000e+00 -1.000000e+00 0.000000e+00
    outer loop
      vertex   1.545085e-03 -4.750000e-02 1.952447e-01
      vertex   6.847076e-03 -4.750000e-02 1.682295e-01
      vertex   1.211784e-02 -4.750000e-02 1.698436e-01
    endloop
  endfacet
  facet normal 0.000000e+00 -1.000000e+00 -0.000000e+00
    outer loop
      vertex   -2.500000e-03 -4.750000e-02 1.956699e-01
      vertex   -9.516740e-03 -4.750000e-02 1.689246e-01
      vertex   -5.226423e-04 -4.750000e-02 1.950274e-01
    endloop
  endfacet
  facet normal 0.000000e+00 -1.000000e+00 0.000000e+00
    outer loop
      vertex   -5.226423e-04 -4.750000e-02 1.950274e-01
      vertex   -9.516740e-03 -4.750000e-02 1.689246e-01
      vertex   -4.128079e-03 -4.750000e-02 1.677632e-01
    endloop
  endfacet
  facet normal 0.000000e+00 -1.000000e+00 -0.000000e+00
    outer loop
      vertex   -5.226423e-04 -4.750000e-02 1.950274e-01
      vertex   -4.128079e-03 -4.750000e-02 1.677632e-01
      vertex   1.379339e-03 -4.750000e-02 1.675293e-01
    endloop
  endfacet
  facet normal 0.000000e+00 -1.000000e+00 -0.000000e+00
    outer loop
      vertex   -4.045085e-03 -4.750000e-02 1.970611e-01
      vertex   -2.346357e-02 -4.750000e-02 1.775120e-01
      vertex   -2.500000e-03 -4.750000e-02 1.956699e-01
    endloop
  endfacet
  facet normal 0.000000e+00 -1.000000e+00 0.000000e+00
    outer loop
      vertex   -2.500000e-03 -4.750000e-02 1.956699e-01
      vertex   -2.346357e-02 -4.750000e-02 1.775120e-01
      vertex   -1.932558e-02 -4.750000e-02 1.738701e-01
    endloop
  endfacet
  facet normal 0.000000e+00 -1.000000e+00 0.000000e+00
    outer loop
      vertex   -2.500000e-03 -4.750000e-02 1.956699e-01
      vertex   -1.932558e-02 -4.750000e-02 1.738701e-01
      vertex   -1.463162e-02 -4.750000e-02 1.709799e-01
    endloop
  endfacet
  facet normal 0.000000e+00 -1.000000e+00 -0.000000e+00
    outer loop
      vertex   -4.890738e-03 -4.750000e-02 1.989604e-01
      vertex   -2.961493e-02 -4.750000e-02 1.866132e-01
      vertex   -4.045085e-03 -4.750000e-02 1.970611e-01
    endloop
  endfacet
  facet normal 0.000000e+00 -1.000000e+00 0.000000e+00
    outer loop
      vertex   -4.045085e-03 -4.750000e-02 1.970611e-01
      vertex   -2.961493e-02 -4.750000e-02 1.866132e-01
      vertex   -2.692656e-02 -4.750000e-02 1.818008e-01
    endloop
  endfacet
  facet normal 0.000000e+00 -1.000000e+00 0.000000e+00
    outer loop
      vertex   -4.045085e-03 -4.750000e-02 1.970611e-01
      vertex   -2.692656e-02 -4.750000e-02 1.818008e-01
      vertex   -2.346357e-02 -4.750000e-02 1.775120e-01
    endloop
  endfacet
  facet normal 0.000000e+00 -1.000000e+00 -0.000000e+00
    outer loop
      vertex   -4.890738e-03 -4.750000e-02 2.010396e-01
      vertex   -3.238292e-02 -4.750000e-02 1.972438e-01
      vertex   -4.890738e-03 -4.750000e-02 1.989604e-01
    endloop
  endfacet
  facet normal 0.000000e+00 -1.000000e+00 0.000000e+00
    outer loop
      vertex   -4.890738e-03 -4.750000e-02 1.989604e-01
      vertex   -3.238292e-02 -4.750000e-02 1.972438e-01
      vertex   -3.145132e-02 -4.750000e-02 1.918107e-01
    endloop
  endfacet
  facet normal 0.000000e+00 -1.000000e+00 0.000000e+00
    outer loop
      vertex   -4.890738e-03 -4.750000e-02 1.989604e-01
      vertex   -3.145132e-02 -4.750000e-02 1.918107e-01
      vertex   -2.961493e-02 -4.750000e-02 1.866132e-01
    endloop
  endfacet
  facet normal -0.000000e+00 -1.000000e+00 0.000000e+00
    outer loop
      vertex   -4.045085e-03 -4.750000e-02 2.029389e-01
      vertex   -2.961493e-02 -4.750000e-02 2.133868e-01
      vertex   -4.890738e-03 -4.750000e-02 2.010396e-01
    endloop
  endfacet
  facet normal 0.000000e+00 -1.000000e+00 0.000000e+00
    outer loop
      vertex   -4.890738e-03 -4.750000e-02 2.010396e-01
      vertex   -2.961493e-02 -4.750000e-02 2.133868e-01
      vertex   -3.145132e-02 -4.750000e-02 2.081893e-01
    endloop
  endfacet
  facet normal 0.000000e+00 -1.000000e+00 0.000000e+00
    outer loop
      vertex   -4.890738e-03 -4.750000e-02 2.010396e-01
      vertex   -3.145132e-02 -4.750000e-02 2.081893e-01
      vertex   -3.238292e-02 -4.750000e-02 2.027562e-01
    endloop
  endfacet
  facet normal -0.000000e+00 -1.000000e+00 0.000000e+00
    outer loop
      vertex   -2.500000e-03 -4.750000e-02 2.043301e-01
      vertex   -2.346357e-02 -4.750000e-02 2.224880e-01
      vertex   -4.045085e-03 -4.750000e-02 2.029389e-01
    endloop
  endfacet
  facet normal 0.000000e+00 -1.000000e+00 0.000000e+00
    outer loop
      vertex   -4.045085e-03 -4.750000e-02 2.029389e-01
      vertex   -2.346357e-02 -4.750000e-02 2.224880e-01
      vertex   -2.692656e-02 -4.750000e-02 2.181992e-01
    endloop
  endfacet
  facet normal 0.000000e+00 -1.000000e+00 0.000000e+00
    outer loop
      vertex   -4.045085e-03 -4.750000e-02 2.029389e-01
      vertex   -2.692656e-02 -4.750000e-02 2.181992e-01
      vertex   -2.961493e-02 -4.750000e-02 2.133868e-01
    endloop
  endfacet
  facet normal -0.000000e+00 -1.000000e+00 0.000000e+00
    outer loop
      vertex   -5.226423e-04 -4.750000e-02 2.049726e-01
      vertex   -9.516740e-03 -4.750000e-02 2.310754e-01
      vertex   -2.500000e-03 -4.750000e-02 2.043301e-01
    endloop
  endfacet
  facet normal 0.000000e+00 -1.000000e+00 0.000000e+00
    outer loop
      vertex   -2.500000e-03 -4.750000e-02 2.043301e-01
      vertex   -9.516740e-03 -4.750000e-02 2.310754e-01
      vertex   -1.463162e-02 -4.750000e-02 2.290201e-01
    endloop
  endfacet
  facet normal 0.000000e+00 -1.000000e+00 0.000000e+00
    outer loop
      vertex   -2.500000e-03 -4.750000e-02 2.043301e-01
      vertex   -1.463162e-02 -4.750000e-02 2.290201e-01
      vertex   -1.932558e-02 -4.750000e-02 2.261299e-01
    endloop
  endfacet
  facet normal 0.000000e+00 -1.000000e+00 0.000000e+00
    outer loop
      vertex   1.545085e-03 -4.750000e-02 2.047553e-01
      vertex   1.379339e-03 -4.750000e-02 2.324707e-01
      vertex   -5.226423e-04 -4.750000e-02 2.049726e-01
    endloop
  endfacet
  facet normal 0.000000e+00 -1.000000e+00 0.000000e+00
    outer loop
      vertex   -5.226423e-04 -4.750000e-02 2.049726e-01
      vertex   1.379339e-03 -4.750000e-02 2.324707e-01
      vertex   -4.128079e-03 -4.750000e-02 2.322368e-01
    endloop
  endfacet
  facet normal 0.000000e+00 -1.000000e+00 0.000000e+00
    outer loop
      vertex   -5.226423e-04 -4.750000e-02 2.049726e-01
      vertex   -4.128079e-03 -4.750000e-02 2.322368e-01
      vertex   -9.516740e-03 -4.750000e-02 2.310754e-01
    endloop
  endfacet
  facet normal 0.000000e+00 -1.000000e+00 0.000000e+00
    outer loop
      vertex   3.345653e-03 -4.750000e-02 2.037157e-01
      vertex   1.703999e-02 -4.750000e-02 2.276747e-01
      vertex   1.545085e-03 -4.750000e-02 2.047553e-01
    endloop
  endfacet
  facet normal 0.000000e+00 -1.000000e+00 0.000000e+00
    outer loop
      vertex   1.545085e-03 -4.750000e-02 2.047553e-01
      vertex   1.703999e-02 -4.750000e-02 2.276747e-01
      vertex   1.211784e-02 -4.750000e-02 2.301564e-01
    endloop
  endfacet
  facet normal 0.000000e+00 -1.000000e+00 0.000000e+00
    outer loop
      vertex   1.545085e-03 -4.750000e-02 2.047553e-01
      vertex   1.211784e-02 -4.750000e-02 2.301564e-01
      vertex   6.847076e-03 -4.750000e-02 2.317705e-01
    endloop
  endfacet
  facet normal 0.000000e+00 -1.000000e+00 0.000000e+00
    outer loop
      vertex   4.567727e-03 -4.750000e-02 2.020337e-01
      vertex   2.528616e-02 -4.750000e-02 2.204171e-01
      vertex   3.345653e-03 -4.750000e-02 2.037157e-01
    endloop
  endfacet
  facet normal 0.000000e+00 -1.000000e+00 0.000000e+00
    outer loop
      vertex   3.345653e-03 -4.750000e-02 2.037157e-01
      vertex   2.528616e-02 -4.750000e-02 2.204171e-01
      vertex   2.147193e-02 -4.750000e-02 2.243968e-01
    endloop
  endfacet
  facet normal 0.000000e+00 -1.000000e+00 0.000000e+00
    outer loop
      vertex   3.345653e-03 -4.750000e-02 2.037157e-01
      vertex   2.147193e-02 -4.750000e-02 2.243968e-01
      vertex   1.703999e-02 -4.750000e-02 2.276747e-01
    endloop
  endfacet
  facet normal 0.000000e+00 -1.000000e+00 0.000000e+00
    outer loop
      vertex   5.000000e-03 -4.750000e-02 2.000000e-01
      vertex   3.203252e-02 -4.750000e-02 2.054925e-01
      vertex   4.567727e-03 -4.750000e-02 2.020337e-01
    endloop
  endfacet
  facet normal 0.000000e+00 -1.000000e+00 0.000000e+00
    outer loop
      vertex   4.567727e-03 -4.750000e-02 2.020337e-01
      vertex   3.203252e-02 -4.750000e-02 2.054925e-01
      vertex   3.064352e-02 -4.750000e-02 2.108270e-01
    endloop
  endfacet
  facet normal 0.000000e+00 -1.000000e+00 0.000000e+00
    outer loop
      vertex   4.567727e-03 -4.750000e-02 2.020337e-01
      vertex   3.064352e-02 -4.750000e-02 2.108270e-01
      vertex   2.837296e-02 -4.750000e-02 2.158501e-01
    endloop
  endfacet
  facet normal -0.000000e+00 -1.000000e+00 0.000000e+00
    outer loop
      vertex   2.837296e-02 -4.750000e-02 2.158501e-01
      vertex   2.528616e-02 -4.750000e-02 2.204171e-01
      vertex   4.567727e-03 -4.750000e-02 2.020337e-01
    endloop
  endfacet
  facet normal -0.000000e+00 -1.000000e+00 0.000000e+00
    outer loop
      vertex   6.847076e-03 -4.750000e-02 2.317705e-01
      vertex   1.379339e-03 -4.750000e-02 2.324707e-01
      vertex   1.545085e-03 -4.750000e-02 2.047553e-01
    endloop
  endfacet
  facet normal 0.000000e+00 -1.000000e+00 -0.000000e+00
    outer loop
      vertex   -1.932558e-02 -4.750000e-02 2.261299e-01
      vertex   -2.346357e-02 -4.750000e-02 2.224880e-01
      vertex   -2.500000e-03 -4.750000e-02 2.043301e-01
    endloop
  endfacet
  facet normal 0.000000e+00 -1.000000e+00 0.000000e+00
    outer loop
      vertex   -3.238292e-02 -4.750000e-02 2.027562e-01
      vertex   -3.238292e-02 -4.750000e-02 1.972438e-01
      vertex   -4.890738e-03 -4.750000e-02 2.010396e-01
    endloop
  endfacet
  facet normal 0.000000e+00 -1.000000e+00 0.000000e+00
    outer loop
      vertex   -1.463162e-02 -4.750000e-02 1.709799e-01
      vertex   -9.516740e-03 -4.750000e-02 1.689246e-01
      vertex   -2.500000e-03 -4.750000e-02 1.956699e-01
    endloop
  endfacet
  facet normal 0.000000e+00 -1.000000e+00 0.000000e+00
    outer loop
      vertex   1.211784e-02 -4.750000e-02 1.698436e-01
      vertex   1.703999e-02 -4.750000e-02 1.723253e-01
      vertex   1.545085e-03 -4.750000e-02 1.952447e-01
    endloop
  endfacet
  facet normal 0.000000e+00 -1.000000e+00 0.000000e+00
    outer loop
      vertex   3.064352e-02 -4.750000e-02 1.891730e-01
      vertex   3.203252e-02 -4.750000e-02 1.945075e-01
      vertex   4.567727e-03 -4.750000e-02 1.979663e-01
    endloop
  endfacet
  facet normal 9.850275e-01 1.539837e-01 -7.752334e-02
    outer loop
      vertex   3.703831e-02 4.250000e-02 1.941337e-01
      vertex   3.684876e-02 4.441342e-02 1.955258e-01
      vertex   3.750000e-02 4.250000e-02 2.000000e-01
    endloop
  endfacet
  facet normal 9.702790e-01 2.388092e-01 -3.910091e-02
    outer loop
      vertex   3.750000e-02 4.250000e-02 2.000000e-01
      vertex   3.684876e-02 4.441342e-02 1.955258e-01
      vertex   3.708929e-02 4.441342e-02 2.014946e-01
    endloop
  endfacet
  facet normal 9.854946e-01 1.509466e-01 7.756011e-02
    outer loop
      vertex   3.750000e-02 4.250000e-02 2.000000e-01
      vertex   3.708929e-02 4.441342e-02 2.014946e-01
      vertex   3.703831e-02 4.250000e-02 2.058663e-01
    endloop
  endfacet
  facet normal 9.633079e-01 2.415713e-01 1.169668e-01
    outer loop
      vertex   3.703831e-02 4.250000e-02 2.058663e-01
      vertex   3.708929e-02 4.441342e-02 2.014946e-01
      vertex   3.636924e-02 4.441342e-02 2.074248e-01
    endloop
  endfacet
  facet normal 9.616311e-01 1.482094e-01 2.308672e-01
    outer loop
      vertex   3.703831e-02 4.250000e-02 2.058663e-01
      vertex   3.636924e-02 4.441342e-02 2.074248e-01
      vertex   3.566462e-02 4.250000e-02 2.115881e-01
    endloop
  endfacet
  facet normal 9.314775e-01 2.440378e-01 2.698058e-01
    outer loop
      vertex   3.566462e-02 4.250000e-02 2.115881e-01
      vertex   3.636924e-02 4.441342e-02 2.074248e-01
      vertex   3.470724e-02 4.441342e-02 2.131627e-01
    endloop
  endfacet
  facet normal 9.140107e-01 1.457733e-01 3.785956e-01
    outer loop
      vertex   3.566462e-02 4.250000e-02 2.115881e-01
      vertex   3.470724e-02 4.441342e-02 2.131627e-01
      vertex   3.341274e-02 4.250000e-02 2.170246e-01
    endloop
  endfacet
  facet normal 8.756390e-01 2.462103e-01 4.154959e-01
    outer loop
      vertex   3.341274e-02 4.250000e-02 2.170246e-01
      vertex   3.470724e-02 4.441342e-02 2.131627e-01
      vertex   3.214634e-02 4.441342e-02 2.185597e-01
    endloop
  endfacet
  facet normal 8.437984e-01 1.436395e-01 5.170803e-01
    outer loop
      vertex   3.341274e-02 4.250000e-02 2.170246e-01
      vertex   3.214634e-02 4.441342e-02 2.185597e-01
      vertex   3.033814e-02 4.250000e-02 2.220419e-01
    endloop
  endfacet
  facet normal 7.972549e-01 2.480902e-01 5.503053e-01
    outer loop
      vertex   3.033814e-02 4.250000e-02 2.220419e-01
      vertex   3.214634e-02 4.441342e-02 2.185597e-01
      vertex   2.875287e-02 4.441342e-02 2.234760e-01
    endloop
  endfacet
  facet normal 7.527213e-01 1.418089e-01 6.428848e-01
    outer loop
      vertex   3.033814e-02 4.250000e-02 2.220419e-01
      vertex   2.875287e-02 4.441342e-02 2.234760e-01
      vertex   2.651650e-02 4.250000e-02 2.265165e-01
    endloop
  endfacet
  facet normal 6.983610e-01 2.496788e-01 6.707849e-01
    outer loop
      vertex   2.651650e-02 4.250000e-02 2.265165e-01
      vertex   2.875287e-02 4.441342e-02 2.234760e-01
      vertex   2.461471e-02 4.441342e-02 2.277843e-01
    endloop
  endfacet
  facet normal 6.430260e-01 1.402822e-01 7.528867e-01
    outer loop
      vertex   2.651650e-02 4.250000e-02 2.265165e-01
      vertex   2.461471e-02 4.441342e-02 2.277843e-01
      vertex   2.204195e-02 4.250000e-02 2.303381e-01
    endloop
  endfacet
  facet normal 5.815143e-01 2.509771e-01 7.738550e-01
    outer loop
      vertex   2.204195e-02 4.250000e-02 2.303381e-01
      vertex   2.461471e-02 4.441342e-02 2.277843e-01
      vertex   1.983905e-02 4.441342e-02 2.313729e-01
    endloop
  endfacet
  facet normal 5.174219e-01 1.390601e-01 8.443559e-01
    outer loop
      vertex   2.204195e-02 4.250000e-02 2.303381e-01
      vertex   1.983905e-02 4.441342e-02 2.313729e-01
      vertex   1.702464e-02 4.250000e-02 2.334127e-01
    endloop
  endfacet
  facet normal 4.497270e-01 2.519859e-01 8.568832e-01
    outer loop
      vertex   1.702464e-02 4.250000e-02 2.334127e-01
      vertex   1.983905e-02 4.441342e-02 2.313729e-01
      vertex   1.454956e-02 4.441342e-02 2.341491e-01
    endloop
  endfacet
  facet normal 3.790144e-01 1.381430e-01 9.150216e-01
    outer loop
      vertex   1.702464e-02 4.250000e-02 2.334127e-01
      vertex   1.454956e-02 4.441342e-02 2.341491e-01
      vertex   1.158814e-02 4.250000e-02 2.356646e-01
    endloop
  endfacet
  facet normal 3.063899e-01 2.527060e-01 9.177499e-01
    outer loop
      vertex   1.158814e-02 4.250000e-02 2.356646e-01
      vertex   1.454956e-02 4.441342e-02 2.341491e-01
      vertex   8.883253e-03 4.441342e-02 2.360408e-01
    endloop
  endfacet
  facet normal 2.312270e-01 1.375315e-01 9.631299e-01
    outer loop
      vertex   1.158814e-02 4.250000e-02 2.356646e-01
      vertex   8.883253e-03 4.441342e-02 2.360408e-01
      vertex   5.866292e-03 4.250000e-02 2.370383e-01
    endloop
  endfacet
  facet normal 1.551867e-01 2.531379e-01 9.549022e-01
    outer loop
      vertex   5.866292e-03 4.250000e-02 2.370383e-01
      vertex   8.883253e-03 4.441342e-02 2.360408e-01
      vertex   2.986871e-03 4.441342e-02 2.369990e-01
    endloop
  endfacet
  facet normal 7.771686e-02 1.372257e-01 9.874863e-01
    outer loop
      vertex   5.866292e-03 4.250000e-02 2.370383e-01
      vertex   2.986871e-03 4.441342e-02 2.369990e-01
      vertex   -6.737105e-18 4.250000e-02 2.375000e-01
    endloop
  endfacet
  facet normal 0.000000e+00 2.532818e-01 9.673925e-01
    outer loop
      vertex   -6.737105e-18 4.250000e-02 2.375000e-01
      vertex   2.986871e-03 4.441342e-02 2.369990e-01
      vertex   -2.986871e-03 4.441342e-02 2.369990e-01
    endloop
  endfacet
  facet normal -7.771686e-02 1.372257e-01 9.874863e-01
    outer loop
      vertex   -6.737105e-18 4.250000e-02 2.375000e-01
      vertex   -2.986871e-03 4.441342e-02 2.369990e-01
      vertex   -5.866292e-03 4.250000e-02 2.370383e-01
    endloop
  endfacet
  facet normal -1.551867e-01 2.531379e-01 9.549022e-01
    outer loop
      vertex   -5.866292e-03 4.250000e-02 2.370383e-01
      vertex   -2.986871e-03 4.441342e-02 2.369990e-01
      vertex   -8.883253e-03 4.441342e-02 2.360408e-01
    endloop
  endfacet
  facet normal -2.312270e-01 1.375315e-01 9.631299e-01
    outer loop
      vertex   -5.866292e-03 4.250000e-02 2.370383e-01
      vertex   -8.883253e-03 4.441342e-02 2.360408e-01
      vertex   -1.158814e-02 4.250000e-02 2.356646e-01
    endloop
  endfacet
  facet normal -3.063899e-01 2.527060e-01 9.177499e-01
    outer loop
      vertex   -1.158814e-02 4.250000e-02 2.356646e-01
      vertex   -8.883253e-03 4.441342e-02 2.360408e-01
      vertex   -1.454956e-02 4.441342e-02 2.341491e-01
    endloop
  endfacet
  facet normal -3.790144e-01 1.381430e-01 9.150216e-01
    outer loop
      vertex   -1.158814e-02 4.250000e-02 2.356646e-01
      vertex   -1.454956e-02 4.441342e-02 2.341491e-01
      vertex   -1.702464e-02 4.250000e-02 2.334127e-01
    endloop
  endfacet
  facet normal -4.497270e-01 2.519859e-01 8.568832e-01
    outer loop
      vertex   -1.702464e-02 4.250000e-02 2.334127e-01
      vertex   -1.454956e-02 4.441342e-02 2.341491e-01
      vertex   -1.983905e-02 4.441342e-02 2.313729e-01
    endloop
  endfacet
  facet normal -5.174219e-01 1.390601e-01 8.443559e-01
    outer loop
      vertex   -1.702464e-02 4.250000e-02 2.334127e-01
      vertex   -1.983905e-02 4.441342e-02 2.313729e-01
      vertex   -2.204195e-02 4.250000e-02 2.303381e-01
    endloop
  endfacet
  facet normal -5.815143e-01 2.509771e-01 7.738550e-01
    outer loop
      vertex   -2.204195e-02 4.250000e-02 2.303381e-01
      vertex   -1.983905e-02 4.441342e-02 2.313729e-01
      vertex   -2.461471e-02 4.441342e-02 2.277843e-01
    endloop
  endfacet
  facet normal -6.430260e-01 1.402822e-01 7.528867e-01
    outer loop
      vertex   -2.204195e-02 4.250000e-02 2.303381e-01
      vertex   -2.461471e-02 4.441342e-02 2.277843e-01
      vertex   -2.651650e-02 4.250000e-02 2.265165e-01
    endloop
  endfacet
  facet normal -6.983610e-01 2.496788e-01 6.707849e-01
    outer loop
      vertex   -2.651650e-02 4.250000e-02 2.265165e-01
      vertex   -2.461471e-02 4.441342e-02 2.277843e-01
      vertex   -2.875287e-02 4.441342e-02 2.234760e-01
    endloop
  endfacet
  facet normal -7.527213e-01 1.418089e-01 6.428848e-01
    outer loop
      vertex   -2.651650e-02 4.250000e-02 2.265165e-01
      vertex   -2.875287e-02 4.441342e-02 2.234760e-01
      vertex   -3.033814e-02 4.250000e-02 2.220419e-01
    endloop
  endfacet
  facet normal -7.972549e-01 2.480902e-01 5.503053e-01
    outer loop
      vertex   -3.033814e-02 4.250000e-02 2.220419e-01
      vertex   -2.875287e-02 4.441342e-02 2.234760e-01
      vertex   -3.214634e-02 4.441342e-02 2.185597e-01
    endloop
  endfacet
  facet normal -8.437984e-01 1.436395e-01 5.170803e-01
    outer loop
      vertex   -3.033814e-02 4.250000e-02 2.220419e-01
      vertex   -3.214634e-02 4.441342e-02 2.185597e-01
      vertex   -3.341274e-02 4.250000e-02 2.170246e-01
    endloop
  endfacet
  facet normal -8.756390e-01 2.462103e-01 4.154959e-01
    outer loop
      vertex   -3.341274e-02 4.250000e-02 2.170246e-01
      vertex   -3.214634e-02 4.441342e-02 2.185597e-01
      vertex   -3.470724e-02 4.441342e-02 2.131627e-01
    endloop
  endfacet
  facet normal -9.140107e-01 1.457733e-01 3.785956e-01
    outer loop
      vertex   -3.341274e-02 4.250000e-02 2.170246e-01
      vertex   -3.470724e-02 4.441342e-02 2.131627e-01
      vertex   -3.566462e-02 4.250000e-02 2.115881e-01
    endloop
  endfacet
  facet normal -9.314775e-01 2.440378e-01 2.698058e-01
    outer loop
      vertex   -3.566462e-02 4.250000e-02 2.115881e-01
      vertex   -3.470724e-02 4.441342e-02 2.131627e-01
      vertex   -3.636924e-02 4.441342e-02 2.074248e-01
    endloop
  endfacet
  facet normal -9.616311e-01 1.482094e-01 2.308672e-01
    outer loop
      vertex   -3.566462e-02 4.250000e-02 2.115881e-01
      vertex   -3.636924e-02 4.441342e-02 2.074248e-01
      vertex   -3.703831e-02 4.250000e-02 2.058663e-01
    endloop
  endfacet
  facet normal -9.633079e-01 2.415713e-01 1.169668e-01
    outer loop
      vertex   -3.703831e-02 4.250000e-02 2.058663e-01
      vertex   -3.636924e-02 4.441342e-02 2.074248e-01
      vertex   -3.708929e-02 4.441342e-02 2.014946e-01
    endloop
  endfacet
  facet normal -9.854946e-01 1.509466e-01 7.756011e-02
    outer loop
      vertex   -3.703831e-02 4.250000e-02 2.058663e-01
      vertex   -3.708929e-02 4.441342e-02 2.014946e-01
      vertex   -3.750000e-02 4.250000e-02 2.000000e-01
    endloop
  endfacet
  facet normal -9.702790e-01 2.388092e-01 -3.910091e-02
    outer loop
      vertex   -3.750000e-02 4.250000e-02 2.000000e-01
      vertex   -3.708929e-02 4.441342e-02 2.014946e-01
      vertex   -3.684876e-02 4.441342e-02 1.955258e-01
    endloop
  endfacet
  facet normal -9.850275e-01 1.539837e-01 -7.752334e-02
    outer loop
      vertex   -3.750000e-02 4.250000e-02 2.000000e-01
      vertex   -3.684876e-02 4.441342e-02 1.955258e-01
      vertex   -3.703831e-02 4.250000e-02 1.941337e-01
    endloop
  endfacet
  facet normal -9.521741e-01 2.357498e-01 -1.943877e-01
    outer loop
      vertex   -3.703831e-02 4.250000e-02 1.941337e-01
      vertex   -3.684876e-02 4.441342e-02 1.955258e-01
      vertex   -3.565385e-02 4.441342e-02 1.896727e-01
    endloop
  endfacet
  facet normal -9.602618e-01 1.573193e-01 -2.305385e-01
    outer loop
      vertex   -3.703831e-02 4.250000e-02 1.941337e-01
      vertex   -3.565385e-02 4.441342e-02 1.896727e-01
      vertex   -3.566462e-02 4.250000e-02 1.884119e-01
    endloop
  endfacet
  facet normal -9.094178e-01 2.323911e-01 -3.448967e-01
    outer loop
      vertex   -3.566462e-02 4.250000e-02 1.884119e-01
      vertex   -3.565385e-02 4.441342e-02 1.896727e-01
      vertex   -3.353554e-02 4.441342e-02 1.840872e-01
    endloop
  endfacet
  facet normal -9.118342e-01 1.609518e-01 -3.776941e-01
    outer loop
      vertex   -3.566462e-02 4.250000e-02 1.884119e-01
      vertex   -3.353554e-02 4.441342e-02 1.840872e-01
      vertex   -3.341274e-02 4.250000e-02 1.829754e-01
    endloop
  endfacet
  facet normal -8.430667e-01 2.287312e-01 -4.867448e-01
    outer loop
      vertex   -3.341274e-02 4.250000e-02 1.829754e-01
      vertex   -3.353554e-02 4.441342e-02 1.840872e-01
      vertex   -3.054867e-02 4.441342e-02 1.789138e-01
    endloop
  endfacet
  facet normal -8.409707e-01 1.648793e-01 -5.153475e-01
    outer loop
      vertex   -3.341274e-02 4.250000e-02 1.829754e-01
      vertex   -3.054867e-02 4.441342e-02 1.789138e-01
      vertex   -3.033814e-02 4.250000e-02 1.779581e-01
    endloop
  endfacet
  facet normal -7.548788e-01 2.247104e-01 -6.161683e-01
    outer loop
      vertex   -3.033814e-02 4.250000e-02 1.779581e-01
      vertex   -3.054867e-02 4.441342e-02 1.789138e-01
      vertex   -2.677760e-02 4.441342e-02 1.742938e-01
    endloop
  endfacet
  facet normal -7.494937e-01 1.688056e-01 -6.401281e-01
    outer loop
      vertex   -3.033814e-02 4.250000e-02 1.779581e-01
      vertex   -2.677760e-02 4.441342e-02 1.742938e-01
      vertex   -2.651650e-02 4.250000e-02 1.734835e-01
    endloop
  endfacet
  facet normal -6.468487e-01 2.208452e-01 -7.299412e-01
    outer loop
      vertex   -2.651650e-02 4.250000e-02 1.734835e-01
      vertex   -2.677760e-02 4.441342e-02 1.742938e-01
      vertex   -2.229919e-02 4.441342e-02 1.703252e-01
    endloop
  endfacet
  facet normal -6.395857e-01 1.736113e-01 -7.488586e-01
    outer loop
      vertex   -2.651650e-02 4.250000e-02 1.734835e-01
      vertex   -2.229919e-02 4.441342e-02 1.703252e-01
      vertex   -2.204195e-02 4.250000e-02 1.696619e-01
    endloop
  endfacet
  facet normal -5.218582e-01 2.159216e-01 -8.252527e-01
    outer loop
      vertex   -2.204195e-02 4.250000e-02 1.696619e-01
      vertex   -2.229919e-02 4.441342e-02 1.703252e-01
      vertex   -1.725024e-02 4.441342e-02 1.671324e-01
    endloop
  endfacet
  facet normal -5.141156e-01 1.784111e-01 -8.389604e-01
    outer loop
      vertex   -2.204195e-02 4.250000e-02 1.696619e-01
      vertex   -1.725024e-02 4.441342e-02 1.671324e-01
      vertex   -1.702464e-02 4.250000e-02 1.665873e-01
    endloop
  endfacet
  facet normal -3.831390e-01 2.110338e-01 -8.992604e-01
    outer loop
      vertex   -1.702464e-02 4.250000e-02 1.665873e-01
      vertex   -1.725024e-02 4.441342e-02 1.671324e-01
      vertex   -1.175453e-02 4.441342e-02 1.647909e-01
    endloop
  endfacet
  facet normal -3.761856e-01 1.834964e-01 -9.081924e-01
    outer loop
      vertex   -1.702464e-02 4.250000e-02 1.665873e-01
      vertex   -1.175453e-02 4.441342e-02 1.647909e-01
      vertex   -1.158814e-02 4.250000e-02 1.643354e-01
    endloop
  endfacet
  facet normal -2.341912e-01 2.058330e-01 -9.501512e-01
    outer loop
      vertex   -1.158814e-02 4.250000e-02 1.643354e-01
      vertex   -1.175453e-02 4.441342e-02 1.647909e-01
      vertex   -5.954370e-03 4.441342e-02 1.633613e-01
    endloop
  endfacet
  facet normal -2.292441e-01 1.888644e-01 -9.548703e-01
    outer loop
      vertex   -1.158814e-02 4.250000e-02 1.643354e-01
      vertex   -5.954370e-03 4.441342e-02 1.633613e-01
      vertex   -5.866292e-03 4.250000e-02 1.629617e-01
    endloop
  endfacet
  facet normal -7.883561e-02 2.003165e-01 -9.765543e-01
    outer loop
      vertex   -5.866292e-03 4.250000e-02 1.629617e-01
      vertex   -5.954370e-03 4.441342e-02 1.633613e-01
      vertex   1.049231e-19 4.441342e-02 1.628806e-01
    endloop
  endfacet
  facet normal -7.696054e-02 1.945117e-01 -9.778764e-01
    outer loop
      vertex   -5.866292e-03 4.250000e-02 1.629617e-01
      vertex   1.049231e-19 4.441342e-02 1.628806e-01
      vertex   -6.737105e-18 4.250000e-02 1.625000e-01
    endloop
  endfacet
  facet normal 7.696054e-02 1.945117e-01 -9.778764e-01
    outer loop
      vertex   -6.737105e-18 4.250000e-02 1.625000e-01
      vertex   1.049231e-19 4.441342e-02 1.628806e-01
      vertex   5.866292e-03 4.250000e-02 1.629617e-01
    endloop
  endfacet
  facet normal 7.883561e-02 2.003165e-01 -9.765543e-01
    outer loop
      vertex   5.866292e-03 4.250000e-02 1.629617e-01
      vertex   1.049231e-19 4.441342e-02 1.628806e-01
      vertex   5.954370e-03 4.441342e-02 1.633613e-01
    endloop
  endfacet
  facet normal 2.292441e-01 1.888644e-01 -9.548703e-01
    outer loop
      vertex   5.866292e-03 4.250000e-02 1.629617e-01
      vertex   5.954370e-03 4.441342e-02 1.633613e-01
      vertex   1.158814e-02 4.250000e-02 1.643354e-01
    endloop
  endfacet
  facet normal 2.341912e-01 2.058330e-01 -9.501512e-01
    outer loop
      vertex   1.158814e-02 4.250000e-02 1.643354e-01
      vertex   5.954370e-03 4.441342e-02 1.633613e-01
      vertex   1.175453e-02 4.441342e-02 1.647909e-01
    endloop
  endfacet
  facet normal 3.761856e-01 1.834964e-01 -9.081924e-01
    outer loop
      vertex   1.158814e-02 4.250000e-02 1.643354e-01
      vertex   1.175453e-02 4.441342e-02 1.647909e-01
      vertex   1.702464e-02 4.250000e-02 1.665873e-01
    endloop
  endfacet
  facet normal 3.831390e-01 2.110338e-01 -8.992604e-01
    outer loop
      vertex   1.702464e-02 4.250000e-02 1.665873e-01
      vertex   1.175453e-02 4.441342e-02 1.647909e-01
      vertex   1.725024e-02 4.441342e-02 1.671324e-01
    endloop
  endfacet
  facet normal 5.141156e-01 1.784111e-01 -8.389604e-01
    outer loop
      vertex   1.702464e-02 4.250000e-02 1.665873e-01
      vertex   1.725024e-02 4.441342e-02 1.671324e-01
      vertex   2.204195e-02 4.250000e-02 1.696619e-01
    endloop
  endfacet
  facet normal 5.218582e-01 2.159216e-01 -8.252527e-01
    outer loop
      vertex   2.204195e-02 4.250000e-02 1.696619e-01
      vertex   1.725024e-02 4.441342e-02 1.671324e-01
      vertex   2.229919e-02 4.441342e-02 1.703252e-01
    endloop
  endfacet
  facet normal 6.395857e-01 1.736113e-01 -7.488586e-01
    outer loop
      vertex   2.204195e-02 4.250000e-02 1.696619e-01
      vertex   2.229919e-02 4.441342e-02 1.703252e-01
      vertex   2.651650e-02 4.250000e-02 1.734835e-01
    endloop
  endfacet
  facet normal 6.468014e-01 2.204987e-01 -7.300878e-01
    outer loop
      vertex   2.651650e-02 4.250000e-02 1.734835e-01
      vertex   2.229919e-02 4.441342e-02 1.703252e-01
      vertex   2.677060e-02 4.441342e-02 1.742865e-01
    endloop
  endfacet
  facet normal 7.494553e-01 1.690999e-01 -6.400953e-01
    outer loop
      vertex   2.651650e-02 4.250000e-02 1.734835e-01
      vertex   2.677060e-02 4.441342e-02 1.742865e-01
      vertex   3.033814e-02 4.250000e-02 1.779581e-01
    endloop
  endfacet
  facet normal 7.547846e-01 2.247678e-01 -6.162626e-01
    outer loop
      vertex   3.033814e-02 4.250000e-02 1.779581e-01
      vertex   2.677060e-02 4.441342e-02 1.742865e-01
      vertex   3.054867e-02 4.441342e-02 1.789138e-01
    endloop
  endfacet
  facet normal 8.409707e-01 1.648793e-01 -5.153475e-01
    outer loop
      vertex   3.033814e-02 4.250000e-02 1.779581e-01
      vertex   3.054867e-02 4.441342e-02 1.789138e-01
      vertex   3.341274e-02 4.250000e-02 1.829754e-01
    endloop
  endfacet
  facet normal 8.430667e-01 2.287312e-01 -4.867448e-01
    outer loop
      vertex   3.341274e-02 4.250000e-02 1.829754e-01
      vertex   3.054867e-02 4.441342e-02 1.789138e-01
      vertex   3.353554e-02 4.441342e-02 1.840872e-01
    endloop
  endfacet
  facet normal 9.118342e-01 1.609518e-01 -3.776941e-01
    outer loop
      vertex   3.341274e-02 4.250000e-02 1.829754e-01
      vertex   3.353554e-02 4.441342e-02 1.840872e-01
      vertex   3.566462e-02 4.250000e-02 1.884119e-01
    endloop
  endfacet
  facet normal 9.094178e-01 2.323911e-01 -3.448967e-01
    outer loop
      vertex   3.566462e-02 4.250000e-02 1.884119e-01
      vertex   3.353554e-02 4.441342e-02 1.840872e-01
      vertex   3.565385e-02 4.441342e-02 1.896727e-01
    endloop
  endfacet
  facet normal 9.602618e-01 1.573193e-01 -2.305385e-01
    outer loop
      vertex   3.566462e-02 4.250000e-02 1.884119e-01
      vertex   3.565385e-02 4.441342e-02 1.896727e-01
      vertex   3.703831e-02 4.250000e-02 1.941337e-01
    endloop
  endfacet
  facet normal 9.521741e-01 2.357498e-01 -1.943877e-01
    outer loop
      vertex   3.703831e-02 4.250000e-02 1.941337e-01
      vertex   3.565385e-02 4.441342e-02 1.896727e-01
      vertex   3.684876e-02 4.441342e-02 1.955258e-01
    endloop
  endfacet
  facet normal 1.866122e-01 9.823053e-01 1.588304e-02
    outer loop
      vertex   3.203252e-02 4.750000e-02 2.054925e-01
      vertex   3.438551e-02 4.711940e-02 2.013857e-01
      vertex   3.250000e-02 4.750000e-02 2.000000e-01
    endloop
  endfacet
  facet normal 2.036509e-01 9.790092e-01 -8.206850e-03
    outer loop
      vertex   3.250000e-02 4.750000e-02 2.000000e-01
      vertex   3.438551e-02 4.711940e-02 2.013857e-01
      vertex   3.416250e-02 4.711940e-02 1.958519e-01
    endloop
  endfacet
  facet normal 1.855299e-01 9.825117e-01 -1.579092e-02
    outer loop
      vertex   3.250000e-02 4.750000e-02 2.000000e-01
      vertex   3.416250e-02 4.711940e-02 1.958519e-01
      vertex   3.203252e-02 4.750000e-02 1.945075e-01
    endloop
  endfacet
  facet normal 2.007670e-01 9.787812e-01 -4.098687e-02
    outer loop
      vertex   3.203252e-02 4.750000e-02 1.945075e-01
      vertex   3.416250e-02 4.711940e-02 1.958519e-01
      vertex   3.305471e-02 4.711940e-02 1.904256e-01
    endloop
  endfacet
  facet normal 1.793769e-01 9.826711e-01 -4.670611e-02
    outer loop
      vertex   3.203252e-02 4.750000e-02 1.945075e-01
      vertex   3.305471e-02 4.711940e-02 1.904256e-01
      vertex   3.064352e-02 4.750000e-02 1.891730e-01
    endloop
  endfacet
  facet normal 1.923730e-01 9.786061e-01 -7.295744e-02
    outer loop
      vertex   3.064352e-02 4.750000e-02 1.891730e-01
      vertex   3.305471e-02 4.711940e-02 1.904256e-01
      vertex   3.109082e-02 4.711940e-02 1.852472e-01
    endloop
  endfacet
  facet normal 1.683514e-01 9.827852e-01 -7.609963e-02
    outer loop
      vertex   3.064352e-02 4.750000e-02 1.891730e-01
      vertex   3.109082e-02 4.711940e-02 1.852472e-01
      vertex   2.837296e-02 4.750000e-02 1.841499e-01
    endloop
  endfacet
  facet normal 1.786736e-01 9.784857e-01 -1.031572e-01
    outer loop
      vertex   2.837296e-02 4.750000e-02 1.841499e-01
      vertex   3.109082e-02 4.711940e-02 1.852472e-01
      vertex   2.832169e-02 4.711940e-02 1.804510e-01
    endloop
  endfacet
  facet normal 1.527598e-01 9.828552e-01 -1.032476e-01
    outer loop
      vertex   2.837296e-02 4.750000e-02 1.841499e-01
      vertex   2.832169e-02 4.711940e-02 1.804510e-01
      vertex   2.528616e-02 4.750000e-02 1.795829e-01
    endloop
  endfacet
  facet normal 1.600476e-01 9.784216e-01 -1.306748e-01
    outer loop
      vertex   2.528616e-02 4.750000e-02 1.795829e-01
      vertex   2.832169e-02 4.711940e-02 1.804510e-01
      vertex   2.481904e-02 4.711940e-02 1.761610e-01
    endloop
  endfacet
  facet normal 1.330103e-01 9.828820e-01 -1.274800e-01
    outer loop
      vertex   2.528616e-02 4.750000e-02 1.795829e-01
      vertex   2.481904e-02 4.711940e-02 1.761610e-01
      vertex   2.147193e-02 4.750000e-02 1.756032e-01
    endloop
  endfacet
  facet normal 1.370357e-01 9.784145e-01 -1.546814e-01
    outer loop
      vertex   2.147193e-02 4.750000e-02 1.756032e-01
      vertex   2.481904e-02 4.711940e-02 1.761610e-01
      vertex   2.067359e-02 4.711940e-02 1.724884e-01
    endloop
  endfacet
  facet normal 1.096039e-01 9.828659e-01 -1.481942e-01
    outer loop
      vertex   2.147193e-02 4.750000e-02 1.756032e-01
      vertex   2.067359e-02 4.711940e-02 1.724884e-01
      vertex   1.703999e-02 4.750000e-02 1.723253e-01
    endloop
  endfacet
  facet normal 1.103221e-01 9.784644e-01 -1.744605e-01
    outer loop
      vertex   1.703999e-02 4.750000e-02 1.723253e-01
      vertex   2.067359e-02 4.711940e-02 1.724884e-01
      vertex   1.599271e-02 4.711940e-02 1.695284e-01
    endloop
  endfacet
  facet normal 8.312435e-02 9.828068e-01 -1.648673e-01
    outer loop
      vertex   1.703999e-02 4.750000e-02 1.723253e-01
      vertex   1.599271e-02 4.711940e-02 1.695284e-01
      vertex   1.211784e-02 4.750000e-02 1.698436e-01
    endloop
  endfacet
  facet normal 8.071011e-02 9.785708e-01 -1.894336e-01
    outer loop
      vertex   1.211784e-02 4.750000e-02 1.698436e-01
      vertex   1.599271e-02 4.711940e-02 1.695284e-01
      vertex   1.089763e-02 4.711940e-02 1.673576e-01
    endloop
  endfacet
  facet normal 5.422620e-02 9.827038e-01 -1.770671e-01
    outer loop
      vertex   1.211784e-02 4.750000e-02 1.698436e-01
      vertex   1.089763e-02 4.711940e-02 1.673576e-01
      vertex   6.847076e-03 4.750000e-02 1.682295e-01
    endloop
  endfacet
  facet normal 4.909348e-02 9.787324e-01 -1.991801e-01
    outer loop
      vertex   6.847076e-03 4.750000e-02 1.682295e-01
      vertex   1.089763e-02 4.711940e-02 1.673576e-01
      vertex   5.520300e-03 4.711940e-02 1.660322e-01
    endloop
  endfacet
  facet normal 2.362118e-02 9.825559e-01 -1.844612e-01
    outer loop
      vertex   6.847076e-03 4.750000e-02 1.682295e-01
      vertex   5.520300e-03 4.711940e-02 1.660322e-01
      vertex   1.379339e-03 4.750000e-02 1.675293e-01
    endloop
  endfacet
  facet normal 1.642426e-02 9.789474e-01 -2.034509e-01
    outer loop
      vertex   1.379339e-03 4.750000e-02 1.675293e-01
      vertex   5.520300e-03 4.711940e-02 1.660322e-01
      vertex   -8.655320e-18 4.711940e-02 1.655866e-01
    endloop
  endfacet
  facet normal -7.936170e-03 9.823614e-01 -1.868236e-01
    outer loop
      vertex   1.379339e-03 4.750000e-02 1.675293e-01
      vertex   -8.655320e-18 4.711940e-02 1.655866e-01
      vertex   -4.128079e-03 4.750000e-02 1.677632e-01
    endloop
  endfacet
  facet normal -1.632132e-02 9.792132e-01 -2.021758e-01
    outer loop
      vertex   -4.128079e-03 4.750000e-02 1.677632e-01
      vertex   -8.655320e-18 4.711940e-02 1.655866e-01
      vertex   -5.520300e-03 4.711940e-02 1.660322e-01
    endloop
  endfacet
  facet normal -3.966377e-02 9.821181e-01 -1.840405e-01
    outer loop
      vertex   -4.128079e-03 4.750000e-02 1.677632e-01
      vertex   -5.520300e-03 4.711940e-02 1.660322e-01
      vertex   -9.516740e-03 4.750000e-02 1.689246e-01
    endloop
  endfacet
  facet normal -4.817728e-02 9.795270e-01 -1.954629e-01
    outer loop
      vertex   -9.516740e-03 4.750000e-02 1.689246e-01
      vertex   -5.520300e-03 4.711940e-02 1.660322e-01
      vertex   -1.089763e-02 4.711940e-02 1.673576e-01
    endloop
  endfacet
  facet normal -7.076786e-02 9.818229e-01 -1.761126e-01
    outer loop
      vertex   -9.516740e-03 4.750000e-02 1.689246e-01
      vertex   -1.089763e-02 4.711940e-02 1.673576e-01
      vertex   -1.463162e-02 4.750000e-02 1.709799e-01
    endloop
  endfacet
  facet normal -7.822142e-02 9.798853e-01 -1.835924e-01
    outer loop
      vertex   -1.463162e-02 4.750000e-02 1.709799e-01
      vertex   -1.089763e-02 4.711940e-02 1.673576e-01
      vertex   -1.599271e-02 4.711940e-02 1.695284e-01
    endloop
  endfacet
  facet normal -1.004590e-01 9.814725e-01 -1.631558e-01
    outer loop
      vertex   -1.463162e-02 4.750000e-02 1.709799e-01
      vertex   -1.599271e-02 4.711940e-02 1.695284e-01
      vertex   -1.932558e-02 4.750000e-02 1.738701e-01
    endloop
  endfacet
  facet normal -1.056062e-01 9.802843e-01 -1.670029e-01
    outer loop
      vertex   -1.932558e-02 4.750000e-02 1.738701e-01
      vertex   -1.599271e-02 4.711940e-02 1.695284e-01
      vertex   -2.067359e-02 4.711940e-02 1.724884e-01
    endloop
  endfacet
  facet normal -1.279679e-01 9.810622e-01 -1.453998e-01
    outer loop
      vertex   -1.932558e-02 4.750000e-02 1.738701e-01
      vertex   -2.067359e-02 4.711940e-02 1.724884e-01
      vertex   -2.346357e-02 4.750000e-02 1.775120e-01
    endloop
  endfacet
  facet normal -1.297906e-01 9.806765e-01 -1.463829e-01
    outer loop
      vertex   -2.346357e-02 4.750000e-02 1.775120e-01
      vertex   -2.067359e-02 4.711940e-02 1.724884e-01
      vertex   -2.483850e-02 4.711940e-02 1.761813e-01
    endloop
  endfacet
  facet normal -1.516905e-01 9.806510e-01 -1.237483e-01
    outer loop
      vertex   -2.346357e-02 4.750000e-02 1.775120e-01
      vertex   -2.483850e-02 4.711940e-02 1.761813e-01
      vertex   -2.832169e-02 4.711940e-02 1.804510e-01
    endloop
  endfacet
  facet normal -4.314478e-01 8.306431e-01 -3.519728e-01
    outer loop
      vertex   -2.832169e-02 4.711940e-02 1.804510e-01
      vertex   -2.483850e-02 4.711940e-02 1.761813e-01
      vertex   -2.965666e-02 4.603553e-02 1.795295e-01
    endloop
  endfacet
  facet normal -4.822184e-01 8.306346e-01 -2.784089e-01
    outer loop
      vertex   -2.832169e-02 4.711940e-02 1.804510e-01
      vertex   -2.965666e-02 4.603553e-02 1.795295e-01
      vertex   -3.109082e-02 4.711940e-02 1.852472e-01
    endloop
  endfacet
  facet normal -4.822184e-01 8.306346e-01 -2.784089e-01
    outer loop
      vertex   -3.109082e-02 4.711940e-02 1.852472e-01
      vertex   -2.965666e-02 4.603553e-02 1.795295e-01
      vertex   -3.255632e-02 4.603553e-02 1.845518e-01
    endloop
  endfacet
  facet normal -5.206338e-01 8.306346e-01 -1.974503e-01
    outer loop
      vertex   -3.109082e-02 4.711940e-02 1.852472e-01
      vertex   -3.255632e-02 4.603553e-02 1.845518e-01
      vertex   -3.305471e-02 4.711940e-02 1.904256e-01
    endloop
  endfacet
  facet normal -5.206338e-01 8.306346e-01 -1.974503e-01
    outer loop
      vertex   -3.305471e-02 4.711940e-02 1.904256e-01
      vertex   -3.255632e-02 4.603553e-02 1.845518e-01
      vertex   -3.461278e-02 4.603553e-02 1.899743e-01
    endloop
  endfacet
  facet normal -5.455650e-01 8.306346e-01 -1.113779e-01
    outer loop
      vertex   -3.305471e-02 4.711940e-02 1.904256e-01
      vertex   -3.461278e-02 4.603553e-02 1.899743e-01
      vertex   -3.416250e-02 4.711940e-02 1.958519e-01
    endloop
  endfacet
  facet normal -5.455650e-01 8.306346e-01 -1.113779e-01
    outer loop
      vertex   -3.416250e-02 4.711940e-02 1.958519e-01
      vertex   -3.461278e-02 4.603553e-02 1.899743e-01
      vertex   -3.577279e-02 4.603553e-02 1.956564e-01
    endloop
  endfacet
  facet normal -5.563663e-01 8.306346e-01 -2.242080e-02
    outer loop
      vertex   -3.416250e-02 4.711940e-02 1.958519e-01
      vertex   -3.577279e-02 4.603553e-02 1.956564e-01
      vertex   -3.438551e-02 4.711940e-02 2.013857e-01
    endloop
  endfacet
  facet normal -5.563663e-01 8.306346e-01 -2.242080e-02
    outer loop
      vertex   -3.438551e-02 4.711940e-02 2.013857e-01
      vertex   -3.577279e-02 4.603553e-02 1.956564e-01
      vertex   -3.600631e-02 4.603553e-02 2.014510e-01
    endloop
  endfacet
  facet normal -5.527581e-01 8.306346e-01 6.711698e-02
    outer loop
      vertex   -3.438551e-02 4.711940e-02 2.013857e-01
      vertex   -3.600631e-02 4.603553e-02 2.014510e-01
      vertex   -3.371794e-02 4.711940e-02 2.068836e-01
    endloop
  endfacet
  facet normal -5.527581e-01 8.306346e-01 6.711698e-02
    outer loop
      vertex   -3.371794e-02 4.711940e-02 2.068836e-01
      vertex   -3.600631e-02 4.603553e-02 2.014510e-01
      vertex   -3.530728e-02 4.603553e-02 2.072080e-01
    endloop
  endfacet
  facet normal -5.348337e-01 8.306346e-01 1.549165e-01
    outer loop
      vertex   -3.371794e-02 4.711940e-02 2.068836e-01
      vertex   -3.530728e-02 4.603553e-02 2.072080e-01
      vertex   -3.217710e-02 4.711940e-02 2.122032e-01
    endloop
  endfacet
  facet normal -5.348337e-01 8.306346e-01 1.549165e-01
    outer loop
      vertex   -3.217710e-02 4.711940e-02 2.122032e-01
      vertex   -3.530728e-02 4.603553e-02 2.072080e-01
      vertex   -3.369381e-02 4.603553e-02 2.127784e-01
    endloop
  endfacet
  facet normal -5.030574e-01 8.306346e-01 2.387037e-01
    outer loop
      vertex   -3.217710e-02 4.711940e-02 2.122032e-01
      vertex   -3.369381e-02 4.603553e-02 2.127784e-01
      vertex   -2.980289e-02 4.711940e-02 2.172067e-01
    endloop
  endfacet
  facet normal -5.030574e-01 8.306346e-01 2.387037e-01
    outer loop
      vertex   -2.980289e-02 4.711940e-02 2.172067e-01
      vertex   -3.369381e-02 4.603553e-02 2.127784e-01
      vertex   -3.120769e-02 4.603553e-02 2.180178e-01
    endloop
  endfacet
  facet normal -4.582521e-01 8.306346e-01 3.163086e-01
    outer loop
      vertex   -2.980289e-02 4.711940e-02 2.172067e-01
      vertex   -3.120769e-02 4.603553e-02 2.180178e-01
      vertex   -2.665680e-02 4.711940e-02 2.217646e-01
    endloop
  endfacet
  facet normal -4.582521e-01 8.306346e-01 3.163086e-01
    outer loop
      vertex   -2.665680e-02 4.711940e-02 2.217646e-01
      vertex   -3.120769e-02 4.603553e-02 2.180178e-01
      vertex   -2.791330e-02 4.603553e-02 2.227905e-01
    endloop
  endfacet
  facet normal -4.015784e-01 8.306346e-01 3.857213e-01
    outer loop
      vertex   -2.665680e-02 4.711940e-02 2.217646e-01
      vertex   -2.791330e-02 4.603553e-02 2.227905e-01
      vertex   -2.282032e-02 4.711940e-02 2.257588e-01
    endloop
  endfacet
  facet normal -4.015784e-01 8.306346e-01 3.857213e-01
    outer loop
      vertex   -2.282032e-02 4.711940e-02 2.257588e-01
      vertex   -2.791330e-02 4.603553e-02 2.227905e-01
      vertex   -2.389598e-02 4.603553e-02 2.269730e-01
    endloop
  endfacet
  facet normal -3.345040e-01 8.306346e-01 4.451440e-01
    outer loop
      vertex   -2.282032e-02 4.711940e-02 2.257588e-01
      vertex   -2.389598e-02 4.603553e-02 2.269730e-01
      vertex   -1.839280e-02 4.711940e-02 2.290859e-01
    endloop
  endfacet
  facet normal -3.345040e-01 8.306346e-01 4.451440e-01
    outer loop
      vertex   -1.839280e-02 4.711940e-02 2.290859e-01
      vertex   -2.389598e-02 4.603553e-02 2.269730e-01
      vertex   -1.925976e-02 4.603553e-02 2.304569e-01
    endloop
  endfacet
  facet normal -2.587662e-01 8.306346e-01 4.930378e-01
    outer loop
      vertex   -1.839280e-02 4.711940e-02 2.290859e-01
      vertex   -1.925976e-02 4.603553e-02 2.304569e-01
      vertex   -1.348891e-02 4.711940e-02 2.316596e-01
    endloop
  endfacet
  facet normal -2.587662e-01 8.306346e-01 4.930378e-01
    outer loop
      vertex   -1.348891e-02 4.711940e-02 2.316596e-01
      vertex   -1.925976e-02 4.603553e-02 2.304569e-01
      vertex   -1.412473e-02 4.603553e-02 2.331520e-01
    endloop
  endfacet
  facet normal -1.763264e-01 8.306346e-01 5.281621e-01
    outer loop
      vertex   -1.348891e-02 4.711940e-02 2.316596e-01
      vertex   -1.412473e-02 4.603553e-02 2.331520e-01
      vertex   -8.235670e-03 4.711940e-02 2.334134e-01
    endloop
  endfacet
  facet normal -1.763264e-01 8.306346e-01 5.281621e-01
    outer loop
      vertex   -8.235670e-03 4.711940e-02 2.334134e-01
      vertex   -1.412473e-02 4.603553e-02 2.331520e-01
      vertex   -8.623868e-03 4.603553e-02 2.349884e-01
    endloop
  endfacet
  facet normal -8.931987e-02 8.306346e-01 5.496072e-01
    outer loop
      vertex   -8.235670e-03 4.711940e-02 2.334134e-01
      vertex   -8.623868e-03 4.603553e-02 2.349884e-01
      vertex   -2.769130e-03 4.711940e-02 2.343018e-01
    endloop
  endfacet
  facet normal -8.931987e-02 8.306346e-01 5.496072e-01
    outer loop
      vertex   -2.769130e-03 4.711940e-02 2.343018e-01
      vertex   -8.623868e-03 4.603553e-02 2.349884e-01
      vertex   -2.899656e-03 4.603553e-02 2.359187e-01
    endloop
  endfacet
  facet normal -0.000000e+00 8.306346e-01 5.568179e-01
    outer loop
      vertex   -2.769130e-03 4.711940e-02 2.343018e-01
      vertex   -2.899656e-03 4.603553e-02 2.359187e-01
      vertex   2.769130e-03 4.711940e-02 2.343018e-01
    endloop
  endfacet
  facet normal 0.000000e+00 8.306346e-01 5.568179e-01
    outer loop
      vertex   2.769130e-03 4.711940e-02 2.343018e-01
      vertex   -2.899656e-03 4.603553e-02 2.359187e-01
      vertex   2.899656e-03 4.603553e-02 2.359187e-01
    endloop
  endfacet
  facet normal 8.931987e-02 8.306346e-01 5.496072e-01
    outer loop
      vertex   2.769130e-03 4.711940e-02 2.343018e-01
      vertex   2.899656e-03 4.603553e-02 2.359187e-01
      vertex   8.235670e-03 4.711940e-02 2.334134e-01
    endloop
  endfacet
  facet normal 8.931987e-02 8.306346e-01 5.496072e-01
    outer loop
      vertex   8.235670e-03 4.711940e-02 2.334134e-01
      vertex   2.899656e-03 4.603553e-02 2.359187e-01
      vertex   8.623868e-03 4.603553e-02 2.349884e-01
    endloop
  endfacet
  facet normal 1.763264e-01 8.306346e-01 5.281621e-01
    outer loop
      vertex   8.235670e-03 4.711940e-02 2.334134e-01
      vertex   8.623868e-03 4.603553e-02 2.349884e-01
      vertex   1.348891e-02 4.711940e-02 2.316596e-01
    endloop
  endfacet
  facet normal 1.763264e-01 8.306346e-01 5.281621e-01
    outer loop
      vertex   1.348891e-02 4.711940e-02 2.316596e-01
      vertex   8.623868e-03 4.603553e-02 2.349884e-01
      vertex   1.412473e-02 4.603553e-02 2.331520e-01
    endloop
  endfacet
  facet normal 2.587662e-01 8.306346e-01 4.930378e-01
    outer loop
      vertex   1.348891e-02 4.711940e-02 2.316596e-01
      vertex   1.412473e-02 4.603553e-02 2.331520e-01
      vertex   1.839280e-02 4.711940e-02 2.290859e-01
    endloop
  endfacet
  facet normal 2.587662e-01 8.306346e-01 4.930378e-01
    outer loop
      vertex   1.839280e-02 4.711940e-02 2.290859e-01
      vertex   1.412473e-02 4.603553e-02 2.331520e-01
      vertex   1.925976e-02 4.603553e-02 2.304569e-01
    endloop
  endfacet
  facet normal 3.345040e-01 8.306346e-01 4.451440e-01
    outer loop
      vertex   1.839280e-02 4.711940e-02 2.290859e-01
      vertex   1.925976e-02 4.603553e-02 2.304569e-01
      vertex   2.282032e-02 4.711940e-02 2.257588e-01
    endloop
  endfacet
  facet normal 3.345040e-01 8.306346e-01 4.451440e-01
    outer loop
      vertex   2.282032e-02 4.711940e-02 2.257588e-01
      vertex   1.925976e-02 4.603553e-02 2.304569e-01
      vertex   2.389598e-02 4.603553e-02 2.269730e-01
    endloop
  endfacet
  facet normal 4.015784e-01 8.306346e-01 3.857213e-01
    outer loop
      vertex   2.282032e-02 4.711940e-02 2.257588e-01
      vertex   2.389598e-02 4.603553e-02 2.269730e-01
      vertex   2.665680e-02 4.711940e-02 2.217646e-01
    endloop
  endfacet
  facet normal 4.015784e-01 8.306346e-01 3.857213e-01
    outer loop
      vertex   2.665680e-02 4.711940e-02 2.217646e-01
      vertex   2.389598e-02 4.603553e-02 2.269730e-01
      vertex   2.791330e-02 4.603553e-02 2.227905e-01
    endloop
  endfacet
  facet normal 4.582521e-01 8.306346e-01 3.163086e-01
    outer loop
      vertex   2.665680e-02 4.711940e-02 2.217646e-01
      vertex   2.791330e-02 4.603553e-02 2.227905e-01
      vertex   2.980289e-02 4.711940e-02 2.172067e-01
    endloop
  endfacet
  facet normal 4.582521e-01 8.306346e-01 3.163086e-01
    outer loop
      vertex   2.980289e-02 4.711940e-02 2.172067e-01
      vertex   2.791330e-02 4.603553e-02 2.227905e-01
      vertex   3.120769e-02 4.603553e-02 2.180178e-01
    endloop
  endfacet
  facet normal 5.030574e-01 8.306346e-01 2.387037e-01
    outer loop
      vertex   2.980289e-02 4.711940e-02 2.172067e-01
      vertex   3.120769e-02 4.603553e-02 2.180178e-01
      vertex   3.217710e-02 4.711940e-02 2.122032e-01
    endloop
  endfacet
  facet normal 5.030574e-01 8.306346e-01 2.387037e-01
    outer loop
      vertex   3.217710e-02 4.711940e-02 2.122032e-01
      vertex   3.120769e-02 4.603553e-02 2.180178e-01
      vertex   3.369381e-02 4.603553e-02 2.127784e-01
    endloop
  endfacet
  facet normal 5.348337e-01 8.306346e-01 1.549165e-01
    outer loop
      vertex   3.217710e-02 4.711940e-02 2.122032e-01
      vertex   3.369381e-02 4.603553e-02 2.127784e-01
      vertex   3.371794e-02 4.711940e-02 2.068836e-01
    endloop
  endfacet
  facet normal 5.348337e-01 8.306346e-01 1.549165e-01
    outer loop
      vertex   3.371794e-02 4.711940e-02 2.068836e-01
      vertex   3.369381e-02 4.603553e-02 2.127784e-01
      vertex   3.530728e-02 4.603553e-02 2.072080e-01
    endloop
  endfacet
  facet normal 5.527581e-01 8.306346e-01 6.711698e-02
    outer loop
      vertex   3.371794e-02 4.711940e-02 2.068836e-01
      vertex   3.530728e-02 4.603553e-02 2.072080e-01
      vertex   3.438551e-02 4.711940e-02 2.013857e-01
    endloop
  endfacet
  facet normal 5.527581e-01 8.306346e-01 6.711698e-02
    outer loop
      vertex   3.438551e-02 4.711940e-02 2.013857e-01
      vertex   3.530728e-02 4.603553e-02 2.072080e-01
      vertex   3.600631e-02 4.603553e-02 2.014510e-01
    endloop
  endfacet
  facet normal 5.563663e-01 8.306346e-01 -2.242080e-02
    outer loop
      vertex   3.438551e-02 4.711940e-02 2.013857e-01
      vertex   3.600631e-02 4.603553e-02 2.014510e-01
      vertex   3.416250e-02 4.711940e-02 1.958519e-01
    endloop
  endfacet
  facet normal 5.563663e-01 8.306346e-01 -2.242080e-02
    outer loop
      vertex   3.416250e-02 4.711940e-02 1.958519e-01
      vertex   3.600631e-02 4.603553e-02 2.014510e-01
      vertex   3.577279e-02 4.603553e-02 1.956564e-01
    endloop
  endfacet
  facet normal 5.455650e-01 8.306346e-01 -1.113779e-01
    outer loop
      vertex   3.416250e-02 4.711940e-02 1.958519e-01
      vertex   3.577279e-02 4.603553e-02 1.956564e-01
      vertex   3.305471e-02 4.711940e-02 1.904256e-01
    endloop
  endfacet
  facet normal 5.455650e-01 8.306346e-01 -1.113779e-01
    outer loop
      vertex   3.305471e-02 4.711940e-02 1.904256e-01
      vertex   3.577279e-02 4.603553e-02 1.956564e-01
      vertex   3.461278e-02 4.603553e-02 1.899743e-01
    endloop
  endfacet
  facet normal 5.206338e-01 8.306346e-01 -1.974503e-01
    outer loop
      vertex   3.305471e-02 4.711940e-02 1.904256e-01
      vertex   3.461278e-02 4.603553e-02 1.899743e-01
      vertex   3.109082e-02 4.711940e-02 1.852472e-01
    endloop
  endfacet
  facet normal 5.206338e-01 8.306346e-01 -1.974503e-01
    outer loop
      vertex   3.109082e-02 4.711940e-02 1.852472e-01
      vertex   3.461278e-02 4.603553e-02 1.899743e-01
      vertex   3.255632e-02 4.603553e-02 1.845518e-01
    endloop
  endfacet
  facet normal 4.822184e-01 8.306346e-01 -2.784089e-01
    outer loop
      vertex   3.109082e-02 4.711940e-02 1.852472e-01
      vertex   3.255632e-02 4.603553e-02 1.845518e-01
      vertex   2.832169e-02 4.711940e-02 1.804510e-01
    endloop
  endfacet
  facet normal 4.822184e-01 8.306346e-01 -2.784089e-01
    outer loop
      vertex   2.832169e-02 4.711940e-02 1.804510e-01
      vertex   3.255632e-02 4.603553e-02 1.845518e-01
      vertex   2.965666e-02 4.603553e-02 1.795295e-01
    endloop
  endfacet
  facet normal 4.313139e-01 8.306346e-01 -3.521569e-01
    outer loop
      vertex   2.832169e-02 4.711940e-02 1.804510e-01
      vertex   2.965666e-02 4.603553e-02 1.795295e-01
      vertex   2.481904e-02 4.711940e-02 1.761610e-01
    endloop
  endfacet
  facet normal 4.313139e-01 8.306346e-01 -3.521569e-01
    outer loop
      vertex   2.481904e-02 4.711940e-02 1.761610e-01
      vertex   2.965666e-02 4.603553e-02 1.795295e-01
      vertex   2.598892e-02 4.603553e-02 1.750373e-01
    endloop
  endfacet
  facet normal 3.692386e-01 8.306346e-01 -4.167842e-01
    outer loop
      vertex   2.481904e-02 4.711940e-02 1.761610e-01
      vertex   2.598892e-02 4.603553e-02 1.750373e-01
      vertex   2.067359e-02 4.711940e-02 1.724884e-01
    endloop
  endfacet
  facet normal 3.692386e-01 8.306346e-01 -4.167842e-01
    outer loop
      vertex   2.067359e-02 4.711940e-02 1.724884e-01
      vertex   2.598892e-02 4.603553e-02 1.750373e-01
      vertex   2.164807e-02 4.603553e-02 1.711917e-01
    endloop
  endfacet
  facet normal 2.976001e-01 8.306346e-01 -4.706170e-01
    outer loop
      vertex   2.067359e-02 4.711940e-02 1.724884e-01
      vertex   2.164807e-02 4.603553e-02 1.711917e-01
      vertex   1.599271e-02 4.711940e-02 1.695284e-01
    endloop
  endfacet
  facet normal 2.976001e-01 8.306346e-01 -4.706170e-01
    outer loop
      vertex   1.599271e-02 4.711940e-02 1.695284e-01
      vertex   2.164807e-02 4.603553e-02 1.711917e-01
      vertex   1.674655e-02 4.603553e-02 1.680921e-01
    endloop
  endfacet
  facet normal 2.182540e-01 8.306346e-01 -5.122610e-01
    outer loop
      vertex   1.599271e-02 4.711940e-02 1.695284e-01
      vertex   1.674655e-02 4.603553e-02 1.680921e-01
      vertex   1.089763e-02 4.711940e-02 1.673576e-01
    endloop
  endfacet
  facet normal 2.182540e-01 8.306346e-01 -5.122610e-01
    outer loop
      vertex   1.089763e-02 4.711940e-02 1.673576e-01
      vertex   1.674655e-02 4.603553e-02 1.680921e-01
      vertex   1.141130e-02 4.603553e-02 1.658190e-01
    endloop
  endfacet
  facet normal 1.332552e-01 8.306346e-01 -5.406378e-01
    outer loop
      vertex   1.089763e-02 4.711940e-02 1.673576e-01
      vertex   1.141130e-02 4.603553e-02 1.658190e-01
      vertex   5.520300e-03 4.711940e-02 1.660322e-01
    endloop
  endfacet
  facet normal 1.332552e-01 8.306346e-01 -5.406378e-01
    outer loop
      vertex   5.520300e-03 4.711940e-02 1.660322e-01
      vertex   1.141130e-02 4.603553e-02 1.658190e-01
      vertex   5.780506e-03 4.603553e-02 1.644311e-01
    endloop
  endfacet
  facet normal 4.480522e-02 8.306346e-01 -5.550123e-01
    outer loop
      vertex   5.520300e-03 4.711940e-02 1.660322e-01
      vertex   5.780506e-03 4.603553e-02 1.644311e-01
      vertex   -8.655320e-18 4.711940e-02 1.655866e-01
    endloop
  endfacet
  facet normal 4.480522e-02 8.306346e-01 -5.550123e-01
    outer loop
      vertex   -8.655320e-18 4.711940e-02 1.655866e-01
      vertex   5.780506e-03 4.603553e-02 1.644311e-01
      vertex   -2.781197e-20 4.603553e-02 1.639645e-01
    endloop
  endfacet
  facet normal -4.480522e-02 8.306346e-01 -5.550123e-01
    outer loop
      vertex   -8.655320e-18 4.711940e-02 1.655866e-01
      vertex   -2.781197e-20 4.603553e-02 1.639645e-01
      vertex   -5.520300e-03 4.711940e-02 1.660322e-01
    endloop
  endfacet
  facet normal -4.480522e-02 8.306346e-01 -5.550123e-01
    outer loop
      vertex   -5.520300e-03 4.711940e-02 1.660322e-01
      vertex   -2.781197e-20 4.603553e-02 1.639645e-01
      vertex   -5.780506e-03 4.603553e-02 1.644311e-01
    endloop
  endfacet
  facet normal -1.332552e-01 8.306346e-01 -5.406378e-01
    outer loop
      vertex   -5.520300e-03 4.711940e-02 1.660322e-01
      vertex   -5.780506e-03 4.603553e-02 1.644311e-01
      vertex   -1.089763e-02 4.711940e-02 1.673576e-01
    endloop
  endfacet
  facet normal -1.332552e-01 8.306346e-01 -5.406378e-01
    outer loop
      vertex   -1.089763e-02 4.711940e-02 1.673576e-01
      vertex   -5.780506e-03 4.603553e-02 1.644311e-01
      vertex   -1.141130e-02 4.603553e-02 1.658190e-01
    endloop
  endfacet
  facet normal -2.182540e-01 8.306346e-01 -5.122610e-01
    outer loop
      vertex   -1.089763e-02 4.711940e-02 1.673576e-01
      vertex   -1.141130e-02 4.603553e-02 1.658190e-01
      vertex   -1.599271e-02 4.711940e-02 1.695284e-01
    endloop
  endfacet
  facet normal -2.182540e-01 8.306346e-01 -5.122610e-01
    outer loop
      vertex   -1.599271e-02 4.711940e-02 1.695284e-01
      vertex   -1.141130e-02 4.603553e-02 1.658190e-01
      vertex   -1.674655e-02 4.603553e-02 1.680921e-01
    endloop
  endfacet
  facet normal -2.976001e-01 8.306346e-01 -4.706170e-01
    outer loop
      vertex   -1.599271e-02 4.711940e-02 1.695284e-01
      vertex   -1.674655e-02 4.603553e-02 1.680921e-01
      vertex   -2.067359e-02 4.711940e-02 1.724884e-01
    endloop
  endfacet
  facet normal -2.976001e-01 8.306346e-01 -4.706170e-01
    outer loop
      vertex   -2.067359e-02 4.711940e-02 1.724884e-01
      vertex   -1.674655e-02 4.603553e-02 1.680921e-01
      vertex   -2.164807e-02 4.603553e-02 1.711917e-01
    endloop
  endfacet
  facet normal -3.693576e-01 8.306289e-01 -4.166900e-01
    outer loop
      vertex   -2.067359e-02 4.711940e-02 1.724884e-01
      vertex   -2.164807e-02 4.603553e-02 1.711917e-01
      vertex   -2.600250e-02 4.603553e-02 1.750515e-01
    endloop
  endfacet
  facet normal -5.519635e-01 5.546037e-01 -6.226965e-01
    outer loop
      vertex   -2.600250e-02 4.603553e-02 1.750515e-01
      vertex   -2.164807e-02 4.603553e-02 1.711917e-01
      vertex   -2.677760e-02 4.441342e-02 1.742938e-01
    endloop
  endfacet
  facet normal -6.449187e-01 5.540475e-01 -5.264136e-01
    outer loop
      vertex   -2.600250e-02 4.603553e-02 1.750515e-01
      vertex   -2.677760e-02 4.441342e-02 1.742938e-01
      vertex   -3.054867e-02 4.441342e-02 1.789138e-01
    endloop
  endfacet
  facet normal 2.009993e-01 9.792873e-01 2.440573e-02
    outer loop
      vertex   3.438551e-02 4.711940e-02 2.013857e-01
      vertex   3.203252e-02 4.750000e-02 2.054925e-01
      vertex   3.371794e-02 4.711940e-02 2.068836e-01
    endloop
  endfacet
  facet normal 1.825383e-01 9.820493e-01 4.752928e-02
    outer loop
      vertex   3.371794e-02 4.711940e-02 2.068836e-01
      vertex   3.203252e-02 4.750000e-02 2.054925e-01
      vertex   3.064352e-02 4.750000e-02 2.108270e-01
    endloop
  endfacet
  facet normal 1.929643e-01 9.796126e-01 5.589278e-02
    outer loop
      vertex   3.371794e-02 4.711940e-02 2.068836e-01
      vertex   3.064352e-02 4.750000e-02 2.108270e-01
      vertex   3.217710e-02 4.711940e-02 2.122032e-01
    endloop
  endfacet
  facet normal 1.733378e-01 9.817407e-01 7.835362e-02
    outer loop
      vertex   3.217710e-02 4.711940e-02 2.122032e-01
      vertex   3.064352e-02 4.750000e-02 2.108270e-01
      vertex   2.837296e-02 4.750000e-02 2.158501e-01
    endloop
  endfacet
  facet normal 1.798671e-01 9.799814e-01 8.534799e-02
    outer loop
      vertex   3.217710e-02 4.711940e-02 2.122032e-01
      vertex   2.837296e-02 4.750000e-02 2.158501e-01
      vertex   2.980289e-02 4.711940e-02 2.172067e-01
    endloop
  endfacet
  facet normal 1.591553e-01 9.813757e-01 1.075702e-01
    outer loop
      vertex   2.980289e-02 4.711940e-02 2.172067e-01
      vertex   2.837296e-02 4.750000e-02 2.158501e-01
      vertex   2.528616e-02 4.750000e-02 2.204171e-01
    endloop
  endfacet
  facet normal 1.621832e-01 9.803900e-01 1.119470e-01
    outer loop
      vertex   2.980289e-02 4.711940e-02 2.172067e-01
      vertex   2.528616e-02 4.750000e-02 2.204171e-01
      vertex   2.665680e-02 4.711940e-02 2.217646e-01
    endloop
  endfacet
  facet normal 1.402484e-01 9.809497e-01 1.344172e-01
    outer loop
      vertex   2.665680e-02 4.711940e-02 2.217646e-01
      vertex   2.528616e-02 4.750000e-02 2.204171e-01
      vertex   2.147193e-02 4.750000e-02 2.243968e-01
    endloop
  endfacet
  facet normal 1.405224e-01 9.808341e-01 1.349736e-01
    outer loop
      vertex   2.665680e-02 4.711940e-02 2.217646e-01
      vertex   2.147193e-02 4.750000e-02 2.243968e-01
      vertex   2.282032e-02 4.711940e-02 2.257588e-01
    endloop
  endfacet
  facet normal 1.180638e-01 9.804978e-01 1.571144e-01
    outer loop
      vertex   2.282032e-02 4.711940e-02 2.257588e-01
      vertex   2.147193e-02 4.750000e-02 2.243968e-01
      vertex   1.839280e-02 4.711940e-02 2.290859e-01
    endloop
  endfacet
  facet normal 1.145331e-01 9.812751e-01 1.548590e-01
    outer loop
      vertex   2.147193e-02 4.750000e-02 2.243968e-01
      vertex   1.703999e-02 4.750000e-02 2.276747e-01
      vertex   1.839280e-02 4.711940e-02 2.290859e-01
    endloop
  endfacet
  facet normal 9.229551e-02 9.800800e-01 1.758544e-01
    outer loop
      vertex   1.839280e-02 4.711940e-02 2.290859e-01
      vertex   1.703999e-02 4.750000e-02 2.276747e-01
      vertex   1.348891e-02 4.711940e-02 2.316596e-01
    endloop
  endfacet
  facet normal 8.583878e-02 9.816549e-01 1.702511e-01
    outer loop
      vertex   1.703999e-02 4.750000e-02 2.276747e-01
      vertex   1.211784e-02 4.750000e-02 2.301564e-01
      vertex   1.348891e-02 4.711940e-02 2.316596e-01
    endloop
  endfacet
  facet normal 6.348089e-02 9.797008e-01 1.901485e-01
    outer loop
      vertex   1.348891e-02 4.711940e-02 2.316596e-01
      vertex   1.211784e-02 4.750000e-02 2.301564e-01
      vertex   8.235670e-03 4.711940e-02 2.334134e-01
    endloop
  endfacet
  facet normal 5.534338e-02 9.819772e-01 1.807151e-01
    outer loop
      vertex   1.211784e-02 4.750000e-02 2.301564e-01
      vertex   6.847076e-03 4.750000e-02 2.317705e-01
      vertex   8.235670e-03 4.711940e-02 2.334134e-01
    endloop
  endfacet
  facet normal 3.241954e-02 9.793643e-01 1.994855e-01
    outer loop
      vertex   8.235670e-03 4.711940e-02 2.334134e-01
      vertex   6.847076e-03 4.750000e-02 2.317705e-01
      vertex   2.769130e-03 4.711940e-02 2.343018e-01
    endloop
  endfacet
  facet normal 2.382821e-02 9.822460e-01 1.860779e-01
    outer loop
      vertex   6.847076e-03 4.750000e-02 2.317705e-01
      vertex   1.379339e-03 4.750000e-02 2.324707e-01
      vertex   2.769130e-03 4.711940e-02 2.343018e-01
    endloop
  endfacet
  facet normal 0.000000e+00 9.790741e-01 2.035040e-01
    outer loop
      vertex   2.769130e-03 4.711940e-02 2.343018e-01
      vertex   1.379339e-03 4.750000e-02 2.324707e-01
      vertex   -2.769130e-03 4.711940e-02 2.343018e-01
    endloop
  endfacet
  facet normal -7.913125e-03 9.824646e-01 1.862811e-01
    outer loop
      vertex   1.379339e-03 4.750000e-02 2.324707e-01
      vertex   -4.128079e-03 4.750000e-02 2.322368e-01
      vertex   -2.769130e-03 4.711940e-02 2.343018e-01
    endloop
  endfacet
  facet normal -3.282959e-02 9.788334e-01 2.020086e-01
    outer loop
      vertex   -2.769130e-03 4.711940e-02 2.343018e-01
      vertex   -4.128079e-03 4.750000e-02 2.322368e-01
      vertex   -8.235670e-03 4.711940e-02 2.334134e-01
    endloop
  endfacet
  facet normal -3.909072e-02 9.826356e-01 1.813816e-01
    outer loop
      vertex   -4.128079e-03 4.750000e-02 2.322368e-01
      vertex   -9.516740e-03 4.750000e-02 2.310754e-01
      vertex   -8.235670e-03 4.711940e-02 2.334134e-01
    endloop
  endfacet
  facet normal -6.509385e-02 9.786448e-01 1.949799e-01
    outer loop
      vertex   -8.235670e-03 4.711940e-02 2.334134e-01
      vertex   -9.516740e-03 4.750000e-02 2.310754e-01
      vertex   -1.348891e-02 4.711940e-02 2.316596e-01
    endloop
  endfacet
  facet normal -6.893430e-02 9.827608e-01 1.715496e-01
    outer loop
      vertex   -9.516740e-03 4.750000e-02 2.310754e-01
      vertex   -1.463162e-02 4.750000e-02 2.290201e-01
      vertex   -1.348891e-02 4.711940e-02 2.316596e-01
    endloop
  endfacet
  facet normal -9.582431e-02 9.785106e-01 1.825780e-01
    outer loop
      vertex   -1.348891e-02 4.711940e-02 2.316596e-01
      vertex   -1.463162e-02 4.750000e-02 2.290201e-01
      vertex   -1.839280e-02 4.711940e-02 2.290859e-01
    endloop
  endfacet
  facet normal -9.670885e-02 9.828418e-01 1.570651e-01
    outer loop
      vertex   -1.463162e-02 4.750000e-02 2.290201e-01
      vertex   -1.932558e-02 4.750000e-02 2.261299e-01
      vertex   -1.839280e-02 4.711940e-02 2.290859e-01
    endloop
  endfacet
  facet normal -1.240939e-01 9.784323e-01 1.651390e-01
    outer loop
      vertex   -1.839280e-02 4.711940e-02 2.290859e-01
      vertex   -1.932558e-02 4.750000e-02 2.261299e-01
      vertex   -2.282032e-02 4.711940e-02 2.257588e-01
    endloop
  endfacet
  facet normal -1.217295e-01 9.828794e-01 1.383116e-01
    outer loop
      vertex   -1.932558e-02 4.750000e-02 2.261299e-01
      vertex   -2.346357e-02 4.750000e-02 2.224880e-01
      vertex   -2.282032e-02 4.711940e-02 2.257588e-01
    endloop
  endfacet
  facet normal -1.490502e-01 9.784109e-01 1.431647e-01
    outer loop
      vertex   -2.282032e-02 4.711940e-02 2.257588e-01
      vertex   -2.346357e-02 4.750000e-02 2.224880e-01
      vertex   -2.665680e-02 4.711940e-02 2.217646e-01
    endloop
  endfacet
  facet normal -1.433756e-01 9.828740e-01 1.157677e-01
    outer loop
      vertex   -2.346357e-02 4.750000e-02 2.224880e-01
      vertex   -2.692656e-02 4.750000e-02 2.181992e-01
      vertex   -2.665680e-02 4.711940e-02 2.217646e-01
    endloop
  endfacet
  facet normal -1.699462e-01 9.784466e-01 1.173054e-01
    outer loop
      vertex   -2.665680e-02 4.711940e-02 2.217646e-01
      vertex   -2.692656e-02 4.750000e-02 2.181992e-01
      vertex   -2.980289e-02 4.711940e-02 2.172067e-01
    endloop
  endfacet
  facet normal -1.611032e-01 9.828256e-01 8.999763e-02
    outer loop
      vertex   -2.692656e-02 4.750000e-02 2.181992e-01
      vertex   -2.961493e-02 4.750000e-02 2.133868e-01
      vertex   -2.980289e-02 4.711940e-02 2.172067e-01
    endloop
  endfacet
  facet normal -1.861667e-01 9.785390e-01 8.833721e-02
    outer loop
      vertex   -2.980289e-02 4.711940e-02 2.172067e-01
      vertex   -2.961493e-02 4.750000e-02 2.133868e-01
      vertex   -3.217710e-02 4.711940e-02 2.122032e-01
    endloop
  endfacet
  facet normal -1.744565e-01 9.827337e-01 6.163941e-02
    outer loop
      vertex   -2.961493e-02 4.750000e-02 2.133868e-01
      vertex   -3.145132e-02 4.750000e-02 2.081893e-01
      vertex   -3.217710e-02 4.711940e-02 2.122032e-01
    endloop
  endfacet
  facet normal -1.972501e-01 9.786869e-01 5.713419e-02
    outer loop
      vertex   -3.217710e-02 4.711940e-02 2.122032e-01
      vertex   -3.145132e-02 4.750000e-02 2.081893e-01
      vertex   -3.371794e-02 4.711940e-02 2.068836e-01
    endloop
  endfacet
  facet normal -1.830774e-01 9.825972e-01 3.139178e-02
    outer loop
      vertex   -3.145132e-02 4.750000e-02 2.081893e-01
      vertex   -3.238292e-02 4.750000e-02 2.027562e-01
      vertex   -3.371794e-02 4.711940e-02 2.068836e-01
    endloop
  endfacet
  facet normal -2.029035e-01 9.788888e-01 2.463694e-02
    outer loop
      vertex   -3.371794e-02 4.711940e-02 2.068836e-01
      vertex   -3.238292e-02 4.750000e-02 2.027562e-01
      vertex   -3.438551e-02 4.711940e-02 2.013857e-01
    endloop
  endfacet
  facet normal -1.867129e-01 9.824145e-01 0.000000e+00
    outer loop
      vertex   -3.238292e-02 4.750000e-02 2.027562e-01
      vertex   -3.238292e-02 4.750000e-02 1.972438e-01
      vertex   -3.438551e-02 4.711940e-02 2.013857e-01
    endloop
  endfacet
  facet normal -2.030116e-01 9.791422e-01 -8.181088e-03
    outer loop
      vertex   -3.438551e-02 4.711940e-02 2.013857e-01
      vertex   -3.238292e-02 4.750000e-02 1.972438e-01
      vertex   -3.416250e-02 4.711940e-02 1.958519e-01
    endloop
  endfacet
  facet normal -1.852206e-01 9.821836e-01 -3.175927e-02
    outer loop
      vertex   -3.238292e-02 4.750000e-02 1.972438e-01
      vertex   -3.145132e-02 4.750000e-02 1.918107e-01
      vertex   -3.416250e-02 4.711940e-02 1.958519e-01
    endloop
  endfacet
  facet normal -1.976384e-01 9.794443e-01 -4.034818e-02
    outer loop
      vertex   -3.416250e-02 4.711940e-02 1.958519e-01
      vertex   -3.145132e-02 4.750000e-02 1.918107e-01
      vertex   -3.305471e-02 4.711940e-02 1.904256e-01
    endloop
  endfacet
  facet normal -1.785725e-01 9.819017e-01 -6.309369e-02
    outer loop
      vertex   -3.145132e-02 4.750000e-02 1.918107e-01
      vertex   -2.961493e-02 4.750000e-02 1.866132e-01
      vertex   -3.305471e-02 4.711940e-02 1.904256e-01
    endloop
  endfacet
  facet normal -1.870221e-01 9.797918e-01 -7.092814e-02
    outer loop
      vertex   -3.305471e-02 4.711940e-02 1.904256e-01
      vertex   -2.961493e-02 4.750000e-02 1.866132e-01
      vertex   -3.109082e-02 4.711940e-02 1.852472e-01
    endloop
  endfacet
  facet normal -1.668558e-01 9.815655e-01 -9.321124e-02
    outer loop
      vertex   -2.961493e-02 4.750000e-02 1.866132e-01
      vertex   -2.692656e-02 4.750000e-02 1.818008e-01
      vertex   -3.109082e-02 4.711940e-02 1.852472e-01
    endloop
  endfacet
  facet normal -1.715632e-01 9.801810e-01 -9.905208e-02
    outer loop
      vertex   -3.109082e-02 4.711940e-02 1.852472e-01
      vertex   -2.692656e-02 4.750000e-02 1.818008e-01
      vertex   -2.832169e-02 4.711940e-02 1.804510e-01
    endloop
  endfacet
  facet normal -1.502720e-01 9.811707e-01 -1.213362e-01
    outer loop
      vertex   -2.692656e-02 4.750000e-02 1.818008e-01
      vertex   -2.346357e-02 4.750000e-02 1.775120e-01
      vertex   -2.832169e-02 4.711940e-02 1.804510e-01
    endloop
  endfacet
  facet normal 6.697246e-02 5.543229e-01 -8.296028e-01
    outer loop
      vertex   1.049231e-19 4.441342e-02 1.628806e-01
      vertex   -2.781197e-20 4.603553e-02 1.639645e-01
      vertex   5.954370e-03 4.441342e-02 1.633613e-01
    endloop
  endfacet
  facet normal 6.697246e-02 5.543229e-01 -8.296028e-01
    outer loop
      vertex   5.954370e-03 4.441342e-02 1.633613e-01
      vertex   -2.781197e-20 4.603553e-02 1.639645e-01
      vertex   5.780506e-03 4.603553e-02 1.644311e-01
    endloop
  endfacet
  facet normal 1.991828e-01 5.543229e-01 -8.081165e-01
    outer loop
      vertex   5.954370e-03 4.441342e-02 1.633613e-01
      vertex   5.780506e-03 4.603553e-02 1.644311e-01
      vertex   1.175453e-02 4.441342e-02 1.647909e-01
    endloop
  endfacet
  facet normal 1.991828e-01 5.543229e-01 -8.081165e-01
    outer loop
      vertex   1.175453e-02 4.441342e-02 1.647909e-01
      vertex   5.780506e-03 4.603553e-02 1.644311e-01
      vertex   1.141130e-02 4.603553e-02 1.658190e-01
    endloop
  endfacet
  facet normal 3.262345e-01 5.543229e-01 -7.657005e-01
    outer loop
      vertex   1.175453e-02 4.441342e-02 1.647909e-01
      vertex   1.141130e-02 4.603553e-02 1.658190e-01
      vertex   1.725024e-02 4.441342e-02 1.671324e-01
    endloop
  endfacet
  facet normal 3.262345e-01 5.543229e-01 -7.657005e-01
    outer loop
      vertex   1.725024e-02 4.441342e-02 1.671324e-01
      vertex   1.141130e-02 4.603553e-02 1.658190e-01
      vertex   1.674655e-02 4.603553e-02 1.680921e-01
    endloop
  endfacet
  facet normal 4.448368e-01 5.543229e-01 -7.034532e-01
    outer loop
      vertex   1.725024e-02 4.441342e-02 1.671324e-01
      vertex   1.674655e-02 4.603553e-02 1.680921e-01
      vertex   2.229919e-02 4.441342e-02 1.703252e-01
    endloop
  endfacet
  facet normal 4.448368e-01 5.543229e-01 -7.034532e-01
    outer loop
      vertex   2.229919e-02 4.441342e-02 1.703252e-01
      vertex   1.674655e-02 4.603553e-02 1.680921e-01
      vertex   2.164807e-02 4.603553e-02 1.711917e-01
    endloop
  endfacet
  facet normal 5.519181e-01 5.543229e-01 -6.229868e-01
    outer loop
      vertex   2.229919e-02 4.441342e-02 1.703252e-01
      vertex   2.164807e-02 4.603553e-02 1.711917e-01
      vertex   2.677060e-02 4.441342e-02 1.742865e-01
    endloop
  endfacet
  facet normal 5.519181e-01 5.543229e-01 -6.229868e-01
    outer loop
      vertex   2.677060e-02 4.441342e-02 1.742865e-01
      vertex   2.164807e-02 4.603553e-02 1.711917e-01
      vertex   2.598892e-02 4.603553e-02 1.750373e-01
    endloop
  endfacet
  facet normal 6.447050e-01 5.543229e-01 -5.263854e-01
    outer loop
      vertex   2.677060e-02 4.441342e-02 1.742865e-01
      vertex   2.598892e-02 4.603553e-02 1.750373e-01
      vertex   3.054867e-02 4.441342e-02 1.789138e-01
    endloop
  endfacet
  facet normal 6.447050e-01 5.543229e-01 -5.263854e-01
    outer loop
      vertex   3.054867e-02 4.441342e-02 1.789138e-01
      vertex   2.598892e-02 4.603553e-02 1.750373e-01
      vertex   2.965666e-02 4.603553e-02 1.795295e-01
    endloop
  endfacet
  facet normal 7.207944e-01 5.543229e-01 -4.161509e-01
    outer loop
      vertex   3.054867e-02 4.441342e-02 1.789138e-01
      vertex   2.965666e-02 4.603553e-02 1.795295e-01
      vertex   3.353554e-02 4.441342e-02 1.840872e-01
    endloop
  endfacet
  facet normal 7.207944e-01 5.543229e-01 -4.161509e-01
    outer loop
      vertex   3.353554e-02 4.441342e-02 1.840872e-01
      vertex   2.965666e-02 4.603553e-02 1.795295e-01
      vertex   3.255632e-02 4.603553e-02 1.845518e-01
    endloop
  endfacet
  facet normal 7.782156e-01 5.543229e-01 -2.951383e-01
    outer loop
      vertex   3.353554e-02 4.441342e-02 1.840872e-01
      vertex   3.255632e-02 4.603553e-02 1.845518e-01
      vertex   3.565385e-02 4.441342e-02 1.896727e-01
    endloop
  endfacet
  facet normal 7.782156e-01 5.543229e-01 -2.951383e-01
    outer loop
      vertex   3.565385e-02 4.441342e-02 1.896727e-01
      vertex   3.255632e-02 4.603553e-02 1.845518e-01
      vertex   3.461278e-02 4.603553e-02 1.899743e-01
    endloop
  endfacet
  facet normal 8.154814e-01 5.543229e-01 -1.664817e-01
    outer loop
      vertex   3.565385e-02 4.441342e-02 1.896727e-01
      vertex   3.461278e-02 4.603553e-02 1.899743e-01
      vertex   3.684876e-02 4.441342e-02 1.955258e-01
    endloop
  endfacet
  facet normal 8.154814e-01 5.543229e-01 -1.664817e-01
    outer loop
      vertex   3.684876e-02 4.441342e-02 1.955258e-01
      vertex   3.461278e-02 4.603553e-02 1.899743e-01
      vertex   3.577279e-02 4.603553e-02 1.956564e-01
    endloop
  endfacet
  facet normal 8.316267e-01 5.543229e-01 -3.351341e-02
    outer loop
      vertex   3.684876e-02 4.441342e-02 1.955258e-01
      vertex   3.577279e-02 4.603553e-02 1.956564e-01
      vertex   3.708929e-02 4.441342e-02 2.014946e-01
    endloop
  endfacet
  facet normal 8.316267e-01 5.543229e-01 -3.351341e-02
    outer loop
      vertex   3.708929e-02 4.441342e-02 2.014946e-01
      vertex   3.577279e-02 4.603553e-02 1.956564e-01
      vertex   3.600631e-02 4.603553e-02 2.014510e-01
    endloop
  endfacet
  facet normal 8.262333e-01 5.543229e-01 1.003229e-01
    outer loop
      vertex   3.708929e-02 4.441342e-02 2.014946e-01
      vertex   3.600631e-02 4.603553e-02 2.014510e-01
      vertex   3.636924e-02 4.441342e-02 2.074248e-01
    endloop
  endfacet
  facet normal 8.262333e-01 5.543229e-01 1.003229e-01
    outer loop
      vertex   3.636924e-02 4.441342e-02 2.074248e-01
      vertex   3.600631e-02 4.603553e-02 2.014510e-01
      vertex   3.530728e-02 4.603553e-02 2.072080e-01
    endloop
  endfacet
  facet normal 7.994409e-01 5.543229e-01 2.315609e-01
    outer loop
      vertex   3.636924e-02 4.441342e-02 2.074248e-01
      vertex   3.530728e-02 4.603553e-02 2.072080e-01
      vertex   3.470724e-02 4.441342e-02 2.131627e-01
    endloop
  endfacet
  facet normal 7.994409e-01 5.543229e-01 2.315609e-01
    outer loop
      vertex   3.470724e-02 4.441342e-02 2.131627e-01
      vertex   3.530728e-02 4.603553e-02 2.072080e-01
      vertex   3.369381e-02 4.603553e-02 2.127784e-01
    endloop
  endfacet
  facet normal 7.519433e-01 5.543229e-01 3.568016e-01
    outer loop
      vertex   3.470724e-02 4.441342e-02 2.131627e-01
      vertex   3.369381e-02 4.603553e-02 2.127784e-01
      vertex   3.214634e-02 4.441342e-02 2.185597e-01
    endloop
  endfacet
  facet normal 7.519433e-01 5.543229e-01 3.568016e-01
    outer loop
      vertex   3.214634e-02 4.441342e-02 2.185597e-01
      vertex   3.369381e-02 4.603553e-02 2.127784e-01
      vertex   3.120769e-02 4.603553e-02 2.180178e-01
    endloop
  endfacet
  facet normal 6.849709e-01 5.543229e-01 4.728013e-01
    outer loop
      vertex   3.214634e-02 4.441342e-02 2.185597e-01
      vertex   3.120769e-02 4.603553e-02 2.180178e-01
      vertex   2.875287e-02 4.441342e-02 2.234760e-01
    endloop
  endfacet
  facet normal 6.849709e-01 5.543229e-01 4.728013e-01
    outer loop
      vertex   2.875287e-02 4.441342e-02 2.234760e-01
      vertex   3.120769e-02 4.603553e-02 2.180178e-01
      vertex   2.791330e-02 4.603553e-02 2.227905e-01
    endloop
  endfacet
  facet normal 6.002580e-01 5.543229e-01 5.765557e-01
    outer loop
      vertex   2.875287e-02 4.441342e-02 2.234760e-01
      vertex   2.791330e-02 4.603553e-02 2.227905e-01
      vertex   2.461471e-02 4.441342e-02 2.277843e-01
    endloop
  endfacet
  facet normal 6.002580e-01 5.543229e-01 5.765557e-01
    outer loop
      vertex   2.461471e-02 4.441342e-02 2.277843e-01
      vertex   2.791330e-02 4.603553e-02 2.227905e-01
      vertex   2.389598e-02 4.603553e-02 2.269730e-01
    endloop
  endfacet
  facet normal 4.999988e-01 5.543229e-01 6.653776e-01
    outer loop
      vertex   2.461471e-02 4.441342e-02 2.277843e-01
      vertex   2.389598e-02 4.603553e-02 2.269730e-01
      vertex   1.983905e-02 4.441342e-02 2.313729e-01
    endloop
  endfacet
  facet normal 4.999988e-01 5.543229e-01 6.653776e-01
    outer loop
      vertex   1.983905e-02 4.441342e-02 2.313729e-01
      vertex   2.389598e-02 4.603553e-02 2.269730e-01
      vertex   1.925976e-02 4.603553e-02 2.304569e-01
    endloop
  endfacet
  facet normal 3.867899e-01 5.543229e-01 7.369666e-01
    outer loop
      vertex   1.983905e-02 4.441342e-02 2.313729e-01
      vertex   1.925976e-02 4.603553e-02 2.304569e-01
      vertex   1.454956e-02 4.441342e-02 2.341491e-01
    endloop
  endfacet
  facet normal 3.867899e-01 5.543229e-01 7.369666e-01
    outer loop
      vertex   1.454956e-02 4.441342e-02 2.341491e-01
      vertex   1.925976e-02 4.603553e-02 2.304569e-01
      vertex   1.412473e-02 4.603553e-02 2.331520e-01
    endloop
  endfacet
  facet normal 2.635633e-01 5.543229e-01 7.894685e-01
    outer loop
      vertex   1.454956e-02 4.441342e-02 2.341491e-01
      vertex   1.412473e-02 4.603553e-02 2.331520e-01
      vertex   8.883253e-03 4.441342e-02 2.360408e-01
    endloop
  endfacet
  facet normal 2.635633e-01 5.543229e-01 7.894685e-01
    outer loop
      vertex   8.883253e-03 4.441342e-02 2.360408e-01
      vertex   1.412473e-02 4.603553e-02 2.331520e-01
      vertex   8.623868e-03 4.603553e-02 2.349884e-01
    endloop
  endfacet
  facet normal 1.335106e-01 5.543229e-01 8.215236e-01
    outer loop
      vertex   8.883253e-03 4.441342e-02 2.360408e-01
      vertex   8.623868e-03 4.603553e-02 2.349884e-01
      vertex   2.986871e-03 4.441342e-02 2.369990e-01
    endloop
  endfacet
  facet normal 1.335106e-01 5.543229e-01 8.215236e-01
    outer loop
      vertex   2.986871e-03 4.441342e-02 2.369990e-01
      vertex   8.623868e-03 4.603553e-02 2.349884e-01
      vertex   2.899656e-03 4.603553e-02 2.359187e-01
    endloop
  endfacet
  facet normal 0.000000e+00 5.543229e-01 8.323017e-01
    outer loop
      vertex   2.986871e-03 4.441342e-02 2.369990e-01
      vertex   2.899656e-03 4.603553e-02 2.359187e-01
      vertex   -2.986871e-03 4.441342e-02 2.369990e-01
    endloop
  endfacet
  facet normal 0.000000e+00 5.543229e-01 8.323017e-01
    outer loop
      vertex   -2.986871e-03 4.441342e-02 2.369990e-01
      vertex   2.899656e-03 4.603553e-02 2.359187e-01
      vertex   -2.899656e-03 4.603553e-02 2.359187e-01
    endloop
  endfacet
  facet normal -1.335106e-01 5.543229e-01 8.215236e-01
    outer loop
      vertex   -2.986871e-03 4.441342e-02 2.369990e-01
      vertex   -2.899656e-03 4.603553e-02 2.359187e-01
      vertex   -8.883253e-03 4.441342e-02 2.360408e-01
    endloop
  endfacet
  facet normal -1.335106e-01 5.543229e-01 8.215236e-01
    outer loop
      vertex   -8.883253e-03 4.441342e-02 2.360408e-01
      vertex   -2.899656e-03 4.603553e-02 2.359187e-01
      vertex   -8.623868e-03 4.603553e-02 2.349884e-01
    endloop
  endfacet
  facet normal -2.635633e-01 5.543229e-01 7.894685e-01
    outer loop
      vertex   -8.883253e-03 4.441342e-02 2.360408e-01
      vertex   -8.623868e-03 4.603553e-02 2.349884e-01
      vertex   -1.454956e-02 4.441342e-02 2.341491e-01
    endloop
  endfacet
  facet normal -2.635633e-01 5.543229e-01 7.894685e-01
    outer loop
      vertex   -1.454956e-02 4.441342e-02 2.341491e-01
      vertex   -8.623868e-03 4.603553e-02 2.349884e-01
      vertex   -1.412473e-02 4.603553e-02 2.331520e-01
    endloop
  endfacet
  facet normal -3.867899e-01 5.543229e-01 7.369666e-01
    outer loop
      vertex   -1.454956e-02 4.441342e-02 2.341491e-01
      vertex   -1.412473e-02 4.603553e-02 2.331520e-01
      vertex   -1.983905e-02 4.441342e-02 2.313729e-01
    endloop
  endfacet
  facet normal -3.867899e-01 5.543229e-01 7.369666e-01
    outer loop
      vertex   -1.983905e-02 4.441342e-02 2.313729e-01
      vertex   -1.412473e-02 4.603553e-02 2.331520e-01
      vertex   -1.925976e-02 4.603553e-02 2.304569e-01
    endloop
  endfacet
  facet normal -4.999988e-01 5.543229e-01 6.653776e-01
    outer loop
      vertex   -1.983905e-02 4.441342e-02 2.313729e-01
      vertex   -1.925976e-02 4.603553e-02 2.304569e-01
      vertex   -2.461471e-02 4.441342e-02 2.277843e-01
    endloop
  endfacet
  facet normal -4.999988e-01 5.543229e-01 6.653776e-01
    outer loop
      vertex   -2.461471e-02 4.441342e-02 2.277843e-01
      vertex   -1.925976e-02 4.603553e-02 2.304569e-01
      vertex   -2.389598e-02 4.603553e-02 2.269730e-01
    endloop
  endfacet
  facet normal -6.002580e-01 5.543229e-01 5.765557e-01
    outer loop
      vertex   -2.461471e-02 4.441342e-02 2.277843e-01
      vertex   -2.389598e-02 4.603553e-02 2.269730e-01
      vertex   -2.875287e-02 4.441342e-02 2.234760e-01
    endloop
  endfacet
  facet normal -6.002580e-01 5.543229e-01 5.765557e-01
    outer loop
      vertex   -2.875287e-02 4.441342e-02 2.234760e-01
      vertex   -2.389598e-02 4.603553e-02 2.269730e-01
      vertex   -2.791330e-02 4.603553e-02 2.227905e-01
    endloop
  endfacet
  facet normal -6.849709e-01 5.543229e-01 4.728013e-01
    outer loop
      vertex   -2.875287e-02 4.441342e-02 2.234760e-01
      vertex   -2.791330e-02 4.603553e-02 2.227905e-01
      vertex   -3.214634e-02 4.441342e-02 2.185597e-01
    endloop
  endfacet
  facet normal -6.849709e-01 5.543229e-01 4.728013e-01
    outer loop
      vertex   -3.214634e-02 4.441342e-02 2.185597e-01
      vertex   -2.791330e-02 4.603553e-02 2.227905e-01
      vertex   -3.120769e-02 4.603553e-02 2.180178e-01
    endloop
  endfacet
  facet normal -7.519433e-01 5.543229e-01 3.568016e-01
    outer loop
      vertex   -3.214634e-02 4.441342e-02 2.185597e-01
      vertex   -3.120769e-02 4.603553e-02 2.180178e-01
      vertex   -3.470724e-02 4.441342e-02 2.131627e-01
    endloop
  endfacet
  facet normal -7.519433e-01 5.543229e-01 3.568016e-01
    outer loop
      vertex   -3.470724e-02 4.441342e-02 2.131627e-01
      vertex   -3.120769e-02 4.603553e-02 2.180178e-01
      vertex   -3.369381e-02 4.603553e-02 2.127784e-01
    endloop
  endfacet
  facet normal -7.994409e-01 5.543229e-01 2.315609e-01
    outer loop
      vertex   -3.470724e-02 4.441342e-02 2.131627e-01
      vertex   -3.369381e-02 4.603553e-02 2.127784e-01
      vertex   -3.636924e-02 4.441342e-02 2.074248e-01
    endloop
  endfacet
  facet normal -7.994409e-01 5.543229e-01 2.315609e-01
    outer loop
      vertex   -3.636924e-02 4.441342e-02 2.074248e-01
      vertex   -3.369381e-02 4.603553e-02 2.127784e-01
      vertex   -3.530728e-02 4.603553e-02 2.072080e-01
    endloop
  endfacet
  facet normal -8.262333e-01 5.543229e-01 1.003229e-01
    outer loop
      vertex   -3.636924e-02 4.441342e-02 2.074248e-01
      vertex   -3.530728e-02 4.603553e-02 2.072080e-01
      vertex   -3.708929e-02 4.441342e-02 2.014946e-01
    endloop
  endfacet
  facet normal -8.262333e-01 5.543229e-01 1.003229e-01
    outer loop
      vertex   -3.708929e-02 4.441342e-02 2.014946e-01
      vertex   -3.530728e-02 4.603553e-02 2.072080e-01
      vertex   -3.600631e-02 4.603553e-02 2.014510e-01
    endloop
  endfacet
  facet normal -8.316267e-01 5.543229e-01 -3.351341e-02
    outer loop
      vertex   -3.708929e-02 4.441342e-02 2.014946e-01
      vertex   -3.600631e-02 4.603553e-02 2.014510e-01
      vertex   -3.684876e-02 4.441342e-02 1.955258e-01
    endloop
  endfacet
  facet normal -8.316267e-01 5.543229e-01 -3.351341e-02
    outer loop
      vertex   -3.684876e-02 4.441342e-02 1.955258e-01
      vertex   -3.600631e-02 4.603553e-02 2.014510e-01
      vertex   -3.577279e-02 4.603553e-02 1.956564e-01
    endloop
  endfacet
  facet normal -8.154814e-01 5.543229e-01 -1.664817e-01
    outer loop
      vertex   -3.684876e-02 4.441342e-02 1.955258e-01
      vertex   -3.577279e-02 4.603553e-02 1.956564e-01
      vertex   -3.565385e-02 4.441342e-02 1.896727e-01
    endloop
  endfacet
  facet normal -8.154814e-01 5.543229e-01 -1.664817e-01
    outer loop
      vertex   -3.565385e-02 4.441342e-02 1.896727e-01
      vertex   -3.577279e-02 4.603553e-02 1.956564e-01
      vertex   -3.461278e-02 4.603553e-02 1.899743e-01
    endloop
  endfacet
  facet normal -7.782156e-01 5.543229e-01 -2.951383e-01
    outer loop
      vertex   -3.565385e-02 4.441342e-02 1.896727e-01
      vertex   -3.461278e-02 4.603553e-02 1.899743e-01
      vertex   -3.353554e-02 4.441342e-02 1.840872e-01
    endloop
  endfacet
  facet normal -7.782156e-01 5.543229e-01 -2.951383e-01
    outer loop
      vertex   -3.353554e-02 4.441342e-02 1.840872e-01
      vertex   -3.461278e-02 4.603553e-02 1.899743e-01
      vertex   -3.255632e-02 4.603553e-02 1.845518e-01
    endloop
  endfacet
  facet normal -7.207944e-01 5.543229e-01 -4.161509e-01
    outer loop
      vertex   -3.353554e-02 4.441342e-02 1.840872e-01
      vertex   -3.255632e-02 4.603553e-02 1.845518e-01
      vertex   -3.054867e-02 4.441342e-02 1.789138e-01
    endloop
  endfacet
  facet normal -7.207944e-01 5.543229e-01 -4.161509e-01
    outer loop
      vertex   -3.054867e-02 4.441342e-02 1.789138e-01
      vertex   -3.255632e-02 4.603553e-02 1.845518e-01
      vertex   -2.965666e-02 4.603553e-02 1.795295e-01
    endloop
  endfacet
  facet normal -6.448439e-01 5.543313e-01 -5.262064e-01
    outer loop
      vertex   -3.054867e-02 4.441342e-02 1.789138e-01
      vertex   -2.965666e-02 4.603553e-02 1.795295e-01
      vertex   -2.600250e-02 4.603553e-02 1.750515e-01
    endloop
  endfacet
  facet normal -4.315413e-01 8.305208e-01 -3.521468e-01
    outer loop
      vertex   -2.600250e-02 4.603553e-02 1.750515e-01
      vertex   -2.965666e-02 4.603553e-02 1.795295e-01
      vertex   -2.483850e-02 4.711940e-02 1.761813e-01
    endloop
  endfacet
  facet normal -3.692923e-01 8.307522e-01 -4.165022e-01
    outer loop
      vertex   -2.600250e-02 4.603553e-02 1.750515e-01
      vertex   -2.483850e-02 4.711940e-02 1.761813e-01
      vertex   -2.067359e-02 4.711940e-02 1.724884e-01
    endloop
  endfacet
  facet normal -6.697246e-02 5.543229e-01 -8.296028e-01
    outer loop
      vertex   -2.781197e-20 4.603553e-02 1.639645e-01
      vertex   1.049231e-19 4.441342e-02 1.628806e-01
      vertex   -5.780506e-03 4.603553e-02 1.644311e-01
    endloop
  endfacet
  facet normal -6.697246e-02 5.543229e-01 -8.296028e-01
    outer loop
      vertex   -5.780506e-03 4.603553e-02 1.644311e-01
      vertex   1.049231e-19 4.441342e-02 1.628806e-01
      vertex   -5.954370e-03 4.441342e-02 1.633613e-01
    endloop
  endfacet
  facet normal -1.991828e-01 5.543229e-01 -8.081165e-01
    outer loop
      vertex   -5.780506e-03 4.603553e-02 1.644311e-01
      vertex   -5.954370e-03 4.441342e-02 1.633613e-01
      vertex   -1.141130e-02 4.603553e-02 1.658190e-01
    endloop
  endfacet
  facet normal -1.991828e-01 5.543229e-01 -8.081165e-01
    outer loop
      vertex   -1.141130e-02 4.603553e-02 1.658190e-01
      vertex   -5.954370e-03 4.441342e-02 1.633613e-01
      vertex   -1.175453e-02 4.441342e-02 1.647909e-01
    endloop
  endfacet
  facet normal -3.262345e-01 5.543229e-01 -7.657005e-01
    outer loop
      vertex   -1.141130e-02 4.603553e-02 1.658190e-01
      vertex   -1.175453e-02 4.441342e-02 1.647909e-01
      vertex   -1.674655e-02 4.603553e-02 1.680921e-01
    endloop
  endfacet
  facet normal -3.262345e-01 5.543229e-01 -7.657005e-01
    outer loop
      vertex   -1.674655e-02 4.603553e-02 1.680921e-01
      vertex   -1.175453e-02 4.441342e-02 1.647909e-01
      vertex   -1.725024e-02 4.441342e-02 1.671324e-01
    endloop
  endfacet
  facet normal -4.448368e-01 5.543229e-01 -7.034532e-01
    outer loop
      vertex   -1.674655e-02 4.603553e-02 1.680921e-01
      vertex   -1.725024e-02 4.441342e-02 1.671324e-01
      vertex   -2.164807e-02 4.603553e-02 1.711917e-01
    endloop
  endfacet
  facet normal -4.448368e-01 5.543229e-01 -7.034532e-01
    outer loop
      vertex   -2.164807e-02 4.603553e-02 1.711917e-01
      vertex   -1.725024e-02 4.441342e-02 1.671324e-01
      vertex   -2.229919e-02 4.441342e-02 1.703252e-01
    endloop
  endfacet
  facet normal -5.520048e-01 5.543187e-01 -6.229138e-01
    outer loop
      vertex   -2.164807e-02 4.603553e-02 1.711917e-01
      vertex   -2.229919e-02 4.441342e-02 1.703252e-01
      vertex   -2.677760e-02 4.441342e-02 1.742938e-01
    endloop
  endfacet
  facet normal -0.000000e+00 1.000000e+00 0.000000e+00
    outer loop
      vertex   4.567727e-03 4.750000e-02 2.020337e-01
      vertex   3.203252e-02 4.750000e-02 2.054925e-01
      vertex   5.000000e-03 4.750000e-02 2.000000e-01
    endloop
  endfacet
  facet normal 0.000000e+00 1.000000e+00 0.000000e+00
    outer loop
      vertex   5.000000e-03 4.750000e-02 2.000000e-01
      vertex   3.203252e-02 4.750000e-02 2.054925e-01
      vertex   3.250000e-02 4.750000e-02 2.000000e-01
    endloop
  endfacet
  facet normal -0.000000e+00 1.000000e+00 0.000000e+00
    outer loop
      vertex   5.000000e-03 4.750000e-02 2.000000e-01
      vertex   3.250000e-02 4.750000e-02 2.000000e-01
      vertex   3.203252e-02 4.750000e-02 1.945075e-01
    endloop
  endfacet
  facet normal -0.000000e+00 1.000000e+00 0.000000e+00
    outer loop
      vertex   3.345653e-03 4.750000e-02 2.037157e-01
      vertex   2.528616e-02 4.750000e-02 2.204171e-01
      vertex   4.567727e-03 4.750000e-02 2.020337e-01
    endloop
  endfacet
  facet normal 0.000000e+00 1.000000e+00 0.000000e+00
    outer loop
      vertex   4.567727e-03 4.750000e-02 2.020337e-01
      vertex   2.528616e-02 4.750000e-02 2.204171e-01
      vertex   2.837296e-02 4.750000e-02 2.158501e-01
    endloop
  endfacet
  facet normal 0.000000e+00 1.000000e+00 0.000000e+00
    outer loop
      vertex   4.567727e-03 4.750000e-02 2.020337e-01
      vertex   2.837296e-02 4.750000e-02 2.158501e-01
      vertex   3.064352e-02 4.750000e-02 2.108270e-01
    endloop
  endfacet
  facet normal -0.000000e+00 1.000000e+00 0.000000e+00
    outer loop
      vertex   1.545085e-03 4.750000e-02 2.047553e-01
      vertex   1.703999e-02 4.750000e-02 2.276747e-01
      vertex   3.345653e-03 4.750000e-02 2.037157e-01
    endloop
  endfacet
  facet normal 0.000000e+00 1.000000e+00 0.000000e+00
    outer loop
      vertex   3.345653e-03 4.750000e-02 2.037157e-01
      vertex   1.703999e-02 4.750000e-02 2.276747e-01
      vertex   2.147193e-02 4.750000e-02 2.243968e-01
    endloop
  endfacet
  facet normal 0.000000e+00 1.000000e+00 0.000000e+00
    outer loop
      vertex   3.345653e-03 4.750000e-02 2.037157e-01
      vertex   2.147193e-02 4.750000e-02 2.243968e-01
      vertex   2.528616e-02 4.750000e-02 2.204171e-01
    endloop
  endfacet
  facet normal -0.000000e+00 1.000000e+00 0.000000e+00
    outer loop
      vertex   -5.226423e-04 4.750000e-02 2.049726e-01
      vertex   1.379339e-03 4.750000e-02 2.324707e-01
      vertex   1.545085e-03 4.750000e-02 2.047553e-01
    endloop
  endfacet
  facet normal 0.000000e+00 1.000000e+00 -0.000000e+00
    outer loop
      vertex   1.545085e-03 4.750000e-02 2.047553e-01
      vertex   1.379339e-03 4.750000e-02 2.324707e-01
      vertex   6.847076e-03 4.750000e-02 2.317705e-01
    endloop
  endfacet
  facet normal 0.000000e+00 1.000000e+00 0.000000e+00
    outer loop
      vertex   1.545085e-03 4.750000e-02 2.047553e-01
      vertex   6.847076e-03 4.750000e-02 2.317705e-01
      vertex   1.211784e-02 4.750000e-02 2.301564e-01
    endloop
  endfacet
  facet normal 0.000000e+00 1.000000e+00 -0.000000e+00
    outer loop
      vertex   -2.500000e-03 4.750000e-02 2.043301e-01
      vertex   -9.516740e-03 4.750000e-02 2.310754e-01
      vertex   -5.226423e-04 4.750000e-02 2.049726e-01
    endloop
  endfacet
  facet normal 0.000000e+00 1.000000e+00 0.000000e+00
    outer loop
      vertex   -5.226423e-04 4.750000e-02 2.049726e-01
      vertex   -9.516740e-03 4.750000e-02 2.310754e-01
      vertex   -4.128079e-03 4.750000e-02 2.322368e-01
    endloop
  endfacet
  facet normal 0.000000e+00 1.000000e+00 -0.000000e+00
    outer loop
      vertex   -5.226423e-04 4.750000e-02 2.049726e-01
      vertex   -4.128079e-03 4.750000e-02 2.322368e-01
      vertex   1.379339e-03 4.750000e-02 2.324707e-01
    endloop
  endfacet
  facet normal 0.000000e+00 1.000000e+00 -0.000000e+00
    outer loop
      vertex   -4.045085e-03 4.750000e-02 2.029389e-01
      vertex   -2.346357e-02 4.750000e-02 2.224880e-01
      vertex   -2.500000e-03 4.750000e-02 2.043301e-01
    endloop
  endfacet
  facet normal 0.000000e+00 1.000000e+00 0.000000e+00
    outer loop
      vertex   -2.500000e-03 4.750000e-02 2.043301e-01
      vertex   -2.346357e-02 4.750000e-02 2.224880e-01
      vertex   -1.932558e-02 4.750000e-02 2.261299e-01
    endloop
  endfacet
  facet normal 0.000000e+00 1.000000e+00 0.000000e+00
    outer loop
      vertex   -2.500000e-03 4.750000e-02 2.043301e-01
      vertex   -1.932558e-02 4.750000e-02 2.261299e-01
      vertex   -1.463162e-02 4.750000e-02 2.290201e-01
    endloop
  endfacet
  facet normal 0.000000e+00 1.000000e+00 -0.000000e+00
    outer loop
      vertex   -4.890738e-03 4.750000e-02 2.010396e-01
      vertex   -2.961493e-02 4.750000e-02 2.133868e-01
      vertex   -4.045085e-03 4.750000e-02 2.029389e-01
    endloop
  endfacet
  facet normal 0.000000e+00 1.000000e+00 0.000000e+00
    outer loop
      vertex   -4.045085e-03 4.750000e-02 2.029389e-01
      vertex   -2.961493e-02 4.750000e-02 2.133868e-01
      vertex   -2.692656e-02 4.750000e-02 2.181992e-01
    endloop
  endfacet
  facet normal 0.000000e+00 1.000000e+00 0.000000e+00
    outer loop
      vertex   -4.045085e-03 4.750000e-02 2.029389e-01
      vertex   -2.692656e-02 4.750000e-02 2.181992e-01
      vertex   -2.346357e-02 4.750000e-02 2.224880e-01
    endloop
  endfacet
  facet normal 0.000000e+00 1.000000e+00 -0.000000e+00
    outer loop
      vertex   -4.890738e-03 4.750000e-02 1.989604e-01
      vertex   -3.238292e-02 4.750000e-02 2.027562e-01
      vertex   -4.890738e-03 4.750000e-02 2.010396e-01
    endloop
  endfacet
  facet normal 0.000000e+00 1.000000e+00 0.000000e+00
    outer loop
      vertex   -4.890738e-03 4.750000e-02 2.010396e-01
      vertex   -3.238292e-02 4.750000e-02 2.027562e-01
      vertex   -3.145132e-02 4.750000e-02 2.081893e-01
    endloop
  endfacet
  facet normal 0.000000e+00 1.000000e+00 0.000000e+00
    outer loop
      vertex   -4.890738e-03 4.750000e-02 2.010396e-01
      vertex   -3.145132e-02 4.750000e-02 2.081893e-01
      vertex   -2.961493e-02 4.750000e-02 2.133868e-01
    endloop
  endfacet
  facet normal 0.000000e+00 1.000000e+00 0.000000e+00
    outer loop
      vertex   -4.045085e-03 4.750000e-02 1.970611e-01
      vertex   -2.961493e-02 4.750000e-02 1.866132e-01
      vertex   -4.890738e-03 4.750000e-02 1.989604e-01
    endloop
  endfacet
  facet normal 0.000000e+00 1.000000e+00 0.000000e+00
    outer loop
      vertex   -4.890738e-03 4.750000e-02 1.989604e-01
      vertex   -2.961493e-02 4.750000e-02 1.866132e-01
      vertex   -3.145132e-02 4.750000e-02 1.918107e-01
    endloop
  endfacet
  facet normal 0.000000e+00 1.000000e+00 0.000000e+00
    outer loop
      vertex   -4.890738e-03 4.750000e-02 1.989604e-01
      vertex   -3.145132e-02 4.750000e-02 1.918107e-01
      vertex   -3.238292e-02 4.750000e-02 1.972438e-01
    endloop
  endfacet
  facet normal 0.000000e+00 1.000000e+00 0.000000e+00
    outer loop
      vertex   -2.500000e-03 4.750000e-02 1.956699e-01
      vertex   -2.346357e-02 4.750000e-02 1.775120e-01
      vertex   -4.045085e-03 4.750000e-02 1.970611e-01
    endloop
  endfacet
  facet normal 0.000000e+00 1.000000e+00 0.000000e+00
    outer loop
      vertex   -4.045085e-03 4.750000e-02 1.970611e-01
      vertex   -2.346357e-02 4.750000e-02 1.775120e-01
      vertex   -2.692656e-02 4.750000e-02 1.818008e-01
    endloop
  endfacet
  facet normal 0.000000e+00 1.000000e+00 0.000000e+00
    outer loop
      vertex   -4.045085e-03 4.750000e-02 1.970611e-01
      vertex   -2.692656e-02 4.750000e-02 1.818008e-01
      vertex   -2.961493e-02 4.750000e-02 1.866132e-01
    endloop
  endfacet
  facet normal 0.000000e+00 1.000000e+00 0.000000e+00
    outer loop
      vertex   -5.226423e-04 4.750000e-02 1.950274e-01
      vertex   -9.516740e-03 4.750000e-02 1.689246e-01
      vertex   -2.500000e-03 4.750000e-02 1.956699e-01
    endloop
  endfacet
  facet normal 0.000000e+00 1.000000e+00 0.000000e+00
    outer loop
      vertex   -2.500000e-03 4.750000e-02 1.956699e-01
      vertex   -9.516740e-03 4.750000e-02 1.689246e-01
      vertex   -1.463162e-02 4.750000e-02 1.709799e-01
    endloop
  endfacet
  facet normal 0.000000e+00 1.000000e+00 0.000000e+00
    outer loop
      vertex   -2.500000e-03 4.750000e-02 1.956699e-01
      vertex   -1.463162e-02 4.750000e-02 1.709799e-01
      vertex   -1.932558e-02 4.750000e-02 1.738701e-01
    endloop
  endfacet
  facet normal 0.000000e+00 1.000000e+00 0.000000e+00
    outer loop
      vertex   1.545085e-03 4.750000e-02 1.952447e-01
      vertex   1.379339e-03 4.750000e-02 1.675293e-01
      vertex   -5.226423e-04 4.750000e-02 1.950274e-01
    endloop
  endfacet
  facet normal 0.000000e+00 1.000000e+00 0.000000e+00
    outer loop
      vertex   -5.226423e-04 4.750000e-02 1.950274e-01
      vertex   1.379339e-03 4.750000e-02 1.675293e-01
      vertex   -4.128079e-03 4.750000e-02 1.677632e-01
    endloop
  endfacet
  facet normal 0.000000e+00 1.000000e+00 0.000000e+00
    outer loop
      vertex   -5.226423e-04 4.750000e-02 1.950274e-01
      vertex   -4.128079e-03 4.750000e-02 1.677632e-01
      vertex   -9.516740e-03 4.750000e-02 1.689246e-01
    endloop
  endfacet
  facet normal 0.000000e+00 1.000000e+00 0.000000e+00
    outer loop
      vertex   3.345653e-03 4.750000e-02 1.962843e-01
      vertex   1.703999e-02 4.750000e-02 1.723253e-01
      vertex   1.545085e-03 4.750000e-02 1.952447e-01
    endloop
  endfacet
  facet normal 0.000000e+00 1.000000e+00 0.000000e+00
    outer loop
      vertex   1.545085e-03 4.750000e-02 1.952447e-01
      vertex   1.703999e-02 4.750000e-02 1.723253e-01
      vertex   1.211784e-02 4.750000e-02 1.698436e-01
    endloop
  endfacet
  facet normal 0.000000e+00 1.000000e+00 0.000000e+00
    outer loop
      vertex   1.545085e-03 4.750000e-02 1.952447e-01
      vertex   1.211784e-02 4.750000e-02 1.698436e-01
      vertex   6.847076e-03 4.750000e-02 1.682295e-01
    endloop
  endfacet
  facet normal 0.000000e+00 1.000000e+00 0.000000e+00
    outer loop
      vertex   4.567727e-03 4.750000e-02 1.979663e-01
      vertex   2.528616e-02 4.750000e-02 1.795829e-01
      vertex   3.345653e-03 4.750000e-02 1.962843e-01
    endloop
  endfacet
  facet normal 0.000000e+00 1.000000e+00 0.000000e+00
    outer loop
      vertex   3.345653e-03 4.750000e-02 1.962843e-01
      vertex   2.528616e-02 4.750000e-02 1.795829e-01
      vertex   2.147193e-02 4.750000e-02 1.756032e-01
    endloop
  endfacet
  facet normal 0.000000e+00 1.000000e+00 0.000000e+00
    outer loop
      vertex   3.345653e-03 4.750000e-02 1.962843e-01
      vertex   2.147193e-02 4.750000e-02 1.756032e-01
      vertex   1.703999e-02 4.750000e-02 1.723253e-01
    endloop
  endfacet
  facet normal 0.000000e+00 1.000000e+00 0.000000e+00
    outer loop
      vertex   5.000000e-03 4.750000e-02 2.000000e-01
      vertex   3.203252e-02 4.750000e-02 1.945075e-01
      vertex   4.567727e-03 4.750000e-02 1.979663e-01
    endloop
  endfacet
  facet normal 0.000000e+00 1.000000e+00 0.000000e+00
    outer loop
      vertex   4.567727e-03 4.750000e-02 1.979663e-01
      vertex   3.203252e-02 4.750000e-02 1.945075e-01
      vertex   3.064352e-02 4.750000e-02 1.891730e-01
    endloop
  endfacet
  facet normal 0.000000e+00 1.000000e+00 0.000000e+00
    outer loop
      vertex   4.567727e-03 4.750000e-02 1.979663e-01
      vertex   3.064352e-02 4.750000e-02 1.891730e-01
      vertex   2.837296e-02 4.750000e-02 1.841499e-01
    endloop
  endfacet
  facet normal 0.000000e+00 1.000000e+00 0.000000e+00
    outer loop
      vertex   2.837296e-02 4.750000e-02 1.841499e-01
      vertex   2.528616e-02 4.750000e-02 1.795829e-01
      vertex   4.567727e-03 4.750000e-02 1.979663e-01
    endloop
  endfacet
  facet normal 0.000000e+00 1.000000e+00 0.000000e+00
    outer loop
      vertex   6.847076e-03 4.750000e-02 1.682295e-01
      vertex   1.379339e-03 4.750000e-02 1.675293e-01
      vertex   1.545085e-03 4.750000e-02 1.952447e-01
    endloop
  endfacet
  facet normal 0.000000e+00 1.000000e+00 -0.000000e+00
    outer loop
      vertex   -1.932558e-02 4.750000e-02 1.738701e-01
      vertex   -2.346357e-02 4.750000e-02 1.775120e-01
      vertex   -2.500000e-03 4.750000e-02 1.956699e-01
    endloop
  endfacet
  facet normal 0.000000e+00 1.000000e+00 0.000000e+00
    outer loop
      vertex   -3.238292e-02 4.750000e-02 1.972438e-01
      vertex   -3.238292e-02 4.750000e-02 2.027562e-01
      vertex   -4.890738e-03 4.750000e-02 1.989604e-01
    endloop
  endfacet
  facet normal -0.000000e+00 1.000000e+00 0.000000e+00
    outer loop
      vertex   -1.463162e-02 4.750000e-02 2.290201e-01
      vertex   -9.516740e-03 4.750000e-02 2.310754e-01
      vertex   -2.500000e-03 4.750000e-02 2.043301e-01
    endloop
  endfacet
  facet normal 0.000000e+00 1.000000e+00 0.000000e+00
    outer loop
      vertex   1.211784e-02 4.750000e-02 2.301564e-01
      vertex   1.703999e-02 4.750000e-02 2.276747e-01
      vertex   1.545085e-03 4.750000e-02 2.047553e-01
    endloop
  endfacet
  facet normal 0.000000e+00 1.000000e+00 0.000000e+00
    outer loop
      vertex   3.064352e-02 4.750000e-02 2.108270e-01
      vertex   3.203252e-02 4.750000e-02 2.054925e-01
      vertex   4.567727e-03 4.750000e-02 2.020337e-01
    endloop
  endfacet
  facet normal 1.102986e-01 -7.027089e-02 9.914112e-01
    outer loop
      vertex   4.645214e-02 -3.388877e-02 1.000000e-01
      vertex   4.854304e-02 -3.541417e-02 9.965926e-02
      vertex   5.034413e-02 -2.777981e-02 1.000000e-01
    endloop
  endfacet
  facet normal 1.365831e-01 -7.630560e-02 9.876854e-01
    outer loop
      vertex   5.034413e-02 -2.777981e-02 1.000000e-01
      vertex   4.854304e-02 -3.541417e-02 9.965926e-02
      vertex   5.271080e-02 -2.987875e-02 9.951057e-02
    endloop
  endfacet
  facet normal 1.420356e-01 -7.008578e-02 9.873773e-01
    outer loop
      vertex   5.034413e-02 -2.777981e-02 1.000000e-01
      vertex   5.271080e-02 -2.987875e-02 9.951057e-02
      vertex   5.578158e-02 -2.365554e-02 9.951057e-02
    endloop
  endfacet
  facet normal 4.076554e-01 -2.011528e-01 8.907046e-01
    outer loop
      vertex   5.578158e-02 -2.365554e-02 9.951057e-02
      vertex   5.271080e-02 -2.987875e-02 9.951057e-02
      vertex   5.513597e-02 -3.125344e-02 9.809017e-02
    endloop
  endfacet
  facet normal 4.076554e-01 -2.011528e-01 8.907046e-01
    outer loop
      vertex   5.578158e-02 -2.365554e-02 9.951057e-02
      vertex   5.513597e-02 -3.125344e-02 9.809017e-02
      vertex   5.834802e-02 -2.474390e-02 9.809017e-02
    endloop
  endfacet
  facet normal 6.346316e-01 -3.131515e-01 7.065259e-01
    outer loop
      vertex   5.834802e-02 -2.474390e-02 9.809017e-02
      vertex   5.513597e-02 -3.125344e-02 9.809017e-02
      vertex   5.706059e-02 -3.234440e-02 9.587785e-02
    endloop
  endfacet
  facet normal 6.346316e-01 -3.131515e-01 7.065259e-01
    outer loop
      vertex   5.834802e-02 -2.474390e-02 9.809017e-02
      vertex   5.706059e-02 -3.234440e-02 9.587785e-02
      vertex   6.038476e-02 -2.560763e-02 9.587785e-02
    endloop
  endfacet
  facet normal 7.992968e-01 -3.944036e-01 4.533987e-01
    outer loop
      vertex   6.038476e-02 -2.560763e-02 9.587785e-02
      vertex   5.706059e-02 -3.234440e-02 9.587785e-02
      vertex   5.829627e-02 -3.304483e-02 9.309017e-02
    endloop
  endfacet
  facet normal 7.992968e-01 -3.944036e-01 4.533987e-01
    outer loop
      vertex   6.038476e-02 -2.560763e-02 9.587785e-02
      vertex   5.829627e-02 -3.304483e-02 9.309017e-02
      vertex   6.169243e-02 -2.616218e-02 9.309017e-02
    endloop
  endfacet
  facet normal 8.857634e-01 -4.370696e-01 1.561840e-01
    outer loop
      vertex   6.169243e-02 -2.616218e-02 9.309017e-02
      vertex   5.829627e-02 -3.304483e-02 9.309017e-02
      vertex   5.872205e-02 -3.328619e-02 9.000000e-02
    endloop
  endfacet
  facet normal 8.857634e-01 -4.370696e-01 1.561840e-01
    outer loop
      vertex   6.169243e-02 -2.616218e-02 9.309017e-02
      vertex   5.872205e-02 -3.328619e-02 9.000000e-02
      vertex   6.214302e-02 -2.635327e-02 9.000000e-02
    endloop
  endfacet
  facet normal 3.174065e-01 -2.141687e-01 9.237883e-01
    outer loop
      vertex   4.854304e-02 -3.541417e-02 9.965926e-02
      vertex   5.049146e-02 -3.683562e-02 9.866025e-02
      vertex   5.271080e-02 -2.987875e-02 9.951057e-02
    endloop
  endfacet
  facet normal 3.896374e-01 -2.331984e-01 8.909552e-01
    outer loop
      vertex   5.271080e-02 -2.987875e-02 9.951057e-02
      vertex   5.049146e-02 -3.683562e-02 9.866025e-02
      vertex   5.513597e-02 -3.125344e-02 9.809017e-02
    endloop
  endfacet
  facet normal 5.055568e-01 -3.396363e-01 7.931327e-01
    outer loop
      vertex   5.049146e-02 -3.683562e-02 9.866025e-02
      vertex   5.216460e-02 -3.805624e-02 9.707107e-02
      vertex   5.513597e-02 -3.125344e-02 9.809017e-02
    endloop
  endfacet
  facet normal 6.032014e-01 -3.693686e-01 7.069052e-01
    outer loop
      vertex   5.513597e-02 -3.125344e-02 9.809017e-02
      vertex   5.216460e-02 -3.805624e-02 9.707107e-02
      vertex   5.706059e-02 -3.234440e-02 9.587785e-02
    endloop
  endfacet
  facet normal 6.608936e-01 -4.393986e-01 6.083983e-01
    outer loop
      vertex   5.216460e-02 -3.805624e-02 9.707107e-02
      vertex   5.344844e-02 -3.899286e-02 9.500000e-02
      vertex   5.706059e-02 -3.234440e-02 9.587785e-02
    endloop
  endfacet
  facet normal 7.565576e-01 -4.709454e-01 4.536860e-01
    outer loop
      vertex   5.706059e-02 -3.234440e-02 9.587785e-02
      vertex   5.344844e-02 -3.899286e-02 9.500000e-02
      vertex   5.829627e-02 -3.304483e-02 9.309017e-02
    endloop
  endfacet
  facet normal 7.725807e-01 -5.069316e-01 3.822818e-01
    outer loop
      vertex   5.344844e-02 -3.899286e-02 9.500000e-02
      vertex   5.425550e-02 -3.958164e-02 9.258819e-02
      vertex   5.829627e-02 -3.304483e-02 9.309017e-02
    endloop
  endfacet
  facet normal 8.347445e-01 -5.280014e-01 1.562564e-01
    outer loop
      vertex   5.829627e-02 -3.304483e-02 9.309017e-02
      vertex   5.425550e-02 -3.958164e-02 9.258819e-02
      vertex   5.872205e-02 -3.328619e-02 9.000000e-02
    endloop
  endfacet
  facet normal 8.331233e-01 -5.375159e-01 1.303156e-01
    outer loop
      vertex   5.425550e-02 -3.958164e-02 9.258819e-02
      vertex   5.453077e-02 -3.978247e-02 9.000000e-02
      vertex   5.872205e-02 -3.328619e-02 9.000000e-02
    endloop
  endfacet
  facet normal 9.299306e-01 -3.329198e-01 1.561840e-01
    outer loop
      vertex   6.169243e-02 -2.616218e-02 9.309017e-02
      vertex   6.214302e-02 -2.635327e-02 9.000000e-02
      vertex   6.427932e-02 -1.893634e-02 9.309017e-02
    endloop
  endfacet
  facet normal 9.299306e-01 -3.329198e-01 1.561840e-01
    outer loop
      vertex   6.427932e-02 -1.893634e-02 9.309017e-02
      vertex   6.214302e-02 -2.635327e-02 9.000000e-02
      vertex   6.474881e-02 -1.907464e-02 9.000000e-02
    endloop
  endfacet
  facet normal 9.618991e-01 -2.244029e-01 1.561840e-01
    outer loop
      vertex   6.427932e-02 -1.893634e-02 9.309017e-02
      vertex   6.474881e-02 -1.907464e-02 9.000000e-02
      vertex   6.602300e-02 -1.146208e-02 9.309017e-02
    endloop
  endfacet
  facet normal 9.618991e-01 -2.244029e-01 1.561840e-01
    outer loop
      vertex   6.602300e-02 -1.146208e-02 9.309017e-02
      vertex   6.474881e-02 -1.907464e-02 9.000000e-02
      vertex   6.650522e-02 -1.154580e-02 9.000000e-02
    endloop
  endfacet
  facet normal 9.812495e-01 -1.129422e-01 1.561840e-01
    outer loop
      vertex   6.602300e-02 -1.146208e-02 9.309017e-02
      vertex   6.650522e-02 -1.154580e-02 9.000000e-02
      vertex   6.690060e-02 -3.837475e-03 9.309017e-02
    endloop
  endfacet
  facet normal 9.812495e-01 -1.129422e-01 1.561840e-01
    outer loop
      vertex   6.690060e-02 -3.837475e-03 9.309017e-02
      vertex   6.650522e-02 -1.154580e-02 9.000000e-02
      vertex   6.738923e-02 -3.865503e-03 9.000000e-02
    endloop
  endfacet
  facet normal 9.877280e-01 1.786003e-15 1.561840e-01
    outer loop
      vertex   6.690060e-02 -3.837475e-03 9.309017e-02
      vertex   6.738923e-02 -3.865503e-03 9.000000e-02
      vertex   6.690060e-02 3.837475e-03 9.309017e-02
    endloop
  endfacet
  facet normal 9.877280e-01 1.777278e-15 1.561840e-01
    outer loop
      vertex   6.690060e-02 3.837475e-03 9.309017e-02
      vertex   6.738923e-02 -3.865503e-03 9.000000e-02
      vertex   6.738923e-02 3.865503e-03 9.000000e-02
    endloop
  endfacet
  facet normal 9.812495e-01 1.129422e-01 1.561840e-01
    outer loop
      vertex   6.690060e-02 3.837475e-03 9.309017e-02
      vertex   6.738923e-02 3.865503e-03 9.000000e-02
      vertex   6.602300e-02 1.146208e-02 9.309017e-02
    endloop
  endfacet
  facet normal 9.812495e-01 1.129422e-01 1.561840e-01
    outer loop
      vertex   6.602300e-02 1.146208e-02 9.309017e-02
      vertex   6.738923e-02 3.865503e-03 9.000000e-02
      vertex   6.650522e-02 1.154580e-02 9.000000e-02
    endloop
  endfacet
  facet normal 9.618991e-01 2.244029e-01 1.561840e-01
    outer loop
      vertex   6.602300e-02 1.146208e-02 9.309017e-02
      vertex   6.650522e-02 1.154580e-02 9.000000e-02
      vertex   6.427932e-02 1.893634e-02 9.309017e-02
    endloop
  endfacet
  facet normal 9.618991e-01 2.244029e-01 1.561840e-01
    outer loop
      vertex   6.427932e-02 1.893634e-02 9.309017e-02
      vertex   6.650522e-02 1.154580e-02 9.000000e-02
      vertex   6.474881e-02 1.907464e-02 9.000000e-02
    endloop
  endfacet
  facet normal 9.299306e-01 3.329198e-01 1.561840e-01
    outer loop
      vertex   6.427932e-02 1.893634e-02 9.309017e-02
      vertex   6.474881e-02 1.907464e-02 9.000000e-02
      vertex   6.169243e-02 2.616218e-02 9.309017e-02
    endloop
  endfacet
  facet normal 9.299306e-01 3.329198e-01 1.561840e-01
    outer loop
      vertex   6.169243e-02 2.616218e-02 9.309017e-02
      vertex   6.474881e-02 1.907464e-02 9.000000e-02
      vertex   6.214302e-02 2.635327e-02 9.000000e-02
    endloop
  endfacet
  facet normal 8.857634e-01 4.370696e-01 1.561840e-01
    outer loop
      vertex   6.169243e-02 2.616218e-02 9.309017e-02
      vertex   6.214302e-02 2.635327e-02 9.000000e-02
      vertex   5.829627e-02 3.304483e-02 9.309017e-02
    endloop
  endfacet
  facet normal 8.857634e-01 4.370696e-01 1.561840e-01
    outer loop
      vertex   5.829627e-02 3.304483e-02 9.309017e-02
      vertex   6.214302e-02 2.635327e-02 9.000000e-02
      vertex   5.872205e-02 3.328619e-02 9.000000e-02
    endloop
  endfacet
  facet normal 8.347445e-01 5.280014e-01 1.562564e-01
    outer loop
      vertex   5.829627e-02 3.304483e-02 9.309017e-02
      vertex   5.872205e-02 3.328619e-02 9.000000e-02
      vertex   5.425550e-02 3.958164e-02 9.258819e-02
    endloop
  endfacet
  facet normal 8.331233e-01 5.375159e-01 1.303156e-01
    outer loop
      vertex   5.425550e-02 3.958164e-02 9.258819e-02
      vertex   5.872205e-02 3.328619e-02 9.000000e-02
      vertex   5.453077e-02 3.978247e-02 9.000000e-02
    endloop
  endfacet
  facet normal 7.725807e-01 5.069316e-01 3.822818e-01
    outer loop
      vertex   5.425550e-02 3.958164e-02 9.258819e-02
      vertex   5.344844e-02 3.899286e-02 9.500000e-02
      vertex   5.829627e-02 3.304483e-02 9.309017e-02
    endloop
  endfacet
  facet normal 7.565576e-01 4.709454e-01 4.536860e-01
    outer loop
      vertex   5.829627e-02 3.304483e-02 9.309017e-02
      vertex   5.344844e-02 3.899286e-02 9.500000e-02
      vertex   5.706059e-02 3.234440e-02 9.587785e-02
    endloop
  endfacet
  facet normal 7.992968e-01 3.944036e-01 4.533987e-01
    outer loop
      vertex   5.829627e-02 3.304483e-02 9.309017e-02
      vertex   5.706059e-02 3.234440e-02 9.587785e-02
      vertex   6.169243e-02 2.616218e-02 9.309017e-02
    endloop
  endfacet
  facet normal 7.992968e-01 3.944036e-01 4.533987e-01
    outer loop
      vertex   6.169243e-02 2.616218e-02 9.309017e-02
      vertex   5.706059e-02 3.234440e-02 9.587785e-02
      vertex   6.038476e-02 2.560763e-02 9.587785e-02
    endloop
  endfacet
  facet normal 8.391525e-01 3.004208e-01 4.533987e-01
    outer loop
      vertex   6.169243e-02 2.616218e-02 9.309017e-02
      vertex   6.038476e-02 2.560763e-02 9.587785e-02
      vertex   6.427932e-02 1.893634e-02 9.309017e-02
    endloop
  endfacet
  facet normal 8.391525e-01 3.004208e-01 4.533987e-01
    outer loop
      vertex   6.427932e-02 1.893634e-02 9.309017e-02
      vertex   6.038476e-02 2.560763e-02 9.587785e-02
      vertex   6.291682e-02 1.853495e-02 9.587785e-02
    endloop
  endfacet
  facet normal 8.680003e-01 2.024971e-01 4.533987e-01
    outer loop
      vertex   6.427932e-02 1.893634e-02 9.309017e-02
      vertex   6.291682e-02 1.853495e-02 9.587785e-02
      vertex   6.602300e-02 1.146208e-02 9.309017e-02
    endloop
  endfacet
  facet normal 8.680003e-01 2.024971e-01 4.533987e-01
    outer loop
      vertex   6.602300e-02 1.146208e-02 9.309017e-02
      vertex   6.291682e-02 1.853495e-02 9.587785e-02
      vertex   6.462354e-02 1.121913e-02 9.587785e-02
    endloop
  endfacet
  facet normal 8.854618e-01 1.019170e-01 4.533987e-01
    outer loop
      vertex   6.602300e-02 1.146208e-02 9.309017e-02
      vertex   6.462354e-02 1.121913e-02 9.587785e-02
      vertex   6.690060e-02 3.837475e-03 9.309017e-02
    endloop
  endfacet
  facet normal 8.854618e-01 1.019170e-01 4.533987e-01
    outer loop
      vertex   6.690060e-02 3.837475e-03 9.309017e-02
      vertex   6.462354e-02 1.121913e-02 9.587785e-02
      vertex   6.548253e-02 3.756133e-03 9.587785e-02
    endloop
  endfacet
  facet normal 8.913078e-01 1.611656e-15 4.533987e-01
    outer loop
      vertex   6.690060e-02 3.837475e-03 9.309017e-02
      vertex   6.548253e-02 3.756133e-03 9.587785e-02
      vertex   6.690060e-02 -3.837475e-03 9.309017e-02
    endloop
  endfacet
  facet normal 8.913078e-01 1.622281e-15 4.533987e-01
    outer loop
      vertex   6.690060e-02 -3.837475e-03 9.309017e-02
      vertex   6.548253e-02 3.756133e-03 9.587785e-02
      vertex   6.548253e-02 -3.756133e-03 9.587785e-02
    endloop
  endfacet
  facet normal 8.854618e-01 -1.019170e-01 4.533987e-01
    outer loop
      vertex   6.690060e-02 -3.837475e-03 9.309017e-02
      vertex   6.548253e-02 -3.756133e-03 9.587785e-02
      vertex   6.602300e-02 -1.146208e-02 9.309017e-02
    endloop
  endfacet
  facet normal 8.854618e-01 -1.019170e-01 4.533987e-01
    outer loop
      vertex   6.602300e-02 -1.146208e-02 9.309017e-02
      vertex   6.548253e-02 -3.756133e-03 9.587785e-02
      vertex   6.462354e-02 -1.121913e-02 9.587785e-02
    endloop
  endfacet
  facet normal 8.680003e-01 -2.024971e-01 4.533987e-01
    outer loop
      vertex   6.602300e-02 -1.146208e-02 9.309017e-02
      vertex   6.462354e-02 -1.121913e-02 9.587785e-02
      vertex   6.427932e-02 -1.893634e-02 9.309017e-02
    endloop
  endfacet
  facet normal 8.680003e-01 -2.024971e-01 4.533987e-01
    outer loop
      vertex   6.427932e-02 -1.893634e-02 9.309017e-02
      vertex   6.462354e-02 -1.121913e-02 9.587785e-02
      vertex   6.291682e-02 -1.853495e-02 9.587785e-02
    endloop
  endfacet
  facet normal 8.391525e-01 -3.004208e-01 4.533987e-01
    outer loop
      vertex   6.427932e-02 -1.893634e-02 9.309017e-02
      vertex   6.291682e-02 -1.853495e-02 9.587785e-02
      vertex   6.169243e-02 -2.616218e-02 9.309017e-02
    endloop
  endfacet
  facet normal 8.391525e-01 -3.004208e-01 4.533987e-01
    outer loop
      vertex   6.169243e-02 -2.616218e-02 9.309017e-02
      vertex   6.291682e-02 -1.853495e-02 9.587785e-02
      vertex   6.038476e-02 -2.560763e-02 9.587785e-02
    endloop
  endfacet
  facet normal 6.608936e-01 4.393986e-01 6.083983e-01
    outer loop
      vertex   5.344844e-02 3.899286e-02 9.500000e-02
      vertex   5.216460e-02 3.805624e-02 9.707107e-02
      vertex   5.706059e-02 3.234440e-02 9.587785e-02
    endloop
  endfacet
  facet normal 6.032014e-01 3.693686e-01 7.069052e-01
    outer loop
      vertex   5.706059e-02 3.234440e-02 9.587785e-02
      vertex   5.216460e-02 3.805624e-02 9.707107e-02
      vertex   5.513597e-02 3.125344e-02 9.809017e-02
    endloop
  endfacet
  facet normal 6.346316e-01 3.131515e-01 7.065259e-01
    outer loop
      vertex   5.706059e-02 3.234440e-02 9.587785e-02
      vertex   5.513597e-02 3.125344e-02 9.809017e-02
      vertex   6.038476e-02 2.560763e-02 9.587785e-02
    endloop
  endfacet
  facet normal 6.346316e-01 3.131515e-01 7.065259e-01
    outer loop
      vertex   6.038476e-02 2.560763e-02 9.587785e-02
      vertex   5.513597e-02 3.125344e-02 9.809017e-02
      vertex   5.834802e-02 2.474390e-02 9.809017e-02
    endloop
  endfacet
  facet normal 6.662766e-01 2.385304e-01 7.065259e-01
    outer loop
      vertex   6.038476e-02 2.560763e-02 9.587785e-02
      vertex   5.834802e-02 2.474390e-02 9.809017e-02
      vertex   6.291682e-02 1.853495e-02 9.587785e-02
    endloop
  endfacet
  facet normal 6.662766e-01 2.385304e-01 7.065259e-01
    outer loop
      vertex   6.291682e-02 1.853495e-02 9.587785e-02
      vertex   5.834802e-02 2.474390e-02 9.809017e-02
      vertex   6.079467e-02 1.790978e-02 9.809017e-02
    endloop
  endfacet
  facet normal 6.891814e-01 1.607801e-01 7.065259e-01
    outer loop
      vertex   6.291682e-02 1.853495e-02 9.587785e-02
      vertex   6.079467e-02 1.790978e-02 9.809017e-02
      vertex   6.462354e-02 1.121913e-02 9.587785e-02
    endloop
  endfacet
  facet normal 6.891814e-01 1.607801e-01 7.065259e-01
    outer loop
      vertex   6.462354e-02 1.121913e-02 9.587785e-02
      vertex   6.079467e-02 1.790978e-02 9.809017e-02
      vertex   6.244382e-02 1.084071e-02 9.809017e-02
    endloop
  endfacet
  facet normal 7.030455e-01 8.092082e-02 7.065259e-01
    outer loop
      vertex   6.462354e-02 1.121913e-02 9.587785e-02
      vertex   6.244382e-02 1.084071e-02 9.809017e-02
      vertex   6.548253e-02 3.756133e-03 9.587785e-02
    endloop
  endfacet
  facet normal 7.030455e-01 8.092082e-02 7.065259e-01
    outer loop
      vertex   6.548253e-02 3.756133e-03 9.587785e-02
      vertex   6.244382e-02 1.084071e-02 9.809017e-02
      vertex   6.327384e-02 3.629441e-03 9.809017e-02
    endloop
  endfacet
  facet normal 7.076872e-01 1.307346e-15 7.065259e-01
    outer loop
      vertex   6.548253e-02 3.756133e-03 9.587785e-02
      vertex   6.327384e-02 3.629441e-03 9.809017e-02
      vertex   6.548253e-02 -3.756133e-03 9.587785e-02
    endloop
  endfacet
  facet normal 7.076872e-01 1.343776e-15 7.065259e-01
    outer loop
      vertex   6.548253e-02 -3.756133e-03 9.587785e-02
      vertex   6.327384e-02 3.629441e-03 9.809017e-02
      vertex   6.327384e-02 -3.629441e-03 9.809017e-02
    endloop
  endfacet
  facet normal 7.030455e-01 -8.092082e-02 7.065259e-01
    outer loop
      vertex   6.548253e-02 -3.756133e-03 9.587785e-02
      vertex   6.327384e-02 -3.629441e-03 9.809017e-02
      vertex   6.462354e-02 -1.121913e-02 9.587785e-02
    endloop
  endfacet
  facet normal 7.030455e-01 -8.092082e-02 7.065259e-01
    outer loop
      vertex   6.462354e-02 -1.121913e-02 9.587785e-02
      vertex   6.327384e-02 -3.629441e-03 9.809017e-02
      vertex   6.244382e-02 -1.084071e-02 9.809017e-02
    endloop
  endfacet
  facet normal 6.891814e-01 -1.607801e-01 7.065259e-01
    outer loop
      vertex   6.462354e-02 -1.121913e-02 9.587785e-02
      vertex   6.244382e-02 -1.084071e-02 9.809017e-02
      vertex   6.291682e-02 -1.853495e-02 9.587785e-02
    endloop
  endfacet
  facet normal 6.891814e-01 -1.607801e-01 7.065259e-01
    outer loop
      vertex   6.291682e-02 -1.853495e-02 9.587785e-02
      vertex   6.244382e-02 -1.084071e-02 9.809017e-02
      vertex   6.079467e-02 -1.790978e-02 9.809017e-02
    endloop
  endfacet
  facet normal 6.662766e-01 -2.385304e-01 7.065259e-01
    outer loop
      vertex   6.291682e-02 -1.853495e-02 9.587785e-02
      vertex   6.079467e-02 -1.790978e-02 9.809017e-02
      vertex   6.038476e-02 -2.560763e-02 9.587785e-02
    endloop
  endfacet
  facet normal 6.662766e-01 -2.385304e-01 7.065259e-01
    outer loop
      vertex   6.038476e-02 -2.560763e-02 9.587785e-02
      vertex   6.079467e-02 -1.790978e-02 9.809017e-02
      vertex   5.834802e-02 -2.474390e-02 9.809017e-02
    endloop
  endfacet
  facet normal 5.055568e-01 3.396363e-01 7.931327e-01
    outer loop
      vertex   5.216460e-02 3.805624e-02 9.707107e-02
      vertex   5.049146e-02 3.683562e-02 9.866025e-02
      vertex   5.513597e-02 3.125344e-02 9.809017e-02
    endloop
  endfacet
  facet normal 3.896374e-01 2.331984e-01 8.909552e-01
    outer loop
      vertex   5.513597e-02 3.125344e-02 9.809017e-02
      vertex   5.049146e-02 3.683562e-02 9.866025e-02
      vertex   5.271080e-02 2.987875e-02 9.951057e-02
    endloop
  endfacet
  facet normal 4.076554e-01 2.011528e-01 8.907046e-01
    outer loop
      vertex   5.513597e-02 3.125344e-02 9.809017e-02
      vertex   5.271080e-02 2.987875e-02 9.951057e-02
      vertex   5.834802e-02 2.474390e-02 9.809017e-02
    endloop
  endfacet
  facet normal 4.076554e-01 2.011528e-01 8.907046e-01
    outer loop
      vertex   5.834802e-02 2.474390e-02 9.809017e-02
      vertex   5.271080e-02 2.987875e-02 9.951057e-02
      vertex   5.578158e-02 2.365554e-02 9.951057e-02
    endloop
  endfacet
  facet normal 4.279825e-01 1.532199e-01 8.907046e-01
    outer loop
      vertex   5.834802e-02 2.474390e-02 9.809017e-02
      vertex   5.578158e-02 2.365554e-02 9.951057e-02
      vertex   6.079467e-02 1.790978e-02 9.809017e-02
    endloop
  endfacet
  facet normal 4.279825e-01 1.532199e-01 8.907046e-01
    outer loop
      vertex   6.079467e-02 1.790978e-02 9.809017e-02
      vertex   5.578158e-02 2.365554e-02 9.951057e-02
      vertex   5.812061e-02 1.712201e-02 9.951057e-02
    endloop
  endfacet
  facet normal 4.426954e-01 1.032771e-01 8.907046e-01
    outer loop
      vertex   6.079467e-02 1.790978e-02 9.809017e-02
      vertex   5.812061e-02 1.712201e-02 9.951057e-02
      vertex   6.244382e-02 1.084071e-02 9.809017e-02
    endloop
  endfacet
  facet normal 4.426954e-01 1.032771e-01 8.907046e-01
    outer loop
      vertex   6.244382e-02 1.084071e-02 9.809017e-02
      vertex   5.812061e-02 1.712201e-02 9.951057e-02
      vertex   5.969722e-02 1.036388e-02 9.951057e-02
    endloop
  endfacet
  facet normal 4.516011e-01 5.197946e-02 8.907046e-01
    outer loop
      vertex   6.244382e-02 1.084071e-02 9.809017e-02
      vertex   5.969722e-02 1.036388e-02 9.951057e-02
      vertex   6.327384e-02 3.629441e-03 9.809017e-02
    endloop
  endfacet
  facet normal 4.516011e-01 5.197946e-02 8.907046e-01
    outer loop
      vertex   6.327384e-02 3.629441e-03 9.809017e-02
      vertex   5.969722e-02 1.036388e-02 9.951057e-02
      vertex   6.049074e-02 3.469800e-03 9.951057e-02
    endloop
  endfacet
  facet normal 4.545827e-01 8.690872e-16 8.907046e-01
    outer loop
      vertex   6.327384e-02 3.629441e-03 9.809017e-02
      vertex   6.049074e-02 3.469800e-03 9.951057e-02
      vertex   6.327384e-02 -3.629441e-03 9.809017e-02
    endloop
  endfacet
  facet normal 4.545827e-01 0.000000e+00 8.907046e-01
    outer loop
      vertex   6.327384e-02 -3.629441e-03 9.809017e-02
      vertex   6.049074e-02 3.469800e-03 9.951057e-02
      vertex   6.049074e-02 -3.469800e-03 9.951057e-02
    endloop
  endfacet
  facet normal 4.516011e-01 -5.197946e-02 8.907046e-01
    outer loop
      vertex   6.327384e-02 -3.629441e-03 9.809017e-02
      vertex   6.049074e-02 -3.469800e-03 9.951057e-02
      vertex   6.244382e-02 -1.084071e-02 9.809017e-02
    endloop
  endfacet
  facet normal 4.516011e-01 -5.197946e-02 8.907046e-01
    outer loop
      vertex   6.244382e-02 -1.084071e-02 9.809017e-02
      vertex   6.049074e-02 -3.469800e-03 9.951057e-02
      vertex   5.969722e-02 -1.036388e-02 9.951057e-02
    endloop
  endfacet
  facet normal 4.426954e-01 -1.032771e-01 8.907046e-01
    outer loop
      vertex   6.244382e-02 -1.084071e-02 9.809017e-02
      vertex   5.969722e-02 -1.036388e-02 9.951057e-02
      vertex   6.079467e-02 -1.790978e-02 9.809017e-02
    endloop
  endfacet
  facet normal 4.426954e-01 -1.032771e-01 8.907046e-01
    outer loop
      vertex   6.079467e-02 -1.790978e-02 9.809017e-02
      vertex   5.969722e-02 -1.036388e-02 9.951057e-02
      vertex   5.812061e-02 -1.712201e-02 9.951057e-02
    endloop
  endfacet
  facet normal 4.279825e-01 -1.532199e-01 8.907046e-01
    outer loop
      vertex   6.079467e-02 -1.790978e-02 9.809017e-02
      vertex   5.812061e-02 -1.712201e-02 9.951057e-02
      vertex   5.834802e-02 -2.474390e-02 9.809017e-02
    endloop
  endfacet
  facet normal 4.279825e-01 -1.532199e-01 8.907046e-01
    outer loop
      vertex   5.834802e-02 -2.474390e-02 9.809017e-02
      vertex   5.812061e-02 -1.712201e-02 9.951057e-02
      vertex   5.578158e-02 -2.365554e-02 9.951057e-02
    endloop
  endfacet
  facet normal 3.174065e-01 2.141687e-01 9.237883e-01
    outer loop
      vertex   5.049146e-02 3.683562e-02 9.866025e-02
      vertex   4.854304e-02 3.541417e-02 9.965926e-02
      vertex   5.271080e-02 2.987875e-02 9.951057e-02
    endloop
  endfacet
  facet normal 1.365831e-01 7.630560e-02 9.876854e-01
    outer loop
      vertex   5.271080e-02 2.987875e-02 9.951057e-02
      vertex   4.854304e-02 3.541417e-02 9.965926e-02
      vertex   5.034413e-02 2.777981e-02 1.000000e-01
    endloop
  endfacet
  facet normal 1.420356e-01 7.008578e-02 9.873773e-01
    outer loop
      vertex   5.271080e-02 2.987875e-02 9.951057e-02
      vertex   5.034413e-02 2.777981e-02 1.000000e-01
      vertex   5.578158e-02 2.365554e-02 9.951057e-02
    endloop
  endfacet
  facet normal 1.385907e-01 6.544824e-02 9.881848e-01
    outer loop
      vertex   5.578158e-02 2.365554e-02 9.951057e-02
      vertex   5.034413e-02 2.777981e-02 1.000000e-01
      vertex   5.343722e-02 2.123002e-02 1.000000e-01
    endloop
  endfacet
  facet normal 1.503874e-01 5.383945e-02 9.871600e-01
    outer loop
      vertex   5.578158e-02 2.365554e-02 9.951057e-02
      vertex   5.343722e-02 2.123002e-02 1.000000e-01
      vertex   5.812061e-02 1.712201e-02 9.951057e-02
    endloop
  endfacet
  facet normal 1.446509e-01 4.715672e-02 9.883584e-01
    outer loop
      vertex   5.812061e-02 1.712201e-02 9.951057e-02
      vertex   5.343722e-02 2.123002e-02 1.000000e-01
      vertex   5.568230e-02 1.434333e-02 1.000000e-01
    endloop
  endfacet
  facet normal 1.565090e-01 3.651221e-02 9.870014e-01
    outer loop
      vertex   5.812061e-02 1.712201e-02 9.951057e-02
      vertex   5.568230e-02 1.434333e-02 1.000000e-01
      vertex   5.969722e-02 1.036388e-02 9.951057e-02
    endloop
  endfacet
  facet normal 1.487048e-01 2.845760e-02 9.884721e-01
    outer loop
      vertex   5.969722e-02 1.036388e-02 9.951057e-02
      vertex   5.568230e-02 1.434333e-02 1.000000e-01
      vertex   5.704377e-02 7.229024e-03 1.000000e-01
    endloop
  endfacet
  facet normal 1.602456e-01 1.844434e-02 9.869048e-01
    outer loop
      vertex   5.969722e-02 1.036388e-02 9.951057e-02
      vertex   5.704377e-02 7.229024e-03 1.000000e-01
      vertex   6.049074e-02 3.469800e-03 9.951057e-02
    endloop
  endfacet
  facet normal 1.507359e-01 9.513164e-03 9.885283e-01
    outer loop
      vertex   6.049074e-02 3.469800e-03 9.951057e-02
      vertex   5.704377e-02 7.229024e-03 1.000000e-01
      vertex   5.750000e-02 3.698682e-17 1.000000e-01
    endloop
  endfacet
  facet normal 1.615019e-01 0.000000e+00 9.868724e-01
    outer loop
      vertex   6.049074e-02 3.469800e-03 9.951057e-02
      vertex   5.750000e-02 3.698682e-17 1.000000e-01
      vertex   6.049074e-02 -3.469800e-03 9.951057e-02
    endloop
  endfacet
  facet normal 1.507359e-01 -9.513164e-03 9.885283e-01
    outer loop
      vertex   6.049074e-02 -3.469800e-03 9.951057e-02
      vertex   5.750000e-02 3.698682e-17 1.000000e-01
      vertex   5.704377e-02 -7.229024e-03 1.000000e-01
    endloop
  endfacet
  facet normal 1.602456e-01 -1.844434e-02 9.869048e-01
    outer loop
      vertex   6.049074e-02 -3.469800e-03 9.951057e-02
      vertex   5.704377e-02 -7.229024e-03 1.000000e-01
      vertex   5.969722e-02 -1.036388e-02 9.951057e-02
    endloop
  endfacet
  facet normal 1.487048e-01 -2.845760e-02 9.884721e-01
    outer loop
      vertex   5.969722e-02 -1.036388e-02 9.951057e-02
      vertex   5.704377e-02 -7.229024e-03 1.000000e-01
      vertex   5.568230e-02 -1.434333e-02 1.000000e-01
    endloop
  endfacet
  facet normal 1.565090e-01 -3.651221e-02 9.870014e-01
    outer loop
      vertex   5.969722e-02 -1.036388e-02 9.951057e-02
      vertex   5.568230e-02 -1.434333e-02 1.000000e-01
      vertex   5.812061e-02 -1.712201e-02 9.951057e-02
    endloop
  endfacet
  facet normal 1.446509e-01 -4.715672e-02 9.883584e-01
    outer loop
      vertex   5.812061e-02 -1.712201e-02 9.951057e-02
      vertex   5.568230e-02 -1.434333e-02 1.000000e-01
      vertex   5.343722e-02 -2.123002e-02 1.000000e-01
    endloop
  endfacet
  facet normal 1.503874e-01 -5.383945e-02 9.871600e-01
    outer loop
      vertex   5.812061e-02 -1.712201e-02 9.951057e-02
      vertex   5.343722e-02 -2.123002e-02 1.000000e-01
      vertex   5.578158e-02 -2.365554e-02 9.951057e-02
    endloop
  endfacet
  facet normal 1.385907e-01 -6.544824e-02 9.881848e-01
    outer loop
      vertex   5.578158e-02 -2.365554e-02 9.951057e-02
      vertex   5.343722e-02 -2.123002e-02 1.000000e-01
      vertex   5.034413e-02 -2.777981e-02 1.000000e-01
    endloop
  endfacet
  facet normal 1.102986e-01 7.027089e-02 9.914112e-01
    outer loop
      vertex   4.854304e-02 3.541417e-02 9.965926e-02
      vertex   4.645214e-02 3.388877e-02 1.000000e-01
      vertex   5.034413e-02 2.777981e-02 1.000000e-01
    endloop
  endfacet
  facet normal 6.193987e-01 7.836635e-01 4.708288e-02
    outer loop
      vertex   4.388797e-02 5.128435e-02 9.002460e-02
      vertex   3.978247e-02 5.453077e-02 9.000000e-02
      vertex   4.241442e-02 5.235794e-02 9.154073e-02
    endloop
  endfacet
  facet normal 5.846376e-01 8.007258e-01 1.305262e-01
    outer loop
      vertex   4.241442e-02 5.235794e-02 9.154073e-02
      vertex   3.978247e-02 5.453077e-02 9.000000e-02
      vertex   3.958164e-02 5.425550e-02 9.258819e-02
    endloop
  endfacet
  facet normal 5.986588e-01 7.678909e-01 2.279280e-01
    outer loop
      vertex   4.241442e-02 5.235794e-02 9.154073e-02
      vertex   3.958164e-02 5.425550e-02 9.258819e-02
      vertex   4.218539e-02 5.209350e-02 9.303318e-02
    endloop
  endfacet
  facet normal 5.506142e-01 7.418799e-01 3.826724e-01
    outer loop
      vertex   4.218539e-02 5.209350e-02 9.303318e-02
      vertex   3.958164e-02 5.425550e-02 9.258819e-02
      vertex   3.899286e-02 5.344844e-02 9.500000e-02
    endloop
  endfacet
  facet normal 5.479101e-01 7.483714e-01 3.738112e-01
    outer loop
      vertex   4.218539e-02 5.209350e-02 9.303318e-02
      vertex   3.899286e-02 5.344844e-02 9.500000e-02
      vertex   4.181551e-02 5.165433e-02 9.445454e-02
    endloop
  endfacet
  facet normal 5.291866e-01 6.770883e-01 5.113835e-01
    outer loop
      vertex   4.181551e-02 5.165433e-02 9.445454e-02
      vertex   3.899286e-02 5.344844e-02 9.500000e-02
      vertex   4.131401e-02 5.105143e-02 9.577176e-02
    endloop
  endfacet
  facet normal 5.560684e-01 6.550689e-01 5.115394e-01
    outer loop
      vertex   4.181551e-02 5.165433e-02 9.445454e-02
      vertex   4.131401e-02 5.105143e-02 9.577176e-02
      vertex   4.440746e-02 4.948653e-02 9.441303e-02
    endloop
  endfacet
  facet normal 5.558081e-01 6.611466e-01 5.039469e-01
    outer loop
      vertex   4.440746e-02 4.948653e-02 9.441303e-02
      vertex   4.131401e-02 5.105143e-02 9.577176e-02
      vertex   4.389264e-02 4.892607e-02 9.571611e-02
    endloop
  endfacet
  facet normal 5.919479e-01 6.287273e-01 5.042814e-01
    outer loop
      vertex   4.440746e-02 4.948653e-02 9.441303e-02
      vertex   4.389264e-02 4.892607e-02 9.571611e-02
      vertex   4.688896e-02 4.715964e-02 9.440124e-02
    endloop
  endfacet
  facet normal 5.920090e-01 6.310570e-01 5.012907e-01
    outer loop
      vertex   4.688896e-02 4.715964e-02 9.440124e-02
      vertex   4.389264e-02 4.892607e-02 9.571611e-02
      vertex   4.635829e-02 4.662670e-02 9.569884e-02
    endloop
  endfacet
  facet normal 6.262052e-01 5.971048e-01 5.013311e-01
    outer loop
      vertex   4.688896e-02 4.715964e-02 9.440124e-02
      vertex   4.635829e-02 4.662670e-02 9.569884e-02
      vertex   4.923373e-02 4.469214e-02 9.441132e-02
    endloop
  endfacet
  facet normal 6.260440e-01 5.953293e-01 5.036387e-01
    outer loop
      vertex   4.923373e-02 4.469214e-02 9.441132e-02
      vertex   4.635829e-02 4.662670e-02 9.569884e-02
      vertex   4.867742e-02 4.417578e-02 9.571320e-02
    endloop
  endfacet
  facet normal 6.564177e-01 5.619092e-01 5.033625e-01
    outer loop
      vertex   4.923373e-02 4.469214e-02 9.441132e-02
      vertex   4.867742e-02 4.417578e-02 9.571320e-02
      vertex   5.153820e-02 4.196340e-02 9.445225e-02
    endloop
  endfacet
  facet normal 6.553823e-01 5.562535e-01 5.109365e-01
    outer loop
      vertex   5.153820e-02 4.196340e-02 9.445225e-02
      vertex   4.867742e-02 4.417578e-02 9.571320e-02
      vertex   5.093856e-02 4.146105e-02 9.576833e-02
    endloop
  endfacet
  facet normal 6.772085e-01 5.296625e-01 5.107312e-01
    outer loop
      vertex   5.153820e-02 4.196340e-02 9.445225e-02
      vertex   5.093856e-02 4.146105e-02 9.576833e-02
      vertex   5.344844e-02 3.899286e-02 9.500000e-02
    endloop
  endfacet
  facet normal 6.431499e-01 4.645138e-01 6.087571e-01
    outer loop
      vertex   5.344844e-02 3.899286e-02 9.500000e-02
      vertex   5.093856e-02 4.146105e-02 9.576833e-02
      vertex   5.216460e-02 3.805624e-02 9.707107e-02
    endloop
  endfacet
  facet normal 6.158033e-01 4.650859e-01 6.359886e-01
    outer loop
      vertex   5.216460e-02 3.805624e-02 9.707107e-02
      vertex   5.093856e-02 4.146105e-02 9.576833e-02
      vertex   5.018933e-02 4.083816e-02 9.694928e-02
    endloop
  endfacet
  facet normal 5.268623e-01 4.067636e-01 7.462972e-01
    outer loop
      vertex   5.216460e-02 3.805624e-02 9.707107e-02
      vertex   5.018933e-02 4.083816e-02 9.694928e-02
      vertex   4.930863e-02 4.010979e-02 9.796802e-02
    endloop
  endfacet
  facet normal 5.099824e-01 4.274241e-01 7.464761e-01
    outer loop
      vertex   4.930863e-02 4.010979e-02 9.796802e-02
      vertex   5.018933e-02 4.083816e-02 9.694928e-02
      vertex   4.716345e-02 4.278191e-02 9.790355e-02
    endloop
  endfacet
  facet normal 4.242123e-01 3.605992e-01 8.306697e-01
    outer loop
      vertex   4.930863e-02 4.010979e-02 9.796802e-02
      vertex   4.716345e-02 4.278191e-02 9.790355e-02
      vertex   4.624023e-02 4.193612e-02 9.874219e-02
    endloop
  endfacet
  facet normal 4.049083e-01 3.818200e-01 8.308205e-01
    outer loop
      vertex   4.624023e-02 4.193612e-02 9.874219e-02
      vertex   4.716345e-02 4.278191e-02 9.790355e-02
      vertex   4.404300e-02 4.429996e-02 9.872668e-02
    endloop
  endfacet
  facet normal 3.124447e-01 2.963436e-01 9.025291e-01
    outer loop
      vertex   4.624023e-02 4.193612e-02 9.874219e-02
      vertex   4.404300e-02 4.429996e-02 9.872668e-02
      vertex   4.308832e-02 4.334020e-02 9.937231e-02
    endloop
  endfacet
  facet normal 2.916153e-01 3.170244e-01 9.024722e-01
    outer loop
      vertex   4.308832e-02 4.334020e-02 9.937231e-02
      vertex   4.404300e-02 4.429996e-02 9.872668e-02
      vertex   4.074520e-02 4.545685e-02 9.938590e-02
    endloop
  endfacet
  facet normal 1.927530e-01 2.072205e-01 9.591173e-01
    outer loop
      vertex   4.308832e-02 4.334020e-02 9.937231e-02
      vertex   4.074520e-02 4.545685e-02 9.938590e-02
      vertex   3.977620e-02 4.438176e-02 9.981292e-02
    endloop
  endfacet
  facet normal 1.734185e-01 2.245624e-01 9.589045e-01
    outer loop
      vertex   3.977620e-02 4.438176e-02 9.981292e-02
      vertex   4.074520e-02 4.545685e-02 9.938590e-02
      vertex   3.733149e-02 4.618477e-02 9.983280e-02
    endloop
  endfacet
  facet normal 8.111677e-02 9.904748e-02 9.917710e-01
    outer loop
      vertex   3.977620e-02 4.438176e-02 9.981292e-02
      vertex   3.733149e-02 4.618477e-02 9.983280e-02
      vertex   3.765601e-02 4.412168e-02 1.000123e-01
    endloop
  endfacet
  facet normal 5.566443e-02 9.522888e-02 9.938978e-01
    outer loop
      vertex   3.765601e-02 4.412168e-02 1.000123e-01
      vertex   3.733149e-02 4.618477e-02 9.983280e-02
      vertex   3.388877e-02 4.645214e-02 1.000000e-01
    endloop
  endfacet
  facet normal 5.742618e-02 1.196279e-01 9.911566e-01
    outer loop
      vertex   3.388877e-02 4.645214e-02 1.000000e-01
      vertex   3.733149e-02 4.618477e-02 9.983280e-02
      vertex   3.541417e-02 4.854304e-02 9.965926e-02
    endloop
  endfacet
  facet normal 1.650520e-01 2.051831e-01 9.647060e-01
    outer loop
      vertex   3.541417e-02 4.854304e-02 9.965926e-02
      vertex   3.733149e-02 4.618477e-02 9.983280e-02
      vertex   3.826474e-02 4.733197e-02 9.942914e-02
    endloop
  endfacet
  facet normal 2.105339e-01 3.200237e-01 9.237209e-01
    outer loop
      vertex   3.541417e-02 4.854304e-02 9.965926e-02
      vertex   3.826474e-02 4.733197e-02 9.942914e-02
      vertex   3.683562e-02 5.049146e-02 9.866025e-02
    endloop
  endfacet
  facet normal 2.398723e-01 3.306288e-01 9.127682e-01
    outer loop
      vertex   3.683562e-02 5.049146e-02 9.866025e-02
      vertex   3.826474e-02 4.733197e-02 9.942914e-02
      vertex   3.914946e-02 4.841652e-02 9.880378e-02
    endloop
  endfacet
  facet normal 3.323966e-01 4.287756e-01 8.400381e-01
    outer loop
      vertex   3.683562e-02 5.049146e-02 9.866025e-02
      vertex   3.914946e-02 4.841652e-02 9.880378e-02
      vertex   3.996511e-02 4.941325e-02 9.797228e-02
    endloop
  endfacet
  facet normal 3.500010e-01 4.144163e-01 8.400943e-01
    outer loop
      vertex   3.996511e-02 4.941325e-02 9.797228e-02
      vertex   3.914946e-02 4.841652e-02 9.880378e-02
      vertex   4.250368e-02 4.740082e-02 9.790738e-02
    endloop
  endfacet
  facet normal 4.306974e-01 5.195038e-01 7.379807e-01
    outer loop
      vertex   3.996511e-02 4.941325e-02 9.797228e-02
      vertex   4.250368e-02 4.740082e-02 9.790738e-02
      vertex   4.325304e-02 4.822535e-02 9.688961e-02
    endloop
  endfacet
  facet normal 4.616866e-01 4.917139e-01 7.382838e-01
    outer loop
      vertex   4.325304e-02 4.822535e-02 9.688961e-02
      vertex   4.250368e-02 4.740082e-02 9.790738e-02
      vertex   4.569655e-02 4.596187e-02 9.686910e-02
    endloop
  endfacet
  facet normal 5.331660e-01 5.699029e-01 6.252556e-01
    outer loop
      vertex   4.325304e-02 4.822535e-02 9.688961e-02
      vertex   4.569655e-02 4.596187e-02 9.686910e-02
      vertex   4.635829e-02 4.662670e-02 9.569884e-02
    endloop
  endfacet
  facet normal 5.650113e-01 5.382910e-01 6.253040e-01
    outer loop
      vertex   4.635829e-02 4.662670e-02 9.569884e-02
      vertex   4.569655e-02 4.596187e-02 9.686910e-02
      vertex   4.867742e-02 4.417578e-02 9.571320e-02
    endloop
  endfacet
  facet normal 4.629407e-01 6.442884e-01 6.087514e-01
    outer loop
      vertex   3.899286e-02 5.344844e-02 9.500000e-02
      vertex   3.805624e-02 5.216460e-02 9.707107e-02
      vertex   4.131401e-02 5.105143e-02 9.577176e-02
    endloop
  endfacet
  facet normal 4.643049e-01 6.156444e-01 6.367126e-01
    outer loop
      vertex   4.131401e-02 5.105143e-02 9.577176e-02
      vertex   3.805624e-02 5.216460e-02 9.707107e-02
      vertex   4.069220e-02 5.029832e-02 9.695340e-02
    endloop
  endfacet
  facet normal 4.984049e-01 5.880156e-01 6.370480e-01
    outer loop
      vertex   4.131401e-02 5.105143e-02 9.577176e-02
      vertex   4.069220e-02 5.029832e-02 9.695340e-02
      vertex   4.389264e-02 4.892607e-02 9.571611e-02
    endloop
  endfacet
  facet normal 4.988613e-01 5.969371e-01 6.283339e-01
    outer loop
      vertex   4.389264e-02 4.892607e-02 9.571611e-02
      vertex   4.069220e-02 5.029832e-02 9.695340e-02
      vertex   4.325304e-02 4.822535e-02 9.688961e-02
    endloop
  endfacet
  facet normal 5.327429e-01 5.665489e-01 6.286551e-01
    outer loop
      vertex   4.389264e-02 4.892607e-02 9.571611e-02
      vertex   4.325304e-02 4.822535e-02 9.688961e-02
      vertex   4.635829e-02 4.662670e-02 9.569884e-02
    endloop
  endfacet
  facet normal 4.060410e-01 5.263971e-01 7.470186e-01
    outer loop
      vertex   4.069220e-02 5.029832e-02 9.695340e-02
      vertex   3.805624e-02 5.216460e-02 9.707107e-02
      vertex   3.996511e-02 4.941325e-02 9.797228e-02
    endloop
  endfacet
  facet normal 3.468091e-01 5.004511e-01 7.932667e-01
    outer loop
      vertex   3.996511e-02 4.941325e-02 9.797228e-02
      vertex   3.805624e-02 5.216460e-02 9.707107e-02
      vertex   3.683562e-02 5.049146e-02 9.866025e-02
    endloop
  endfacet
  facet normal 8.108037e-02 9.932526e-02 9.917462e-01
    outer loop
      vertex   3.765601e-02 4.412168e-02 1.000123e-01
      vertex   4.115035e-02 4.115037e-02 1.000242e-01
      vertex   3.977620e-02 4.438176e-02 9.981292e-02
    endloop
  endfacet
  facet normal 9.708671e-02 1.059927e-01 9.896159e-01
    outer loop
      vertex   3.977620e-02 4.438176e-02 9.981292e-02
      vertex   4.115035e-02 4.115037e-02 1.000242e-01
      vertex   4.207628e-02 4.232263e-02 9.980781e-02
    endloop
  endfacet
  facet normal 1.950528e-01 2.155039e-01 9.568242e-01
    outer loop
      vertex   3.977620e-02 4.438176e-02 9.981292e-02
      vertex   4.207628e-02 4.232263e-02 9.980781e-02
      vertex   4.308832e-02 4.334020e-02 9.937231e-02
    endloop
  endfacet
  facet normal 2.111366e-01 1.995292e-01 9.568748e-01
    outer loop
      vertex   4.308832e-02 4.334020e-02 9.937231e-02
      vertex   4.207628e-02 4.232263e-02 9.980781e-02
      vertex   4.523358e-02 4.101619e-02 9.938357e-02
    endloop
  endfacet
  facet normal 3.105624e-01 2.910559e-01 9.048964e-01
    outer loop
      vertex   4.308832e-02 4.334020e-02 9.937231e-02
      vertex   4.523358e-02 4.101619e-02 9.938357e-02
      vertex   4.624023e-02 4.193612e-02 9.874219e-02
    endloop
  endfacet
  facet normal 3.250674e-01 2.751096e-01 9.047905e-01
    outer loop
      vertex   4.624023e-02 4.193612e-02 9.874219e-02
      vertex   4.523358e-02 4.101619e-02 9.938357e-02
      vertex   4.831662e-02 3.929263e-02 9.879997e-02
    endloop
  endfacet
  facet normal 4.182751e-01 3.468936e-01 8.394705e-01
    outer loop
      vertex   4.624023e-02 4.193612e-02 9.874219e-02
      vertex   4.831662e-02 3.929263e-02 9.879997e-02
      vertex   4.930863e-02 4.010979e-02 9.796802e-02
    endloop
  endfacet
  facet normal 4.298377e-01 3.327425e-01 8.393581e-01
    outer loop
      vertex   4.930863e-02 4.010979e-02 9.796802e-02
      vertex   4.831662e-02 3.929263e-02 9.879997e-02
      vertex   5.049146e-02 3.683562e-02 9.866025e-02
    endloop
  endfacet
  facet normal 4.994821e-01 3.481613e-01 7.932851e-01
    outer loop
      vertex   4.930863e-02 4.010979e-02 9.796802e-02
      vertex   5.049146e-02 3.683562e-02 9.866025e-02
      vertex   5.216460e-02 3.805624e-02 9.707107e-02
    endloop
  endfacet
  facet normal 1.058806e-01 9.901371e-02 9.894370e-01
    outer loop
      vertex   4.207628e-02 4.232263e-02 9.980781e-02
      vertex   4.115035e-02 4.115037e-02 1.000242e-01
      vertex   4.416607e-02 4.004277e-02 9.981233e-02
    endloop
  endfacet
  facet normal 9.974438e-02 8.188526e-02 9.916380e-01
    outer loop
      vertex   4.416607e-02 4.004277e-02 9.981233e-02
      vertex   4.115035e-02 4.115037e-02 1.000242e-01
      vertex   4.412754e-02 3.765532e-02 1.000133e-01
    endloop
  endfacet
  facet normal 9.918448e-02 8.189894e-02 9.916930e-01
    outer loop
      vertex   4.416607e-02 4.004277e-02 9.981233e-02
      vertex   4.412754e-02 3.765532e-02 1.000133e-01
      vertex   4.609466e-02 3.747090e-02 9.983184e-02
    endloop
  endfacet
  facet normal 9.697151e-02 5.632656e-02 9.936920e-01
    outer loop
      vertex   4.609466e-02 3.747090e-02 9.983184e-02
      vertex   4.412754e-02 3.765532e-02 1.000133e-01
      vertex   4.645214e-02 3.388877e-02 1.000000e-01
    endloop
  endfacet
  facet normal 1.189224e-01 5.839945e-02 9.911846e-01
    outer loop
      vertex   4.609466e-02 3.747090e-02 9.983184e-02
      vertex   4.645214e-02 3.388877e-02 1.000000e-01
      vertex   4.854304e-02 3.541417e-02 9.965926e-02
    endloop
  endfacet
  facet normal 2.068637e-01 1.653431e-01 9.642972e-01
    outer loop
      vertex   4.609466e-02 3.747090e-02 9.983184e-02
      vertex   4.854304e-02 3.541417e-02 9.965926e-02
      vertex   4.723696e-02 3.840615e-02 9.942642e-02
    endloop
  endfacet
  facet normal 3.194488e-01 2.113335e-01 9.237373e-01
    outer loop
      vertex   4.723696e-02 3.840615e-02 9.942642e-02
      vertex   4.854304e-02 3.541417e-02 9.965926e-02
      vertex   5.049146e-02 3.683562e-02 9.866025e-02
    endloop
  endfacet
  facet normal 3.311805e-01 2.412732e-01 9.121988e-01
    outer loop
      vertex   4.723696e-02 3.840615e-02 9.942642e-02
      vertex   5.049146e-02 3.683562e-02 9.866025e-02
      vertex   4.831662e-02 3.929263e-02 9.879997e-02
    endloop
  endfacet
  facet normal 7.433703e-01 5.485962e-01 3.826785e-01
    outer loop
      vertex   5.344844e-02 3.899286e-02 9.500000e-02
      vertex   5.425550e-02 3.958164e-02 9.258819e-02
      vertex   5.153820e-02 4.196340e-02 9.445225e-02
    endloop
  endfacet
  facet normal 7.430068e-01 5.554178e-01 3.734326e-01
    outer loop
      vertex   5.153820e-02 4.196340e-02 9.445225e-02
      vertex   5.425550e-02 3.958164e-02 9.258819e-02
      vertex   5.197482e-02 4.233396e-02 9.303238e-02
    endloop
  endfacet
  facet normal 7.057687e-01 6.016475e-01 3.740465e-01
    outer loop
      vertex   5.153820e-02 4.196340e-02 9.445225e-02
      vertex   5.197482e-02 4.233396e-02 9.303238e-02
      vertex   4.923373e-02 4.469214e-02 9.441132e-02
    endloop
  endfacet
  facet normal 7.058457e-01 6.052102e-01 3.681067e-01
    outer loop
      vertex   4.923373e-02 4.469214e-02 9.441132e-02
      vertex   5.197482e-02 4.233396e-02 9.303238e-02
      vertex   4.963875e-02 4.507188e-02 9.301035e-02
    endloop
  endfacet
  facet normal 6.731660e-01 6.411870e-01 3.684110e-01
    outer loop
      vertex   4.923373e-02 4.469214e-02 9.441132e-02
      vertex   4.963875e-02 4.507188e-02 9.301035e-02
      vertex   4.688896e-02 4.715964e-02 9.440124e-02
    endloop
  endfacet
  facet normal 6.730941e-01 6.423041e-01 3.665920e-01
    outer loop
      vertex   4.688896e-02 4.715964e-02 9.440124e-02
      vertex   4.963875e-02 4.507188e-02 9.301035e-02
      vertex   4.727714e-02 4.754922e-02 9.300592e-02
    endloop
  endfacet
  facet normal 6.373305e-01 6.778230e-01 3.665595e-01
    outer loop
      vertex   4.688896e-02 4.715964e-02 9.440124e-02
      vertex   4.727714e-02 4.754922e-02 9.300592e-02
      vertex   4.440746e-02 4.948653e-02 9.441303e-02
    endloop
  endfacet
  facet normal 6.375108e-01 6.763577e-01 3.689447e-01
    outer loop
      vertex   4.440746e-02 4.948653e-02 9.441303e-02
      vertex   4.727714e-02 4.754922e-02 9.300592e-02
      vertex   4.478628e-02 4.989453e-02 9.301049e-02
    endloop
  endfacet
  facet normal 5.998476e-01 7.101514e-01 3.686026e-01
    outer loop
      vertex   4.440746e-02 4.948653e-02 9.441303e-02
      vertex   4.478628e-02 4.989453e-02 9.301049e-02
      vertex   4.181551e-02 5.165433e-02 9.445454e-02
    endloop
  endfacet
  facet normal 6.005421e-01 7.064416e-01 3.745524e-01
    outer loop
      vertex   4.181551e-02 5.165433e-02 9.445454e-02
      vertex   4.478628e-02 4.989453e-02 9.301049e-02
      vertex   4.218539e-02 5.209350e-02 9.303318e-02
    endloop
  endfacet
  facet normal 7.675245e-01 5.992820e-01 2.275240e-01
    outer loop
      vertex   5.197482e-02 4.233396e-02 9.303238e-02
      vertex   5.425550e-02 3.958164e-02 9.258819e-02
      vertex   5.223752e-02 4.256348e-02 9.154167e-02
    endloop
  endfacet
  facet normal 7.992226e-01 5.866910e-01 1.305256e-01
    outer loop
      vertex   5.223752e-02 4.256348e-02 9.154167e-02
      vertex   5.425550e-02 3.958164e-02 9.258819e-02
      vertex   5.453077e-02 3.978247e-02 9.000000e-02
    endloop
  endfacet
  facet normal 7.836372e-01 6.193246e-01 4.847458e-02
    outer loop
      vertex   5.223752e-02 4.256348e-02 9.154167e-02
      vertex   5.453077e-02 3.978247e-02 9.000000e-02
      vertex   5.128442e-02 4.388802e-02 9.002670e-02
    endloop
  endfacet
  facet normal 7.554689e-01 6.487092e-01 9.188651e-02
    outer loop
      vertex   5.223752e-02 4.256348e-02 9.154167e-02
      vertex   5.128442e-02 4.388802e-02 9.002670e-02
      vertex   4.988267e-02 4.530585e-02 9.154179e-02
    endloop
  endfacet
  facet normal 7.334113e-01 6.783781e-01 4.371485e-02
    outer loop
      vertex   4.988267e-02 4.530585e-02 9.154179e-02
      vertex   5.128442e-02 4.388802e-02 9.002670e-02
      vertex   4.772971e-02 4.772971e-02 9.004840e-02
    endloop
  endfacet
  facet normal 7.209407e-01 6.885670e-01 7.823027e-02
    outer loop
      vertex   4.988267e-02 4.530585e-02 9.154179e-02
      vertex   4.772971e-02 4.772971e-02 9.004840e-02
      vertex   4.751354e-02 4.778612e-02 9.154396e-02
    endloop
  endfacet
  facet normal 6.846468e-01 7.253500e-01 7.159703e-02
    outer loop
      vertex   4.751354e-02 4.778612e-02 9.154396e-02
      vertex   4.772971e-02 4.772971e-02 9.004840e-02
      vertex   4.501993e-02 5.014018e-02 9.154012e-02
    endloop
  endfacet
  facet normal 6.687334e-01 7.087428e-01 2.246759e-01
    outer loop
      vertex   4.751354e-02 4.778612e-02 9.154396e-02
      vertex   4.501993e-02 5.014018e-02 9.154012e-02
      vertex   4.478628e-02 4.989453e-02 9.301049e-02
    endloop
  endfacet
  facet normal 6.303227e-01 7.432151e-01 2.243314e-01
    outer loop
      vertex   4.478628e-02 4.989453e-02 9.301049e-02
      vertex   4.501993e-02 5.014018e-02 9.154012e-02
      vertex   4.218539e-02 5.209350e-02 9.303318e-02
    endloop
  endfacet
  facet normal 6.782394e-01 7.333327e-01 4.705825e-02
    outer loop
      vertex   4.772971e-02 4.772971e-02 9.004840e-02
      vertex   4.388797e-02 5.128435e-02 9.002460e-02
      vertex   4.501993e-02 5.014018e-02 9.154012e-02
    endloop
  endfacet
  facet normal 6.455288e-01 7.583680e-01 9.039106e-02
    outer loop
      vertex   4.501993e-02 5.014018e-02 9.154012e-02
      vertex   4.388797e-02 5.128435e-02 9.002460e-02
      vertex   4.241442e-02 5.235794e-02 9.154073e-02
    endloop
  endfacet
  facet normal 6.310970e-01 7.413756e-01 2.282078e-01
    outer loop
      vertex   4.501993e-02 5.014018e-02 9.154012e-02
      vertex   4.241442e-02 5.235794e-02 9.154073e-02
      vertex   4.218539e-02 5.209350e-02 9.303318e-02
    endloop
  endfacet
  facet normal 1.693063e-01 2.017198e-01 9.646992e-01
    outer loop
      vertex   3.733149e-02 4.618477e-02 9.983280e-02
      vertex   4.074520e-02 4.545685e-02 9.938590e-02
      vertex   3.826474e-02 4.733197e-02 9.942914e-02
    endloop
  endfacet
  facet normal 2.661534e-01 3.312029e-01 9.052442e-01
    outer loop
      vertex   3.826474e-02 4.733197e-02 9.942914e-02
      vertex   4.074520e-02 4.545685e-02 9.938590e-02
      vertex   4.166123e-02 4.647081e-02 9.874560e-02
    endloop
  endfacet
  facet normal 2.628482e-01 3.120160e-01 9.129934e-01
    outer loop
      vertex   3.826474e-02 4.733197e-02 9.942914e-02
      vertex   4.166123e-02 4.647081e-02 9.874560e-02
      vertex   3.914946e-02 4.841652e-02 9.880378e-02
    endloop
  endfacet
  facet normal 3.523524e-01 4.300039e-01 8.312307e-01
    outer loop
      vertex   3.914946e-02 4.841652e-02 9.880378e-02
      vertex   4.166123e-02 4.647081e-02 9.874560e-02
      vertex   4.250368e-02 4.740082e-02 9.790738e-02
    endloop
  endfacet
  facet normal 4.293389e-01 5.073966e-01 7.471390e-01
    outer loop
      vertex   4.325304e-02 4.822535e-02 9.688961e-02
      vertex   4.069220e-02 5.029832e-02 9.695340e-02
      vertex   3.996511e-02 4.941325e-02 9.797228e-02
    endloop
  endfacet
  facet normal 2.897652e-01 3.100289e-01 9.054934e-01
    outer loop
      vertex   4.074520e-02 4.545685e-02 9.938590e-02
      vertex   4.404300e-02 4.429996e-02 9.872668e-02
      vertex   4.166123e-02 4.647081e-02 9.874560e-02
    endloop
  endfacet
  facet normal 3.812289e-01 4.110538e-01 8.280696e-01
    outer loop
      vertex   4.166123e-02 4.647081e-02 9.874560e-02
      vertex   4.404300e-02 4.429996e-02 9.872668e-02
      vertex   4.491909e-02 4.518057e-02 9.788621e-02
    endloop
  endfacet
  facet normal 3.798691e-01 4.053292e-01 8.315093e-01
    outer loop
      vertex   4.166123e-02 4.647081e-02 9.874560e-02
      vertex   4.491909e-02 4.518057e-02 9.788621e-02
      vertex   4.250368e-02 4.740082e-02 9.790738e-02
    endloop
  endfacet
  facet normal 4.625541e-01 4.962047e-01 7.347276e-01
    outer loop
      vertex   4.250368e-02 4.740082e-02 9.790738e-02
      vertex   4.491909e-02 4.518057e-02 9.788621e-02
      vertex   4.569655e-02 4.596187e-02 9.686910e-02
    endloop
  endfacet
  facet normal 6.684591e-01 7.095112e-01 2.230611e-01
    outer loop
      vertex   4.751354e-02 4.778612e-02 9.154396e-02
      vertex   4.478628e-02 4.989453e-02 9.301049e-02
      vertex   4.727714e-02 4.754922e-02 9.300592e-02
    endloop
  endfacet
  facet normal 2.087946e-01 1.932870e-01 9.586683e-01
    outer loop
      vertex   4.207628e-02 4.232263e-02 9.980781e-02
      vertex   4.416607e-02 4.004277e-02 9.981233e-02
      vertex   4.523358e-02 4.101619e-02 9.938357e-02
    endloop
  endfacet
  facet normal 2.180505e-01 1.831090e-01 9.586058e-01
    outer loop
      vertex   4.523358e-02 4.101619e-02 9.938357e-02
      vertex   4.416607e-02 4.004277e-02 9.981233e-02
      vertex   4.723696e-02 3.840615e-02 9.942642e-02
    endloop
  endfacet
  facet normal 3.172129e-01 2.584648e-01 9.124538e-01
    outer loop
      vertex   4.523358e-02 4.101619e-02 9.938357e-02
      vertex   4.723696e-02 3.840615e-02 9.942642e-02
      vertex   4.831662e-02 3.929263e-02 9.879997e-02
    endloop
  endfacet
  facet normal 2.083358e-01 1.635410e-01 9.642876e-01
    outer loop
      vertex   4.609466e-02 3.747090e-02 9.983184e-02
      vertex   4.723696e-02 3.840615e-02 9.942642e-02
      vertex   4.416607e-02 4.004277e-02 9.981233e-02
    endloop
  endfacet
  facet normal 4.063084e-01 3.861582e-01 8.281276e-01
    outer loop
      vertex   4.491909e-02 4.518057e-02 9.788621e-02
      vertex   4.404300e-02 4.429996e-02 9.872668e-02
      vertex   4.716345e-02 4.278191e-02 9.790355e-02
    endloop
  endfacet
  facet normal 4.913518e-01 4.676200e-01 7.347823e-01
    outer loop
      vertex   4.569655e-02 4.596187e-02 9.686910e-02
      vertex   4.491909e-02 4.518057e-02 9.788621e-02
      vertex   4.798190e-02 4.353403e-02 9.688597e-02
    endloop
  endfacet
  facet normal 4.904250e-01 4.642094e-01 7.375588e-01
    outer loop
      vertex   4.798190e-02 4.353403e-02 9.688597e-02
      vertex   4.491909e-02 4.518057e-02 9.788621e-02
      vertex   4.716345e-02 4.278191e-02 9.790355e-02
    endloop
  endfacet
  facet normal 5.140515e-01 4.382331e-01 7.373621e-01
    outer loop
      vertex   4.798190e-02 4.353403e-02 9.688597e-02
      vertex   4.716345e-02 4.278191e-02 9.790355e-02
      vertex   5.018933e-02 4.083816e-02 9.694928e-02
    endloop
  endfacet
  facet normal 5.918288e-01 5.056902e-01 6.277070e-01
    outer loop
      vertex   5.093856e-02 4.146105e-02 9.576833e-02
      vertex   4.867742e-02 4.417578e-02 9.571320e-02
      vertex   4.798190e-02 4.353403e-02 9.688597e-02
    endloop
  endfacet
  facet normal 5.645066e-01 5.357388e-01 6.279460e-01
    outer loop
      vertex   4.798190e-02 4.353403e-02 9.688597e-02
      vertex   4.867742e-02 4.417578e-02 9.571320e-02
      vertex   4.569655e-02 4.596187e-02 9.686910e-02
    endloop
  endfacet
  facet normal 5.894245e-01 4.975788e-01 6.363914e-01
    outer loop
      vertex   5.093856e-02 4.146105e-02 9.576833e-02
      vertex   4.798190e-02 4.353403e-02 9.688597e-02
      vertex   5.018933e-02 4.083816e-02 9.694928e-02
    endloop
  endfacet
  facet normal 7.049964e-01 6.732104e-01 2.230872e-01
    outer loop
      vertex   4.751354e-02 4.778612e-02 9.154396e-02
      vertex   4.727714e-02 4.754922e-02 9.300592e-02
      vertex   4.988267e-02 4.530585e-02 9.154179e-02
    endloop
  endfacet
  facet normal 7.051707e-01 6.726279e-01 2.242899e-01
    outer loop
      vertex   4.988267e-02 4.530585e-02 9.154179e-02
      vertex   4.727714e-02 4.754922e-02 9.300592e-02
      vertex   4.963875e-02 4.507188e-02 9.301035e-02
    endloop
  endfacet
  facet normal 7.394083e-01 6.349123e-01 2.239680e-01
    outer loop
      vertex   4.988267e-02 4.530585e-02 9.154179e-02
      vertex   4.963875e-02 4.507188e-02 9.301035e-02
      vertex   5.223752e-02 4.256348e-02 9.154167e-02
    endloop
  endfacet
  facet normal 7.398114e-01 6.330619e-01 2.278414e-01
    outer loop
      vertex   5.223752e-02 4.256348e-02 9.154167e-02
      vertex   4.963875e-02 4.507188e-02 9.301035e-02
      vertex   5.197482e-02 4.233396e-02 9.303238e-02
    endloop
  endfacet
  facet normal 7.027089e-02 1.102986e-01 9.914112e-01
    outer loop
      vertex   3.388877e-02 4.645214e-02 1.000000e-01
      vertex   3.541417e-02 4.854304e-02 9.965926e-02
      vertex   2.777981e-02 5.034413e-02 1.000000e-01
    endloop
  endfacet
  facet normal 7.630560e-02 1.365831e-01 9.876854e-01
    outer loop
      vertex   2.777981e-02 5.034413e-02 1.000000e-01
      vertex   3.541417e-02 4.854304e-02 9.965926e-02
      vertex   2.987875e-02 5.271080e-02 9.951057e-02
    endloop
  endfacet
  facet normal 7.008578e-02 1.420356e-01 9.873773e-01
    outer loop
      vertex   2.777981e-02 5.034413e-02 1.000000e-01
      vertex   2.987875e-02 5.271080e-02 9.951057e-02
      vertex   2.365554e-02 5.578158e-02 9.951057e-02
    endloop
  endfacet
  facet normal 2.011528e-01 4.076554e-01 8.907046e-01
    outer loop
      vertex   2.365554e-02 5.578158e-02 9.951057e-02
      vertex   2.987875e-02 5.271080e-02 9.951057e-02
      vertex   3.125344e-02 5.513597e-02 9.809017e-02
    endloop
  endfacet
  facet normal 2.011528e-01 4.076554e-01 8.907046e-01
    outer loop
      vertex   2.365554e-02 5.578158e-02 9.951057e-02
      vertex   3.125344e-02 5.513597e-02 9.809017e-02
      vertex   2.474390e-02 5.834802e-02 9.809017e-02
    endloop
  endfacet
  facet normal 3.131515e-01 6.346316e-01 7.065259e-01
    outer loop
      vertex   2.474390e-02 5.834802e-02 9.809017e-02
      vertex   3.125344e-02 5.513597e-02 9.809017e-02
      vertex   3.234440e-02 5.706059e-02 9.587785e-02
    endloop
  endfacet
  facet normal 3.131515e-01 6.346316e-01 7.065259e-01
    outer loop
      vertex   2.474390e-02 5.834802e-02 9.809017e-02
      vertex   3.234440e-02 5.706059e-02 9.587785e-02
      vertex   2.560763e-02 6.038476e-02 9.587785e-02
    endloop
  endfacet
  facet normal 3.944036e-01 7.992968e-01 4.533987e-01
    outer loop
      vertex   2.560763e-02 6.038476e-02 9.587785e-02
      vertex   3.234440e-02 5.706059e-02 9.587785e-02
      vertex   3.304483e-02 5.829627e-02 9.309017e-02
    endloop
  endfacet
  facet normal 3.944036e-01 7.992968e-01 4.533987e-01
    outer loop
      vertex   2.560763e-02 6.038476e-02 9.587785e-02
      vertex   3.304483e-02 5.829627e-02 9.309017e-02
      vertex   2.616218e-02 6.169243e-02 9.309017e-02
    endloop
  endfacet
  facet normal 4.370696e-01 8.857634e-01 1.561840e-01
    outer loop
      vertex   2.616218e-02 6.169243e-02 9.309017e-02
      vertex   3.304483e-02 5.829627e-02 9.309017e-02
      vertex   3.328619e-02 5.872205e-02 9.000000e-02
    endloop
  endfacet
  facet normal 4.370696e-01 8.857634e-01 1.561840e-01
    outer loop
      vertex   2.616218e-02 6.169243e-02 9.309017e-02
      vertex   3.328619e-02 5.872205e-02 9.000000e-02
      vertex   2.635327e-02 6.214302e-02 9.000000e-02
    endloop
  endfacet
  facet normal 2.141687e-01 3.174065e-01 9.237883e-01
    outer loop
      vertex   3.541417e-02 4.854304e-02 9.965926e-02
      vertex   3.683562e-02 5.049146e-02 9.866025e-02
      vertex   2.987875e-02 5.271080e-02 9.951057e-02
    endloop
  endfacet
  facet normal 2.331984e-01 3.896374e-01 8.909552e-01
    outer loop
      vertex   2.987875e-02 5.271080e-02 9.951057e-02
      vertex   3.683562e-02 5.049146e-02 9.866025e-02
      vertex   3.125344e-02 5.513597e-02 9.809017e-02
    endloop
  endfacet
  facet normal 3.396363e-01 5.055568e-01 7.931327e-01
    outer loop
      vertex   3.683562e-02 5.049146e-02 9.866025e-02
      vertex   3.805624e-02 5.216460e-02 9.707107e-02
      vertex   3.125344e-02 5.513597e-02 9.809017e-02
    endloop
  endfacet
  facet normal 3.693686e-01 6.032014e-01 7.069052e-01
    outer loop
      vertex   3.125344e-02 5.513597e-02 9.809017e-02
      vertex   3.805624e-02 5.216460e-02 9.707107e-02
      vertex   3.234440e-02 5.706059e-02 9.587785e-02
    endloop
  endfacet
  facet normal 4.393986e-01 6.608936e-01 6.083983e-01
    outer loop
      vertex   3.805624e-02 5.216460e-02 9.707107e-02
      vertex   3.899286e-02 5.344844e-02 9.500000e-02
      vertex   3.234440e-02 5.706059e-02 9.587785e-02
    endloop
  endfacet
  facet normal 4.709454e-01 7.565576e-01 4.536860e-01
    outer loop
      vertex   3.234440e-02 5.706059e-02 9.587785e-02
      vertex   3.899286e-02 5.344844e-02 9.500000e-02
      vertex   3.304483e-02 5.829627e-02 9.309017e-02
    endloop
  endfacet
  facet normal 5.069316e-01 7.725807e-01 3.822818e-01
    outer loop
      vertex   3.899286e-02 5.344844e-02 9.500000e-02
      vertex   3.958164e-02 5.425550e-02 9.258819e-02
      vertex   3.304483e-02 5.829627e-02 9.309017e-02
    endloop
  endfacet
  facet normal 5.280014e-01 8.347445e-01 1.562564e-01
    outer loop
      vertex   3.304483e-02 5.829627e-02 9.309017e-02
      vertex   3.958164e-02 5.425550e-02 9.258819e-02
      vertex   3.328619e-02 5.872205e-02 9.000000e-02
    endloop
  endfacet
  facet normal 5.375159e-01 8.331233e-01 1.303156e-01
    outer loop
      vertex   3.958164e-02 5.425550e-02 9.258819e-02
      vertex   3.978247e-02 5.453077e-02 9.000000e-02
      vertex   3.328619e-02 5.872205e-02 9.000000e-02
    endloop
  endfacet
  facet normal 3.329198e-01 9.299306e-01 1.561840e-01
    outer loop
      vertex   2.616218e-02 6.169243e-02 9.309017e-02
      vertex   2.635327e-02 6.214302e-02 9.000000e-02
      vertex   1.893634e-02 6.427932e-02 9.309017e-02
    endloop
  endfacet
  facet normal 3.329198e-01 9.299306e-01 1.561840e-01
    outer loop
      vertex   1.893634e-02 6.427932e-02 9.309017e-02
      vertex   2.635327e-02 6.214302e-02 9.000000e-02
      vertex   1.907464e-02 6.474881e-02 9.000000e-02
    endloop
  endfacet
  facet normal 2.244029e-01 9.618991e-01 1.561840e-01
    outer loop
      vertex   1.893634e-02 6.427932e-02 9.309017e-02
      vertex   1.907464e-02 6.474881e-02 9.000000e-02
      vertex   1.146208e-02 6.602300e-02 9.309017e-02
    endloop
  endfacet
  facet normal 2.244029e-01 9.618991e-01 1.561840e-01
    outer loop
      vertex   1.146208e-02 6.602300e-02 9.309017e-02
      vertex   1.907464e-02 6.474881e-02 9.000000e-02
      vertex   1.154580e-02 6.650522e-02 9.000000e-02
    endloop
  endfacet
  facet normal 1.129422e-01 9.812495e-01 1.561840e-01
    outer loop
      vertex   1.146208e-02 6.602300e-02 9.309017e-02
      vertex   1.154580e-02 6.650522e-02 9.000000e-02
      vertex   3.837475e-03 6.690060e-02 9.309017e-02
    endloop
  endfacet
  facet normal 1.129422e-01 9.812495e-01 1.561840e-01
    outer loop
      vertex   3.837475e-03 6.690060e-02 9.309017e-02
      vertex   1.154580e-02 6.650522e-02 9.000000e-02
      vertex   3.865503e-03 6.738923e-02 9.000000e-02
    endloop
  endfacet
  facet normal 0.000000e+00 9.877280e-01 1.561840e-01
    outer loop
      vertex   3.837475e-03 6.690060e-02 9.309017e-02
      vertex   3.865503e-03 6.738923e-02 9.000000e-02
      vertex   -3.837475e-03 6.690060e-02 9.309017e-02
    endloop
  endfacet
  facet normal 0.000000e+00 9.877280e-01 1.561840e-01
    outer loop
      vertex   -3.837475e-03 6.690060e-02 9.309017e-02
      vertex   3.865503e-03 6.738923e-02 9.000000e-02
      vertex   -3.865503e-03 6.738923e-02 9.000000e-02
    endloop
  endfacet
  facet normal -1.129422e-01 9.812495e-01 1.561840e-01
    outer loop
      vertex   -3.837475e-03 6.690060e-02 9.309017e-02
      vertex   -3.865503e-03 6.738923e-02 9.000000e-02
      vertex   -1.146208e-02 6.602300e-02 9.309017e-02
    endloop
  endfacet
  facet normal -1.129422e-01 9.812495e-01 1.561840e-01
    outer loop
      vertex   -1.146208e-02 6.602300e-02 9.309017e-02
      vertex   -3.865503e-03 6.738923e-02 9.000000e-02
      vertex   -1.154580e-02 6.650522e-02 9.000000e-02
    endloop
  endfacet
  facet normal -2.244029e-01 9.618991e-01 1.561840e-01
    outer loop
      vertex   -1.146208e-02 6.602300e-02 9.309017e-02
      vertex   -1.154580e-02 6.650522e-02 9.000000e-02
      vertex   -1.893634e-02 6.427932e-02 9.309017e-02
    endloop
  endfacet
  facet normal -2.244029e-01 9.618991e-01 1.561840e-01
    outer loop
      vertex   -1.893634e-02 6.427932e-02 9.309017e-02
      vertex   -1.154580e-02 6.650522e-02 9.000000e-02
      vertex   -1.907464e-02 6.474881e-02 9.000000e-02
    endloop
  endfacet
  facet normal -3.329198e-01 9.299306e-01 1.561840e-01
    outer loop
      vertex   -1.893634e-02 6.427932e-02 9.309017e-02
      vertex   -1.907464e-02 6.474881e-02 9.000000e-02
      vertex   -2.616218e-02 6.169243e-02 9.309017e-02
    endloop
  endfacet
  facet normal -3.329198e-01 9.299306e-01 1.561840e-01
    outer loop
      vertex   -2.616218e-02 6.169243e-02 9.309017e-02
      vertex   -1.907464e-02 6.474881e-02 9.000000e-02
      vertex   -2.635327e-02 6.214302e-02 9.000000e-02
    endloop
  endfacet
  facet normal -4.370696e-01 8.857634e-01 1.561840e-01
    outer loop
      vertex   -2.616218e-02 6.169243e-02 9.309017e-02
      vertex   -2.635327e-02 6.214302e-02 9.000000e-02
      vertex   -3.304483e-02 5.829627e-02 9.309017e-02
    endloop
  endfacet
  facet normal -4.370696e-01 8.857634e-01 1.561840e-01
    outer loop
      vertex   -3.304483e-02 5.829627e-02 9.309017e-02
      vertex   -2.635327e-02 6.214302e-02 9.000000e-02
      vertex   -3.328619e-02 5.872205e-02 9.000000e-02
    endloop
  endfacet
  facet normal -5.280014e-01 8.347445e-01 1.562564e-01
    outer loop
      vertex   -3.304483e-02 5.829627e-02 9.309017e-02
      vertex   -3.328619e-02 5.872205e-02 9.000000e-02
      vertex   -3.958164e-02 5.425550e-02 9.258819e-02
    endloop
  endfacet
  facet normal -5.375159e-01 8.331233e-01 1.303156e-01
    outer loop
      vertex   -3.958164e-02 5.425550e-02 9.258819e-02
      vertex   -3.328619e-02 5.872205e-02 9.000000e-02
      vertex   -3.978247e-02 5.453077e-02 9.000000e-02
    endloop
  endfacet
  facet normal -5.069316e-01 7.725807e-01 3.822818e-01
    outer loop
      vertex   -3.958164e-02 5.425550e-02 9.258819e-02
      vertex   -3.899286e-02 5.344844e-02 9.500000e-02
      vertex   -3.304483e-02 5.829627e-02 9.309017e-02
    endloop
  endfacet
  facet normal -4.709454e-01 7.565576e-01 4.536860e-01
    outer loop
      vertex   -3.304483e-02 5.829627e-02 9.309017e-02
      vertex   -3.899286e-02 5.344844e-02 9.500000e-02
      vertex   -3.234440e-02 5.706059e-02 9.587785e-02
    endloop
  endfacet
  facet normal -3.944036e-01 7.992968e-01 4.533987e-01
    outer loop
      vertex   -3.304483e-02 5.829627e-02 9.309017e-02
      vertex   -3.234440e-02 5.706059e-02 9.587785e-02
      vertex   -2.616218e-02 6.169243e-02 9.309017e-02
    endloop
  endfacet
  facet normal -3.944036e-01 7.992968e-01 4.533987e-01
    outer loop
      vertex   -2.616218e-02 6.169243e-02 9.309017e-02
      vertex   -3.234440e-02 5.706059e-02 9.587785e-02
      vertex   -2.560763e-02 6.038476e-02 9.587785e-02
    endloop
  endfacet
  facet normal -3.004208e-01 8.391525e-01 4.533987e-01
    outer loop
      vertex   -2.616218e-02 6.169243e-02 9.309017e-02
      vertex   -2.560763e-02 6.038476e-02 9.587785e-02
      vertex   -1.893634e-02 6.427932e-02 9.309017e-02
    endloop
  endfacet
  facet normal -3.004208e-01 8.391525e-01 4.533987e-01
    outer loop
      vertex   -1.893634e-02 6.427932e-02 9.309017e-02
      vertex   -2.560763e-02 6.038476e-02 9.587785e-02
      vertex   -1.853495e-02 6.291682e-02 9.587785e-02
    endloop
  endfacet
  facet normal -2.024971e-01 8.680003e-01 4.533987e-01
    outer loop
      vertex   -1.893634e-02 6.427932e-02 9.309017e-02
      vertex   -1.853495e-02 6.291682e-02 9.587785e-02
      vertex   -1.146208e-02 6.602300e-02 9.309017e-02
    endloop
  endfacet
  facet normal -2.024971e-01 8.680003e-01 4.533987e-01
    outer loop
      vertex   -1.146208e-02 6.602300e-02 9.309017e-02
      vertex   -1.853495e-02 6.291682e-02 9.587785e-02
      vertex   -1.121913e-02 6.462354e-02 9.587785e-02
    endloop
  endfacet
  facet normal -1.019170e-01 8.854618e-01 4.533987e-01
    outer loop
      vertex   -1.146208e-02 6.602300e-02 9.309017e-02
      vertex   -1.121913e-02 6.462354e-02 9.587785e-02
      vertex   -3.837475e-03 6.690060e-02 9.309017e-02
    endloop
  endfacet
  facet normal -1.019170e-01 8.854618e-01 4.533987e-01
    outer loop
      vertex   -3.837475e-03 6.690060e-02 9.309017e-02
      vertex   -1.121913e-02 6.462354e-02 9.587785e-02
      vertex   -3.756133e-03 6.548253e-02 9.587785e-02
    endloop
  endfacet
  facet normal -0.000000e+00 8.913078e-01 4.533987e-01
    outer loop
      vertex   -3.837475e-03 6.690060e-02 9.309017e-02
      vertex   -3.756133e-03 6.548253e-02 9.587785e-02
      vertex   3.837475e-03 6.690060e-02 9.309017e-02
    endloop
  endfacet
  facet normal 0.000000e+00 8.913078e-01 4.533987e-01
    outer loop
      vertex   3.837475e-03 6.690060e-02 9.309017e-02
      vertex   -3.756133e-03 6.548253e-02 9.587785e-02
      vertex   3.756133e-03 6.548253e-02 9.587785e-02
    endloop
  endfacet
  facet normal 1.019170e-01 8.854618e-01 4.533987e-01
    outer loop
      vertex   3.837475e-03 6.690060e-02 9.309017e-02
      vertex   3.756133e-03 6.548253e-02 9.587785e-02
      vertex   1.146208e-02 6.602300e-02 9.309017e-02
    endloop
  endfacet
  facet normal 1.019170e-01 8.854618e-01 4.533987e-01
    outer loop
      vertex   1.146208e-02 6.602300e-02 9.309017e-02
      vertex   3.756133e-03 6.548253e-02 9.587785e-02
      vertex   1.121913e-02 6.462354e-02 9.587785e-02
    endloop
  endfacet
  facet normal 2.024971e-01 8.680003e-01 4.533987e-01
    outer loop
      vertex   1.146208e-02 6.602300e-02 9.309017e-02
      vertex   1.121913e-02 6.462354e-02 9.587785e-02
      vertex   1.893634e-02 6.427932e-02 9.309017e-02
    endloop
  endfacet
  facet normal 2.024971e-01 8.680003e-01 4.533987e-01
    outer loop
      vertex   1.893634e-02 6.427932e-02 9.309017e-02
      vertex   1.121913e-02 6.462354e-02 9.587785e-02
      vertex   1.853495e-02 6.291682e-02 9.587785e-02
    endloop
  endfacet
  facet normal 3.004208e-01 8.391525e-01 4.533987e-01
    outer loop
      vertex   1.893634e-02 6.427932e-02 9.309017e-02
      vertex   1.853495e-02 6.291682e-02 9.587785e-02
      vertex   2.616218e-02 6.169243e-02 9.309017e-02
    endloop
  endfacet
  facet normal 3.004208e-01 8.391525e-01 4.533987e-01
    outer loop
      vertex   2.616218e-02 6.169243e-02 9.309017e-02
      vertex   1.853495e-02 6.291682e-02 9.587785e-02
      vertex   2.560763e-02 6.038476e-02 9.587785e-02
    endloop
  endfacet
  facet normal -4.393986e-01 6.608936e-01 6.083983e-01
    outer loop
      vertex   -3.899286e-02 5.344844e-02 9.500000e-02
      vertex   -3.805624e-02 5.216460e-02 9.707107e-02
      vertex   -3.234440e-02 5.706059e-02 9.587785e-02
    endloop
  endfacet
  facet normal -3.693686e-01 6.032014e-01 7.069052e-01
    outer loop
      vertex   -3.234440e-02 5.706059e-02 9.587785e-02
      vertex   -3.805624e-02 5.216460e-02 9.707107e-02
      vertex   -3.125344e-02 5.513597e-02 9.809017e-02
    endloop
  endfacet
  facet normal -3.131515e-01 6.346316e-01 7.065259e-01
    outer loop
      vertex   -3.234440e-02 5.706059e-02 9.587785e-02
      vertex   -3.125344e-02 5.513597e-02 9.809017e-02
      vertex   -2.560763e-02 6.038476e-02 9.587785e-02
    endloop
  endfacet
  facet normal -3.131515e-01 6.346316e-01 7.065259e-01
    outer loop
      vertex   -2.560763e-02 6.038476e-02 9.587785e-02
      vertex   -3.125344e-02 5.513597e-02 9.809017e-02
      vertex   -2.474390e-02 5.834802e-02 9.809017e-02
    endloop
  endfacet
  facet normal -2.385304e-01 6.662766e-01 7.065259e-01
    outer loop
      vertex   -2.560763e-02 6.038476e-02 9.587785e-02
      vertex   -2.474390e-02 5.834802e-02 9.809017e-02
      vertex   -1.853495e-02 6.291682e-02 9.587785e-02
    endloop
  endfacet
  facet normal -2.385304e-01 6.662766e-01 7.065259e-01
    outer loop
      vertex   -1.853495e-02 6.291682e-02 9.587785e-02
      vertex   -2.474390e-02 5.834802e-02 9.809017e-02
      vertex   -1.790978e-02 6.079467e-02 9.809017e-02
    endloop
  endfacet
  facet normal -1.607801e-01 6.891814e-01 7.065259e-01
    outer loop
      vertex   -1.853495e-02 6.291682e-02 9.587785e-02
      vertex   -1.790978e-02 6.079467e-02 9.809017e-02
      vertex   -1.121913e-02 6.462354e-02 9.587785e-02
    endloop
  endfacet
  facet normal -1.607801e-01 6.891814e-01 7.065259e-01
    outer loop
      vertex   -1.121913e-02 6.462354e-02 9.587785e-02
      vertex   -1.790978e-02 6.079467e-02 9.809017e-02
      vertex   -1.084071e-02 6.244382e-02 9.809017e-02
    endloop
  endfacet
  facet normal -8.092082e-02 7.030455e-01 7.065259e-01
    outer loop
      vertex   -1.121913e-02 6.462354e-02 9.587785e-02
      vertex   -1.084071e-02 6.244382e-02 9.809017e-02
      vertex   -3.756133e-03 6.548253e-02 9.587785e-02
    endloop
  endfacet
  facet normal -8.092082e-02 7.030455e-01 7.065259e-01
    outer loop
      vertex   -3.756133e-03 6.548253e-02 9.587785e-02
      vertex   -1.084071e-02 6.244382e-02 9.809017e-02
      vertex   -3.629441e-03 6.327384e-02 9.809017e-02
    endloop
  endfacet
  facet normal -0.000000e+00 7.076872e-01 7.065259e-01
    outer loop
      vertex   -3.756133e-03 6.548253e-02 9.587785e-02
      vertex   -3.629441e-03 6.327384e-02 9.809017e-02
      vertex   3.756133e-03 6.548253e-02 9.587785e-02
    endloop
  endfacet
  facet normal 0.000000e+00 7.076872e-01 7.065259e-01
    outer loop
      vertex   3.756133e-03 6.548253e-02 9.587785e-02
      vertex   -3.629441e-03 6.327384e-02 9.809017e-02
      vertex   3.629441e-03 6.327384e-02 9.809017e-02
    endloop
  endfacet
  facet normal 8.092082e-02 7.030455e-01 7.065259e-01
    outer loop
      vertex   3.756133e-03 6.548253e-02 9.587785e-02
      vertex   3.629441e-03 6.327384e-02 9.809017e-02
      vertex   1.121913e-02 6.462354e-02 9.587785e-02
    endloop
  endfacet
  facet normal 8.092082e-02 7.030455e-01 7.065259e-01
    outer loop
      vertex   1.121913e-02 6.462354e-02 9.587785e-02
      vertex   3.629441e-03 6.327384e-02 9.809017e-02
      vertex   1.084071e-02 6.244382e-02 9.809017e-02
    endloop
  endfacet
  facet normal 1.607801e-01 6.891814e-01 7.065259e-01
    outer loop
      vertex   1.121913e-02 6.462354e-02 9.587785e-02
      vertex   1.084071e-02 6.244382e-02 9.809017e-02
      vertex   1.853495e-02 6.291682e-02 9.587785e-02
    endloop
  endfacet
  facet normal 1.607801e-01 6.891814e-01 7.065259e-01
    outer loop
      vertex   1.853495e-02 6.291682e-02 9.587785e-02
      vertex   1.084071e-02 6.244382e-02 9.809017e-02
      vertex   1.790978e-02 6.079467e-02 9.809017e-02
    endloop
  endfacet
  facet normal 2.385304e-01 6.662766e-01 7.065259e-01
    outer loop
      vertex   1.853495e-02 6.291682e-02 9.587785e-02
      vertex   1.790978e-02 6.079467e-02 9.809017e-02
      vertex   2.560763e-02 6.038476e-02 9.587785e-02
    endloop
  endfacet
  facet normal 2.385304e-01 6.662766e-01 7.065259e-01
    outer loop
      vertex   2.560763e-02 6.038476e-02 9.587785e-02
      vertex   1.790978e-02 6.079467e-02 9.809017e-02
      vertex   2.474390e-02 5.834802e-02 9.809017e-02
    endloop
  endfacet
  facet normal -3.396363e-01 5.055568e-01 7.931327e-01
    outer loop
      vertex   -3.805624e-02 5.216460e-02 9.707107e-02
      vertex   -3.683562e-02 5.049146e-02 9.866025e-02
      vertex   -3.125344e-02 5.513597e-02 9.809017e-02
    endloop
  endfacet
  facet normal -2.331984e-01 3.896374e-01 8.909552e-01
    outer loop
      vertex   -3.125344e-02 5.513597e-02 9.809017e-02
      vertex   -3.683562e-02 5.049146e-02 9.866025e-02
      vertex   -2.987875e-02 5.271080e-02 9.951057e-02
    endloop
  endfacet
  facet normal -2.011528e-01 4.076554e-01 8.907046e-01
    outer loop
      vertex   -3.125344e-02 5.513597e-02 9.809017e-02
      vertex   -2.987875e-02 5.271080e-02 9.951057e-02
      vertex   -2.474390e-02 5.834802e-02 9.809017e-02
    endloop
  endfacet
  facet normal -2.011528e-01 4.076554e-01 8.907046e-01
    outer loop
      vertex   -2.474390e-02 5.834802e-02 9.809017e-02
      vertex   -2.987875e-02 5.271080e-02 9.951057e-02
      vertex   -2.365554e-02 5.578158e-02 9.951057e-02
    endloop
  endfacet
  facet normal -1.532199e-01 4.279825e-01 8.907046e-01
    outer loop
      vertex   -2.474390e-02 5.834802e-02 9.809017e-02
      vertex   -2.365554e-02 5.578158e-02 9.951057e-02
      vertex   -1.790978e-02 6.079467e-02 9.809017e-02
    endloop
  endfacet
  facet normal -1.532199e-01 4.279825e-01 8.907046e-01
    outer loop
      vertex   -1.790978e-02 6.079467e-02 9.809017e-02
      vertex   -2.365554e-02 5.578158e-02 9.951057e-02
      vertex   -1.712201e-02 5.812061e-02 9.951057e-02
    endloop
  endfacet
  facet normal -1.032771e-01 4.426954e-01 8.907046e-01
    outer loop
      vertex   -1.790978e-02 6.079467e-02 9.809017e-02
      vertex   -1.712201e-02 5.812061e-02 9.951057e-02
      vertex   -1.084071e-02 6.244382e-02 9.809017e-02
    endloop
  endfacet
  facet normal -1.032771e-01 4.426954e-01 8.907046e-01
    outer loop
      vertex   -1.084071e-02 6.244382e-02 9.809017e-02
      vertex   -1.712201e-02 5.812061e-02 9.951057e-02
      vertex   -1.036388e-02 5.969722e-02 9.951057e-02
    endloop
  endfacet
  facet normal -5.197946e-02 4.516011e-01 8.907046e-01
    outer loop
      vertex   -1.084071e-02 6.244382e-02 9.809017e-02
      vertex   -1.036388e-02 5.969722e-02 9.951057e-02
      vertex   -3.629441e-03 6.327384e-02 9.809017e-02
    endloop
  endfacet
  facet normal -5.197946e-02 4.516011e-01 8.907046e-01
    outer loop
      vertex   -3.629441e-03 6.327384e-02 9.809017e-02
      vertex   -1.036388e-02 5.969722e-02 9.951057e-02
      vertex   -3.469800e-03 6.049074e-02 9.951057e-02
    endloop
  endfacet
  facet normal -0.000000e+00 4.545827e-01 8.907046e-01
    outer loop
      vertex   -3.629441e-03 6.327384e-02 9.809017e-02
      vertex   -3.469800e-03 6.049074e-02 9.951057e-02
      vertex   3.629441e-03 6.327384e-02 9.809017e-02
    endloop
  endfacet
  facet normal 0.000000e+00 4.545827e-01 8.907046e-01
    outer loop
      vertex   3.629441e-03 6.327384e-02 9.809017e-02
      vertex   -3.469800e-03 6.049074e-02 9.951057e-02
      vertex   3.469800e-03 6.049074e-02 9.951057e-02
    endloop
  endfacet
  facet normal 5.197946e-02 4.516011e-01 8.907046e-01
    outer loop
      vertex   3.629441e-03 6.327384e-02 9.809017e-02
      vertex   3.469800e-03 6.049074e-02 9.951057e-02
      vertex   1.084071e-02 6.244382e-02 9.809017e-02
    endloop
  endfacet
  facet normal 5.197946e-02 4.516011e-01 8.907046e-01
    outer loop
      vertex   1.084071e-02 6.244382e-02 9.809017e-02
      vertex   3.469800e-03 6.049074e-02 9.951057e-02
      vertex   1.036388e-02 5.969722e-02 9.951057e-02
    endloop
  endfacet
  facet normal 1.032771e-01 4.426954e-01 8.907046e-01
    outer loop
      vertex   1.084071e-02 6.244382e-02 9.809017e-02
      vertex   1.036388e-02 5.969722e-02 9.951057e-02
      vertex   1.790978e-02 6.079467e-02 9.809017e-02
    endloop
  endfacet
  facet normal 1.032771e-01 4.426954e-01 8.907046e-01
    outer loop
      vertex   1.790978e-02 6.079467e-02 9.809017e-02
      vertex   1.036388e-02 5.969722e-02 9.951057e-02
      vertex   1.712201e-02 5.812061e-02 9.951057e-02
    endloop
  endfacet
  facet normal 1.532199e-01 4.279825e-01 8.907046e-01
    outer loop
      vertex   1.790978e-02 6.079467e-02 9.809017e-02
      vertex   1.712201e-02 5.812061e-02 9.951057e-02
      vertex   2.474390e-02 5.834802e-02 9.809017e-02
    endloop
  endfacet
  facet normal 1.532199e-01 4.279825e-01 8.907046e-01
    outer loop
      vertex   2.474390e-02 5.834802e-02 9.809017e-02
      vertex   1.712201e-02 5.812061e-02 9.951057e-02
      vertex   2.365554e-02 5.578158e-02 9.951057e-02
    endloop
  endfacet
  facet normal -2.141687e-01 3.174065e-01 9.237883e-01
    outer loop
      vertex   -3.683562e-02 5.049146e-02 9.866025e-02
      vertex   -3.541417e-02 4.854304e-02 9.965926e-02
      vertex   -2.987875e-02 5.271080e-02 9.951057e-02
    endloop
  endfacet
  facet normal -7.630560e-02 1.365831e-01 9.876854e-01
    outer loop
      vertex   -2.987875e-02 5.271080e-02 9.951057e-02
      vertex   -3.541417e-02 4.854304e-02 9.965926e-02
      vertex   -2.777981e-02 5.034413e-02 1.000000e-01
    endloop
  endfacet
  facet normal -7.008578e-02 1.420356e-01 9.873773e-01
    outer loop
      vertex   -2.987875e-02 5.271080e-02 9.951057e-02
      vertex   -2.777981e-02 5.034413e-02 1.000000e-01
      vertex   -2.365554e-02 5.578158e-02 9.951057e-02
    endloop
  endfacet
  facet normal -6.544824e-02 1.385907e-01 9.881848e-01
    outer loop
      vertex   -2.365554e-02 5.578158e-02 9.951057e-02
      vertex   -2.777981e-02 5.034413e-02 1.000000e-01
      vertex   -2.123002e-02 5.343722e-02 1.000000e-01
    endloop
  endfacet
  facet normal -5.383945e-02 1.503874e-01 9.871600e-01
    outer loop
      vertex   -2.365554e-02 5.578158e-02 9.951057e-02
      vertex   -2.123002e-02 5.343722e-02 1.000000e-01
      vertex   -1.712201e-02 5.812061e-02 9.951057e-02
    endloop
  endfacet
  facet normal -4.715672e-02 1.446509e-01 9.883584e-01
    outer loop
      vertex   -1.712201e-02 5.812061e-02 9.951057e-02
      vertex   -2.123002e-02 5.343722e-02 1.000000e-01
      vertex   -1.434333e-02 5.568230e-02 1.000000e-01
    endloop
  endfacet
  facet normal -3.651221e-02 1.565090e-01 9.870014e-01
    outer loop
      vertex   -1.712201e-02 5.812061e-02 9.951057e-02
      vertex   -1.434333e-02 5.568230e-02 1.000000e-01
      vertex   -1.036388e-02 5.969722e-02 9.951057e-02
    endloop
  endfacet
  facet normal -2.845760e-02 1.487048e-01 9.884721e-01
    outer loop
      vertex   -1.036388e-02 5.969722e-02 9.951057e-02
      vertex   -1.434333e-02 5.568230e-02 1.000000e-01
      vertex   -7.229024e-03 5.704377e-02 1.000000e-01
    endloop
  endfacet
  facet normal -1.844434e-02 1.602456e-01 9.869048e-01
    outer loop
      vertex   -1.036388e-02 5.969722e-02 9.951057e-02
      vertex   -7.229024e-03 5.704377e-02 1.000000e-01
      vertex   -3.469800e-03 6.049074e-02 9.951057e-02
    endloop
  endfacet
  facet normal -9.513164e-03 1.507359e-01 9.885283e-01
    outer loop
      vertex   -3.469800e-03 6.049074e-02 9.951057e-02
      vertex   -7.229024e-03 5.704377e-02 1.000000e-01
      vertex   -2.201427e-17 5.750000e-02 1.000000e-01
    endloop
  endfacet
  facet normal -0.000000e+00 1.615019e-01 9.868724e-01
    outer loop
      vertex   -3.469800e-03 6.049074e-02 9.951057e-02
      vertex   -2.201427e-17 5.750000e-02 1.000000e-01
      vertex   3.469800e-03 6.049074e-02 9.951057e-02
    endloop
  endfacet
  facet normal 9.513164e-03 1.507359e-01 9.885283e-01
    outer loop
      vertex   3.469800e-03 6.049074e-02 9.951057e-02
      vertex   -2.201427e-17 5.750000e-02 1.000000e-01
      vertex   7.229024e-03 5.704377e-02 1.000000e-01
    endloop
  endfacet
  facet normal 1.844434e-02 1.602456e-01 9.869048e-01
    outer loop
      vertex   3.469800e-03 6.049074e-02 9.951057e-02
      vertex   7.229024e-03 5.704377e-02 1.000000e-01
      vertex   1.036388e-02 5.969722e-02 9.951057e-02
    endloop
  endfacet
  facet normal 2.845760e-02 1.487048e-01 9.884721e-01
    outer loop
      vertex   1.036388e-02 5.969722e-02 9.951057e-02
      vertex   7.229024e-03 5.704377e-02 1.000000e-01
      vertex   1.434333e-02 5.568230e-02 1.000000e-01
    endloop
  endfacet
  facet normal 3.651221e-02 1.565090e-01 9.870014e-01
    outer loop
      vertex   1.036388e-02 5.969722e-02 9.951057e-02
      vertex   1.434333e-02 5.568230e-02 1.000000e-01
      vertex   1.712201e-02 5.812061e-02 9.951057e-02
    endloop
  endfacet
  facet normal 4.715672e-02 1.446509e-01 9.883584e-01
    outer loop
      vertex   1.712201e-02 5.812061e-02 9.951057e-02
      vertex   1.434333e-02 5.568230e-02 1.000000e-01
      vertex   2.123002e-02 5.343722e-02 1.000000e-01
    endloop
  endfacet
  facet normal 5.383945e-02 1.503874e-01 9.871600e-01
    outer loop
      vertex   1.712201e-02 5.812061e-02 9.951057e-02
      vertex   2.123002e-02 5.343722e-02 1.000000e-01
      vertex   2.365554e-02 5.578158e-02 9.951057e-02
    endloop
  endfacet
  facet normal 6.544824e-02 1.385907e-01 9.881848e-01
    outer loop
      vertex   2.365554e-02 5.578158e-02 9.951057e-02
      vertex   2.123002e-02 5.343722e-02 1.000000e-01
      vertex   2.777981e-02 5.034413e-02 1.000000e-01
    endloop
  endfacet
  facet normal -7.027089e-02 1.102986e-01 9.914112e-01
    outer loop
      vertex   -3.541417e-02 4.854304e-02 9.965926e-02
      vertex   -3.388877e-02 4.645214e-02 1.000000e-01
      vertex   -2.777981e-02 5.034413e-02 1.000000e-01
    endloop
  endfacet
  facet normal -7.836635e-01 6.193987e-01 4.708288e-02
    outer loop
      vertex   -5.128435e-02 4.388797e-02 9.002460e-02
      vertex   -5.453077e-02 3.978247e-02 9.000000e-02
      vertex   -5.235794e-02 4.241442e-02 9.154073e-02
    endloop
  endfacet
  facet normal -8.007258e-01 5.846376e-01 1.305262e-01
    outer loop
      vertex   -5.235794e-02 4.241442e-02 9.154073e-02
      vertex   -5.453077e-02 3.978247e-02 9.000000e-02
      vertex   -5.425550e-02 3.958164e-02 9.258819e-02
    endloop
  endfacet
  facet normal -7.678909e-01 5.986588e-01 2.279280e-01
    outer loop
      vertex   -5.235794e-02 4.241442e-02 9.154073e-02
      vertex   -5.425550e-02 3.958164e-02 9.258819e-02
      vertex   -5.209350e-02 4.218539e-02 9.303318e-02
    endloop
  endfacet
  facet normal -7.418799e-01 5.506142e-01 3.826724e-01
    outer loop
      vertex   -5.209350e-02 4.218539e-02 9.303318e-02
      vertex   -5.425550e-02 3.958164e-02 9.258819e-02
      vertex   -5.344844e-02 3.899286e-02 9.500000e-02
    endloop
  endfacet
  facet normal -7.483714e-01 5.479101e-01 3.738112e-01
    outer loop
      vertex   -5.209350e-02 4.218539e-02 9.303318e-02
      vertex   -5.344844e-02 3.899286e-02 9.500000e-02
      vertex   -5.165433e-02 4.181551e-02 9.445454e-02
    endloop
  endfacet
  facet normal -6.770883e-01 5.291866e-01 5.113835e-01
    outer loop
      vertex   -5.165433e-02 4.181551e-02 9.445454e-02
      vertex   -5.344844e-02 3.899286e-02 9.500000e-02
      vertex   -5.105143e-02 4.131401e-02 9.577176e-02
    endloop
  endfacet
  facet normal -6.550689e-01 5.560684e-01 5.115394e-01
    outer loop
      vertex   -5.165433e-02 4.181551e-02 9.445454e-02
      vertex   -5.105143e-02 4.131401e-02 9.577176e-02
      vertex   -4.948653e-02 4.440746e-02 9.441303e-02
    endloop
  endfacet
  facet normal -6.611466e-01 5.558081e-01 5.039469e-01
    outer loop
      vertex   -4.948653e-02 4.440746e-02 9.441303e-02
      vertex   -5.105143e-02 4.131401e-02 9.577176e-02
      vertex   -4.892607e-02 4.389264e-02 9.571611e-02
    endloop
  endfacet
  facet normal -6.287273e-01 5.919479e-01 5.042814e-01
    outer loop
      vertex   -4.948653e-02 4.440746e-02 9.441303e-02
      vertex   -4.892607e-02 4.389264e-02 9.571611e-02
      vertex   -4.715964e-02 4.688896e-02 9.440124e-02
    endloop
  endfacet
  facet normal -6.310570e-01 5.920090e-01 5.012907e-01
    outer loop
      vertex   -4.715964e-02 4.688896e-02 9.440124e-02
      vertex   -4.892607e-02 4.389264e-02 9.571611e-02
      vertex   -4.662670e-02 4.635829e-02 9.569884e-02
    endloop
  endfacet
  facet normal -5.971048e-01 6.262052e-01 5.013311e-01
    outer loop
      vertex   -4.715964e-02 4.688896e-02 9.440124e-02
      vertex   -4.662670e-02 4.635829e-02 9.569884e-02
      vertex   -4.469214e-02 4.923373e-02 9.441132e-02
    endloop
  endfacet
  facet normal -5.953293e-01 6.260440e-01 5.036387e-01
    outer loop
      vertex   -4.469214e-02 4.923373e-02 9.441132e-02
      vertex   -4.662670e-02 4.635829e-02 9.569884e-02
      vertex   -4.417578e-02 4.867742e-02 9.571320e-02
    endloop
  endfacet
  facet normal -5.619092e-01 6.564177e-01 5.033625e-01
    outer loop
      vertex   -4.469214e-02 4.923373e-02 9.441132e-02
      vertex   -4.417578e-02 4.867742e-02 9.571320e-02
      vertex   -4.196340e-02 5.153820e-02 9.445225e-02
    endloop
  endfacet
  facet normal -5.562535e-01 6.553823e-01 5.109365e-01
    outer loop
      vertex   -4.196340e-02 5.153820e-02 9.445225e-02
      vertex   -4.417578e-02 4.867742e-02 9.571320e-02
      vertex   -4.146105e-02 5.093856e-02 9.576833e-02
    endloop
  endfacet
  facet normal -5.296625e-01 6.772085e-01 5.107312e-01
    outer loop
      vertex   -4.196340e-02 5.153820e-02 9.445225e-02
      vertex   -4.146105e-02 5.093856e-02 9.576833e-02
      vertex   -3.899286e-02 5.344844e-02 9.500000e-02
    endloop
  endfacet
  facet normal -4.645138e-01 6.431499e-01 6.087571e-01
    outer loop
      vertex   -3.899286e-02 5.344844e-02 9.500000e-02
      vertex   -4.146105e-02 5.093856e-02 9.576833e-02
      vertex   -3.805624e-02 5.216460e-02 9.707107e-02
    endloop
  endfacet
  facet normal -4.650859e-01 6.158033e-01 6.359886e-01
    outer loop
      vertex   -3.805624e-02 5.216460e-02 9.707107e-02
      vertex   -4.146105e-02 5.093856e-02 9.576833e-02
      vertex   -4.083816e-02 5.018933e-02 9.694928e-02
    endloop
  endfacet
  facet normal -4.067636e-01 5.268623e-01 7.462972e-01
    outer loop
      vertex   -3.805624e-02 5.216460e-02 9.707107e-02
      vertex   -4.083816e-02 5.018933e-02 9.694928e-02
      vertex   -4.010979e-02 4.930863e-02 9.796802e-02
    endloop
  endfacet
  facet normal -4.274241e-01 5.099824e-01 7.464761e-01
    outer loop
      vertex   -4.010979e-02 4.930863e-02 9.796802e-02
      vertex   -4.083816e-02 5.018933e-02 9.694928e-02
      vertex   -4.278191e-02 4.716345e-02 9.790355e-02
    endloop
  endfacet
  facet normal -3.605992e-01 4.242123e-01 8.306697e-01
    outer loop
      vertex   -4.010979e-02 4.930863e-02 9.796802e-02
      vertex   -4.278191e-02 4.716345e-02 9.790355e-02
      vertex   -4.193612e-02 4.624023e-02 9.874219e-02
    endloop
  endfacet
  facet normal -3.818200e-01 4.049083e-01 8.308205e-01
    outer loop
      vertex   -4.193612e-02 4.624023e-02 9.874219e-02
      vertex   -4.278191e-02 4.716345e-02 9.790355e-02
      vertex   -4.429996e-02 4.404300e-02 9.872668e-02
    endloop
  endfacet
  facet normal -2.963436e-01 3.124447e-01 9.025291e-01
    outer loop
      vertex   -4.193612e-02 4.624023e-02 9.874219e-02
      vertex   -4.429996e-02 4.404300e-02 9.872668e-02
      vertex   -4.334020e-02 4.308832e-02 9.937231e-02
    endloop
  endfacet
  facet normal -3.170244e-01 2.916153e-01 9.024722e-01
    outer loop
      vertex   -4.334020e-02 4.308832e-02 9.937231e-02
      vertex   -4.429996e-02 4.404300e-02 9.872668e-02
      vertex   -4.545685e-02 4.074520e-02 9.938590e-02
    endloop
  endfacet
  facet normal -2.072205e-01 1.927530e-01 9.591173e-01
    outer loop
      vertex   -4.334020e-02 4.308832e-02 9.937231e-02
      vertex   -4.545685e-02 4.074520e-02 9.938590e-02
      vertex   -4.438176e-02 3.977620e-02 9.981292e-02
    endloop
  endfacet
  facet normal -2.245624e-01 1.734185e-01 9.589045e-01
    outer loop
      vertex   -4.438176e-02 3.977620e-02 9.981292e-02
      vertex   -4.545685e-02 4.074520e-02 9.938590e-02
      vertex   -4.618477e-02 3.733149e-02 9.983280e-02
    endloop
  endfacet
  facet normal -9.904748e-02 8.111677e-02 9.917710e-01
    outer loop
      vertex   -4.438176e-02 3.977620e-02 9.981292e-02
      vertex   -4.618477e-02 3.733149e-02 9.983280e-02
      vertex   -4.412168e-02 3.765601e-02 1.000123e-01
    endloop
  endfacet
  facet normal -9.522888e-02 5.566443e-02 9.938978e-01
    outer loop
      vertex   -4.412168e-02 3.765601e-02 1.000123e-01
      vertex   -4.618477e-02 3.733149e-02 9.983280e-02
      vertex   -4.645214e-02 3.388877e-02 1.000000e-01
    endloop
  endfacet
  facet normal -1.196279e-01 5.742618e-02 9.911566e-01
    outer loop
      vertex   -4.645214e-02 3.388877e-02 1.000000e-01
      vertex   -4.618477e-02 3.733149e-02 9.983280e-02
      vertex   -4.854304e-02 3.541417e-02 9.965926e-02
    endloop
  endfacet
  facet normal -2.051831e-01 1.650520e-01 9.647060e-01
    outer loop
      vertex   -4.854304e-02 3.541417e-02 9.965926e-02
      vertex   -4.618477e-02 3.733149e-02 9.983280e-02
      vertex   -4.733197e-02 3.826474e-02 9.942914e-02
    endloop
  endfacet
  facet normal -3.200237e-01 2.105339e-01 9.237209e-01
    outer loop
      vertex   -4.854304e-02 3.541417e-02 9.965926e-02
      vertex   -4.733197e-02 3.826474e-02 9.942914e-02
      vertex   -5.049146e-02 3.683562e-02 9.866025e-02
    endloop
  endfacet
  facet normal -3.306288e-01 2.398723e-01 9.127682e-01
    outer loop
      vertex   -5.049146e-02 3.683562e-02 9.866025e-02
      vertex   -4.733197e-02 3.826474e-02 9.942914e-02
      vertex   -4.841652e-02 3.914946e-02 9.880378e-02
    endloop
  endfacet
  facet normal -4.287756e-01 3.323966e-01 8.400381e-01
    outer loop
      vertex   -5.049146e-02 3.683562e-02 9.866025e-02
      vertex   -4.841652e-02 3.914946e-02 9.880378e-02
      vertex   -4.941325e-02 3.996511e-02 9.797228e-02
    endloop
  endfacet
  facet normal -4.144163e-01 3.500010e-01 8.400943e-01
    outer loop
      vertex   -4.941325e-02 3.996511e-02 9.797228e-02
      vertex   -4.841652e-02 3.914946e-02 9.880378e-02
      vertex   -4.740082e-02 4.250368e-02 9.790738e-02
    endloop
  endfacet
  facet normal -5.195038e-01 4.306974e-01 7.379807e-01
    outer loop
      vertex   -4.941325e-02 3.996511e-02 9.797228e-02
      vertex   -4.740082e-02 4.250368e-02 9.790738e-02
      vertex   -4.822535e-02 4.325304e-02 9.688961e-02
    endloop
  endfacet
  facet normal -4.917139e-01 4.616866e-01 7.382838e-01
    outer loop
      vertex   -4.822535e-02 4.325304e-02 9.688961e-02
      vertex   -4.740082e-02 4.250368e-02 9.790738e-02
      vertex   -4.596187e-02 4.569655e-02 9.686910e-02
    endloop
  endfacet
  facet normal -5.699029e-01 5.331660e-01 6.252556e-01
    outer loop
      vertex   -4.822535e-02 4.325304e-02 9.688961e-02
      vertex   -4.596187e-02 4.569655e-02 9.686910e-02
      vertex   -4.662670e-02 4.635829e-02 9.569884e-02
    endloop
  endfacet
  facet normal -5.382910e-01 5.650113e-01 6.253040e-01
    outer loop
      vertex   -4.662670e-02 4.635829e-02 9.569884e-02
      vertex   -4.596187e-02 4.569655e-02 9.686910e-02
      vertex   -4.417578e-02 4.867742e-02 9.571320e-02
    endloop
  endfacet
  facet normal -6.442884e-01 4.629407e-01 6.087514e-01
    outer loop
      vertex   -5.344844e-02 3.899286e-02 9.500000e-02
      vertex   -5.216460e-02 3.805624e-02 9.707107e-02
      vertex   -5.105143e-02 4.131401e-02 9.577176e-02
    endloop
  endfacet
  facet normal -6.156444e-01 4.643049e-01 6.367126e-01
    outer loop
      vertex   -5.105143e-02 4.131401e-02 9.577176e-02
      vertex   -5.216460e-02 3.805624e-02 9.707107e-02
      vertex   -5.029832e-02 4.069220e-02 9.695340e-02
    endloop
  endfacet
  facet normal -5.880156e-01 4.984049e-01 6.370480e-01
    outer loop
      vertex   -5.105143e-02 4.131401e-02 9.577176e-02
      vertex   -5.029832e-02 4.069220e-02 9.695340e-02
      vertex   -4.892607e-02 4.389264e-02 9.571611e-02
    endloop
  endfacet
  facet normal -5.969371e-01 4.988613e-01 6.283339e-01
    outer loop
      vertex   -4.892607e-02 4.389264e-02 9.571611e-02
      vertex   -5.029832e-02 4.069220e-02 9.695340e-02
      vertex   -4.822535e-02 4.325304e-02 9.688961e-02
    endloop
  endfacet
  facet normal -5.665489e-01 5.327429e-01 6.286551e-01
    outer loop
      vertex   -4.892607e-02 4.389264e-02 9.571611e-02
      vertex   -4.822535e-02 4.325304e-02 9.688961e-02
      vertex   -4.662670e-02 4.635829e-02 9.569884e-02
    endloop
  endfacet
  facet normal -5.263971e-01 4.060410e-01 7.470186e-01
    outer loop
      vertex   -5.029832e-02 4.069220e-02 9.695340e-02
      vertex   -5.216460e-02 3.805624e-02 9.707107e-02
      vertex   -4.941325e-02 3.996511e-02 9.797228e-02
    endloop
  endfacet
  facet normal -5.004511e-01 3.468091e-01 7.932667e-01
    outer loop
      vertex   -4.941325e-02 3.996511e-02 9.797228e-02
      vertex   -5.216460e-02 3.805624e-02 9.707107e-02
      vertex   -5.049146e-02 3.683562e-02 9.866025e-02
    endloop
  endfacet
  facet normal -9.932526e-02 8.108037e-02 9.917462e-01
    outer loop
      vertex   -4.412168e-02 3.765601e-02 1.000123e-01
      vertex   -4.115037e-02 4.115035e-02 1.000242e-01
      vertex   -4.438176e-02 3.977620e-02 9.981292e-02
    endloop
  endfacet
  facet normal -1.059927e-01 9.708671e-02 9.896159e-01
    outer loop
      vertex   -4.438176e-02 3.977620e-02 9.981292e-02
      vertex   -4.115037e-02 4.115035e-02 1.000242e-01
      vertex   -4.232263e-02 4.207628e-02 9.980781e-02
    endloop
  endfacet
  facet normal -2.155039e-01 1.950528e-01 9.568242e-01
    outer loop
      vertex   -4.438176e-02 3.977620e-02 9.981292e-02
      vertex   -4.232263e-02 4.207628e-02 9.980781e-02
      vertex   -4.334020e-02 4.308832e-02 9.937231e-02
    endloop
  endfacet
  facet normal -1.995292e-01 2.111366e-01 9.568748e-01
    outer loop
      vertex   -4.334020e-02 4.308832e-02 9.937231e-02
      vertex   -4.232263e-02 4.207628e-02 9.980781e-02
      vertex   -4.101619e-02 4.523358e-02 9.938357e-02
    endloop
  endfacet
  facet normal -2.910559e-01 3.105624e-01 9.048964e-01
    outer loop
      vertex   -4.334020e-02 4.308832e-02 9.937231e-02
      vertex   -4.101619e-02 4.523358e-02 9.938357e-02
      vertex   -4.193612e-02 4.624023e-02 9.874219e-02
    endloop
  endfacet
  facet normal -2.751096e-01 3.250674e-01 9.047905e-01
    outer loop
      vertex   -4.193612e-02 4.624023e-02 9.874219e-02
      vertex   -4.101619e-02 4.523358e-02 9.938357e-02
      vertex   -3.929263e-02 4.831662e-02 9.879997e-02
    endloop
  endfacet
  facet normal -3.468936e-01 4.182751e-01 8.394705e-01
    outer loop
      vertex   -4.193612e-02 4.624023e-02 9.874219e-02
      vertex   -3.929263e-02 4.831662e-02 9.879997e-02
      vertex   -4.010979e-02 4.930863e-02 9.796802e-02
    endloop
  endfacet
  facet normal -3.327425e-01 4.298377e-01 8.393581e-01
    outer loop
      vertex   -4.010979e-02 4.930863e-02 9.796802e-02
      vertex   -3.929263e-02 4.831662e-02 9.879997e-02
      vertex   -3.683562e-02 5.049146e-02 9.866025e-02
    endloop
  endfacet
  facet normal -3.481613e-01 4.994821e-01 7.932851e-01
    outer loop
      vertex   -4.010979e-02 4.930863e-02 9.796802e-02
      vertex   -3.683562e-02 5.049146e-02 9.866025e-02
      vertex   -3.805624e-02 5.216460e-02 9.707107e-02
    endloop
  endfacet
  facet normal -9.901371e-02 1.058806e-01 9.894370e-01
    outer loop
      vertex   -4.232263e-02 4.207628e-02 9.980781e-02
      vertex   -4.115037e-02 4.115035e-02 1.000242e-01
      vertex   -4.004277e-02 4.416607e-02 9.981233e-02
    endloop
  endfacet
  facet normal -8.188526e-02 9.974438e-02 9.916380e-01
    outer loop
      vertex   -4.004277e-02 4.416607e-02 9.981233e-02
      vertex   -4.115037e-02 4.115035e-02 1.000242e-01
      vertex   -3.765532e-02 4.412754e-02 1.000133e-01
    endloop
  endfacet
  facet normal -8.189894e-02 9.918448e-02 9.916930e-01
    outer loop
      vertex   -4.004277e-02 4.416607e-02 9.981233e-02
      vertex   -3.765532e-02 4.412754e-02 1.000133e-01
      vertex   -3.747090e-02 4.609466e-02 9.983184e-02
    endloop
  endfacet
  facet normal -5.632656e-02 9.697151e-02 9.936920e-01
    outer loop
      vertex   -3.747090e-02 4.609466e-02 9.983184e-02
      vertex   -3.765532e-02 4.412754e-02 1.000133e-01
      vertex   -3.388877e-02 4.645214e-02 1.000000e-01
    endloop
  endfacet
  facet normal -5.839945e-02 1.189224e-01 9.911846e-01
    outer loop
      vertex   -3.747090e-02 4.609466e-02 9.983184e-02
      vertex   -3.388877e-02 4.645214e-02 1.000000e-01
      vertex   -3.541417e-02 4.854304e-02 9.965926e-02
    endloop
  endfacet
  facet normal -1.653431e-01 2.068637e-01 9.642972e-01
    outer loop
      vertex   -3.747090e-02 4.609466e-02 9.983184e-02
      vertex   -3.541417e-02 4.854304e-02 9.965926e-02
      vertex   -3.840615e-02 4.723696e-02 9.942642e-02
    endloop
  endfacet
  facet normal -2.113335e-01 3.194488e-01 9.237373e-01
    outer loop
      vertex   -3.840615e-02 4.723696e-02 9.942642e-02
      vertex   -3.541417e-02 4.854304e-02 9.965926e-02
      vertex   -3.683562e-02 5.049146e-02 9.866025e-02
    endloop
  endfacet
  facet normal -2.412732e-01 3.311805e-01 9.121988e-01
    outer loop
      vertex   -3.840615e-02 4.723696e-02 9.942642e-02
      vertex   -3.683562e-02 5.049146e-02 9.866025e-02
      vertex   -3.929263e-02 4.831662e-02 9.879997e-02
    endloop
  endfacet
  facet normal -5.485962e-01 7.433703e-01 3.826785e-01
    outer loop
      vertex   -3.899286e-02 5.344844e-02 9.500000e-02
      vertex   -3.958164e-02 5.425550e-02 9.258819e-02
      vertex   -4.196340e-02 5.153820e-02 9.445225e-02
    endloop
  endfacet
  facet normal -5.554178e-01 7.430068e-01 3.734326e-01
    outer loop
      vertex   -4.196340e-02 5.153820e-02 9.445225e-02
      vertex   -3.958164e-02 5.425550e-02 9.258819e-02
      vertex   -4.233396e-02 5.197482e-02 9.303238e-02
    endloop
  endfacet
  facet normal -6.016475e-01 7.057687e-01 3.740465e-01
    outer loop
      vertex   -4.196340e-02 5.153820e-02 9.445225e-02
      vertex   -4.233396e-02 5.197482e-02 9.303238e-02
      vertex   -4.469214e-02 4.923373e-02 9.441132e-02
    endloop
  endfacet
  facet normal -6.052102e-01 7.058457e-01 3.681067e-01
    outer loop
      vertex   -4.469214e-02 4.923373e-02 9.441132e-02
      vertex   -4.233396e-02 5.197482e-02 9.303238e-02
      vertex   -4.507188e-02 4.963875e-02 9.301035e-02
    endloop
  endfacet
  facet normal -6.411870e-01 6.731660e-01 3.684110e-01
    outer loop
      vertex   -4.469214e-02 4.923373e-02 9.441132e-02
      vertex   -4.507188e-02 4.963875e-02 9.301035e-02
      vertex   -4.715964e-02 4.688896e-02 9.440124e-02
    endloop
  endfacet
  facet normal -6.423041e-01 6.730941e-01 3.665920e-01
    outer loop
      vertex   -4.715964e-02 4.688896e-02 9.440124e-02
      vertex   -4.507188e-02 4.963875e-02 9.301035e-02
      vertex   -4.754922e-02 4.727714e-02 9.300592e-02
    endloop
  endfacet
  facet normal -6.778230e-01 6.373305e-01 3.665595e-01
    outer loop
      vertex   -4.715964e-02 4.688896e-02 9.440124e-02
      vertex   -4.754922e-02 4.727714e-02 9.300592e-02
      vertex   -4.948653e-02 4.440746e-02 9.441303e-02
    endloop
  endfacet
  facet normal -6.763577e-01 6.375108e-01 3.689447e-01
    outer loop
      vertex   -4.948653e-02 4.440746e-02 9.441303e-02
      vertex   -4.754922e-02 4.727714e-02 9.300592e-02
      vertex   -4.989453e-02 4.478628e-02 9.301049e-02
    endloop
  endfacet
  facet normal -7.101514e-01 5.998476e-01 3.686026e-01
    outer loop
      vertex   -4.948653e-02 4.440746e-02 9.441303e-02
      vertex   -4.989453e-02 4.478628e-02 9.301049e-02
      vertex   -5.165433e-02 4.181551e-02 9.445454e-02
    endloop
  endfacet
  facet normal -7.064416e-01 6.005421e-01 3.745524e-01
    outer loop
      vertex   -5.165433e-02 4.181551e-02 9.445454e-02
      vertex   -4.989453e-02 4.478628e-02 9.301049e-02
      vertex   -5.209350e-02 4.218539e-02 9.303318e-02
    endloop
  endfacet
  facet normal -5.992820e-01 7.675245e-01 2.275240e-01
    outer loop
      vertex   -4.233396e-02 5.197482e-02 9.303238e-02
      vertex   -3.958164e-02 5.425550e-02 9.258819e-02
      vertex   -4.256348e-02 5.223752e-02 9.154167e-02
    endloop
  endfacet
  facet normal -5.866910e-01 7.992226e-01 1.305256e-01
    outer loop
      vertex   -4.256348e-02 5.223752e-02 9.154167e-02
      vertex   -3.958164e-02 5.425550e-02 9.258819e-02
      vertex   -3.978247e-02 5.453077e-02 9.000000e-02
    endloop
  endfacet
  facet normal -6.193246e-01 7.836372e-01 4.847458e-02
    outer loop
      vertex   -4.256348e-02 5.223752e-02 9.154167e-02
      vertex   -3.978247e-02 5.453077e-02 9.000000e-02
      vertex   -4.388802e-02 5.128442e-02 9.002670e-02
    endloop
  endfacet
  facet normal -6.487092e-01 7.554689e-01 9.188651e-02
    outer loop
      vertex   -4.256348e-02 5.223752e-02 9.154167e-02
      vertex   -4.388802e-02 5.128442e-02 9.002670e-02
      vertex   -4.530585e-02 4.988267e-02 9.154179e-02
    endloop
  endfacet
  facet normal -6.783781e-01 7.334113e-01 4.371485e-02
    outer loop
      vertex   -4.530585e-02 4.988267e-02 9.154179e-02
      vertex   -4.388802e-02 5.128442e-02 9.002670e-02
      vertex   -4.772971e-02 4.772971e-02 9.004840e-02
    endloop
  endfacet
  facet normal -6.885670e-01 7.209407e-01 7.823027e-02
    outer loop
      vertex   -4.530585e-02 4.988267e-02 9.154179e-02
      vertex   -4.772971e-02 4.772971e-02 9.004840e-02
      vertex   -4.778612e-02 4.751354e-02 9.154396e-02
    endloop
  endfacet
  facet normal -7.253500e-01 6.846468e-01 7.159703e-02
    outer loop
      vertex   -4.778612e-02 4.751354e-02 9.154396e-02
      vertex   -4.772971e-02 4.772971e-02 9.004840e-02
      vertex   -5.014018e-02 4.501993e-02 9.154012e-02
    endloop
  endfacet
  facet normal -7.087428e-01 6.687334e-01 2.246759e-01
    outer loop
      vertex   -4.778612e-02 4.751354e-02 9.154396e-02
      vertex   -5.014018e-02 4.501993e-02 9.154012e-02
      vertex   -4.989453e-02 4.478628e-02 9.301049e-02
    endloop
  endfacet
  facet normal -7.432151e-01 6.303227e-01 2.243314e-01
    outer loop
      vertex   -4.989453e-02 4.478628e-02 9.301049e-02
      vertex   -5.014018e-02 4.501993e-02 9.154012e-02
      vertex   -5.209350e-02 4.218539e-02 9.303318e-02
    endloop
  endfacet
  facet normal -7.333327e-01 6.782394e-01 4.705825e-02
    outer loop
      vertex   -4.772971e-02 4.772971e-02 9.004840e-02
      vertex   -5.128435e-02 4.388797e-02 9.002460e-02
      vertex   -5.014018e-02 4.501993e-02 9.154012e-02
    endloop
  endfacet
  facet normal -7.583680e-01 6.455288e-01 9.039106e-02
    outer loop
      vertex   -5.014018e-02 4.501993e-02 9.154012e-02
      vertex   -5.128435e-02 4.388797e-02 9.002460e-02
      vertex   -5.235794e-02 4.241442e-02 9.154073e-02
    endloop
  endfacet
  facet normal -7.413756e-01 6.310970e-01 2.282078e-01
    outer loop
      vertex   -5.014018e-02 4.501993e-02 9.154012e-02
      vertex   -5.235794e-02 4.241442e-02 9.154073e-02
      vertex   -5.209350e-02 4.218539e-02 9.303318e-02
    endloop
  endfacet
  facet normal -2.017198e-01 1.693063e-01 9.646992e-01
    outer loop
      vertex   -4.618477e-02 3.733149e-02 9.983280e-02
      vertex   -4.545685e-02 4.074520e-02 9.938590e-02
      vertex   -4.733197e-02 3.826474e-02 9.942914e-02
    endloop
  endfacet
  facet normal -3.312029e-01 2.661534e-01 9.052442e-01
    outer loop
      vertex   -4.733197e-02 3.826474e-02 9.942914e-02
      vertex   -4.545685e-02 4.074520e-02 9.938590e-02
      vertex   -4.647081e-02 4.166123e-02 9.874560e-02
    endloop
  endfacet
  facet normal -3.120160e-01 2.628482e-01 9.129934e-01
    outer loop
      vertex   -4.733197e-02 3.826474e-02 9.942914e-02
      vertex   -4.647081e-02 4.166123e-02 9.874560e-02
      vertex   -4.841652e-02 3.914946e-02 9.880378e-02
    endloop
  endfacet
  facet normal -4.300039e-01 3.523524e-01 8.312307e-01
    outer loop
      vertex   -4.841652e-02 3.914946e-02 9.880378e-02
      vertex   -4.647081e-02 4.166123e-02 9.874560e-02
      vertex   -4.740082e-02 4.250368e-02 9.790738e-02
    endloop
  endfacet
  facet normal -5.073966e-01 4.293389e-01 7.471390e-01
    outer loop
      vertex   -4.822535e-02 4.325304e-02 9.688961e-02
      vertex   -5.029832e-02 4.069220e-02 9.695340e-02
      vertex   -4.941325e-02 3.996511e-02 9.797228e-02
    endloop
  endfacet
  facet normal -3.100289e-01 2.897652e-01 9.054934e-01
    outer loop
      vertex   -4.545685e-02 4.074520e-02 9.938590e-02
      vertex   -4.429996e-02 4.404300e-02 9.872668e-02
      vertex   -4.647081e-02 4.166123e-02 9.874560e-02
    endloop
  endfacet
  facet normal -4.110538e-01 3.812289e-01 8.280696e-01
    outer loop
      vertex   -4.647081e-02 4.166123e-02 9.874560e-02
      vertex   -4.429996e-02 4.404300e-02 9.872668e-02
      vertex   -4.518057e-02 4.491909e-02 9.788621e-02
    endloop
  endfacet
  facet normal -4.053292e-01 3.798691e-01 8.315093e-01
    outer loop
      vertex   -4.647081e-02 4.166123e-02 9.874560e-02
      vertex   -4.518057e-02 4.491909e-02 9.788621e-02
      vertex   -4.740082e-02 4.250368e-02 9.790738e-02
    endloop
  endfacet
  facet normal -4.962047e-01 4.625541e-01 7.347276e-01
    outer loop
      vertex   -4.740082e-02 4.250368e-02 9.790738e-02
      vertex   -4.518057e-02 4.491909e-02 9.788621e-02
      vertex   -4.596187e-02 4.569655e-02 9.686910e-02
    endloop
  endfacet
  facet normal -7.095112e-01 6.684591e-01 2.230611e-01
    outer loop
      vertex   -4.778612e-02 4.751354e-02 9.154396e-02
      vertex   -4.989453e-02 4.478628e-02 9.301049e-02
      vertex   -4.754922e-02 4.727714e-02 9.300592e-02
    endloop
  endfacet
  facet normal -1.932870e-01 2.087946e-01 9.586683e-01
    outer loop
      vertex   -4.232263e-02 4.207628e-02 9.980781e-02
      vertex   -4.004277e-02 4.416607e-02 9.981233e-02
      vertex   -4.101619e-02 4.523358e-02 9.938357e-02
    endloop
  endfacet
  facet normal -1.831090e-01 2.180505e-01 9.586058e-01
    outer loop
      vertex   -4.101619e-02 4.523358e-02 9.938357e-02
      vertex   -4.004277e-02 4.416607e-02 9.981233e-02
      vertex   -3.840615e-02 4.723696e-02 9.942642e-02
    endloop
  endfacet
  facet normal -2.584648e-01 3.172129e-01 9.124538e-01
    outer loop
      vertex   -4.101619e-02 4.523358e-02 9.938357e-02
      vertex   -3.840615e-02 4.723696e-02 9.942642e-02
      vertex   -3.929263e-02 4.831662e-02 9.879997e-02
    endloop
  endfacet
  facet normal -1.635410e-01 2.083358e-01 9.642876e-01
    outer loop
      vertex   -3.747090e-02 4.609466e-02 9.983184e-02
      vertex   -3.840615e-02 4.723696e-02 9.942642e-02
      vertex   -4.004277e-02 4.416607e-02 9.981233e-02
    endloop
  endfacet
  facet normal -3.861582e-01 4.063084e-01 8.281276e-01
    outer loop
      vertex   -4.518057e-02 4.491909e-02 9.788621e-02
      vertex   -4.429996e-02 4.404300e-02 9.872668e-02
      vertex   -4.278191e-02 4.716345e-02 9.790355e-02
    endloop
  endfacet
  facet normal -4.676200e-01 4.913518e-01 7.347823e-01
    outer loop
      vertex   -4.596187e-02 4.569655e-02 9.686910e-02
      vertex   -4.518057e-02 4.491909e-02 9.788621e-02
      vertex   -4.353403e-02 4.798190e-02 9.688597e-02
    endloop
  endfacet
  facet normal -4.642094e-01 4.904250e-01 7.375588e-01
    outer loop
      vertex   -4.353403e-02 4.798190e-02 9.688597e-02
      vertex   -4.518057e-02 4.491909e-02 9.788621e-02
      vertex   -4.278191e-02 4.716345e-02 9.790355e-02
    endloop
  endfacet
  facet normal -4.382331e-01 5.140515e-01 7.373621e-01
    outer loop
      vertex   -4.353403e-02 4.798190e-02 9.688597e-02
      vertex   -4.278191e-02 4.716345e-02 9.790355e-02
      vertex   -4.083816e-02 5.018933e-02 9.694928e-02
    endloop
  endfacet
  facet normal -5.056902e-01 5.918288e-01 6.277070e-01
    outer loop
      vertex   -4.146105e-02 5.093856e-02 9.576833e-02
      vertex   -4.417578e-02 4.867742e-02 9.571320e-02
      vertex   -4.353403e-02 4.798190e-02 9.688597e-02
    endloop
  endfacet
  facet normal -5.357388e-01 5.645066e-01 6.279460e-01
    outer loop
      vertex   -4.353403e-02 4.798190e-02 9.688597e-02
      vertex   -4.417578e-02 4.867742e-02 9.571320e-02
      vertex   -4.596187e-02 4.569655e-02 9.686910e-02
    endloop
  endfacet
  facet normal -4.975788e-01 5.894245e-01 6.363914e-01
    outer loop
      vertex   -4.146105e-02 5.093856e-02 9.576833e-02
      vertex   -4.353403e-02 4.798190e-02 9.688597e-02
      vertex   -4.083816e-02 5.018933e-02 9.694928e-02
    endloop
  endfacet
  facet normal -6.732104e-01 7.049964e-01 2.230872e-01
    outer loop
      vertex   -4.778612e-02 4.751354e-02 9.154396e-02
      vertex   -4.754922e-02 4.727714e-02 9.300592e-02
      vertex   -4.530585e-02 4.988267e-02 9.154179e-02
    endloop
  endfacet
  facet normal -6.726279e-01 7.051707e-01 2.242899e-01
    outer loop
      vertex   -4.530585e-02 4.988267e-02 9.154179e-02
      vertex   -4.754922e-02 4.727714e-02 9.300592e-02
      vertex   -4.507188e-02 4.963875e-02 9.301035e-02
    endloop
  endfacet
  facet normal -6.349123e-01 7.394083e-01 2.239680e-01
    outer loop
      vertex   -4.530585e-02 4.988267e-02 9.154179e-02
      vertex   -4.507188e-02 4.963875e-02 9.301035e-02
      vertex   -4.256348e-02 5.223752e-02 9.154167e-02
    endloop
  endfacet
  facet normal -6.330619e-01 7.398114e-01 2.278414e-01
    outer loop
      vertex   -4.256348e-02 5.223752e-02 9.154167e-02
      vertex   -4.507188e-02 4.963875e-02 9.301035e-02
      vertex   -4.233396e-02 5.197482e-02 9.303238e-02
    endloop
  endfacet
  facet normal -1.102986e-01 7.027089e-02 9.914112e-01
    outer loop
      vertex   -4.645214e-02 3.388877e-02 1.000000e-01
      vertex   -4.854304e-02 3.541417e-02 9.965926e-02
      vertex   -5.034413e-02 2.777981e-02 1.000000e-01
    endloop
  endfacet
  facet normal -1.365831e-01 7.630560e-02 9.876854e-01
    outer loop
      vertex   -5.034413e-02 2.777981e-02 1.000000e-01
      vertex   -4.854304e-02 3.541417e-02 9.965926e-02
      vertex   -5.271080e-02 2.987875e-02 9.951057e-02
    endloop
  endfacet
  facet normal -1.420356e-01 7.008578e-02 9.873773e-01
    outer loop
      vertex   -5.034413e-02 2.777981e-02 1.000000e-01
      vertex   -5.271080e-02 2.987875e-02 9.951057e-02
      vertex   -5.578158e-02 2.365554e-02 9.951057e-02
    endloop
  endfacet
  facet normal -4.076554e-01 2.011528e-01 8.907046e-01
    outer loop
      vertex   -5.578158e-02 2.365554e-02 9.951057e-02
      vertex   -5.271080e-02 2.987875e-02 9.951057e-02
      vertex   -5.513597e-02 3.125344e-02 9.809017e-02
    endloop
  endfacet
  facet normal -4.076554e-01 2.011528e-01 8.907046e-01
    outer loop
      vertex   -5.578158e-02 2.365554e-02 9.951057e-02
      vertex   -5.513597e-02 3.125344e-02 9.809017e-02
      vertex   -5.834802e-02 2.474390e-02 9.809017e-02
    endloop
  endfacet
  facet normal -6.346316e-01 3.131515e-01 7.065259e-01
    outer loop
      vertex   -5.834802e-02 2.474390e-02 9.809017e-02
      vertex   -5.513597e-02 3.125344e-02 9.809017e-02
      vertex   -5.706059e-02 3.234440e-02 9.587785e-02
    endloop
  endfacet
  facet normal -6.346316e-01 3.131515e-01 7.065259e-01
    outer loop
      vertex   -5.834802e-02 2.474390e-02 9.809017e-02
      vertex   -5.706059e-02 3.234440e-02 9.587785e-02
      vertex   -6.038476e-02 2.560763e-02 9.587785e-02
    endloop
  endfacet
  facet normal -7.992968e-01 3.944036e-01 4.533987e-01
    outer loop
      vertex   -6.038476e-02 2.560763e-02 9.587785e-02
      vertex   -5.706059e-02 3.234440e-02 9.587785e-02
      vertex   -5.829627e-02 3.304483e-02 9.309017e-02
    endloop
  endfacet
  facet normal -7.992968e-01 3.944036e-01 4.533987e-01
    outer loop
      vertex   -6.038476e-02 2.560763e-02 9.587785e-02
      vertex   -5.829627e-02 3.304483e-02 9.309017e-02
      vertex   -6.169243e-02 2.616218e-02 9.309017e-02
    endloop
  endfacet
  facet normal -8.857634e-01 4.370696e-01 1.561840e-01
    outer loop
      vertex   -6.169243e-02 2.616218e-02 9.309017e-02
      vertex   -5.829627e-02 3.304483e-02 9.309017e-02
      vertex   -5.872205e-02 3.328619e-02 9.000000e-02
    endloop
  endfacet
  facet normal -8.857634e-01 4.370696e-01 1.561840e-01
    outer loop
      vertex   -6.169243e-02 2.616218e-02 9.309017e-02
      vertex   -5.872205e-02 3.328619e-02 9.000000e-02
      vertex   -6.214302e-02 2.635327e-02 9.000000e-02
    endloop
  endfacet
  facet normal -3.174065e-01 2.141687e-01 9.237883e-01
    outer loop
      vertex   -4.854304e-02 3.541417e-02 9.965926e-02
      vertex   -5.049146e-02 3.683562e-02 9.866025e-02
      vertex   -5.271080e-02 2.987875e-02 9.951057e-02
    endloop
  endfacet
  facet normal -3.896374e-01 2.331984e-01 8.909552e-01
    outer loop
      vertex   -5.271080e-02 2.987875e-02 9.951057e-02
      vertex   -5.049146e-02 3.683562e-02 9.866025e-02
      vertex   -5.513597e-02 3.125344e-02 9.809017e-02
    endloop
  endfacet
  facet normal -5.055568e-01 3.396363e-01 7.931327e-01
    outer loop
      vertex   -5.049146e-02 3.683562e-02 9.866025e-02
      vertex   -5.216460e-02 3.805624e-02 9.707107e-02
      vertex   -5.513597e-02 3.125344e-02 9.809017e-02
    endloop
  endfacet
  facet normal -6.032014e-01 3.693686e-01 7.069052e-01
    outer loop
      vertex   -5.513597e-02 3.125344e-02 9.809017e-02
      vertex   -5.216460e-02 3.805624e-02 9.707107e-02
      vertex   -5.706059e-02 3.234440e-02 9.587785e-02
    endloop
  endfacet
  facet normal -6.608936e-01 4.393986e-01 6.083983e-01
    outer loop
      vertex   -5.216460e-02 3.805624e-02 9.707107e-02
      vertex   -5.344844e-02 3.899286e-02 9.500000e-02
      vertex   -5.706059e-02 3.234440e-02 9.587785e-02
    endloop
  endfacet
  facet normal -7.565576e-01 4.709454e-01 4.536860e-01
    outer loop
      vertex   -5.706059e-02 3.234440e-02 9.587785e-02
      vertex   -5.344844e-02 3.899286e-02 9.500000e-02
      vertex   -5.829627e-02 3.304483e-02 9.309017e-02
    endloop
  endfacet
  facet normal -7.725807e-01 5.069316e-01 3.822818e-01
    outer loop
      vertex   -5.344844e-02 3.899286e-02 9.500000e-02
      vertex   -5.425550e-02 3.958164e-02 9.258819e-02
      vertex   -5.829627e-02 3.304483e-02 9.309017e-02
    endloop
  endfacet
  facet normal -8.347445e-01 5.280014e-01 1.562564e-01
    outer loop
      vertex   -5.829627e-02 3.304483e-02 9.309017e-02
      vertex   -5.425550e-02 3.958164e-02 9.258819e-02
      vertex   -5.872205e-02 3.328619e-02 9.000000e-02
    endloop
  endfacet
  facet normal -8.331233e-01 5.375159e-01 1.303156e-01
    outer loop
      vertex   -5.425550e-02 3.958164e-02 9.258819e-02
      vertex   -5.453077e-02 3.978247e-02 9.000000e-02
      vertex   -5.872205e-02 3.328619e-02 9.000000e-02
    endloop
  endfacet
  facet normal -9.299306e-01 3.329198e-01 1.561840e-01
    outer loop
      vertex   -6.169243e-02 2.616218e-02 9.309017e-02
      vertex   -6.214302e-02 2.635327e-02 9.000000e-02
      vertex   -6.427932e-02 1.893634e-02 9.309017e-02
    endloop
  endfacet
  facet normal -9.299306e-01 3.329198e-01 1.561840e-01
    outer loop
      vertex   -6.427932e-02 1.893634e-02 9.309017e-02
      vertex   -6.214302e-02 2.635327e-02 9.000000e-02
      vertex   -6.474881e-02 1.907464e-02 9.000000e-02
    endloop
  endfacet
  facet normal -9.618991e-01 2.244029e-01 1.561840e-01
    outer loop
      vertex   -6.427932e-02 1.893634e-02 9.309017e-02
      vertex   -6.474881e-02 1.907464e-02 9.000000e-02
      vertex   -6.602300e-02 1.146208e-02 9.309017e-02
    endloop
  endfacet
  facet normal -9.618991e-01 2.244029e-01 1.561840e-01
    outer loop
      vertex   -6.602300e-02 1.146208e-02 9.309017e-02
      vertex   -6.474881e-02 1.907464e-02 9.000000e-02
      vertex   -6.650522e-02 1.154580e-02 9.000000e-02
    endloop
  endfacet
  facet normal -9.812495e-01 1.129422e-01 1.561840e-01
    outer loop
      vertex   -6.602300e-02 1.146208e-02 9.309017e-02
      vertex   -6.650522e-02 1.154580e-02 9.000000e-02
      vertex   -6.690060e-02 3.837475e-03 9.309017e-02
    endloop
  endfacet
  facet normal -9.812495e-01 1.129422e-01 1.561840e-01
    outer loop
      vertex   -6.690060e-02 3.837475e-03 9.309017e-02
      vertex   -6.650522e-02 1.154580e-02 9.000000e-02
      vertex   -6.738923e-02 3.865503e-03 9.000000e-02
    endloop
  endfacet
  facet normal -9.877280e-01 0.000000e+00 1.561840e-01
    outer loop
      vertex   -6.690060e-02 3.837475e-03 9.309017e-02
      vertex   -6.738923e-02 3.865503e-03 9.000000e-02
      vertex   -6.690060e-02 -3.837475e-03 9.309017e-02
    endloop
  endfacet
  facet normal -9.877280e-01 0.000000e+00 1.561840e-01
    outer loop
      vertex   -6.690060e-02 -3.837475e-03 9.309017e-02
      vertex   -6.738923e-02 3.865503e-03 9.000000e-02
      vertex   -6.738923e-02 -3.865503e-03 9.000000e-02
    endloop
  endfacet
  facet normal -9.812495e-01 -1.129422e-01 1.561840e-01
    outer loop
      vertex   -6.690060e-02 -3.837475e-03 9.309017e-02
      vertex   -6.738923e-02 -3.865503e-03 9.000000e-02
      vertex   -6.602300e-02 -1.146208e-02 9.309017e-02
    endloop
  endfacet
  facet normal -9.812495e-01 -1.129422e-01 1.561840e-01
    outer loop
      vertex   -6.602300e-02 -1.146208e-02 9.309017e-02
      vertex   -6.738923e-02 -3.865503e-03 9.000000e-02
      vertex   -6.650522e-02 -1.154580e-02 9.000000e-02
    endloop
  endfacet
  facet normal -9.618991e-01 -2.244029e-01 1.561840e-01
    outer loop
      vertex   -6.602300e-02 -1.146208e-02 9.309017e-02
      vertex   -6.650522e-02 -1.154580e-02 9.000000e-02
      vertex   -6.427932e-02 -1.893634e-02 9.309017e-02
    endloop
  endfacet
  facet normal -9.618991e-01 -2.244029e-01 1.561840e-01
    outer loop
      vertex   -6.427932e-02 -1.893634e-02 9.309017e-02
      vertex   -6.650522e-02 -1.154580e-02 9.000000e-02
      vertex   -6.474881e-02 -1.907464e-02 9.000000e-02
    endloop
  endfacet
  facet normal -9.299306e-01 -3.329198e-01 1.561840e-01
    outer loop
      vertex   -6.427932e-02 -1.893634e-02 9.309017e-02
      vertex   -6.474881e-02 -1.907464e-02 9.000000e-02
      vertex   -6.169243e-02 -2.616218e-02 9.309017e-02
    endloop
  endfacet
  facet normal -9.299306e-01 -3.329198e-01 1.561840e-01
    outer loop
      vertex   -6.169243e-02 -2.616218e-02 9.309017e-02
      vertex   -6.474881e-02 -1.907464e-02 9.000000e-02
      vertex   -6.214302e-02 -2.635327e-02 9.000000e-02
    endloop
  endfacet
  facet normal -8.857634e-01 -4.370696e-01 1.561840e-01
    outer loop
      vertex   -6.169243e-02 -2.616218e-02 9.309017e-02
      vertex   -6.214302e-02 -2.635327e-02 9.000000e-02
      vertex   -5.829627e-02 -3.304483e-02 9.309017e-02
    endloop
  endfacet
  facet normal -8.857634e-01 -4.370696e-01 1.561840e-01
    outer loop
      vertex   -5.829627e-02 -3.304483e-02 9.309017e-02
      vertex   -6.214302e-02 -2.635327e-02 9.000000e-02
      vertex   -5.872205e-02 -3.328619e-02 9.000000e-02
    endloop
  endfacet
  facet normal -8.347445e-01 -5.280014e-01 1.562564e-01
    outer loop
      vertex   -5.829627e-02 -3.304483e-02 9.309017e-02
      vertex   -5.872205e-02 -3.328619e-02 9.000000e-02
      vertex   -5.425550e-02 -3.958164e-02 9.258819e-02
    endloop
  endfacet
  facet normal -8.331233e-01 -5.375159e-01 1.303156e-01
    outer loop
      vertex   -5.425550e-02 -3.958164e-02 9.258819e-02
      vertex   -5.872205e-02 -3.328619e-02 9.000000e-02
      vertex   -5.453077e-02 -3.978247e-02 9.000000e-02
    endloop
  endfacet
  facet normal -7.725807e-01 -5.069316e-01 3.822818e-01
    outer loop
      vertex   -5.425550e-02 -3.958164e-02 9.258819e-02
      vertex   -5.344844e-02 -3.899286e-02 9.500000e-02
      vertex   -5.829627e-02 -3.304483e-02 9.309017e-02
    endloop
  endfacet
  facet normal -7.565576e-01 -4.709454e-01 4.536860e-01
    outer loop
      vertex   -5.829627e-02 -3.304483e-02 9.309017e-02
      vertex   -5.344844e-02 -3.899286e-02 9.500000e-02
      vertex   -5.706059e-02 -3.234440e-02 9.587785e-02
    endloop
  endfacet
  facet normal -7.992968e-01 -3.944036e-01 4.533987e-01
    outer loop
      vertex   -5.829627e-02 -3.304483e-02 9.309017e-02
      vertex   -5.706059e-02 -3.234440e-02 9.587785e-02
      vertex   -6.169243e-02 -2.616218e-02 9.309017e-02
    endloop
  endfacet
  facet normal -7.992968e-01 -3.944036e-01 4.533987e-01
    outer loop
      vertex   -6.169243e-02 -2.616218e-02 9.309017e-02
      vertex   -5.706059e-02 -3.234440e-02 9.587785e-02
      vertex   -6.038476e-02 -2.560763e-02 9.587785e-02
    endloop
  endfacet
  facet normal -8.391525e-01 -3.004208e-01 4.533987e-01
    outer loop
      vertex   -6.169243e-02 -2.616218e-02 9.309017e-02
      vertex   -6.038476e-02 -2.560763e-02 9.587785e-02
      vertex   -6.427932e-02 -1.893634e-02 9.309017e-02
    endloop
  endfacet
  facet normal -8.391525e-01 -3.004208e-01 4.533987e-01
    outer loop
      vertex   -6.427932e-02 -1.893634e-02 9.309017e-02
      vertex   -6.038476e-02 -2.560763e-02 9.587785e-02
      vertex   -6.291682e-02 -1.853495e-02 9.587785e-02
    endloop
  endfacet
  facet normal -8.680003e-01 -2.024971e-01 4.533987e-01
    outer loop
      vertex   -6.427932e-02 -1.893634e-02 9.309017e-02
      vertex   -6.291682e-02 -1.853495e-02 9.587785e-02
      vertex   -6.602300e-02 -1.146208e-02 9.309017e-02
    endloop
  endfacet
  facet normal -8.680003e-01 -2.024971e-01 4.533987e-01
    outer loop
      vertex   -6.602300e-02 -1.146208e-02 9.309017e-02
      vertex   -6.291682e-02 -1.853495e-02 9.587785e-02
      vertex   -6.462354e-02 -1.121913e-02 9.587785e-02
    endloop
  endfacet
  facet normal -8.854618e-01 -1.019170e-01 4.533987e-01
    outer loop
      vertex   -6.602300e-02 -1.146208e-02 9.309017e-02
      vertex   -6.462354e-02 -1.121913e-02 9.587785e-02
      vertex   -6.690060e-02 -3.837475e-03 9.309017e-02
    endloop
  endfacet
  facet normal -8.854618e-01 -1.019170e-01 4.533987e-01
    outer loop
      vertex   -6.690060e-02 -3.837475e-03 9.309017e-02
      vertex   -6.462354e-02 -1.121913e-02 9.587785e-02
      vertex   -6.548253e-02 -3.756133e-03 9.587785e-02
    endloop
  endfacet
  facet normal -8.913078e-01 0.000000e+00 4.533987e-01
    outer loop
      vertex   -6.690060e-02 -3.837475e-03 9.309017e-02
      vertex   -6.548253e-02 -3.756133e-03 9.587785e-02
      vertex   -6.690060e-02 3.837475e-03 9.309017e-02
    endloop
  endfacet
  facet normal -8.913078e-01 0.000000e+00 4.533987e-01
    outer loop
      vertex   -6.690060e-02 3.837475e-03 9.309017e-02
      vertex   -6.548253e-02 -3.756133e-03 9.587785e-02
      vertex   -6.548253e-02 3.756133e-03 9.587785e-02
    endloop
  endfacet
  facet normal -8.854618e-01 1.019170e-01 4.533987e-01
    outer loop
      vertex   -6.690060e-02 3.837475e-03 9.309017e-02
      vertex   -6.548253e-02 3.756133e-03 9.587785e-02
      vertex   -6.602300e-02 1.146208e-02 9.309017e-02
    endloop
  endfacet
  facet normal -8.854618e-01 1.019170e-01 4.533987e-01
    outer loop
      vertex   -6.602300e-02 1.146208e-02 9.309017e-02
      vertex   -6.548253e-02 3.756133e-03 9.587785e-02
      vertex   -6.462354e-02 1.121913e-02 9.587785e-02
    endloop
  endfacet
  facet normal -8.680003e-01 2.024971e-01 4.533987e-01
    outer loop
      vertex   -6.602300e-02 1.146208e-02 9.309017e-02
      vertex   -6.462354e-02 1.121913e-02 9.587785e-02
      vertex   -6.427932e-02 1.893634e-02 9.309017e-02
    endloop
  endfacet
  facet normal -8.680003e-01 2.024971e-01 4.533987e-01
    outer loop
      vertex   -6.427932e-02 1.893634e-02 9.309017e-02
      vertex   -6.462354e-02 1.121913e-02 9.587785e-02
      vertex   -6.291682e-02 1.853495e-02 9.587785e-02
    endloop
  endfacet
  facet normal -8.391525e-01 3.004208e-01 4.533987e-01
    outer loop
      vertex   -6.427932e-02 1.893634e-02 9.309017e-02
      vertex   -6.291682e-02 1.853495e-02 9.587785e-02
      vertex   -6.169243e-02 2.616218e-02 9.309017e-02
    endloop
  endfacet
  facet normal -8.391525e-01 3.004208e-01 4.533987e-01
    outer loop
      vertex   -6.169243e-02 2.616218e-02 9.309017e-02
      vertex   -6.291682e-02 1.853495e-02 9.587785e-02
      vertex   -6.038476e-02 2.560763e-02 9.587785e-02
    endloop
  endfacet
  facet normal -6.608936e-01 -4.393986e-01 6.083983e-01
    outer loop
      vertex   -5.344844e-02 -3.899286e-02 9.500000e-02
      vertex   -5.216460e-02 -3.805624e-02 9.707107e-02
      vertex   -5.706059e-02 -3.234440e-02 9.587785e-02
    endloop
  endfacet
  facet normal -6.032014e-01 -3.693686e-01 7.069052e-01
    outer loop
      vertex   -5.706059e-02 -3.234440e-02 9.587785e-02
      vertex   -5.216460e-02 -3.805624e-02 9.707107e-02
      vertex   -5.513597e-02 -3.125344e-02 9.809017e-02
    endloop
  endfacet
  facet normal -6.346316e-01 -3.131515e-01 7.065259e-01
    outer loop
      vertex   -5.706059e-02 -3.234440e-02 9.587785e-02
      vertex   -5.513597e-02 -3.125344e-02 9.809017e-02
      vertex   -6.038476e-02 -2.560763e-02 9.587785e-02
    endloop
  endfacet
  facet normal -6.346316e-01 -3.131515e-01 7.065259e-01
    outer loop
      vertex   -6.038476e-02 -2.560763e-02 9.587785e-02
      vertex   -5.513597e-02 -3.125344e-02 9.809017e-02
      vertex   -5.834802e-02 -2.474390e-02 9.809017e-02
    endloop
  endfacet
  facet normal -6.662766e-01 -2.385304e-01 7.065259e-01
    outer loop
      vertex   -6.038476e-02 -2.560763e-02 9.587785e-02
      vertex   -5.834802e-02 -2.474390e-02 9.809017e-02
      vertex   -6.291682e-02 -1.853495e-02 9.587785e-02
    endloop
  endfacet
  facet normal -6.662766e-01 -2.385304e-01 7.065259e-01
    outer loop
      vertex   -6.291682e-02 -1.853495e-02 9.587785e-02
      vertex   -5.834802e-02 -2.474390e-02 9.809017e-02
      vertex   -6.079467e-02 -1.790978e-02 9.809017e-02
    endloop
  endfacet
  facet normal -6.891814e-01 -1.607801e-01 7.065259e-01
    outer loop
      vertex   -6.291682e-02 -1.853495e-02 9.587785e-02
      vertex   -6.079467e-02 -1.790978e-02 9.809017e-02
      vertex   -6.462354e-02 -1.121913e-02 9.587785e-02
    endloop
  endfacet
  facet normal -6.891814e-01 -1.607801e-01 7.065259e-01
    outer loop
      vertex   -6.462354e-02 -1.121913e-02 9.587785e-02
      vertex   -6.079467e-02 -1.790978e-02 9.809017e-02
      vertex   -6.244382e-02 -1.084071e-02 9.809017e-02
    endloop
  endfacet
  facet normal -7.030455e-01 -8.092082e-02 7.065259e-01
    outer loop
      vertex   -6.462354e-02 -1.121913e-02 9.587785e-02
      vertex   -6.244382e-02 -1.084071e-02 9.809017e-02
      vertex   -6.548253e-02 -3.756133e-03 9.587785e-02
    endloop
  endfacet
  facet normal -7.030455e-01 -8.092082e-02 7.065259e-01
    outer loop
      vertex   -6.548253e-02 -3.756133e-03 9.587785e-02
      vertex   -6.244382e-02 -1.084071e-02 9.809017e-02
      vertex   -6.327384e-02 -3.629441e-03 9.809017e-02
    endloop
  endfacet
  facet normal -7.076872e-01 0.000000e+00 7.065259e-01
    outer loop
      vertex   -6.548253e-02 -3.756133e-03 9.587785e-02
      vertex   -6.327384e-02 -3.629441e-03 9.809017e-02
      vertex   -6.548253e-02 3.756133e-03 9.587785e-02
    endloop
  endfacet
  facet normal -7.076872e-01 0.000000e+00 7.065259e-01
    outer loop
      vertex   -6.548253e-02 3.756133e-03 9.587785e-02
      vertex   -6.327384e-02 -3.629441e-03 9.809017e-02
      vertex   -6.327384e-02 3.629441e-03 9.809017e-02
    endloop
  endfacet
  facet normal -7.030455e-01 8.092082e-02 7.065259e-01
    outer loop
      vertex   -6.548253e-02 3.756133e-03 9.587785e-02
      vertex   -6.327384e-02 3.629441e-03 9.809017e-02
      vertex   -6.462354e-02 1.121913e-02 9.587785e-02
    endloop
  endfacet
  facet normal -7.030455e-01 8.092082e-02 7.065259e-01
    outer loop
      vertex   -6.462354e-02 1.121913e-02 9.587785e-02
      vertex   -6.327384e-02 3.629441e-03 9.809017e-02
      vertex   -6.244382e-02 1.084071e-02 9.809017e-02
    endloop
  endfacet
  facet normal -6.891814e-01 1.607801e-01 7.065259e-01
    outer loop
      vertex   -6.462354e-02 1.121913e-02 9.587785e-02
      vertex   -6.244382e-02 1.084071e-02 9.809017e-02
      vertex   -6.291682e-02 1.853495e-02 9.587785e-02
    endloop
  endfacet
  facet normal -6.891814e-01 1.607801e-01 7.065259e-01
    outer loop
      vertex   -6.291682e-02 1.853495e-02 9.587785e-02
      vertex   -6.244382e-02 1.084071e-02 9.809017e-02
      vertex   -6.079467e-02 1.790978e-02 9.809017e-02
    endloop
  endfacet
  facet normal -6.662766e-01 2.385304e-01 7.065259e-01
    outer loop
      vertex   -6.291682e-02 1.853495e-02 9.587785e-02
      vertex   -6.079467e-02 1.790978e-02 9.809017e-02
      vertex   -6.038476e-02 2.560763e-02 9.587785e-02
    endloop
  endfacet
  facet normal -6.662766e-01 2.385304e-01 7.065259e-01
    outer loop
      vertex   -6.038476e-02 2.560763e-02 9.587785e-02
      vertex   -6.079467e-02 1.790978e-02 9.809017e-02
      vertex   -5.834802e-02 2.474390e-02 9.809017e-02
    endloop
  endfacet
  facet normal -5.055568e-01 -3.396363e-01 7.931327e-01
    outer loop
      vertex   -5.216460e-02 -3.805624e-02 9.707107e-02
      vertex   -5.049146e-02 -3.683562e-02 9.866025e-02
      vertex   -5.513597e-02 -3.125344e-02 9.809017e-02
    endloop
  endfacet
  facet normal -3.896374e-01 -2.331984e-01 8.909552e-01
    outer loop
      vertex   -5.513597e-02 -3.125344e-02 9.809017e-02
      vertex   -5.049146e-02 -3.683562e-02 9.866025e-02
      vertex   -5.271080e-02 -2.987875e-02 9.951057e-02
    endloop
  endfacet
  facet normal -4.076554e-01 -2.011528e-01 8.907046e-01
    outer loop
      vertex   -5.513597e-02 -3.125344e-02 9.809017e-02
      vertex   -5.271080e-02 -2.987875e-02 9.951057e-02
      vertex   -5.834802e-02 -2.474390e-02 9.809017e-02
    endloop
  endfacet
  facet normal -4.076554e-01 -2.011528e-01 8.907046e-01
    outer loop
      vertex   -5.834802e-02 -2.474390e-02 9.809017e-02
      vertex   -5.271080e-02 -2.987875e-02 9.951057e-02
      vertex   -5.578158e-02 -2.365554e-02 9.951057e-02
    endloop
  endfacet
  facet normal -4.279825e-01 -1.532199e-01 8.907046e-01
    outer loop
      vertex   -5.834802e-02 -2.474390e-02 9.809017e-02
      vertex   -5.578158e-02 -2.365554e-02 9.951057e-02
      vertex   -6.079467e-02 -1.790978e-02 9.809017e-02
    endloop
  endfacet
  facet normal -4.279825e-01 -1.532199e-01 8.907046e-01
    outer loop
      vertex   -6.079467e-02 -1.790978e-02 9.809017e-02
      vertex   -5.578158e-02 -2.365554e-02 9.951057e-02
      vertex   -5.812061e-02 -1.712201e-02 9.951057e-02
    endloop
  endfacet
  facet normal -4.426954e-01 -1.032771e-01 8.907046e-01
    outer loop
      vertex   -6.079467e-02 -1.790978e-02 9.809017e-02
      vertex   -5.812061e-02 -1.712201e-02 9.951057e-02
      vertex   -6.244382e-02 -1.084071e-02 9.809017e-02
    endloop
  endfacet
  facet normal -4.426954e-01 -1.032771e-01 8.907046e-01
    outer loop
      vertex   -6.244382e-02 -1.084071e-02 9.809017e-02
      vertex   -5.812061e-02 -1.712201e-02 9.951057e-02
      vertex   -5.969722e-02 -1.036388e-02 9.951057e-02
    endloop
  endfacet
  facet normal -4.516011e-01 -5.197946e-02 8.907046e-01
    outer loop
      vertex   -6.244382e-02 -1.084071e-02 9.809017e-02
      vertex   -5.969722e-02 -1.036388e-02 9.951057e-02
      vertex   -6.327384e-02 -3.629441e-03 9.809017e-02
    endloop
  endfacet
  facet normal -4.516011e-01 -5.197946e-02 8.907046e-01
    outer loop
      vertex   -6.327384e-02 -3.629441e-03 9.809017e-02
      vertex   -5.969722e-02 -1.036388e-02 9.951057e-02
      vertex   -6.049074e-02 -3.469800e-03 9.951057e-02
    endloop
  endfacet
  facet normal -4.545827e-01 0.000000e+00 8.907046e-01
    outer loop
      vertex   -6.327384e-02 -3.629441e-03 9.809017e-02
      vertex   -6.049074e-02 -3.469800e-03 9.951057e-02
      vertex   -6.327384e-02 3.629441e-03 9.809017e-02
    endloop
  endfacet
  facet normal -4.545827e-01 0.000000e+00 8.907046e-01
    outer loop
      vertex   -6.327384e-02 3.629441e-03 9.809017e-02
      vertex   -6.049074e-02 -3.469800e-03 9.951057e-02
      vertex   -6.049074e-02 3.469800e-03 9.951057e-02
    endloop
  endfacet
  facet normal -4.516011e-01 5.197946e-02 8.907046e-01
    outer loop
      vertex   -6.327384e-02 3.629441e-03 9.809017e-02
      vertex   -6.049074e-02 3.469800e-03 9.951057e-02
      vertex   -6.244382e-02 1.084071e-02 9.809017e-02
    endloop
  endfacet
  facet normal -4.516011e-01 5.197946e-02 8.907046e-01
    outer loop
      vertex   -6.244382e-02 1.084071e-02 9.809017e-02
      vertex   -6.049074e-02 3.469800e-03 9.951057e-02
      vertex   -5.969722e-02 1.036388e-02 9.951057e-02
    endloop
  endfacet
  facet normal -4.426954e-01 1.032771e-01 8.907046e-01
    outer loop
      vertex   -6.244382e-02 1.084071e-02 9.809017e-02
      vertex   -5.969722e-02 1.036388e-02 9.951057e-02
      vertex   -6.079467e-02 1.790978e-02 9.809017e-02
    endloop
  endfacet
  facet normal -4.426954e-01 1.032771e-01 8.907046e-01
    outer loop
      vertex   -6.079467e-02 1.790978e-02 9.809017e-02
      vertex   -5.969722e-02 1.036388e-02 9.951057e-02
      vertex   -5.812061e-02 1.712201e-02 9.951057e-02
    endloop
  endfacet
  facet normal -4.279825e-01 1.532199e-01 8.907046e-01
    outer loop
      vertex   -6.079467e-02 1.790978e-02 9.809017e-02
      vertex   -5.812061e-02 1.712201e-02 9.951057e-02
      vertex   -5.834802e-02 2.474390e-02 9.809017e-02
    endloop
  endfacet
  facet normal -4.279825e-01 1.532199e-01 8.907046e-01
    outer loop
      vertex   -5.834802e-02 2.474390e-02 9.809017e-02
      vertex   -5.812061e-02 1.712201e-02 9.951057e-02
      vertex   -5.578158e-02 2.365554e-02 9.951057e-02
    endloop
  endfacet
  facet normal -3.174065e-01 -2.141687e-01 9.237883e-01
    outer loop
      vertex   -5.049146e-02 -3.683562e-02 9.866025e-02
      vertex   -4.854304e-02 -3.541417e-02 9.965926e-02
      vertex   -5.271080e-02 -2.987875e-02 9.951057e-02
    endloop
  endfacet
  facet normal -1.365831e-01 -7.630560e-02 9.876854e-01
    outer loop
      vertex   -5.271080e-02 -2.987875e-02 9.951057e-02
      vertex   -4.854304e-02 -3.541417e-02 9.965926e-02
      vertex   -5.034413e-02 -2.777981e-02 1.000000e-01
    endloop
  endfacet
  facet normal -1.420356e-01 -7.008578e-02 9.873773e-01
    outer loop
      vertex   -5.271080e-02 -2.987875e-02 9.951057e-02
      vertex   -5.034413e-02 -2.777981e-02 1.000000e-01
      vertex   -5.578158e-02 -2.365554e-02 9.951057e-02
    endloop
  endfacet
  facet normal -1.385907e-01 -6.544824e-02 9.881848e-01
    outer loop
      vertex   -5.578158e-02 -2.365554e-02 9.951057e-02
      vertex   -5.034413e-02 -2.777981e-02 1.000000e-01
      vertex   -5.343722e-02 -2.123002e-02 1.000000e-01
    endloop
  endfacet
  facet normal -1.503874e-01 -5.383945e-02 9.871600e-01
    outer loop
      vertex   -5.578158e-02 -2.365554e-02 9.951057e-02
      vertex   -5.343722e-02 -2.123002e-02 1.000000e-01
      vertex   -5.812061e-02 -1.712201e-02 9.951057e-02
    endloop
  endfacet
  facet normal -1.446509e-01 -4.715672e-02 9.883584e-01
    outer loop
      vertex   -5.812061e-02 -1.712201e-02 9.951057e-02
      vertex   -5.343722e-02 -2.123002e-02 1.000000e-01
      vertex   -5.568230e-02 -1.434333e-02 1.000000e-01
    endloop
  endfacet
  facet normal -1.565090e-01 -3.651221e-02 9.870014e-01
    outer loop
      vertex   -5.812061e-02 -1.712201e-02 9.951057e-02
      vertex   -5.568230e-02 -1.434333e-02 1.000000e-01
      vertex   -5.969722e-02 -1.036388e-02 9.951057e-02
    endloop
  endfacet
  facet normal -1.487048e-01 -2.845760e-02 9.884721e-01
    outer loop
      vertex   -5.969722e-02 -1.036388e-02 9.951057e-02
      vertex   -5.568230e-02 -1.434333e-02 1.000000e-01
      vertex   -5.704377e-02 -7.229024e-03 1.000000e-01
    endloop
  endfacet
  facet normal -1.602456e-01 -1.844434e-02 9.869048e-01
    outer loop
      vertex   -5.969722e-02 -1.036388e-02 9.951057e-02
      vertex   -5.704377e-02 -7.229024e-03 1.000000e-01
      vertex   -6.049074e-02 -3.469800e-03 9.951057e-02
    endloop
  endfacet
  facet normal -1.507359e-01 -9.513164e-03 9.885283e-01
    outer loop
      vertex   -6.049074e-02 -3.469800e-03 9.951057e-02
      vertex   -5.704377e-02 -7.229024e-03 1.000000e-01
      vertex   -5.750000e-02 -5.725846e-18 1.000000e-01
    endloop
  endfacet
  facet normal -1.615019e-01 0.000000e+00 9.868724e-01
    outer loop
      vertex   -6.049074e-02 -3.469800e-03 9.951057e-02
      vertex   -5.750000e-02 -5.725846e-18 1.000000e-01
      vertex   -6.049074e-02 3.469800e-03 9.951057e-02
    endloop
  endfacet
  facet normal -1.507359e-01 9.513164e-03 9.885283e-01
    outer loop
      vertex   -6.049074e-02 3.469800e-03 9.951057e-02
      vertex   -5.750000e-02 -5.725846e-18 1.000000e-01
      vertex   -5.704377e-02 7.229024e-03 1.000000e-01
    endloop
  endfacet
  facet normal -1.602456e-01 1.844434e-02 9.869048e-01
    outer loop
      vertex   -6.049074e-02 3.469800e-03 9.951057e-02
      vertex   -5.704377e-02 7.229024e-03 1.000000e-01
      vertex   -5.969722e-02 1.036388e-02 9.951057e-02
    endloop
  endfacet
  facet normal -1.487048e-01 2.845760e-02 9.884721e-01
    outer loop
      vertex   -5.969722e-02 1.036388e-02 9.951057e-02
      vertex   -5.704377e-02 7.229024e-03 1.000000e-01
      vertex   -5.568230e-02 1.434333e-02 1.000000e-01
    endloop
  endfacet
  facet normal -1.565090e-01 3.651221e-02 9.870014e-01
    outer loop
      vertex   -5.969722e-02 1.036388e-02 9.951057e-02
      vertex   -5.568230e-02 1.434333e-02 1.000000e-01
      vertex   -5.812061e-02 1.712201e-02 9.951057e-02
    endloop
  endfacet
  facet normal -1.446509e-01 4.715672e-02 9.883584e-01
    outer loop
      vertex   -5.812061e-02 1.712201e-02 9.951057e-02
      vertex   -5.568230e-02 1.434333e-02 1.000000e-01
      vertex   -5.343722e-02 2.123002e-02 1.000000e-01
    endloop
  endfacet
  facet normal -1.503874e-01 5.383945e-02 9.871600e-01
    outer loop
      vertex   -5.812061e-02 1.712201e-02 9.951057e-02
      vertex   -5.343722e-02 2.123002e-02 1.000000e-01
      vertex   -5.578158e-02 2.365554e-02 9.951057e-02
    endloop
  endfacet
  facet normal -1.385907e-01 6.544824e-02 9.881848e-01
    outer loop
      vertex   -5.578158e-02 2.365554e-02 9.951057e-02
      vertex   -5.343722e-02 2.123002e-02 1.000000e-01
      vertex   -5.034413e-02 2.777981e-02 1.000000e-01
    endloop
  endfacet
  facet normal -1.102986e-01 -7.027089e-02 9.914112e-01
    outer loop
      vertex   -4.854304e-02 -3.541417e-02 9.965926e-02
      vertex   -4.645214e-02 -3.388877e-02 1.000000e-01
      vertex   -5.034413e-02 -2.777981e-02 1.000000e-01
    endloop
  endfacet
  facet normal -6.193987e-01 -7.836635e-01 4.708288e-02
    outer loop
      vertex   -4.388797e-02 -5.128435e-02 9.002460e-02
      vertex   -3.978247e-02 -5.453077e-02 9.000000e-02
      vertex   -4.241442e-02 -5.235794e-02 9.154073e-02
    endloop
  endfacet
  facet normal -5.846376e-01 -8.007258e-01 1.305262e-01
    outer loop
      vertex   -4.241442e-02 -5.235794e-02 9.154073e-02
      vertex   -3.978247e-02 -5.453077e-02 9.000000e-02
      vertex   -3.958164e-02 -5.425550e-02 9.258819e-02
    endloop
  endfacet
  facet normal -5.986588e-01 -7.678909e-01 2.279280e-01
    outer loop
      vertex   -4.241442e-02 -5.235794e-02 9.154073e-02
      vertex   -3.958164e-02 -5.425550e-02 9.258819e-02
      vertex   -4.218539e-02 -5.209350e-02 9.303318e-02
    endloop
  endfacet
  facet normal -5.506142e-01 -7.418799e-01 3.826724e-01
    outer loop
      vertex   -4.218539e-02 -5.209350e-02 9.303318e-02
      vertex   -3.958164e-02 -5.425550e-02 9.258819e-02
      vertex   -3.899286e-02 -5.344844e-02 9.500000e-02
    endloop
  endfacet
  facet normal -5.479101e-01 -7.483714e-01 3.738112e-01
    outer loop
      vertex   -4.218539e-02 -5.209350e-02 9.303318e-02
      vertex   -3.899286e-02 -5.344844e-02 9.500000e-02
      vertex   -4.181551e-02 -5.165433e-02 9.445454e-02
    endloop
  endfacet
  facet normal -5.291866e-01 -6.770883e-01 5.113835e-01
    outer loop
      vertex   -4.181551e-02 -5.165433e-02 9.445454e-02
      vertex   -3.899286e-02 -5.344844e-02 9.500000e-02
      vertex   -4.131401e-02 -5.105143e-02 9.577176e-02
    endloop
  endfacet
  facet normal -5.560684e-01 -6.550689e-01 5.115394e-01
    outer loop
      vertex   -4.181551e-02 -5.165433e-02 9.445454e-02
      vertex   -4.131401e-02 -5.105143e-02 9.577176e-02
      vertex   -4.440746e-02 -4.948653e-02 9.441303e-02
    endloop
  endfacet
  facet normal -5.558081e-01 -6.611466e-01 5.039469e-01
    outer loop
      vertex   -4.440746e-02 -4.948653e-02 9.441303e-02
      vertex   -4.131401e-02 -5.105143e-02 9.577176e-02
      vertex   -4.389264e-02 -4.892607e-02 9.571611e-02
    endloop
  endfacet
  facet normal -5.919479e-01 -6.287273e-01 5.042814e-01
    outer loop
      vertex   -4.440746e-02 -4.948653e-02 9.441303e-02
      vertex   -4.389264e-02 -4.892607e-02 9.571611e-02
      vertex   -4.688896e-02 -4.715964e-02 9.440124e-02
    endloop
  endfacet
  facet normal -5.920090e-01 -6.310570e-01 5.012907e-01
    outer loop
      vertex   -4.688896e-02 -4.715964e-02 9.440124e-02
      vertex   -4.389264e-02 -4.892607e-02 9.571611e-02
      vertex   -4.635829e-02 -4.662670e-02 9.569884e-02
    endloop
  endfacet
  facet normal -6.262052e-01 -5.971048e-01 5.013311e-01
    outer loop
      vertex   -4.688896e-02 -4.715964e-02 9.440124e-02
      vertex   -4.635829e-02 -4.662670e-02 9.569884e-02
      vertex   -4.923373e-02 -4.469214e-02 9.441132e-02
    endloop
  endfacet
  facet normal -6.260440e-01 -5.953293e-01 5.036387e-01
    outer loop
      vertex   -4.923373e-02 -4.469214e-02 9.441132e-02
      vertex   -4.635829e-02 -4.662670e-02 9.569884e-02
      vertex   -4.867742e-02 -4.417578e-02 9.571320e-02
    endloop
  endfacet
  facet normal -6.564177e-01 -5.619092e-01 5.033625e-01
    outer loop
      vertex   -4.923373e-02 -4.469214e-02 9.441132e-02
      vertex   -4.867742e-02 -4.417578e-02 9.571320e-02
      vertex   -5.153820e-02 -4.196340e-02 9.445225e-02
    endloop
  endfacet
  facet normal -6.553823e-01 -5.562535e-01 5.109365e-01
    outer loop
      vertex   -5.153820e-02 -4.196340e-02 9.445225e-02
      vertex   -4.867742e-02 -4.417578e-02 9.571320e-02
      vertex   -5.093856e-02 -4.146105e-02 9.576833e-02
    endloop
  endfacet
  facet normal -6.772085e-01 -5.296625e-01 5.107312e-01
    outer loop
      vertex   -5.153820e-02 -4.196340e-02 9.445225e-02
      vertex   -5.093856e-02 -4.146105e-02 9.576833e-02
      vertex   -5.344844e-02 -3.899286e-02 9.500000e-02
    endloop
  endfacet
  facet normal -6.431499e-01 -4.645138e-01 6.087571e-01
    outer loop
      vertex   -5.344844e-02 -3.899286e-02 9.500000e-02
      vertex   -5.093856e-02 -4.146105e-02 9.576833e-02
      vertex   -5.216460e-02 -3.805624e-02 9.707107e-02
    endloop
  endfacet
  facet normal -6.158033e-01 -4.650859e-01 6.359886e-01
    outer loop
      vertex   -5.216460e-02 -3.805624e-02 9.707107e-02
      vertex   -5.093856e-02 -4.146105e-02 9.576833e-02
      vertex   -5.018933e-02 -4.083816e-02 9.694928e-02
    endloop
  endfacet
  facet normal -5.268623e-01 -4.067636e-01 7.462972e-01
    outer loop
      vertex   -5.216460e-02 -3.805624e-02 9.707107e-02
      vertex   -5.018933e-02 -4.083816e-02 9.694928e-02
      vertex   -4.930863e-02 -4.010979e-02 9.796802e-02
    endloop
  endfacet
  facet normal -5.099824e-01 -4.274241e-01 7.464761e-01
    outer loop
      vertex   -4.930863e-02 -4.010979e-02 9.796802e-02
      vertex   -5.018933e-02 -4.083816e-02 9.694928e-02
      vertex   -4.716345e-02 -4.278191e-02 9.790355e-02
    endloop
  endfacet
  facet normal -4.242123e-01 -3.605992e-01 8.306697e-01
    outer loop
      vertex   -4.930863e-02 -4.010979e-02 9.796802e-02
      vertex   -4.716345e-02 -4.278191e-02 9.790355e-02
      vertex   -4.624023e-02 -4.193612e-02 9.874219e-02
    endloop
  endfacet
  facet normal -4.049083e-01 -3.818200e-01 8.308205e-01
    outer loop
      vertex   -4.624023e-02 -4.193612e-02 9.874219e-02
      vertex   -4.716345e-02 -4.278191e-02 9.790355e-02
      vertex   -4.404300e-02 -4.429996e-02 9.872668e-02
    endloop
  endfacet
  facet normal -3.124447e-01 -2.963436e-01 9.025291e-01
    outer loop
      vertex   -4.624023e-02 -4.193612e-02 9.874219e-02
      vertex   -4.404300e-02 -4.429996e-02 9.872668e-02
      vertex   -4.308832e-02 -4.334020e-02 9.937231e-02
    endloop
  endfacet
  facet normal -2.916153e-01 -3.170244e-01 9.024722e-01
    outer loop
      vertex   -4.308832e-02 -4.334020e-02 9.937231e-02
      vertex   -4.404300e-02 -4.429996e-02 9.872668e-02
      vertex   -4.074520e-02 -4.545685e-02 9.938590e-02
    endloop
  endfacet
  facet normal -1.927530e-01 -2.072205e-01 9.591173e-01
    outer loop
      vertex   -4.308832e-02 -4.334020e-02 9.937231e-02
      vertex   -4.074520e-02 -4.545685e-02 9.938590e-02
      vertex   -3.977620e-02 -4.438176e-02 9.981292e-02
    endloop
  endfacet
  facet normal -1.734185e-01 -2.245624e-01 9.589045e-01
    outer loop
      vertex   -3.977620e-02 -4.438176e-02 9.981292e-02
      vertex   -4.074520e-02 -4.545685e-02 9.938590e-02
      vertex   -3.733149e-02 -4.618477e-02 9.983280e-02
    endloop
  endfacet
  facet normal -8.111677e-02 -9.904748e-02 9.917710e-01
    outer loop
      vertex   -3.977620e-02 -4.438176e-02 9.981292e-02
      vertex   -3.733149e-02 -4.618477e-02 9.983280e-02
      vertex   -3.765601e-02 -4.412168e-02 1.000123e-01
    endloop
  endfacet
  facet normal -5.566443e-02 -9.522888e-02 9.938978e-01
    outer loop
      vertex   -3.765601e-02 -4.412168e-02 1.000123e-01
      vertex   -3.733149e-02 -4.618477e-02 9.983280e-02
      vertex   -3.388877e-02 -4.645214e-02 1.000000e-01
    endloop
  endfacet
  facet normal -5.742618e-02 -1.196279e-01 9.911566e-01
    outer loop
      vertex   -3.388877e-02 -4.645214e-02 1.000000e-01
      vertex   -3.733149e-02 -4.618477e-02 9.983280e-02
      vertex   -3.541417e-02 -4.854304e-02 9.965926e-02
    endloop
  endfacet
  facet normal -1.650520e-01 -2.051831e-01 9.647060e-01
    outer loop
      vertex   -3.541417e-02 -4.854304e-02 9.965926e-02
      vertex   -3.733149e-02 -4.618477e-02 9.983280e-02
      vertex   -3.826474e-02 -4.733197e-02 9.942914e-02
    endloop
  endfacet
  facet normal -2.105339e-01 -3.200237e-01 9.237209e-01
    outer loop
      vertex   -3.541417e-02 -4.854304e-02 9.965926e-02
      vertex   -3.826474e-02 -4.733197e-02 9.942914e-02
      vertex   -3.683562e-02 -5.049146e-02 9.866025e-02
    endloop
  endfacet
  facet normal -2.398723e-01 -3.306288e-01 9.127682e-01
    outer loop
      vertex   -3.683562e-02 -5.049146e-02 9.866025e-02
      vertex   -3.826474e-02 -4.733197e-02 9.942914e-02
      vertex   -3.914946e-02 -4.841652e-02 9.880378e-02
    endloop
  endfacet
  facet normal -3.323966e-01 -4.287756e-01 8.400381e-01
    outer loop
      vertex   -3.683562e-02 -5.049146e-02 9.866025e-02
      vertex   -3.914946e-02 -4.841652e-02 9.880378e-02
      vertex   -3.996511e-02 -4.941325e-02 9.797228e-02
    endloop
  endfacet
  facet normal -3.500010e-01 -4.144163e-01 8.400943e-01
    outer loop
      vertex   -3.996511e-02 -4.941325e-02 9.797228e-02
      vertex   -3.914946e-02 -4.841652e-02 9.880378e-02
      vertex   -4.250368e-02 -4.740082e-02 9.790738e-02
    endloop
  endfacet
  facet normal -4.306974e-01 -5.195038e-01 7.379807e-01
    outer loop
      vertex   -3.996511e-02 -4.941325e-02 9.797228e-02
      vertex   -4.250368e-02 -4.740082e-02 9.790738e-02
      vertex   -4.325304e-02 -4.822535e-02 9.688961e-02
    endloop
  endfacet
  facet normal -4.616866e-01 -4.917139e-01 7.382838e-01
    outer loop
      vertex   -4.325304e-02 -4.822535e-02 9.688961e-02
      vertex   -4.250368e-02 -4.740082e-02 9.790738e-02
      vertex   -4.569655e-02 -4.596187e-02 9.686910e-02
    endloop
  endfacet
  facet normal -5.331660e-01 -5.699029e-01 6.252556e-01
    outer loop
      vertex   -4.325304e-02 -4.822535e-02 9.688961e-02
      vertex   -4.569655e-02 -4.596187e-02 9.686910e-02
      vertex   -4.635829e-02 -4.662670e-02 9.569884e-02
    endloop
  endfacet
  facet normal -5.650113e-01 -5.382910e-01 6.253040e-01
    outer loop
      vertex   -4.635829e-02 -4.662670e-02 9.569884e-02
      vertex   -4.569655e-02 -4.596187e-02 9.686910e-02
      vertex   -4.867742e-02 -4.417578e-02 9.571320e-02
    endloop
  endfacet
  facet normal -4.629407e-01 -6.442884e-01 6.087514e-01
    outer loop
      vertex   -3.899286e-02 -5.344844e-02 9.500000e-02
      vertex   -3.805624e-02 -5.216460e-02 9.707107e-02
      vertex   -4.131401e-02 -5.105143e-02 9.577176e-02
    endloop
  endfacet
  facet normal -4.643049e-01 -6.156444e-01 6.367126e-01
    outer loop
      vertex   -4.131401e-02 -5.105143e-02 9.577176e-02
      vertex   -3.805624e-02 -5.216460e-02 9.707107e-02
      vertex   -4.069220e-02 -5.029832e-02 9.695340e-02
    endloop
  endfacet
  facet normal -4.984049e-01 -5.880156e-01 6.370480e-01
    outer loop
      vertex   -4.131401e-02 -5.105143e-02 9.577176e-02
      vertex   -4.069220e-02 -5.029832e-02 9.695340e-02
      vertex   -4.389264e-02 -4.892607e-02 9.571611e-02
    endloop
  endfacet
  facet normal -4.988613e-01 -5.969371e-01 6.283339e-01
    outer loop
      vertex   -4.389264e-02 -4.892607e-02 9.571611e-02
      vertex   -4.069220e-02 -5.029832e-02 9.695340e-02
      vertex   -4.325304e-02 -4.822535e-02 9.688961e-02
    endloop
  endfacet
  facet normal -5.327429e-01 -5.665489e-01 6.286551e-01
    outer loop
      vertex   -4.389264e-02 -4.892607e-02 9.571611e-02
      vertex   -4.325304e-02 -4.822535e-02 9.688961e-02
      vertex   -4.635829e-02 -4.662670e-02 9.569884e-02
    endloop
  endfacet
  facet normal -4.060410e-01 -5.263971e-01 7.470186e-01
    outer loop
      vertex   -4.069220e-02 -5.029832e-02 9.695340e-02
      vertex   -3.805624e-02 -5.216460e-02 9.707107e-02
      vertex   -3.996511e-02 -4.941325e-02 9.797228e-02
    endloop
  endfacet
  facet normal -3.468091e-01 -5.004511e-01 7.932667e-01
    outer loop
      vertex   -3.996511e-02 -4.941325e-02 9.797228e-02
      vertex   -3.805624e-02 -5.216460e-02 9.707107e-02
      vertex   -3.683562e-02 -5.049146e-02 9.866025e-02
    endloop
  endfacet
  facet normal -8.108037e-02 -9.932526e-02 9.917462e-01
    outer loop
      vertex   -3.765601e-02 -4.412168e-02 1.000123e-01
      vertex   -4.115035e-02 -4.115037e-02 1.000242e-01
      vertex   -3.977620e-02 -4.438176e-02 9.981292e-02
    endloop
  endfacet
  facet normal -9.708671e-02 -1.059927e-01 9.896159e-01
    outer loop
      vertex   -3.977620e-02 -4.438176e-02 9.981292e-02
      vertex   -4.115035e-02 -4.115037e-02 1.000242e-01
      vertex   -4.207628e-02 -4.232263e-02 9.980781e-02
    endloop
  endfacet
  facet normal -1.950528e-01 -2.155039e-01 9.568242e-01
    outer loop
      vertex   -3.977620e-02 -4.438176e-02 9.981292e-02
      vertex   -4.207628e-02 -4.232263e-02 9.980781e-02
      vertex   -4.308832e-02 -4.334020e-02 9.937231e-02
    endloop
  endfacet
  facet normal -2.111366e-01 -1.995292e-01 9.568748e-01
    outer loop
      vertex   -4.308832e-02 -4.334020e-02 9.937231e-02
      vertex   -4.207628e-02 -4.232263e-02 9.980781e-02
      vertex   -4.523358e-02 -4.101619e-02 9.938357e-02
    endloop
  endfacet
  facet normal -3.105624e-01 -2.910559e-01 9.048964e-01
    outer loop
      vertex   -4.308832e-02 -4.334020e-02 9.937231e-02
      vertex   -4.523358e-02 -4.101619e-02 9.938357e-02
      vertex   -4.624023e-02 -4.193612e-02 9.874219e-02
    endloop
  endfacet
  facet normal -3.250674e-01 -2.751096e-01 9.047905e-01
    outer loop
      vertex   -4.624023e-02 -4.193612e-02 9.874219e-02
      vertex   -4.523358e-02 -4.101619e-02 9.938357e-02
      vertex   -4.831662e-02 -3.929263e-02 9.879997e-02
    endloop
  endfacet
  facet normal -4.182751e-01 -3.468936e-01 8.394705e-01
    outer loop
      vertex   -4.624023e-02 -4.193612e-02 9.874219e-02
      vertex   -4.831662e-02 -3.929263e-02 9.879997e-02
      vertex   -4.930863e-02 -4.010979e-02 9.796802e-02
    endloop
  endfacet
  facet normal -4.298377e-01 -3.327425e-01 8.393581e-01
    outer loop
      vertex   -4.930863e-02 -4.010979e-02 9.796802e-02
      vertex   -4.831662e-02 -3.929263e-02 9.879997e-02
      vertex   -5.049146e-02 -3.683562e-02 9.866025e-02
    endloop
  endfacet
  facet normal -4.994821e-01 -3.481613e-01 7.932851e-01
    outer loop
      vertex   -4.930863e-02 -4.010979e-02 9.796802e-02
      vertex   -5.049146e-02 -3.683562e-02 9.866025e-02
      vertex   -5.216460e-02 -3.805624e-02 9.707107e-02
    endloop
  endfacet
  facet normal -1.058806e-01 -9.901371e-02 9.894370e-01
    outer loop
      vertex   -4.207628e-02 -4.232263e-02 9.980781e-02
      vertex   -4.115035e-02 -4.115037e-02 1.000242e-01
      vertex   -4.416607e-02 -4.004277e-02 9.981233e-02
    endloop
  endfacet
  facet normal -9.974438e-02 -8.188526e-02 9.916380e-01
    outer loop
      vertex   -4.416607e-02 -4.004277e-02 9.981233e-02
      vertex   -4.115035e-02 -4.115037e-02 1.000242e-01
      vertex   -4.412754e-02 -3.765532e-02 1.000133e-01
    endloop
  endfacet
  facet normal -9.918448e-02 -8.189894e-02 9.916930e-01
    outer loop
      vertex   -4.416607e-02 -4.004277e-02 9.981233e-02
      vertex   -4.412754e-02 -3.765532e-02 1.000133e-01
      vertex   -4.609466e-02 -3.747090e-02 9.983184e-02
    endloop
  endfacet
  facet normal -9.697151e-02 -5.632656e-02 9.936920e-01
    outer loop
      vertex   -4.609466e-02 -3.747090e-02 9.983184e-02
      vertex   -4.412754e-02 -3.765532e-02 1.000133e-01
      vertex   -4.645214e-02 -3.388877e-02 1.000000e-01
    endloop
  endfacet
  facet normal -1.189224e-01 -5.839945e-02 9.911846e-01
    outer loop
      vertex   -4.609466e-02 -3.747090e-02 9.983184e-02
      vertex   -4.645214e-02 -3.388877e-02 1.000000e-01
      vertex   -4.854304e-02 -3.541417e-02 9.965926e-02
    endloop
  endfacet
  facet normal -2.068637e-01 -1.653431e-01 9.642972e-01
    outer loop
      vertex   -4.609466e-02 -3.747090e-02 9.983184e-02
      vertex   -4.854304e-02 -3.541417e-02 9.965926e-02
      vertex   -4.723696e-02 -3.840615e-02 9.942642e-02
    endloop
  endfacet
  facet normal -3.194488e-01 -2.113335e-01 9.237373e-01
    outer loop
      vertex   -4.723696e-02 -3.840615e-02 9.942642e-02
      vertex   -4.854304e-02 -3.541417e-02 9.965926e-02
      vertex   -5.049146e-02 -3.683562e-02 9.866025e-02
    endloop
  endfacet
  facet normal -3.311805e-01 -2.412732e-01 9.121988e-01
    outer loop
      vertex   -4.723696e-02 -3.840615e-02 9.942642e-02
      vertex   -5.049146e-02 -3.683562e-02 9.866025e-02
      vertex   -4.831662e-02 -3.929263e-02 9.879997e-02
    endloop
  endfacet
  facet normal -7.433703e-01 -5.485962e-01 3.826785e-01
    outer loop
      vertex   -5.344844e-02 -3.899286e-02 9.500000e-02
      vertex   -5.425550e-02 -3.958164e-02 9.258819e-02
      vertex   -5.153820e-02 -4.196340e-02 9.445225e-02
    endloop
  endfacet
  facet normal -7.430068e-01 -5.554178e-01 3.734326e-01
    outer loop
      vertex   -5.153820e-02 -4.196340e-02 9.445225e-02
      vertex   -5.425550e-02 -3.958164e-02 9.258819e-02
      vertex   -5.197482e-02 -4.233396e-02 9.303238e-02
    endloop
  endfacet
  facet normal -7.057687e-01 -6.016475e-01 3.740465e-01
    outer loop
      vertex   -5.153820e-02 -4.196340e-02 9.445225e-02
      vertex   -5.197482e-02 -4.233396e-02 9.303238e-02
      vertex   -4.923373e-02 -4.469214e-02 9.441132e-02
    endloop
  endfacet
  facet normal -7.058457e-01 -6.052102e-01 3.681067e-01
    outer loop
      vertex   -4.923373e-02 -4.469214e-02 9.441132e-02
      vertex   -5.197482e-02 -4.233396e-02 9.303238e-02
      vertex   -4.963875e-02 -4.507188e-02 9.301035e-02
    endloop
  endfacet
  facet normal -6.731660e-01 -6.411870e-01 3.684110e-01
    outer loop
      vertex   -4.923373e-02 -4.469214e-02 9.441132e-02
      vertex   -4.963875e-02 -4.507188e-02 9.301035e-02
      vertex   -4.688896e-02 -4.715964e-02 9.440124e-02
    endloop
  endfacet
  facet normal -6.730941e-01 -6.423041e-01 3.665920e-01
    outer loop
      vertex   -4.688896e-02 -4.715964e-02 9.440124e-02
      vertex   -4.963875e-02 -4.507188e-02 9.301035e-02
      vertex   -4.727714e-02 -4.754922e-02 9.300592e-02
    endloop
  endfacet
  facet normal -6.373305e-01 -6.778230e-01 3.665595e-01
    outer loop
      vertex   -4.688896e-02 -4.715964e-02 9.440124e-02
      vertex   -4.727714e-02 -4.754922e-02 9.300592e-02
      vertex   -4.440746e-02 -4.948653e-02 9.441303e-02
    endloop
  endfacet
  facet normal -6.375108e-01 -6.763577e-01 3.689447e-01
    outer loop
      vertex   -4.440746e-02 -4.948653e-02 9.441303e-02
      vertex   -4.727714e-02 -4.754922e-02 9.300592e-02
      vertex   -4.478628e-02 -4.989453e-02 9.301049e-02
    endloop
  endfacet
  facet normal -5.998476e-01 -7.101514e-01 3.686026e-01
    outer loop
      vertex   -4.440746e-02 -4.948653e-02 9.441303e-02
      vertex   -4.478628e-02 -4.989453e-02 9.301049e-02
      vertex   -4.181551e-02 -5.165433e-02 9.445454e-02
    endloop
  endfacet
  facet normal -6.005421e-01 -7.064416e-01 3.745524e-01
    outer loop
      vertex   -4.181551e-02 -5.165433e-02 9.445454e-02
      vertex   -4.478628e-02 -4.989453e-02 9.301049e-02
      vertex   -4.218539e-02 -5.209350e-02 9.303318e-02
    endloop
  endfacet
  facet normal -7.675245e-01 -5.992820e-01 2.275240e-01
    outer loop
      vertex   -5.197482e-02 -4.233396e-02 9.303238e-02
      vertex   -5.425550e-02 -3.958164e-02 9.258819e-02
      vertex   -5.223752e-02 -4.256348e-02 9.154167e-02
    endloop
  endfacet
  facet normal -7.992226e-01 -5.866910e-01 1.305256e-01
    outer loop
      vertex   -5.223752e-02 -4.256348e-02 9.154167e-02
      vertex   -5.425550e-02 -3.958164e-02 9.258819e-02
      vertex   -5.453077e-02 -3.978247e-02 9.000000e-02
    endloop
  endfacet
  facet normal -7.836372e-01 -6.193246e-01 4.847458e-02
    outer loop
      vertex   -5.223752e-02 -4.256348e-02 9.154167e-02
      vertex   -5.453077e-02 -3.978247e-02 9.000000e-02
      vertex   -5.128442e-02 -4.388802e-02 9.002670e-02
    endloop
  endfacet
  facet normal -7.554689e-01 -6.487092e-01 9.188651e-02
    outer loop
      vertex   -5.223752e-02 -4.256348e-02 9.154167e-02
      vertex   -5.128442e-02 -4.388802e-02 9.002670e-02
      vertex   -4.988267e-02 -4.530585e-02 9.154179e-02
    endloop
  endfacet
  facet normal -7.334113e-01 -6.783781e-01 4.371485e-02
    outer loop
      vertex   -4.988267e-02 -4.530585e-02 9.154179e-02
      vertex   -5.128442e-02 -4.388802e-02 9.002670e-02
      vertex   -4.772971e-02 -4.772971e-02 9.004840e-02
    endloop
  endfacet
  facet normal -7.209407e-01 -6.885670e-01 7.823027e-02
    outer loop
      vertex   -4.988267e-02 -4.530585e-02 9.154179e-02
      vertex   -4.772971e-02 -4.772971e-02 9.004840e-02
      vertex   -4.751354e-02 -4.778612e-02 9.154396e-02
    endloop
  endfacet
  facet normal -6.846468e-01 -7.253500e-01 7.159703e-02
    outer loop
      vertex   -4.751354e-02 -4.778612e-02 9.154396e-02
      vertex   -4.772971e-02 -4.772971e-02 9.004840e-02
      vertex   -4.501993e-02 -5.014018e-02 9.154012e-02
    endloop
  endfacet
  facet normal -6.687334e-01 -7.087428e-01 2.246759e-01
    outer loop
      vertex   -4.751354e-02 -4.778612e-02 9.154396e-02
      vertex   -4.501993e-02 -5.014018e-02 9.154012e-02
      vertex   -4.478628e-02 -4.989453e-02 9.301049e-02
    endloop
  endfacet
  facet normal -6.303227e-01 -7.432151e-01 2.243314e-01
    outer loop
      vertex   -4.478628e-02 -4.989453e-02 9.301049e-02
      vertex   -4.501993e-02 -5.014018e-02 9.154012e-02
      vertex   -4.218539e-02 -5.209350e-02 9.303318e-02
    endloop
  endfacet
  facet normal -6.782394e-01 -7.333327e-01 4.705825e-02
    outer loop
      vertex   -4.772971e-02 -4.772971e-02 9.004840e-02
      vertex   -4.388797e-02 -5.128435e-02 9.002460e-02
      vertex   -4.501993e-02 -5.014018e-02 9.154012e-02
    endloop
  endfacet
  facet normal -6.455288e-01 -7.583680e-01 9.039106e-02
    outer loop
      vertex   -4.501993e-02 -5.014018e-02 9.154012e-02
      vertex   -4.388797e-02 -5.128435e-02 9.002460e-02
      vertex   -4.241442e-02 -5.235794e-02 9.154073e-02
    endloop
  endfacet
  facet normal -6.310970e-01 -7.413756e-01 2.282078e-01
    outer loop
      vertex   -4.501993e-02 -5.014018e-02 9.154012e-02
      vertex   -4.241442e-02 -5.235794e-02 9.154073e-02
      vertex   -4.218539e-02 -5.209350e-02 9.303318e-02
    endloop
  endfacet
  facet normal -1.693063e-01 -2.017198e-01 9.646992e-01
    outer loop
      vertex   -3.733149e-02 -4.618477e-02 9.983280e-02
      vertex   -4.074520e-02 -4.545685e-02 9.938590e-02
      vertex   -3.826474e-02 -4.733197e-02 9.942914e-02
    endloop
  endfacet
  facet normal -2.661534e-01 -3.312029e-01 9.052442e-01
    outer loop
      vertex   -3.826474e-02 -4.733197e-02 9.942914e-02
      vertex   -4.074520e-02 -4.545685e-02 9.938590e-02
      vertex   -4.166123e-02 -4.647081e-02 9.874560e-02
    endloop
  endfacet
  facet normal -2.628482e-01 -3.120160e-01 9.129934e-01
    outer loop
      vertex   -3.826474e-02 -4.733197e-02 9.942914e-02
      vertex   -4.166123e-02 -4.647081e-02 9.874560e-02
      vertex   -3.914946e-02 -4.841652e-02 9.880378e-02
    endloop
  endfacet
  facet normal -3.523524e-01 -4.300039e-01 8.312307e-01
    outer loop
      vertex   -3.914946e-02 -4.841652e-02 9.880378e-02
      vertex   -4.166123e-02 -4.647081e-02 9.874560e-02
      vertex   -4.250368e-02 -4.740082e-02 9.790738e-02
    endloop
  endfacet
  facet normal -4.293389e-01 -5.073966e-01 7.471390e-01
    outer loop
      vertex   -4.325304e-02 -4.822535e-02 9.688961e-02
      vertex   -4.069220e-02 -5.029832e-02 9.695340e-02
      vertex   -3.996511e-02 -4.941325e-02 9.797228e-02
    endloop
  endfacet
  facet normal -2.897652e-01 -3.100289e-01 9.054934e-01
    outer loop
      vertex   -4.074520e-02 -4.545685e-02 9.938590e-02
      vertex   -4.404300e-02 -4.429996e-02 9.872668e-02
      vertex   -4.166123e-02 -4.647081e-02 9.874560e-02
    endloop
  endfacet
  facet normal -3.812289e-01 -4.110538e-01 8.280696e-01
    outer loop
      vertex   -4.166123e-02 -4.647081e-02 9.874560e-02
      vertex   -4.404300e-02 -4.429996e-02 9.872668e-02
      vertex   -4.491909e-02 -4.518057e-02 9.788621e-02
    endloop
  endfacet
  facet normal -3.798691e-01 -4.053292e-01 8.315093e-01
    outer loop
      vertex   -4.166123e-02 -4.647081e-02 9.874560e-02
      vertex   -4.491909e-02 -4.518057e-02 9.788621e-02
      vertex   -4.250368e-02 -4.740082e-02 9.790738e-02
    endloop
  endfacet
  facet normal -4.625541e-01 -4.962047e-01 7.347276e-01
    outer loop
      vertex   -4.250368e-02 -4.740082e-02 9.790738e-02
      vertex   -4.491909e-02 -4.518057e-02 9.788621e-02
      vertex   -4.569655e-02 -4.596187e-02 9.686910e-02
    endloop
  endfacet
  facet normal -6.684591e-01 -7.095112e-01 2.230611e-01
    outer loop
      vertex   -4.751354e-02 -4.778612e-02 9.154396e-02
      vertex   -4.478628e-02 -4.989453e-02 9.301049e-02
      vertex   -4.727714e-02 -4.754922e-02 9.300592e-02
    endloop
  endfacet
  facet normal -2.087946e-01 -1.932870e-01 9.586683e-01
    outer loop
      vertex   -4.207628e-02 -4.232263e-02 9.980781e-02
      vertex   -4.416607e-02 -4.004277e-02 9.981233e-02
      vertex   -4.523358e-02 -4.101619e-02 9.938357e-02
    endloop
  endfacet
  facet normal -2.180505e-01 -1.831090e-01 9.586058e-01
    outer loop
      vertex   -4.523358e-02 -4.101619e-02 9.938357e-02
      vertex   -4.416607e-02 -4.004277e-02 9.981233e-02
      vertex   -4.723696e-02 -3.840615e-02 9.942642e-02
    endloop
  endfacet
  facet normal -3.172129e-01 -2.584648e-01 9.124538e-01
    outer loop
      vertex   -4.523358e-02 -4.101619e-02 9.938357e-02
      vertex   -4.723696e-02 -3.840615e-02 9.942642e-02
      vertex   -4.831662e-02 -3.929263e-02 9.879997e-02
    endloop
  endfacet
  facet normal -2.083358e-01 -1.635410e-01 9.642876e-01
    outer loop
      vertex   -4.609466e-02 -3.747090e-02 9.983184e-02
      vertex   -4.723696e-02 -3.840615e-02 9.942642e-02
      vertex   -4.416607e-02 -4.004277e-02 9.981233e-02
    endloop
  endfacet
  facet normal -4.063084e-01 -3.861582e-01 8.281276e-01
    outer loop
      vertex   -4.491909e-02 -4.518057e-02 9.788621e-02
      vertex   -4.404300e-02 -4.429996e-02 9.872668e-02
      vertex   -4.716345e-02 -4.278191e-02 9.790355e-02
    endloop
  endfacet
  facet normal -4.913518e-01 -4.676200e-01 7.347823e-01
    outer loop
      vertex   -4.569655e-02 -4.596187e-02 9.686910e-02
      vertex   -4.491909e-02 -4.518057e-02 9.788621e-02
      vertex   -4.798190e-02 -4.353403e-02 9.688597e-02
    endloop
  endfacet
  facet normal -4.904250e-01 -4.642094e-01 7.375588e-01
    outer loop
      vertex   -4.798190e-02 -4.353403e-02 9.688597e-02
      vertex   -4.491909e-02 -4.518057e-02 9.788621e-02
      vertex   -4.716345e-02 -4.278191e-02 9.790355e-02
    endloop
  endfacet
  facet normal -5.140515e-01 -4.382331e-01 7.373621e-01
    outer loop
      vertex   -4.798190e-02 -4.353403e-02 9.688597e-02
      vertex   -4.716345e-02 -4.278191e-02 9.790355e-02
      vertex   -5.018933e-02 -4.083816e-02 9.694928e-02
    endloop
  endfacet
  facet normal -5.918288e-01 -5.056902e-01 6.277070e-01
    outer loop
      vertex   -5.093856e-02 -4.146105e-02 9.576833e-02
      vertex   -4.867742e-02 -4.417578e-02 9.571320e-02
      vertex   -4.798190e-02 -4.353403e-02 9.688597e-02
    endloop
  endfacet
  facet normal -5.645066e-01 -5.357388e-01 6.279460e-01
    outer loop
      vertex   -4.798190e-02 -4.353403e-02 9.688597e-02
      vertex   -4.867742e-02 -4.417578e-02 9.571320e-02
      vertex   -4.569655e-02 -4.596187e-02 9.686910e-02
    endloop
  endfacet
  facet normal -5.894245e-01 -4.975788e-01 6.363914e-01
    outer loop
      vertex   -5.093856e-02 -4.146105e-02 9.576833e-02
      vertex   -4.798190e-02 -4.353403e-02 9.688597e-02
      vertex   -5.018933e-02 -4.083816e-02 9.694928e-02
    endloop
  endfacet
  facet normal -7.049964e-01 -6.732104e-01 2.230872e-01
    outer loop
      vertex   -4.751354e-02 -4.778612e-02 9.154396e-02
      vertex   -4.727714e-02 -4.754922e-02 9.300592e-02
      vertex   -4.988267e-02 -4.530585e-02 9.154179e-02
    endloop
  endfacet
  facet normal -7.051707e-01 -6.726279e-01 2.242899e-01
    outer loop
      vertex   -4.988267e-02 -4.530585e-02 9.154179e-02
      vertex   -4.727714e-02 -4.754922e-02 9.300592e-02
      vertex   -4.963875e-02 -4.507188e-02 9.301035e-02
    endloop
  endfacet
  facet normal -7.394083e-01 -6.349123e-01 2.239680e-01
    outer loop
      vertex   -4.988267e-02 -4.530585e-02 9.154179e-02
      vertex   -4.963875e-02 -4.507188e-02 9.301035e-02
      vertex   -5.223752e-02 -4.256348e-02 9.154167e-02
    endloop
  endfacet
  facet normal -7.398114e-01 -6.330619e-01 2.278414e-01
    outer loop
      vertex   -5.223752e-02 -4.256348e-02 9.154167e-02
      vertex   -4.963875e-02 -4.507188e-02 9.301035e-02
      vertex   -5.197482e-02 -4.233396e-02 9.303238e-02
    endloop
  endfacet
  facet normal -7.027089e-02 -1.102986e-01 9.914112e-01
    outer loop
      vertex   -3.388877e-02 -4.645214e-02 1.000000e-01
      vertex   -3.541417e-02 -4.854304e-02 9.965926e-02
      vertex   -2.777981e-02 -5.034413e-02 1.000000e-01
    endloop
  endfacet
  facet normal -7.630560e-02 -1.365831e-01 9.876854e-01
    outer loop
      vertex   -2.777981e-02 -5.034413e-02 1.000000e-01
      vertex   -3.541417e-02 -4.854304e-02 9.965926e-02
      vertex   -2.987875e-02 -5.271080e-02 9.951057e-02
    endloop
  endfacet
  facet normal -7.008578e-02 -1.420356e-01 9.873773e-01
    outer loop
      vertex   -2.777981e-02 -5.034413e-02 1.000000e-01
      vertex   -2.987875e-02 -5.271080e-02 9.951057e-02
      vertex   -2.365554e-02 -5.578158e-02 9.951057e-02
    endloop
  endfacet
  facet normal -2.011528e-01 -4.076554e-01 8.907046e-01
    outer loop
      vertex   -2.365554e-02 -5.578158e-02 9.951057e-02
      vertex   -2.987875e-02 -5.271080e-02 9.951057e-02
      vertex   -3.125344e-02 -5.513597e-02 9.809017e-02
    endloop
  endfacet
  facet normal -2.011528e-01 -4.076554e-01 8.907046e-01
    outer loop
      vertex   -2.365554e-02 -5.578158e-02 9.951057e-02
      vertex   -3.125344e-02 -5.513597e-02 9.809017e-02
      vertex   -2.474390e-02 -5.834802e-02 9.809017e-02
    endloop
  endfacet
  facet normal -3.131515e-01 -6.346316e-01 7.065259e-01
    outer loop
      vertex   -2.474390e-02 -5.834802e-02 9.809017e-02
      vertex   -3.125344e-02 -5.513597e-02 9.809017e-02
      vertex   -3.234440e-02 -5.706059e-02 9.587785e-02
    endloop
  endfacet
  facet normal -3.131515e-01 -6.346316e-01 7.065259e-01
    outer loop
      vertex   -2.474390e-02 -5.834802e-02 9.809017e-02
      vertex   -3.234440e-02 -5.706059e-02 9.587785e-02
      vertex   -2.560763e-02 -6.038476e-02 9.587785e-02
    endloop
  endfacet
  facet normal -3.944036e-01 -7.992968e-01 4.533987e-01
    outer loop
      vertex   -2.560763e-02 -6.038476e-02 9.587785e-02
      vertex   -3.234440e-02 -5.706059e-02 9.587785e-02
      vertex   -3.304483e-02 -5.829627e-02 9.309017e-02
    endloop
  endfacet
  facet normal -3.944036e-01 -7.992968e-01 4.533987e-01
    outer loop
      vertex   -2.560763e-02 -6.038476e-02 9.587785e-02
      vertex   -3.304483e-02 -5.829627e-02 9.309017e-02
      vertex   -2.616218e-02 -6.169243e-02 9.309017e-02
    endloop
  endfacet
  facet normal -4.370696e-01 -8.857634e-01 1.561840e-01
    outer loop
      vertex   -2.616218e-02 -6.169243e-02 9.309017e-02
      vertex   -3.304483e-02 -5.829627e-02 9.309017e-02
      vertex   -3.328619e-02 -5.872205e-02 9.000000e-02
    endloop
  endfacet
  facet normal -4.370696e-01 -8.857634e-01 1.561840e-01
    outer loop
      vertex   -2.616218e-02 -6.169243e-02 9.309017e-02
      vertex   -3.328619e-02 -5.872205e-02 9.000000e-02
      vertex   -2.635327e-02 -6.214302e-02 9.000000e-02
    endloop
  endfacet
  facet normal -2.141687e-01 -3.174065e-01 9.237883e-01
    outer loop
      vertex   -3.541417e-02 -4.854304e-02 9.965926e-02
      vertex   -3.683562e-02 -5.049146e-02 9.866025e-02
      vertex   -2.987875e-02 -5.271080e-02 9.951057e-02
    endloop
  endfacet
  facet normal -2.331984e-01 -3.896374e-01 8.909552e-01
    outer loop
      vertex   -2.987875e-02 -5.271080e-02 9.951057e-02
      vertex   -3.683562e-02 -5.049146e-02 9.866025e-02
      vertex   -3.125344e-02 -5.513597e-02 9.809017e-02
    endloop
  endfacet
  facet normal -3.396363e-01 -5.055568e-01 7.931327e-01
    outer loop
      vertex   -3.683562e-02 -5.049146e-02 9.866025e-02
      vertex   -3.805624e-02 -5.216460e-02 9.707107e-02
      vertex   -3.125344e-02 -5.513597e-02 9.809017e-02
    endloop
  endfacet
  facet normal -3.693686e-01 -6.032014e-01 7.069052e-01
    outer loop
      vertex   -3.125344e-02 -5.513597e-02 9.809017e-02
      vertex   -3.805624e-02 -5.216460e-02 9.707107e-02
      vertex   -3.234440e-02 -5.706059e-02 9.587785e-02
    endloop
  endfacet
  facet normal -4.393986e-01 -6.608936e-01 6.083983e-01
    outer loop
      vertex   -3.805624e-02 -5.216460e-02 9.707107e-02
      vertex   -3.899286e-02 -5.344844e-02 9.500000e-02
      vertex   -3.234440e-02 -5.706059e-02 9.587785e-02
    endloop
  endfacet
  facet normal -4.709454e-01 -7.565576e-01 4.536860e-01
    outer loop
      vertex   -3.234440e-02 -5.706059e-02 9.587785e-02
      vertex   -3.899286e-02 -5.344844e-02 9.500000e-02
      vertex   -3.304483e-02 -5.829627e-02 9.309017e-02
    endloop
  endfacet
  facet normal -5.069316e-01 -7.725807e-01 3.822818e-01
    outer loop
      vertex   -3.899286e-02 -5.344844e-02 9.500000e-02
      vertex   -3.958164e-02 -5.425550e-02 9.258819e-02
      vertex   -3.304483e-02 -5.829627e-02 9.309017e-02
    endloop
  endfacet
  facet normal -5.280014e-01 -8.347445e-01 1.562564e-01
    outer loop
      vertex   -3.304483e-02 -5.829627e-02 9.309017e-02
      vertex   -3.958164e-02 -5.425550e-02 9.258819e-02
      vertex   -3.328619e-02 -5.872205e-02 9.000000e-02
    endloop
  endfacet
  facet normal -5.375159e-01 -8.331233e-01 1.303156e-01
    outer loop
      vertex   -3.958164e-02 -5.425550e-02 9.258819e-02
      vertex   -3.978247e-02 -5.453077e-02 9.000000e-02
      vertex   -3.328619e-02 -5.872205e-02 9.000000e-02
    endloop
  endfacet
  facet normal -3.329198e-01 -9.299306e-01 1.561840e-01
    outer loop
      vertex   -2.616218e-02 -6.169243e-02 9.309017e-02
      vertex   -2.635327e-02 -6.214302e-02 9.000000e-02
      vertex   -1.893634e-02 -6.427932e-02 9.309017e-02
    endloop
  endfacet
  facet normal -3.329198e-01 -9.299306e-01 1.561840e-01
    outer loop
      vertex   -1.893634e-02 -6.427932e-02 9.309017e-02
      vertex   -2.635327e-02 -6.214302e-02 9.000000e-02
      vertex   -1.907464e-02 -6.474881e-02 9.000000e-02
    endloop
  endfacet
  facet normal -2.244029e-01 -9.618991e-01 1.561840e-01
    outer loop
      vertex   -1.893634e-02 -6.427932e-02 9.309017e-02
      vertex   -1.907464e-02 -6.474881e-02 9.000000e-02
      vertex   -1.146208e-02 -6.602300e-02 9.309017e-02
    endloop
  endfacet
  facet normal -2.244029e-01 -9.618991e-01 1.561840e-01
    outer loop
      vertex   -1.146208e-02 -6.602300e-02 9.309017e-02
      vertex   -1.907464e-02 -6.474881e-02 9.000000e-02
      vertex   -1.154580e-02 -6.650522e-02 9.000000e-02
    endloop
  endfacet
  facet normal -1.129422e-01 -9.812495e-01 1.561840e-01
    outer loop
      vertex   -1.146208e-02 -6.602300e-02 9.309017e-02
      vertex   -1.154580e-02 -6.650522e-02 9.000000e-02
      vertex   -3.837475e-03 -6.690060e-02 9.309017e-02
    endloop
  endfacet
  facet normal -1.129422e-01 -9.812495e-01 1.561840e-01
    outer loop
      vertex   -3.837475e-03 -6.690060e-02 9.309017e-02
      vertex   -1.154580e-02 -6.650522e-02 9.000000e-02
      vertex   -3.865503e-03 -6.738923e-02 9.000000e-02
    endloop
  endfacet
  facet normal 0.000000e+00 -9.877280e-01 1.561840e-01
    outer loop
      vertex   -3.837475e-03 -6.690060e-02 9.309017e-02
      vertex   -3.865503e-03 -6.738923e-02 9.000000e-02
      vertex   3.837475e-03 -6.690060e-02 9.309017e-02
    endloop
  endfacet
  facet normal 0.000000e+00 -9.877280e-01 1.561840e-01
    outer loop
      vertex   3.837475e-03 -6.690060e-02 9.309017e-02
      vertex   -3.865503e-03 -6.738923e-02 9.000000e-02
      vertex   3.865503e-03 -6.738923e-02 9.000000e-02
    endloop
  endfacet
  facet normal 1.129422e-01 -9.812495e-01 1.561840e-01
    outer loop
      vertex   3.837475e-03 -6.690060e-02 9.309017e-02
      vertex   3.865503e-03 -6.738923e-02 9.000000e-02
      vertex   1.146208e-02 -6.602300e-02 9.309017e-02
    endloop
  endfacet
  facet normal 1.129422e-01 -9.812495e-01 1.561840e-01
    outer loop
      vertex   1.146208e-02 -6.602300e-02 9.309017e-02
      vertex   3.865503e-03 -6.738923e-02 9.000000e-02
      vertex   1.154580e-02 -6.650522e-02 9.000000e-02
    endloop
  endfacet
  facet normal 2.244029e-01 -9.618991e-01 1.561840e-01
    outer loop
      vertex   1.146208e-02 -6.602300e-02 9.309017e-02
      vertex   1.154580e-02 -6.650522e-02 9.000000e-02
      vertex   1.893634e-02 -6.427932e-02 9.309017e-02
    endloop
  endfacet
  facet normal 2.244029e-01 -9.618991e-01 1.561840e-01
    outer loop
      vertex   1.893634e-02 -6.427932e-02 9.309017e-02
      vertex   1.154580e-02 -6.650522e-02 9.000000e-02
      vertex   1.907464e-02 -6.474881e-02 9.000000e-02
    endloop
  endfacet
  facet normal 3.329198e-01 -9.299306e-01 1.561840e-01
    outer loop
      vertex   1.893634e-02 -6.427932e-02 9.309017e-02
      vertex   1.907464e-02 -6.474881e-02 9.000000e-02
      vertex   2.616218e-02 -6.169243e-02 9.309017e-02
    endloop
  endfacet
  facet normal 3.329198e-01 -9.299306e-01 1.561840e-01
    outer loop
      vertex   2.616218e-02 -6.169243e-02 9.309017e-02
      vertex   1.907464e-02 -6.474881e-02 9.000000e-02
      vertex   2.635327e-02 -6.214302e-02 9.000000e-02
    endloop
  endfacet
  facet normal 4.370696e-01 -8.857634e-01 1.561840e-01
    outer loop
      vertex   2.616218e-02 -6.169243e-02 9.309017e-02
      vertex   2.635327e-02 -6.214302e-02 9.000000e-02
      vertex   3.304483e-02 -5.829627e-02 9.309017e-02
    endloop
  endfacet
  facet normal 4.370696e-01 -8.857634e-01 1.561840e-01
    outer loop
      vertex   3.304483e-02 -5.829627e-02 9.309017e-02
      vertex   2.635327e-02 -6.214302e-02 9.000000e-02
      vertex   3.328619e-02 -5.872205e-02 9.000000e-02
    endloop
  endfacet
  facet normal 5.280014e-01 -8.347445e-01 1.562564e-01
    outer loop
      vertex   3.304483e-02 -5.829627e-02 9.309017e-02
      vertex   3.328619e-02 -5.872205e-02 9.000000e-02
      vertex   3.958164e-02 -5.425550e-02 9.258819e-02
    endloop
  endfacet
  facet normal 5.375159e-01 -8.331233e-01 1.303156e-01
    outer loop
      vertex   3.958164e-02 -5.425550e-02 9.258819e-02
      vertex   3.328619e-02 -5.872205e-02 9.000000e-02
      vertex   3.978247e-02 -5.453077e-02 9.000000e-02
    endloop
  endfacet
  facet normal 5.069316e-01 -7.725807e-01 3.822818e-01
    outer loop
      vertex   3.958164e-02 -5.425550e-02 9.258819e-02
      vertex   3.899286e-02 -5.344844e-02 9.500000e-02
      vertex   3.304483e-02 -5.829627e-02 9.309017e-02
    endloop
  endfacet
  facet normal 4.709454e-01 -7.565576e-01 4.536860e-01
    outer loop
      vertex   3.304483e-02 -5.829627e-02 9.309017e-02
      vertex   3.899286e-02 -5.344844e-02 9.500000e-02
      vertex   3.234440e-02 -5.706059e-02 9.587785e-02
    endloop
  endfacet
  facet normal 3.944036e-01 -7.992968e-01 4.533987e-01
    outer loop
      vertex   3.304483e-02 -5.829627e-02 9.309017e-02
      vertex   3.234440e-02 -5.706059e-02 9.587785e-02
      vertex   2.616218e-02 -6.169243e-02 9.309017e-02
    endloop
  endfacet
  facet normal 3.944036e-01 -7.992968e-01 4.533987e-01
    outer loop
      vertex   2.616218e-02 -6.169243e-02 9.309017e-02
      vertex   3.234440e-02 -5.706059e-02 9.587785e-02
      vertex   2.560763e-02 -6.038476e-02 9.587785e-02
    endloop
  endfacet
  facet normal 3.004208e-01 -8.391525e-01 4.533987e-01
    outer loop
      vertex   2.616218e-02 -6.169243e-02 9.309017e-02
      vertex   2.560763e-02 -6.038476e-02 9.587785e-02
      vertex   1.893634e-02 -6.427932e-02 9.309017e-02
    endloop
  endfacet
  facet normal 3.004208e-01 -8.391525e-01 4.533987e-01
    outer loop
      vertex   1.893634e-02 -6.427932e-02 9.309017e-02
      vertex   2.560763e-02 -6.038476e-02 9.587785e-02
      vertex   1.853495e-02 -6.291682e-02 9.587785e-02
    endloop
  endfacet
  facet normal 2.024971e-01 -8.680003e-01 4.533987e-01
    outer loop
      vertex   1.893634e-02 -6.427932e-02 9.309017e-02
      vertex   1.853495e-02 -6.291682e-02 9.587785e-02
      vertex   1.146208e-02 -6.602300e-02 9.309017e-02
    endloop
  endfacet
  facet normal 2.024971e-01 -8.680003e-01 4.533987e-01
    outer loop
      vertex   1.146208e-02 -6.602300e-02 9.309017e-02
      vertex   1.853495e-02 -6.291682e-02 9.587785e-02
      vertex   1.121913e-02 -6.462354e-02 9.587785e-02
    endloop
  endfacet
  facet normal 1.019170e-01 -8.854618e-01 4.533987e-01
    outer loop
      vertex   1.146208e-02 -6.602300e-02 9.309017e-02
      vertex   1.121913e-02 -6.462354e-02 9.587785e-02
      vertex   3.837475e-03 -6.690060e-02 9.309017e-02
    endloop
  endfacet
  facet normal 1.019170e-01 -8.854618e-01 4.533987e-01
    outer loop
      vertex   3.837475e-03 -6.690060e-02 9.309017e-02
      vertex   1.121913e-02 -6.462354e-02 9.587785e-02
      vertex   3.756133e-03 -6.548253e-02 9.587785e-02
    endloop
  endfacet
  facet normal 0.000000e+00 -8.913078e-01 4.533987e-01
    outer loop
      vertex   3.837475e-03 -6.690060e-02 9.309017e-02
      vertex   3.756133e-03 -6.548253e-02 9.587785e-02
      vertex   -3.837475e-03 -6.690060e-02 9.309017e-02
    endloop
  endfacet
  facet normal 0.000000e+00 -8.913078e-01 4.533987e-01
    outer loop
      vertex   -3.837475e-03 -6.690060e-02 9.309017e-02
      vertex   3.756133e-03 -6.548253e-02 9.587785e-02
      vertex   -3.756133e-03 -6.548253e-02 9.587785e-02
    endloop
  endfacet
  facet normal -1.019170e-01 -8.854618e-01 4.533987e-01
    outer loop
      vertex   -3.837475e-03 -6.690060e-02 9.309017e-02
      vertex   -3.756133e-03 -6.548253e-02 9.587785e-02
      vertex   -1.146208e-02 -6.602300e-02 9.309017e-02
    endloop
  endfacet
  facet normal -1.019170e-01 -8.854618e-01 4.533987e-01
    outer loop
      vertex   -1.146208e-02 -6.602300e-02 9.309017e-02
      vertex   -3.756133e-03 -6.548253e-02 9.587785e-02
      vertex   -1.121913e-02 -6.462354e-02 9.587785e-02
    endloop
  endfacet
  facet normal -2.024971e-01 -8.680003e-01 4.533987e-01
    outer loop
      vertex   -1.146208e-02 -6.602300e-02 9.309017e-02
      vertex   -1.121913e-02 -6.462354e-02 9.587785e-02
      vertex   -1.893634e-02 -6.427932e-02 9.309017e-02
    endloop
  endfacet
  facet normal -2.024971e-01 -8.680003e-01 4.533987e-01
    outer loop
      vertex   -1.893634e-02 -6.427932e-02 9.309017e-02
      vertex   -1.121913e-02 -6.462354e-02 9.587785e-02
      vertex   -1.853495e-02 -6.291682e-02 9.587785e-02
    endloop
  endfacet
  facet normal -3.004208e-01 -8.391525e-01 4.533987e-01
    outer loop
      vertex   -1.893634e-02 -6.427932e-02 9.309017e-02
      vertex   -1.853495e-02 -6.291682e-02 9.587785e-02
      vertex   -2.616218e-02 -6.169243e-02 9.309017e-02
    endloop
  endfacet
  facet normal -3.004208e-01 -8.391525e-01 4.533987e-01
    outer loop
      vertex   -2.616218e-02 -6.169243e-02 9.309017e-02
      vertex   -1.853495e-02 -6.291682e-02 9.587785e-02
      vertex   -2.560763e-02 -6.038476e-02 9.587785e-02
    endloop
  endfacet
  facet normal 4.393986e-01 -6.608936e-01 6.083983e-01
    outer loop
      vertex   3.899286e-02 -5.344844e-02 9.500000e-02
      vertex   3.805624e-02 -5.216460e-02 9.707107e-02
      vertex   3.234440e-02 -5.706059e-02 9.587785e-02
    endloop
  endfacet
  facet normal 3.693686e-01 -6.032014e-01 7.069052e-01
    outer loop
      vertex   3.234440e-02 -5.706059e-02 9.587785e-02
      vertex   3.805624e-02 -5.216460e-02 9.707107e-02
      vertex   3.125344e-02 -5.513597e-02 9.809017e-02
    endloop
  endfacet
  facet normal 3.131515e-01 -6.346316e-01 7.065259e-01
    outer loop
      vertex   3.234440e-02 -5.706059e-02 9.587785e-02
      vertex   3.125344e-02 -5.513597e-02 9.809017e-02
      vertex   2.560763e-02 -6.038476e-02 9.587785e-02
    endloop
  endfacet
  facet normal 3.131515e-01 -6.346316e-01 7.065259e-01
    outer loop
      vertex   2.560763e-02 -6.038476e-02 9.587785e-02
      vertex   3.125344e-02 -5.513597e-02 9.809017e-02
      vertex   2.474390e-02 -5.834802e-02 9.809017e-02
    endloop
  endfacet
  facet normal 2.385304e-01 -6.662766e-01 7.065259e-01
    outer loop
      vertex   2.560763e-02 -6.038476e-02 9.587785e-02
      vertex   2.474390e-02 -5.834802e-02 9.809017e-02
      vertex   1.853495e-02 -6.291682e-02 9.587785e-02
    endloop
  endfacet
  facet normal 2.385304e-01 -6.662766e-01 7.065259e-01
    outer loop
      vertex   1.853495e-02 -6.291682e-02 9.587785e-02
      vertex   2.474390e-02 -5.834802e-02 9.809017e-02
      vertex   1.790978e-02 -6.079467e-02 9.809017e-02
    endloop
  endfacet
  facet normal 1.607801e-01 -6.891814e-01 7.065259e-01
    outer loop
      vertex   1.853495e-02 -6.291682e-02 9.587785e-02
      vertex   1.790978e-02 -6.079467e-02 9.809017e-02
      vertex   1.121913e-02 -6.462354e-02 9.587785e-02
    endloop
  endfacet
  facet normal 1.607801e-01 -6.891814e-01 7.065259e-01
    outer loop
      vertex   1.121913e-02 -6.462354e-02 9.587785e-02
      vertex   1.790978e-02 -6.079467e-02 9.809017e-02
      vertex   1.084071e-02 -6.244382e-02 9.809017e-02
    endloop
  endfacet
  facet normal 8.092082e-02 -7.030455e-01 7.065259e-01
    outer loop
      vertex   1.121913e-02 -6.462354e-02 9.587785e-02
      vertex   1.084071e-02 -6.244382e-02 9.809017e-02
      vertex   3.756133e-03 -6.548253e-02 9.587785e-02
    endloop
  endfacet
  facet normal 8.092082e-02 -7.030455e-01 7.065259e-01
    outer loop
      vertex   3.756133e-03 -6.548253e-02 9.587785e-02
      vertex   1.084071e-02 -6.244382e-02 9.809017e-02
      vertex   3.629441e-03 -6.327384e-02 9.809017e-02
    endloop
  endfacet
  facet normal 0.000000e+00 -7.076872e-01 7.065259e-01
    outer loop
      vertex   3.756133e-03 -6.548253e-02 9.587785e-02
      vertex   3.629441e-03 -6.327384e-02 9.809017e-02
      vertex   -3.756133e-03 -6.548253e-02 9.587785e-02
    endloop
  endfacet
  facet normal 0.000000e+00 -7.076872e-01 7.065259e-01
    outer loop
      vertex   -3.756133e-03 -6.548253e-02 9.587785e-02
      vertex   3.629441e-03 -6.327384e-02 9.809017e-02
      vertex   -3.629441e-03 -6.327384e-02 9.809017e-02
    endloop
  endfacet
  facet normal -8.092082e-02 -7.030455e-01 7.065259e-01
    outer loop
      vertex   -3.756133e-03 -6.548253e-02 9.587785e-02
      vertex   -3.629441e-03 -6.327384e-02 9.809017e-02
      vertex   -1.121913e-02 -6.462354e-02 9.587785e-02
    endloop
  endfacet
  facet normal -8.092082e-02 -7.030455e-01 7.065259e-01
    outer loop
      vertex   -1.121913e-02 -6.462354e-02 9.587785e-02
      vertex   -3.629441e-03 -6.327384e-02 9.809017e-02
      vertex   -1.084071e-02 -6.244382e-02 9.809017e-02
    endloop
  endfacet
  facet normal -1.607801e-01 -6.891814e-01 7.065259e-01
    outer loop
      vertex   -1.121913e-02 -6.462354e-02 9.587785e-02
      vertex   -1.084071e-02 -6.244382e-02 9.809017e-02
      vertex   -1.853495e-02 -6.291682e-02 9.587785e-02
    endloop
  endfacet
  facet normal -1.607801e-01 -6.891814e-01 7.065259e-01
    outer loop
      vertex   -1.853495e-02 -6.291682e-02 9.587785e-02
      vertex   -1.084071e-02 -6.244382e-02 9.809017e-02
      vertex   -1.790978e-02 -6.079467e-02 9.809017e-02
    endloop
  endfacet
  facet normal -2.385304e-01 -6.662766e-01 7.065259e-01
    outer loop
      vertex   -1.853495e-02 -6.291682e-02 9.587785e-02
      vertex   -1.790978e-02 -6.079467e-02 9.809017e-02
      vertex   -2.560763e-02 -6.038476e-02 9.587785e-02
    endloop
  endfacet
  facet normal -2.385304e-01 -6.662766e-01 7.065259e-01
    outer loop
      vertex   -2.560763e-02 -6.038476e-02 9.587785e-02
      vertex   -1.790978e-02 -6.079467e-02 9.809017e-02
      vertex   -2.474390e-02 -5.834802e-02 9.809017e-02
    endloop
  endfacet
  facet normal 3.396363e-01 -5.055568e-01 7.931327e-01
    outer loop
      vertex   3.805624e-02 -5.216460e-02 9.707107e-02
      vertex   3.683562e-02 -5.049146e-02 9.866025e-02
      vertex   3.125344e-02 -5.513597e-02 9.809017e-02
    endloop
  endfacet
  facet normal 2.331984e-01 -3.896374e-01 8.909552e-01
    outer loop
      vertex   3.125344e-02 -5.513597e-02 9.809017e-02
      vertex   3.683562e-02 -5.049146e-02 9.866025e-02
      vertex   2.987875e-02 -5.271080e-02 9.951057e-02
    endloop
  endfacet
  facet normal 2.011528e-01 -4.076554e-01 8.907046e-01
    outer loop
      vertex   3.125344e-02 -5.513597e-02 9.809017e-02
      vertex   2.987875e-02 -5.271080e-02 9.951057e-02
      vertex   2.474390e-02 -5.834802e-02 9.809017e-02
    endloop
  endfacet
  facet normal 2.011528e-01 -4.076554e-01 8.907046e-01
    outer loop
      vertex   2.474390e-02 -5.834802e-02 9.809017e-02
      vertex   2.987875e-02 -5.271080e-02 9.951057e-02
      vertex   2.365554e-02 -5.578158e-02 9.951057e-02
    endloop
  endfacet
  facet normal 1.532199e-01 -4.279825e-01 8.907046e-01
    outer loop
      vertex   2.474390e-02 -5.834802e-02 9.809017e-02
      vertex   2.365554e-02 -5.578158e-02 9.951057e-02
      vertex   1.790978e-02 -6.079467e-02 9.809017e-02
    endloop
  endfacet
  facet normal 1.532199e-01 -4.279825e-01 8.907046e-01
    outer loop
      vertex   1.790978e-02 -6.079467e-02 9.809017e-02
      vertex   2.365554e-02 -5.578158e-02 9.951057e-02
      vertex   1.712201e-02 -5.812061e-02 9.951057e-02
    endloop
  endfacet
  facet normal 1.032771e-01 -4.426954e-01 8.907046e-01
    outer loop
      vertex   1.790978e-02 -6.079467e-02 9.809017e-02
      vertex   1.712201e-02 -5.812061e-02 9.951057e-02
      vertex   1.084071e-02 -6.244382e-02 9.809017e-02
    endloop
  endfacet
  facet normal 1.032771e-01 -4.426954e-01 8.907046e-01
    outer loop
      vertex   1.084071e-02 -6.244382e-02 9.809017e-02
      vertex   1.712201e-02 -5.812061e-02 9.951057e-02
      vertex   1.036388e-02 -5.969722e-02 9.951057e-02
    endloop
  endfacet
  facet normal 5.197946e-02 -4.516011e-01 8.907046e-01
    outer loop
      vertex   1.084071e-02 -6.244382e-02 9.809017e-02
      vertex   1.036388e-02 -5.969722e-02 9.951057e-02
      vertex   3.629441e-03 -6.327384e-02 9.809017e-02
    endloop
  endfacet
  facet normal 5.197946e-02 -4.516011e-01 8.907046e-01
    outer loop
      vertex   3.629441e-03 -6.327384e-02 9.809017e-02
      vertex   1.036388e-02 -5.969722e-02 9.951057e-02
      vertex   3.469800e-03 -6.049074e-02 9.951057e-02
    endloop
  endfacet
  facet normal 0.000000e+00 -4.545827e-01 8.907046e-01
    outer loop
      vertex   3.629441e-03 -6.327384e-02 9.809017e-02
      vertex   3.469800e-03 -6.049074e-02 9.951057e-02
      vertex   -3.629441e-03 -6.327384e-02 9.809017e-02
    endloop
  endfacet
  facet normal 0.000000e+00 -4.545827e-01 8.907046e-01
    outer loop
      vertex   -3.629441e-03 -6.327384e-02 9.809017e-02
      vertex   3.469800e-03 -6.049074e-02 9.951057e-02
      vertex   -3.469800e-03 -6.049074e-02 9.951057e-02
    endloop
  endfacet
  facet normal -5.197946e-02 -4.516011e-01 8.907046e-01
    outer loop
      vertex   -3.629441e-03 -6.327384e-02 9.809017e-02
      vertex   -3.469800e-03 -6.049074e-02 9.951057e-02
      vertex   -1.084071e-02 -6.244382e-02 9.809017e-02
    endloop
  endfacet
  facet normal -5.197946e-02 -4.516011e-01 8.907046e-01
    outer loop
      vertex   -1.084071e-02 -6.244382e-02 9.809017e-02
      vertex   -3.469800e-03 -6.049074e-02 9.951057e-02
      vertex   -1.036388e-02 -5.969722e-02 9.951057e-02
    endloop
  endfacet
  facet normal -1.032771e-01 -4.426954e-01 8.907046e-01
    outer loop
      vertex   -1.084071e-02 -6.244382e-02 9.809017e-02
      vertex   -1.036388e-02 -5.969722e-02 9.951057e-02
      vertex   -1.790978e-02 -6.079467e-02 9.809017e-02
    endloop
  endfacet
  facet normal -1.032771e-01 -4.426954e-01 8.907046e-01
    outer loop
      vertex   -1.790978e-02 -6.079467e-02 9.809017e-02
      vertex   -1.036388e-02 -5.969722e-02 9.951057e-02
      vertex   -1.712201e-02 -5.812061e-02 9.951057e-02
    endloop
  endfacet
  facet normal -1.532199e-01 -4.279825e-01 8.907046e-01
    outer loop
      vertex   -1.790978e-02 -6.079467e-02 9.809017e-02
      vertex   -1.712201e-02 -5.812061e-02 9.951057e-02
      vertex   -2.474390e-02 -5.834802e-02 9.809017e-02
    endloop
  endfacet
  facet normal -1.532199e-01 -4.279825e-01 8.907046e-01
    outer loop
      vertex   -2.474390e-02 -5.834802e-02 9.809017e-02
      vertex   -1.712201e-02 -5.812061e-02 9.951057e-02
      vertex   -2.365554e-02 -5.578158e-02 9.951057e-02
    endloop
  endfacet
  facet normal 2.141687e-01 -3.174065e-01 9.237883e-01
    outer loop
      vertex   3.683562e-02 -5.049146e-02 9.866025e-02
      vertex   3.541417e-02 -4.854304e-02 9.965926e-02
      vertex   2.987875e-02 -5.271080e-02 9.951057e-02
    endloop
  endfacet
  facet normal 7.630560e-02 -1.365831e-01 9.876854e-01
    outer loop
      vertex   2.987875e-02 -5.271080e-02 9.951057e-02
      vertex   3.541417e-02 -4.854304e-02 9.965926e-02
      vertex   2.777981e-02 -5.034413e-02 1.000000e-01
    endloop
  endfacet
  facet normal 7.008578e-02 -1.420356e-01 9.873773e-01
    outer loop
      vertex   2.987875e-02 -5.271080e-02 9.951057e-02
      vertex   2.777981e-02 -5.034413e-02 1.000000e-01
      vertex   2.365554e-02 -5.578158e-02 9.951057e-02
    endloop
  endfacet
  facet normal 6.544824e-02 -1.385907e-01 9.881848e-01
    outer loop
      vertex   2.365554e-02 -5.578158e-02 9.951057e-02
      vertex   2.777981e-02 -5.034413e-02 1.000000e-01
      vertex   2.123002e-02 -5.343722e-02 1.000000e-01
    endloop
  endfacet
  facet normal 5.383945e-02 -1.503874e-01 9.871600e-01
    outer loop
      vertex   2.365554e-02 -5.578158e-02 9.951057e-02
      vertex   2.123002e-02 -5.343722e-02 1.000000e-01
      vertex   1.712201e-02 -5.812061e-02 9.951057e-02
    endloop
  endfacet
  facet normal 4.715672e-02 -1.446509e-01 9.883584e-01
    outer loop
      vertex   1.712201e-02 -5.812061e-02 9.951057e-02
      vertex   2.123002e-02 -5.343722e-02 1.000000e-01
      vertex   1.434333e-02 -5.568230e-02 1.000000e-01
    endloop
  endfacet
  facet normal 3.651221e-02 -1.565090e-01 9.870014e-01
    outer loop
      vertex   1.712201e-02 -5.812061e-02 9.951057e-02
      vertex   1.434333e-02 -5.568230e-02 1.000000e-01
      vertex   1.036388e-02 -5.969722e-02 9.951057e-02
    endloop
  endfacet
  facet normal 2.845760e-02 -1.487048e-01 9.884721e-01
    outer loop
      vertex   1.036388e-02 -5.969722e-02 9.951057e-02
      vertex   1.434333e-02 -5.568230e-02 1.000000e-01
      vertex   7.229024e-03 -5.704377e-02 1.000000e-01
    endloop
  endfacet
  facet normal 1.844434e-02 -1.602456e-01 9.869048e-01
    outer loop
      vertex   1.036388e-02 -5.969722e-02 9.951057e-02
      vertex   7.229024e-03 -5.704377e-02 1.000000e-01
      vertex   3.469800e-03 -6.049074e-02 9.951057e-02
    endloop
  endfacet
  facet normal 9.513164e-03 -1.507359e-01 9.885283e-01
    outer loop
      vertex   3.469800e-03 -6.049074e-02 9.951057e-02
      vertex   7.229024e-03 -5.704377e-02 1.000000e-01
      vertex   -1.056258e-17 -5.750000e-02 1.000000e-01
    endloop
  endfacet
  facet normal 0.000000e+00 -1.615019e-01 9.868724e-01
    outer loop
      vertex   3.469800e-03 -6.049074e-02 9.951057e-02
      vertex   -1.056258e-17 -5.750000e-02 1.000000e-01
      vertex   -3.469800e-03 -6.049074e-02 9.951057e-02
    endloop
  endfacet
  facet normal -9.513164e-03 -1.507359e-01 9.885283e-01
    outer loop
      vertex   -3.469800e-03 -6.049074e-02 9.951057e-02
      vertex   -1.056258e-17 -5.750000e-02 1.000000e-01
      vertex   -7.229024e-03 -5.704377e-02 1.000000e-01
    endloop
  endfacet
  facet normal -1.844434e-02 -1.602456e-01 9.869048e-01
    outer loop
      vertex   -3.469800e-03 -6.049074e-02 9.951057e-02
      vertex   -7.229024e-03 -5.704377e-02 1.000000e-01
      vertex   -1.036388e-02 -5.969722e-02 9.951057e-02
    endloop
  endfacet
  facet normal -2.845760e-02 -1.487048e-01 9.884721e-01
    outer loop
      vertex   -1.036388e-02 -5.969722e-02 9.951057e-02
      vertex   -7.229024e-03 -5.704377e-02 1.000000e-01
      vertex   -1.434333e-02 -5.568230e-02 1.000000e-01
    endloop
  endfacet
  facet normal -3.651221e-02 -1.565090e-01 9.870014e-01
    outer loop
      vertex   -1.036388e-02 -5.969722e-02 9.951057e-02
      vertex   -1.434333e-02 -5.568230e-02 1.000000e-01
      vertex   -1.712201e-02 -5.812061e-02 9.951057e-02
    endloop
  endfacet
  facet normal -4.715672e-02 -1.446509e-01 9.883584e-01
    outer loop
      vertex   -1.712201e-02 -5.812061e-02 9.951057e-02
      vertex   -1.434333e-02 -5.568230e-02 1.000000e-01
      vertex   -2.123002e-02 -5.343722e-02 1.000000e-01
    endloop
  endfacet
  facet normal -5.383945e-02 -1.503874e-01 9.871600e-01
    outer loop
      vertex   -1.712201e-02 -5.812061e-02 9.951057e-02
      vertex   -2.123002e-02 -5.343722e-02 1.000000e-01
      vertex   -2.365554e-02 -5.578158e-02 9.951057e-02
    endloop
  endfacet
  facet normal -6.544824e-02 -1.385907e-01 9.881848e-01
    outer loop
      vertex   -2.365554e-02 -5.578158e-02 9.951057e-02
      vertex   -2.123002e-02 -5.343722e-02 1.000000e-01
      vertex   -2.777981e-02 -5.034413e-02 1.000000e-01
    endloop
  endfacet
  facet normal 7.027089e-02 -1.102986e-01 9.914112e-01
    outer loop
      vertex   3.541417e-02 -4.854304e-02 9.965926e-02
      vertex   3.388877e-02 -4.645214e-02 1.000000e-01
      vertex   2.777981e-02 -5.034413e-02 1.000000e-01
    endloop
  endfacet
  facet normal 7.836635e-01 -6.193987e-01 4.708288e-02
    outer loop
      vertex   5.128435e-02 -4.388797e-02 9.002460e-02
      vertex   5.453077e-02 -3.978247e-02 9.000000e-02
      vertex   5.235794e-02 -4.241442e-02 9.154073e-02
    endloop
  endfacet
  facet normal 8.007258e-01 -5.846376e-01 1.305262e-01
    outer loop
      vertex   5.235794e-02 -4.241442e-02 9.154073e-02
      vertex   5.453077e-02 -3.978247e-02 9.000000e-02
      vertex   5.425550e-02 -3.958164e-02 9.258819e-02
    endloop
  endfacet
  facet normal 7.678909e-01 -5.986588e-01 2.279280e-01
    outer loop
      vertex   5.235794e-02 -4.241442e-02 9.154073e-02
      vertex   5.425550e-02 -3.958164e-02 9.258819e-02
      vertex   5.209350e-02 -4.218539e-02 9.303318e-02
    endloop
  endfacet
  facet normal 7.418799e-01 -5.506142e-01 3.826724e-01
    outer loop
      vertex   5.209350e-02 -4.218539e-02 9.303318e-02
      vertex   5.425550e-02 -3.958164e-02 9.258819e-02
      vertex   5.344844e-02 -3.899286e-02 9.500000e-02
    endloop
  endfacet
  facet normal 7.483714e-01 -5.479101e-01 3.738112e-01
    outer loop
      vertex   5.209350e-02 -4.218539e-02 9.303318e-02
      vertex   5.344844e-02 -3.899286e-02 9.500000e-02
      vertex   5.165433e-02 -4.181551e-02 9.445454e-02
    endloop
  endfacet
  facet normal 6.770883e-01 -5.291866e-01 5.113835e-01
    outer loop
      vertex   5.165433e-02 -4.181551e-02 9.445454e-02
      vertex   5.344844e-02 -3.899286e-02 9.500000e-02
      vertex   5.105143e-02 -4.131401e-02 9.577176e-02
    endloop
  endfacet
  facet normal 6.550689e-01 -5.560684e-01 5.115394e-01
    outer loop
      vertex   5.165433e-02 -4.181551e-02 9.445454e-02
      vertex   5.105143e-02 -4.131401e-02 9.577176e-02
      vertex   4.948653e-02 -4.440746e-02 9.441303e-02
    endloop
  endfacet
  facet normal 6.611466e-01 -5.558081e-01 5.039469e-01
    outer loop
      vertex   4.948653e-02 -4.440746e-02 9.441303e-02
      vertex   5.105143e-02 -4.131401e-02 9.577176e-02
      vertex   4.892607e-02 -4.389264e-02 9.571611e-02
    endloop
  endfacet
  facet normal 6.287273e-01 -5.919479e-01 5.042814e-01
    outer loop
      vertex   4.948653e-02 -4.440746e-02 9.441303e-02
      vertex   4.892607e-02 -4.389264e-02 9.571611e-02
      vertex   4.715964e-02 -4.688896e-02 9.440124e-02
    endloop
  endfacet
  facet normal 6.310570e-01 -5.920090e-01 5.012907e-01
    outer loop
      vertex   4.715964e-02 -4.688896e-02 9.440124e-02
      vertex   4.892607e-02 -4.389264e-02 9.571611e-02
      vertex   4.662670e-02 -4.635829e-02 9.569884e-02
    endloop
  endfacet
  facet normal 5.971048e-01 -6.262052e-01 5.013311e-01
    outer loop
      vertex   4.715964e-02 -4.688896e-02 9.440124e-02
      vertex   4.662670e-02 -4.635829e-02 9.569884e-02
      vertex   4.469214e-02 -4.923373e-02 9.441132e-02
    endloop
  endfacet
  facet normal 5.953293e-01 -6.260440e-01 5.036387e-01
    outer loop
      vertex   4.469214e-02 -4.923373e-02 9.441132e-02
      vertex   4.662670e-02 -4.635829e-02 9.569884e-02
      vertex   4.417578e-02 -4.867742e-02 9.571320e-02
    endloop
  endfacet
  facet normal 5.619092e-01 -6.564177e-01 5.033625e-01
    outer loop
      vertex   4.469214e-02 -4.923373e-02 9.441132e-02
      vertex   4.417578e-02 -4.867742e-02 9.571320e-02
      vertex   4.196340e-02 -5.153820e-02 9.445225e-02
    endloop
  endfacet
  facet normal 5.562535e-01 -6.553823e-01 5.109365e-01
    outer loop
      vertex   4.196340e-02 -5.153820e-02 9.445225e-02
      vertex   4.417578e-02 -4.867742e-02 9.571320e-02
      vertex   4.146105e-02 -5.093856e-02 9.576833e-02
    endloop
  endfacet
  facet normal 5.296625e-01 -6.772085e-01 5.107312e-01
    outer loop
      vertex   4.196340e-02 -5.153820e-02 9.445225e-02
      vertex   4.146105e-02 -5.093856e-02 9.576833e-02
      vertex   3.899286e-02 -5.344844e-02 9.500000e-02
    endloop
  endfacet
  facet normal 4.645138e-01 -6.431499e-01 6.087571e-01
    outer loop
      vertex   3.899286e-02 -5.344844e-02 9.500000e-02
      vertex   4.146105e-02 -5.093856e-02 9.576833e-02
      vertex   3.805624e-02 -5.216460e-02 9.707107e-02
    endloop
  endfacet
  facet normal 4.650859e-01 -6.158033e-01 6.359886e-01
    outer loop
      vertex   3.805624e-02 -5.216460e-02 9.707107e-02
      vertex   4.146105e-02 -5.093856e-02 9.576833e-02
      vertex   4.083816e-02 -5.018933e-02 9.694928e-02
    endloop
  endfacet
  facet normal 4.067636e-01 -5.268623e-01 7.462972e-01
    outer loop
      vertex   3.805624e-02 -5.216460e-02 9.707107e-02
      vertex   4.083816e-02 -5.018933e-02 9.694928e-02
      vertex   4.010979e-02 -4.930863e-02 9.796802e-02
    endloop
  endfacet
  facet normal 4.274241e-01 -5.099824e-01 7.464761e-01
    outer loop
      vertex   4.010979e-02 -4.930863e-02 9.796802e-02
      vertex   4.083816e-02 -5.018933e-02 9.694928e-02
      vertex   4.278191e-02 -4.716345e-02 9.790355e-02
    endloop
  endfacet
  facet normal 3.605992e-01 -4.242123e-01 8.306697e-01
    outer loop
      vertex   4.010979e-02 -4.930863e-02 9.796802e-02
      vertex   4.278191e-02 -4.716345e-02 9.790355e-02
      vertex   4.193612e-02 -4.624023e-02 9.874219e-02
    endloop
  endfacet
  facet normal 3.818200e-01 -4.049083e-01 8.308205e-01
    outer loop
      vertex   4.193612e-02 -4.624023e-02 9.874219e-02
      vertex   4.278191e-02 -4.716345e-02 9.790355e-02
      vertex   4.429996e-02 -4.404300e-02 9.872668e-02
    endloop
  endfacet
  facet normal 2.963436e-01 -3.124447e-01 9.025291e-01
    outer loop
      vertex   4.193612e-02 -4.624023e-02 9.874219e-02
      vertex   4.429996e-02 -4.404300e-02 9.872668e-02
      vertex   4.334020e-02 -4.308832e-02 9.937231e-02
    endloop
  endfacet
  facet normal 3.170244e-01 -2.916153e-01 9.024722e-01
    outer loop
      vertex   4.334020e-02 -4.308832e-02 9.937231e-02
      vertex   4.429996e-02 -4.404300e-02 9.872668e-02
      vertex   4.545685e-02 -4.074520e-02 9.938590e-02
    endloop
  endfacet
  facet normal 2.072205e-01 -1.927530e-01 9.591173e-01
    outer loop
      vertex   4.334020e-02 -4.308832e-02 9.937231e-02
      vertex   4.545685e-02 -4.074520e-02 9.938590e-02
      vertex   4.438176e-02 -3.977620e-02 9.981292e-02
    endloop
  endfacet
  facet normal 2.245624e-01 -1.734185e-01 9.589045e-01
    outer loop
      vertex   4.438176e-02 -3.977620e-02 9.981292e-02
      vertex   4.545685e-02 -4.074520e-02 9.938590e-02
      vertex   4.618477e-02 -3.733149e-02 9.983280e-02
    endloop
  endfacet
  facet normal 9.904748e-02 -8.111677e-02 9.917710e-01
    outer loop
      vertex   4.438176e-02 -3.977620e-02 9.981292e-02
      vertex   4.618477e-02 -3.733149e-02 9.983280e-02
      vertex   4.412168e-02 -3.765601e-02 1.000123e-01
    endloop
  endfacet
  facet normal 9.522888e-02 -5.566443e-02 9.938978e-01
    outer loop
      vertex   4.412168e-02 -3.765601e-02 1.000123e-01
      vertex   4.618477e-02 -3.733149e-02 9.983280e-02
      vertex   4.645214e-02 -3.388877e-02 1.000000e-01
    endloop
  endfacet
  facet normal 1.196279e-01 -5.742618e-02 9.911566e-01
    outer loop
      vertex   4.645214e-02 -3.388877e-02 1.000000e-01
      vertex   4.618477e-02 -3.733149e-02 9.983280e-02
      vertex   4.854304e-02 -3.541417e-02 9.965926e-02
    endloop
  endfacet
  facet normal 2.051831e-01 -1.650520e-01 9.647060e-01
    outer loop
      vertex   4.854304e-02 -3.541417e-02 9.965926e-02
      vertex   4.618477e-02 -3.733149e-02 9.983280e-02
      vertex   4.733197e-02 -3.826474e-02 9.942914e-02
    endloop
  endfacet
  facet normal 3.200237e-01 -2.105339e-01 9.237209e-01
    outer loop
      vertex   4.854304e-02 -3.541417e-02 9.965926e-02
      vertex   4.733197e-02 -3.826474e-02 9.942914e-02
      vertex   5.049146e-02 -3.683562e-02 9.866025e-02
    endloop
  endfacet
  facet normal 3.306288e-01 -2.398723e-01 9.127682e-01
    outer loop
      vertex   5.049146e-02 -3.683562e-02 9.866025e-02
      vertex   4.733197e-02 -3.826474e-02 9.942914e-02
      vertex   4.841652e-02 -3.914946e-02 9.880378e-02
    endloop
  endfacet
  facet normal 4.287756e-01 -3.323966e-01 8.400381e-01
    outer loop
      vertex   5.049146e-02 -3.683562e-02 9.866025e-02
      vertex   4.841652e-02 -3.914946e-02 9.880378e-02
      vertex   4.941325e-02 -3.996511e-02 9.797228e-02
    endloop
  endfacet
  facet normal 4.144163e-01 -3.500010e-01 8.400943e-01
    outer loop
      vertex   4.941325e-02 -3.996511e-02 9.797228e-02
      vertex   4.841652e-02 -3.914946e-02 9.880378e-02
      vertex   4.740082e-02 -4.250368e-02 9.790738e-02
    endloop
  endfacet
  facet normal 5.195038e-01 -4.306974e-01 7.379807e-01
    outer loop
      vertex   4.941325e-02 -3.996511e-02 9.797228e-02
      vertex   4.740082e-02 -4.250368e-02 9.790738e-02
      vertex   4.822535e-02 -4.325304e-02 9.688961e-02
    endloop
  endfacet
  facet normal 4.917139e-01 -4.616866e-01 7.382838e-01
    outer loop
      vertex   4.822535e-02 -4.325304e-02 9.688961e-02
      vertex   4.740082e-02 -4.250368e-02 9.790738e-02
      vertex   4.596187e-02 -4.569655e-02 9.686910e-02
    endloop
  endfacet
  facet normal 5.699029e-01 -5.331660e-01 6.252556e-01
    outer loop
      vertex   4.822535e-02 -4.325304e-02 9.688961e-02
      vertex   4.596187e-02 -4.569655e-02 9.686910e-02
      vertex   4.662670e-02 -4.635829e-02 9.569884e-02
    endloop
  endfacet
  facet normal 5.382910e-01 -5.650113e-01 6.253040e-01
    outer loop
      vertex   4.662670e-02 -4.635829e-02 9.569884e-02
      vertex   4.596187e-02 -4.569655e-02 9.686910e-02
      vertex   4.417578e-02 -4.867742e-02 9.571320e-02
    endloop
  endfacet
  facet normal 6.442884e-01 -4.629407e-01 6.087514e-01
    outer loop
      vertex   5.344844e-02 -3.899286e-02 9.500000e-02
      vertex   5.216460e-02 -3.805624e-02 9.707107e-02
      vertex   5.105143e-02 -4.131401e-02 9.577176e-02
    endloop
  endfacet
  facet normal 6.156444e-01 -4.643049e-01 6.367126e-01
    outer loop
      vertex   5.105143e-02 -4.131401e-02 9.577176e-02
      vertex   5.216460e-02 -3.805624e-02 9.707107e-02
      vertex   5.029832e-02 -4.069220e-02 9.695340e-02
    endloop
  endfacet
  facet normal 5.880156e-01 -4.984049e-01 6.370480e-01
    outer loop
      vertex   5.105143e-02 -4.131401e-02 9.577176e-02
      vertex   5.029832e-02 -4.069220e-02 9.695340e-02
      vertex   4.892607e-02 -4.389264e-02 9.571611e-02
    endloop
  endfacet
  facet normal 5.969371e-01 -4.988613e-01 6.283339e-01
    outer loop
      vertex   4.892607e-02 -4.389264e-02 9.571611e-02
      vertex   5.029832e-02 -4.069220e-02 9.695340e-02
      vertex   4.822535e-02 -4.325304e-02 9.688961e-02
    endloop
  endfacet
  facet normal 5.665489e-01 -5.327429e-01 6.286551e-01
    outer loop
      vertex   4.892607e-02 -4.389264e-02 9.571611e-02
      vertex   4.822535e-02 -4.325304e-02 9.688961e-02
      vertex   4.662670e-02 -4.635829e-02 9.569884e-02
    endloop
  endfacet
  facet normal 5.263971e-01 -4.060410e-01 7.470186e-01
    outer loop
      vertex   5.029832e-02 -4.069220e-02 9.695340e-02
      vertex   5.216460e-02 -3.805624e-02 9.707107e-02
      vertex   4.941325e-02 -3.996511e-02 9.797228e-02
    endloop
  endfacet
  facet normal 5.004511e-01 -3.468091e-01 7.932667e-01
    outer loop
      vertex   4.941325e-02 -3.996511e-02 9.797228e-02
      vertex   5.216460e-02 -3.805624e-02 9.707107e-02
      vertex   5.049146e-02 -3.683562e-02 9.866025e-02
    endloop
  endfacet
  facet normal 9.932526e-02 -8.108037e-02 9.917462e-01
    outer loop
      vertex   4.412168e-02 -3.765601e-02 1.000123e-01
      vertex   4.115037e-02 -4.115035e-02 1.000242e-01
      vertex   4.438176e-02 -3.977620e-02 9.981292e-02
    endloop
  endfacet
  facet normal 1.059927e-01 -9.708671e-02 9.896159e-01
    outer loop
      vertex   4.438176e-02 -3.977620e-02 9.981292e-02
      vertex   4.115037e-02 -4.115035e-02 1.000242e-01
      vertex   4.232263e-02 -4.207628e-02 9.980781e-02
    endloop
  endfacet
  facet normal 2.155039e-01 -1.950528e-01 9.568242e-01
    outer loop
      vertex   4.438176e-02 -3.977620e-02 9.981292e-02
      vertex   4.232263e-02 -4.207628e-02 9.980781e-02
      vertex   4.334020e-02 -4.308832e-02 9.937231e-02
    endloop
  endfacet
  facet normal 1.995292e-01 -2.111366e-01 9.568748e-01
    outer loop
      vertex   4.334020e-02 -4.308832e-02 9.937231e-02
      vertex   4.232263e-02 -4.207628e-02 9.980781e-02
      vertex   4.101619e-02 -4.523358e-02 9.938357e-02
    endloop
  endfacet
  facet normal 2.910559e-01 -3.105624e-01 9.048964e-01
    outer loop
      vertex   4.334020e-02 -4.308832e-02 9.937231e-02
      vertex   4.101619e-02 -4.523358e-02 9.938357e-02
      vertex   4.193612e-02 -4.624023e-02 9.874219e-02
    endloop
  endfacet
  facet normal 2.751096e-01 -3.250674e-01 9.047905e-01
    outer loop
      vertex   4.193612e-02 -4.624023e-02 9.874219e-02
      vertex   4.101619e-02 -4.523358e-02 9.938357e-02
      vertex   3.929263e-02 -4.831662e-02 9.879997e-02
    endloop
  endfacet
  facet normal 3.468936e-01 -4.182751e-01 8.394705e-01
    outer loop
      vertex   4.193612e-02 -4.624023e-02 9.874219e-02
      vertex   3.929263e-02 -4.831662e-02 9.879997e-02
      vertex   4.010979e-02 -4.930863e-02 9.796802e-02
    endloop
  endfacet
  facet normal 3.327425e-01 -4.298377e-01 8.393581e-01
    outer loop
      vertex   4.010979e-02 -4.930863e-02 9.796802e-02
      vertex   3.929263e-02 -4.831662e-02 9.879997e-02
      vertex   3.683562e-02 -5.049146e-02 9.866025e-02
    endloop
  endfacet
  facet normal 3.481613e-01 -4.994821e-01 7.932851e-01
    outer loop
      vertex   4.010979e-02 -4.930863e-02 9.796802e-02
      vertex   3.683562e-02 -5.049146e-02 9.866025e-02
      vertex   3.805624e-02 -5.216460e-02 9.707107e-02
    endloop
  endfacet
  facet normal 9.901371e-02 -1.058806e-01 9.894370e-01
    outer loop
      vertex   4.232263e-02 -4.207628e-02 9.980781e-02
      vertex   4.115037e-02 -4.115035e-02 1.000242e-01
      vertex   4.004277e-02 -4.416607e-02 9.981233e-02
    endloop
  endfacet
  facet normal 8.188526e-02 -9.974438e-02 9.916380e-01
    outer loop
      vertex   4.004277e-02 -4.416607e-02 9.981233e-02
      vertex   4.115037e-02 -4.115035e-02 1.000242e-01
      vertex   3.765532e-02 -4.412754e-02 1.000133e-01
    endloop
  endfacet
  facet normal 8.189894e-02 -9.918448e-02 9.916930e-01
    outer loop
      vertex   4.004277e-02 -4.416607e-02 9.981233e-02
      vertex   3.765532e-02 -4.412754e-02 1.000133e-01
      vertex   3.747090e-02 -4.609466e-02 9.983184e-02
    endloop
  endfacet
  facet normal 5.632656e-02 -9.697151e-02 9.936920e-01
    outer loop
      vertex   3.747090e-02 -4.609466e-02 9.983184e-02
      vertex   3.765532e-02 -4.412754e-02 1.000133e-01
      vertex   3.388877e-02 -4.645214e-02 1.000000e-01
    endloop
  endfacet
  facet normal 5.839945e-02 -1.189224e-01 9.911846e-01
    outer loop
      vertex   3.747090e-02 -4.609466e-02 9.983184e-02
      vertex   3.388877e-02 -4.645214e-02 1.000000e-01
      vertex   3.541417e-02 -4.854304e-02 9.965926e-02
    endloop
  endfacet
  facet normal 1.653431e-01 -2.068637e-01 9.642972e-01
    outer loop
      vertex   3.747090e-02 -4.609466e-02 9.983184e-02
      vertex   3.541417e-02 -4.854304e-02 9.965926e-02
      vertex   3.840615e-02 -4.723696e-02 9.942642e-02
    endloop
  endfacet
  facet normal 2.113335e-01 -3.194488e-01 9.237373e-01
    outer loop
      vertex   3.840615e-02 -4.723696e-02 9.942642e-02
      vertex   3.541417e-02 -4.854304e-02 9.965926e-02
      vertex   3.683562e-02 -5.049146e-02 9.866025e-02
    endloop
  endfacet
  facet normal 2.412732e-01 -3.311805e-01 9.121988e-01
    outer loop
      vertex   3.840615e-02 -4.723696e-02 9.942642e-02
      vertex   3.683562e-02 -5.049146e-02 9.866025e-02
      vertex   3.929263e-02 -4.831662e-02 9.879997e-02
    endloop
  endfacet
  facet normal 5.485962e-01 -7.433703e-01 3.826785e-01
    outer loop
      vertex   3.899286e-02 -5.344844e-02 9.500000e-02
      vertex   3.958164e-02 -5.425550e-02 9.258819e-02
      vertex   4.196340e-02 -5.153820e-02 9.445225e-02
    endloop
  endfacet
  facet normal 5.554178e-01 -7.430068e-01 3.734326e-01
    outer loop
      vertex   4.196340e-02 -5.153820e-02 9.445225e-02
      vertex   3.958164e-02 -5.425550e-02 9.258819e-02
      vertex   4.233396e-02 -5.197482e-02 9.303238e-02
    endloop
  endfacet
  facet normal 6.016475e-01 -7.057687e-01 3.740465e-01
    outer loop
      vertex   4.196340e-02 -5.153820e-02 9.445225e-02
      vertex   4.233396e-02 -5.197482e-02 9.303238e-02
      vertex   4.469214e-02 -4.923373e-02 9.441132e-02
    endloop
  endfacet
  facet normal 6.052102e-01 -7.058457e-01 3.681067e-01
    outer loop
      vertex   4.469214e-02 -4.923373e-02 9.441132e-02
      vertex   4.233396e-02 -5.197482e-02 9.303238e-02
      vertex   4.507188e-02 -4.963875e-02 9.301035e-02
    endloop
  endfacet
  facet normal 6.411870e-01 -6.731660e-01 3.684110e-01
    outer loop
      vertex   4.469214e-02 -4.923373e-02 9.441132e-02
      vertex   4.507188e-02 -4.963875e-02 9.301035e-02
      vertex   4.715964e-02 -4.688896e-02 9.440124e-02
    endloop
  endfacet
  facet normal 6.423041e-01 -6.730941e-01 3.665920e-01
    outer loop
      vertex   4.715964e-02 -4.688896e-02 9.440124e-02
      vertex   4.507188e-02 -4.963875e-02 9.301035e-02
      vertex   4.754922e-02 -4.727714e-02 9.300592e-02
    endloop
  endfacet
  facet normal 6.778230e-01 -6.373305e-01 3.665595e-01
    outer loop
      vertex   4.715964e-02 -4.688896e-02 9.440124e-02
      vertex   4.754922e-02 -4.727714e-02 9.300592e-02
      vertex   4.948653e-02 -4.440746e-02 9.441303e-02
    endloop
  endfacet
  facet normal 6.763577e-01 -6.375108e-01 3.689447e-01
    outer loop
      vertex   4.948653e-02 -4.440746e-02 9.441303e-02
      vertex   4.754922e-02 -4.727714e-02 9.300592e-02
      vertex   4.989453e-02 -4.478628e-02 9.301049e-02
    endloop
  endfacet
  facet normal 7.101514e-01 -5.998476e-01 3.686026e-01
    outer loop
      vertex   4.948653e-02 -4.440746e-02 9.441303e-02
      vertex   4.989453e-02 -4.478628e-02 9.301049e-02
      vertex   5.165433e-02 -4.181551e-02 9.445454e-02
    endloop
  endfacet
  facet normal 7.064416e-01 -6.005421e-01 3.745524e-01
    outer loop
      vertex   5.165433e-02 -4.181551e-02 9.445454e-02
      vertex   4.989453e-02 -4.478628e-02 9.301049e-02
      vertex   5.209350e-02 -4.218539e-02 9.303318e-02
    endloop
  endfacet
  facet normal 5.992820e-01 -7.675245e-01 2.275240e-01
    outer loop
      vertex   4.233396e-02 -5.197482e-02 9.303238e-02
      vertex   3.958164e-02 -5.425550e-02 9.258819e-02
      vertex   4.256348e-02 -5.223752e-02 9.154167e-02
    endloop
  endfacet
  facet normal 5.866910e-01 -7.992226e-01 1.305256e-01
    outer loop
      vertex   4.256348e-02 -5.223752e-02 9.154167e-02
      vertex   3.958164e-02 -5.425550e-02 9.258819e-02
      vertex   3.978247e-02 -5.453077e-02 9.000000e-02
    endloop
  endfacet
  facet normal 6.193246e-01 -7.836372e-01 4.847458e-02
    outer loop
      vertex   4.256348e-02 -5.223752e-02 9.154167e-02
      vertex   3.978247e-02 -5.453077e-02 9.000000e-02
      vertex   4.388802e-02 -5.128442e-02 9.002670e-02
    endloop
  endfacet
  facet normal 6.487092e-01 -7.554689e-01 9.188651e-02
    outer loop
      vertex   4.256348e-02 -5.223752e-02 9.154167e-02
      vertex   4.388802e-02 -5.128442e-02 9.002670e-02
      vertex   4.530585e-02 -4.988267e-02 9.154179e-02
    endloop
  endfacet
  facet normal 6.783781e-01 -7.334113e-01 4.371485e-02
    outer loop
      vertex   4.530585e-02 -4.988267e-02 9.154179e-02
      vertex   4.388802e-02 -5.128442e-02 9.002670e-02
      vertex   4.772971e-02 -4.772971e-02 9.004840e-02
    endloop
  endfacet
  facet normal 6.885670e-01 -7.209407e-01 7.823027e-02
    outer loop
      vertex   4.530585e-02 -4.988267e-02 9.154179e-02
      vertex   4.772971e-02 -4.772971e-02 9.004840e-02
      vertex   4.778612e-02 -4.751354e-02 9.154396e-02
    endloop
  endfacet
  facet normal 7.253500e-01 -6.846468e-01 7.159703e-02
    outer loop
      vertex   4.778612e-02 -4.751354e-02 9.154396e-02
      vertex   4.772971e-02 -4.772971e-02 9.004840e-02
      vertex   5.014018e-02 -4.501993e-02 9.154012e-02
    endloop
  endfacet
  facet normal 7.087428e-01 -6.687334e-01 2.246759e-01
    outer loop
      vertex   4.778612e-02 -4.751354e-02 9.154396e-02
      vertex   5.014018e-02 -4.501993e-02 9.154012e-02
      vertex   4.989453e-02 -4.478628e-02 9.301049e-02
    endloop
  endfacet
  facet normal 7.432151e-01 -6.303227e-01 2.243314e-01
    outer loop
      vertex   4.989453e-02 -4.478628e-02 9.301049e-02
      vertex   5.014018e-02 -4.501993e-02 9.154012e-02
      vertex   5.209350e-02 -4.218539e-02 9.303318e-02
    endloop
  endfacet
  facet normal 7.333327e-01 -6.782394e-01 4.705825e-02
    outer loop
      vertex   4.772971e-02 -4.772971e-02 9.004840e-02
      vertex   5.128435e-02 -4.388797e-02 9.002460e-02
      vertex   5.014018e-02 -4.501993e-02 9.154012e-02
    endloop
  endfacet
  facet normal 7.583680e-01 -6.455288e-01 9.039106e-02
    outer loop
      vertex   5.014018e-02 -4.501993e-02 9.154012e-02
      vertex   5.128435e-02 -4.388797e-02 9.002460e-02
      vertex   5.235794e-02 -4.241442e-02 9.154073e-02
    endloop
  endfacet
  facet normal 7.413756e-01 -6.310970e-01 2.282078e-01
    outer loop
      vertex   5.014018e-02 -4.501993e-02 9.154012e-02
      vertex   5.235794e-02 -4.241442e-02 9.154073e-02
      vertex   5.209350e-02 -4.218539e-02 9.303318e-02
    endloop
  endfacet
  facet normal 2.017198e-01 -1.693063e-01 9.646992e-01
    outer loop
      vertex   4.618477e-02 -3.733149e-02 9.983280e-02
      vertex   4.545685e-02 -4.074520e-02 9.938590e-02
      vertex   4.733197e-02 -3.826474e-02 9.942914e-02
    endloop
  endfacet
  facet normal 3.312029e-01 -2.661534e-01 9.052442e-01
    outer loop
      vertex   4.733197e-02 -3.826474e-02 9.942914e-02
      vertex   4.545685e-02 -4.074520e-02 9.938590e-02
      vertex   4.647081e-02 -4.166123e-02 9.874560e-02
    endloop
  endfacet
  facet normal 3.120160e-01 -2.628482e-01 9.129934e-01
    outer loop
      vertex   4.733197e-02 -3.826474e-02 9.942914e-02
      vertex   4.647081e-02 -4.166123e-02 9.874560e-02
      vertex   4.841652e-02 -3.914946e-02 9.880378e-02
    endloop
  endfacet
  facet normal 4.300039e-01 -3.523524e-01 8.312307e-01
    outer loop
      vertex   4.841652e-02 -3.914946e-02 9.880378e-02
      vertex   4.647081e-02 -4.166123e-02 9.874560e-02
      vertex   4.740082e-02 -4.250368e-02 9.790738e-02
    endloop
  endfacet
  facet normal 5.073966e-01 -4.293389e-01 7.471390e-01
    outer loop
      vertex   4.822535e-02 -4.325304e-02 9.688961e-02
      vertex   5.029832e-02 -4.069220e-02 9.695340e-02
      vertex   4.941325e-02 -3.996511e-02 9.797228e-02
    endloop
  endfacet
  facet normal 3.100289e-01 -2.897652e-01 9.054934e-01
    outer loop
      vertex   4.545685e-02 -4.074520e-02 9.938590e-02
      vertex   4.429996e-02 -4.404300e-02 9.872668e-02
      vertex   4.647081e-02 -4.166123e-02 9.874560e-02
    endloop
  endfacet
  facet normal 4.110538e-01 -3.812289e-01 8.280696e-01
    outer loop
      vertex   4.647081e-02 -4.166123e-02 9.874560e-02
      vertex   4.429996e-02 -4.404300e-02 9.872668e-02
      vertex   4.518057e-02 -4.491909e-02 9.788621e-02
    endloop
  endfacet
  facet normal 4.053292e-01 -3.798691e-01 8.315093e-01
    outer loop
      vertex   4.647081e-02 -4.166123e-02 9.874560e-02
      vertex   4.518057e-02 -4.491909e-02 9.788621e-02
      vertex   4.740082e-02 -4.250368e-02 9.790738e-02
    endloop
  endfacet
  facet normal 4.962047e-01 -4.625541e-01 7.347276e-01
    outer loop
      vertex   4.740082e-02 -4.250368e-02 9.790738e-02
      vertex   4.518057e-02 -4.491909e-02 9.788621e-02
      vertex   4.596187e-02 -4.569655e-02 9.686910e-02
    endloop
  endfacet
  facet normal 7.095112e-01 -6.684591e-01 2.230611e-01
    outer loop
      vertex   4.778612e-02 -4.751354e-02 9.154396e-02
      vertex   4.989453e-02 -4.478628e-02 9.301049e-02
      vertex   4.754922e-02 -4.727714e-02 9.300592e-02
    endloop
  endfacet
  facet normal 1.932870e-01 -2.087946e-01 9.586683e-01
    outer loop
      vertex   4.232263e-02 -4.207628e-02 9.980781e-02
      vertex   4.004277e-02 -4.416607e-02 9.981233e-02
      vertex   4.101619e-02 -4.523358e-02 9.938357e-02
    endloop
  endfacet
  facet normal 1.831090e-01 -2.180505e-01 9.586058e-01
    outer loop
      vertex   4.101619e-02 -4.523358e-02 9.938357e-02
      vertex   4.004277e-02 -4.416607e-02 9.981233e-02
      vertex   3.840615e-02 -4.723696e-02 9.942642e-02
    endloop
  endfacet
  facet normal 2.584648e-01 -3.172129e-01 9.124538e-01
    outer loop
      vertex   4.101619e-02 -4.523358e-02 9.938357e-02
      vertex   3.840615e-02 -4.723696e-02 9.942642e-02
      vertex   3.929263e-02 -4.831662e-02 9.879997e-02
    endloop
  endfacet
  facet normal 1.635410e-01 -2.083358e-01 9.642876e-01
    outer loop
      vertex   3.747090e-02 -4.609466e-02 9.983184e-02
      vertex   3.840615e-02 -4.723696e-02 9.942642e-02
      vertex   4.004277e-02 -4.416607e-02 9.981233e-02
    endloop
  endfacet
  facet normal 3.861582e-01 -4.063084e-01 8.281276e-01
    outer loop
      vertex   4.518057e-02 -4.491909e-02 9.788621e-02
      vertex   4.429996e-02 -4.404300e-02 9.872668e-02
      vertex   4.278191e-02 -4.716345e-02 9.790355e-02
    endloop
  endfacet
  facet normal 4.676200e-01 -4.913518e-01 7.347823e-01
    outer loop
      vertex   4.596187e-02 -4.569655e-02 9.686910e-02
      vertex   4.518057e-02 -4.491909e-02 9.788621e-02
      vertex   4.353403e-02 -4.798190e-02 9.688597e-02
    endloop
  endfacet
  facet normal 4.642094e-01 -4.904250e-01 7.375588e-01
    outer loop
      vertex   4.353403e-02 -4.798190e-02 9.688597e-02
      vertex   4.518057e-02 -4.491909e-02 9.788621e-02
      vertex   4.278191e-02 -4.716345e-02 9.790355e-02
    endloop
  endfacet
  facet normal 4.382331e-01 -5.140515e-01 7.373621e-01
    outer loop
      vertex   4.353403e-02 -4.798190e-02 9.688597e-02
      vertex   4.278191e-02 -4.716345e-02 9.790355e-02
      vertex   4.083816e-02 -5.018933e-02 9.694928e-02
    endloop
  endfacet
  facet normal 5.056902e-01 -5.918288e-01 6.277070e-01
    outer loop
      vertex   4.146105e-02 -5.093856e-02 9.576833e-02
      vertex   4.417578e-02 -4.867742e-02 9.571320e-02
      vertex   4.353403e-02 -4.798190e-02 9.688597e-02
    endloop
  endfacet
  facet normal 5.357388e-01 -5.645066e-01 6.279460e-01
    outer loop
      vertex   4.353403e-02 -4.798190e-02 9.688597e-02
      vertex   4.417578e-02 -4.867742e-02 9.571320e-02
      vertex   4.596187e-02 -4.569655e-02 9.686910e-02
    endloop
  endfacet
  facet normal 4.975788e-01 -5.894245e-01 6.363914e-01
    outer loop
      vertex   4.146105e-02 -5.093856e-02 9.576833e-02
      vertex   4.353403e-02 -4.798190e-02 9.688597e-02
      vertex   4.083816e-02 -5.018933e-02 9.694928e-02
    endloop
  endfacet
  facet normal 6.732104e-01 -7.049964e-01 2.230872e-01
    outer loop
      vertex   4.778612e-02 -4.751354e-02 9.154396e-02
      vertex   4.754922e-02 -4.727714e-02 9.300592e-02
      vertex   4.530585e-02 -4.988267e-02 9.154179e-02
    endloop
  endfacet
  facet normal 6.726279e-01 -7.051707e-01 2.242899e-01
    outer loop
      vertex   4.530585e-02 -4.988267e-02 9.154179e-02
      vertex   4.754922e-02 -4.727714e-02 9.300592e-02
      vertex   4.507188e-02 -4.963875e-02 9.301035e-02
    endloop
  endfacet
  facet normal 6.349123e-01 -7.394083e-01 2.239680e-01
    outer loop
      vertex   4.530585e-02 -4.988267e-02 9.154179e-02
      vertex   4.507188e-02 -4.963875e-02 9.301035e-02
      vertex   4.256348e-02 -5.223752e-02 9.154167e-02
    endloop
  endfacet
  facet normal 6.330619e-01 -7.398114e-01 2.278414e-01
    outer loop
      vertex   4.256348e-02 -5.223752e-02 9.154167e-02
      vertex   4.507188e-02 -4.963875e-02 9.301035e-02
      vertex   4.233396e-02 -5.197482e-02 9.303238e-02
    endloop
  endfacet
  facet normal -1.496777e-01 -4.157723e-02 9.878603e-01
    outer loop
      vertex   -4.703200e-02 -3.180129e-02 1.000000e-01
      vertex   -4.645214e-02 -3.388877e-02 1.000000e-01
      vertex   -4.339004e-02 -3.328350e-02 1.004894e-01
    endloop
  endfacet
  facet normal -1.411435e-01 -8.361386e-02 9.864518e-01
    outer loop
      vertex   -4.339004e-02 -3.328350e-02 1.004894e-01
      vertex   -4.645214e-02 -3.388877e-02 1.000000e-01
      vertex   -4.412754e-02 -3.765532e-02 1.000133e-01
    endloop
  endfacet
  facet normal -1.685044e-01 -7.857491e-02 9.825641e-01
    outer loop
      vertex   -4.339004e-02 -3.328350e-02 1.004894e-01
      vertex   -4.412754e-02 -3.765532e-02 1.000133e-01
      vertex   -4.214434e-02 -3.595492e-02 1.004894e-01
    endloop
  endfacet
  facet normal -1.475504e-01 -1.033159e-01 9.836436e-01
    outer loop
      vertex   -4.214434e-02 -3.595492e-02 1.004894e-01
      vertex   -4.412754e-02 -3.765532e-02 1.000133e-01
      vertex   -4.045368e-02 -3.836943e-02 1.004894e-01
    endloop
  endfacet
  facet normal -3.730137e-01 -2.611870e-01 8.903045e-01
    outer loop
      vertex   -4.214434e-02 -3.595492e-02 1.004894e-01
      vertex   -4.045368e-02 -3.836943e-02 1.004894e-01
      vertex   -3.831819e-02 -3.657754e-02 1.019098e-01
    endloop
  endfacet
  facet normal -3.219921e-01 -3.219921e-01 8.903045e-01
    outer loop
      vertex   -3.831819e-02 -3.657754e-02 1.019098e-01
      vertex   -4.045368e-02 -3.836943e-02 1.004894e-01
      vertex   -3.657754e-02 -3.831819e-02 1.019098e-01
    endloop
  endfacet
  facet normal -5.009522e-01 -5.009522e-01 7.057576e-01
    outer loop
      vertex   -3.831819e-02 -3.657754e-02 1.019098e-01
      vertex   -3.657754e-02 -3.831819e-02 1.019098e-01
      vertex   -3.515549e-02 -3.662346e-02 1.041221e-01
    endloop
  endfacet
  facet normal -4.063522e-01 -5.803311e-01 7.057576e-01
    outer loop
      vertex   -3.515549e-02 -3.662346e-02 1.041221e-01
      vertex   -3.657754e-02 -3.831819e-02 1.019098e-01
      vertex   -3.345492e-02 -3.781422e-02 1.041221e-01
    endloop
  endfacet
  facet normal -5.114609e-01 -7.304418e-01 4.526174e-01
    outer loop
      vertex   -3.515549e-02 -3.662346e-02 1.041221e-01
      vertex   -3.345492e-02 -3.781422e-02 1.041221e-01
      vertex   -3.274472e-02 -3.658412e-02 1.069098e-01
    endloop
  endfacet
  facet normal -3.768507e-01 -8.081590e-01 4.526174e-01
    outer loop
      vertex   -3.274472e-02 -3.658412e-02 1.069098e-01
      vertex   -3.345492e-02 -3.781422e-02 1.041221e-01
      vertex   -3.108760e-02 -3.735684e-02 1.069098e-01
    endloop
  endfacet
  facet normal -4.174539e-01 -8.952328e-01 1.558537e-01
    outer loop
      vertex   -3.274472e-02 -3.658412e-02 1.069098e-01
      vertex   -3.108760e-02 -3.735684e-02 1.069098e-01
      vertex   -3.250000e-02 -3.616025e-02 1.100000e-01
    endloop
  endfacet
  facet normal -3.764429e-01 -9.088136e-01 1.798571e-01
    outer loop
      vertex   -3.250000e-02 -3.616025e-02 1.100000e-01
      vertex   -3.108760e-02 -3.735684e-02 1.069098e-01
      vertex   -3.008819e-02 -3.715926e-02 1.100000e-01
    endloop
  endfacet
  facet normal -2.561233e-01 -9.558653e-01 1.439524e-01
    outer loop
      vertex   -3.008819e-02 -3.715926e-02 1.100000e-01
      vertex   -3.108760e-02 -3.735684e-02 1.069098e-01
      vertex   -2.932147e-02 -3.783008e-02 1.069098e-01
    endloop
  endfacet
  facet normal -1.283977e-01 -9.752771e-01 1.798571e-01
    outer loop
      vertex   -3.008819e-02 -3.715926e-02 1.100000e-01
      vertex   -2.932147e-02 -3.783008e-02 1.069098e-01
      vertex   -2.750000e-02 -3.750000e-02 1.100000e-01
    endloop
  endfacet
  facet normal -4.174038e-02 -9.905808e-01 1.304124e-01
    outer loop
      vertex   -2.750000e-02 -3.750000e-02 1.100000e-01
      vertex   -2.932147e-02 -3.783008e-02 1.069098e-01
      vertex   -2.750000e-02 -3.784074e-02 1.074118e-01
    endloop
  endfacet
  facet normal -1.101980e-01 -9.182528e-01 3.803528e-01
    outer loop
      vertex   -2.750000e-02 -3.784074e-02 1.074118e-01
      vertex   -2.932147e-02 -3.783008e-02 1.069098e-01
      vertex   -2.750000e-02 -3.883975e-02 1.050000e-01
    endloop
  endfacet
  facet normal -2.302905e-02 -8.927330e-01 4.499972e-01
    outer loop
      vertex   -2.750000e-02 -3.883975e-02 1.050000e-01
      vertex   -2.932147e-02 -3.783008e-02 1.069098e-01
      vertex   -2.956812e-02 -3.922889e-02 1.041221e-01
    endloop
  endfacet
  facet normal -1.084753e-01 -7.886719e-01 6.051692e-01
    outer loop
      vertex   -2.750000e-02 -3.883975e-02 1.050000e-01
      vertex   -2.956812e-02 -3.922889e-02 1.041221e-01
      vertex   -2.750000e-02 -4.042893e-02 1.029289e-01
    endloop
  endfacet
  facet normal -7.805704e-03 -7.117986e-01 7.023402e-01
    outer loop
      vertex   -2.750000e-02 -4.042893e-02 1.029289e-01
      vertex   -2.956812e-02 -3.922889e-02 1.041221e-01
      vertex   -2.995229e-02 -4.140760e-02 1.019098e-01
    endloop
  endfacet
  facet normal -8.642417e-02 -6.064837e-01 7.903850e-01
    outer loop
      vertex   -2.750000e-02 -4.042893e-02 1.029289e-01
      vertex   -2.995229e-02 -4.140760e-02 1.019098e-01
      vertex   -2.750000e-02 -4.250000e-02 1.013397e-01
    endloop
  endfacet
  facet normal 1.642566e-03 -4.597519e-01 8.880459e-01
    outer loop
      vertex   -2.750000e-02 -4.250000e-02 1.013397e-01
      vertex   -2.995229e-02 -4.140760e-02 1.019098e-01
      vertex   -3.043636e-02 -4.415293e-02 1.004894e-01
    endloop
  endfacet
  facet normal -5.204674e-02 -3.821648e-01 9.226274e-01
    outer loop
      vertex   -2.750000e-02 -4.250000e-02 1.013397e-01
      vertex   -3.043636e-02 -4.415293e-02 1.004894e-01
      vertex   -2.750000e-02 -4.491181e-02 1.003407e-01
    endloop
  endfacet
  facet normal 1.209692e-02 -1.469882e-01 9.890643e-01
    outer loop
      vertex   -2.750000e-02 -4.491181e-02 1.003407e-01
      vertex   -3.043636e-02 -4.415293e-02 1.004894e-01
      vertex   -2.966334e-02 -4.738266e-02 1.000000e-01
    endloop
  endfacet
  facet normal -7.079899e-03 -1.305229e-01 9.914200e-01
    outer loop
      vertex   -2.750000e-02 -4.491181e-02 1.003407e-01
      vertex   -2.966334e-02 -4.738266e-02 1.000000e-01
      vertex   -2.750000e-02 -4.750000e-02 1.000000e-01
    endloop
  endfacet
  facet normal -1.515458e-01 -1.260461e-01 9.803807e-01
    outer loop
      vertex   -4.412754e-02 -3.765532e-02 1.000133e-01
      vertex   -4.115035e-02 -4.115037e-02 1.000242e-01
      vertex   -4.045368e-02 -3.836943e-02 1.004894e-01
    endloop
  endfacet
  facet normal -1.314473e-01 -1.314473e-01 9.825697e-01
    outer loop
      vertex   -4.045368e-02 -3.836943e-02 1.004894e-01
      vertex   -4.115035e-02 -4.115037e-02 1.000242e-01
      vertex   -3.836943e-02 -4.045368e-02 1.004894e-01
    endloop
  endfacet
  facet normal -3.219921e-01 -3.219921e-01 8.903045e-01
    outer loop
      vertex   -4.045368e-02 -3.836943e-02 1.004894e-01
      vertex   -3.836943e-02 -4.045368e-02 1.004894e-01
      vertex   -3.657754e-02 -3.831819e-02 1.019098e-01
    endloop
  endfacet
  facet normal -2.611870e-01 -3.730137e-01 8.903045e-01
    outer loop
      vertex   -3.657754e-02 -3.831819e-02 1.019098e-01
      vertex   -3.836943e-02 -4.045368e-02 1.004894e-01
      vertex   -3.456107e-02 -3.973014e-02 1.019098e-01
    endloop
  endfacet
  facet normal -4.063522e-01 -5.803311e-01 7.057576e-01
    outer loop
      vertex   -3.657754e-02 -3.831819e-02 1.019098e-01
      vertex   -3.456107e-02 -3.973014e-02 1.019098e-01
      vertex   -3.345492e-02 -3.781422e-02 1.041221e-01
    endloop
  endfacet
  facet normal -2.994054e-01 -6.420769e-01 7.057576e-01
    outer loop
      vertex   -3.345492e-02 -3.781422e-02 1.041221e-01
      vertex   -3.456107e-02 -3.973014e-02 1.019098e-01
      vertex   -3.157340e-02 -3.869158e-02 1.041221e-01
    endloop
  endfacet
  facet normal -3.768507e-01 -8.081590e-01 4.526174e-01
    outer loop
      vertex   -3.345492e-02 -3.781422e-02 1.041221e-01
      vertex   -3.157340e-02 -3.869158e-02 1.041221e-01
      vertex   -3.108760e-02 -3.735684e-02 1.069098e-01
    endloop
  endfacet
  facet normal -2.307902e-01 -8.613207e-01 4.526174e-01
    outer loop
      vertex   -3.108760e-02 -3.735684e-02 1.069098e-01
      vertex   -3.157340e-02 -3.869158e-02 1.041221e-01
      vertex   -2.932147e-02 -3.783008e-02 1.069098e-01
    endloop
  endfacet
  facet normal -1.259198e-01 -1.520119e-01 9.803247e-01
    outer loop
      vertex   -4.115035e-02 -4.115037e-02 1.000242e-01
      vertex   -3.765601e-02 -4.412168e-02 1.000123e-01
      vertex   -3.836943e-02 -4.045368e-02 1.004894e-01
    endloop
  endfacet
  facet normal -1.037055e-01 -1.481068e-01 9.835190e-01
    outer loop
      vertex   -3.836943e-02 -4.045368e-02 1.004894e-01
      vertex   -3.765601e-02 -4.412168e-02 1.000123e-01
      vertex   -3.595492e-02 -4.214434e-02 1.004894e-01
    endloop
  endfacet
  facet normal -2.611870e-01 -3.730137e-01 8.903045e-01
    outer loop
      vertex   -3.836943e-02 -4.045368e-02 1.004894e-01
      vertex   -3.595492e-02 -4.214434e-02 1.004894e-01
      vertex   -3.456107e-02 -3.973014e-02 1.019098e-01
    endloop
  endfacet
  facet normal -1.924458e-01 -4.127014e-01 8.903045e-01
    outer loop
      vertex   -3.456107e-02 -3.973014e-02 1.019098e-01
      vertex   -3.595492e-02 -4.214434e-02 1.004894e-01
      vertex   -3.233006e-02 -4.077048e-02 1.019098e-01
    endloop
  endfacet
  facet normal -2.994054e-01 -6.420769e-01 7.057576e-01
    outer loop
      vertex   -3.456107e-02 -3.973014e-02 1.019098e-01
      vertex   -3.233006e-02 -4.077048e-02 1.019098e-01
      vertex   -3.157340e-02 -3.869158e-02 1.041221e-01
    endloop
  endfacet
  facet normal -1.833612e-01 -6.843135e-01 7.057576e-01
    outer loop
      vertex   -3.157340e-02 -3.869158e-02 1.041221e-01
      vertex   -3.233006e-02 -4.077048e-02 1.019098e-01
      vertex   -2.956812e-02 -3.922889e-02 1.041221e-01
    endloop
  endfacet
  facet normal -2.307902e-01 -8.613207e-01 4.526174e-01
    outer loop
      vertex   -3.157340e-02 -3.869158e-02 1.041221e-01
      vertex   -2.956812e-02 -3.922889e-02 1.041221e-01
      vertex   -2.932147e-02 -3.783008e-02 1.069098e-01
    endloop
  endfacet
  facet normal -9.369185e-02 -1.566447e-01 9.832010e-01
    outer loop
      vertex   -3.765601e-02 -4.412168e-02 1.000123e-01
      vertex   -3.388877e-02 -4.645214e-02 1.000000e-01
      vertex   -3.595492e-02 -4.214434e-02 1.004894e-01
    endloop
  endfacet
  facet normal -6.737019e-02 -1.444758e-01 9.872122e-01
    outer loop
      vertex   -3.595492e-02 -4.214434e-02 1.004894e-01
      vertex   -3.388877e-02 -4.645214e-02 1.000000e-01
      vertex   -3.328350e-02 -4.339004e-02 1.004894e-01
    endloop
  endfacet
  facet normal -1.924458e-01 -4.127014e-01 8.903045e-01
    outer loop
      vertex   -3.595492e-02 -4.214434e-02 1.004894e-01
      vertex   -3.328350e-02 -4.339004e-02 1.004894e-01
      vertex   -3.233006e-02 -4.077048e-02 1.019098e-01
    endloop
  endfacet
  facet normal -1.178573e-01 -4.398494e-01 8.903045e-01
    outer loop
      vertex   -3.233006e-02 -4.077048e-02 1.019098e-01
      vertex   -3.328350e-02 -4.339004e-02 1.004894e-01
      vertex   -2.995229e-02 -4.140760e-02 1.019098e-01
    endloop
  endfacet
  facet normal -1.833612e-01 -6.843135e-01 7.057576e-01
    outer loop
      vertex   -3.233006e-02 -4.077048e-02 1.019098e-01
      vertex   -2.995229e-02 -4.140760e-02 1.019098e-01
      vertex   -2.956812e-02 -3.922889e-02 1.041221e-01
    endloop
  endfacet
  facet normal -4.157723e-02 -1.496777e-01 9.878603e-01
    outer loop
      vertex   -3.388877e-02 -4.645214e-02 1.000000e-01
      vertex   -3.180129e-02 -4.703200e-02 1.000000e-01
      vertex   -3.328350e-02 -4.339004e-02 1.004894e-01
    endloop
  endfacet
  facet normal -3.993265e-02 -1.490307e-01 9.880259e-01
    outer loop
      vertex   -3.328350e-02 -4.339004e-02 1.004894e-01
      vertex   -3.180129e-02 -4.703200e-02 1.000000e-01
      vertex   -3.043636e-02 -4.415293e-02 1.004894e-01
    endloop
  endfacet
  facet normal -1.178573e-01 -4.398494e-01 8.903045e-01
    outer loop
      vertex   -3.328350e-02 -4.339004e-02 1.004894e-01
      vertex   -3.043636e-02 -4.415293e-02 1.004894e-01
      vertex   -2.995229e-02 -4.140760e-02 1.019098e-01
    endloop
  endfacet
  facet normal -2.554640e-02 -1.557557e-01 9.874652e-01
    outer loop
      vertex   -3.180129e-02 -4.703200e-02 1.000000e-01
      vertex   -2.966334e-02 -4.738266e-02 1.000000e-01
      vertex   -3.043636e-02 -4.415293e-02 1.004894e-01
    endloop
  endfacet
  facet normal -5.665674e-01 -8.091421e-01 1.558537e-01
    outer loop
      vertex   -3.274472e-02 -3.658412e-02 1.069098e-01
      vertex   -3.250000e-02 -3.616025e-02 1.100000e-01
      vertex   -3.424248e-02 -3.553537e-02 1.069098e-01
    endloop
  endfacet
  facet normal -5.988342e-01 -7.804159e-01 1.798571e-01
    outer loop
      vertex   -3.424248e-02 -3.553537e-02 1.069098e-01
      vertex   -3.250000e-02 -3.616025e-02 1.100000e-01
      vertex   -3.457107e-02 -3.457107e-02 1.100000e-01
    endloop
  endfacet
  facet normal -6.997420e-01 -6.997420e-01 1.439524e-01
    outer loop
      vertex   -3.424248e-02 -3.553537e-02 1.069098e-01
      vertex   -3.457107e-02 -3.457107e-02 1.100000e-01
      vertex   -3.553537e-02 -3.424248e-02 1.069098e-01
    endloop
  endfacet
  facet normal -7.804159e-01 -5.988342e-01 1.798571e-01
    outer loop
      vertex   -3.553537e-02 -3.424248e-02 1.069098e-01
      vertex   -3.457107e-02 -3.457107e-02 1.100000e-01
      vertex   -3.616025e-02 -3.250000e-02 1.100000e-01
    endloop
  endfacet
  facet normal -8.091421e-01 -5.665674e-01 1.558537e-01
    outer loop
      vertex   -3.553537e-02 -3.424248e-02 1.069098e-01
      vertex   -3.616025e-02 -3.250000e-02 1.100000e-01
      vertex   -3.658412e-02 -3.274472e-02 1.069098e-01
    endloop
  endfacet
  facet normal -8.952328e-01 -4.174539e-01 1.558537e-01
    outer loop
      vertex   -3.658412e-02 -3.274472e-02 1.069098e-01
      vertex   -3.616025e-02 -3.250000e-02 1.100000e-01
      vertex   -3.735684e-02 -3.108760e-02 1.069098e-01
    endloop
  endfacet
  facet normal -8.081590e-01 -3.768507e-01 4.526174e-01
    outer loop
      vertex   -3.658412e-02 -3.274472e-02 1.069098e-01
      vertex   -3.735684e-02 -3.108760e-02 1.069098e-01
      vertex   -3.869158e-02 -3.157340e-02 1.041221e-01
    endloop
  endfacet
  facet normal -8.613207e-01 -2.307902e-01 4.526174e-01
    outer loop
      vertex   -3.869158e-02 -3.157340e-02 1.041221e-01
      vertex   -3.735684e-02 -3.108760e-02 1.069098e-01
      vertex   -3.922889e-02 -2.956812e-02 1.041221e-01
    endloop
  endfacet
  facet normal -6.843135e-01 -1.833612e-01 7.057576e-01
    outer loop
      vertex   -3.869158e-02 -3.157340e-02 1.041221e-01
      vertex   -3.922889e-02 -2.956812e-02 1.041221e-01
      vertex   -4.140760e-02 -2.995229e-02 1.019098e-01
    endloop
  endfacet
  facet normal -7.117986e-01 -7.805704e-03 7.023402e-01
    outer loop
      vertex   -4.140760e-02 -2.995229e-02 1.019098e-01
      vertex   -3.922889e-02 -2.956812e-02 1.041221e-01
      vertex   -4.042893e-02 -2.750000e-02 1.029289e-01
    endloop
  endfacet
  facet normal -6.064837e-01 -8.642417e-02 7.903850e-01
    outer loop
      vertex   -4.140760e-02 -2.995229e-02 1.019098e-01
      vertex   -4.042893e-02 -2.750000e-02 1.029289e-01
      vertex   -4.250000e-02 -2.750000e-02 1.013397e-01
    endloop
  endfacet
  facet normal -9.088136e-01 -3.764429e-01 1.798571e-01
    outer loop
      vertex   -3.616025e-02 -3.250000e-02 1.100000e-01
      vertex   -3.715926e-02 -3.008819e-02 1.100000e-01
      vertex   -3.735684e-02 -3.108760e-02 1.069098e-01
    endloop
  endfacet
  facet normal -9.558653e-01 -2.561233e-01 1.439524e-01
    outer loop
      vertex   -3.735684e-02 -3.108760e-02 1.069098e-01
      vertex   -3.715926e-02 -3.008819e-02 1.100000e-01
      vertex   -3.783008e-02 -2.932147e-02 1.069098e-01
    endloop
  endfacet
  facet normal -8.613207e-01 -2.307902e-01 4.526174e-01
    outer loop
      vertex   -3.735684e-02 -3.108760e-02 1.069098e-01
      vertex   -3.783008e-02 -2.932147e-02 1.069098e-01
      vertex   -3.922889e-02 -2.956812e-02 1.041221e-01
    endloop
  endfacet
  facet normal -8.927330e-01 -2.302905e-02 4.499972e-01
    outer loop
      vertex   -3.922889e-02 -2.956812e-02 1.041221e-01
      vertex   -3.783008e-02 -2.932147e-02 1.069098e-01
      vertex   -3.883975e-02 -2.750000e-02 1.050000e-01
    endloop
  endfacet
  facet normal -7.886719e-01 -1.084753e-01 6.051692e-01
    outer loop
      vertex   -3.922889e-02 -2.956812e-02 1.041221e-01
      vertex   -3.883975e-02 -2.750000e-02 1.050000e-01
      vertex   -4.042893e-02 -2.750000e-02 1.029289e-01
    endloop
  endfacet
  facet normal -9.831056e-01 -1.294283e-01 1.294283e-01
    outer loop
      vertex   -3.750000e-02 -2.750000e-02 1.100000e-01
      vertex   -3.784074e-02 -2.750000e-02 1.074118e-01
      vertex   -3.715926e-02 -3.008819e-02 1.100000e-01
    endloop
  endfacet
  facet normal -9.784595e-01 -6.015272e-02 1.974806e-01
    outer loop
      vertex   -3.715926e-02 -3.008819e-02 1.100000e-01
      vertex   -3.784074e-02 -2.750000e-02 1.074118e-01
      vertex   -3.783008e-02 -2.932147e-02 1.069098e-01
    endloop
  endfacet
  facet normal -9.182528e-01 -1.101980e-01 3.803528e-01
    outer loop
      vertex   -3.784074e-02 -2.750000e-02 1.074118e-01
      vertex   -3.883975e-02 -2.750000e-02 1.050000e-01
      vertex   -3.783008e-02 -2.932147e-02 1.069098e-01
    endloop
  endfacet
  facet normal -4.597519e-01 1.642566e-03 8.880459e-01
    outer loop
      vertex   -4.140760e-02 -2.995229e-02 1.019098e-01
      vertex   -4.250000e-02 -2.750000e-02 1.013397e-01
      vertex   -4.415293e-02 -3.043636e-02 1.004894e-01
    endloop
  endfacet
  facet normal -3.821648e-01 -5.204674e-02 9.226274e-01
    outer loop
      vertex   -4.415293e-02 -3.043636e-02 1.004894e-01
      vertex   -4.250000e-02 -2.750000e-02 1.013397e-01
      vertex   -4.491181e-02 -2.750000e-02 1.003407e-01
    endloop
  endfacet
  facet normal -1.469882e-01 1.209692e-02 9.890643e-01
    outer loop
      vertex   -4.415293e-02 -3.043636e-02 1.004894e-01
      vertex   -4.491181e-02 -2.750000e-02 1.003407e-01
      vertex   -4.738266e-02 -2.966334e-02 1.000000e-01
    endloop
  endfacet
  facet normal -1.305229e-01 -7.079899e-03 9.914200e-01
    outer loop
      vertex   -4.738266e-02 -2.966334e-02 1.000000e-01
      vertex   -4.491181e-02 -2.750000e-02 1.003407e-01
      vertex   -4.750000e-02 -2.750000e-02 1.000000e-01
    endloop
  endfacet
  facet normal -1.557557e-01 -2.554640e-02 9.874652e-01
    outer loop
      vertex   -4.738266e-02 -2.966334e-02 1.000000e-01
      vertex   -4.703200e-02 -3.180129e-02 1.000000e-01
      vertex   -4.415293e-02 -3.043636e-02 1.004894e-01
    endloop
  endfacet
  facet normal -1.490307e-01 -3.993265e-02 9.880259e-01
    outer loop
      vertex   -4.415293e-02 -3.043636e-02 1.004894e-01
      vertex   -4.703200e-02 -3.180129e-02 1.000000e-01
      vertex   -4.339004e-02 -3.328350e-02 1.004894e-01
    endloop
  endfacet
  facet normal -4.398494e-01 -1.178573e-01 8.903045e-01
    outer loop
      vertex   -4.415293e-02 -3.043636e-02 1.004894e-01
      vertex   -4.339004e-02 -3.328350e-02 1.004894e-01
      vertex   -4.077048e-02 -3.233006e-02 1.019098e-01
    endloop
  endfacet
  facet normal -4.127014e-01 -1.924458e-01 8.903045e-01
    outer loop
      vertex   -4.077048e-02 -3.233006e-02 1.019098e-01
      vertex   -4.339004e-02 -3.328350e-02 1.004894e-01
      vertex   -3.973014e-02 -3.456107e-02 1.019098e-01
    endloop
  endfacet
  facet normal -6.420769e-01 -2.994054e-01 7.057576e-01
    outer loop
      vertex   -4.077048e-02 -3.233006e-02 1.019098e-01
      vertex   -3.973014e-02 -3.456107e-02 1.019098e-01
      vertex   -3.781422e-02 -3.345492e-02 1.041221e-01
    endloop
  endfacet
  facet normal -5.803311e-01 -4.063522e-01 7.057576e-01
    outer loop
      vertex   -3.781422e-02 -3.345492e-02 1.041221e-01
      vertex   -3.973014e-02 -3.456107e-02 1.019098e-01
      vertex   -3.662346e-02 -3.515549e-02 1.041221e-01
    endloop
  endfacet
  facet normal -7.304418e-01 -5.114609e-01 4.526174e-01
    outer loop
      vertex   -3.781422e-02 -3.345492e-02 1.041221e-01
      vertex   -3.662346e-02 -3.515549e-02 1.041221e-01
      vertex   -3.553537e-02 -3.424248e-02 1.069098e-01
    endloop
  endfacet
  facet normal -6.305305e-01 -6.305305e-01 4.526174e-01
    outer loop
      vertex   -3.553537e-02 -3.424248e-02 1.069098e-01
      vertex   -3.662346e-02 -3.515549e-02 1.041221e-01
      vertex   -3.424248e-02 -3.553537e-02 1.069098e-01
    endloop
  endfacet
  facet normal -7.304418e-01 -5.114609e-01 4.526174e-01
    outer loop
      vertex   -3.781422e-02 -3.345492e-02 1.041221e-01
      vertex   -3.553537e-02 -3.424248e-02 1.069098e-01
      vertex   -3.658412e-02 -3.274472e-02 1.069098e-01
    endloop
  endfacet
  facet normal -4.127014e-01 -1.924458e-01 8.903045e-01
    outer loop
      vertex   -3.973014e-02 -3.456107e-02 1.019098e-01
      vertex   -4.339004e-02 -3.328350e-02 1.004894e-01
      vertex   -4.214434e-02 -3.595492e-02 1.004894e-01
    endloop
  endfacet
  facet normal -6.843135e-01 -1.833612e-01 7.057576e-01
    outer loop
      vertex   -3.869158e-02 -3.157340e-02 1.041221e-01
      vertex   -4.140760e-02 -2.995229e-02 1.019098e-01
      vertex   -4.077048e-02 -3.233006e-02 1.019098e-01
    endloop
  endfacet
  facet normal -4.398494e-01 -1.178573e-01 8.903045e-01
    outer loop
      vertex   -4.077048e-02 -3.233006e-02 1.019098e-01
      vertex   -4.140760e-02 -2.995229e-02 1.019098e-01
      vertex   -4.415293e-02 -3.043636e-02 1.004894e-01
    endloop
  endfacet
  facet normal -8.081590e-01 -3.768507e-01 4.526174e-01
    outer loop
      vertex   -3.658412e-02 -3.274472e-02 1.069098e-01
      vertex   -3.869158e-02 -3.157340e-02 1.041221e-01
      vertex   -3.781422e-02 -3.345492e-02 1.041221e-01
    endloop
  endfacet
  facet normal -6.420769e-01 -2.994054e-01 7.057576e-01
    outer loop
      vertex   -3.781422e-02 -3.345492e-02 1.041221e-01
      vertex   -3.869158e-02 -3.157340e-02 1.041221e-01
      vertex   -4.077048e-02 -3.233006e-02 1.019098e-01
    endloop
  endfacet
  facet normal -5.803311e-01 -4.063522e-01 7.057576e-01
    outer loop
      vertex   -3.662346e-02 -3.515549e-02 1.041221e-01
      vertex   -3.973014e-02 -3.456107e-02 1.019098e-01
      vertex   -3.831819e-02 -3.657754e-02 1.019098e-01
    endloop
  endfacet
  facet normal -3.730137e-01 -2.611870e-01 8.903045e-01
    outer loop
      vertex   -3.831819e-02 -3.657754e-02 1.019098e-01
      vertex   -3.973014e-02 -3.456107e-02 1.019098e-01
      vertex   -4.214434e-02 -3.595492e-02 1.004894e-01
    endloop
  endfacet
  facet normal -6.305305e-01 -6.305305e-01 4.526174e-01
    outer loop
      vertex   -3.424248e-02 -3.553537e-02 1.069098e-01
      vertex   -3.662346e-02 -3.515549e-02 1.041221e-01
      vertex   -3.515549e-02 -3.662346e-02 1.041221e-01
    endloop
  endfacet
  facet normal -5.009522e-01 -5.009522e-01 7.057576e-01
    outer loop
      vertex   -3.515549e-02 -3.662346e-02 1.041221e-01
      vertex   -3.662346e-02 -3.515549e-02 1.041221e-01
      vertex   -3.831819e-02 -3.657754e-02 1.019098e-01
    endloop
  endfacet
  facet normal -5.114609e-01 -7.304418e-01 4.526174e-01
    outer loop
      vertex   -3.274472e-02 -3.658412e-02 1.069098e-01
      vertex   -3.424248e-02 -3.553537e-02 1.069098e-01
      vertex   -3.515549e-02 -3.662346e-02 1.041221e-01
    endloop
  endfacet
  facet normal 4.157723e-02 -1.496777e-01 9.878603e-01
    outer loop
      vertex   3.180129e-02 -4.703200e-02 1.000000e-01
      vertex   3.388877e-02 -4.645214e-02 1.000000e-01
      vertex   3.328350e-02 -4.339004e-02 1.004894e-01
    endloop
  endfacet
  facet normal 8.361386e-02 -1.411435e-01 9.864518e-01
    outer loop
      vertex   3.328350e-02 -4.339004e-02 1.004894e-01
      vertex   3.388877e-02 -4.645214e-02 1.000000e-01
      vertex   3.765532e-02 -4.412754e-02 1.000133e-01
    endloop
  endfacet
  facet normal 7.857491e-02 -1.685044e-01 9.825641e-01
    outer loop
      vertex   3.328350e-02 -4.339004e-02 1.004894e-01
      vertex   3.765532e-02 -4.412754e-02 1.000133e-01
      vertex   3.595492e-02 -4.214434e-02 1.004894e-01
    endloop
  endfacet
  facet normal 1.033159e-01 -1.475504e-01 9.836436e-01
    outer loop
      vertex   3.595492e-02 -4.214434e-02 1.004894e-01
      vertex   3.765532e-02 -4.412754e-02 1.000133e-01
      vertex   3.836943e-02 -4.045368e-02 1.004894e-01
    endloop
  endfacet
  facet normal 2.611870e-01 -3.730137e-01 8.903045e-01
    outer loop
      vertex   3.595492e-02 -4.214434e-02 1.004894e-01
      vertex   3.836943e-02 -4.045368e-02 1.004894e-01
      vertex   3.657754e-02 -3.831819e-02 1.019098e-01
    endloop
  endfacet
  facet normal 3.219921e-01 -3.219921e-01 8.903045e-01
    outer loop
      vertex   3.657754e-02 -3.831819e-02 1.019098e-01
      vertex   3.836943e-02 -4.045368e-02 1.004894e-01
      vertex   3.831819e-02 -3.657754e-02 1.019098e-01
    endloop
  endfacet
  facet normal 5.009522e-01 -5.009522e-01 7.057576e-01
    outer loop
      vertex   3.657754e-02 -3.831819e-02 1.019098e-01
      vertex   3.831819e-02 -3.657754e-02 1.019098e-01
      vertex   3.662346e-02 -3.515549e-02 1.041221e-01
    endloop
  endfacet
  facet normal 5.803311e-01 -4.063522e-01 7.057576e-01
    outer loop
      vertex   3.662346e-02 -3.515549e-02 1.041221e-01
      vertex   3.831819e-02 -3.657754e-02 1.019098e-01
      vertex   3.781422e-02 -3.345492e-02 1.041221e-01
    endloop
  endfacet
  facet normal 7.304418e-01 -5.114609e-01 4.526174e-01
    outer loop
      vertex   3.662346e-02 -3.515549e-02 1.041221e-01
      vertex   3.781422e-02 -3.345492e-02 1.041221e-01
      vertex   3.658412e-02 -3.274472e-02 1.069098e-01
    endloop
  endfacet
  facet normal 8.081590e-01 -3.768507e-01 4.526174e-01
    outer loop
      vertex   3.658412e-02 -3.274472e-02 1.069098e-01
      vertex   3.781422e-02 -3.345492e-02 1.041221e-01
      vertex   3.735684e-02 -3.108760e-02 1.069098e-01
    endloop
  endfacet
  facet normal 8.952328e-01 -4.174539e-01 1.558537e-01
    outer loop
      vertex   3.658412e-02 -3.274472e-02 1.069098e-01
      vertex   3.735684e-02 -3.108760e-02 1.069098e-01
      vertex   3.616025e-02 -3.250000e-02 1.100000e-01
    endloop
  endfacet
  facet normal 9.088136e-01 -3.764429e-01 1.798571e-01
    outer loop
      vertex   3.616025e-02 -3.250000e-02 1.100000e-01
      vertex   3.735684e-02 -3.108760e-02 1.069098e-01
      vertex   3.715926e-02 -3.008819e-02 1.100000e-01
    endloop
  endfacet
  facet normal 9.558653e-01 -2.561233e-01 1.439524e-01
    outer loop
      vertex   3.715926e-02 -3.008819e-02 1.100000e-01
      vertex   3.735684e-02 -3.108760e-02 1.069098e-01
      vertex   3.783008e-02 -2.932147e-02 1.069098e-01
    endloop
  endfacet
  facet normal 9.752771e-01 -1.283977e-01 1.798571e-01
    outer loop
      vertex   3.715926e-02 -3.008819e-02 1.100000e-01
      vertex   3.783008e-02 -2.932147e-02 1.069098e-01
      vertex   3.750000e-02 -2.750000e-02 1.100000e-01
    endloop
  endfacet
  facet normal 9.905808e-01 -4.174038e-02 1.304124e-01
    outer loop
      vertex   3.750000e-02 -2.750000e-02 1.100000e-01
      vertex   3.783008e-02 -2.932147e-02 1.069098e-01
      vertex   3.784074e-02 -2.750000e-02 1.074118e-01
    endloop
  endfacet
  facet normal 9.182528e-01 -1.101980e-01 3.803528e-01
    outer loop
      vertex   3.784074e-02 -2.750000e-02 1.074118e-01
      vertex   3.783008e-02 -2.932147e-02 1.069098e-01
      vertex   3.883975e-02 -2.750000e-02 1.050000e-01
    endloop
  endfacet
  facet normal 8.927330e-01 -2.302905e-02 4.499972e-01
    outer loop
      vertex   3.883975e-02 -2.750000e-02 1.050000e-01
      vertex   3.783008e-02 -2.932147e-02 1.069098e-01
      vertex   3.922889e-02 -2.956812e-02 1.041221e-01
    endloop
  endfacet
  facet normal 7.886719e-01 -1.084753e-01 6.051692e-01
    outer loop
      vertex   3.883975e-02 -2.750000e-02 1.050000e-01
      vertex   3.922889e-02 -2.956812e-02 1.041221e-01
      vertex   4.042893e-02 -2.750000e-02 1.029289e-01
    endloop
  endfacet
  facet normal 7.117986e-01 -7.805704e-03 7.023402e-01
    outer loop
      vertex   4.042893e-02 -2.750000e-02 1.029289e-01
      vertex   3.922889e-02 -2.956812e-02 1.041221e-01
      vertex   4.140760e-02 -2.995229e-02 1.019098e-01
    endloop
  endfacet
  facet normal 6.064837e-01 -8.642417e-02 7.903850e-01
    outer loop
      vertex   4.042893e-02 -2.750000e-02 1.029289e-01
      vertex   4.140760e-02 -2.995229e-02 1.019098e-01
      vertex   4.250000e-02 -2.750000e-02 1.013397e-01
    endloop
  endfacet
  facet normal 4.597519e-01 1.642566e-03 8.880459e-01
    outer loop
      vertex   4.250000e-02 -2.750000e-02 1.013397e-01
      vertex   4.140760e-02 -2.995229e-02 1.019098e-01
      vertex   4.415293e-02 -3.043636e-02 1.004894e-01
    endloop
  endfacet
  facet normal 3.821648e-01 -5.204674e-02 9.226274e-01
    outer loop
      vertex   4.250000e-02 -2.750000e-02 1.013397e-01
      vertex   4.415293e-02 -3.043636e-02 1.004894e-01
      vertex   4.491181e-02 -2.750000e-02 1.003407e-01
    endloop
  endfacet
  facet normal 1.469882e-01 1.209692e-02 9.890643e-01
    outer loop
      vertex   4.491181e-02 -2.750000e-02 1.003407e-01
      vertex   4.415293e-02 -3.043636e-02 1.004894e-01
      vertex   4.738266e-02 -2.966334e-02 1.000000e-01
    endloop
  endfacet
  facet normal 1.305229e-01 -7.079899e-03 9.914200e-01
    outer loop
      vertex   4.491181e-02 -2.750000e-02 1.003407e-01
      vertex   4.738266e-02 -2.966334e-02 1.000000e-01
      vertex   4.750000e-02 -2.750000e-02 1.000000e-01
    endloop
  endfacet
  facet normal 1.260461e-01 -1.515458e-01 9.803807e-01
    outer loop
      vertex   3.765532e-02 -4.412754e-02 1.000133e-01
      vertex   4.115037e-02 -4.115035e-02 1.000242e-01
      vertex   3.836943e-02 -4.045368e-02 1.004894e-01
    endloop
  endfacet
  facet normal 1.314473e-01 -1.314473e-01 9.825697e-01
    outer loop
      vertex   3.836943e-02 -4.045368e-02 1.004894e-01
      vertex   4.115037e-02 -4.115035e-02 1.000242e-01
      vertex   4.045368e-02 -3.836943e-02 1.004894e-01
    endloop
  endfacet
  facet normal 3.219921e-01 -3.219921e-01 8.903045e-01
    outer loop
      vertex   3.836943e-02 -4.045368e-02 1.004894e-01
      vertex   4.045368e-02 -3.836943e-02 1.004894e-01
      vertex   3.831819e-02 -3.657754e-02 1.019098e-01
    endloop
  endfacet
  facet normal 3.730137e-01 -2.611870e-01 8.903045e-01
    outer loop
      vertex   3.831819e-02 -3.657754e-02 1.019098e-01
      vertex   4.045368e-02 -3.836943e-02 1.004894e-01
      vertex   3.973014e-02 -3.456107e-02 1.019098e-01
    endloop
  endfacet
  facet normal 5.803311e-01 -4.063522e-01 7.057576e-01
    outer loop
      vertex   3.831819e-02 -3.657754e-02 1.019098e-01
      vertex   3.973014e-02 -3.456107e-02 1.019098e-01
      vertex   3.781422e-02 -3.345492e-02 1.041221e-01
    endloop
  endfacet
  facet normal 6.420769e-01 -2.994054e-01 7.057576e-01
    outer loop
      vertex   3.781422e-02 -3.345492e-02 1.041221e-01
      vertex   3.973014e-02 -3.456107e-02 1.019098e-01
      vertex   3.869158e-02 -3.157340e-02 1.041221e-01
    endloop
  endfacet
  facet normal 8.081590e-01 -3.768507e-01 4.526174e-01
    outer loop
      vertex   3.781422e-02 -3.345492e-02 1.041221e-01
      vertex   3.869158e-02 -3.157340e-02 1.041221e-01
      vertex   3.735684e-02 -3.108760e-02 1.069098e-01
    endloop
  endfacet
  facet normal 8.613207e-01 -2.307902e-01 4.526174e-01
    outer loop
      vertex   3.735684e-02 -3.108760e-02 1.069098e-01
      vertex   3.869158e-02 -3.157340e-02 1.041221e-01
      vertex   3.783008e-02 -2.932147e-02 1.069098e-01
    endloop
  endfacet
  facet normal 1.520119e-01 -1.259198e-01 9.803247e-01
    outer loop
      vertex   4.115037e-02 -4.115035e-02 1.000242e-01
      vertex   4.412168e-02 -3.765601e-02 1.000123e-01
      vertex   4.045368e-02 -3.836943e-02 1.004894e-01
    endloop
  endfacet
  facet normal 1.481068e-01 -1.037055e-01 9.835190e-01
    outer loop
      vertex   4.045368e-02 -3.836943e-02 1.004894e-01
      vertex   4.412168e-02 -3.765601e-02 1.000123e-01
      vertex   4.214434e-02 -3.595492e-02 1.004894e-01
    endloop
  endfacet
  facet normal 3.730137e-01 -2.611870e-01 8.903045e-01
    outer loop
      vertex   4.045368e-02 -3.836943e-02 1.004894e-01
      vertex   4.214434e-02 -3.595492e-02 1.004894e-01
      vertex   3.973014e-02 -3.456107e-02 1.019098e-01
    endloop
  endfacet
  facet normal 4.127014e-01 -1.924458e-01 8.903045e-01
    outer loop
      vertex   3.973014e-02 -3.456107e-02 1.019098e-01
      vertex   4.214434e-02 -3.595492e-02 1.004894e-01
      vertex   4.077048e-02 -3.233006e-02 1.019098e-01
    endloop
  endfacet
  facet normal 6.420769e-01 -2.994054e-01 7.057576e-01
    outer loop
      vertex   3.973014e-02 -3.456107e-02 1.019098e-01
      vertex   4.077048e-02 -3.233006e-02 1.019098e-01
      vertex   3.869158e-02 -3.157340e-02 1.041221e-01
    endloop
  endfacet
  facet normal 6.843135e-01 -1.833612e-01 7.057576e-01
    outer loop
      vertex   3.869158e-02 -3.157340e-02 1.041221e-01
      vertex   4.077048e-02 -3.233006e-02 1.019098e-01
      vertex   3.922889e-02 -2.956812e-02 1.041221e-01
    endloop
  endfacet
  facet normal 8.613207e-01 -2.307902e-01 4.526174e-01
    outer loop
      vertex   3.869158e-02 -3.157340e-02 1.041221e-01
      vertex   3.922889e-02 -2.956812e-02 1.041221e-01
      vertex   3.783008e-02 -2.932147e-02 1.069098e-01
    endloop
  endfacet
  facet normal 1.566447e-01 -9.369185e-02 9.832010e-01
    outer loop
      vertex   4.412168e-02 -3.765601e-02 1.000123e-01
      vertex   4.645214e-02 -3.388877e-02 1.000000e-01
      vertex   4.214434e-02 -3.595492e-02 1.004894e-01
    endloop
  endfacet
  facet normal 1.444758e-01 -6.737019e-02 9.872122e-01
    outer loop
      vertex   4.214434e-02 -3.595492e-02 1.004894e-01
      vertex   4.645214e-02 -3.388877e-02 1.000000e-01
      vertex   4.339004e-02 -3.328350e-02 1.004894e-01
    endloop
  endfacet
  facet normal 4.127014e-01 -1.924458e-01 8.903045e-01
    outer loop
      vertex   4.214434e-02 -3.595492e-02 1.004894e-01
      vertex   4.339004e-02 -3.328350e-02 1.004894e-01
      vertex   4.077048e-02 -3.233006e-02 1.019098e-01
    endloop
  endfacet
  facet normal 4.398494e-01 -1.178573e-01 8.903045e-01
    outer loop
      vertex   4.077048e-02 -3.233006e-02 1.019098e-01
      vertex   4.339004e-02 -3.328350e-02 1.004894e-01
      vertex   4.140760e-02 -2.995229e-02 1.019098e-01
    endloop
  endfacet
  facet normal 6.843135e-01 -1.833612e-01 7.057576e-01
    outer loop
      vertex   4.077048e-02 -3.233006e-02 1.019098e-01
      vertex   4.140760e-02 -2.995229e-02 1.019098e-01
      vertex   3.922889e-02 -2.956812e-02 1.041221e-01
    endloop
  endfacet
  facet normal 1.496777e-01 -4.157723e-02 9.878603e-01
    outer loop
      vertex   4.645214e-02 -3.388877e-02 1.000000e-01
      vertex   4.703200e-02 -3.180129e-02 1.000000e-01
      vertex   4.339004e-02 -3.328350e-02 1.004894e-01
    endloop
  endfacet
  facet normal 1.490307e-01 -3.993265e-02 9.880259e-01
    outer loop
      vertex   4.339004e-02 -3.328350e-02 1.004894e-01
      vertex   4.703200e-02 -3.180129e-02 1.000000e-01
      vertex   4.415293e-02 -3.043636e-02 1.004894e-01
    endloop
  endfacet
  facet normal 4.398494e-01 -1.178573e-01 8.903045e-01
    outer loop
      vertex   4.339004e-02 -3.328350e-02 1.004894e-01
      vertex   4.415293e-02 -3.043636e-02 1.004894e-01
      vertex   4.140760e-02 -2.995229e-02 1.019098e-01
    endloop
  endfacet
  facet normal 1.557557e-01 -2.554640e-02 9.874652e-01
    outer loop
      vertex   4.703200e-02 -3.180129e-02 1.000000e-01
      vertex   4.738266e-02 -2.966334e-02 1.000000e-01
      vertex   4.415293e-02 -3.043636e-02 1.004894e-01
    endloop
  endfacet
  facet normal 8.091421e-01 -5.665674e-01 1.558537e-01
    outer loop
      vertex   3.658412e-02 -3.274472e-02 1.069098e-01
      vertex   3.616025e-02 -3.250000e-02 1.100000e-01
      vertex   3.553537e-02 -3.424248e-02 1.069098e-01
    endloop
  endfacet
  facet normal 7.804159e-01 -5.988342e-01 1.798571e-01
    outer loop
      vertex   3.553537e-02 -3.424248e-02 1.069098e-01
      vertex   3.616025e-02 -3.250000e-02 1.100000e-01
      vertex   3.457107e-02 -3.457107e-02 1.100000e-01
    endloop
  endfacet
  facet normal 6.997420e-01 -6.997420e-01 1.439524e-01
    outer loop
      vertex   3.553537e-02 -3.424248e-02 1.069098e-01
      vertex   3.457107e-02 -3.457107e-02 1.100000e-01
      vertex   3.424248e-02 -3.553537e-02 1.069098e-01
    endloop
  endfacet
  facet normal 5.988342e-01 -7.804159e-01 1.798571e-01
    outer loop
      vertex   3.424248e-02 -3.553537e-02 1.069098e-01
      vertex   3.457107e-02 -3.457107e-02 1.100000e-01
      vertex   3.250000e-02 -3.616025e-02 1.100000e-01
    endloop
  endfacet
  facet normal 5.665674e-01 -8.091421e-01 1.558537e-01
    outer loop
      vertex   3.424248e-02 -3.553537e-02 1.069098e-01
      vertex   3.250000e-02 -3.616025e-02 1.100000e-01
      vertex   3.274472e-02 -3.658412e-02 1.069098e-01
    endloop
  endfacet
  facet normal 4.174539e-01 -8.952328e-01 1.558537e-01
    outer loop
      vertex   3.274472e-02 -3.658412e-02 1.069098e-01
      vertex   3.250000e-02 -3.616025e-02 1.100000e-01
      vertex   3.108760e-02 -3.735684e-02 1.069098e-01
    endloop
  endfacet
  facet normal 3.768507e-01 -8.081590e-01 4.526174e-01
    outer loop
      vertex   3.274472e-02 -3.658412e-02 1.069098e-01
      vertex   3.108760e-02 -3.735684e-02 1.069098e-01
      vertex   3.157340e-02 -3.869158e-02 1.041221e-01
    endloop
  endfacet
  facet normal 2.307902e-01 -8.613207e-01 4.526174e-01
    outer loop
      vertex   3.157340e-02 -3.869158e-02 1.041221e-01
      vertex   3.108760e-02 -3.735684e-02 1.069098e-01
      vertex   2.956812e-02 -3.922889e-02 1.041221e-01
    endloop
  endfacet
  facet normal 1.833612e-01 -6.843135e-01 7.057576e-01
    outer loop
      vertex   3.157340e-02 -3.869158e-02 1.041221e-01
      vertex   2.956812e-02 -3.922889e-02 1.041221e-01
      vertex   2.995229e-02 -4.140760e-02 1.019098e-01
    endloop
  endfacet
  facet normal 7.805704e-03 -7.117986e-01 7.023402e-01
    outer loop
      vertex   2.995229e-02 -4.140760e-02 1.019098e-01
      vertex   2.956812e-02 -3.922889e-02 1.041221e-01
      vertex   2.750000e-02 -4.042893e-02 1.029289e-01
    endloop
  endfacet
  facet normal 8.642417e-02 -6.064837e-01 7.903850e-01
    outer loop
      vertex   2.995229e-02 -4.140760e-02 1.019098e-01
      vertex   2.750000e-02 -4.042893e-02 1.029289e-01
      vertex   2.750000e-02 -4.250000e-02 1.013397e-01
    endloop
  endfacet
  facet normal 3.764429e-01 -9.088136e-01 1.798571e-01
    outer loop
      vertex   3.250000e-02 -3.616025e-02 1.100000e-01
      vertex   3.008819e-02 -3.715926e-02 1.100000e-01
      vertex   3.108760e-02 -3.735684e-02 1.069098e-01
    endloop
  endfacet
  facet normal 2.561233e-01 -9.558653e-01 1.439524e-01
    outer loop
      vertex   3.108760e-02 -3.735684e-02 1.069098e-01
      vertex   3.008819e-02 -3.715926e-02 1.100000e-01
      vertex   2.932147e-02 -3.783008e-02 1.069098e-01
    endloop
  endfacet
  facet normal 2.307902e-01 -8.613207e-01 4.526174e-01
    outer loop
      vertex   3.108760e-02 -3.735684e-02 1.069098e-01
      vertex   2.932147e-02 -3.783008e-02 1.069098e-01
      vertex   2.956812e-02 -3.922889e-02 1.041221e-01
    endloop
  endfacet
  facet normal 2.302905e-02 -8.927330e-01 4.499972e-01
    outer loop
      vertex   2.956812e-02 -3.922889e-02 1.041221e-01
      vertex   2.932147e-02 -3.783008e-02 1.069098e-01
      vertex   2.750000e-02 -3.883975e-02 1.050000e-01
    endloop
  endfacet
  facet normal 1.084753e-01 -7.886719e-01 6.051692e-01
    outer loop
      vertex   2.956812e-02 -3.922889e-02 1.041221e-01
      vertex   2.750000e-02 -3.883975e-02 1.050000e-01
      vertex   2.750000e-02 -4.042893e-02 1.029289e-01
    endloop
  endfacet
  facet normal 1.294283e-01 -9.831056e-01 1.294283e-01
    outer loop
      vertex   2.750000e-02 -3.750000e-02 1.100000e-01
      vertex   2.750000e-02 -3.784074e-02 1.074118e-01
      vertex   3.008819e-02 -3.715926e-02 1.100000e-01
    endloop
  endfacet
  facet normal 6.015272e-02 -9.784595e-01 1.974806e-01
    outer loop
      vertex   3.008819e-02 -3.715926e-02 1.100000e-01
      vertex   2.750000e-02 -3.784074e-02 1.074118e-01
      vertex   2.932147e-02 -3.783008e-02 1.069098e-01
    endloop
  endfacet
  facet normal 1.101980e-01 -9.182528e-01 3.803528e-01
    outer loop
      vertex   2.750000e-02 -3.784074e-02 1.074118e-01
      vertex   2.750000e-02 -3.883975e-02 1.050000e-01
      vertex   2.932147e-02 -3.783008e-02 1.069098e-01
    endloop
  endfacet
  facet normal -1.642566e-03 -4.597519e-01 8.880459e-01
    outer loop
      vertex   2.995229e-02 -4.140760e-02 1.019098e-01
      vertex   2.750000e-02 -4.250000e-02 1.013397e-01
      vertex   3.043636e-02 -4.415293e-02 1.004894e-01
    endloop
  endfacet
  facet normal 5.204674e-02 -3.821648e-01 9.226274e-01
    outer loop
      vertex   3.043636e-02 -4.415293e-02 1.004894e-01
      vertex   2.750000e-02 -4.250000e-02 1.013397e-01
      vertex   2.750000e-02 -4.491181e-02 1.003407e-01
    endloop
  endfacet
  facet normal -1.209692e-02 -1.469882e-01 9.890643e-01
    outer loop
      vertex   3.043636e-02 -4.415293e-02 1.004894e-01
      vertex   2.750000e-02 -4.491181e-02 1.003407e-01
      vertex   2.966334e-02 -4.738266e-02 1.000000e-01
    endloop
  endfacet
  facet normal 7.079899e-03 -1.305229e-01 9.914200e-01
    outer loop
      vertex   2.966334e-02 -4.738266e-02 1.000000e-01
      vertex   2.750000e-02 -4.491181e-02 1.003407e-01
      vertex   2.750000e-02 -4.750000e-02 1.000000e-01
    endloop
  endfacet
  facet normal 2.554640e-02 -1.557557e-01 9.874652e-01
    outer loop
      vertex   2.966334e-02 -4.738266e-02 1.000000e-01
      vertex   3.180129e-02 -4.703200e-02 1.000000e-01
      vertex   3.043636e-02 -4.415293e-02 1.004894e-01
    endloop
  endfacet
  facet normal 3.993265e-02 -1.490307e-01 9.880259e-01
    outer loop
      vertex   3.043636e-02 -4.415293e-02 1.004894e-01
      vertex   3.180129e-02 -4.703200e-02 1.000000e-01
      vertex   3.328350e-02 -4.339004e-02 1.004894e-01
    endloop
  endfacet
  facet normal 1.178573e-01 -4.398494e-01 8.903045e-01
    outer loop
      vertex   3.043636e-02 -4.415293e-02 1.004894e-01
      vertex   3.328350e-02 -4.339004e-02 1.004894e-01
      vertex   3.233006e-02 -4.077048e-02 1.019098e-01
    endloop
  endfacet
  facet normal 1.924458e-01 -4.127014e-01 8.903045e-01
    outer loop
      vertex   3.233006e-02 -4.077048e-02 1.019098e-01
      vertex   3.328350e-02 -4.339004e-02 1.004894e-01
      vertex   3.456107e-02 -3.973014e-02 1.019098e-01
    endloop
  endfacet
  facet normal 2.994054e-01 -6.420769e-01 7.057576e-01
    outer loop
      vertex   3.233006e-02 -4.077048e-02 1.019098e-01
      vertex   3.456107e-02 -3.973014e-02 1.019098e-01
      vertex   3.345492e-02 -3.781422e-02 1.041221e-01
    endloop
  endfacet
  facet normal 4.063522e-01 -5.803311e-01 7.057576e-01
    outer loop
      vertex   3.345492e-02 -3.781422e-02 1.041221e-01
      vertex   3.456107e-02 -3.973014e-02 1.019098e-01
      vertex   3.515549e-02 -3.662346e-02 1.041221e-01
    endloop
  endfacet
  facet normal 5.114609e-01 -7.304418e-01 4.526174e-01
    outer loop
      vertex   3.345492e-02 -3.781422e-02 1.041221e-01
      vertex   3.515549e-02 -3.662346e-02 1.041221e-01
      vertex   3.424248e-02 -3.553537e-02 1.069098e-01
    endloop
  endfacet
  facet normal 6.305305e-01 -6.305305e-01 4.526174e-01
    outer loop
      vertex   3.424248e-02 -3.553537e-02 1.069098e-01
      vertex   3.515549e-02 -3.662346e-02 1.041221e-01
      vertex   3.553537e-02 -3.424248e-02 1.069098e-01
    endloop
  endfacet
  facet normal 5.114609e-01 -7.304418e-01 4.526174e-01
    outer loop
      vertex   3.345492e-02 -3.781422e-02 1.041221e-01
      vertex   3.424248e-02 -3.553537e-02 1.069098e-01
      vertex   3.274472e-02 -3.658412e-02 1.069098e-01
    endloop
  endfacet
  facet normal 1.924458e-01 -4.127014e-01 8.903045e-01
    outer loop
      vertex   3.456107e-02 -3.973014e-02 1.019098e-01
      vertex   3.328350e-02 -4.339004e-02 1.004894e-01
      vertex   3.595492e-02 -4.214434e-02 1.004894e-01
    endloop
  endfacet
  facet normal 1.833612e-01 -6.843135e-01 7.057576e-01
    outer loop
      vertex   3.157340e-02 -3.869158e-02 1.041221e-01
      vertex   2.995229e-02 -4.140760e-02 1.019098e-01
      vertex   3.233006e-02 -4.077048e-02 1.019098e-01
    endloop
  endfacet
  facet normal 1.178573e-01 -4.398494e-01 8.903045e-01
    outer loop
      vertex   3.233006e-02 -4.077048e-02 1.019098e-01
      vertex   2.995229e-02 -4.140760e-02 1.019098e-01
      vertex   3.043636e-02 -4.415293e-02 1.004894e-01
    endloop
  endfacet
  facet normal 3.768507e-01 -8.081590e-01 4.526174e-01
    outer loop
      vertex   3.274472e-02 -3.658412e-02 1.069098e-01
      vertex   3.157340e-02 -3.869158e-02 1.041221e-01
      vertex   3.345492e-02 -3.781422e-02 1.041221e-01
    endloop
  endfacet
  facet normal 2.994054e-01 -6.420769e-01 7.057576e-01
    outer loop
      vertex   3.345492e-02 -3.781422e-02 1.041221e-01
      vertex   3.157340e-02 -3.869158e-02 1.041221e-01
      vertex   3.233006e-02 -4.077048e-02 1.019098e-01
    endloop
  endfacet
  facet normal 4.063522e-01 -5.803311e-01 7.057576e-01
    outer loop
      vertex   3.515549e-02 -3.662346e-02 1.041221e-01
      vertex   3.456107e-02 -3.973014e-02 1.019098e-01
      vertex   3.657754e-02 -3.831819e-02 1.019098e-01
    endloop
  endfacet
  facet normal 2.611870e-01 -3.730137e-01 8.903045e-01
    outer loop
      vertex   3.657754e-02 -3.831819e-02 1.019098e-01
      vertex   3.456107e-02 -3.973014e-02 1.019098e-01
      vertex   3.595492e-02 -4.214434e-02 1.004894e-01
    endloop
  endfacet
  facet normal 6.305305e-01 -6.305305e-01 4.526174e-01
    outer loop
      vertex   3.553537e-02 -3.424248e-02 1.069098e-01
      vertex   3.515549e-02 -3.662346e-02 1.041221e-01
      vertex   3.662346e-02 -3.515549e-02 1.041221e-01
    endloop
  endfacet
  facet normal 5.009522e-01 -5.009522e-01 7.057576e-01
    outer loop
      vertex   3.662346e-02 -3.515549e-02 1.041221e-01
      vertex   3.515549e-02 -3.662346e-02 1.041221e-01
      vertex   3.657754e-02 -3.831819e-02 1.019098e-01
    endloop
  endfacet
  facet normal 7.304418e-01 -5.114609e-01 4.526174e-01
    outer loop
      vertex   3.658412e-02 -3.274472e-02 1.069098e-01
      vertex   3.553537e-02 -3.424248e-02 1.069098e-01
      vertex   3.662346e-02 -3.515549e-02 1.041221e-01
    endloop
  endfacet
  facet normal 0.000000e+00 0.000000e+00 1.000000e+00
    outer loop
      vertex   -3.388877e-02 -4.645214e-02 1.000000e-01
      vertex   -2.777981e-02 -5.034413e-02 1.000000e-01
      vertex   -3.180129e-02 -4.703200e-02 1.000000e-01
    endloop
  endfacet
  facet normal 0.000000e+00 0.000000e+00 1.000000e+00
    outer loop
      vertex   -3.180129e-02 -4.703200e-02 1.000000e-01
      vertex   -2.777981e-02 -5.034413e-02 1.000000e-01
      vertex   -2.966334e-02 -4.738266e-02 1.000000e-01
    endloop
  endfacet
  facet normal 0.000000e+00 0.000000e+00 1.000000e+00
    outer loop
      vertex   -2.966334e-02 -4.738266e-02 1.000000e-01
      vertex   -2.777981e-02 -5.034413e-02 1.000000e-01
      vertex   -2.750000e-02 -4.750000e-02 1.000000e-01
    endloop
  endfacet
  facet normal 0.000000e+00 0.000000e+00 1.000000e+00
    outer loop
      vertex   -2.750000e-02 -4.750000e-02 1.000000e-01
      vertex   -2.777981e-02 -5.034413e-02 1.000000e-01
      vertex   2.777981e-02 -5.034413e-02 1.000000e-01
    endloop
  endfacet
  facet normal -0.000000e+00 0.000000e+00 1.000000e+00
    outer loop
      vertex   -2.750000e-02 -4.750000e-02 1.000000e-01
      vertex   2.777981e-02 -5.034413e-02 1.000000e-01
      vertex   2.750000e-02 -4.750000e-02 1.000000e-01
    endloop
  endfacet
  facet normal -0.000000e+00 0.000000e+00 1.000000e+00
    outer loop
      vertex   2.750000e-02 -4.750000e-02 1.000000e-01
      vertex   2.777981e-02 -5.034413e-02 1.000000e-01
      vertex   2.966334e-02 -4.738266e-02 1.000000e-01
    endloop
  endfacet
  facet normal -0.000000e+00 0.000000e+00 1.000000e+00
    outer loop
      vertex   2.966334e-02 -4.738266e-02 1.000000e-01
      vertex   2.777981e-02 -5.034413e-02 1.000000e-01
      vertex   3.180129e-02 -4.703200e-02 1.000000e-01
    endloop
  endfacet
  facet normal -1.003137e-14 1.217972e-14 1.000000e+00
    outer loop
      vertex   3.180129e-02 -4.703200e-02 1.000000e-01
      vertex   2.777981e-02 -5.034413e-02 1.000000e-01
      vertex   3.388877e-02 -4.645214e-02 1.000000e-01
    endloop
  endfacet
  facet normal 0.000000e+00 0.000000e+00 1.000000e+00
    outer loop
      vertex   2.777981e-02 -5.034413e-02 1.000000e-01
      vertex   -2.777981e-02 -5.034413e-02 1.000000e-01
      vertex   2.123002e-02 -5.343722e-02 1.000000e-01
    endloop
  endfacet
  facet normal 0.000000e+00 0.000000e+00 1.000000e+00
    outer loop
      vertex   2.123002e-02 -5.343722e-02 1.000000e-01
      vertex   -2.777981e-02 -5.034413e-02 1.000000e-01
      vertex   -2.123002e-02 -5.343722e-02 1.000000e-01
    endloop
  endfacet
  facet normal 0.000000e+00 0.000000e+00 1.000000e+00
    outer loop
      vertex   2.123002e-02 -5.343722e-02 1.000000e-01
      vertex   -2.123002e-02 -5.343722e-02 1.000000e-01
      vertex   1.434333e-02 -5.568230e-02 1.000000e-01
    endloop
  endfacet
  facet normal 0.000000e+00 0.000000e+00 1.000000e+00
    outer loop
      vertex   1.434333e-02 -5.568230e-02 1.000000e-01
      vertex   -2.123002e-02 -5.343722e-02 1.000000e-01
      vertex   -1.434333e-02 -5.568230e-02 1.000000e-01
    endloop
  endfacet
  facet normal 0.000000e+00 0.000000e+00 1.000000e+00
    outer loop
      vertex   1.434333e-02 -5.568230e-02 1.000000e-01
      vertex   -1.434333e-02 -5.568230e-02 1.000000e-01
      vertex   7.229024e-03 -5.704377e-02 1.000000e-01
    endloop
  endfacet
  facet normal 0.000000e+00 0.000000e+00 1.000000e+00
    outer loop
      vertex   7.229024e-03 -5.704377e-02 1.000000e-01
      vertex   -1.434333e-02 -5.568230e-02 1.000000e-01
      vertex   -7.229024e-03 -5.704377e-02 1.000000e-01
    endloop
  endfacet
  facet normal 0.000000e+00 0.000000e+00 1.000000e+00
    outer loop
      vertex   7.229024e-03 -5.704377e-02 1.000000e-01
      vertex   -7.229024e-03 -5.704377e-02 1.000000e-01
      vertex   -1.056258e-17 -5.750000e-02 1.000000e-01
    endloop
  endfacet
  facet normal -1.217972e-14 1.003137e-14 1.000000e+00
    outer loop
      vertex   4.645214e-02 -3.388877e-02 1.000000e-01
      vertex   5.034413e-02 -2.777981e-02 1.000000e-01
      vertex   4.703200e-02 -3.180129e-02 1.000000e-01
    endloop
  endfacet
  facet normal 0.000000e+00 0.000000e+00 1.000000e+00
    outer loop
      vertex   4.703200e-02 -3.180129e-02 1.000000e-01
      vertex   5.034413e-02 -2.777981e-02 1.000000e-01
      vertex   4.738266e-02 -2.966334e-02 1.000000e-01
    endloop
  endfacet
  facet normal 0.000000e+00 0.000000e+00 1.000000e+00
    outer loop
      vertex   4.738266e-02 -2.966334e-02 1.000000e-01
      vertex   5.034413e-02 -2.777981e-02 1.000000e-01
      vertex   4.750000e-02 -2.750000e-02 1.000000e-01
    endloop
  endfacet
  facet normal -0.000000e+00 0.000000e+00 1.000000e+00
    outer loop
      vertex   4.750000e-02 -2.750000e-02 1.000000e-01
      vertex   5.034413e-02 -2.777981e-02 1.000000e-01
      vertex   5.034413e-02 2.777981e-02 1.000000e-01
    endloop
  endfacet
  facet normal 0.000000e+00 -0.000000e+00 1.000000e+00
    outer loop
      vertex   4.750000e-02 -2.750000e-02 1.000000e-01
      vertex   5.034413e-02 2.777981e-02 1.000000e-01
      vertex   4.750000e-02 2.750000e-02 1.000000e-01
    endloop
  endfacet
  facet normal 0.000000e+00 -0.000000e+00 1.000000e+00
    outer loop
      vertex   4.750000e-02 2.750000e-02 1.000000e-01
      vertex   5.034413e-02 2.777981e-02 1.000000e-01
      vertex   4.738266e-02 2.966334e-02 1.000000e-01
    endloop
  endfacet
  facet normal -0.000000e+00 -0.000000e+00 1.000000e+00
    outer loop
      vertex   4.738266e-02 2.966334e-02 1.000000e-01
      vertex   5.034413e-02 2.777981e-02 1.000000e-01
      vertex   4.703200e-02 3.180129e-02 1.000000e-01
    endloop
  endfacet
  facet normal -0.000000e+00 -0.000000e+00 1.000000e+00
    outer loop
      vertex   4.703200e-02 3.180129e-02 1.000000e-01
      vertex   5.034413e-02 2.777981e-02 1.000000e-01
      vertex   4.645214e-02 3.388877e-02 1.000000e-01
    endloop
  endfacet
  facet normal 0.000000e+00 -0.000000e+00 1.000000e+00
    outer loop
      vertex   5.034413e-02 -2.777981e-02 1.000000e-01
      vertex   5.343722e-02 -2.123002e-02 1.000000e-01
      vertex   5.034413e-02 2.777981e-02 1.000000e-01
    endloop
  endfacet
  facet normal 0.000000e+00 0.000000e+00 1.000000e+00
    outer loop
      vertex   5.034413e-02 2.777981e-02 1.000000e-01
      vertex   5.343722e-02 -2.123002e-02 1.000000e-01
      vertex   5.343722e-02 2.123002e-02 1.000000e-01
    endloop
  endfacet
  facet normal 0.000000e+00 0.000000e+00 1.000000e+00
    outer loop
      vertex   5.343722e-02 2.123002e-02 1.000000e-01
      vertex   5.343722e-02 -2.123002e-02 1.000000e-01
      vertex   5.568230e-02 -1.434333e-02 1.000000e-01
    endloop
  endfacet
  facet normal 0.000000e+00 0.000000e+00 1.000000e+00
    outer loop
      vertex   5.343722e-02 2.123002e-02 1.000000e-01
      vertex   5.568230e-02 -1.434333e-02 1.000000e-01
      vertex   5.568230e-02 1.434333e-02 1.000000e-01
    endloop
  endfacet
  facet normal 0.000000e+00 0.000000e+00 1.000000e+00
    outer loop
      vertex   5.568230e-02 1.434333e-02 1.000000e-01
      vertex   5.568230e-02 -1.434333e-02 1.000000e-01
      vertex   5.704377e-02 -7.229024e-03 1.000000e-01
    endloop
  endfacet
  facet normal 0.000000e+00 0.000000e+00 1.000000e+00
    outer loop
      vertex   5.568230e-02 1.434333e-02 1.000000e-01
      vertex   5.704377e-02 -7.229024e-03 1.000000e-01
      vertex   5.704377e-02 7.229024e-03 1.000000e-01
    endloop
  endfacet
  facet normal 0.000000e+00 0.000000e+00 1.000000e+00
    outer loop
      vertex   5.704377e-02 7.229024e-03 1.000000e-01
      vertex   5.704377e-02 -7.229024e-03 1.000000e-01
      vertex   5.750000e-02 3.698682e-17 1.000000e-01
    endloop
  endfacet
  facet normal 0.000000e+00 0.000000e+00 1.000000e+00
    outer loop
      vertex   3.388877e-02 4.645214e-02 1.000000e-01
      vertex   2.777981e-02 5.034413e-02 1.000000e-01
      vertex   3.180129e-02 4.703200e-02 1.000000e-01
    endloop
  endfacet
  facet normal 0.000000e+00 0.000000e+00 1.000000e+00
    outer loop
      vertex   3.180129e-02 4.703200e-02 1.000000e-01
      vertex   2.777981e-02 5.034413e-02 1.000000e-01
      vertex   2.966334e-02 4.738266e-02 1.000000e-01
    endloop
  endfacet
  facet normal 0.000000e+00 0.000000e+00 1.000000e+00
    outer loop
      vertex   2.966334e-02 4.738266e-02 1.000000e-01
      vertex   2.777981e-02 5.034413e-02 1.000000e-01
      vertex   2.750000e-02 4.750000e-02 1.000000e-01
    endloop
  endfacet
  facet normal 0.000000e+00 -0.000000e+00 1.000000e+00
    outer loop
      vertex   2.750000e-02 4.750000e-02 1.000000e-01
      vertex   2.777981e-02 5.034413e-02 1.000000e-01
      vertex   -2.777981e-02 5.034413e-02 1.000000e-01
    endloop
  endfacet
  facet normal 0.000000e+00 0.000000e+00 1.000000e+00
    outer loop
      vertex   2.750000e-02 4.750000e-02 1.000000e-01
      vertex   -2.777981e-02 5.034413e-02 1.000000e-01
      vertex   -2.750000e-02 4.750000e-02 1.000000e-01
    endloop
  endfacet
  facet normal 0.000000e+00 0.000000e+00 1.000000e+00
    outer loop
      vertex   -2.750000e-02 4.750000e-02 1.000000e-01
      vertex   -2.777981e-02 5.034413e-02 1.000000e-01
      vertex   -2.966334e-02 4.738266e-02 1.000000e-01
    endloop
  endfacet
  facet normal 0.000000e+00 -0.000000e+00 1.000000e+00
    outer loop
      vertex   -2.966334e-02 4.738266e-02 1.000000e-01
      vertex   -2.777981e-02 5.034413e-02 1.000000e-01
      vertex   -3.180129e-02 4.703200e-02 1.000000e-01
    endloop
  endfacet
  facet normal 0.000000e+00 -0.000000e+00 1.000000e+00
    outer loop
      vertex   -3.180129e-02 4.703200e-02 1.000000e-01
      vertex   -2.777981e-02 5.034413e-02 1.000000e-01
      vertex   -3.388877e-02 4.645214e-02 1.000000e-01
    endloop
  endfacet
  facet normal 0.000000e+00 0.000000e+00 1.000000e+00
    outer loop
      vertex   -2.777981e-02 5.034413e-02 1.000000e-01
      vertex   2.777981e-02 5.034413e-02 1.000000e-01
      vertex   -2.123002e-02 5.343722e-02 1.000000e-01
    endloop
  endfacet
  facet normal -0.000000e+00 0.000000e+00 1.000000e+00
    outer loop
      vertex   -2.123002e-02 5.343722e-02 1.000000e-01
      vertex   2.777981e-02 5.034413e-02 1.000000e-01
      vertex   2.123002e-02 5.343722e-02 1.000000e-01
    endloop
  endfacet
  facet normal 0.000000e+00 0.000000e+00 1.000000e+00
    outer loop
      vertex   -2.123002e-02 5.343722e-02 1.000000e-01
      vertex   2.123002e-02 5.343722e-02 1.000000e-01
      vertex   -1.434333e-02 5.568230e-02 1.000000e-01
    endloop
  endfacet
  facet normal -0.000000e+00 0.000000e+00 1.000000e+00
    outer loop
      vertex   -1.434333e-02 5.568230e-02 1.000000e-01
      vertex   2.123002e-02 5.343722e-02 1.000000e-01
      vertex   1.434333e-02 5.568230e-02 1.000000e-01
    endloop
  endfacet
  facet normal 0.000000e+00 0.000000e+00 1.000000e+00
    outer loop
      vertex   -1.434333e-02 5.568230e-02 1.000000e-01
      vertex   1.434333e-02 5.568230e-02 1.000000e-01
      vertex   -7.229024e-03 5.704377e-02 1.000000e-01
    endloop
  endfacet
  facet normal -0.000000e+00 0.000000e+00 1.000000e+00
    outer loop
      vertex   -7.229024e-03 5.704377e-02 1.000000e-01
      vertex   1.434333e-02 5.568230e-02 1.000000e-01
      vertex   7.229024e-03 5.704377e-02 1.000000e-01
    endloop
  endfacet
  facet normal 0.000000e+00 0.000000e+00 1.000000e+00
    outer loop
      vertex   -7.229024e-03 5.704377e-02 1.000000e-01
      vertex   7.229024e-03 5.704377e-02 1.000000e-01
      vertex   -2.201427e-17 5.750000e-02 1.000000e-01
    endloop
  endfacet
  facet normal 0.000000e+00 0.000000e+00 1.000000e+00
    outer loop
      vertex   -4.645214e-02 3.388877e-02 1.000000e-01
      vertex   -5.034413e-02 2.777981e-02 1.000000e-01
      vertex   -4.703200e-02 3.180129e-02 1.000000e-01
    endloop
  endfacet
  facet normal 0.000000e+00 0.000000e+00 1.000000e+00
    outer loop
      vertex   -4.703200e-02 3.180129e-02 1.000000e-01
      vertex   -5.034413e-02 2.777981e-02 1.000000e-01
      vertex   -4.738266e-02 2.966334e-02 1.000000e-01
    endloop
  endfacet
  facet normal 0.000000e+00 0.000000e+00 1.000000e+00
    outer loop
      vertex   -4.738266e-02 2.966334e-02 1.000000e-01
      vertex   -5.034413e-02 2.777981e-02 1.000000e-01
      vertex   -4.750000e-02 2.750000e-02 1.000000e-01
    endloop
  endfacet
  facet normal 0.000000e+00 0.000000e+00 1.000000e+00
    outer loop
      vertex   -4.750000e-02 2.750000e-02 1.000000e-01
      vertex   -5.034413e-02 2.777981e-02 1.000000e-01
      vertex   -4.750000e-02 -2.750000e-02 1.000000e-01
    endloop
  endfacet
  facet normal 0.000000e+00 0.000000e+00 1.000000e+00
    outer loop
      vertex   -4.750000e-02 -2.750000e-02 1.000000e-01
      vertex   -5.034413e-02 2.777981e-02 1.000000e-01
      vertex   -5.034413e-02 -2.777981e-02 1.000000e-01
    endloop
  endfacet
  facet normal 0.000000e+00 0.000000e+00 1.000000e+00
    outer loop
      vertex   -4.750000e-02 -2.750000e-02 1.000000e-01
      vertex   -5.034413e-02 -2.777981e-02 1.000000e-01
      vertex   -4.738266e-02 -2.966334e-02 1.000000e-01
    endloop
  endfacet
  facet normal 0.000000e+00 0.000000e+00 1.000000e+00
    outer loop
      vertex   -4.738266e-02 -2.966334e-02 1.000000e-01
      vertex   -5.034413e-02 -2.777981e-02 1.000000e-01
      vertex   -4.703200e-02 -3.180129e-02 1.000000e-01
    endloop
  endfacet
  facet normal 0.000000e+00 0.000000e+00 1.000000e+00
    outer loop
      vertex   -4.703200e-02 -3.180129e-02 1.000000e-01
      vertex   -5.034413e-02 -2.777981e-02 1.000000e-01
      vertex   -4.645214e-02 -3.388877e-02 1.000000e-01
    endloop
  endfacet
  facet normal 0.000000e+00 0.000000e+00 1.000000e+00
    outer loop
      vertex   -5.034413e-02 -2.777981e-02 1.000000e-01
      vertex   -5.034413e-02 2.777981e-02 1.000000e-01
      vertex   -5.343722e-02 -2.123002e-02 1.000000e-01
    endloop
  endfacet
  facet normal 0.000000e+00 -0.000000e+00 1.000000e+00
    outer loop
      vertex   -5.343722e-02 -2.123002e-02 1.000000e-01
      vertex   -5.034413e-02 2.777981e-02 1.000000e-01
      vertex   -5.343722e-02 2.123002e-02 1.000000e-01
    endloop
  endfacet
  facet normal 0.000000e+00 0.000000e+00 1.000000e+00
    outer loop
      vertex   -5.343722e-02 -2.123002e-02 1.000000e-01
      vertex   -5.343722e-02 2.123002e-02 1.000000e-01
      vertex   -5.568230e-02 -1.434333e-02 1.000000e-01
    endloop
  endfacet
  facet normal 0.000000e+00 -0.000000e+00 1.000000e+00
    outer loop
      vertex   -5.568230e-02 -1.434333e-02 1.000000e-01
      vertex   -5.343722e-02 2.123002e-02 1.000000e-01
      vertex   -5.568230e-02 1.434333e-02 1.000000e-01
    endloop
  endfacet
  facet normal 0.000000e+00 0.000000e+00 1.000000e+00
    outer loop
      vertex   -5.568230e-02 -1.434333e-02 1.000000e-01
      vertex   -5.568230e-02 1.434333e-02 1.000000e-01
      vertex   -5.704377e-02 -7.229024e-03 1.000000e-01
    endloop
  endfacet
  facet normal 0.000000e+00 0.000000e+00 1.000000e+00
    outer loop
      vertex   -5.704377e-02 -7.229024e-03 1.000000e-01
      vertex   -5.568230e-02 1.434333e-02 1.000000e-01
      vertex   -5.704377e-02 7.229024e-03 1.000000e-01
    endloop
  endfacet
  facet normal 0.000000e+00 -0.000000e+00 1.000000e+00
    outer loop
      vertex   -5.704377e-02 -7.229024e-03 1.000000e-01
      vertex   -5.704377e-02 7.229024e-03 1.000000e-01
      vertex   -5.750000e-02 -5.725846e-18 1.000000e-01
    endloop
  endfacet
  facet normal 9.982429e-01 5.924058e-02 -1.315734e-03
    outer loop
      vertex   6.702622e-02 7.983439e-03 0.000000e+00
      vertex   6.738923e-02 3.865503e-03 9.000000e-02
      vertex   6.750000e-02 0.000000e+00 0.000000e+00
    endloop
  endfacet
  facet normal 9.999992e-01 1.794399e-15 1.230813e-03
    outer loop
      vertex   6.750000e-02 0.000000e+00 0.000000e+00
      vertex   6.738923e-02 3.865503e-03 9.000000e-02
      vertex   6.738923e-02 -3.865503e-03 9.000000e-02
    endloop
  endfacet
  facet normal 9.982429e-01 -5.924058e-02 -1.315734e-03
    outer loop
      vertex   6.750000e-02 0.000000e+00 0.000000e+00
      vertex   6.738923e-02 -3.865503e-03 9.000000e-02
      vertex   6.702622e-02 -7.983439e-03 0.000000e+00
    endloop
  endfacet
  facet normal 9.934403e-01 -1.143454e-01 1.224948e-03
    outer loop
      vertex   6.702622e-02 -7.983439e-03 0.000000e+00
      vertex   6.738923e-02 -3.865503e-03 9.000000e-02
      vertex   6.650522e-02 -1.154580e-02 9.000000e-02
    endloop
  endfacet
  facet normal 9.842297e-01 -1.768901e-01 -1.304005e-03
    outer loop
      vertex   6.702622e-02 -7.983439e-03 0.000000e+00
      vertex   6.650522e-02 -1.154580e-02 9.000000e-02
      vertex   6.561155e-02 -1.585481e-02 0.000000e+00
    endloop
  endfacet
  facet normal 9.738495e-01 -2.271908e-01 1.207355e-03
    outer loop
      vertex   6.561155e-02 -1.585481e-02 0.000000e+00
      vertex   6.650522e-02 -1.154580e-02 9.000000e-02
      vertex   6.474881e-02 -1.907464e-02 9.000000e-02
    endloop
  endfacet
  facet normal 9.564002e-01 -2.920565e-01 -1.280548e-03
    outer loop
      vertex   6.561155e-02 -1.585481e-02 0.000000e+00
      vertex   6.474881e-02 -1.907464e-02 9.000000e-02
      vertex   6.327583e-02 -2.350361e-02 0.000000e+00
    endloop
  endfacet
  facet normal 9.414839e-01 -3.370559e-01 1.178033e-03
    outer loop
      vertex   6.327583e-02 -2.350361e-02 0.000000e+00
      vertex   6.474881e-02 -1.907464e-02 9.000000e-02
      vertex   6.214302e-02 -2.635327e-02 9.000000e-02
    endloop
  endfacet
  facet normal 9.151449e-01 -4.031231e-01 -1.245362e-03
    outer loop
      vertex   6.327583e-02 -2.350361e-02 0.000000e+00
      vertex   6.214302e-02 -2.635327e-02 9.000000e-02
      vertex   6.005185e-02 -3.082247e-02 0.000000e+00
    endloop
  endfacet
  facet normal 8.967680e-01 -4.424996e-01 1.136984e-03
    outer loop
      vertex   6.005185e-02 -3.082247e-02 0.000000e+00
      vertex   6.214302e-02 -2.635327e-02 9.000000e-02
      vertex   5.872205e-02 -3.328619e-02 9.000000e-02
    endloop
  endfacet
  facet normal 8.610430e-01 -5.085308e-01 -1.198449e-03
    outer loop
      vertex   6.005185e-02 -3.082247e-02 0.000000e+00
      vertex   5.872205e-02 -3.328619e-02 9.000000e-02
      vertex   5.598488e-02 -3.770866e-02 0.000000e+00
    endloop
  endfacet
  facet normal 8.402883e-01 -5.421387e-01 1.084207e-03
    outer loop
      vertex   5.598488e-02 -3.770866e-02 0.000000e+00
      vertex   5.872205e-02 -3.328619e-02 9.000000e-02
      vertex   5.453077e-02 -3.978247e-02 9.000000e-02
    endloop
  endfacet
  facet normal 7.948539e-01 -6.067998e-01 -1.139809e-03
    outer loop
      vertex   5.598488e-02 -3.770866e-02 0.000000e+00
      vertex   5.453077e-02 -3.978247e-02 9.000000e-02
      vertex   5.113201e-02 -4.406549e-02 0.000000e+00
    endloop
  endfacet
  facet normal 7.843958e-01 -6.202606e-01 -1.042777e-04
    outer loop
      vertex   5.113201e-02 -4.406549e-02 0.000000e+00
      vertex   5.453077e-02 -3.978247e-02 9.000000e-02
      vertex   5.128435e-02 -4.388797e-02 9.002460e-02
    endloop
  endfacet
  facet normal 7.340008e-01 -6.791485e-01 9.712893e-05
    outer loop
      vertex   5.113201e-02 -4.406549e-02 0.000000e+00
      vertex   5.128435e-02 -4.388797e-02 9.002460e-02
      vertex   4.772971e-02 -4.772971e-02 9.004840e-02
    endloop
  endfacet
  facet normal 9.934403e-01 1.143454e-01 1.224948e-03
    outer loop
      vertex   6.738923e-02 3.865503e-03 9.000000e-02
      vertex   6.702622e-02 7.983439e-03 0.000000e+00
      vertex   6.650522e-02 1.154580e-02 9.000000e-02
    endloop
  endfacet
  facet normal 9.842297e-01 1.768901e-01 -1.304005e-03
    outer loop
      vertex   6.650522e-02 1.154580e-02 9.000000e-02
      vertex   6.702622e-02 7.983439e-03 0.000000e+00
      vertex   6.561155e-02 1.585481e-02 0.000000e+00
    endloop
  endfacet
  facet normal 9.738495e-01 2.271908e-01 1.207355e-03
    outer loop
      vertex   6.650522e-02 1.154580e-02 9.000000e-02
      vertex   6.561155e-02 1.585481e-02 0.000000e+00
      vertex   6.474881e-02 1.907464e-02 9.000000e-02
    endloop
  endfacet
  facet normal 9.564002e-01 2.920565e-01 -1.280548e-03
    outer loop
      vertex   6.474881e-02 1.907464e-02 9.000000e-02
      vertex   6.561155e-02 1.585481e-02 0.000000e+00
      vertex   6.327583e-02 2.350361e-02 0.000000e+00
    endloop
  endfacet
  facet normal 9.414839e-01 3.370559e-01 1.178033e-03
    outer loop
      vertex   6.474881e-02 1.907464e-02 9.000000e-02
      vertex   6.327583e-02 2.350361e-02 0.000000e+00
      vertex   6.214302e-02 2.635327e-02 9.000000e-02
    endloop
  endfacet
  facet normal 9.151449e-01 4.031231e-01 -1.245362e-03
    outer loop
      vertex   6.214302e-02 2.635327e-02 9.000000e-02
      vertex   6.327583e-02 2.350361e-02 0.000000e+00
      vertex   6.005185e-02 3.082247e-02 0.000000e+00
    endloop
  endfacet
  facet normal 8.967680e-01 4.424996e-01 1.136984e-03
    outer loop
      vertex   6.214302e-02 2.635327e-02 9.000000e-02
      vertex   6.005185e-02 3.082247e-02 0.000000e+00
      vertex   5.872205e-02 3.328619e-02 9.000000e-02
    endloop
  endfacet
  facet normal 8.610430e-01 5.085308e-01 -1.198449e-03
    outer loop
      vertex   5.872205e-02 3.328619e-02 9.000000e-02
      vertex   6.005185e-02 3.082247e-02 0.000000e+00
      vertex   5.598488e-02 3.770866e-02 0.000000e+00
    endloop
  endfacet
  facet normal 8.402883e-01 5.421387e-01 1.084207e-03
    outer loop
      vertex   5.872205e-02 3.328619e-02 9.000000e-02
      vertex   5.598488e-02 3.770866e-02 0.000000e+00
      vertex   5.453077e-02 3.978247e-02 9.000000e-02
    endloop
  endfacet
  facet normal 7.948539e-01 6.067998e-01 -1.139809e-03
    outer loop
      vertex   5.453077e-02 3.978247e-02 9.000000e-02
      vertex   5.598488e-02 3.770866e-02 0.000000e+00
      vertex   5.113201e-02 4.406549e-02 0.000000e+00
    endloop
  endfacet
  facet normal 7.844057e-01 6.202481e-01 -1.052430e-04
    outer loop
      vertex   5.453077e-02 3.978247e-02 9.000000e-02
      vertex   5.113201e-02 4.406549e-02 0.000000e+00
      vertex   5.128442e-02 4.388802e-02 9.002670e-02
    endloop
  endfacet
  facet normal 7.339901e-01 6.791602e-01 9.624776e-05
    outer loop
      vertex   5.128442e-02 4.388802e-02 9.002670e-02
      vertex   5.113201e-02 4.406549e-02 0.000000e+00
      vertex   4.772971e-02 4.772971e-02 9.004840e-02
    endloop
  endfacet
  facet normal 7.175067e-01 6.965505e-01 -1.234183e-03
    outer loop
      vertex   4.772971e-02 4.772971e-02 9.004840e-02
      vertex   5.113201e-02 4.406549e-02 0.000000e+00
      vertex   4.556135e-02 4.980375e-02 0.000000e+00
    endloop
  endfacet
  facet normal 6.791469e-01 7.340021e-01 5.521207e-04
    outer loop
      vertex   4.772971e-02 4.772971e-02 9.004840e-02
      vertex   4.556135e-02 4.980375e-02 0.000000e+00
      vertex   4.388797e-02 5.128435e-02 9.002460e-02
    endloop
  endfacet
  facet normal 6.300875e-01 7.765234e-01 -1.059135e-03
    outer loop
      vertex   4.388797e-02 5.128435e-02 9.002460e-02
      vertex   4.556135e-02 4.980375e-02 0.000000e+00
      vertex   3.935111e-02 5.484286e-02 0.000000e+00
    endloop
  endfacet
  facet normal 6.202611e-01 7.843954e-01 -2.527652e-04
    outer loop
      vertex   4.388797e-02 5.128435e-02 9.002460e-02
      vertex   3.935111e-02 5.484286e-02 0.000000e+00
      vertex   3.978247e-02 5.453077e-02 9.000000e-02
    endloop
  endfacet
  facet normal 5.421390e-01 8.402888e-01 3.154788e-04
    outer loop
      vertex   3.978247e-02 5.453077e-02 9.000000e-02
      vertex   3.935111e-02 5.484286e-02 0.000000e+00
      vertex   3.328619e-02 5.872205e-02 9.000000e-02
    endloop
  endfacet
  facet normal 5.338233e-01 8.455959e-01 -4.736457e-04
    outer loop
      vertex   3.328619e-02 5.872205e-02 9.000000e-02
      vertex   3.935111e-02 5.484286e-02 0.000000e+00
      vertex   3.258847e-02 5.911211e-02 0.000000e+00
    endloop
  endfacet
  facet normal 4.424999e-01 8.967684e-01 4.561085e-04
    outer loop
      vertex   3.328619e-02 5.872205e-02 9.000000e-02
      vertex   3.258847e-02 5.911211e-02 0.000000e+00
      vertex   2.635327e-02 6.214302e-02 9.000000e-02
    endloop
  endfacet
  facet normal 4.300651e-01 9.027977e-01 -6.084173e-04
    outer loop
      vertex   2.635327e-02 6.214302e-02 9.000000e-02
      vertex   3.258847e-02 5.911211e-02 0.000000e+00
      vertex   2.536836e-02 6.255155e-02 0.000000e+00
    endloop
  endfacet
  facet normal 3.370561e-01 9.414844e-01 5.850214e-04
    outer loop
      vertex   2.635327e-02 6.214302e-02 9.000000e-02
      vertex   2.536836e-02 6.255155e-02 0.000000e+00
      vertex   1.907464e-02 6.474881e-02 9.000000e-02
    endloop
  endfacet
  facet normal 3.202698e-01 9.473261e-01 -7.314711e-04
    outer loop
      vertex   1.907464e-02 6.474881e-02 9.000000e-02
      vertex   2.536836e-02 6.255155e-02 0.000000e+00
      vertex   1.779213e-02 6.511290e-02 0.000000e+00
    endloop
  endfacet
  facet normal 2.271909e-01 9.738500e-01 7.022156e-04
    outer loop
      vertex   1.907464e-02 6.474881e-02 9.000000e-02
      vertex   1.779213e-02 6.511290e-02 0.000000e+00
      vertex   1.154580e-02 6.650522e-02 9.000000e-02
    endloop
  endfacet
  facet normal 2.059785e-01 9.785561e-01 -8.428051e-04
    outer loop
      vertex   1.154580e-02 6.650522e-02 9.000000e-02
      vertex   1.779213e-02 6.511290e-02 0.000000e+00
      vertex   9.966143e-03 6.676021e-02 0.000000e+00
    endloop
  endfacet
  facet normal 1.143454e-01 9.934407e-01 8.076892e-04
    outer loop
      vertex   1.154580e-02 6.650522e-02 9.000000e-02
      vertex   9.966143e-03 6.676021e-02 0.000000e+00
      vertex   3.865503e-03 6.738923e-02 9.000000e-02
    endloop
  endfacet
  facet normal 8.879586e-02 9.960494e-01 -9.424178e-04
    outer loop
      vertex   3.865503e-03 6.738923e-02 9.000000e-02
      vertex   9.966143e-03 6.676021e-02 0.000000e+00
      vertex   2.000250e-03 6.747036e-02 0.000000e+00
    endloop
  endfacet
  facet normal 0.000000e+00 9.999996e-01 9.014405e-04
    outer loop
      vertex   3.865503e-03 6.738923e-02 9.000000e-02
      vertex   2.000250e-03 6.747036e-02 0.000000e+00
      vertex   -3.865503e-03 6.738923e-02 9.000000e-02
    endloop
  endfacet
  facet normal -2.963331e-02 9.995603e-01 -1.030307e-03
    outer loop
      vertex   -3.865503e-03 6.738923e-02 9.000000e-02
      vertex   2.000250e-03 6.747036e-02 0.000000e+00
      vertex   -5.993723e-03 6.723336e-02 0.000000e+00
    endloop
  endfacet
  facet normal -1.143454e-01 9.934406e-01 9.834682e-04
    outer loop
      vertex   -3.865503e-03 6.738923e-02 9.000000e-02
      vertex   -5.993723e-03 6.723336e-02 0.000000e+00
      vertex   -1.154580e-02 6.650522e-02 9.000000e-02
    endloop
  endfacet
  facet normal -1.476465e-01 9.890396e-01 -1.106473e-03
    outer loop
      vertex   -1.154580e-02 6.650522e-02 9.000000e-02
      vertex   -5.993723e-03 6.723336e-02 0.000000e+00
      vertex   -1.390356e-02 6.605256e-02 0.000000e+00
    endloop
  endfacet
  facet normal -2.271908e-01 9.738497e-01 1.053771e-03
    outer loop
      vertex   -1.154580e-02 6.650522e-02 9.000000e-02
      vertex   -1.390356e-02 6.605256e-02 0.000000e+00
      vertex   -1.907464e-02 6.474881e-02 9.000000e-02
    endloop
  endfacet
  facet normal -2.635870e-01 9.646349e-01 -1.170913e-03
    outer loop
      vertex   -1.907464e-02 6.474881e-02 9.000000e-02
      vertex   -1.390356e-02 6.605256e-02 0.000000e+00
      vertex   -2.161822e-02 6.394453e-02 0.000000e+00
    endloop
  endfacet
  facet normal -3.370560e-01 9.414840e-01 1.112348e-03
    outer loop
      vertex   -1.907464e-02 6.474881e-02 9.000000e-02
      vertex   -2.161822e-02 6.394453e-02 0.000000e+00
      vertex   -2.635327e-02 6.214302e-02 9.000000e-02
    endloop
  endfacet
  facet normal -3.758273e-01 9.266889e-01 -1.223626e-03
    outer loop
      vertex   -2.635327e-02 6.214302e-02 9.000000e-02
      vertex   -2.161822e-02 6.394453e-02 0.000000e+00
      vertex   -2.902940e-02 6.093885e-02 0.000000e+00
    endloop
  endfacet
  facet normal -4.424996e-01 8.967679e-01 1.159197e-03
    outer loop
      vertex   -2.635327e-02 6.214302e-02 9.000000e-02
      vertex   -2.902940e-02 6.093885e-02 0.000000e+00
      vertex   -3.328619e-02 5.872205e-02 9.000000e-02
    endloop
  endfacet
  facet normal -4.827918e-01 8.757342e-01 -1.264612e-03
    outer loop
      vertex   -3.328619e-02 5.872205e-02 9.000000e-02
      vertex   -2.902940e-02 6.093885e-02 0.000000e+00
      vertex   -3.603308e-02 5.707773e-02 0.000000e+00
    endloop
  endfacet
  facet normal -5.421386e-01 8.402882e-01 1.194319e-03
    outer loop
      vertex   -3.328619e-02 5.872205e-02 9.000000e-02
      vertex   -3.603308e-02 5.707773e-02 0.000000e+00
      vertex   -3.978247e-02 5.453077e-02 9.000000e-02
    endloop
  endfacet
  facet normal -5.829790e-01 8.124862e-01 -1.293870e-03
    outer loop
      vertex   -3.978247e-02 5.453077e-02 9.000000e-02
      vertex   -3.603308e-02 5.707773e-02 0.000000e+00
      vertex   -4.253093e-02 5.241536e-02 0.000000e+00
    endloop
  endfacet
  facet normal -6.202456e-01 7.844075e-01 5.041742e-04
    outer loop
      vertex   -3.978247e-02 5.453077e-02 9.000000e-02
      vertex   -4.253093e-02 5.241536e-02 0.000000e+00
      vertex   -4.388802e-02 5.128442e-02 9.002670e-02
    endloop
  endfacet
  facet normal -6.749827e-01 7.378330e-01 -9.060288e-04
    outer loop
      vertex   -4.388802e-02 5.128442e-02 9.002670e-02
      vertex   -4.253093e-02 5.241536e-02 0.000000e+00
      vertex   -4.843174e-02 4.701719e-02 0.000000e+00
    endloop
  endfacet
  facet normal -6.791620e-01 7.339883e-01 -5.128616e-04
    outer loop
      vertex   -4.388802e-02 5.128442e-02 9.002670e-02
      vertex   -4.843174e-02 4.701719e-02 0.000000e+00
      vertex   -4.772971e-02 4.772971e-02 9.004840e-02
    endloop
  endfacet
  facet normal -7.340016e-01 6.791477e-01 3.486069e-04
    outer loop
      vertex   -4.772971e-02 4.772971e-02 9.004840e-02
      vertex   -4.843174e-02 4.701719e-02 0.000000e+00
      vertex   -5.128435e-02 4.388797e-02 9.002460e-02
    endloop
  endfacet
  facet normal -7.575106e-01 6.528216e-01 -1.311412e-03
    outer loop
      vertex   -5.128435e-02 4.388797e-02 9.002460e-02
      vertex   -4.843174e-02 4.701719e-02 0.000000e+00
      vertex   -5.365267e-02 4.095901e-02 0.000000e+00
    endloop
  endfacet
  facet normal -7.843974e-01 6.202585e-01 4.553544e-04
    outer loop
      vertex   -5.128435e-02 4.388797e-02 9.002460e-02
      vertex   -5.365267e-02 4.095901e-02 0.000000e+00
      vertex   -5.453077e-02 3.978247e-02 9.000000e-02
    endloop
  endfacet
  facet normal -8.294054e-01 5.586466e-01 -7.892071e-04
    outer loop
      vertex   -5.453077e-02 3.978247e-02 9.000000e-02
      vertex   -5.365267e-02 4.095901e-02 0.000000e+00
      vertex   -5.812044e-02 3.432585e-02 0.000000e+00
    endloop
  endfacet
  facet normal -8.402886e-01 5.421389e-01 6.457192e-04
    outer loop
      vertex   -5.453077e-02 3.978247e-02 9.000000e-02
      vertex   -5.812044e-02 3.432585e-02 0.000000e+00
      vertex   -5.872205e-02 3.328619e-02 9.000000e-02
    endloop
  endfacet
  facet normal -8.896569e-01 4.566291e-01 -6.720765e-04
    outer loop
      vertex   -5.872205e-02 3.328619e-02 9.000000e-02
      vertex   -5.812044e-02 3.432585e-02 0.000000e+00
      vertex   -6.177233e-02 2.721083e-02 0.000000e+00
    endloop
  endfacet
  facet normal -8.967684e-01 4.424999e-01 5.227289e-04
    outer loop
      vertex   -5.872205e-02 3.328619e-02 9.000000e-02
      vertex   -6.177233e-02 2.721083e-02 0.000000e+00
      vertex   -6.214302e-02 2.635327e-02 9.000000e-02
    endloop
  endfacet
  facet normal -9.374195e-01 3.482016e-01 -5.432272e-04
    outer loop
      vertex   -6.214302e-02 2.635327e-02 9.000000e-02
      vertex   -6.177233e-02 2.721083e-02 0.000000e+00
      vertex   -6.455707e-02 1.971383e-02 0.000000e+00
    endloop
  endfacet
  facet normal -9.414845e-01 3.370561e-01 3.880210e-04
    outer loop
      vertex   -6.214302e-02 2.635327e-02 9.000000e-02
      vertex   -6.455707e-02 1.971383e-02 0.000000e+00
      vertex   -6.474881e-02 1.907464e-02 9.000000e-02
    endloop
  endfacet
  facet normal -9.720228e-01 2.348860e-01 -4.026611e-04
    outer loop
      vertex   -6.474881e-02 1.907464e-02 9.000000e-02
      vertex   -6.455707e-02 1.971383e-02 0.000000e+00
      vertex   -6.643556e-02 1.194009e-02 0.000000e+00
    endloop
  endfacet
  facet normal -9.738502e-01 2.271909e-01 2.415973e-04
    outer loop
      vertex   -6.474881e-02 1.907464e-02 9.000000e-02
      vertex   -6.643556e-02 1.194009e-02 0.000000e+00
      vertex   -6.650522e-02 1.154580e-02 9.000000e-02
    endloop
  endfacet
  facet normal -9.929811e-01 1.182732e-01 -2.503805e-04
    outer loop
      vertex   -6.650522e-02 1.154580e-02 9.000000e-02
      vertex   -6.643556e-02 1.194009e-02 0.000000e+00
      vertex   -6.738145e-02 3.998742e-03 0.000000e+00
    endloop
  endfacet
  facet normal -9.934410e-01 1.143455e-01 8.346027e-05
    outer loop
      vertex   -6.650522e-02 1.154580e-02 9.000000e-02
      vertex   -6.738145e-02 3.998742e-03 0.000000e+00
      vertex   -6.738923e-02 3.865503e-03 9.000000e-02
    endloop
  endfacet
  facet normal -1.000000e+00 0.000000e+00 -8.638767e-05
    outer loop
      vertex   -6.738923e-02 3.865503e-03 9.000000e-02
      vertex   -6.738145e-02 3.998742e-03 0.000000e+00
      vertex   -6.738145e-02 -3.998742e-03 0.000000e+00
    endloop
  endfacet
  facet normal -1.000000e+00 -0.000000e+00 -8.638767e-05
    outer loop
      vertex   -6.738923e-02 3.865503e-03 9.000000e-02
      vertex   -6.738145e-02 -3.998742e-03 0.000000e+00
      vertex   -6.738923e-02 -3.865503e-03 9.000000e-02
    endloop
  endfacet
  facet normal -9.934410e-01 -1.143455e-01 8.346027e-05
    outer loop
      vertex   -6.738923e-02 -3.865503e-03 9.000000e-02
      vertex   -6.738145e-02 -3.998742e-03 0.000000e+00
      vertex   -6.650522e-02 -1.154580e-02 9.000000e-02
    endloop
  endfacet
  facet normal -9.929811e-01 -1.182732e-01 -2.503805e-04
    outer loop
      vertex   -6.650522e-02 -1.154580e-02 9.000000e-02
      vertex   -6.738145e-02 -3.998742e-03 0.000000e+00
      vertex   -6.643556e-02 -1.194009e-02 0.000000e+00
    endloop
  endfacet
  facet normal -9.738502e-01 -2.271909e-01 2.415973e-04
    outer loop
      vertex   -6.650522e-02 -1.154580e-02 9.000000e-02
      vertex   -6.643556e-02 -1.194009e-02 0.000000e+00
      vertex   -6.474881e-02 -1.907464e-02 9.000000e-02
    endloop
  endfacet
  facet normal -9.720228e-01 -2.348860e-01 -4.026611e-04
    outer loop
      vertex   -6.474881e-02 -1.907464e-02 9.000000e-02
      vertex   -6.643556e-02 -1.194009e-02 0.000000e+00
      vertex   -6.455707e-02 -1.971383e-02 0.000000e+00
    endloop
  endfacet
  facet normal -9.414845e-01 -3.370561e-01 3.880210e-04
    outer loop
      vertex   -6.474881e-02 -1.907464e-02 9.000000e-02
      vertex   -6.455707e-02 -1.971383e-02 0.000000e+00
      vertex   -6.214302e-02 -2.635327e-02 9.000000e-02
    endloop
  endfacet
  facet normal -9.374195e-01 -3.482016e-01 -5.432272e-04
    outer loop
      vertex   -6.214302e-02 -2.635327e-02 9.000000e-02
      vertex   -6.455707e-02 -1.971383e-02 0.000000e+00
      vertex   -6.177233e-02 -2.721083e-02 0.000000e+00
    endloop
  endfacet
  facet normal -8.967684e-01 -4.424999e-01 5.227289e-04
    outer loop
      vertex   -6.214302e-02 -2.635327e-02 9.000000e-02
      vertex   -6.177233e-02 -2.721083e-02 0.000000e+00
      vertex   -5.872205e-02 -3.328619e-02 9.000000e-02
    endloop
  endfacet
  facet normal -8.896569e-01 -4.566291e-01 -6.720765e-04
    outer loop
      vertex   -5.872205e-02 -3.328619e-02 9.000000e-02
      vertex   -6.177233e-02 -2.721083e-02 0.000000e+00
      vertex   -5.812044e-02 -3.432585e-02 0.000000e+00
    endloop
  endfacet
  facet normal -8.402886e-01 -5.421389e-01 6.457192e-04
    outer loop
      vertex   -5.872205e-02 -3.328619e-02 9.000000e-02
      vertex   -5.812044e-02 -3.432585e-02 0.000000e+00
      vertex   -5.453077e-02 -3.978247e-02 9.000000e-02
    endloop
  endfacet
  facet normal -8.294054e-01 -5.586466e-01 -7.892071e-04
    outer loop
      vertex   -5.453077e-02 -3.978247e-02 9.000000e-02
      vertex   -5.812044e-02 -3.432585e-02 0.000000e+00
      vertex   -5.365267e-02 -4.095901e-02 0.000000e+00
    endloop
  endfacet
  facet normal -7.844074e-01 -6.202458e-01 4.550916e-04
    outer loop
      vertex   -5.453077e-02 -3.978247e-02 9.000000e-02
      vertex   -5.365267e-02 -4.095901e-02 0.000000e+00
      vertex   -5.128442e-02 -4.388802e-02 9.002670e-02
    endloop
  endfacet
  facet normal -7.575106e-01 -6.528216e-01 -1.312305e-03
    outer loop
      vertex   -5.128442e-02 -4.388802e-02 9.002670e-02
      vertex   -5.365267e-02 -4.095901e-02 0.000000e+00
      vertex   -4.843174e-02 -4.701719e-02 0.000000e+00
    endloop
  endfacet
  facet normal -7.339907e-01 -6.791594e-01 3.484293e-04
    outer loop
      vertex   -5.128442e-02 -4.388802e-02 9.002670e-02
      vertex   -4.843174e-02 -4.701719e-02 0.000000e+00
      vertex   -4.772971e-02 -4.772971e-02 9.004840e-02
    endloop
  endfacet
  facet normal -6.791505e-01 -7.339989e-01 -5.130345e-04
    outer loop
      vertex   -4.772971e-02 -4.772971e-02 9.004840e-02
      vertex   -4.843174e-02 -4.701719e-02 0.000000e+00
      vertex   -4.388797e-02 -5.128435e-02 9.002460e-02
    endloop
  endfacet
  facet normal -6.749827e-01 -7.378330e-01 -9.051291e-04
    outer loop
      vertex   -4.388797e-02 -5.128435e-02 9.002460e-02
      vertex   -4.843174e-02 -4.701719e-02 0.000000e+00
      vertex   -4.253093e-02 -5.241536e-02 0.000000e+00
    endloop
  endfacet
  facet normal -6.202583e-01 -7.843975e-01 5.047959e-04
    outer loop
      vertex   -4.388797e-02 -5.128435e-02 9.002460e-02
      vertex   -4.253093e-02 -5.241536e-02 0.000000e+00
      vertex   -3.978247e-02 -5.453077e-02 9.000000e-02
    endloop
  endfacet
  facet normal -5.829790e-01 -8.124862e-01 -1.293870e-03
    outer loop
      vertex   -3.978247e-02 -5.453077e-02 9.000000e-02
      vertex   -4.253093e-02 -5.241536e-02 0.000000e+00
      vertex   -3.603308e-02 -5.707773e-02 0.000000e+00
    endloop
  endfacet
  facet normal -5.421386e-01 -8.402882e-01 1.194319e-03
    outer loop
      vertex   -3.978247e-02 -5.453077e-02 9.000000e-02
      vertex   -3.603308e-02 -5.707773e-02 0.000000e+00
      vertex   -3.328619e-02 -5.872205e-02 9.000000e-02
    endloop
  endfacet
  facet normal -4.827918e-01 -8.757342e-01 -1.264612e-03
    outer loop
      vertex   -3.328619e-02 -5.872205e-02 9.000000e-02
      vertex   -3.603308e-02 -5.707773e-02 0.000000e+00
      vertex   -2.902940e-02 -6.093885e-02 0.000000e+00
    endloop
  endfacet
  facet normal -4.424996e-01 -8.967679e-01 1.159197e-03
    outer loop
      vertex   -3.328619e-02 -5.872205e-02 9.000000e-02
      vertex   -2.902940e-02 -6.093885e-02 0.000000e+00
      vertex   -2.635327e-02 -6.214302e-02 9.000000e-02
    endloop
  endfacet
  facet normal -3.758273e-01 -9.266889e-01 -1.223626e-03
    outer loop
      vertex   -2.635327e-02 -6.214302e-02 9.000000e-02
      vertex   -2.902940e-02 -6.093885e-02 0.000000e+00
      vertex   -2.161822e-02 -6.394453e-02 0.000000e+00
    endloop
  endfacet
  facet normal -3.370560e-01 -9.414840e-01 1.112348e-03
    outer loop
      vertex   -2.635327e-02 -6.214302e-02 9.000000e-02
      vertex   -2.161822e-02 -6.394453e-02 0.000000e+00
      vertex   -1.907464e-02 -6.474881e-02 9.000000e-02
    endloop
  endfacet
  facet normal -2.635870e-01 -9.646349e-01 -1.170913e-03
    outer loop
      vertex   -1.907464e-02 -6.474881e-02 9.000000e-02
      vertex   -2.161822e-02 -6.394453e-02 0.000000e+00
      vertex   -1.390356e-02 -6.605256e-02 0.000000e+00
    endloop
  endfacet
  facet normal -2.271908e-01 -9.738497e-01 1.053771e-03
    outer loop
      vertex   -1.907464e-02 -6.474881e-02 9.000000e-02
      vertex   -1.390356e-02 -6.605256e-02 0.000000e+00
      vertex   -1.154580e-02 -6.650522e-02 9.000000e-02
    endloop
  endfacet
  facet normal -1.476465e-01 -9.890396e-01 -1.106473e-03
    outer loop
      vertex   -1.154580e-02 -6.650522e-02 9.000000e-02
      vertex   -1.390356e-02 -6.605256e-02 0.000000e+00
      vertex   -5.993723e-03 -6.723336e-02 0.000000e+00
    endloop
  endfacet
  facet normal -1.143454e-01 -9.934406e-01 9.834682e-04
    outer loop
      vertex   -1.154580e-02 -6.650522e-02 9.000000e-02
      vertex   -5.993723e-03 -6.723336e-02 0.000000e+00
      vertex   -3.865503e-03 -6.738923e-02 9.000000e-02
    endloop
  endfacet
  facet normal -2.963331e-02 -9.995603e-01 -1.030307e-03
    outer loop
      vertex   -3.865503e-03 -6.738923e-02 9.000000e-02
      vertex   -5.993723e-03 -6.723336e-02 0.000000e+00
      vertex   2.000250e-03 -6.747036e-02 0.000000e+00
    endloop
  endfacet
  facet normal 0.000000e+00 -9.999996e-01 9.014405e-04
    outer loop
      vertex   -3.865503e-03 -6.738923e-02 9.000000e-02
      vertex   2.000250e-03 -6.747036e-02 0.000000e+00
      vertex   3.865503e-03 -6.738923e-02 9.000000e-02
    endloop
  endfacet
  facet normal 8.879586e-02 -9.960494e-01 -9.424178e-04
    outer loop
      vertex   3.865503e-03 -6.738923e-02 9.000000e-02
      vertex   2.000250e-03 -6.747036e-02 0.000000e+00
      vertex   9.966143e-03 -6.676021e-02 0.000000e+00
    endloop
  endfacet
  facet normal 1.143454e-01 -9.934407e-01 8.076892e-04
    outer loop
      vertex   3.865503e-03 -6.738923e-02 9.000000e-02
      vertex   9.966143e-03 -6.676021e-02 0.000000e+00
      vertex   1.154580e-02 -6.650522e-02 9.000000e-02
    endloop
  endfacet
  facet normal 2.059785e-01 -9.785561e-01 -8.428051e-04
    outer loop
      vertex   1.154580e-02 -6.650522e-02 9.000000e-02
      vertex   9.966143e-03 -6.676021e-02 0.000000e+00
      vertex   1.779213e-02 -6.511290e-02 0.000000e+00
    endloop
  endfacet
  facet normal 2.271909e-01 -9.738500e-01 7.022156e-04
    outer loop
      vertex   1.154580e-02 -6.650522e-02 9.000000e-02
      vertex   1.779213e-02 -6.511290e-02 0.000000e+00
      vertex   1.907464e-02 -6.474881e-02 9.000000e-02
    endloop
  endfacet
  facet normal 3.202698e-01 -9.473261e-01 -7.314711e-04
    outer loop
      vertex   1.907464e-02 -6.474881e-02 9.000000e-02
      vertex   1.779213e-02 -6.511290e-02 0.000000e+00
      vertex   2.536836e-02 -6.255155e-02 0.000000e+00
    endloop
  endfacet
  facet normal 3.370561e-01 -9.414844e-01 5.850214e-04
    outer loop
      vertex   1.907464e-02 -6.474881e-02 9.000000e-02
      vertex   2.536836e-02 -6.255155e-02 0.000000e+00
      vertex   2.635327e-02 -6.214302e-02 9.000000e-02
    endloop
  endfacet
  facet normal 4.300651e-01 -9.027977e-01 -6.084173e-04
    outer loop
      vertex   2.635327e-02 -6.214302e-02 9.000000e-02
      vertex   2.536836e-02 -6.255155e-02 0.000000e+00
      vertex   3.258847e-02 -5.911211e-02 0.000000e+00
    endloop
  endfacet
  facet normal 4.424999e-01 -8.967684e-01 4.561085e-04
    outer loop
      vertex   2.635327e-02 -6.214302e-02 9.000000e-02
      vertex   3.258847e-02 -5.911211e-02 0.000000e+00
      vertex   3.328619e-02 -5.872205e-02 9.000000e-02
    endloop
  endfacet
  facet normal 5.338233e-01 -8.455959e-01 -4.736457e-04
    outer loop
      vertex   3.328619e-02 -5.872205e-02 9.000000e-02
      vertex   3.258847e-02 -5.911211e-02 0.000000e+00
      vertex   3.935111e-02 -5.484286e-02 0.000000e+00
    endloop
  endfacet
  facet normal 5.421390e-01 -8.402888e-01 3.154788e-04
    outer loop
      vertex   3.328619e-02 -5.872205e-02 9.000000e-02
      vertex   3.935111e-02 -5.484286e-02 0.000000e+00
      vertex   3.978247e-02 -5.453077e-02 9.000000e-02
    endloop
  endfacet
  facet normal 6.202487e-01 -7.844052e-01 -2.526717e-04
    outer loop
      vertex   3.978247e-02 -5.453077e-02 9.000000e-02
      vertex   3.935111e-02 -5.484286e-02 0.000000e+00
      vertex   4.388802e-02 -5.128442e-02 9.002670e-02
    endloop
  endfacet
  facet normal 6.300875e-01 -7.765234e-01 -1.060036e-03
    outer loop
      vertex   4.388802e-02 -5.128442e-02 9.002670e-02
      vertex   3.935111e-02 -5.484286e-02 0.000000e+00
      vertex   4.556135e-02 -4.980375e-02 0.000000e+00
    endloop
  endfacet
  facet normal 6.791587e-01 -7.339912e-01 5.515858e-04
    outer loop
      vertex   4.388802e-02 -5.128442e-02 9.002670e-02
      vertex   4.556135e-02 -4.980375e-02 0.000000e+00
      vertex   4.772971e-02 -4.772971e-02 9.004840e-02
    endloop
  endfacet
  facet normal 7.175067e-01 -6.965505e-01 -1.234183e-03
    outer loop
      vertex   4.772971e-02 -4.772971e-02 9.004840e-02
      vertex   4.556135e-02 -4.980375e-02 0.000000e+00
      vertex   5.113201e-02 -4.406549e-02 0.000000e+00
    endloop
  endfacet
  facet normal -4.157723e-02 1.496777e-01 9.878603e-01
    outer loop
      vertex   -3.180129e-02 4.703200e-02 1.000000e-01
      vertex   -3.388877e-02 4.645214e-02 1.000000e-01
      vertex   -3.328350e-02 4.339004e-02 1.004894e-01
    endloop
  endfacet
  facet normal -8.361386e-02 1.411435e-01 9.864518e-01
    outer loop
      vertex   -3.328350e-02 4.339004e-02 1.004894e-01
      vertex   -3.388877e-02 4.645214e-02 1.000000e-01
      vertex   -3.765532e-02 4.412754e-02 1.000133e-01
    endloop
  endfacet
  facet normal -7.857491e-02 1.685044e-01 9.825641e-01
    outer loop
      vertex   -3.328350e-02 4.339004e-02 1.004894e-01
      vertex   -3.765532e-02 4.412754e-02 1.000133e-01
      vertex   -3.595492e-02 4.214434e-02 1.004894e-01
    endloop
  endfacet
  facet normal -1.033159e-01 1.475504e-01 9.836436e-01
    outer loop
      vertex   -3.595492e-02 4.214434e-02 1.004894e-01
      vertex   -3.765532e-02 4.412754e-02 1.000133e-01
      vertex   -3.836943e-02 4.045368e-02 1.004894e-01
    endloop
  endfacet
  facet normal -2.611870e-01 3.730137e-01 8.903045e-01
    outer loop
      vertex   -3.595492e-02 4.214434e-02 1.004894e-01
      vertex   -3.836943e-02 4.045368e-02 1.004894e-01
      vertex   -3.657754e-02 3.831819e-02 1.019098e-01
    endloop
  endfacet
  facet normal -3.219921e-01 3.219921e-01 8.903045e-01
    outer loop
      vertex   -3.657754e-02 3.831819e-02 1.019098e-01
      vertex   -3.836943e-02 4.045368e-02 1.004894e-01
      vertex   -3.831819e-02 3.657754e-02 1.019098e-01
    endloop
  endfacet
  facet normal -5.009522e-01 5.009522e-01 7.057576e-01
    outer loop
      vertex   -3.657754e-02 3.831819e-02 1.019098e-01
      vertex   -3.831819e-02 3.657754e-02 1.019098e-01
      vertex   -3.662346e-02 3.515549e-02 1.041221e-01
    endloop
  endfacet
  facet normal -5.803311e-01 4.063522e-01 7.057576e-01
    outer loop
      vertex   -3.662346e-02 3.515549e-02 1.041221e-01
      vertex   -3.831819e-02 3.657754e-02 1.019098e-01
      vertex   -3.781422e-02 3.345492e-02 1.041221e-01
    endloop
  endfacet
  facet normal -7.304418e-01 5.114609e-01 4.526174e-01
    outer loop
      vertex   -3.662346e-02 3.515549e-02 1.041221e-01
      vertex   -3.781422e-02 3.345492e-02 1.041221e-01
      vertex   -3.658412e-02 3.274472e-02 1.069098e-01
    endloop
  endfacet
  facet normal -8.081590e-01 3.768507e-01 4.526174e-01
    outer loop
      vertex   -3.658412e-02 3.274472e-02 1.069098e-01
      vertex   -3.781422e-02 3.345492e-02 1.041221e-01
      vertex   -3.735684e-02 3.108760e-02 1.069098e-01
    endloop
  endfacet
  facet normal -8.952328e-01 4.174539e-01 1.558537e-01
    outer loop
      vertex   -3.658412e-02 3.274472e-02 1.069098e-01
      vertex   -3.735684e-02 3.108760e-02 1.069098e-01
      vertex   -3.616025e-02 3.250000e-02 1.100000e-01
    endloop
  endfacet
  facet normal -9.088136e-01 3.764429e-01 1.798571e-01
    outer loop
      vertex   -3.616025e-02 3.250000e-02 1.100000e-01
      vertex   -3.735684e-02 3.108760e-02 1.069098e-01
      vertex   -3.715926e-02 3.008819e-02 1.100000e-01
    endloop
  endfacet
  facet normal -9.558653e-01 2.561233e-01 1.439524e-01
    outer loop
      vertex   -3.715926e-02 3.008819e-02 1.100000e-01
      vertex   -3.735684e-02 3.108760e-02 1.069098e-01
      vertex   -3.783008e-02 2.932147e-02 1.069098e-01
    endloop
  endfacet
  facet normal -9.752771e-01 1.283977e-01 1.798571e-01
    outer loop
      vertex   -3.715926e-02 3.008819e-02 1.100000e-01
      vertex   -3.783008e-02 2.932147e-02 1.069098e-01
      vertex   -3.750000e-02 2.750000e-02 1.100000e-01
    endloop
  endfacet
  facet normal -9.905808e-01 4.174038e-02 1.304124e-01
    outer loop
      vertex   -3.750000e-02 2.750000e-02 1.100000e-01
      vertex   -3.783008e-02 2.932147e-02 1.069098e-01
      vertex   -3.784074e-02 2.750000e-02 1.074118e-01
    endloop
  endfacet
  facet normal -9.182528e-01 1.101980e-01 3.803528e-01
    outer loop
      vertex   -3.784074e-02 2.750000e-02 1.074118e-01
      vertex   -3.783008e-02 2.932147e-02 1.069098e-01
      vertex   -3.883975e-02 2.750000e-02 1.050000e-01
    endloop
  endfacet
  facet normal -8.927330e-01 2.302905e-02 4.499972e-01
    outer loop
      vertex   -3.883975e-02 2.750000e-02 1.050000e-01
      vertex   -3.783008e-02 2.932147e-02 1.069098e-01
      vertex   -3.922889e-02 2.956812e-02 1.041221e-01
    endloop
  endfacet
  facet normal -7.886719e-01 1.084753e-01 6.051692e-01
    outer loop
      vertex   -3.883975e-02 2.750000e-02 1.050000e-01
      vertex   -3.922889e-02 2.956812e-02 1.041221e-01
      vertex   -4.042893e-02 2.750000e-02 1.029289e-01
    endloop
  endfacet
  facet normal -7.117986e-01 7.805704e-03 7.023402e-01
    outer loop
      vertex   -4.042893e-02 2.750000e-02 1.029289e-01
      vertex   -3.922889e-02 2.956812e-02 1.041221e-01
      vertex   -4.140760e-02 2.995229e-02 1.019098e-01
    endloop
  endfacet
  facet normal -6.064837e-01 8.642417e-02 7.903850e-01
    outer loop
      vertex   -4.042893e-02 2.750000e-02 1.029289e-01
      vertex   -4.140760e-02 2.995229e-02 1.019098e-01
      vertex   -4.250000e-02 2.750000e-02 1.013397e-01
    endloop
  endfacet
  facet normal -4.597519e-01 -1.642566e-03 8.880459e-01
    outer loop
      vertex   -4.250000e-02 2.750000e-02 1.013397e-01
      vertex   -4.140760e-02 2.995229e-02 1.019098e-01
      vertex   -4.415293e-02 3.043636e-02 1.004894e-01
    endloop
  endfacet
  facet normal -3.821648e-01 5.204674e-02 9.226274e-01
    outer loop
      vertex   -4.250000e-02 2.750000e-02 1.013397e-01
      vertex   -4.415293e-02 3.043636e-02 1.004894e-01
      vertex   -4.491181e-02 2.750000e-02 1.003407e-01
    endloop
  endfacet
  facet normal -1.469882e-01 -1.209692e-02 9.890643e-01
    outer loop
      vertex   -4.491181e-02 2.750000e-02 1.003407e-01
      vertex   -4.415293e-02 3.043636e-02 1.004894e-01
      vertex   -4.738266e-02 2.966334e-02 1.000000e-01
    endloop
  endfacet
  facet normal -1.305229e-01 7.079899e-03 9.914200e-01
    outer loop
      vertex   -4.491181e-02 2.750000e-02 1.003407e-01
      vertex   -4.738266e-02 2.966334e-02 1.000000e-01
      vertex   -4.750000e-02 2.750000e-02 1.000000e-01
    endloop
  endfacet
  facet normal -1.260461e-01 1.515458e-01 9.803807e-01
    outer loop
      vertex   -3.765532e-02 4.412754e-02 1.000133e-01
      vertex   -4.115037e-02 4.115035e-02 1.000242e-01
      vertex   -3.836943e-02 4.045368e-02 1.004894e-01
    endloop
  endfacet
  facet normal -1.314473e-01 1.314473e-01 9.825697e-01
    outer loop
      vertex   -3.836943e-02 4.045368e-02 1.004894e-01
      vertex   -4.115037e-02 4.115035e-02 1.000242e-01
      vertex   -4.045368e-02 3.836943e-02 1.004894e-01
    endloop
  endfacet
  facet normal -3.219921e-01 3.219921e-01 8.903045e-01
    outer loop
      vertex   -3.836943e-02 4.045368e-02 1.004894e-01
      vertex   -4.045368e-02 3.836943e-02 1.004894e-01
      vertex   -3.831819e-02 3.657754e-02 1.019098e-01
    endloop
  endfacet
  facet normal -3.730137e-01 2.611870e-01 8.903045e-01
    outer loop
      vertex   -3.831819e-02 3.657754e-02 1.019098e-01
      vertex   -4.045368e-02 3.836943e-02 1.004894e-01
      vertex   -3.973014e-02 3.456107e-02 1.019098e-01
    endloop
  endfacet
  facet normal -5.803311e-01 4.063522e-01 7.057576e-01
    outer loop
      vertex   -3.831819e-02 3.657754e-02 1.019098e-01
      vertex   -3.973014e-02 3.456107e-02 1.019098e-01
      vertex   -3.781422e-02 3.345492e-02 1.041221e-01
    endloop
  endfacet
  facet normal -6.420769e-01 2.994054e-01 7.057576e-01
    outer loop
      vertex   -3.781422e-02 3.345492e-02 1.041221e-01
      vertex   -3.973014e-02 3.456107e-02 1.019098e-01
      vertex   -3.869158e-02 3.157340e-02 1.041221e-01
    endloop
  endfacet
  facet normal -8.081590e-01 3.768507e-01 4.526174e-01
    outer loop
      vertex   -3.781422e-02 3.345492e-02 1.041221e-01
      vertex   -3.869158e-02 3.157340e-02 1.041221e-01
      vertex   -3.735684e-02 3.108760e-02 1.069098e-01
    endloop
  endfacet
  facet normal -8.613207e-01 2.307902e-01 4.526174e-01
    outer loop
      vertex   -3.735684e-02 3.108760e-02 1.069098e-01
      vertex   -3.869158e-02 3.157340e-02 1.041221e-01
      vertex   -3.783008e-02 2.932147e-02 1.069098e-01
    endloop
  endfacet
  facet normal -1.520119e-01 1.259198e-01 9.803247e-01
    outer loop
      vertex   -4.115037e-02 4.115035e-02 1.000242e-01
      vertex   -4.412168e-02 3.765601e-02 1.000123e-01
      vertex   -4.045368e-02 3.836943e-02 1.004894e-01
    endloop
  endfacet
  facet normal -1.481068e-01 1.037055e-01 9.835190e-01
    outer loop
      vertex   -4.045368e-02 3.836943e-02 1.004894e-01
      vertex   -4.412168e-02 3.765601e-02 1.000123e-01
      vertex   -4.214434e-02 3.595492e-02 1.004894e-01
    endloop
  endfacet
  facet normal -3.730137e-01 2.611870e-01 8.903045e-01
    outer loop
      vertex   -4.045368e-02 3.836943e-02 1.004894e-01
      vertex   -4.214434e-02 3.595492e-02 1.004894e-01
      vertex   -3.973014e-02 3.456107e-02 1.019098e-01
    endloop
  endfacet
  facet normal -4.127014e-01 1.924458e-01 8.903045e-01
    outer loop
      vertex   -3.973014e-02 3.456107e-02 1.019098e-01
      vertex   -4.214434e-02 3.595492e-02 1.004894e-01
      vertex   -4.077048e-02 3.233006e-02 1.019098e-01
    endloop
  endfacet
  facet normal -6.420769e-01 2.994054e-01 7.057576e-01
    outer loop
      vertex   -3.973014e-02 3.456107e-02 1.019098e-01
      vertex   -4.077048e-02 3.233006e-02 1.019098e-01
      vertex   -3.869158e-02 3.157340e-02 1.041221e-01
    endloop
  endfacet
  facet normal -6.843135e-01 1.833612e-01 7.057576e-01
    outer loop
      vertex   -3.869158e-02 3.157340e-02 1.041221e-01
      vertex   -4.077048e-02 3.233006e-02 1.019098e-01
      vertex   -3.922889e-02 2.956812e-02 1.041221e-01
    endloop
  endfacet
  facet normal -8.613207e-01 2.307902e-01 4.526174e-01
    outer loop
      vertex   -3.869158e-02 3.157340e-02 1.041221e-01
      vertex   -3.922889e-02 2.956812e-02 1.041221e-01
      vertex   -3.783008e-02 2.932147e-02 1.069098e-01
    endloop
  endfacet
  facet normal -1.566447e-01 9.369185e-02 9.832010e-01
    outer loop
      vertex   -4.412168e-02 3.765601e-02 1.000123e-01
      vertex   -4.645214e-02 3.388877e-02 1.000000e-01
      vertex   -4.214434e-02 3.595492e-02 1.004894e-01
    endloop
  endfacet
  facet normal -1.444758e-01 6.737019e-02 9.872122e-01
    outer loop
      vertex   -4.214434e-02 3.595492e-02 1.004894e-01
      vertex   -4.645214e-02 3.388877e-02 1.000000e-01
      vertex   -4.339004e-02 3.328350e-02 1.004894e-01
    endloop
  endfacet
  facet normal -4.127014e-01 1.924458e-01 8.903045e-01
    outer loop
      vertex   -4.214434e-02 3.595492e-02 1.004894e-01
      vertex   -4.339004e-02 3.328350e-02 1.004894e-01
      vertex   -4.077048e-02 3.233006e-02 1.019098e-01
    endloop
  endfacet
  facet normal -4.398494e-01 1.178573e-01 8.903045e-01
    outer loop
      vertex   -4.077048e-02 3.233006e-02 1.019098e-01
      vertex   -4.339004e-02 3.328350e-02 1.004894e-01
      vertex   -4.140760e-02 2.995229e-02 1.019098e-01
    endloop
  endfacet
  facet normal -6.843135e-01 1.833612e-01 7.057576e-01
    outer loop
      vertex   -4.077048e-02 3.233006e-02 1.019098e-01
      vertex   -4.140760e-02 2.995229e-02 1.019098e-01
      vertex   -3.922889e-02 2.956812e-02 1.041221e-01
    endloop
  endfacet
  facet normal -1.496777e-01 4.157723e-02 9.878603e-01
    outer loop
      vertex   -4.645214e-02 3.388877e-02 1.000000e-01
      vertex   -4.703200e-02 3.180129e-02 1.000000e-01
      vertex   -4.339004e-02 3.328350e-02 1.004894e-01
    endloop
  endfacet
  facet normal -1.490307e-01 3.993265e-02 9.880259e-01
    outer loop
      vertex   -4.339004e-02 3.328350e-02 1.004894e-01
      vertex   -4.703200e-02 3.180129e-02 1.000000e-01
      vertex   -4.415293e-02 3.043636e-02 1.004894e-01
    endloop
  endfacet
  facet normal -4.398494e-01 1.178573e-01 8.903045e-01
    outer loop
      vertex   -4.339004e-02 3.328350e-02 1.004894e-01
      vertex   -4.415293e-02 3.043636e-02 1.004894e-01
      vertex   -4.140760e-02 2.995229e-02 1.019098e-01
    endloop
  endfacet
  facet normal -1.557557e-01 2.554640e-02 9.874652e-01
    outer loop
      vertex   -4.703200e-02 3.180129e-02 1.000000e-01
      vertex   -4.738266e-02 2.966334e-02 1.000000e-01
      vertex   -4.415293e-02 3.043636e-02 1.004894e-01
    endloop
  endfacet
  facet normal -8.091421e-01 5.665674e-01 1.558537e-01
    outer loop
      vertex   -3.658412e-02 3.274472e-02 1.069098e-01
      vertex   -3.616025e-02 3.250000e-02 1.100000e-01
      vertex   -3.553537e-02 3.424248e-02 1.069098e-01
    endloop
  endfacet
  facet normal -7.804159e-01 5.988342e-01 1.798571e-01
    outer loop
      vertex   -3.553537e-02 3.424248e-02 1.069098e-01
      vertex   -3.616025e-02 3.250000e-02 1.100000e-01
      vertex   -3.457107e-02 3.457107e-02 1.100000e-01
    endloop
  endfacet
  facet normal -6.997420e-01 6.997420e-01 1.439524e-01
    outer loop
      vertex   -3.553537e-02 3.424248e-02 1.069098e-01
      vertex   -3.457107e-02 3.457107e-02 1.100000e-01
      vertex   -3.424248e-02 3.553537e-02 1.069098e-01
    endloop
  endfacet
  facet normal -5.988342e-01 7.804159e-01 1.798571e-01
    outer loop
      vertex   -3.424248e-02 3.553537e-02 1.069098e-01
      vertex   -3.457107e-02 3.457107e-02 1.100000e-01
      vertex   -3.250000e-02 3.616025e-02 1.100000e-01
    endloop
  endfacet
  facet normal -5.665674e-01 8.091421e-01 1.558537e-01
    outer loop
      vertex   -3.424248e-02 3.553537e-02 1.069098e-01
      vertex   -3.250000e-02 3.616025e-02 1.100000e-01
      vertex   -3.274472e-02 3.658412e-02 1.069098e-01
    endloop
  endfacet
  facet normal -4.174539e-01 8.952328e-01 1.558537e-01
    outer loop
      vertex   -3.274472e-02 3.658412e-02 1.069098e-01
      vertex   -3.250000e-02 3.616025e-02 1.100000e-01
      vertex   -3.108760e-02 3.735684e-02 1.069098e-01
    endloop
  endfacet
  facet normal -3.768507e-01 8.081590e-01 4.526174e-01
    outer loop
      vertex   -3.274472e-02 3.658412e-02 1.069098e-01
      vertex   -3.108760e-02 3.735684e-02 1.069098e-01
      vertex   -3.157340e-02 3.869158e-02 1.041221e-01
    endloop
  endfacet
  facet normal -2.307902e-01 8.613207e-01 4.526174e-01
    outer loop
      vertex   -3.157340e-02 3.869158e-02 1.041221e-01
      vertex   -3.108760e-02 3.735684e-02 1.069098e-01
      vertex   -2.956812e-02 3.922889e-02 1.041221e-01
    endloop
  endfacet
  facet normal -1.833612e-01 6.843135e-01 7.057576e-01
    outer loop
      vertex   -3.157340e-02 3.869158e-02 1.041221e-01
      vertex   -2.956812e-02 3.922889e-02 1.041221e-01
      vertex   -2.995229e-02 4.140760e-02 1.019098e-01
    endloop
  endfacet
  facet normal -7.805704e-03 7.117986e-01 7.023402e-01
    outer loop
      vertex   -2.995229e-02 4.140760e-02 1.019098e-01
      vertex   -2.956812e-02 3.922889e-02 1.041221e-01
      vertex   -2.750000e-02 4.042893e-02 1.029289e-01
    endloop
  endfacet
  facet normal -8.642417e-02 6.064837e-01 7.903850e-01
    outer loop
      vertex   -2.995229e-02 4.140760e-02 1.019098e-01
      vertex   -2.750000e-02 4.042893e-02 1.029289e-01
      vertex   -2.750000e-02 4.250000e-02 1.013397e-01
    endloop
  endfacet
  facet normal -3.764429e-01 9.088136e-01 1.798571e-01
    outer loop
      vertex   -3.250000e-02 3.616025e-02 1.100000e-01
      vertex   -3.008819e-02 3.715926e-02 1.100000e-01
      vertex   -3.108760e-02 3.735684e-02 1.069098e-01
    endloop
  endfacet
  facet normal -2.561233e-01 9.558653e-01 1.439524e-01
    outer loop
      vertex   -3.108760e-02 3.735684e-02 1.069098e-01
      vertex   -3.008819e-02 3.715926e-02 1.100000e-01
      vertex   -2.932147e-02 3.783008e-02 1.069098e-01
    endloop
  endfacet
  facet normal -2.307902e-01 8.613207e-01 4.526174e-01
    outer loop
      vertex   -3.108760e-02 3.735684e-02 1.069098e-01
      vertex   -2.932147e-02 3.783008e-02 1.069098e-01
      vertex   -2.956812e-02 3.922889e-02 1.041221e-01
    endloop
  endfacet
  facet normal -2.302905e-02 8.927330e-01 4.499972e-01
    outer loop
      vertex   -2.956812e-02 3.922889e-02 1.041221e-01
      vertex   -2.932147e-02 3.783008e-02 1.069098e-01
      vertex   -2.750000e-02 3.883975e-02 1.050000e-01
    endloop
  endfacet
  facet normal -1.084753e-01 7.886719e-01 6.051692e-01
    outer loop
      vertex   -2.956812e-02 3.922889e-02 1.041221e-01
      vertex   -2.750000e-02 3.883975e-02 1.050000e-01
      vertex   -2.750000e-02 4.042893e-02 1.029289e-01
    endloop
  endfacet
  facet normal -1.294283e-01 9.831056e-01 1.294283e-01
    outer loop
      vertex   -2.750000e-02 3.750000e-02 1.100000e-01
      vertex   -2.750000e-02 3.784074e-02 1.074118e-01
      vertex   -3.008819e-02 3.715926e-02 1.100000e-01
    endloop
  endfacet
  facet normal -6.015272e-02 9.784595e-01 1.974806e-01
    outer loop
      vertex   -3.008819e-02 3.715926e-02 1.100000e-01
      vertex   -2.750000e-02 3.784074e-02 1.074118e-01
      vertex   -2.932147e-02 3.783008e-02 1.069098e-01
    endloop
  endfacet
  facet normal -1.101980e-01 9.182528e-01 3.803528e-01
    outer loop
      vertex   -2.750000e-02 3.784074e-02 1.074118e-01
      vertex   -2.750000e-02 3.883975e-02 1.050000e-01
      vertex   -2.932147e-02 3.783008e-02 1.069098e-01
    endloop
  endfacet
  facet normal 1.642566e-03 4.597519e-01 8.880459e-01
    outer loop
      vertex   -2.995229e-02 4.140760e-02 1.019098e-01
      vertex   -2.750000e-02 4.250000e-02 1.013397e-01
      vertex   -3.043636e-02 4.415293e-02 1.004894e-01
    endloop
  endfacet
  facet normal -5.204674e-02 3.821648e-01 9.226274e-01
    outer loop
      vertex   -3.043636e-02 4.415293e-02 1.004894e-01
      vertex   -2.750000e-02 4.250000e-02 1.013397e-01
      vertex   -2.750000e-02 4.491181e-02 1.003407e-01
    endloop
  endfacet
  facet normal 1.209692e-02 1.469882e-01 9.890643e-01
    outer loop
      vertex   -3.043636e-02 4.415293e-02 1.004894e-01
      vertex   -2.750000e-02 4.491181e-02 1.003407e-01
      vertex   -2.966334e-02 4.738266e-02 1.000000e-01
    endloop
  endfacet
  facet normal -7.079899e-03 1.305229e-01 9.914200e-01
    outer loop
      vertex   -2.966334e-02 4.738266e-02 1.000000e-01
      vertex   -2.750000e-02 4.491181e-02 1.003407e-01
      vertex   -2.750000e-02 4.750000e-02 1.000000e-01
    endloop
  endfacet
  facet normal -2.554640e-02 1.557557e-01 9.874652e-01
    outer loop
      vertex   -2.966334e-02 4.738266e-02 1.000000e-01
      vertex   -3.180129e-02 4.703200e-02 1.000000e-01
      vertex   -3.043636e-02 4.415293e-02 1.004894e-01
    endloop
  endfacet
  facet normal -3.993265e-02 1.490307e-01 9.880259e-01
    outer loop
      vertex   -3.043636e-02 4.415293e-02 1.004894e-01
      vertex   -3.180129e-02 4.703200e-02 1.000000e-01
      vertex   -3.328350e-02 4.339004e-02 1.004894e-01
    endloop
  endfacet
  facet normal -1.178573e-01 4.398494e-01 8.903045e-01
    outer loop
      vertex   -3.043636e-02 4.415293e-02 1.004894e-01
      vertex   -3.328350e-02 4.339004e-02 1.004894e-01
      vertex   -3.233006e-02 4.077048e-02 1.019098e-01
    endloop
  endfacet
  facet normal -1.924458e-01 4.127014e-01 8.903045e-01
    outer loop
      vertex   -3.233006e-02 4.077048e-02 1.019098e-01
      vertex   -3.328350e-02 4.339004e-02 1.004894e-01
      vertex   -3.456107e-02 3.973014e-02 1.019098e-01
    endloop
  endfacet
  facet normal -2.994054e-01 6.420769e-01 7.057576e-01
    outer loop
      vertex   -3.233006e-02 4.077048e-02 1.019098e-01
      vertex   -3.456107e-02 3.973014e-02 1.019098e-01
      vertex   -3.345492e-02 3.781422e-02 1.041221e-01
    endloop
  endfacet
  facet normal -4.063522e-01 5.803311e-01 7.057576e-01
    outer loop
      vertex   -3.345492e-02 3.781422e-02 1.041221e-01
      vertex   -3.456107e-02 3.973014e-02 1.019098e-01
      vertex   -3.515549e-02 3.662346e-02 1.041221e-01
    endloop
  endfacet
  facet normal -5.114609e-01 7.304418e-01 4.526174e-01
    outer loop
      vertex   -3.345492e-02 3.781422e-02 1.041221e-01
      vertex   -3.515549e-02 3.662346e-02 1.041221e-01
      vertex   -3.424248e-02 3.553537e-02 1.069098e-01
    endloop
  endfacet
  facet normal -6.305305e-01 6.305305e-01 4.526174e-01
    outer loop
      vertex   -3.424248e-02 3.553537e-02 1.069098e-01
      vertex   -3.515549e-02 3.662346e-02 1.041221e-01
      vertex   -3.553537e-02 3.424248e-02 1.069098e-01
    endloop
  endfacet
  facet normal -5.114609e-01 7.304418e-01 4.526174e-01
    outer loop
      vertex   -3.345492e-02 3.781422e-02 1.041221e-01
      vertex   -3.424248e-02 3.553537e-02 1.069098e-01
      vertex   -3.274472e-02 3.658412e-02 1.069098e-01
    endloop
  endfacet
  facet normal -1.924458e-01 4.127014e-01 8.903045e-01
    outer loop
      vertex   -3.456107e-02 3.973014e-02 1.019098e-01
      vertex   -3.328350e-02 4.339004e-02 1.004894e-01
      vertex   -3.595492e-02 4.214434e-02 1.004894e-01
    endloop
  endfacet
  facet normal -1.833612e-01 6.843135e-01 7.057576e-01
    outer loop
      vertex   -3.157340e-02 3.869158e-02 1.041221e-01
      vertex   -2.995229e-02 4.140760e-02 1.019098e-01
      vertex   -3.233006e-02 4.077048e-02 1.019098e-01
    endloop
  endfacet
  facet normal -1.178573e-01 4.398494e-01 8.903045e-01
    outer loop
      vertex   -3.233006e-02 4.077048e-02 1.019098e-01
      vertex   -2.995229e-02 4.140760e-02 1.019098e-01
      vertex   -3.043636e-02 4.415293e-02 1.004894e-01
    endloop
  endfacet
  facet normal -3.768507e-01 8.081590e-01 4.526174e-01
    outer loop
      vertex   -3.274472e-02 3.658412e-02 1.069098e-01
      vertex   -3.157340e-02 3.869158e-02 1.041221e-01
      vertex   -3.345492e-02 3.781422e-02 1.041221e-01
    endloop
  endfacet
  facet normal -2.994054e-01 6.420769e-01 7.057576e-01
    outer loop
      vertex   -3.345492e-02 3.781422e-02 1.041221e-01
      vertex   -3.157340e-02 3.869158e-02 1.041221e-01
      vertex   -3.233006e-02 4.077048e-02 1.019098e-01
    endloop
  endfacet
  facet normal -4.063522e-01 5.803311e-01 7.057576e-01
    outer loop
      vertex   -3.515549e-02 3.662346e-02 1.041221e-01
      vertex   -3.456107e-02 3.973014e-02 1.019098e-01
      vertex   -3.657754e-02 3.831819e-02 1.019098e-01
    endloop
  endfacet
  facet normal -2.611870e-01 3.730137e-01 8.903045e-01
    outer loop
      vertex   -3.657754e-02 3.831819e-02 1.019098e-01
      vertex   -3.456107e-02 3.973014e-02 1.019098e-01
      vertex   -3.595492e-02 4.214434e-02 1.004894e-01
    endloop
  endfacet
  facet normal -6.305305e-01 6.305305e-01 4.526174e-01
    outer loop
      vertex   -3.553537e-02 3.424248e-02 1.069098e-01
      vertex   -3.515549e-02 3.662346e-02 1.041221e-01
      vertex   -3.662346e-02 3.515549e-02 1.041221e-01
    endloop
  endfacet
  facet normal -5.009522e-01 5.009522e-01 7.057576e-01
    outer loop
      vertex   -3.662346e-02 3.515549e-02 1.041221e-01
      vertex   -3.515549e-02 3.662346e-02 1.041221e-01
      vertex   -3.657754e-02 3.831819e-02 1.019098e-01
    endloop
  endfacet
  facet normal -7.304418e-01 5.114609e-01 4.526174e-01
    outer loop
      vertex   -3.658412e-02 3.274472e-02 1.069098e-01
      vertex   -3.553537e-02 3.424248e-02 1.069098e-01
      vertex   -3.662346e-02 3.515549e-02 1.041221e-01
    endloop
  endfacet
  facet normal -9.914449e-01 -1.250824e-16 1.305262e-01
    outer loop
      vertex   -3.750000e-02 -2.750000e-02 1.100000e-01
      vertex   -3.750000e-02 2.750000e-02 1.100000e-01
      vertex   -3.784074e-02 -2.750000e-02 1.074118e-01
    endloop
  endfacet
  facet normal -9.914449e-01 -3.160344e-16 1.305262e-01
    outer loop
      vertex   -3.784074e-02 -2.750000e-02 1.074118e-01
      vertex   -3.750000e-02 2.750000e-02 1.100000e-01
      vertex   -3.784074e-02 2.750000e-02 1.074118e-01
    endloop
  endfacet
  facet normal -9.238795e-01 -4.262364e-16 3.826834e-01
    outer loop
      vertex   -3.784074e-02 -2.750000e-02 1.074118e-01
      vertex   -3.784074e-02 2.750000e-02 1.074118e-01
      vertex   -3.883975e-02 2.750000e-02 1.050000e-01
    endloop
  endfacet
  facet normal -9.238795e-01 -1.150389e-16 3.826834e-01
    outer loop
      vertex   -3.784074e-02 -2.750000e-02 1.074118e-01
      vertex   -3.883975e-02 2.750000e-02 1.050000e-01
      vertex   -3.883975e-02 -2.750000e-02 1.050000e-01
    endloop
  endfacet
  facet normal -7.933533e-01 -1.000908e-16 6.087614e-01
    outer loop
      vertex   -3.883975e-02 -2.750000e-02 1.050000e-01
      vertex   -3.883975e-02 2.750000e-02 1.050000e-01
      vertex   -4.042893e-02 2.750000e-02 1.029289e-01
    endloop
  endfacet
  facet normal -7.933533e-01 -1.002903e-16 6.087614e-01
    outer loop
      vertex   -3.883975e-02 -2.750000e-02 1.050000e-01
      vertex   -4.042893e-02 2.750000e-02 1.029289e-01
      vertex   -4.042893e-02 -2.750000e-02 1.029289e-01
    endloop
  endfacet
  facet normal -6.087614e-01 -7.680238e-17 7.933533e-01
    outer loop
      vertex   -4.042893e-02 -2.750000e-02 1.029289e-01
      vertex   -4.042893e-02 2.750000e-02 1.029289e-01
      vertex   -4.250000e-02 2.750000e-02 1.013397e-01
    endloop
  endfacet
  facet normal -6.087614e-01 -1.533851e-16 7.933533e-01
    outer loop
      vertex   -4.042893e-02 -2.750000e-02 1.029289e-01
      vertex   -4.250000e-02 2.750000e-02 1.013397e-01
      vertex   -4.250000e-02 -2.750000e-02 1.013397e-01
    endloop
  endfacet
  facet normal -3.826834e-01 -9.655999e-17 9.238795e-01
    outer loop
      vertex   -4.250000e-02 -2.750000e-02 1.013397e-01
      vertex   -4.250000e-02 2.750000e-02 1.013397e-01
      vertex   -4.491181e-02 2.750000e-02 1.003407e-01
    endloop
  endfacet
  facet normal -3.826834e-01 -5.014514e-17 9.238795e-01
    outer loop
      vertex   -4.250000e-02 -2.750000e-02 1.013397e-01
      vertex   -4.491181e-02 2.750000e-02 1.003407e-01
      vertex   -4.491181e-02 -2.750000e-02 1.003407e-01
    endloop
  endfacet
  facet normal -1.305262e-01 -1.646741e-17 9.914449e-01
    outer loop
      vertex   -4.491181e-02 -2.750000e-02 1.003407e-01
      vertex   -4.491181e-02 2.750000e-02 1.003407e-01
      vertex   -4.750000e-02 -2.750000e-02 1.000000e-01
    endloop
  endfacet
  facet normal -1.305262e-01 -1.646741e-17 9.914449e-01
    outer loop
      vertex   -4.750000e-02 -2.750000e-02 1.000000e-01
      vertex   -4.491181e-02 2.750000e-02 1.003407e-01
      vertex   -4.750000e-02 2.750000e-02 1.000000e-01
    endloop
  endfacet
  facet normal -9.972131e-01 7.438531e-02 -5.737946e-03
    outer loop
      vertex   -3.735441e-02 2.919756e-02 1.967043e-01
      vertex   -3.701057e-02 3.059017e-02 1.550000e-01
      vertex   -3.750000e-02 2.750000e-02 2.000000e-01
    endloop
  endfacet
  facet normal -9.845842e-01 1.749066e-01 1.302252e-03
    outer loop
      vertex   -3.750000e-02 2.750000e-02 2.000000e-01
      vertex   -3.701057e-02 3.059017e-02 1.550000e-01
      vertex   -3.715926e-02 3.008819e-02 1.100000e-01
    endloop
  endfacet
  facet normal -9.914449e-01 1.305262e-01 -7.643923e-17
    outer loop
      vertex   -3.750000e-02 2.750000e-02 2.000000e-01
      vertex   -3.715926e-02 3.008819e-02 1.100000e-01
      vertex   -3.750000e-02 2.750000e-02 1.100000e-01
    endloop
  endfacet
  facet normal -9.664633e-01 2.568042e-01 6.070006e-04
    outer loop
      vertex   -3.735441e-02 2.919756e-02 1.967043e-01
      vertex   -3.690389e-02 3.090100e-02 1.933402e-01
      vertex   -3.701057e-02 3.059017e-02 1.550000e-01
    endloop
  endfacet
  facet normal -9.061972e-01 4.228543e-01 -9.068712e-04
    outer loop
      vertex   -3.701057e-02 3.059017e-02 1.550000e-01
      vertex   -3.690389e-02 3.090100e-02 1.933402e-01
      vertex   -3.613148e-02 3.254907e-02 1.899632e-01
    endloop
  endfacet
  facet normal -8.910024e-01 4.539884e-01 -3.033276e-03
    outer loop
      vertex   -3.701057e-02 3.059017e-02 1.550000e-01
      vertex   -3.613148e-02 3.254907e-02 1.899632e-01
      vertex   -3.559017e-02 3.337785e-02 1.550000e-01
    endloop
  endfacet
  facet normal -8.105356e-01 5.856878e-01 1.334405e-03
    outer loop
      vertex   -3.559017e-02 3.337785e-02 1.550000e-01
      vertex   -3.613148e-02 3.254907e-02 1.899632e-01
      vertex   -3.503342e-02 3.407629e-02 1.866243e-01
    endloop
  endfacet
  facet normal -7.071032e-01 7.071032e-01 -3.168049e-03
    outer loop
      vertex   -3.559017e-02 3.337785e-02 1.550000e-01
      vertex   -3.503342e-02 3.407629e-02 1.866243e-01
      vertex   -3.337785e-02 3.559017e-02 1.550000e-01
    endloop
  endfacet
  facet normal -6.870585e-01 7.266011e-01 -1.185305e-03
    outer loop
      vertex   -3.337785e-02 3.559017e-02 1.550000e-01
      vertex   -3.503342e-02 3.407629e-02 1.866243e-01
      vertex   -3.361170e-02 3.541533e-02 1.833721e-01
    endloop
  endfacet
  facet normal -5.258141e-01 8.505990e-01 9.078641e-04
    outer loop
      vertex   -3.337785e-02 3.559017e-02 1.550000e-01
      vertex   -3.361170e-02 3.541533e-02 1.833721e-01
      vertex   -3.187543e-02 3.649197e-02 1.802463e-01
    endloop
  endfacet
  facet normal -4.539852e-01 8.909962e-01 -4.809693e-03
    outer loop
      vertex   -3.337785e-02 3.559017e-02 1.550000e-01
      vertex   -3.187543e-02 3.649197e-02 1.802463e-01
      vertex   -3.059017e-02 3.701057e-02 1.550000e-01
    endloop
  endfacet
  facet normal -3.356284e-01 9.419918e-01 2.263234e-03
    outer loop
      vertex   -3.059017e-02 3.701057e-02 1.550000e-01
      vertex   -3.187543e-02 3.649197e-02 1.802463e-01
      vertex   -2.983545e-02 3.722594e-02 1.772821e-01
    endloop
  endfacet
  facet normal -1.964243e-01 9.805149e-01 -2.824139e-03
    outer loop
      vertex   -3.059017e-02 3.701057e-02 1.550000e-01
      vertex   -2.983545e-02 3.722594e-02 1.772821e-01
      vertex   -2.750000e-02 3.750000e-02 1.100000e-01
    endloop
  endfacet
  facet normal -1.165501e-01 9.931848e-01 -2.136769e-16
    outer loop
      vertex   -2.750000e-02 3.750000e-02 1.100000e-01
      vertex   -2.983545e-02 3.722594e-02 1.772821e-01
      vertex   -2.750000e-02 3.750000e-02 1.745049e-01
    endloop
  endfacet
  facet normal -1.305260e-01 9.914432e-01 1.819987e-03
    outer loop
      vertex   -2.750000e-02 3.750000e-02 1.100000e-01
      vertex   -3.008819e-02 3.715926e-02 1.100000e-01
      vertex   -3.059017e-02 3.701057e-02 1.550000e-01
    endloop
  endfacet
  facet normal -3.826831e-01 9.238788e-01 -1.216104e-03
    outer loop
      vertex   -3.059017e-02 3.701057e-02 1.550000e-01
      vertex   -3.008819e-02 3.715926e-02 1.100000e-01
      vertex   -3.250000e-02 3.616025e-02 1.100000e-01
    endloop
  endfacet
  facet normal -4.539892e-01 8.910039e-01 2.431369e-03
    outer loop
      vertex   -3.059017e-02 3.701057e-02 1.550000e-01
      vertex   -3.250000e-02 3.616025e-02 1.100000e-01
      vertex   -3.337785e-02 3.559017e-02 1.550000e-01
    endloop
  endfacet
  facet normal -6.087604e-01 7.933520e-01 -1.824989e-03
    outer loop
      vertex   -3.337785e-02 3.559017e-02 1.550000e-01
      vertex   -3.250000e-02 3.616025e-02 1.100000e-01
      vertex   -3.457107e-02 3.457107e-02 1.100000e-01
    endloop
  endfacet
  facet normal -7.071041e-01 7.071041e-01 2.735914e-03
    outer loop
      vertex   -3.337785e-02 3.559017e-02 1.550000e-01
      vertex   -3.457107e-02 3.457107e-02 1.100000e-01
      vertex   -3.559017e-02 3.337785e-02 1.550000e-01
    endloop
  endfacet
  facet normal -7.933520e-01 6.087604e-01 -1.824989e-03
    outer loop
      vertex   -3.559017e-02 3.337785e-02 1.550000e-01
      vertex   -3.457107e-02 3.457107e-02 1.100000e-01
      vertex   -3.616025e-02 3.250000e-02 1.100000e-01
    endloop
  endfacet
  facet normal -8.910039e-01 4.539892e-01 2.431369e-03
    outer loop
      vertex   -3.559017e-02 3.337785e-02 1.550000e-01
      vertex   -3.616025e-02 3.250000e-02 1.100000e-01
      vertex   -3.701057e-02 3.059017e-02 1.550000e-01
    endloop
  endfacet
  facet normal -9.238788e-01 3.826831e-01 -1.216104e-03
    outer loop
      vertex   -3.701057e-02 3.059017e-02 1.550000e-01
      vertex   -3.616025e-02 3.250000e-02 1.100000e-01
      vertex   -3.715926e-02 3.008819e-02 1.100000e-01
    endloop
  endfacet
  facet normal 1.496777e-01 4.157723e-02 9.878603e-01
    outer loop
      vertex   4.703200e-02 3.180129e-02 1.000000e-01
      vertex   4.645214e-02 3.388877e-02 1.000000e-01
      vertex   4.339004e-02 3.328350e-02 1.004894e-01
    endloop
  endfacet
  facet normal 1.411435e-01 8.361386e-02 9.864518e-01
    outer loop
      vertex   4.339004e-02 3.328350e-02 1.004894e-01
      vertex   4.645214e-02 3.388877e-02 1.000000e-01
      vertex   4.412754e-02 3.765532e-02 1.000133e-01
    endloop
  endfacet
  facet normal 1.685044e-01 7.857491e-02 9.825641e-01
    outer loop
      vertex   4.339004e-02 3.328350e-02 1.004894e-01
      vertex   4.412754e-02 3.765532e-02 1.000133e-01
      vertex   4.214434e-02 3.595492e-02 1.004894e-01
    endloop
  endfacet
  facet normal 1.475504e-01 1.033159e-01 9.836436e-01
    outer loop
      vertex   4.214434e-02 3.595492e-02 1.004894e-01
      vertex   4.412754e-02 3.765532e-02 1.000133e-01
      vertex   4.045368e-02 3.836943e-02 1.004894e-01
    endloop
  endfacet
  facet normal 3.730137e-01 2.611870e-01 8.903045e-01
    outer loop
      vertex   4.214434e-02 3.595492e-02 1.004894e-01
      vertex   4.045368e-02 3.836943e-02 1.004894e-01
      vertex   3.831819e-02 3.657754e-02 1.019098e-01
    endloop
  endfacet
  facet normal 3.219921e-01 3.219921e-01 8.903045e-01
    outer loop
      vertex   3.831819e-02 3.657754e-02 1.019098e-01
      vertex   4.045368e-02 3.836943e-02 1.004894e-01
      vertex   3.657754e-02 3.831819e-02 1.019098e-01
    endloop
  endfacet
  facet normal 5.009522e-01 5.009522e-01 7.057576e-01
    outer loop
      vertex   3.831819e-02 3.657754e-02 1.019098e-01
      vertex   3.657754e-02 3.831819e-02 1.019098e-01
      vertex   3.515549e-02 3.662346e-02 1.041221e-01
    endloop
  endfacet
  facet normal 4.063522e-01 5.803311e-01 7.057576e-01
    outer loop
      vertex   3.515549e-02 3.662346e-02 1.041221e-01
      vertex   3.657754e-02 3.831819e-02 1.019098e-01
      vertex   3.345492e-02 3.781422e-02 1.041221e-01
    endloop
  endfacet
  facet normal 5.114609e-01 7.304418e-01 4.526174e-01
    outer loop
      vertex   3.515549e-02 3.662346e-02 1.041221e-01
      vertex   3.345492e-02 3.781422e-02 1.041221e-01
      vertex   3.274472e-02 3.658412e-02 1.069098e-01
    endloop
  endfacet
  facet normal 3.768507e-01 8.081590e-01 4.526174e-01
    outer loop
      vertex   3.274472e-02 3.658412e-02 1.069098e-01
      vertex   3.345492e-02 3.781422e-02 1.041221e-01
      vertex   3.108760e-02 3.735684e-02 1.069098e-01
    endloop
  endfacet
  facet normal 4.174539e-01 8.952328e-01 1.558537e-01
    outer loop
      vertex   3.274472e-02 3.658412e-02 1.069098e-01
      vertex   3.108760e-02 3.735684e-02 1.069098e-01
      vertex   3.250000e-02 3.616025e-02 1.100000e-01
    endloop
  endfacet
  facet normal 3.764429e-01 9.088136e-01 1.798571e-01
    outer loop
      vertex   3.250000e-02 3.616025e-02 1.100000e-01
      vertex   3.108760e-02 3.735684e-02 1.069098e-01
      vertex   3.008819e-02 3.715926e-02 1.100000e-01
    endloop
  endfacet
  facet normal 2.561233e-01 9.558653e-01 1.439524e-01
    outer loop
      vertex   3.008819e-02 3.715926e-02 1.100000e-01
      vertex   3.108760e-02 3.735684e-02 1.069098e-01
      vertex   2.932147e-02 3.783008e-02 1.069098e-01
    endloop
  endfacet
  facet normal 1.283977e-01 9.752771e-01 1.798571e-01
    outer loop
      vertex   3.008819e-02 3.715926e-02 1.100000e-01
      vertex   2.932147e-02 3.783008e-02 1.069098e-01
      vertex   2.750000e-02 3.750000e-02 1.100000e-01
    endloop
  endfacet
  facet normal 4.174038e-02 9.905808e-01 1.304124e-01
    outer loop
      vertex   2.750000e-02 3.750000e-02 1.100000e-01
      vertex   2.932147e-02 3.783008e-02 1.069098e-01
      vertex   2.750000e-02 3.784074e-02 1.074118e-01
    endloop
  endfacet
  facet normal 1.101980e-01 9.182528e-01 3.803528e-01
    outer loop
      vertex   2.750000e-02 3.784074e-02 1.074118e-01
      vertex   2.932147e-02 3.783008e-02 1.069098e-01
      vertex   2.750000e-02 3.883975e-02 1.050000e-01
    endloop
  endfacet
  facet normal 2.302905e-02 8.927330e-01 4.499972e-01
    outer loop
      vertex   2.750000e-02 3.883975e-02 1.050000e-01
      vertex   2.932147e-02 3.783008e-02 1.069098e-01
      vertex   2.956812e-02 3.922889e-02 1.041221e-01
    endloop
  endfacet
  facet normal 1.084753e-01 7.886719e-01 6.051692e-01
    outer loop
      vertex   2.750000e-02 3.883975e-02 1.050000e-01
      vertex   2.956812e-02 3.922889e-02 1.041221e-01
      vertex   2.750000e-02 4.042893e-02 1.029289e-01
    endloop
  endfacet
  facet normal 7.805704e-03 7.117986e-01 7.023402e-01
    outer loop
      vertex   2.750000e-02 4.042893e-02 1.029289e-01
      vertex   2.956812e-02 3.922889e-02 1.041221e-01
      vertex   2.995229e-02 4.140760e-02 1.019098e-01
    endloop
  endfacet
  facet normal 8.642417e-02 6.064837e-01 7.903850e-01
    outer loop
      vertex   2.750000e-02 4.042893e-02 1.029289e-01
      vertex   2.995229e-02 4.140760e-02 1.019098e-01
      vertex   2.750000e-02 4.250000e-02 1.013397e-01
    endloop
  endfacet
  facet normal -1.642566e-03 4.597519e-01 8.880459e-01
    outer loop
      vertex   2.750000e-02 4.250000e-02 1.013397e-01
      vertex   2.995229e-02 4.140760e-02 1.019098e-01
      vertex   3.043636e-02 4.415293e-02 1.004894e-01
    endloop
  endfacet
  facet normal 5.204674e-02 3.821648e-01 9.226274e-01
    outer loop
      vertex   2.750000e-02 4.250000e-02 1.013397e-01
      vertex   3.043636e-02 4.415293e-02 1.004894e-01
      vertex   2.750000e-02 4.491181e-02 1.003407e-01
    endloop
  endfacet
  facet normal -1.209692e-02 1.469882e-01 9.890643e-01
    outer loop
      vertex   2.750000e-02 4.491181e-02 1.003407e-01
      vertex   3.043636e-02 4.415293e-02 1.004894e-01
      vertex   2.966334e-02 4.738266e-02 1.000000e-01
    endloop
  endfacet
  facet normal 7.079899e-03 1.305229e-01 9.914200e-01
    outer loop
      vertex   2.750000e-02 4.491181e-02 1.003407e-01
      vertex   2.966334e-02 4.738266e-02 1.000000e-01
      vertex   2.750000e-02 4.750000e-02 1.000000e-01
    endloop
  endfacet
  facet normal 1.515458e-01 1.260461e-01 9.803807e-01
    outer loop
      vertex   4.412754e-02 3.765532e-02 1.000133e-01
      vertex   4.115035e-02 4.115037e-02 1.000242e-01
      vertex   4.045368e-02 3.836943e-02 1.004894e-01
    endloop
  endfacet
  facet normal 1.314473e-01 1.314473e-01 9.825697e-01
    outer loop
      vertex   4.045368e-02 3.836943e-02 1.004894e-01
      vertex   4.115035e-02 4.115037e-02 1.000242e-01
      vertex   3.836943e-02 4.045368e-02 1.004894e-01
    endloop
  endfacet
  facet normal 3.219921e-01 3.219921e-01 8.903045e-01
    outer loop
      vertex   4.045368e-02 3.836943e-02 1.004894e-01
      vertex   3.836943e-02 4.045368e-02 1.004894e-01
      vertex   3.657754e-02 3.831819e-02 1.019098e-01
    endloop
  endfacet
  facet normal 2.611870e-01 3.730137e-01 8.903045e-01
    outer loop
      vertex   3.657754e-02 3.831819e-02 1.019098e-01
      vertex   3.836943e-02 4.045368e-02 1.004894e-01
      vertex   3.456107e-02 3.973014e-02 1.019098e-01
    endloop
  endfacet
  facet normal 4.063522e-01 5.803311e-01 7.057576e-01
    outer loop
      vertex   3.657754e-02 3.831819e-02 1.019098e-01
      vertex   3.456107e-02 3.973014e-02 1.019098e-01
      vertex   3.345492e-02 3.781422e-02 1.041221e-01
    endloop
  endfacet
  facet normal 2.994054e-01 6.420769e-01 7.057576e-01
    outer loop
      vertex   3.345492e-02 3.781422e-02 1.041221e-01
      vertex   3.456107e-02 3.973014e-02 1.019098e-01
      vertex   3.157340e-02 3.869158e-02 1.041221e-01
    endloop
  endfacet
  facet normal 3.768507e-01 8.081590e-01 4.526174e-01
    outer loop
      vertex   3.345492e-02 3.781422e-02 1.041221e-01
      vertex   3.157340e-02 3.869158e-02 1.041221e-01
      vertex   3.108760e-02 3.735684e-02 1.069098e-01
    endloop
  endfacet
  facet normal 2.307902e-01 8.613207e-01 4.526174e-01
    outer loop
      vertex   3.108760e-02 3.735684e-02 1.069098e-01
      vertex   3.157340e-02 3.869158e-02 1.041221e-01
      vertex   2.932147e-02 3.783008e-02 1.069098e-01
    endloop
  endfacet
  facet normal 1.259198e-01 1.520119e-01 9.803247e-01
    outer loop
      vertex   4.115035e-02 4.115037e-02 1.000242e-01
      vertex   3.765601e-02 4.412168e-02 1.000123e-01
      vertex   3.836943e-02 4.045368e-02 1.004894e-01
    endloop
  endfacet
  facet normal 1.037055e-01 1.481068e-01 9.835190e-01
    outer loop
      vertex   3.836943e-02 4.045368e-02 1.004894e-01
      vertex   3.765601e-02 4.412168e-02 1.000123e-01
      vertex   3.595492e-02 4.214434e-02 1.004894e-01
    endloop
  endfacet
  facet normal 2.611870e-01 3.730137e-01 8.903045e-01
    outer loop
      vertex   3.836943e-02 4.045368e-02 1.004894e-01
      vertex   3.595492e-02 4.214434e-02 1.004894e-01
      vertex   3.456107e-02 3.973014e-02 1.019098e-01
    endloop
  endfacet
  facet normal 1.924458e-01 4.127014e-01 8.903045e-01
    outer loop
      vertex   3.456107e-02 3.973014e-02 1.019098e-01
      vertex   3.595492e-02 4.214434e-02 1.004894e-01
      vertex   3.233006e-02 4.077048e-02 1.019098e-01
    endloop
  endfacet
  facet normal 2.994054e-01 6.420769e-01 7.057576e-01
    outer loop
      vertex   3.456107e-02 3.973014e-02 1.019098e-01
      vertex   3.233006e-02 4.077048e-02 1.019098e-01
      vertex   3.157340e-02 3.869158e-02 1.041221e-01
    endloop
  endfacet
  facet normal 1.833612e-01 6.843135e-01 7.057576e-01
    outer loop
      vertex   3.157340e-02 3.869158e-02 1.041221e-01
      vertex   3.233006e-02 4.077048e-02 1.019098e-01
      vertex   2.956812e-02 3.922889e-02 1.041221e-01
    endloop
  endfacet
  facet normal 2.307902e-01 8.613207e-01 4.526174e-01
    outer loop
      vertex   3.157340e-02 3.869158e-02 1.041221e-01
      vertex   2.956812e-02 3.922889e-02 1.041221e-01
      vertex   2.932147e-02 3.783008e-02 1.069098e-01
    endloop
  endfacet
  facet normal 9.369185e-02 1.566447e-01 9.832010e-01
    outer loop
      vertex   3.765601e-02 4.412168e-02 1.000123e-01
      vertex   3.388877e-02 4.645214e-02 1.000000e-01
      vertex   3.595492e-02 4.214434e-02 1.004894e-01
    endloop
  endfacet
  facet normal 6.737019e-02 1.444758e-01 9.872122e-01
    outer loop
      vertex   3.595492e-02 4.214434e-02 1.004894e-01
      vertex   3.388877e-02 4.645214e-02 1.000000e-01
      vertex   3.328350e-02 4.339004e-02 1.004894e-01
    endloop
  endfacet
  facet normal 1.924458e-01 4.127014e-01 8.903045e-01
    outer loop
      vertex   3.595492e-02 4.214434e-02 1.004894e-01
      vertex   3.328350e-02 4.339004e-02 1.004894e-01
      vertex   3.233006e-02 4.077048e-02 1.019098e-01
    endloop
  endfacet
  facet normal 1.178573e-01 4.398494e-01 8.903045e-01
    outer loop
      vertex   3.233006e-02 4.077048e-02 1.019098e-01
      vertex   3.328350e-02 4.339004e-02 1.004894e-01
      vertex   2.995229e-02 4.140760e-02 1.019098e-01
    endloop
  endfacet
  facet normal 1.833612e-01 6.843135e-01 7.057576e-01
    outer loop
      vertex   3.233006e-02 4.077048e-02 1.019098e-01
      vertex   2.995229e-02 4.140760e-02 1.019098e-01
      vertex   2.956812e-02 3.922889e-02 1.041221e-01
    endloop
  endfacet
  facet normal 4.157723e-02 1.496777e-01 9.878603e-01
    outer loop
      vertex   3.388877e-02 4.645214e-02 1.000000e-01
      vertex   3.180129e-02 4.703200e-02 1.000000e-01
      vertex   3.328350e-02 4.339004e-02 1.004894e-01
    endloop
  endfacet
  facet normal 3.993265e-02 1.490307e-01 9.880259e-01
    outer loop
      vertex   3.328350e-02 4.339004e-02 1.004894e-01
      vertex   3.180129e-02 4.703200e-02 1.000000e-01
      vertex   3.043636e-02 4.415293e-02 1.004894e-01
    endloop
  endfacet
  facet normal 1.178573e-01 4.398494e-01 8.903045e-01
    outer loop
      vertex   3.328350e-02 4.339004e-02 1.004894e-01
      vertex   3.043636e-02 4.415293e-02 1.004894e-01
      vertex   2.995229e-02 4.140760e-02 1.019098e-01
    endloop
  endfacet
  facet normal 2.554640e-02 1.557557e-01 9.874652e-01
    outer loop
      vertex   3.180129e-02 4.703200e-02 1.000000e-01
      vertex   2.966334e-02 4.738266e-02 1.000000e-01
      vertex   3.043636e-02 4.415293e-02 1.004894e-01
    endloop
  endfacet
  facet normal 5.665674e-01 8.091421e-01 1.558537e-01
    outer loop
      vertex   3.274472e-02 3.658412e-02 1.069098e-01
      vertex   3.250000e-02 3.616025e-02 1.100000e-01
      vertex   3.424248e-02 3.553537e-02 1.069098e-01
    endloop
  endfacet
  facet normal 5.988342e-01 7.804159e-01 1.798571e-01
    outer loop
      vertex   3.424248e-02 3.553537e-02 1.069098e-01
      vertex   3.250000e-02 3.616025e-02 1.100000e-01
      vertex   3.457107e-02 3.457107e-02 1.100000e-01
    endloop
  endfacet
  facet normal 6.997420e-01 6.997420e-01 1.439524e-01
    outer loop
      vertex   3.424248e-02 3.553537e-02 1.069098e-01
      vertex   3.457107e-02 3.457107e-02 1.100000e-01
      vertex   3.553537e-02 3.424248e-02 1.069098e-01
    endloop
  endfacet
  facet normal 7.804159e-01 5.988342e-01 1.798571e-01
    outer loop
      vertex   3.553537e-02 3.424248e-02 1.069098e-01
      vertex   3.457107e-02 3.457107e-02 1.100000e-01
      vertex   3.616025e-02 3.250000e-02 1.100000e-01
    endloop
  endfacet
  facet normal 8.091421e-01 5.665674e-01 1.558537e-01
    outer loop
      vertex   3.553537e-02 3.424248e-02 1.069098e-01
      vertex   3.616025e-02 3.250000e-02 1.100000e-01
      vertex   3.658412e-02 3.274472e-02 1.069098e-01
    endloop
  endfacet
  facet normal 8.952328e-01 4.174539e-01 1.558537e-01
    outer loop
      vertex   3.658412e-02 3.274472e-02 1.069098e-01
      vertex   3.616025e-02 3.250000e-02 1.100000e-01
      vertex   3.735684e-02 3.108760e-02 1.069098e-01
    endloop
  endfacet
  facet normal 8.081590e-01 3.768507e-01 4.526174e-01
    outer loop
      vertex   3.658412e-02 3.274472e-02 1.069098e-01
      vertex   3.735684e-02 3.108760e-02 1.069098e-01
      vertex   3.869158e-02 3.157340e-02 1.041221e-01
    endloop
  endfacet
  facet normal 8.613207e-01 2.307902e-01 4.526174e-01
    outer loop
      vertex   3.869158e-02 3.157340e-02 1.041221e-01
      vertex   3.735684e-02 3.108760e-02 1.069098e-01
      vertex   3.922889e-02 2.956812e-02 1.041221e-01
    endloop
  endfacet
  facet normal 6.843135e-01 1.833612e-01 7.057576e-01
    outer loop
      vertex   3.869158e-02 3.157340e-02 1.041221e-01
      vertex   3.922889e-02 2.956812e-02 1.041221e-01
      vertex   4.140760e-02 2.995229e-02 1.019098e-01
    endloop
  endfacet
  facet normal 7.117986e-01 7.805704e-03 7.023402e-01
    outer loop
      vertex   4.140760e-02 2.995229e-02 1.019098e-01
      vertex   3.922889e-02 2.956812e-02 1.041221e-01
      vertex   4.042893e-02 2.750000e-02 1.029289e-01
    endloop
  endfacet
  facet normal 6.064837e-01 8.642417e-02 7.903850e-01
    outer loop
      vertex   4.140760e-02 2.995229e-02 1.019098e-01
      vertex   4.042893e-02 2.750000e-02 1.029289e-01
      vertex   4.250000e-02 2.750000e-02 1.013397e-01
    endloop
  endfacet
  facet normal 9.088136e-01 3.764429e-01 1.798571e-01
    outer loop
      vertex   3.616025e-02 3.250000e-02 1.100000e-01
      vertex   3.715926e-02 3.008819e-02 1.100000e-01
      vertex   3.735684e-02 3.108760e-02 1.069098e-01
    endloop
  endfacet
  facet normal 9.558653e-01 2.561233e-01 1.439524e-01
    outer loop
      vertex   3.735684e-02 3.108760e-02 1.069098e-01
      vertex   3.715926e-02 3.008819e-02 1.100000e-01
      vertex   3.783008e-02 2.932147e-02 1.069098e-01
    endloop
  endfacet
  facet normal 8.613207e-01 2.307902e-01 4.526174e-01
    outer loop
      vertex   3.735684e-02 3.108760e-02 1.069098e-01
      vertex   3.783008e-02 2.932147e-02 1.069098e-01
      vertex   3.922889e-02 2.956812e-02 1.041221e-01
    endloop
  endfacet
  facet normal 8.927330e-01 2.302905e-02 4.499972e-01
    outer loop
      vertex   3.922889e-02 2.956812e-02 1.041221e-01
      vertex   3.783008e-02 2.932147e-02 1.069098e-01
      vertex   3.883975e-02 2.750000e-02 1.050000e-01
    endloop
  endfacet
  facet normal 7.886719e-01 1.084753e-01 6.051692e-01
    outer loop
      vertex   3.922889e-02 2.956812e-02 1.041221e-01
      vertex   3.883975e-02 2.750000e-02 1.050000e-01
      vertex   4.042893e-02 2.750000e-02 1.029289e-01
    endloop
  endfacet
  facet normal 9.831056e-01 1.294283e-01 1.294283e-01
    outer loop
      vertex   3.750000e-02 2.750000e-02 1.100000e-01
      vertex   3.784074e-02 2.750000e-02 1.074118e-01
      vertex   3.715926e-02 3.008819e-02 1.100000e-01
    endloop
  endfacet
  facet normal 9.784595e-01 6.015272e-02 1.974806e-01
    outer loop
      vertex   3.715926e-02 3.008819e-02 1.100000e-01
      vertex   3.784074e-02 2.750000e-02 1.074118e-01
      vertex   3.783008e-02 2.932147e-02 1.069098e-01
    endloop
  endfacet
  facet normal 9.182528e-01 1.101980e-01 3.803528e-01
    outer loop
      vertex   3.784074e-02 2.750000e-02 1.074118e-01
      vertex   3.883975e-02 2.750000e-02 1.050000e-01
      vertex   3.783008e-02 2.932147e-02 1.069098e-01
    endloop
  endfacet
  facet normal 4.597519e-01 -1.642566e-03 8.880459e-01
    outer loop
      vertex   4.140760e-02 2.995229e-02 1.019098e-01
      vertex   4.250000e-02 2.750000e-02 1.013397e-01
      vertex   4.415293e-02 3.043636e-02 1.004894e-01
    endloop
  endfacet
  facet normal 3.821648e-01 5.204674e-02 9.226274e-01
    outer loop
      vertex   4.415293e-02 3.043636e-02 1.004894e-01
      vertex   4.250000e-02 2.750000e-02 1.013397e-01
      vertex   4.491181e-02 2.750000e-02 1.003407e-01
    endloop
  endfacet
  facet normal 1.469882e-01 -1.209692e-02 9.890643e-01
    outer loop
      vertex   4.415293e-02 3.043636e-02 1.004894e-01
      vertex   4.491181e-02 2.750000e-02 1.003407e-01
      vertex   4.738266e-02 2.966334e-02 1.000000e-01
    endloop
  endfacet
  facet normal 1.305229e-01 7.079899e-03 9.914200e-01
    outer loop
      vertex   4.738266e-02 2.966334e-02 1.000000e-01
      vertex   4.491181e-02 2.750000e-02 1.003407e-01
      vertex   4.750000e-02 2.750000e-02 1.000000e-01
    endloop
  endfacet
  facet normal 1.557557e-01 2.554640e-02 9.874652e-01
    outer loop
      vertex   4.738266e-02 2.966334e-02 1.000000e-01
      vertex   4.703200e-02 3.180129e-02 1.000000e-01
      vertex   4.415293e-02 3.043636e-02 1.004894e-01
    endloop
  endfacet
  facet normal 1.490307e-01 3.993265e-02 9.880259e-01
    outer loop
      vertex   4.415293e-02 3.043636e-02 1.004894e-01
      vertex   4.703200e-02 3.180129e-02 1.000000e-01
      vertex   4.339004e-02 3.328350e-02 1.004894e-01
    endloop
  endfacet
  facet normal 4.398494e-01 1.178573e-01 8.903045e-01
    outer loop
      vertex   4.415293e-02 3.043636e-02 1.004894e-01
      vertex   4.339004e-02 3.328350e-02 1.004894e-01
      vertex   4.077048e-02 3.233006e-02 1.019098e-01
    endloop
  endfacet
  facet normal 4.127014e-01 1.924458e-01 8.903045e-01
    outer loop
      vertex   4.077048e-02 3.233006e-02 1.019098e-01
      vertex   4.339004e-02 3.328350e-02 1.004894e-01
      vertex   3.973014e-02 3.456107e-02 1.019098e-01
    endloop
  endfacet
  facet normal 6.420769e-01 2.994054e-01 7.057576e-01
    outer loop
      vertex   4.077048e-02 3.233006e-02 1.019098e-01
      vertex   3.973014e-02 3.456107e-02 1.019098e-01
      vertex   3.781422e-02 3.345492e-02 1.041221e-01
    endloop
  endfacet
  facet normal 5.803311e-01 4.063522e-01 7.057576e-01
    outer loop
      vertex   3.781422e-02 3.345492e-02 1.041221e-01
      vertex   3.973014e-02 3.456107e-02 1.019098e-01
      vertex   3.662346e-02 3.515549e-02 1.041221e-01
    endloop
  endfacet
  facet normal 7.304418e-01 5.114609e-01 4.526174e-01
    outer loop
      vertex   3.781422e-02 3.345492e-02 1.041221e-01
      vertex   3.662346e-02 3.515549e-02 1.041221e-01
      vertex   3.553537e-02 3.424248e-02 1.069098e-01
    endloop
  endfacet
  facet normal 6.305305e-01 6.305305e-01 4.526174e-01
    outer loop
      vertex   3.553537e-02 3.424248e-02 1.069098e-01
      vertex   3.662346e-02 3.515549e-02 1.041221e-01
      vertex   3.424248e-02 3.553537e-02 1.069098e-01
    endloop
  endfacet
  facet normal 4.127014e-01 1.924458e-01 8.903045e-01
    outer loop
      vertex   3.973014e-02 3.456107e-02 1.019098e-01
      vertex   4.339004e-02 3.328350e-02 1.004894e-01
      vertex   4.214434e-02 3.595492e-02 1.004894e-01
    endloop
  endfacet
  facet normal 7.304418e-01 5.114609e-01 4.526174e-01
    outer loop
      vertex   3.781422e-02 3.345492e-02 1.041221e-01
      vertex   3.553537e-02 3.424248e-02 1.069098e-01
      vertex   3.658412e-02 3.274472e-02 1.069098e-01
    endloop
  endfacet
  facet normal 6.843135e-01 1.833612e-01 7.057576e-01
    outer loop
      vertex   3.869158e-02 3.157340e-02 1.041221e-01
      vertex   4.140760e-02 2.995229e-02 1.019098e-01
      vertex   4.077048e-02 3.233006e-02 1.019098e-01
    endloop
  endfacet
  facet normal 4.398494e-01 1.178573e-01 8.903045e-01
    outer loop
      vertex   4.077048e-02 3.233006e-02 1.019098e-01
      vertex   4.140760e-02 2.995229e-02 1.019098e-01
      vertex   4.415293e-02 3.043636e-02 1.004894e-01
    endloop
  endfacet
  facet normal 8.081590e-01 3.768507e-01 4.526174e-01
    outer loop
      vertex   3.658412e-02 3.274472e-02 1.069098e-01
      vertex   3.869158e-02 3.157340e-02 1.041221e-01
      vertex   3.781422e-02 3.345492e-02 1.041221e-01
    endloop
  endfacet
  facet normal 6.420769e-01 2.994054e-01 7.057576e-01
    outer loop
      vertex   3.781422e-02 3.345492e-02 1.041221e-01
      vertex   3.869158e-02 3.157340e-02 1.041221e-01
      vertex   4.077048e-02 3.233006e-02 1.019098e-01
    endloop
  endfacet
  facet normal 5.803311e-01 4.063522e-01 7.057576e-01
    outer loop
      vertex   3.662346e-02 3.515549e-02 1.041221e-01
      vertex   3.973014e-02 3.456107e-02 1.019098e-01
      vertex   3.831819e-02 3.657754e-02 1.019098e-01
    endloop
  endfacet
  facet normal 3.730137e-01 2.611870e-01 8.903045e-01
    outer loop
      vertex   3.831819e-02 3.657754e-02 1.019098e-01
      vertex   3.973014e-02 3.456107e-02 1.019098e-01
      vertex   4.214434e-02 3.595492e-02 1.004894e-01
    endloop
  endfacet
  facet normal 6.305305e-01 6.305305e-01 4.526174e-01
    outer loop
      vertex   3.424248e-02 3.553537e-02 1.069098e-01
      vertex   3.662346e-02 3.515549e-02 1.041221e-01
      vertex   3.515549e-02 3.662346e-02 1.041221e-01
    endloop
  endfacet
  facet normal 5.009522e-01 5.009522e-01 7.057576e-01
    outer loop
      vertex   3.515549e-02 3.662346e-02 1.041221e-01
      vertex   3.662346e-02 3.515549e-02 1.041221e-01
      vertex   3.831819e-02 3.657754e-02 1.019098e-01
    endloop
  endfacet
  facet normal 5.114609e-01 7.304418e-01 4.526174e-01
    outer loop
      vertex   3.274472e-02 3.658412e-02 1.069098e-01
      vertex   3.424248e-02 3.553537e-02 1.069098e-01
      vertex   3.515549e-02 3.662346e-02 1.041221e-01
    endloop
  endfacet
  facet normal 9.914449e-01 3.752471e-16 1.305262e-01
    outer loop
      vertex   3.750000e-02 2.750000e-02 1.100000e-01
      vertex   3.750000e-02 -2.750000e-02 1.100000e-01
      vertex   3.784074e-02 2.750000e-02 1.074118e-01
    endloop
  endfacet
  facet normal 9.914449e-01 4.411168e-16 1.305262e-01
    outer loop
      vertex   3.784074e-02 2.750000e-02 1.074118e-01
      vertex   3.750000e-02 -2.750000e-02 1.100000e-01
      vertex   3.784074e-02 -2.750000e-02 1.074118e-01
    endloop
  endfacet
  facet normal 9.238795e-01 5.427946e-16 3.826834e-01
    outer loop
      vertex   3.784074e-02 2.750000e-02 1.074118e-01
      vertex   3.784074e-02 -2.750000e-02 1.074118e-01
      vertex   3.883975e-02 -2.750000e-02 1.050000e-01
    endloop
  endfacet
  facet normal 9.238795e-01 3.510160e-16 3.826834e-01
    outer loop
      vertex   3.784074e-02 2.750000e-02 1.074118e-01
      vertex   3.883975e-02 -2.750000e-02 1.050000e-01
      vertex   3.883975e-02 2.750000e-02 1.050000e-01
    endloop
  endfacet
  facet normal 7.933533e-01 3.002724e-16 6.087614e-01
    outer loop
      vertex   3.883975e-02 2.750000e-02 1.050000e-01
      vertex   3.883975e-02 -2.750000e-02 1.050000e-01
      vertex   4.042893e-02 -2.750000e-02 1.029289e-01
    endloop
  endfacet
  facet normal 7.933533e-01 4.011611e-16 6.087614e-01
    outer loop
      vertex   3.883975e-02 2.750000e-02 1.050000e-01
      vertex   4.042893e-02 -2.750000e-02 1.029289e-01
      vertex   4.042893e-02 2.750000e-02 1.029289e-01
    endloop
  endfacet
  facet normal 6.087614e-01 3.072095e-16 7.933533e-01
    outer loop
      vertex   4.042893e-02 2.750000e-02 1.029289e-01
      vertex   4.042893e-02 -2.750000e-02 1.029289e-01
      vertex   4.250000e-02 -2.750000e-02 1.013397e-01
    endloop
  endfacet
  facet normal 6.087614e-01 3.539657e-16 7.933533e-01
    outer loop
      vertex   4.042893e-02 2.750000e-02 1.029289e-01
      vertex   4.250000e-02 -2.750000e-02 1.013397e-01
      vertex   4.250000e-02 2.750000e-02 1.013397e-01
    endloop
  endfacet
  facet normal 3.826834e-01 3.296764e-16 9.238795e-01
    outer loop
      vertex   4.250000e-02 2.750000e-02 1.013397e-01
      vertex   4.250000e-02 -2.750000e-02 1.013397e-01
      vertex   4.491181e-02 -2.750000e-02 1.003407e-01
    endloop
  endfacet
  facet normal 3.826834e-01 1.445360e-16 9.238795e-01
    outer loop
      vertex   4.250000e-02 2.750000e-02 1.013397e-01
      vertex   4.491181e-02 -2.750000e-02 1.003407e-01
      vertex   4.491181e-02 2.750000e-02 1.003407e-01
    endloop
  endfacet
  facet normal 1.305262e-01 4.940222e-17 9.914449e-01
    outer loop
      vertex   4.491181e-02 2.750000e-02 1.003407e-01
      vertex   4.491181e-02 -2.750000e-02 1.003407e-01
      vertex   4.750000e-02 2.750000e-02 1.000000e-01
    endloop
  endfacet
  facet normal 1.305262e-01 4.940222e-17 9.914449e-01
    outer loop
      vertex   4.750000e-02 2.750000e-02 1.000000e-01
      vertex   4.491181e-02 -2.750000e-02 1.003407e-01
      vertex   4.750000e-02 -2.750000e-02 1.000000e-01
    endloop
  endfacet
  facet normal -3.752471e-16 9.914449e-01 1.305262e-01
    outer loop
      vertex   -2.750000e-02 3.750000e-02 1.100000e-01
      vertex   2.750000e-02 3.750000e-02 1.100000e-01
      vertex   -2.750000e-02 3.784074e-02 1.074118e-01
    endloop
  endfacet
  facet normal -1.250824e-16 9.914449e-01 1.305262e-01
    outer loop
      vertex   -2.750000e-02 3.784074e-02 1.074118e-01
      vertex   2.750000e-02 3.750000e-02 1.100000e-01
      vertex   2.750000e-02 3.784074e-02 1.074118e-01
    endloop
  endfacet
  facet normal -1.165582e-16 9.238795e-01 3.826834e-01
    outer loop
      vertex   -2.750000e-02 3.784074e-02 1.074118e-01
      vertex   2.750000e-02 3.784074e-02 1.074118e-01
      vertex   2.750000e-02 3.883975e-02 1.050000e-01
    endloop
  endfacet
  facet normal -2.330274e-16 9.238795e-01 3.826834e-01
    outer loop
      vertex   -2.750000e-02 3.784074e-02 1.074118e-01
      vertex   2.750000e-02 3.883975e-02 1.050000e-01
      vertex   -2.750000e-02 3.883975e-02 1.050000e-01
    endloop
  endfacet
  facet normal -2.001816e-16 7.933533e-01 6.087614e-01
    outer loop
      vertex   -2.750000e-02 3.883975e-02 1.050000e-01
      vertex   2.750000e-02 3.883975e-02 1.050000e-01
      vertex   2.750000e-02 4.042893e-02 1.029289e-01
    endloop
  endfacet
  facet normal -2.005806e-16 7.933533e-01 6.087614e-01
    outer loop
      vertex   -2.750000e-02 3.883975e-02 1.050000e-01
      vertex   2.750000e-02 4.042893e-02 1.029289e-01
      vertex   -2.750000e-02 4.042893e-02 1.029289e-01
    endloop
  endfacet
  facet normal -1.536048e-16 6.087614e-01 7.933533e-01
    outer loop
      vertex   -2.750000e-02 4.042893e-02 1.029289e-01
      vertex   2.750000e-02 4.042893e-02 1.029289e-01
      vertex   2.750000e-02 4.250000e-02 1.013397e-01
    endloop
  endfacet
  facet normal -1.533851e-16 6.087614e-01 7.933533e-01
    outer loop
      vertex   -2.750000e-02 4.042893e-02 1.029289e-01
      vertex   2.750000e-02 4.250000e-02 1.013397e-01
      vertex   -2.750000e-02 4.250000e-02 1.013397e-01
    endloop
  endfacet
  facet normal -9.655999e-17 3.826834e-01 9.238795e-01
    outer loop
      vertex   -2.750000e-02 4.250000e-02 1.013397e-01
      vertex   2.750000e-02 4.250000e-02 1.013397e-01
      vertex   2.750000e-02 4.491181e-02 1.003407e-01
    endloop
  endfacet
  facet normal 3.215189e-16 3.826834e-01 9.238795e-01
    outer loop
      vertex   -2.750000e-02 4.250000e-02 1.013397e-01
      vertex   2.750000e-02 4.491181e-02 1.003407e-01
      vertex   -2.750000e-02 4.491181e-02 1.003407e-01
    endloop
  endfacet
  facet normal 4.509273e-16 1.305262e-01 9.914449e-01
    outer loop
      vertex   -2.750000e-02 4.491181e-02 1.003407e-01
      vertex   2.750000e-02 4.491181e-02 1.003407e-01
      vertex   -2.750000e-02 4.750000e-02 1.000000e-01
    endloop
  endfacet
  facet normal -4.940222e-17 1.305262e-01 9.914449e-01
    outer loop
      vertex   -2.750000e-02 4.750000e-02 1.000000e-01
      vertex   2.750000e-02 4.491181e-02 1.003407e-01
      vertex   2.750000e-02 4.750000e-02 1.000000e-01
    endloop
  endfacet
  facet normal 1.229142e-01 9.924025e-01 -5.428919e-03
    outer loop
      vertex   2.983545e-02 3.722594e-02 1.772821e-01
      vertex   3.059017e-02 3.701057e-02 1.550000e-01
      vertex   2.750000e-02 3.750000e-02 1.745049e-01
    endloop
  endfacet
  facet normal 1.651511e-01 9.862673e-01 1.416637e-03
    outer loop
      vertex   2.750000e-02 3.750000e-02 1.745049e-01
      vertex   3.059017e-02 3.701057e-02 1.550000e-01
      vertex   3.008819e-02 3.715926e-02 1.100000e-01
    endloop
  endfacet
  facet normal 1.305262e-01 9.914449e-01 -1.066513e-16
    outer loop
      vertex   2.750000e-02 3.750000e-02 1.745049e-01
      vertex   3.008819e-02 3.715926e-02 1.100000e-01
      vertex   2.750000e-02 3.750000e-02 1.100000e-01
    endloop
  endfacet
  facet normal 3.356284e-01 9.419918e-01 2.263234e-03
    outer loop
      vertex   2.983545e-02 3.722594e-02 1.772821e-01
      vertex   3.187543e-02 3.649197e-02 1.802463e-01
      vertex   3.059017e-02 3.701057e-02 1.550000e-01
    endloop
  endfacet
  facet normal 4.539852e-01 8.909962e-01 -4.809693e-03
    outer loop
      vertex   3.059017e-02 3.701057e-02 1.550000e-01
      vertex   3.187543e-02 3.649197e-02 1.802463e-01
      vertex   3.337785e-02 3.559017e-02 1.550000e-01
    endloop
  endfacet
  facet normal 4.539892e-01 8.910039e-01 2.431369e-03
    outer loop
      vertex   3.059017e-02 3.701057e-02 1.550000e-01
      vertex   3.337785e-02 3.559017e-02 1.550000e-01
      vertex   3.250000e-02 3.616025e-02 1.100000e-01
    endloop
  endfacet
  facet normal 6.087604e-01 7.933520e-01 -1.824989e-03
    outer loop
      vertex   3.250000e-02 3.616025e-02 1.100000e-01
      vertex   3.337785e-02 3.559017e-02 1.550000e-01
      vertex   3.457107e-02 3.457107e-02 1.100000e-01
    endloop
  endfacet
  facet normal 7.071041e-01 7.071041e-01 2.735914e-03
    outer loop
      vertex   3.457107e-02 3.457107e-02 1.100000e-01
      vertex   3.337785e-02 3.559017e-02 1.550000e-01
      vertex   3.559017e-02 3.337785e-02 1.550000e-01
    endloop
  endfacet
  facet normal 7.933520e-01 6.087604e-01 -1.824989e-03
    outer loop
      vertex   3.457107e-02 3.457107e-02 1.100000e-01
      vertex   3.559017e-02 3.337785e-02 1.550000e-01
      vertex   3.616025e-02 3.250000e-02 1.100000e-01
    endloop
  endfacet
  facet normal 8.910039e-01 4.539892e-01 2.431369e-03
    outer loop
      vertex   3.616025e-02 3.250000e-02 1.100000e-01
      vertex   3.559017e-02 3.337785e-02 1.550000e-01
      vertex   3.701057e-02 3.059017e-02 1.550000e-01
    endloop
  endfacet
  facet normal 9.238788e-01 3.826831e-01 -1.216104e-03
    outer loop
      vertex   3.616025e-02 3.250000e-02 1.100000e-01
      vertex   3.701057e-02 3.059017e-02 1.550000e-01
      vertex   3.715926e-02 3.008819e-02 1.100000e-01
    endloop
  endfacet
  facet normal 9.914432e-01 1.305260e-01 1.819987e-03
    outer loop
      vertex   3.715926e-02 3.008819e-02 1.100000e-01
      vertex   3.701057e-02 3.059017e-02 1.550000e-01
      vertex   3.750000e-02 2.750000e-02 1.100000e-01
    endloop
  endfacet
  facet normal 9.828976e-01 1.841427e-01 -1.954845e-03
    outer loop
      vertex   3.750000e-02 2.750000e-02 1.100000e-01
      vertex   3.701057e-02 3.059017e-02 1.550000e-01
      vertex   3.735441e-02 2.919756e-02 1.967043e-01
    endloop
  endfacet
  facet normal 9.963424e-01 8.545052e-02 -0.000000e+00
    outer loop
      vertex   3.750000e-02 2.750000e-02 1.100000e-01
      vertex   3.735441e-02 2.919756e-02 1.967043e-01
      vertex   3.750000e-02 2.750000e-02 2.000000e-01
    endloop
  endfacet
  facet normal 5.258141e-01 8.505990e-01 9.078641e-04
    outer loop
      vertex   3.187543e-02 3.649197e-02 1.802463e-01
      vertex   3.361170e-02 3.541533e-02 1.833721e-01
      vertex   3.337785e-02 3.559017e-02 1.550000e-01
    endloop
  endfacet
  facet normal 6.870585e-01 7.266011e-01 -1.185305e-03
    outer loop
      vertex   3.337785e-02 3.559017e-02 1.550000e-01
      vertex   3.361170e-02 3.541533e-02 1.833721e-01
      vertex   3.503342e-02 3.407629e-02 1.866243e-01
    endloop
  endfacet
  facet normal 7.071032e-01 7.071032e-01 -3.168049e-03
    outer loop
      vertex   3.337785e-02 3.559017e-02 1.550000e-01
      vertex   3.503342e-02 3.407629e-02 1.866243e-01
      vertex   3.559017e-02 3.337785e-02 1.550000e-01
    endloop
  endfacet
  facet normal 8.105356e-01 5.856878e-01 1.334405e-03
    outer loop
      vertex   3.559017e-02 3.337785e-02 1.550000e-01
      vertex   3.503342e-02 3.407629e-02 1.866243e-01
      vertex   3.613148e-02 3.254907e-02 1.899632e-01
    endloop
  endfacet
  facet normal 8.910024e-01 4.539884e-01 -3.033276e-03
    outer loop
      vertex   3.559017e-02 3.337785e-02 1.550000e-01
      vertex   3.613148e-02 3.254907e-02 1.899632e-01
      vertex   3.701057e-02 3.059017e-02 1.550000e-01
    endloop
  endfacet
  facet normal 9.061972e-01 4.228543e-01 -9.068712e-04
    outer loop
      vertex   3.701057e-02 3.059017e-02 1.550000e-01
      vertex   3.613148e-02 3.254907e-02 1.899632e-01
      vertex   3.690389e-02 3.090100e-02 1.933402e-01
    endloop
  endfacet
  facet normal 9.664633e-01 2.568042e-01 6.070006e-04
    outer loop
      vertex   3.701057e-02 3.059017e-02 1.550000e-01
      vertex   3.690389e-02 3.090100e-02 1.933402e-01
      vertex   3.735441e-02 2.919756e-02 1.967043e-01
    endloop
  endfacet
  facet normal 3.826831e-01 9.238788e-01 -1.216104e-03
    outer loop
      vertex   3.250000e-02 3.616025e-02 1.100000e-01
      vertex   3.008819e-02 3.715926e-02 1.100000e-01
      vertex   3.059017e-02 3.701057e-02 1.550000e-01
    endloop
  endfacet
  facet normal 9.972131e-01 -7.438531e-02 -5.737946e-03
    outer loop
      vertex   3.735441e-02 -2.919756e-02 1.967043e-01
      vertex   3.701057e-02 -3.059017e-02 1.550000e-01
      vertex   3.750000e-02 -2.750000e-02 2.000000e-01
    endloop
  endfacet
  facet normal 9.845842e-01 -1.749066e-01 1.302252e-03
    outer loop
      vertex   3.750000e-02 -2.750000e-02 2.000000e-01
      vertex   3.701057e-02 -3.059017e-02 1.550000e-01
      vertex   3.715926e-02 -3.008819e-02 1.100000e-01
    endloop
  endfacet
  facet normal 9.914449e-01 -1.305262e-01 0.000000e+00
    outer loop
      vertex   3.750000e-02 -2.750000e-02 2.000000e-01
      vertex   3.715926e-02 -3.008819e-02 1.100000e-01
      vertex   3.750000e-02 -2.750000e-02 1.100000e-01
    endloop
  endfacet
  facet normal 9.664633e-01 -2.568042e-01 6.070006e-04
    outer loop
      vertex   3.735441e-02 -2.919756e-02 1.967043e-01
      vertex   3.690389e-02 -3.090100e-02 1.933402e-01
      vertex   3.701057e-02 -3.059017e-02 1.550000e-01
    endloop
  endfacet
  facet normal 9.061972e-01 -4.228543e-01 -9.068712e-04
    outer loop
      vertex   3.701057e-02 -3.059017e-02 1.550000e-01
      vertex   3.690389e-02 -3.090100e-02 1.933402e-01
      vertex   3.613148e-02 -3.254907e-02 1.899632e-01
    endloop
  endfacet
  facet normal 8.910024e-01 -4.539884e-01 -3.033276e-03
    outer loop
      vertex   3.701057e-02 -3.059017e-02 1.550000e-01
      vertex   3.613148e-02 -3.254907e-02 1.899632e-01
      vertex   3.559017e-02 -3.337785e-02 1.550000e-01
    endloop
  endfacet
  facet normal 8.105356e-01 -5.856878e-01 1.334405e-03
    outer loop
      vertex   3.559017e-02 -3.337785e-02 1.550000e-01
      vertex   3.613148e-02 -3.254907e-02 1.899632e-01
      vertex   3.503342e-02 -3.407629e-02 1.866243e-01
    endloop
  endfacet
  facet normal 7.071032e-01 -7.071032e-01 -3.168049e-03
    outer loop
      vertex   3.559017e-02 -3.337785e-02 1.550000e-01
      vertex   3.503342e-02 -3.407629e-02 1.866243e-01
      vertex   3.337785e-02 -3.559017e-02 1.550000e-01
    endloop
  endfacet
  facet normal 6.870585e-01 -7.266011e-01 -1.185305e-03
    outer loop
      vertex   3.337785e-02 -3.559017e-02 1.550000e-01
      vertex   3.503342e-02 -3.407629e-02 1.866243e-01
      vertex   3.361170e-02 -3.541533e-02 1.833721e-01
    endloop
  endfacet
  facet normal 5.258141e-01 -8.505990e-01 9.078641e-04
    outer loop
      vertex   3.337785e-02 -3.559017e-02 1.550000e-01
      vertex   3.361170e-02 -3.541533e-02 1.833721e-01
      vertex   3.187543e-02 -3.649197e-02 1.802463e-01
    endloop
  endfacet
  facet normal 4.539852e-01 -8.909962e-01 -4.809693e-03
    outer loop
      vertex   3.337785e-02 -3.559017e-02 1.550000e-01
      vertex   3.187543e-02 -3.649197e-02 1.802463e-01
      vertex   3.059017e-02 -3.701057e-02 1.550000e-01
    endloop
  endfacet
  facet normal 3.356284e-01 -9.419918e-01 2.263234e-03
    outer loop
      vertex   3.059017e-02 -3.701057e-02 1.550000e-01
      vertex   3.187543e-02 -3.649197e-02 1.802463e-01
      vertex   2.983545e-02 -3.722594e-02 1.772821e-01
    endloop
  endfacet
  facet normal 1.964243e-01 -9.805149e-01 -2.824139e-03
    outer loop
      vertex   3.059017e-02 -3.701057e-02 1.550000e-01
      vertex   2.983545e-02 -3.722594e-02 1.772821e-01
      vertex   2.750000e-02 -3.750000e-02 1.100000e-01
    endloop
  endfacet
  facet normal 1.165501e-01 -9.931848e-01 1.253748e-17
    outer loop
      vertex   2.750000e-02 -3.750000e-02 1.100000e-01
      vertex   2.983545e-02 -3.722594e-02 1.772821e-01
      vertex   2.750000e-02 -3.750000e-02 1.745049e-01
    endloop
  endfacet
  facet normal 1.305260e-01 -9.914432e-01 1.819987e-03
    outer loop
      vertex   2.750000e-02 -3.750000e-02 1.100000e-01
      vertex   3.008819e-02 -3.715926e-02 1.100000e-01
      vertex   3.059017e-02 -3.701057e-02 1.550000e-01
    endloop
  endfacet
  facet normal 3.826831e-01 -9.238788e-01 -1.216104e-03
    outer loop
      vertex   3.059017e-02 -3.701057e-02 1.550000e-01
      vertex   3.008819e-02 -3.715926e-02 1.100000e-01
      vertex   3.250000e-02 -3.616025e-02 1.100000e-01
    endloop
  endfacet
  facet normal 4.539892e-01 -8.910039e-01 2.431369e-03
    outer loop
      vertex   3.059017e-02 -3.701057e-02 1.550000e-01
      vertex   3.250000e-02 -3.616025e-02 1.100000e-01
      vertex   3.337785e-02 -3.559017e-02 1.550000e-01
    endloop
  endfacet
  facet normal 6.087604e-01 -7.933520e-01 -1.824989e-03
    outer loop
      vertex   3.337785e-02 -3.559017e-02 1.550000e-01
      vertex   3.250000e-02 -3.616025e-02 1.100000e-01
      vertex   3.457107e-02 -3.457107e-02 1.100000e-01
    endloop
  endfacet
  facet normal 7.071041e-01 -7.071041e-01 2.735914e-03
    outer loop
      vertex   3.337785e-02 -3.559017e-02 1.550000e-01
      vertex   3.457107e-02 -3.457107e-02 1.100000e-01
      vertex   3.559017e-02 -3.337785e-02 1.550000e-01
    endloop
  endfacet
  facet normal 7.933520e-01 -6.087604e-01 -1.824989e-03
    outer loop
      vertex   3.559017e-02 -3.337785e-02 1.550000e-01
      vertex   3.457107e-02 -3.457107e-02 1.100000e-01
      vertex   3.616025e-02 -3.250000e-02 1.100000e-01
    endloop
  endfacet
  facet normal 8.910039e-01 -4.539892e-01 2.431369e-03
    outer loop
      vertex   3.559017e-02 -3.337785e-02 1.550000e-01
      vertex   3.616025e-02 -3.250000e-02 1.100000e-01
      vertex   3.701057e-02 -3.059017e-02 1.550000e-01
    endloop
  endfacet
  facet normal 9.238788e-01 -3.826831e-01 -1.216104e-03
    outer loop
      vertex   3.701057e-02 -3.059017e-02 1.550000e-01
      vertex   3.616025e-02 -3.250000e-02 1.100000e-01
      vertex   3.715926e-02 -3.008819e-02 1.100000e-01
    endloop
  endfacet
  facet normal 1.250824e-16 -9.914449e-01 1.305262e-01
    outer loop
      vertex   2.750000e-02 -3.750000e-02 1.100000e-01
      vertex   -2.750000e-02 -3.750000e-02 1.100000e-01
      vertex   2.750000e-02 -3.784074e-02 1.074118e-01
    endloop
  endfacet
  facet normal 3.160344e-16 -9.914449e-01 1.305262e-01
    outer loop
      vertex   2.750000e-02 -3.784074e-02 1.074118e-01
      vertex   -2.750000e-02 -3.750000e-02 1.100000e-01
      vertex   -2.750000e-02 -3.784074e-02 1.074118e-01
    endloop
  endfacet
  facet normal 4.262364e-16 -9.238795e-01 3.826834e-01
    outer loop
      vertex   2.750000e-02 -3.784074e-02 1.074118e-01
      vertex   -2.750000e-02 -3.784074e-02 1.074118e-01
      vertex   -2.750000e-02 -3.883975e-02 1.050000e-01
    endloop
  endfacet
  facet normal 1.150389e-16 -9.238795e-01 3.826834e-01
    outer loop
      vertex   2.750000e-02 -3.784074e-02 1.074118e-01
      vertex   -2.750000e-02 -3.883975e-02 1.050000e-01
      vertex   2.750000e-02 -3.883975e-02 1.050000e-01
    endloop
  endfacet
  facet normal 1.000908e-16 -7.933533e-01 6.087614e-01
    outer loop
      vertex   2.750000e-02 -3.883975e-02 1.050000e-01
      vertex   -2.750000e-02 -3.883975e-02 1.050000e-01
      vertex   -2.750000e-02 -4.042893e-02 1.029289e-01
    endloop
  endfacet
  facet normal 1.002903e-16 -7.933533e-01 6.087614e-01
    outer loop
      vertex   2.750000e-02 -3.883975e-02 1.050000e-01
      vertex   -2.750000e-02 -4.042893e-02 1.029289e-01
      vertex   2.750000e-02 -4.042893e-02 1.029289e-01
    endloop
  endfacet
  facet normal 7.680238e-17 -6.087614e-01 7.933533e-01
    outer loop
      vertex   2.750000e-02 -4.042893e-02 1.029289e-01
      vertex   -2.750000e-02 -4.042893e-02 1.029289e-01
      vertex   -2.750000e-02 -4.250000e-02 1.013397e-01
    endloop
  endfacet
  facet normal 1.533851e-16 -6.087614e-01 7.933533e-01
    outer loop
      vertex   2.750000e-02 -4.042893e-02 1.029289e-01
      vertex   -2.750000e-02 -4.250000e-02 1.013397e-01
      vertex   2.750000e-02 -4.250000e-02 1.013397e-01
    endloop
  endfacet
  facet normal 9.655999e-17 -3.826834e-01 9.238795e-01
    outer loop
      vertex   2.750000e-02 -4.250000e-02 1.013397e-01
      vertex   -2.750000e-02 -4.250000e-02 1.013397e-01
      vertex   -2.750000e-02 -4.491181e-02 1.003407e-01
    endloop
  endfacet
  facet normal 5.014514e-17 -3.826834e-01 9.238795e-01
    outer loop
      vertex   2.750000e-02 -4.250000e-02 1.013397e-01
      vertex   -2.750000e-02 -4.491181e-02 1.003407e-01
      vertex   2.750000e-02 -4.491181e-02 1.003407e-01
    endloop
  endfacet
  facet normal 1.646741e-17 -1.305262e-01 9.914449e-01
    outer loop
      vertex   2.750000e-02 -4.491181e-02 1.003407e-01
      vertex   -2.750000e-02 -4.491181e-02 1.003407e-01
      vertex   2.750000e-02 -4.750000e-02 1.000000e-01
    endloop
  endfacet
  facet normal 1.646741e-17 -1.305262e-01 9.914449e-01
    outer loop
      vertex   2.750000e-02 -4.750000e-02 1.000000e-01
      vertex   -2.750000e-02 -4.491181e-02 1.003407e-01
      vertex   -2.750000e-02 -4.750000e-02 1.000000e-01
    endloop
  endfacet
  facet normal -1.229142e-01 -9.924025e-01 -5.428919e-03
    outer loop
      vertex   -2.983545e-02 -3.722594e-02 1.772821e-01
      vertex   -3.059017e-02 -3.701057e-02 1.550000e-01
      vertex   -2.750000e-02 -3.750000e-02 1.745049e-01
    endloop
  endfacet
  facet normal -1.651511e-01 -9.862673e-01 1.416637e-03
    outer loop
      vertex   -2.750000e-02 -3.750000e-02 1.745049e-01
      vertex   -3.059017e-02 -3.701057e-02 1.550000e-01
      vertex   -3.008819e-02 -3.715926e-02 1.100000e-01
    endloop
  endfacet
  facet normal -1.305262e-01 -9.914449e-01 -0.000000e+00
    outer loop
      vertex   -2.750000e-02 -3.750000e-02 1.745049e-01
      vertex   -3.008819e-02 -3.715926e-02 1.100000e-01
      vertex   -2.750000e-02 -3.750000e-02 1.100000e-01
    endloop
  endfacet
  facet normal -3.356284e-01 -9.419918e-01 2.263234e-03
    outer loop
      vertex   -2.983545e-02 -3.722594e-02 1.772821e-01
      vertex   -3.187543e-02 -3.649197e-02 1.802463e-01
      vertex   -3.059017e-02 -3.701057e-02 1.550000e-01
    endloop
  endfacet
  facet normal -4.539852e-01 -8.909962e-01 -4.809693e-03
    outer loop
      vertex   -3.059017e-02 -3.701057e-02 1.550000e-01
      vertex   -3.187543e-02 -3.649197e-02 1.802463e-01
      vertex   -3.337785e-02 -3.559017e-02 1.550000e-01
    endloop
  endfacet
  facet normal -4.539892e-01 -8.910039e-01 2.431369e-03
    outer loop
      vertex   -3.059017e-02 -3.701057e-02 1.550000e-01
      vertex   -3.337785e-02 -3.559017e-02 1.550000e-01
      vertex   -3.250000e-02 -3.616025e-02 1.100000e-01
    endloop
  endfacet
  facet normal -6.087604e-01 -7.933520e-01 -1.824989e-03
    outer loop
      vertex   -3.250000e-02 -3.616025e-02 1.100000e-01
      vertex   -3.337785e-02 -3.559017e-02 1.550000e-01
      vertex   -3.457107e-02 -3.457107e-02 1.100000e-01
    endloop
  endfacet
  facet normal -7.071041e-01 -7.071041e-01 2.735914e-03
    outer loop
      vertex   -3.457107e-02 -3.457107e-02 1.100000e-01
      vertex   -3.337785e-02 -3.559017e-02 1.550000e-01
      vertex   -3.559017e-02 -3.337785e-02 1.550000e-01
    endloop
  endfacet
  facet normal -7.933520e-01 -6.087604e-01 -1.824989e-03
    outer loop
      vertex   -3.457107e-02 -3.457107e-02 1.100000e-01
      vertex   -3.559017e-02 -3.337785e-02 1.550000e-01
      vertex   -3.616025e-02 -3.250000e-02 1.100000e-01
    endloop
  endfacet
  facet normal -8.910039e-01 -4.539892e-01 2.431369e-03
    outer loop
      vertex   -3.616025e-02 -3.250000e-02 1.100000e-01
      vertex   -3.559017e-02 -3.337785e-02 1.550000e-01
      vertex   -3.701057e-02 -3.059017e-02 1.550000e-01
    endloop
  endfacet
  facet normal -9.238788e-01 -3.826831e-01 -1.216104e-03
    outer loop
      vertex   -3.616025e-02 -3.250000e-02 1.100000e-01
      vertex   -3.701057e-02 -3.059017e-02 1.550000e-01
      vertex   -3.715926e-02 -3.008819e-02 1.100000e-01
    endloop
  endfacet
  facet normal -9.914432e-01 -1.305260e-01 1.819987e-03
    outer loop
      vertex   -3.715926e-02 -3.008819e-02 1.100000e-01
      vertex   -3.701057e-02 -3.059017e-02 1.550000e-01
      vertex   -3.750000e-02 -2.750000e-02 1.100000e-01
    endloop
  endfacet
  facet normal -9.828976e-01 -1.841427e-01 -1.954845e-03
    outer loop
      vertex   -3.750000e-02 -2.750000e-02 1.100000e-01
      vertex   -3.701057e-02 -3.059017e-02 1.550000e-01
      vertex   -3.735441e-02 -2.919756e-02 1.967043e-01
    endloop
  endfacet
  facet normal -9.963424e-01 -8.545052e-02 0.000000e+00
    outer loop
      vertex   -3.750000e-02 -2.750000e-02 1.100000e-01
      vertex   -3.735441e-02 -2.919756e-02 1.967043e-01
      vertex   -3.750000e-02 -2.750000e-02 2.000000e-01
    endloop
  endfacet
  facet normal -5.258141e-01 -8.505990e-01 9.078641e-04
    outer loop
      vertex   -3.187543e-02 -3.649197e-02 1.802463e-01
      vertex   -3.361170e-02 -3.541533e-02 1.833721e-01
      vertex   -3.337785e-02 -3.559017e-02 1.550000e-01
    endloop
  endfacet
  facet normal -6.870585e-01 -7.266011e-01 -1.185305e-03
    outer loop
      vertex   -3.337785e-02 -3.559017e-02 1.550000e-01
      vertex   -3.361170e-02 -3.541533e-02 1.833721e-01
      vertex   -3.503342e-02 -3.407629e-02 1.866243e-01
    endloop
  endfacet
  facet normal -7.071032e-01 -7.071032e-01 -3.168049e-03
    outer loop
      vertex   -3.337785e-02 -3.559017e-02 1.550000e-01
      vertex   -3.503342e-02 -3.407629e-02 1.866243e-01
      vertex   -3.559017e-02 -3.337785e-02 1.550000e-01
    endloop
  endfacet
  facet normal -8.105356e-01 -5.856878e-01 1.334405e-03
    outer loop
      vertex   -3.559017e-02 -3.337785e-02 1.550000e-01
      vertex   -3.503342e-02 -3.407629e-02 1.866243e-01
      vertex   -3.613148e-02 -3.254907e-02 1.899632e-01
    endloop
  endfacet
  facet normal -8.910024e-01 -4.539884e-01 -3.033276e-03
    outer loop
      vertex   -3.559017e-02 -3.337785e-02 1.550000e-01
      vertex   -3.613148e-02 -3.254907e-02 1.899632e-01
      vertex   -3.701057e-02 -3.059017e-02 1.550000e-01
    endloop
  endfacet
  facet normal -9.061972e-01 -4.228543e-01 -9.068712e-04
    outer loop
      vertex   -3.701057e-02 -3.059017e-02 1.550000e-01
      vertex   -3.613148e-02 -3.254907e-02 1.899632e-01
      vertex   -3.690389e-02 -3.090100e-02 1.933402e-01
    endloop
  endfacet
  facet normal -9.664633e-01 -2.568042e-01 6.070006e-04
    outer loop
      vertex   -3.701057e-02 -3.059017e-02 1.550000e-01
      vertex   -3.690389e-02 -3.090100e-02 1.933402e-01
      vertex   -3.735441e-02 -2.919756e-02 1.967043e-01
    endloop
  endfacet
  facet normal -3.826831e-01 -9.238788e-01 -1.216104e-03
    outer loop
      vertex   -3.250000e-02 -3.616025e-02 1.100000e-01
      vertex   -3.008819e-02 -3.715926e-02 1.100000e-01
      vertex   -3.059017e-02 -3.701057e-02 1.550000e-01
    endloop
  endfacet
  facet normal -1.588735e-15 1.000000e+00 -1.075716e-16
    outer loop
      vertex   2.750000e-02 3.750000e-02 1.745049e-01
      vertex   2.750000e-02 3.750000e-02 1.100000e-01
      vertex   2.339079e-02 3.750000e-02 1.706892e-01
    endloop
  endfacet
  facet normal 0.000000e+00 1.000000e+00 0.000000e+00
    outer loop
      vertex   2.339079e-02 3.750000e-02 1.706892e-01
      vertex   2.750000e-02 3.750000e-02 1.100000e-01
      vertex   1.875855e-02 3.750000e-02 1.675290e-01
    endloop
  endfacet
  facet normal 0.000000e+00 1.000000e+00 0.000000e+00
    outer loop
      vertex   1.875855e-02 3.750000e-02 1.675290e-01
      vertex   2.750000e-02 3.750000e-02 1.100000e-01
      vertex   1.370686e-02 3.750000e-02 1.650948e-01
    endloop
  endfacet
  facet normal 0.000000e+00 1.000000e+00 0.000000e+00
    outer loop
      vertex   1.370686e-02 3.750000e-02 1.650948e-01
      vertex   2.750000e-02 3.750000e-02 1.100000e-01
      vertex   8.348662e-03 3.750000e-02 1.634411e-01
    endloop
  endfacet
  facet normal 0.000000e+00 1.000000e+00 0.000000e+00
    outer loop
      vertex   8.348662e-03 3.750000e-02 1.634411e-01
      vertex   2.750000e-02 3.750000e-02 1.100000e-01
      vertex   2.803786e-03 3.750000e-02 1.626050e-01
    endloop
  endfacet
  facet normal -3.784851e-16 1.000000e+00 -1.776857e-16
    outer loop
      vertex   2.803786e-03 3.750000e-02 1.626050e-01
      vertex   2.750000e-02 3.750000e-02 1.100000e-01
      vertex   -2.750000e-02 3.750000e-02 1.100000e-01
    endloop
  endfacet
  facet normal 0.000000e+00 1.000000e+00 -3.957171e-16
    outer loop
      vertex   2.803786e-03 3.750000e-02 1.626050e-01
      vertex   -2.750000e-02 3.750000e-02 1.100000e-01
      vertex   -2.803786e-03 3.750000e-02 1.626050e-01
    endloop
  endfacet
  facet normal -5.572973e-17 1.000000e+00 -3.695539e-16
    outer loop
      vertex   -2.803786e-03 3.750000e-02 1.626050e-01
      vertex   -2.750000e-02 3.750000e-02 1.100000e-01
      vertex   -8.348662e-03 3.750000e-02 1.634411e-01
    endloop
  endfacet
  facet normal -1.082450e-16 1.000000e+00 -3.507343e-16
    outer loop
      vertex   -8.348662e-03 3.750000e-02 1.634411e-01
      vertex   -2.750000e-02 3.750000e-02 1.100000e-01
      vertex   -1.370686e-02 3.750000e-02 1.650948e-01
    endloop
  endfacet
  facet normal -1.624619e-16 1.000000e+00 -3.371610e-16
    outer loop
      vertex   -1.370686e-02 3.750000e-02 1.650948e-01
      vertex   -2.750000e-02 3.750000e-02 1.100000e-01
      vertex   -1.875855e-02 3.750000e-02 1.675290e-01
    endloop
  endfacet
  facet normal -2.236755e-16 1.000000e+00 -3.278597e-16
    outer loop
      vertex   -1.875855e-02 3.750000e-02 1.675290e-01
      vertex   -2.750000e-02 3.750000e-02 1.100000e-01
      vertex   -2.339079e-02 3.750000e-02 1.706892e-01
    endloop
  endfacet
  facet normal -1.888396e-15 1.000000e+00 -2.151431e-16
    outer loop
      vertex   -2.339079e-02 3.750000e-02 1.706892e-01
      vertex   -2.750000e-02 3.750000e-02 1.100000e-01
      vertex   -2.750000e-02 3.750000e-02 1.745049e-01
    endloop
  endfacet
  facet normal -1.000000e+00 -1.261617e-16 -7.709882e-17
    outer loop
      vertex   -3.750000e-02 2.750000e-02 1.100000e-01
      vertex   -3.750000e-02 -2.750000e-02 1.100000e-01
      vertex   -3.750000e-02 2.750000e-02 2.000000e-01
    endloop
  endfacet
  facet normal -1.000000e+00 -2.523234e-16 0.000000e+00
    outer loop
      vertex   -3.750000e-02 2.750000e-02 2.000000e-01
      vertex   -3.750000e-02 -2.750000e-02 1.100000e-01
      vertex   -3.750000e-02 -2.750000e-02 2.000000e-01
    endloop
  endfacet
  facet normal -9.781476e-01 -1.607510e-16 -2.079117e-01
    outer loop
      vertex   4.567727e-03 -4.750000e-02 2.020337e-01
      vertex   4.567727e-03 -1.583333e-02 2.020337e-01
      vertex   5.000000e-03 -4.750000e-02 2.000000e-01
    endloop
  endfacet
  facet normal -9.781476e-01 0.000000e+00 -2.079117e-01
    outer loop
      vertex   5.000000e-03 -4.750000e-02 2.000000e-01
      vertex   4.567727e-03 -1.583333e-02 2.020337e-01
      vertex   5.000000e-03 -1.583333e-02 2.000000e-01
    endloop
  endfacet
  facet normal -9.781476e-01 0.000000e+00 2.079117e-01
    outer loop
      vertex   5.000000e-03 -4.750000e-02 2.000000e-01
      vertex   5.000000e-03 -1.583333e-02 2.000000e-01
      vertex   4.567727e-03 -4.750000e-02 1.979663e-01
    endloop
  endfacet
  facet normal -9.781476e-01 -1.607510e-16 2.079117e-01
    outer loop
      vertex   4.567727e-03 -4.750000e-02 1.979663e-01
      vertex   5.000000e-03 -1.583333e-02 2.000000e-01
      vertex   4.567727e-03 -1.583333e-02 1.979663e-01
    endloop
  endfacet
  facet normal -8.090170e-01 -1.329557e-16 5.877853e-01
    outer loop
      vertex   4.567727e-03 -4.750000e-02 1.979663e-01
      vertex   4.567727e-03 -1.583333e-02 1.979663e-01
      vertex   3.345653e-03 -4.750000e-02 1.962843e-01
    endloop
  endfacet
  facet normal -8.090170e-01 -4.431855e-17 5.877853e-01
    outer loop
      vertex   3.345653e-03 -4.750000e-02 1.962843e-01
      vertex   4.567727e-03 -1.583333e-02 1.979663e-01
      vertex   3.345653e-03 -1.583333e-02 1.962843e-01
    endloop
  endfacet
  facet normal -5.000000e-01 -2.739037e-17 8.660254e-01
    outer loop
      vertex   3.345653e-03 -4.750000e-02 1.962843e-01
      vertex   3.345653e-03 -1.583333e-02 1.962843e-01
      vertex   1.545085e-03 -4.750000e-02 1.952447e-01
    endloop
  endfacet
  facet normal -5.000000e-01 -3.081417e-17 8.660254e-01
    outer loop
      vertex   1.545085e-03 -4.750000e-02 1.952447e-01
      vertex   3.345653e-03 -1.583333e-02 1.962843e-01
      vertex   1.545085e-03 -1.583333e-02 1.952447e-01
    endloop
  endfacet
  facet normal -1.045285e-01 -6.441915e-18 9.945219e-01
    outer loop
      vertex   1.545085e-03 -4.750000e-02 1.952447e-01
      vertex   1.545085e-03 -1.583333e-02 1.952447e-01
      vertex   -5.226423e-04 -4.750000e-02 1.950274e-01
    endloop
  endfacet
  facet normal -1.045285e-01 -3.936726e-18 9.945219e-01
    outer loop
      vertex   -5.226423e-04 -4.750000e-02 1.950274e-01
      vertex   1.545085e-03 -1.583333e-02 1.952447e-01
      vertex   -5.226423e-04 -1.583333e-02 1.950274e-01
    endloop
  endfacet
  facet normal 3.090170e-01 1.163812e-17 9.510565e-01
    outer loop
      vertex   -5.226423e-04 -4.750000e-02 1.950274e-01
      vertex   -5.226423e-04 -1.583333e-02 1.950274e-01
      vertex   -2.500000e-03 -4.750000e-02 1.956699e-01
    endloop
  endfacet
  facet normal 3.090170e-01 -6.348068e-17 9.510565e-01
    outer loop
      vertex   -2.500000e-03 -4.750000e-02 1.956699e-01
      vertex   -5.226423e-04 -1.583333e-02 1.950274e-01
      vertex   -2.500000e-03 -1.583333e-02 1.956699e-01
    endloop
  endfacet
  facet normal 6.691306e-01 -1.374580e-16 7.431448e-01
    outer loop
      vertex   -2.500000e-03 -4.750000e-02 1.956699e-01
      vertex   -2.500000e-03 -1.583333e-02 1.956699e-01
      vertex   -4.045085e-03 -4.750000e-02 1.970611e-01
    endloop
  endfacet
  facet normal 6.691306e-01 1.466219e-16 7.431448e-01
    outer loop
      vertex   -4.045085e-03 -4.750000e-02 1.970611e-01
      vertex   -2.500000e-03 -1.583333e-02 1.956699e-01
      vertex   -4.045085e-03 -1.583333e-02 1.970611e-01
    endloop
  endfacet
  facet normal 9.135455e-01 2.001788e-16 4.067366e-01
    outer loop
      vertex   -4.045085e-03 -4.750000e-02 1.970611e-01
      vertex   -4.045085e-03 -1.583333e-02 1.970611e-01
      vertex   -4.890738e-03 -4.750000e-02 1.989604e-01
    endloop
  endfacet
  facet normal 9.135455e-01 -0.000000e+00 4.067366e-01
    outer loop
      vertex   -4.890738e-03 -4.750000e-02 1.989604e-01
      vertex   -4.045085e-03 -1.583333e-02 1.970611e-01
      vertex   -4.890738e-03 -1.583333e-02 1.989604e-01
    endloop
  endfacet
  facet normal 1.000000e+00 -0.000000e+00 4.171780e-16
    outer loop
      vertex   -4.890738e-03 -4.750000e-02 1.989604e-01
      vertex   -4.890738e-03 -1.583333e-02 1.989604e-01
      vertex   -4.890738e-03 -4.750000e-02 2.010396e-01
    endloop
  endfacet
  facet normal 1.000000e+00 -2.739037e-17 0.000000e+00
    outer loop
      vertex   -4.890738e-03 -4.750000e-02 2.010396e-01
      vertex   -4.890738e-03 -1.583333e-02 1.989604e-01
      vertex   -4.890738e-03 -1.583333e-02 2.010396e-01
    endloop
  endfacet
  facet normal 9.135455e-01 -2.502235e-17 -4.067366e-01
    outer loop
      vertex   -4.890738e-03 -4.750000e-02 2.010396e-01
      vertex   -4.890738e-03 -1.583333e-02 2.010396e-01
      vertex   -4.045085e-03 -4.750000e-02 2.029389e-01
    endloop
  endfacet
  facet normal 9.135455e-01 2.001788e-16 -4.067366e-01
    outer loop
      vertex   -4.045085e-03 -4.750000e-02 2.029389e-01
      vertex   -4.890738e-03 -1.583333e-02 2.010396e-01
      vertex   -4.045085e-03 -1.583333e-02 2.029389e-01
    endloop
  endfacet
  facet normal 6.691306e-01 1.466219e-16 -7.431448e-01
    outer loop
      vertex   -4.045085e-03 -4.750000e-02 2.029389e-01
      vertex   -4.045085e-03 -1.583333e-02 2.029389e-01
      vertex   -2.500000e-03 -4.750000e-02 2.043301e-01
    endloop
  endfacet
  facet normal 6.691306e-01 -1.832774e-16 -7.431448e-01
    outer loop
      vertex   -2.500000e-03 -4.750000e-02 2.043301e-01
      vertex   -4.045085e-03 -1.583333e-02 2.029389e-01
      vertex   -2.500000e-03 -1.583333e-02 2.043301e-01
    endloop
  endfacet
  facet normal 3.090170e-01 -8.464090e-17 -9.510565e-01
    outer loop
      vertex   -2.500000e-03 -4.750000e-02 2.043301e-01
      vertex   -2.500000e-03 -1.583333e-02 2.043301e-01
      vertex   -5.226423e-04 -4.750000e-02 2.049726e-01
    endloop
  endfacet
  facet normal 3.090170e-01 -1.058011e-17 -9.510565e-01
    outer loop
      vertex   -5.226423e-04 -4.750000e-02 2.049726e-01
      vertex   -2.500000e-03 -1.583333e-02 2.043301e-01
      vertex   -5.226423e-04 -1.583333e-02 2.049726e-01
    endloop
  endfacet
  facet normal -1.045285e-01 3.578842e-18 -9.945219e-01
    outer loop
      vertex   -5.226423e-04 -4.750000e-02 2.049726e-01
      vertex   -5.226423e-04 -1.583333e-02 2.049726e-01
      vertex   1.545085e-03 -4.750000e-02 2.047553e-01
    endloop
  endfacet
  facet normal -1.045285e-01 -6.441915e-18 -9.945219e-01
    outer loop
      vertex   1.545085e-03 -4.750000e-02 2.047553e-01
      vertex   -5.226423e-04 -1.583333e-02 2.049726e-01
      vertex   1.545085e-03 -1.583333e-02 2.047553e-01
    endloop
  endfacet
  facet normal -5.000000e-01 -3.081417e-17 -8.660254e-01
    outer loop
      vertex   1.545085e-03 -4.750000e-02 2.047553e-01
      vertex   1.545085e-03 -1.583333e-02 2.047553e-01
      vertex   3.345653e-03 -4.750000e-02 2.037157e-01
    endloop
  endfacet
  facet normal -5.000000e-01 0.000000e+00 -8.660254e-01
    outer loop
      vertex   3.345653e-03 -4.750000e-02 2.037157e-01
      vertex   1.545085e-03 -1.583333e-02 2.047553e-01
      vertex   3.345653e-03 -1.583333e-02 2.037157e-01
    endloop
  endfacet
  facet normal -8.090170e-01 0.000000e+00 -5.877853e-01
    outer loop
      vertex   3.345653e-03 -4.750000e-02 2.037157e-01
      vertex   3.345653e-03 -1.583333e-02 2.037157e-01
      vertex   4.567727e-03 -4.750000e-02 2.020337e-01
    endloop
  endfacet
  facet normal -8.090170e-01 -1.329557e-16 -5.877853e-01
    outer loop
      vertex   4.567727e-03 -4.750000e-02 2.020337e-01
      vertex   3.345653e-03 -1.583333e-02 2.037157e-01
      vertex   4.567727e-03 -1.583333e-02 2.020337e-01
    endloop
  endfacet
  facet normal -9.781476e-01 1.607510e-16 2.079117e-01
    outer loop
      vertex   4.567727e-03 4.750000e-02 1.979663e-01
      vertex   4.567727e-03 1.583333e-02 1.979663e-01
      vertex   5.000000e-03 4.750000e-02 2.000000e-01
    endloop
  endfacet
  facet normal -9.781476e-01 0.000000e+00 2.079117e-01
    outer loop
      vertex   5.000000e-03 4.750000e-02 2.000000e-01
      vertex   4.567727e-03 1.583333e-02 1.979663e-01
      vertex   5.000000e-03 1.583333e-02 2.000000e-01
    endloop
  endfacet
  facet normal -9.781476e-01 -0.000000e+00 -2.079117e-01
    outer loop
      vertex   5.000000e-03 4.750000e-02 2.000000e-01
      vertex   5.000000e-03 1.583333e-02 2.000000e-01
      vertex   4.567727e-03 4.750000e-02 2.020337e-01
    endloop
  endfacet
  facet normal -9.781476e-01 1.607510e-16 -2.079117e-01
    outer loop
      vertex   4.567727e-03 4.750000e-02 2.020337e-01
      vertex   5.000000e-03 1.583333e-02 2.000000e-01
      vertex   4.567727e-03 1.583333e-02 2.020337e-01
    endloop
  endfacet
  facet normal -8.090170e-01 1.329557e-16 -5.877853e-01
    outer loop
      vertex   4.567727e-03 4.750000e-02 2.020337e-01
      vertex   4.567727e-03 1.583333e-02 2.020337e-01
      vertex   3.345653e-03 4.750000e-02 2.037157e-01
    endloop
  endfacet
  facet normal -8.090170e-01 4.431855e-17 -5.877853e-01
    outer loop
      vertex   3.345653e-03 4.750000e-02 2.037157e-01
      vertex   4.567727e-03 1.583333e-02 2.020337e-01
      vertex   3.345653e-03 1.583333e-02 2.037157e-01
    endloop
  endfacet
  facet normal -5.000000e-01 2.739037e-17 -8.660254e-01
    outer loop
      vertex   3.345653e-03 4.750000e-02 2.037157e-01
      vertex   3.345653e-03 1.583333e-02 2.037157e-01
      vertex   1.545085e-03 4.750000e-02 2.047553e-01
    endloop
  endfacet
  facet normal -5.000000e-01 3.081417e-17 -8.660254e-01
    outer loop
      vertex   1.545085e-03 4.750000e-02 2.047553e-01
      vertex   3.345653e-03 1.583333e-02 2.037157e-01
      vertex   1.545085e-03 1.583333e-02 2.047553e-01
    endloop
  endfacet
  facet normal -1.045285e-01 6.441915e-18 -9.945219e-01
    outer loop
      vertex   1.545085e-03 4.750000e-02 2.047553e-01
      vertex   1.545085e-03 1.583333e-02 2.047553e-01
      vertex   -5.226423e-04 4.750000e-02 2.049726e-01
    endloop
  endfacet
  facet normal -1.045285e-01 3.936726e-18 -9.945219e-01
    outer loop
      vertex   -5.226423e-04 4.750000e-02 2.049726e-01
      vertex   1.545085e-03 1.583333e-02 2.047553e-01
      vertex   -5.226423e-04 1.583333e-02 2.049726e-01
    endloop
  endfacet
  facet normal 3.090170e-01 -1.163812e-17 -9.510565e-01
    outer loop
      vertex   -5.226423e-04 4.750000e-02 2.049726e-01
      vertex   -5.226423e-04 1.583333e-02 2.049726e-01
      vertex   -2.500000e-03 4.750000e-02 2.043301e-01
    endloop
  endfacet
  facet normal 3.090170e-01 7.194477e-17 -9.510565e-01
    outer loop
      vertex   -2.500000e-03 4.750000e-02 2.043301e-01
      vertex   -5.226423e-04 1.583333e-02 2.049726e-01
      vertex   -2.500000e-03 1.583333e-02 2.043301e-01
    endloop
  endfacet
  facet normal 6.691306e-01 1.557858e-16 -7.431448e-01
    outer loop
      vertex   -2.500000e-03 4.750000e-02 2.043301e-01
      vertex   -2.500000e-03 1.583333e-02 2.043301e-01
      vertex   -4.045085e-03 4.750000e-02 2.029389e-01
    endloop
  endfacet
  facet normal 6.691306e-01 -1.466219e-16 -7.431448e-01
    outer loop
      vertex   -4.045085e-03 4.750000e-02 2.029389e-01
      vertex   -2.500000e-03 1.583333e-02 2.043301e-01
      vertex   -4.045085e-03 1.583333e-02 2.029389e-01
    endloop
  endfacet
  facet normal 9.135455e-01 -2.001788e-16 -4.067366e-01
    outer loop
      vertex   -4.045085e-03 4.750000e-02 2.029389e-01
      vertex   -4.045085e-03 1.583333e-02 2.029389e-01
      vertex   -4.890738e-03 4.750000e-02 2.010396e-01
    endloop
  endfacet
  facet normal 9.135455e-01 0.000000e+00 -4.067366e-01
    outer loop
      vertex   -4.890738e-03 4.750000e-02 2.010396e-01
      vertex   -4.045085e-03 1.583333e-02 2.029389e-01
      vertex   -4.890738e-03 1.583333e-02 2.010396e-01
    endloop
  endfacet
  facet normal 1.000000e+00 0.000000e+00 -4.171780e-16
    outer loop
      vertex   -4.890738e-03 4.750000e-02 2.010396e-01
      vertex   -4.890738e-03 1.583333e-02 2.010396e-01
      vertex   -4.890738e-03 4.750000e-02 1.989604e-01
    endloop
  endfacet
  facet normal 1.000000e+00 2.739037e-17 0.000000e+00
    outer loop
      vertex   -4.890738e-03 4.750000e-02 1.989604e-01
      vertex   -4.890738e-03 1.583333e-02 2.010396e-01
      vertex   -4.890738e-03 1.583333e-02 1.989604e-01
    endloop
  endfacet
  facet normal 9.135455e-01 2.502235e-17 4.067366e-01
    outer loop
      vertex   -4.890738e-03 4.750000e-02 1.989604e-01
      vertex   -4.890738e-03 1.583333e-02 1.989604e-01
      vertex   -4.045085e-03 4.750000e-02 1.970611e-01
    endloop
  endfacet
  facet normal 9.135455e-01 -2.001788e-16 4.067366e-01
    outer loop
      vertex   -4.045085e-03 4.750000e-02 1.970611e-01
      vertex   -4.890738e-03 1.583333e-02 1.989604e-01
      vertex   -4.045085e-03 1.583333e-02 1.970611e-01
    endloop
  endfacet
  facet normal 6.691306e-01 -1.466219e-16 7.431448e-01
    outer loop
      vertex   -4.045085e-03 4.750000e-02 1.970611e-01
      vertex   -4.045085e-03 1.583333e-02 1.970611e-01
      vertex   -2.500000e-03 4.750000e-02 1.956699e-01
    endloop
  endfacet
  facet normal 6.691306e-01 1.649496e-16 7.431448e-01
    outer loop
      vertex   -2.500000e-03 4.750000e-02 1.956699e-01
      vertex   -4.045085e-03 1.583333e-02 1.970611e-01
      vertex   -2.500000e-03 1.583333e-02 1.956699e-01
    endloop
  endfacet
  facet normal 3.090170e-01 7.617681e-17 9.510565e-01
    outer loop
      vertex   -2.500000e-03 4.750000e-02 1.956699e-01
      vertex   -2.500000e-03 1.583333e-02 1.956699e-01
      vertex   -5.226423e-04 4.750000e-02 1.950274e-01
    endloop
  endfacet
  facet normal 3.090170e-01 1.058011e-17 9.510565e-01
    outer loop
      vertex   -5.226423e-04 4.750000e-02 1.950274e-01
      vertex   -2.500000e-03 1.583333e-02 1.956699e-01
      vertex   -5.226423e-04 1.583333e-02 1.950274e-01
    endloop
  endfacet
  facet normal -1.045285e-01 -3.578842e-18 9.945219e-01
    outer loop
      vertex   -5.226423e-04 4.750000e-02 1.950274e-01
      vertex   -5.226423e-04 1.583333e-02 1.950274e-01
      vertex   1.545085e-03 4.750000e-02 1.952447e-01
    endloop
  endfacet
  facet normal -1.045285e-01 6.441915e-18 9.945219e-01
    outer loop
      vertex   1.545085e-03 4.750000e-02 1.952447e-01
      vertex   -5.226423e-04 1.583333e-02 1.950274e-01
      vertex   1.545085e-03 1.583333e-02 1.952447e-01
    endloop
  endfacet
  facet normal -5.000000e-01 3.081417e-17 8.660254e-01
    outer loop
      vertex   1.545085e-03 4.750000e-02 1.952447e-01
      vertex   1.545085e-03 1.583333e-02 1.952447e-01
      vertex   3.345653e-03 4.750000e-02 1.962843e-01
    endloop
  endfacet
  facet normal -5.000000e-01 0.000000e+00 8.660254e-01
    outer loop
      vertex   3.345653e-03 4.750000e-02 1.962843e-01
      vertex   1.545085e-03 1.583333e-02 1.952447e-01
      vertex   3.345653e-03 1.583333e-02 1.962843e-01
    endloop
  endfacet
  facet normal -8.090170e-01 0.000000e+00 5.877853e-01
    outer loop
      vertex   3.345653e-03 4.750000e-02 1.962843e-01
      vertex   3.345653e-03 1.583333e-02 1.962843e-01
      vertex   4.567727e-03 4.750000e-02 1.979663e-01
    endloop
  endfacet
  facet normal -8.090170e-01 1.329557e-16 5.877853e-01
    outer loop
      vertex   4.567727e-03 4.750000e-02 1.979663e-01
      vertex   3.345653e-03 1.583333e-02 1.962843e-01
      vertex   4.567727e-03 1.583333e-02 1.979663e-01
    endloop
  endfacet
  facet normal -9.781476e-01 0.000000e+00 2.079117e-01
    outer loop
      vertex   5.000000e-03 -1.583333e-02 2.000000e-01
      vertex   5.000000e-03 1.583333e-02 2.000000e-01
      vertex   4.567727e-03 -1.583333e-02 1.979663e-01
    endloop
  endfacet
  facet normal -9.781476e-01 0.000000e+00 2.079117e-01
    outer loop
      vertex   4.567727e-03 -1.583333e-02 1.979663e-01
      vertex   5.000000e-03 1.583333e-02 2.000000e-01
      vertex   4.567727e-03 1.583333e-02 1.979663e-01
    endloop
  endfacet
  facet normal -8.090170e-01 0.000000e+00 5.877853e-01
    outer loop
      vertex   4.567727e-03 -1.583333e-02 1.979663e-01
      vertex   4.567727e-03 1.583333e-02 1.979663e-01
      vertex   3.345653e-03 -1.583333e-02 1.962843e-01
    endloop
  endfacet
  facet normal -8.090170e-01 0.000000e+00 5.877853e-01
    outer loop
      vertex   3.345653e-03 -1.583333e-02 1.962843e-01
      vertex   4.567727e-03 1.583333e-02 1.979663e-01
      vertex   3.345653e-03 1.583333e-02 1.962843e-01
    endloop
  endfacet
  facet normal -5.000000e-01 0.000000e+00 8.660254e-01
    outer loop
      vertex   3.345653e-03 -1.583333e-02 1.962843e-01
      vertex   3.345653e-03 1.583333e-02 1.962843e-01
      vertex   1.545085e-03 -1.583333e-02 1.952447e-01
    endloop
  endfacet
  facet normal -5.000000e-01 0.000000e+00 8.660254e-01
    outer loop
      vertex   1.545085e-03 -1.583333e-02 1.952447e-01
      vertex   3.345653e-03 1.583333e-02 1.962843e-01
      vertex   1.545085e-03 1.583333e-02 1.952447e-01
    endloop
  endfacet
  facet normal -1.045285e-01 0.000000e+00 9.945219e-01
    outer loop
      vertex   1.545085e-03 -1.583333e-02 1.952447e-01
      vertex   1.545085e-03 1.583333e-02 1.952447e-01
      vertex   -5.226423e-04 -1.583333e-02 1.950274e-01
    endloop
  endfacet
  facet normal -1.045285e-01 -3.578842e-18 9.945219e-01
    outer loop
      vertex   -5.226423e-04 -1.583333e-02 1.950274e-01
      vertex   1.545085e-03 1.583333e-02 1.952447e-01
      vertex   -5.226423e-04 1.583333e-02 1.950274e-01
    endloop
  endfacet
  facet normal 3.090170e-01 1.058011e-17 9.510565e-01
    outer loop
      vertex   -5.226423e-04 -1.583333e-02 1.950274e-01
      vertex   -5.226423e-04 1.583333e-02 1.950274e-01
      vertex   -2.500000e-03 -1.583333e-02 1.956699e-01
    endloop
  endfacet
  facet normal 3.090170e-01 8.464090e-18 9.510565e-01
    outer loop
      vertex   -2.500000e-03 -1.583333e-02 1.956699e-01
      vertex   -5.226423e-04 1.583333e-02 1.950274e-01
      vertex   -2.500000e-03 1.583333e-02 1.956699e-01
    endloop
  endfacet
  facet normal 6.691306e-01 1.832774e-17 7.431448e-01
    outer loop
      vertex   -2.500000e-03 -1.583333e-02 1.956699e-01
      vertex   -2.500000e-03 1.583333e-02 1.956699e-01
      vertex   -4.045085e-03 -1.583333e-02 1.970611e-01
    endloop
  endfacet
  facet normal 6.691306e-01 -0.000000e+00 7.431448e-01
    outer loop
      vertex   -4.045085e-03 -1.583333e-02 1.970611e-01
      vertex   -2.500000e-03 1.583333e-02 1.956699e-01
      vertex   -4.045085e-03 1.583333e-02 1.970611e-01
    endloop
  endfacet
  facet normal 9.135455e-01 -0.000000e+00 4.067366e-01
    outer loop
      vertex   -4.045085e-03 -1.583333e-02 1.970611e-01
      vertex   -4.045085e-03 1.583333e-02 1.970611e-01
      vertex   -4.890738e-03 -1.583333e-02 1.989604e-01
    endloop
  endfacet
  facet normal 9.135455e-01 -0.000000e+00 4.067366e-01
    outer loop
      vertex   -4.890738e-03 -1.583333e-02 1.989604e-01
      vertex   -4.045085e-03 1.583333e-02 1.970611e-01
      vertex   -4.890738e-03 1.583333e-02 1.989604e-01
    endloop
  endfacet
  facet normal 1.000000e+00 0.000000e+00 0.000000e+00
    outer loop
      vertex   -4.890738e-03 -1.583333e-02 1.989604e-01
      vertex   -4.890738e-03 1.583333e-02 1.989604e-01
      vertex   -4.890738e-03 -1.583333e-02 2.010396e-01
    endloop
  endfacet
  facet normal 1.000000e+00 -0.000000e+00 0.000000e+00
    outer loop
      vertex   -4.890738e-03 -1.583333e-02 2.010396e-01
      vertex   -4.890738e-03 1.583333e-02 1.989604e-01
      vertex   -4.890738e-03 1.583333e-02 2.010396e-01
    endloop
  endfacet
  facet normal 9.135455e-01 0.000000e+00 -4.067366e-01
    outer loop
      vertex   -4.890738e-03 -1.583333e-02 2.010396e-01
      vertex   -4.890738e-03 1.583333e-02 2.010396e-01
      vertex   -4.045085e-03 -1.583333e-02 2.029389e-01
    endloop
  endfacet
  facet normal 9.135455e-01 0.000000e+00 -4.067366e-01
    outer loop
      vertex   -4.045085e-03 -1.583333e-02 2.029389e-01
      vertex   -4.890738e-03 1.583333e-02 2.010396e-01
      vertex   -4.045085e-03 1.583333e-02 2.029389e-01
    endloop
  endfacet
  facet normal 6.691306e-01 0.000000e+00 -7.431448e-01
    outer loop
      vertex   -4.045085e-03 -1.583333e-02 2.029389e-01
      vertex   -4.045085e-03 1.583333e-02 2.029389e-01
      vertex   -2.500000e-03 -1.583333e-02 2.043301e-01
    endloop
  endfacet
  facet normal 6.691306e-01 -1.832774e-17 -7.431448e-01
    outer loop
      vertex   -2.500000e-03 -1.583333e-02 2.043301e-01
      vertex   -4.045085e-03 1.583333e-02 2.029389e-01
      vertex   -2.500000e-03 1.583333e-02 2.043301e-01
    endloop
  endfacet
  facet normal 3.090170e-01 -8.464090e-18 -9.510565e-01
    outer loop
      vertex   -2.500000e-03 -1.583333e-02 2.043301e-01
      vertex   -2.500000e-03 1.583333e-02 2.043301e-01
      vertex   -5.226423e-04 -1.583333e-02 2.049726e-01
    endloop
  endfacet
  facet normal 3.090170e-01 -1.058011e-17 -9.510565e-01
    outer loop
      vertex   -5.226423e-04 -1.583333e-02 2.049726e-01
      vertex   -2.500000e-03 1.583333e-02 2.043301e-01
      vertex   -5.226423e-04 1.583333e-02 2.049726e-01
    endloop
  endfacet
  facet normal -1.045285e-01 3.578842e-18 -9.945219e-01
    outer loop
      vertex   -5.226423e-04 -1.583333e-02 2.049726e-01
      vertex   -5.226423e-04 1.583333e-02 2.049726e-01
      vertex   1.545085e-03 -1.583333e-02 2.047553e-01
    endloop
  endfacet
  facet normal -1.045285e-01 0.000000e+00 -9.945219e-01
    outer loop
      vertex   1.545085e-03 -1.583333e-02 2.047553e-01
      vertex   -5.226423e-04 1.583333e-02 2.049726e-01
      vertex   1.545085e-03 1.583333e-02 2.047553e-01
    endloop
  endfacet
  facet normal -5.000000e-01 0.000000e+00 -8.660254e-01
    outer loop
      vertex   1.545085e-03 -1.583333e-02 2.047553e-01
      vertex   1.545085e-03 1.583333e-02 2.047553e-01
      vertex   3.345653e-03 -1.583333e-02 2.037157e-01
    endloop
  endfacet
  facet normal -5.000000e-01 0.000000e+00 -8.660254e-01
    outer loop
      vertex   3.345653e-03 -1.583333e-02 2.037157e-01
      vertex   1.545085e-03 1.583333e-02 2.047553e-01
      vertex   3.345653e-03 1.583333e-02 2.037157e-01
    endloop
  endfacet
  facet normal -8.090170e-01 0.000000e+00 -5.877853e-01
    outer loop
      vertex   3.345653e-03 -1.583333e-02 2.037157e-01
      vertex   3.345653e-03 1.583333e-02 2.037157e-01
      vertex   4.567727e-03 -1.583333e-02 2.020337e-01
    endloop
  endfacet
  facet normal -8.090170e-01 0.000000e+00 -5.877853e-01
    outer loop
      vertex   4.567727e-03 -1.583333e-02 2.020337e-01
      vertex   3.345653e-03 1.583333e-02 2.037157e-01
      vertex   4.567727e-03 1.583333e-02 2.020337e-01
    endloop
  endfacet
  facet normal -9.781476e-01 0.000000e+00 -2.079117e-01
    outer loop
      vertex   4.567727e-03 -1.583333e-02 2.020337e-01
      vertex   4.567727e-03 1.583333e-02 2.020337e-01
      vertex   5.000000e-03 -1.583333e-02 2.000000e-01
    endloop
  endfacet
  facet normal -9.781476e-01 0.000000e+00 -2.079117e-01
    outer loop
      vertex   5.000000e-03 -1.583333e-02 2.000000e-01
      vertex   4.567727e-03 1.583333e-02 2.020337e-01
      vertex   5.000000e-03 1.583333e-02 2.000000e-01
    endloop
  endfacet
  facet normal 1.000000e+00 3.784851e-16 0.000000e+00
    outer loop
      vertex   3.750000e-02 2.750000e-02 2.000000e-01
      vertex   3.750000e-02 -2.750000e-02 2.000000e-01
      vertex   3.750000e-02 2.750000e-02 1.100000e-01
    endloop
  endfacet
  facet normal 1.000000e+00 3.784851e-16 0.000000e+00
    outer loop
      vertex   3.750000e-02 2.750000e-02 1.100000e-01
      vertex   3.750000e-02 -2.750000e-02 2.000000e-01
      vertex   3.750000e-02 -2.750000e-02 1.100000e-01
    endloop
  endfacet
  facet normal 1.688622e-15 -1.000000e+00 1.816477e-31
    outer loop
      vertex   2.750000e-02 -3.750000e-02 1.745049e-01
      vertex   2.339079e-02 -3.750000e-02 1.706892e-01
      vertex   2.750000e-02 -3.750000e-02 1.100000e-01
    endloop
  endfacet
  facet normal 7.455851e-17 -1.000000e+00 -1.092866e-16
    outer loop
      vertex   2.750000e-02 -3.750000e-02 1.100000e-01
      vertex   2.339079e-02 -3.750000e-02 1.706892e-01
      vertex   1.875855e-02 -3.750000e-02 1.675290e-01
    endloop
  endfacet
  facet normal 5.415398e-17 -1.000000e+00 -1.123870e-16
    outer loop
      vertex   2.750000e-02 -3.750000e-02 1.100000e-01
      vertex   1.875855e-02 -3.750000e-02 1.675290e-01
      vertex   1.370686e-02 -3.750000e-02 1.650948e-01
    endloop
  endfacet
  facet normal 3.608168e-17 -1.000000e+00 -1.169114e-16
    outer loop
      vertex   1.370686e-02 -3.750000e-02 1.650948e-01
      vertex   8.348662e-03 -3.750000e-02 1.634411e-01
      vertex   2.750000e-02 -3.750000e-02 1.100000e-01
    endloop
  endfacet
  facet normal 1.857658e-17 -1.000000e+00 -1.231846e-16
    outer loop
      vertex   2.750000e-02 -3.750000e-02 1.100000e-01
      vertex   8.348662e-03 -3.750000e-02 1.634411e-01
      vertex   2.803786e-03 -3.750000e-02 1.626050e-01
    endloop
  endfacet
  facet normal 0.000000e+00 -1.000000e+00 -1.319057e-16
    outer loop
      vertex   2.750000e-02 -3.750000e-02 1.100000e-01
      vertex   2.803786e-03 -3.750000e-02 1.626050e-01
      vertex   -2.803786e-03 -3.750000e-02 1.626050e-01
    endloop
  endfacet
  facet normal 1.261617e-16 -1.000000e+00 -5.922857e-17
    outer loop
      vertex   2.750000e-02 -3.750000e-02 1.100000e-01
      vertex   -2.803786e-03 -3.750000e-02 1.626050e-01
      vertex   -2.750000e-02 -3.750000e-02 1.100000e-01
    endloop
  endfacet
  facet normal 0.000000e+00 -1.000000e+00 0.000000e+00
    outer loop
      vertex   -2.750000e-02 -3.750000e-02 1.100000e-01
      vertex   -2.803786e-03 -3.750000e-02 1.626050e-01
      vertex   -8.348662e-03 -3.750000e-02 1.634411e-01
    endloop
  endfacet
  facet normal 0.000000e+00 -1.000000e+00 0.000000e+00
    outer loop
      vertex   -2.750000e-02 -3.750000e-02 1.100000e-01
      vertex   -8.348662e-03 -3.750000e-02 1.634411e-01
      vertex   -1.370686e-02 -3.750000e-02 1.650948e-01
    endloop
  endfacet
  facet normal -0.000000e+00 -1.000000e+00 0.000000e+00
    outer loop
      vertex   -1.370686e-02 -3.750000e-02 1.650948e-01
      vertex   -1.875855e-02 -3.750000e-02 1.675290e-01
      vertex   -2.750000e-02 -3.750000e-02 1.100000e-01
    endloop
  endfacet
  facet normal 0.000000e+00 -1.000000e+00 0.000000e+00
    outer loop
      vertex   -2.750000e-02 -3.750000e-02 1.100000e-01
      vertex   -1.875855e-02 -3.750000e-02 1.675290e-01
      vertex   -2.339079e-02 -3.750000e-02 1.706892e-01
    endloop
  endfacet
  facet normal 0.000000e+00 -1.000000e+00 0.000000e+00
    outer loop
      vertex   -2.750000e-02 -3.750000e-02 1.100000e-01
      vertex   -2.339079e-02 -3.750000e-02 1.706892e-01
      vertex   -2.750000e-02 -3.750000e-02 1.745049e-01
    endloop
  endfacet
  facet normal -0.000000e+00 0.000000e+00 -1.000000e+00
    outer loop
      vertex   -1.452875e-02 -3.730348e-03 0.000000e+00
      vertex   -6.643556e-02 -1.194009e-02 0.000000e+00
      vertex   -1.500000e-02 0.000000e+00 0.000000e+00
    endloop
  endfacet
  facet normal 0.000000e+00 0.000000e+00 -1.000000e+00
    outer loop
      vertex   -1.500000e-02 0.000000e+00 0.000000e+00
      vertex   -6.643556e-02 -1.194009e-02 0.000000e+00
      vertex   -6.738145e-02 -3.998742e-03 0.000000e+00
    endloop
  endfacet
  facet normal -0.000000e+00 0.000000e+00 -1.000000e+00
    outer loop
      vertex   -1.500000e-02 0.000000e+00 0.000000e+00
      vertex   -6.738145e-02 -3.998742e-03 0.000000e+00
      vertex   -6.738145e-02 3.998742e-03 0.000000e+00
    endloop
  endfacet
  facet normal -0.000000e+00 0.000000e+00 -1.000000e+00
    outer loop
      vertex   -1.314460e-02 -7.226305e-03 0.000000e+00
      vertex   -6.177233e-02 -2.721083e-02 0.000000e+00
      vertex   -1.452875e-02 -3.730348e-03 0.000000e+00
    endloop
  endfacet
  facet normal 0.000000e+00 0.000000e+00 -1.000000e+00
    outer loop
      vertex   -1.452875e-02 -3.730348e-03 0.000000e+00
      vertex   -6.177233e-02 -2.721083e-02 0.000000e+00
      vertex   -6.455707e-02 -1.971383e-02 0.000000e+00
    endloop
  endfacet
  facet normal 0.000000e+00 0.000000e+00 -1.000000e+00
    outer loop
      vertex   -1.452875e-02 -3.730348e-03 0.000000e+00
      vertex   -6.455707e-02 -1.971383e-02 0.000000e+00
      vertex   -6.643556e-02 -1.194009e-02 0.000000e+00
    endloop
  endfacet
  facet normal -0.000000e+00 0.000000e+00 -1.000000e+00
    outer loop
      vertex   -1.093453e-02 -1.026821e-02 0.000000e+00
      vertex   -5.365267e-02 -4.095901e-02 0.000000e+00
      vertex   -1.314460e-02 -7.226305e-03 0.000000e+00
    endloop
  endfacet
  facet normal 0.000000e+00 0.000000e+00 -1.000000e+00
    outer loop
      vertex   -1.314460e-02 -7.226305e-03 0.000000e+00
      vertex   -5.365267e-02 -4.095901e-02 0.000000e+00
      vertex   -5.812044e-02 -3.432585e-02 0.000000e+00
    endloop
  endfacet
  facet normal 0.000000e+00 0.000000e+00 -1.000000e+00
    outer loop
      vertex   -1.314460e-02 -7.226305e-03 0.000000e+00
      vertex   -5.812044e-02 -3.432585e-02 0.000000e+00
      vertex   -6.177233e-02 -2.721083e-02 0.000000e+00
    endloop
  endfacet
  facet normal -0.000000e+00 0.000000e+00 -1.000000e+00
    outer loop
      vertex   -8.037402e-03 -1.266492e-02 0.000000e+00
      vertex   -4.253093e-02 -5.241536e-02 0.000000e+00
      vertex   -1.093453e-02 -1.026821e-02 0.000000e+00
    endloop
  endfacet
  facet normal 0.000000e+00 0.000000e+00 -1.000000e+00
    outer loop
      vertex   -1.093453e-02 -1.026821e-02 0.000000e+00
      vertex   -4.253093e-02 -5.241536e-02 0.000000e+00
      vertex   -4.843174e-02 -4.701719e-02 0.000000e+00
    endloop
  endfacet
  facet normal 0.000000e+00 0.000000e+00 -1.000000e+00
    outer loop
      vertex   -1.093453e-02 -1.026821e-02 0.000000e+00
      vertex   -4.843174e-02 -4.701719e-02 0.000000e+00
      vertex   -5.365267e-02 -4.095901e-02 0.000000e+00
    endloop
  endfacet
  facet normal -0.000000e+00 0.000000e+00 -1.000000e+00
    outer loop
      vertex   -4.635255e-03 -1.426585e-02 0.000000e+00
      vertex   -2.902940e-02 -6.093885e-02 0.000000e+00
      vertex   -8.037402e-03 -1.266492e-02 0.000000e+00
    endloop
  endfacet
  facet normal 0.000000e+00 0.000000e+00 -1.000000e+00
    outer loop
      vertex   -8.037402e-03 -1.266492e-02 0.000000e+00
      vertex   -2.902940e-02 -6.093885e-02 0.000000e+00
      vertex   -3.603308e-02 -5.707773e-02 0.000000e+00
    endloop
  endfacet
  facet normal 0.000000e+00 0.000000e+00 -1.000000e+00
    outer loop
      vertex   -8.037402e-03 -1.266492e-02 0.000000e+00
      vertex   -3.603308e-02 -5.707773e-02 0.000000e+00
      vertex   -4.253093e-02 -5.241536e-02 0.000000e+00
    endloop
  endfacet
  facet normal -0.000000e+00 0.000000e+00 -1.000000e+00
    outer loop
      vertex   -9.418578e-04 -1.497040e-02 0.000000e+00
      vertex   -1.390356e-02 -6.605256e-02 0.000000e+00
      vertex   -4.635255e-03 -1.426585e-02 0.000000e+00
    endloop
  endfacet
  facet normal 0.000000e+00 0.000000e+00 -1.000000e+00
    outer loop
      vertex   -4.635255e-03 -1.426585e-02 0.000000e+00
      vertex   -1.390356e-02 -6.605256e-02 0.000000e+00
      vertex   -2.161822e-02 -6.394453e-02 0.000000e+00
    endloop
  endfacet
  facet normal 0.000000e+00 0.000000e+00 -1.000000e+00
    outer loop
      vertex   -4.635255e-03 -1.426585e-02 0.000000e+00
      vertex   -2.161822e-02 -6.394453e-02 0.000000e+00
      vertex   -2.902940e-02 -6.093885e-02 0.000000e+00
    endloop
  endfacet
  facet normal 0.000000e+00 0.000000e+00 -1.000000e+00
    outer loop
      vertex   2.810720e-03 -1.473431e-02 0.000000e+00
      vertex   2.000250e-03 -6.747036e-02 0.000000e+00
      vertex   -9.418578e-04 -1.497040e-02 0.000000e+00
    endloop
  endfacet
  facet normal 0.000000e+00 -0.000000e+00 -1.000000e+00
    outer loop
      vertex   -9.418578e-04 -1.497040e-02 0.000000e+00
      vertex   2.000250e-03 -6.747036e-02 0.000000e+00
      vertex   -5.993723e-03 -6.723336e-02 0.000000e+00
    endloop
  endfacet
  facet normal 0.000000e+00 0.000000e+00 -1.000000e+00
    outer loop
      vertex   -9.418578e-04 -1.497040e-02 0.000000e+00
      vertex   -5.993723e-03 -6.723336e-02 0.000000e+00
      vertex   -1.390356e-02 -6.605256e-02 0.000000e+00
    endloop
  endfacet
  facet normal 0.000000e+00 -0.000000e+00 -1.000000e+00
    outer loop
      vertex   6.386689e-03 -1.357241e-02 0.000000e+00
      vertex   1.779213e-02 -6.511290e-02 0.000000e+00
      vertex   2.810720e-03 -1.473431e-02 0.000000e+00
    endloop
  endfacet
  facet normal 0.000000e+00 0.000000e+00 -1.000000e+00
    outer loop
      vertex   2.810720e-03 -1.473431e-02 0.000000e+00
      vertex   1.779213e-02 -6.511290e-02 0.000000e+00
      vertex   9.966143e-03 -6.676021e-02 0.000000e+00
    endloop
  endfacet
  facet normal 0.000000e+00 -0.000000e+00 -1.000000e+00
    outer loop
      vertex   2.810720e-03 -1.473431e-02 0.000000e+00
      vertex   9.966143e-03 -6.676021e-02 0.000000e+00
      vertex   2.000250e-03 -6.747036e-02 0.000000e+00
    endloop
  endfacet
  facet normal 0.000000e+00 -0.000000e+00 -1.000000e+00
    outer loop
      vertex   9.561360e-03 -1.155770e-02 0.000000e+00
      vertex   5.598488e-02 -3.770866e-02 0.000000e+00
      vertex   6.386689e-03 -1.357241e-02 0.000000e+00
    endloop
  endfacet
  facet normal 0.000000e+00 0.000000e+00 -1.000000e+00
    outer loop
      vertex   6.386689e-03 -1.357241e-02 0.000000e+00
      vertex   5.598488e-02 -3.770866e-02 0.000000e+00
      vertex   5.113201e-02 -4.406549e-02 0.000000e+00
    endloop
  endfacet
  facet normal 0.000000e+00 0.000000e+00 -1.000000e+00
    outer loop
      vertex   6.386689e-03 -1.357241e-02 0.000000e+00
      vertex   5.113201e-02 -4.406549e-02 0.000000e+00
      vertex   4.556135e-02 -4.980375e-02 0.000000e+00
    endloop
  endfacet
  facet normal 0.000000e+00 0.000000e+00 -1.000000e+00
    outer loop
      vertex   9.561360e-03 -1.155770e-02 0.000000e+00
      vertex   1.213525e-02 -8.816779e-03 0.000000e+00
      vertex   5.598488e-02 -3.770866e-02 0.000000e+00
    endloop
  endfacet
  facet normal 0.000000e+00 0.000000e+00 -1.000000e+00
    outer loop
      vertex   5.598488e-02 -3.770866e-02 0.000000e+00
      vertex   1.213525e-02 -8.816779e-03 0.000000e+00
      vertex   6.005185e-02 -3.082247e-02 0.000000e+00
    endloop
  endfacet
  facet normal 0.000000e+00 0.000000e+00 -1.000000e+00
    outer loop
      vertex   6.005185e-02 -3.082247e-02 0.000000e+00
      vertex   1.213525e-02 -8.816779e-03 0.000000e+00
      vertex   1.394665e-02 -5.521868e-03 0.000000e+00
    endloop
  endfacet
  facet normal 0.000000e+00 0.000000e+00 -1.000000e+00
    outer loop
      vertex   6.005185e-02 -3.082247e-02 0.000000e+00
      vertex   1.394665e-02 -5.521868e-03 0.000000e+00
      vertex   6.327583e-02 -2.350361e-02 0.000000e+00
    endloop
  endfacet
  facet normal 0.000000e+00 0.000000e+00 -1.000000e+00
    outer loop
      vertex   6.327583e-02 -2.350361e-02 0.000000e+00
      vertex   1.394665e-02 -5.521868e-03 0.000000e+00
      vertex   6.561155e-02 -1.585481e-02 0.000000e+00
    endloop
  endfacet
  facet normal 0.000000e+00 0.000000e+00 -1.000000e+00
    outer loop
      vertex   6.561155e-02 -1.585481e-02 0.000000e+00
      vertex   1.394665e-02 -5.521868e-03 0.000000e+00
      vertex   1.488172e-02 -1.879999e-03 0.000000e+00
    endloop
  endfacet
  facet normal 0.000000e+00 0.000000e+00 -1.000000e+00
    outer loop
      vertex   6.561155e-02 -1.585481e-02 0.000000e+00
      vertex   1.488172e-02 -1.879999e-03 0.000000e+00
      vertex   6.702622e-02 -7.983439e-03 0.000000e+00
    endloop
  endfacet
  facet normal 0.000000e+00 0.000000e+00 -1.000000e+00
    outer loop
      vertex   6.702622e-02 -7.983439e-03 0.000000e+00
      vertex   1.488172e-02 -1.879999e-03 0.000000e+00
      vertex   6.750000e-02 0.000000e+00 0.000000e+00
    endloop
  endfacet
  facet normal -0.000000e+00 0.000000e+00 -1.000000e+00
    outer loop
      vertex   6.750000e-02 0.000000e+00 0.000000e+00
      vertex   1.488172e-02 -1.879999e-03 0.000000e+00
      vertex   1.488172e-02 1.879999e-03 0.000000e+00
    endloop
  endfacet
  facet normal 0.000000e+00 0.000000e+00 -1.000000e+00
    outer loop
      vertex   6.750000e-02 0.000000e+00 0.000000e+00
      vertex   1.488172e-02 1.879999e-03 0.000000e+00
      vertex   6.702622e-02 7.983439e-03 0.000000e+00
    endloop
  endfacet
  facet normal -0.000000e+00 0.000000e+00 -1.000000e+00
    outer loop
      vertex   6.702622e-02 7.983439e-03 0.000000e+00
      vertex   1.488172e-02 1.879999e-03 0.000000e+00
      vertex   6.561155e-02 1.585481e-02 0.000000e+00
    endloop
  endfacet
  facet normal 0.000000e+00 0.000000e+00 -1.000000e+00
    outer loop
      vertex   6.561155e-02 1.585481e-02 0.000000e+00
      vertex   1.488172e-02 1.879999e-03 0.000000e+00
      vertex   1.394665e-02 5.521868e-03 0.000000e+00
    endloop
  endfacet
  facet normal -0.000000e+00 0.000000e+00 -1.000000e+00
    outer loop
      vertex   6.561155e-02 1.585481e-02 0.000000e+00
      vertex   1.394665e-02 5.521868e-03 0.000000e+00
      vertex   6.327583e-02 2.350361e-02 0.000000e+00
    endloop
  endfacet
  facet normal -0.000000e+00 0.000000e+00 -1.000000e+00
    outer loop
      vertex   6.327583e-02 2.350361e-02 0.000000e+00
      vertex   1.394665e-02 5.521868e-03 0.000000e+00
      vertex   6.005185e-02 3.082247e-02 0.000000e+00
    endloop
  endfacet
  facet normal 0.000000e+00 0.000000e+00 -1.000000e+00
    outer loop
      vertex   6.005185e-02 3.082247e-02 0.000000e+00
      vertex   1.394665e-02 5.521868e-03 0.000000e+00
      vertex   1.213525e-02 8.816779e-03 0.000000e+00
    endloop
  endfacet
  facet normal -0.000000e+00 0.000000e+00 -1.000000e+00
    outer loop
      vertex   6.005185e-02 3.082247e-02 0.000000e+00
      vertex   1.213525e-02 8.816779e-03 0.000000e+00
      vertex   5.598488e-02 3.770866e-02 0.000000e+00
    endloop
  endfacet
  facet normal -0.000000e+00 0.000000e+00 -1.000000e+00
    outer loop
      vertex   5.598488e-02 3.770866e-02 0.000000e+00
      vertex   1.213525e-02 8.816779e-03 0.000000e+00
      vertex   5.113201e-02 4.406549e-02 0.000000e+00
    endloop
  endfacet
  facet normal 0.000000e+00 0.000000e+00 -1.000000e+00
    outer loop
      vertex   5.113201e-02 4.406549e-02 0.000000e+00
      vertex   1.213525e-02 8.816779e-03 0.000000e+00
      vertex   9.561360e-03 1.155770e-02 0.000000e+00
    endloop
  endfacet
  facet normal -0.000000e+00 0.000000e+00 -1.000000e+00
    outer loop
      vertex   5.113201e-02 4.406549e-02 0.000000e+00
      vertex   9.561360e-03 1.155770e-02 0.000000e+00
      vertex   4.556135e-02 4.980375e-02 0.000000e+00
    endloop
  endfacet
  facet normal -0.000000e+00 0.000000e+00 -1.000000e+00
    outer loop
      vertex   4.556135e-02 4.980375e-02 0.000000e+00
      vertex   9.561360e-03 1.155770e-02 0.000000e+00
      vertex   3.935111e-02 5.484286e-02 0.000000e+00
    endloop
  endfacet
  facet normal 0.000000e+00 0.000000e+00 -1.000000e+00
    outer loop
      vertex   3.935111e-02 5.484286e-02 0.000000e+00
      vertex   9.561360e-03 1.155770e-02 0.000000e+00
      vertex   6.386689e-03 1.357241e-02 0.000000e+00
    endloop
  endfacet
  facet normal -0.000000e+00 0.000000e+00 -1.000000e+00
    outer loop
      vertex   3.935111e-02 5.484286e-02 0.000000e+00
      vertex   6.386689e-03 1.357241e-02 0.000000e+00
      vertex   3.258847e-02 5.911211e-02 0.000000e+00
    endloop
  endfacet
  facet normal -0.000000e+00 0.000000e+00 -1.000000e+00
    outer loop
      vertex   3.258847e-02 5.911211e-02 0.000000e+00
      vertex   6.386689e-03 1.357241e-02 0.000000e+00
      vertex   2.536836e-02 6.255155e-02 0.000000e+00
    endloop
  endfacet
  facet normal -0.000000e+00 0.000000e+00 -1.000000e+00
    outer loop
      vertex   2.536836e-02 6.255155e-02 0.000000e+00
      vertex   6.386689e-03 1.357241e-02 0.000000e+00
      vertex   1.779213e-02 6.511290e-02 0.000000e+00
    endloop
  endfacet
  facet normal 0.000000e+00 0.000000e+00 -1.000000e+00
    outer loop
      vertex   1.779213e-02 6.511290e-02 0.000000e+00
      vertex   6.386689e-03 1.357241e-02 0.000000e+00
      vertex   2.810720e-03 1.473431e-02 0.000000e+00
    endloop
  endfacet
  facet normal -0.000000e+00 0.000000e+00 -1.000000e+00
    outer loop
      vertex   1.779213e-02 6.511290e-02 0.000000e+00
      vertex   2.810720e-03 1.473431e-02 0.000000e+00
      vertex   9.966143e-03 6.676021e-02 0.000000e+00
    endloop
  endfacet
  facet normal -0.000000e+00 0.000000e+00 -1.000000e+00
    outer loop
      vertex   9.966143e-03 6.676021e-02 0.000000e+00
      vertex   2.810720e-03 1.473431e-02 0.000000e+00
      vertex   2.000250e-03 6.747036e-02 0.000000e+00
    endloop
  endfacet
  facet normal 0.000000e+00 -0.000000e+00 -1.000000e+00
    outer loop
      vertex   2.000250e-03 6.747036e-02 0.000000e+00
      vertex   2.810720e-03 1.473431e-02 0.000000e+00
      vertex   -9.418578e-04 1.497040e-02 0.000000e+00
    endloop
  endfacet
  facet normal 0.000000e+00 0.000000e+00 -1.000000e+00
    outer loop
      vertex   2.000250e-03 6.747036e-02 0.000000e+00
      vertex   -9.418578e-04 1.497040e-02 0.000000e+00
      vertex   -5.993723e-03 6.723336e-02 0.000000e+00
    endloop
  endfacet
  facet normal 0.000000e+00 -0.000000e+00 -1.000000e+00
    outer loop
      vertex   -5.993723e-03 6.723336e-02 0.000000e+00
      vertex   -9.418578e-04 1.497040e-02 0.000000e+00
      vertex   -1.390356e-02 6.605256e-02 0.000000e+00
    endloop
  endfacet
  facet normal 0.000000e+00 0.000000e+00 -1.000000e+00
    outer loop
      vertex   -1.390356e-02 6.605256e-02 0.000000e+00
      vertex   -9.418578e-04 1.497040e-02 0.000000e+00
      vertex   -4.635255e-03 1.426585e-02 0.000000e+00
    endloop
  endfacet
  facet normal 0.000000e+00 -0.000000e+00 -1.000000e+00
    outer loop
      vertex   -1.390356e-02 6.605256e-02 0.000000e+00
      vertex   -4.635255e-03 1.426585e-02 0.000000e+00
      vertex   -2.161822e-02 6.394453e-02 0.000000e+00
    endloop
  endfacet
  facet normal 0.000000e+00 -0.000000e+00 -1.000000e+00
    outer loop
      vertex   -2.161822e-02 6.394453e-02 0.000000e+00
      vertex   -4.635255e-03 1.426585e-02 0.000000e+00
      vertex   -2.902940e-02 6.093885e-02 0.000000e+00
    endloop
  endfacet
  facet normal 0.000000e+00 0.000000e+00 -1.000000e+00
    outer loop
      vertex   -2.902940e-02 6.093885e-02 0.000000e+00
      vertex   -4.635255e-03 1.426585e-02 0.000000e+00
      vertex   -8.037402e-03 1.266492e-02 0.000000e+00
    endloop
  endfacet
  facet normal 0.000000e+00 -0.000000e+00 -1.000000e+00
    outer loop
      vertex   -2.902940e-02 6.093885e-02 0.000000e+00
      vertex   -8.037402e-03 1.266492e-02 0.000000e+00
      vertex   -3.603308e-02 5.707773e-02 0.000000e+00
    endloop
  endfacet
  facet normal 0.000000e+00 -0.000000e+00 -1.000000e+00
    outer loop
      vertex   -3.603308e-02 5.707773e-02 0.000000e+00
      vertex   -8.037402e-03 1.266492e-02 0.000000e+00
      vertex   -4.253093e-02 5.241536e-02 0.000000e+00
    endloop
  endfacet
  facet normal 0.000000e+00 0.000000e+00 -1.000000e+00
    outer loop
      vertex   -4.253093e-02 5.241536e-02 0.000000e+00
      vertex   -8.037402e-03 1.266492e-02 0.000000e+00
      vertex   -1.093453e-02 1.026821e-02 0.000000e+00
    endloop
  endfacet
  facet normal 0.000000e+00 -0.000000e+00 -1.000000e+00
    outer loop
      vertex   -4.253093e-02 5.241536e-02 0.000000e+00
      vertex   -1.093453e-02 1.026821e-02 0.000000e+00
      vertex   -4.843174e-02 4.701719e-02 0.000000e+00
    endloop
  endfacet
  facet normal 0.000000e+00 -0.000000e+00 -1.000000e+00
    outer loop
      vertex   -4.843174e-02 4.701719e-02 0.000000e+00
      vertex   -1.093453e-02 1.026821e-02 0.000000e+00
      vertex   -5.365267e-02 4.095901e-02 0.000000e+00
    endloop
  endfacet
  facet normal 0.000000e+00 0.000000e+00 -1.000000e+00
    outer loop
      vertex   -5.365267e-02 4.095901e-02 0.000000e+00
      vertex   -1.093453e-02 1.026821e-02 0.000000e+00
      vertex   -1.314460e-02 7.226305e-03 0.000000e+00
    endloop
  endfacet
  facet normal 0.000000e+00 -0.000000e+00 -1.000000e+00
    outer loop
      vertex   -5.365267e-02 4.095901e-02 0.000000e+00
      vertex   -1.314460e-02 7.226305e-03 0.000000e+00
      vertex   -5.812044e-02 3.432585e-02 0.000000e+00
    endloop
  endfacet
  facet normal 0.000000e+00 -0.000000e+00 -1.000000e+00
    outer loop
      vertex   -5.812044e-02 3.432585e-02 0.000000e+00
      vertex   -1.314460e-02 7.226305e-03 0.000000e+00
      vertex   -6.177233e-02 2.721083e-02 0.000000e+00
    endloop
  endfacet
  facet normal 0.000000e+00 0.000000e+00 -1.000000e+00
    outer loop
      vertex   -6.177233e-02 2.721083e-02 0.000000e+00
      vertex   -1.314460e-02 7.226305e-03 0.000000e+00
      vertex   -1.452875e-02 3.730348e-03 0.000000e+00
    endloop
  endfacet
  facet normal 0.000000e+00 -0.000000e+00 -1.000000e+00
    outer loop
      vertex   -6.177233e-02 2.721083e-02 0.000000e+00
      vertex   -1.452875e-02 3.730348e-03 0.000000e+00
      vertex   -6.455707e-02 1.971383e-02 0.000000e+00
    endloop
  endfacet
  facet normal 0.000000e+00 -0.000000e+00 -1.000000e+00
    outer loop
      vertex   -6.455707e-02 1.971383e-02 0.000000e+00
      vertex   -1.452875e-02 3.730348e-03 0.000000e+00
      vertex   -6.643556e-02 1.194009e-02 0.000000e+00
    endloop
  endfacet
  facet normal 0.000000e+00 0.000000e+00 -1.000000e+00
    outer loop
      vertex   -6.643556e-02 1.194009e-02 0.000000e+00
      vertex   -1.452875e-02 3.730348e-03 0.000000e+00
      vertex   -1.500000e-02 0.000000e+00 0.000000e+00
    endloop
  endfacet
  facet normal 0.000000e+00 -0.000000e+00 -1.000000e+00
    outer loop
      vertex   -6.643556e-02 1.194009e-02 0.000000e+00
      vertex   -1.500000e-02 0.000000e+00 0.000000e+00
      vertex   -6.738145e-02 3.998742e-03 0.000000e+00
    endloop
  endfacet
  facet normal -0.000000e+00 0.000000e+00 -1.000000e+00
    outer loop
      vertex   4.556135e-02 -4.980375e-02 0.000000e+00
      vertex   3.935111e-02 -5.484286e-02 0.000000e+00
      vertex   6.386689e-03 -1.357241e-02 0.000000e+00
    endloop
  endfacet
  facet normal 0.000000e+00 0.000000e+00 -1.000000e+00
    outer loop
      vertex   6.386689e-03 -1.357241e-02 0.000000e+00
      vertex   3.935111e-02 -5.484286e-02 0.000000e+00
      vertex   3.258847e-02 -5.911211e-02 0.000000e+00
    endloop
  endfacet
  facet normal 0.000000e+00 0.000000e+00 -1.000000e+00
    outer loop
      vertex   6.386689e-03 -1.357241e-02 0.000000e+00
      vertex   3.258847e-02 -5.911211e-02 0.000000e+00
      vertex   2.536836e-02 -6.255155e-02 0.000000e+00
    endloop
  endfacet
  facet normal -0.000000e+00 0.000000e+00 -1.000000e+00
    outer loop
      vertex   2.536836e-02 -6.255155e-02 0.000000e+00
      vertex   1.779213e-02 -6.511290e-02 0.000000e+00
      vertex   6.386689e-03 -1.357241e-02 0.000000e+00
    endloop
  endfacet
endsolid
