solid ASCII
  facet normal -5.224430e-02 -1.562208e-01 9.863395e-01
    outer loop
      vertex   -1.150000e-01 -1.180902e-01 2.451057e-02
      vertex   -1.150000e-01 -1.150000e-01 2.500000e-02
      vertex   -1.170045e-01 -1.172198e-01 2.454224e-02
    endloop
  endfacet
  facet normal -1.561306e-01 -6.229521e-02 9.857700e-01
    outer loop
      vertex   -1.170045e-01 -1.172198e-01 2.454224e-02
      vertex   -1.150000e-01 -1.150000e-01 2.500000e-02
      vertex   -1.180902e-01 -1.150000e-01 2.451057e-02
    endloop
  endfacet
  facet normal -3.600575e-01 -1.629899e-01 9.185820e-01
    outer loop
      vertex   -1.170045e-01 -1.172198e-01 2.454224e-02
      vertex   -1.180902e-01 -1.150000e-01 2.451057e-02
      vertex   -1.195007e-01 -1.179169e-01 2.344013e-02
    endloop
  endfacet
  facet normal -4.513923e-01 -1.068326e-01 8.859073e-01
    outer loop
      vertex   -1.195007e-01 -1.179169e-01 2.344013e-02
      vertex   -1.180902e-01 -1.150000e-01 2.451057e-02
      vertex   -1.208779e-01 -1.150000e-01 2.309017e-02
    endloop
  endfacet
  facet normal -5.933291e-01 -1.861775e-01 7.831338e-01
    outer loop
      vertex   -1.195007e-01 -1.179169e-01 2.344013e-02
      vertex   -1.208779e-01 -1.150000e-01 2.309017e-02
      vertex   -1.217097e-01 -1.181561e-01 2.170965e-02
    endloop
  endfacet
  facet normal -7.018232e-01 -1.220178e-01 7.018232e-01
    outer loop
      vertex   -1.217097e-01 -1.181561e-01 2.170965e-02
      vertex   -1.208779e-01 -1.150000e-01 2.309017e-02
      vertex   -1.230902e-01 -1.150000e-01 2.087785e-02
    endloop
  endfacet
  facet normal -7.831338e-01 -1.861775e-01 5.933291e-01
    outer loop
      vertex   -1.217097e-01 -1.181561e-01 2.170965e-02
      vertex   -1.230902e-01 -1.150000e-01 2.087785e-02
      vertex   -1.234401e-01 -1.179169e-01 1.950067e-02
    endloop
  endfacet
  facet normal -8.859073e-01 -1.068326e-01 4.513923e-01
    outer loop
      vertex   -1.234401e-01 -1.179169e-01 1.950067e-02
      vertex   -1.230902e-01 -1.150000e-01 2.087785e-02
      vertex   -1.245106e-01 -1.150000e-01 1.809017e-02
    endloop
  endfacet
  facet normal -9.185820e-01 -1.629899e-01 3.600575e-01
    outer loop
      vertex   -1.234401e-01 -1.179169e-01 1.950067e-02
      vertex   -1.245106e-01 -1.150000e-01 1.809017e-02
      vertex   -1.245422e-01 -1.172198e-01 1.700449e-02
    endloop
  endfacet
  facet normal -9.857700e-01 -6.229521e-02 1.561306e-01
    outer loop
      vertex   -1.245422e-01 -1.172198e-01 1.700449e-02
      vertex   -1.245106e-01 -1.150000e-01 1.809017e-02
      vertex   -1.250000e-01 -1.150000e-01 1.500000e-02
    endloop
  endfacet
  facet normal -9.863395e-01 -1.562208e-01 5.224430e-02
    outer loop
      vertex   -1.245422e-01 -1.172198e-01 1.700449e-02
      vertex   -1.250000e-01 -1.150000e-01 1.500000e-02
      vertex   -1.245106e-01 -1.180902e-01 1.500000e-02
    endloop
  endfacet
  facet normal -9.206393e-01 -3.632200e-01 1.431588e-01
    outer loop
      vertex   -1.245422e-01 -1.172198e-01 1.700449e-02
      vertex   -1.245106e-01 -1.180902e-01 1.500000e-02
      vertex   -1.236583e-01 -1.199417e-01 1.578304e-02
    endloop
  endfacet
  facet normal -8.862519e-01 -4.515679e-01 -1.031697e-01
    outer loop
      vertex   -1.236583e-01 -1.199417e-01 1.578304e-02
      vertex   -1.245106e-01 -1.180902e-01 1.500000e-02
      vertex   -1.230902e-01 -1.208779e-01 1.500000e-02
    endloop
  endfacet
  facet normal -7.726931e-01 -6.114789e-01 1.704084e-01
    outer loop
      vertex   -1.236583e-01 -1.199417e-01 1.578304e-02
      vertex   -1.230902e-01 -1.208779e-01 1.500000e-02
      vertex   -1.225069e-01 -1.206699e-01 1.839099e-02
    endloop
  endfacet
  facet normal -7.323951e-01 -6.602173e-01 1.664648e-01
    outer loop
      vertex   -1.225069e-01 -1.206699e-01 1.839099e-02
      vertex   -1.230902e-01 -1.208779e-01 1.500000e-02
      vertex   -1.208468e-01 -1.228740e-01 1.695301e-02
    endloop
  endfacet
  facet normal -5.950708e-01 -7.026673e-01 3.900634e-01
    outer loop
      vertex   -1.225069e-01 -1.206699e-01 1.839099e-02
      vertex   -1.208468e-01 -1.228740e-01 1.695301e-02
      vertex   -1.206989e-01 -1.209199e-01 2.069889e-02
    endloop
  endfacet
  facet normal -5.950708e-01 -7.026673e-01 3.900634e-01
    outer loop
      vertex   -1.206989e-01 -1.209199e-01 2.069889e-02
      vertex   -1.208468e-01 -1.228740e-01 1.695301e-02
      vertex   -1.191364e-01 -1.231105e-01 1.913638e-02
    endloop
  endfacet
  facet normal -3.900634e-01 -7.026673e-01 5.950708e-01
    outer loop
      vertex   -1.206989e-01 -1.209199e-01 2.069889e-02
      vertex   -1.191364e-01 -1.231105e-01 1.913638e-02
      vertex   -1.183910e-01 -1.206699e-01 2.250686e-02
    endloop
  endfacet
  facet normal -3.900634e-01 -7.026673e-01 5.950708e-01
    outer loop
      vertex   -1.183910e-01 -1.206699e-01 2.250686e-02
      vertex   -1.191364e-01 -1.231105e-01 1.913638e-02
      vertex   -1.169530e-01 -1.228740e-01 2.084680e-02
    endloop
  endfacet
  facet normal -1.664648e-01 -6.602173e-01 7.323951e-01
    outer loop
      vertex   -1.183910e-01 -1.206699e-01 2.250686e-02
      vertex   -1.169530e-01 -1.228740e-01 2.084680e-02
      vertex   -1.150000e-01 -1.208779e-01 2.309017e-02
    endloop
  endfacet
  facet normal -8.913427e-02 -7.042922e-01 7.042922e-01
    outer loop
      vertex   -1.150000e-01 -1.208779e-01 2.309017e-02
      vertex   -1.169530e-01 -1.228740e-01 2.084680e-02
      vertex   -1.150000e-01 -1.230902e-01 2.087785e-02
    endloop
  endfacet
  facet normal -1.037488e-01 -8.676990e-01 4.861425e-01
    outer loop
      vertex   -1.150000e-01 -1.230902e-01 2.087785e-02
      vertex   -1.169530e-01 -1.228740e-01 2.084680e-02
      vertex   -1.153259e-01 -1.243158e-01 1.862067e-02
    endloop
  endfacet
  facet normal 2.022818e-01 -8.725871e-01 4.446053e-01
    outer loop
      vertex   -1.150000e-01 -1.230902e-01 2.087785e-02
      vertex   -1.153259e-01 -1.243158e-01 1.862067e-02
      vertex   -1.150000e-01 -1.245106e-01 1.809017e-02
    endloop
  endfacet
  facet normal -1.153704e-01 -9.533137e-01 2.790748e-01
    outer loop
      vertex   -1.150000e-01 -1.245106e-01 1.809017e-02
      vertex   -1.153259e-01 -1.243158e-01 1.862067e-02
      vertex   -1.171734e-01 -1.245159e-01 1.717340e-02
    endloop
  endfacet
  facet normal -6.342676e-02 -9.856996e-01 1.561195e-01
    outer loop
      vertex   -1.150000e-01 -1.245106e-01 1.809017e-02
      vertex   -1.171734e-01 -1.245159e-01 1.717340e-02
      vertex   -1.150000e-01 -1.250000e-01 1.500000e-02
    endloop
  endfacet
  facet normal -1.561195e-01 -9.856996e-01 6.342676e-02
    outer loop
      vertex   -1.150000e-01 -1.250000e-01 1.500000e-02
      vertex   -1.171734e-01 -1.245159e-01 1.717340e-02
      vertex   -1.180902e-01 -1.245106e-01 1.500000e-02
    endloop
  endfacet
  facet normal -2.790748e-01 -9.533137e-01 1.153704e-01
    outer loop
      vertex   -1.180902e-01 -1.245106e-01 1.500000e-02
      vertex   -1.171734e-01 -1.245159e-01 1.717340e-02
      vertex   -1.186207e-01 -1.243158e-01 1.532594e-02
    endloop
  endfacet
  facet normal -4.446053e-01 -8.725871e-01 -2.022818e-01
    outer loop
      vertex   -1.180902e-01 -1.245106e-01 1.500000e-02
      vertex   -1.186207e-01 -1.243158e-01 1.532594e-02
      vertex   -1.208779e-01 -1.230902e-01 1.500000e-02
    endloop
  endfacet
  facet normal -4.861425e-01 -8.676990e-01 1.037488e-01
    outer loop
      vertex   -1.208779e-01 -1.230902e-01 1.500000e-02
      vertex   -1.186207e-01 -1.243158e-01 1.532594e-02
      vertex   -1.208468e-01 -1.228740e-01 1.695301e-02
    endloop
  endfacet
  facet normal -7.042922e-01 -7.042922e-01 8.913427e-02
    outer loop
      vertex   -1.208779e-01 -1.230902e-01 1.500000e-02
      vertex   -1.208468e-01 -1.228740e-01 1.695301e-02
      vertex   -1.230902e-01 -1.208779e-01 1.500000e-02
    endloop
  endfacet
  facet normal -1.704084e-01 -6.114789e-01 7.726931e-01
    outer loop
      vertex   -1.183910e-01 -1.206699e-01 2.250686e-02
      vertex   -1.150000e-01 -1.208779e-01 2.309017e-02
      vertex   -1.157830e-01 -1.199417e-01 2.365832e-02
    endloop
  endfacet
  facet normal 1.031697e-01 -4.515679e-01 8.862519e-01
    outer loop
      vertex   -1.157830e-01 -1.199417e-01 2.365832e-02
      vertex   -1.150000e-01 -1.208779e-01 2.309017e-02
      vertex   -1.150000e-01 -1.180902e-01 2.451057e-02
    endloop
  endfacet
  facet normal -1.431588e-01 -3.632200e-01 9.206393e-01
    outer loop
      vertex   -1.157830e-01 -1.199417e-01 2.365832e-02
      vertex   -1.150000e-01 -1.180902e-01 2.451057e-02
      vertex   -1.170045e-01 -1.172198e-01 2.454224e-02
    endloop
  endfacet
  facet normal -2.720701e-01 -4.054925e-01 8.726704e-01
    outer loop
      vertex   -1.183910e-01 -1.206699e-01 2.250686e-02
      vertex   -1.157830e-01 -1.199417e-01 2.365832e-02
      vertex   -1.170045e-01 -1.172198e-01 2.454224e-02
    endloop
  endfacet
  facet normal -5.182903e-01 -4.544882e-01 7.244416e-01
    outer loop
      vertex   -1.206989e-01 -1.209199e-01 2.069889e-02
      vertex   -1.183910e-01 -1.206699e-01 2.250686e-02
      vertex   -1.195007e-01 -1.179169e-01 2.344013e-02
    endloop
  endfacet
  facet normal -2.720701e-01 -4.054925e-01 8.726704e-01
    outer loop
      vertex   -1.195007e-01 -1.179169e-01 2.344013e-02
      vertex   -1.183910e-01 -1.206699e-01 2.250686e-02
      vertex   -1.170045e-01 -1.172198e-01 2.454224e-02
    endloop
  endfacet
  facet normal -2.244688e-01 -8.845714e-01 4.088363e-01
    outer loop
      vertex   -1.171734e-01 -1.245159e-01 1.717340e-02
      vertex   -1.153259e-01 -1.243158e-01 1.862067e-02
      vertex   -1.169530e-01 -1.228740e-01 2.084680e-02
    endloop
  endfacet
  facet normal -2.244688e-01 -8.845714e-01 4.088363e-01
    outer loop
      vertex   -1.171734e-01 -1.245159e-01 1.717340e-02
      vertex   -1.169530e-01 -1.228740e-01 2.084680e-02
      vertex   -1.191364e-01 -1.231105e-01 1.913638e-02
    endloop
  endfacet
  facet normal -7.244416e-01 -4.544882e-01 5.182903e-01
    outer loop
      vertex   -1.225069e-01 -1.206699e-01 1.839099e-02
      vertex   -1.206989e-01 -1.209199e-01 2.069889e-02
      vertex   -1.217097e-01 -1.181561e-01 2.170965e-02
    endloop
  endfacet
  facet normal -5.182903e-01 -4.544882e-01 7.244416e-01
    outer loop
      vertex   -1.217097e-01 -1.181561e-01 2.170965e-02
      vertex   -1.206989e-01 -1.209199e-01 2.069889e-02
      vertex   -1.195007e-01 -1.179169e-01 2.344013e-02
    endloop
  endfacet
  facet normal -4.088363e-01 -8.845714e-01 2.244688e-01
    outer loop
      vertex   -1.186207e-01 -1.243158e-01 1.532594e-02
      vertex   -1.171734e-01 -1.245159e-01 1.717340e-02
      vertex   -1.191364e-01 -1.231105e-01 1.913638e-02
    endloop
  endfacet
  facet normal -4.088363e-01 -8.845714e-01 2.244688e-01
    outer loop
      vertex   -1.186207e-01 -1.243158e-01 1.532594e-02
      vertex   -1.191364e-01 -1.231105e-01 1.913638e-02
      vertex   -1.208468e-01 -1.228740e-01 1.695301e-02
    endloop
  endfacet
  facet normal -8.726704e-01 -4.054925e-01 2.720701e-01
    outer loop
      vertex   -1.236583e-01 -1.199417e-01 1.578304e-02
      vertex   -1.225069e-01 -1.206699e-01 1.839099e-02
      vertex   -1.234401e-01 -1.179169e-01 1.950067e-02
    endloop
  endfacet
  facet normal -7.244416e-01 -4.544882e-01 5.182903e-01
    outer loop
      vertex   -1.234401e-01 -1.179169e-01 1.950067e-02
      vertex   -1.225069e-01 -1.206699e-01 1.839099e-02
      vertex   -1.217097e-01 -1.181561e-01 2.170965e-02
    endloop
  endfacet
  facet normal -8.726704e-01 -4.054925e-01 2.720701e-01
    outer loop
      vertex   -1.245422e-01 -1.172198e-01 1.700449e-02
      vertex   -1.236583e-01 -1.199417e-01 1.578304e-02
      vertex   -1.234401e-01 -1.179169e-01 1.950067e-02
    endloop
  endfacet
  facet normal -9.876883e-01 -1.564345e-01 -0.000000e+00
    outer loop
      vertex   -1.250000e-01 -1.150000e-01 1.500000e-02
      vertex   -1.250000e-01 -1.150000e-01 0.000000e+00
      vertex   -1.245106e-01 -1.180902e-01 1.500000e-02
    endloop
  endfacet
  facet normal -9.876883e-01 -1.564345e-01 -0.000000e+00
    outer loop
      vertex   -1.245106e-01 -1.180902e-01 1.500000e-02
      vertex   -1.250000e-01 -1.150000e-01 0.000000e+00
      vertex   -1.245106e-01 -1.180902e-01 0.000000e+00
    endloop
  endfacet
  facet normal -8.910065e-01 -4.539905e-01 -0.000000e+00
    outer loop
      vertex   -1.245106e-01 -1.180902e-01 1.500000e-02
      vertex   -1.245106e-01 -1.180902e-01 0.000000e+00
      vertex   -1.230902e-01 -1.208779e-01 1.500000e-02
    endloop
  endfacet
  facet normal -8.910065e-01 -4.539905e-01 -0.000000e+00
    outer loop
      vertex   -1.230902e-01 -1.208779e-01 1.500000e-02
      vertex   -1.245106e-01 -1.180902e-01 0.000000e+00
      vertex   -1.230902e-01 -1.208779e-01 0.000000e+00
    endloop
  endfacet
  facet normal -7.071068e-01 -7.071068e-01 -0.000000e+00
    outer loop
      vertex   -1.230902e-01 -1.208779e-01 1.500000e-02
      vertex   -1.230902e-01 -1.208779e-01 0.000000e+00
      vertex   -1.208779e-01 -1.230902e-01 1.500000e-02
    endloop
  endfacet
  facet normal -7.071068e-01 -7.071068e-01 -0.000000e+00
    outer loop
      vertex   -1.208779e-01 -1.230902e-01 1.500000e-02
      vertex   -1.230902e-01 -1.208779e-01 0.000000e+00
      vertex   -1.208779e-01 -1.230902e-01 0.000000e+00
    endloop
  endfacet
  facet normal -4.539905e-01 -8.910065e-01 -0.000000e+00
    outer loop
      vertex   -1.208779e-01 -1.230902e-01 1.500000e-02
      vertex   -1.208779e-01 -1.230902e-01 0.000000e+00
      vertex   -1.180902e-01 -1.245106e-01 1.500000e-02
    endloop
  endfacet
  facet normal -4.539905e-01 -8.910065e-01 -0.000000e+00
    outer loop
      vertex   -1.180902e-01 -1.245106e-01 1.500000e-02
      vertex   -1.208779e-01 -1.230902e-01 0.000000e+00
      vertex   -1.180902e-01 -1.245106e-01 0.000000e+00
    endloop
  endfacet
  facet normal -1.564345e-01 -9.876883e-01 -0.000000e+00
    outer loop
      vertex   -1.180902e-01 -1.245106e-01 1.500000e-02
      vertex   -1.180902e-01 -1.245106e-01 0.000000e+00
      vertex   -1.150000e-01 -1.250000e-01 1.500000e-02
    endloop
  endfacet
  facet normal -1.564345e-01 -9.876883e-01 -0.000000e+00
    outer loop
      vertex   -1.150000e-01 -1.250000e-01 1.500000e-02
      vertex   -1.180902e-01 -1.245106e-01 0.000000e+00
      vertex   -1.150000e-01 -1.250000e-01 0.000000e+00
    endloop
  endfacet
  facet normal 1.561306e-01 -6.229521e-02 9.857700e-01
    outer loop
      vertex   1.180902e-01 -1.150000e-01 2.451057e-02
      vertex   1.150000e-01 -1.150000e-01 2.500000e-02
      vertex   1.170045e-01 -1.172198e-01 2.454224e-02
    endloop
  endfacet
  facet normal 5.224430e-02 -1.562208e-01 9.863395e-01
    outer loop
      vertex   1.170045e-01 -1.172198e-01 2.454224e-02
      vertex   1.150000e-01 -1.150000e-01 2.500000e-02
      vertex   1.150000e-01 -1.180902e-01 2.451057e-02
    endloop
  endfacet
  facet normal 1.431588e-01 -3.632200e-01 9.206393e-01
    outer loop
      vertex   1.170045e-01 -1.172198e-01 2.454224e-02
      vertex   1.150000e-01 -1.180902e-01 2.451057e-02
      vertex   1.157830e-01 -1.199417e-01 2.365832e-02
    endloop
  endfacet
  facet normal -1.031697e-01 -4.515679e-01 8.862519e-01
    outer loop
      vertex   1.157830e-01 -1.199417e-01 2.365832e-02
      vertex   1.150000e-01 -1.180902e-01 2.451057e-02
      vertex   1.150000e-01 -1.208779e-01 2.309017e-02
    endloop
  endfacet
  facet normal 1.704084e-01 -6.114789e-01 7.726931e-01
    outer loop
      vertex   1.157830e-01 -1.199417e-01 2.365832e-02
      vertex   1.150000e-01 -1.208779e-01 2.309017e-02
      vertex   1.183910e-01 -1.206699e-01 2.250686e-02
    endloop
  endfacet
  facet normal 1.664648e-01 -6.602173e-01 7.323951e-01
    outer loop
      vertex   1.183910e-01 -1.206699e-01 2.250686e-02
      vertex   1.150000e-01 -1.208779e-01 2.309017e-02
      vertex   1.169530e-01 -1.228740e-01 2.084680e-02
    endloop
  endfacet
  facet normal 3.900634e-01 -7.026673e-01 5.950708e-01
    outer loop
      vertex   1.183910e-01 -1.206699e-01 2.250686e-02
      vertex   1.169530e-01 -1.228740e-01 2.084680e-02
      vertex   1.206989e-01 -1.209199e-01 2.069889e-02
    endloop
  endfacet
  facet normal 3.900634e-01 -7.026673e-01 5.950708e-01
    outer loop
      vertex   1.206989e-01 -1.209199e-01 2.069889e-02
      vertex   1.169530e-01 -1.228740e-01 2.084680e-02
      vertex   1.191364e-01 -1.231105e-01 1.913638e-02
    endloop
  endfacet
  facet normal 5.950708e-01 -7.026673e-01 3.900634e-01
    outer loop
      vertex   1.206989e-01 -1.209199e-01 2.069889e-02
      vertex   1.191364e-01 -1.231105e-01 1.913638e-02
      vertex   1.225069e-01 -1.206699e-01 1.839099e-02
    endloop
  endfacet
  facet normal 5.950708e-01 -7.026673e-01 3.900634e-01
    outer loop
      vertex   1.225069e-01 -1.206699e-01 1.839099e-02
      vertex   1.191364e-01 -1.231105e-01 1.913638e-02
      vertex   1.208468e-01 -1.228740e-01 1.695301e-02
    endloop
  endfacet
  facet normal 7.323951e-01 -6.602173e-01 1.664648e-01
    outer loop
      vertex   1.225069e-01 -1.206699e-01 1.839099e-02
      vertex   1.208468e-01 -1.228740e-01 1.695301e-02
      vertex   1.230902e-01 -1.208779e-01 1.500000e-02
    endloop
  endfacet
  facet normal 7.042922e-01 -7.042922e-01 8.913427e-02
    outer loop
      vertex   1.230902e-01 -1.208779e-01 1.500000e-02
      vertex   1.208468e-01 -1.228740e-01 1.695301e-02
      vertex   1.208779e-01 -1.230902e-01 1.500000e-02
    endloop
  endfacet
  facet normal 4.861425e-01 -8.676990e-01 1.037488e-01
    outer loop
      vertex   1.208779e-01 -1.230902e-01 1.500000e-02
      vertex   1.208468e-01 -1.228740e-01 1.695301e-02
      vertex   1.186207e-01 -1.243158e-01 1.532594e-02
    endloop
  endfacet
  facet normal 4.446053e-01 -8.725871e-01 -2.022818e-01
    outer loop
      vertex   1.208779e-01 -1.230902e-01 1.500000e-02
      vertex   1.186207e-01 -1.243158e-01 1.532594e-02
      vertex   1.180902e-01 -1.245106e-01 1.500000e-02
    endloop
  endfacet
  facet normal 2.790748e-01 -9.533137e-01 1.153704e-01
    outer loop
      vertex   1.180902e-01 -1.245106e-01 1.500000e-02
      vertex   1.186207e-01 -1.243158e-01 1.532594e-02
      vertex   1.171734e-01 -1.245159e-01 1.717340e-02
    endloop
  endfacet
  facet normal 1.561195e-01 -9.856996e-01 6.342676e-02
    outer loop
      vertex   1.180902e-01 -1.245106e-01 1.500000e-02
      vertex   1.171734e-01 -1.245159e-01 1.717340e-02
      vertex   1.150000e-01 -1.250000e-01 1.500000e-02
    endloop
  endfacet
  facet normal 6.342676e-02 -9.856996e-01 1.561195e-01
    outer loop
      vertex   1.150000e-01 -1.250000e-01 1.500000e-02
      vertex   1.171734e-01 -1.245159e-01 1.717340e-02
      vertex   1.150000e-01 -1.245106e-01 1.809017e-02
    endloop
  endfacet
  facet normal 1.153704e-01 -9.533137e-01 2.790748e-01
    outer loop
      vertex   1.150000e-01 -1.245106e-01 1.809017e-02
      vertex   1.171734e-01 -1.245159e-01 1.717340e-02
      vertex   1.153259e-01 -1.243158e-01 1.862067e-02
    endloop
  endfacet
  facet normal -2.022818e-01 -8.725871e-01 4.446053e-01
    outer loop
      vertex   1.150000e-01 -1.245106e-01 1.809017e-02
      vertex   1.153259e-01 -1.243158e-01 1.862067e-02
      vertex   1.150000e-01 -1.230902e-01 2.087785e-02
    endloop
  endfacet
  facet normal 1.037488e-01 -8.676990e-01 4.861425e-01
    outer loop
      vertex   1.150000e-01 -1.230902e-01 2.087785e-02
      vertex   1.153259e-01 -1.243158e-01 1.862067e-02
      vertex   1.169530e-01 -1.228740e-01 2.084680e-02
    endloop
  endfacet
  facet normal 8.913427e-02 -7.042922e-01 7.042922e-01
    outer loop
      vertex   1.150000e-01 -1.230902e-01 2.087785e-02
      vertex   1.169530e-01 -1.228740e-01 2.084680e-02
      vertex   1.150000e-01 -1.208779e-01 2.309017e-02
    endloop
  endfacet
  facet normal 7.726931e-01 -6.114789e-01 1.704084e-01
    outer loop
      vertex   1.225069e-01 -1.206699e-01 1.839099e-02
      vertex   1.230902e-01 -1.208779e-01 1.500000e-02
      vertex   1.236583e-01 -1.199417e-01 1.578304e-02
    endloop
  endfacet
  facet normal 8.862519e-01 -4.515679e-01 -1.031697e-01
    outer loop
      vertex   1.236583e-01 -1.199417e-01 1.578304e-02
      vertex   1.230902e-01 -1.208779e-01 1.500000e-02
      vertex   1.245106e-01 -1.180902e-01 1.500000e-02
    endloop
  endfacet
  facet normal 9.206393e-01 -3.632200e-01 1.431588e-01
    outer loop
      vertex   1.236583e-01 -1.199417e-01 1.578304e-02
      vertex   1.245106e-01 -1.180902e-01 1.500000e-02
      vertex   1.245422e-01 -1.172198e-01 1.700449e-02
    endloop
  endfacet
  facet normal 9.863395e-01 -1.562208e-01 5.224430e-02
    outer loop
      vertex   1.245422e-01 -1.172198e-01 1.700449e-02
      vertex   1.245106e-01 -1.180902e-01 1.500000e-02
      vertex   1.250000e-01 -1.150000e-01 1.500000e-02
    endloop
  endfacet
  facet normal 9.857700e-01 -6.229521e-02 1.561306e-01
    outer loop
      vertex   1.245422e-01 -1.172198e-01 1.700449e-02
      vertex   1.250000e-01 -1.150000e-01 1.500000e-02
      vertex   1.245106e-01 -1.150000e-01 1.809017e-02
    endloop
  endfacet
  facet normal 9.185820e-01 -1.629899e-01 3.600575e-01
    outer loop
      vertex   1.245422e-01 -1.172198e-01 1.700449e-02
      vertex   1.245106e-01 -1.150000e-01 1.809017e-02
      vertex   1.234401e-01 -1.179169e-01 1.950067e-02
    endloop
  endfacet
  facet normal 8.859073e-01 -1.068326e-01 4.513923e-01
    outer loop
      vertex   1.234401e-01 -1.179169e-01 1.950067e-02
      vertex   1.245106e-01 -1.150000e-01 1.809017e-02
      vertex   1.230902e-01 -1.150000e-01 2.087785e-02
    endloop
  endfacet
  facet normal 7.831338e-01 -1.861775e-01 5.933291e-01
    outer loop
      vertex   1.234401e-01 -1.179169e-01 1.950067e-02
      vertex   1.230902e-01 -1.150000e-01 2.087785e-02
      vertex   1.217097e-01 -1.181561e-01 2.170965e-02
    endloop
  endfacet
  facet normal 7.018232e-01 -1.220178e-01 7.018232e-01
    outer loop
      vertex   1.217097e-01 -1.181561e-01 2.170965e-02
      vertex   1.230902e-01 -1.150000e-01 2.087785e-02
      vertex   1.208779e-01 -1.150000e-01 2.309017e-02
    endloop
  endfacet
  facet normal 5.933291e-01 -1.861775e-01 7.831338e-01
    outer loop
      vertex   1.217097e-01 -1.181561e-01 2.170965e-02
      vertex   1.208779e-01 -1.150000e-01 2.309017e-02
      vertex   1.195007e-01 -1.179169e-01 2.344013e-02
    endloop
  endfacet
  facet normal 4.513923e-01 -1.068326e-01 8.859073e-01
    outer loop
      vertex   1.195007e-01 -1.179169e-01 2.344013e-02
      vertex   1.208779e-01 -1.150000e-01 2.309017e-02
      vertex   1.180902e-01 -1.150000e-01 2.451057e-02
    endloop
  endfacet
  facet normal 3.600575e-01 -1.629899e-01 9.185820e-01
    outer loop
      vertex   1.195007e-01 -1.179169e-01 2.344013e-02
      vertex   1.180902e-01 -1.150000e-01 2.451057e-02
      vertex   1.170045e-01 -1.172198e-01 2.454224e-02
    endloop
  endfacet
  facet normal 2.720701e-01 -4.054925e-01 8.726704e-01
    outer loop
      vertex   1.195007e-01 -1.179169e-01 2.344013e-02
      vertex   1.170045e-01 -1.172198e-01 2.454224e-02
      vertex   1.157830e-01 -1.199417e-01 2.365832e-02
    endloop
  endfacet
  facet normal 2.244688e-01 -8.845714e-01 4.088363e-01
    outer loop
      vertex   1.191364e-01 -1.231105e-01 1.913638e-02
      vertex   1.169530e-01 -1.228740e-01 2.084680e-02
      vertex   1.153259e-01 -1.243158e-01 1.862067e-02
    endloop
  endfacet
  facet normal 5.182903e-01 -4.544882e-01 7.244416e-01
    outer loop
      vertex   1.217097e-01 -1.181561e-01 2.170965e-02
      vertex   1.195007e-01 -1.179169e-01 2.344013e-02
      vertex   1.183910e-01 -1.206699e-01 2.250686e-02
    endloop
  endfacet
  facet normal 2.720701e-01 -4.054925e-01 8.726704e-01
    outer loop
      vertex   1.183910e-01 -1.206699e-01 2.250686e-02
      vertex   1.195007e-01 -1.179169e-01 2.344013e-02
      vertex   1.157830e-01 -1.199417e-01 2.365832e-02
    endloop
  endfacet
  facet normal 5.182903e-01 -4.544882e-01 7.244416e-01
    outer loop
      vertex   1.217097e-01 -1.181561e-01 2.170965e-02
      vertex   1.183910e-01 -1.206699e-01 2.250686e-02
      vertex   1.206989e-01 -1.209199e-01 2.069889e-02
    endloop
  endfacet
  facet normal 4.088363e-01 -8.845714e-01 2.244688e-01
    outer loop
      vertex   1.208468e-01 -1.228740e-01 1.695301e-02
      vertex   1.191364e-01 -1.231105e-01 1.913638e-02
      vertex   1.171734e-01 -1.245159e-01 1.717340e-02
    endloop
  endfacet
  facet normal 2.244688e-01 -8.845714e-01 4.088363e-01
    outer loop
      vertex   1.171734e-01 -1.245159e-01 1.717340e-02
      vertex   1.191364e-01 -1.231105e-01 1.913638e-02
      vertex   1.153259e-01 -1.243158e-01 1.862067e-02
    endloop
  endfacet
  facet normal 4.088363e-01 -8.845714e-01 2.244688e-01
    outer loop
      vertex   1.186207e-01 -1.243158e-01 1.532594e-02
      vertex   1.208468e-01 -1.228740e-01 1.695301e-02
      vertex   1.171734e-01 -1.245159e-01 1.717340e-02
    endloop
  endfacet
  facet normal 7.244416e-01 -4.544882e-01 5.182903e-01
    outer loop
      vertex   1.234401e-01 -1.179169e-01 1.950067e-02
      vertex   1.217097e-01 -1.181561e-01 2.170965e-02
      vertex   1.206989e-01 -1.209199e-01 2.069889e-02
    endloop
  endfacet
  facet normal 7.244416e-01 -4.544882e-01 5.182903e-01
    outer loop
      vertex   1.234401e-01 -1.179169e-01 1.950067e-02
      vertex   1.206989e-01 -1.209199e-01 2.069889e-02
      vertex   1.225069e-01 -1.206699e-01 1.839099e-02
    endloop
  endfacet
  facet normal 8.726704e-01 -4.054925e-01 2.720701e-01
    outer loop
      vertex   1.245422e-01 -1.172198e-01 1.700449e-02
      vertex   1.234401e-01 -1.179169e-01 1.950067e-02
      vertex   1.225069e-01 -1.206699e-01 1.839099e-02
    endloop
  endfacet
  facet normal 8.726704e-01 -4.054925e-01 2.720701e-01
    outer loop
      vertex   1.236583e-01 -1.199417e-01 1.578304e-02
      vertex   1.245422e-01 -1.172198e-01 1.700449e-02
      vertex   1.225069e-01 -1.206699e-01 1.839099e-02
    endloop
  endfacet
  facet normal 1.564345e-01 -9.876883e-01 0.000000e+00
    outer loop
      vertex   1.150000e-01 -1.250000e-01 1.500000e-02
      vertex   1.150000e-01 -1.250000e-01 0.000000e+00
      vertex   1.180902e-01 -1.245106e-01 1.500000e-02
    endloop
  endfacet
  facet normal 1.564345e-01 -9.876883e-01 0.000000e+00
    outer loop
      vertex   1.180902e-01 -1.245106e-01 1.500000e-02
      vertex   1.150000e-01 -1.250000e-01 0.000000e+00
      vertex   1.180902e-01 -1.245106e-01 0.000000e+00
    endloop
  endfacet
  facet normal 4.539905e-01 -8.910065e-01 0.000000e+00
    outer loop
      vertex   1.180902e-01 -1.245106e-01 1.500000e-02
      vertex   1.180902e-01 -1.245106e-01 0.000000e+00
      vertex   1.208779e-01 -1.230902e-01 1.500000e-02
    endloop
  endfacet
  facet normal 4.539905e-01 -8.910065e-01 0.000000e+00
    outer loop
      vertex   1.208779e-01 -1.230902e-01 1.500000e-02
      vertex   1.180902e-01 -1.245106e-01 0.000000e+00
      vertex   1.208779e-01 -1.230902e-01 0.000000e+00
    endloop
  endfacet
  facet normal 7.071068e-01 -7.071068e-01 0.000000e+00
    outer loop
      vertex   1.208779e-01 -1.230902e-01 1.500000e-02
      vertex   1.208779e-01 -1.230902e-01 0.000000e+00
      vertex   1.230902e-01 -1.208779e-01 1.500000e-02
    endloop
  endfacet
  facet normal 7.071068e-01 -7.071068e-01 0.000000e+00
    outer loop
      vertex   1.230902e-01 -1.208779e-01 1.500000e-02
      vertex   1.208779e-01 -1.230902e-01 0.000000e+00
      vertex   1.230902e-01 -1.208779e-01 0.000000e+00
    endloop
  endfacet
  facet normal 8.910065e-01 -4.539905e-01 0.000000e+00
    outer loop
      vertex   1.230902e-01 -1.208779e-01 1.500000e-02
      vertex   1.230902e-01 -1.208779e-01 0.000000e+00
      vertex   1.245106e-01 -1.180902e-01 1.500000e-02
    endloop
  endfacet
  facet normal 8.910065e-01 -4.539905e-01 0.000000e+00
    outer loop
      vertex   1.245106e-01 -1.180902e-01 1.500000e-02
      vertex   1.230902e-01 -1.208779e-01 0.000000e+00
      vertex   1.245106e-01 -1.180902e-01 0.000000e+00
    endloop
  endfacet
  facet normal 9.876883e-01 -1.564345e-01 0.000000e+00
    outer loop
      vertex   1.245106e-01 -1.180902e-01 1.500000e-02
      vertex   1.245106e-01 -1.180902e-01 0.000000e+00
      vertex   1.250000e-01 -1.150000e-01 1.500000e-02
    endloop
  endfacet
  facet normal 9.876883e-01 -1.564345e-01 0.000000e+00
    outer loop
      vertex   1.250000e-01 -1.150000e-01 1.500000e-02
      vertex   1.245106e-01 -1.180902e-01 0.000000e+00
      vertex   1.250000e-01 -1.150000e-01 0.000000e+00
    endloop
  endfacet
  facet normal -1.561306e-01 6.229521e-02 9.857700e-01
    outer loop
      vertex   -1.180902e-01 1.150000e-01 2.451057e-02
      vertex   -1.150000e-01 1.150000e-01 2.500000e-02
      vertex   -1.170045e-01 1.172198e-01 2.454224e-02
    endloop
  endfacet
  facet normal -5.224430e-02 1.562208e-01 9.863395e-01
    outer loop
      vertex   -1.170045e-01 1.172198e-01 2.454224e-02
      vertex   -1.150000e-01 1.150000e-01 2.500000e-02
      vertex   -1.150000e-01 1.180902e-01 2.451057e-02
    endloop
  endfacet
  facet normal -1.431588e-01 3.632200e-01 9.206393e-01
    outer loop
      vertex   -1.170045e-01 1.172198e-01 2.454224e-02
      vertex   -1.150000e-01 1.180902e-01 2.451057e-02
      vertex   -1.157830e-01 1.199417e-01 2.365832e-02
    endloop
  endfacet
  facet normal 1.031697e-01 4.515679e-01 8.862519e-01
    outer loop
      vertex   -1.157830e-01 1.199417e-01 2.365832e-02
      vertex   -1.150000e-01 1.180902e-01 2.451057e-02
      vertex   -1.150000e-01 1.208779e-01 2.309017e-02
    endloop
  endfacet
  facet normal -1.704084e-01 6.114789e-01 7.726931e-01
    outer loop
      vertex   -1.157830e-01 1.199417e-01 2.365832e-02
      vertex   -1.150000e-01 1.208779e-01 2.309017e-02
      vertex   -1.183910e-01 1.206699e-01 2.250686e-02
    endloop
  endfacet
  facet normal -1.664648e-01 6.602173e-01 7.323951e-01
    outer loop
      vertex   -1.183910e-01 1.206699e-01 2.250686e-02
      vertex   -1.150000e-01 1.208779e-01 2.309017e-02
      vertex   -1.169530e-01 1.228740e-01 2.084680e-02
    endloop
  endfacet
  facet normal -3.900634e-01 7.026673e-01 5.950708e-01
    outer loop
      vertex   -1.183910e-01 1.206699e-01 2.250686e-02
      vertex   -1.169530e-01 1.228740e-01 2.084680e-02
      vertex   -1.206989e-01 1.209199e-01 2.069889e-02
    endloop
  endfacet
  facet normal -3.900634e-01 7.026673e-01 5.950708e-01
    outer loop
      vertex   -1.206989e-01 1.209199e-01 2.069889e-02
      vertex   -1.169530e-01 1.228740e-01 2.084680e-02
      vertex   -1.191364e-01 1.231105e-01 1.913638e-02
    endloop
  endfacet
  facet normal -5.950708e-01 7.026673e-01 3.900634e-01
    outer loop
      vertex   -1.206989e-01 1.209199e-01 2.069889e-02
      vertex   -1.191364e-01 1.231105e-01 1.913638e-02
      vertex   -1.225069e-01 1.206699e-01 1.839099e-02
    endloop
  endfacet
  facet normal -5.950708e-01 7.026673e-01 3.900634e-01
    outer loop
      vertex   -1.225069e-01 1.206699e-01 1.839099e-02
      vertex   -1.191364e-01 1.231105e-01 1.913638e-02
      vertex   -1.208468e-01 1.228740e-01 1.695301e-02
    endloop
  endfacet
  facet normal -7.323951e-01 6.602173e-01 1.664648e-01
    outer loop
      vertex   -1.225069e-01 1.206699e-01 1.839099e-02
      vertex   -1.208468e-01 1.228740e-01 1.695301e-02
      vertex   -1.230902e-01 1.208779e-01 1.500000e-02
    endloop
  endfacet
  facet normal -7.042922e-01 7.042922e-01 8.913427e-02
    outer loop
      vertex   -1.230902e-01 1.208779e-01 1.500000e-02
      vertex   -1.208468e-01 1.228740e-01 1.695301e-02
      vertex   -1.208779e-01 1.230902e-01 1.500000e-02
    endloop
  endfacet
  facet normal -4.861425e-01 8.676990e-01 1.037488e-01
    outer loop
      vertex   -1.208779e-01 1.230902e-01 1.500000e-02
      vertex   -1.208468e-01 1.228740e-01 1.695301e-02
      vertex   -1.186207e-01 1.243158e-01 1.532594e-02
    endloop
  endfacet
  facet normal -4.446053e-01 8.725871e-01 -2.022818e-01
    outer loop
      vertex   -1.208779e-01 1.230902e-01 1.500000e-02
      vertex   -1.186207e-01 1.243158e-01 1.532594e-02
      vertex   -1.180902e-01 1.245106e-01 1.500000e-02
    endloop
  endfacet
  facet normal -2.790748e-01 9.533137e-01 1.153704e-01
    outer loop
      vertex   -1.180902e-01 1.245106e-01 1.500000e-02
      vertex   -1.186207e-01 1.243158e-01 1.532594e-02
      vertex   -1.171734e-01 1.245159e-01 1.717340e-02
    endloop
  endfacet
  facet normal -1.561195e-01 9.856996e-01 6.342676e-02
    outer loop
      vertex   -1.180902e-01 1.245106e-01 1.500000e-02
      vertex   -1.171734e-01 1.245159e-01 1.717340e-02
      vertex   -1.150000e-01 1.250000e-01 1.500000e-02
    endloop
  endfacet
  facet normal -6.342676e-02 9.856996e-01 1.561195e-01
    outer loop
      vertex   -1.150000e-01 1.250000e-01 1.500000e-02
      vertex   -1.171734e-01 1.245159e-01 1.717340e-02
      vertex   -1.150000e-01 1.245106e-01 1.809017e-02
    endloop
  endfacet
  facet normal -1.153704e-01 9.533137e-01 2.790748e-01
    outer loop
      vertex   -1.150000e-01 1.245106e-01 1.809017e-02
      vertex   -1.171734e-01 1.245159e-01 1.717340e-02
      vertex   -1.153259e-01 1.243158e-01 1.862067e-02
    endloop
  endfacet
  facet normal 2.022818e-01 8.725871e-01 4.446053e-01
    outer loop
      vertex   -1.150000e-01 1.245106e-01 1.809017e-02
      vertex   -1.153259e-01 1.243158e-01 1.862067e-02
      vertex   -1.150000e-01 1.230902e-01 2.087785e-02
    endloop
  endfacet
  facet normal -1.037488e-01 8.676990e-01 4.861425e-01
    outer loop
      vertex   -1.150000e-01 1.230902e-01 2.087785e-02
      vertex   -1.153259e-01 1.243158e-01 1.862067e-02
      vertex   -1.169530e-01 1.228740e-01 2.084680e-02
    endloop
  endfacet
  facet normal -8.913427e-02 7.042922e-01 7.042922e-01
    outer loop
      vertex   -1.150000e-01 1.230902e-01 2.087785e-02
      vertex   -1.169530e-01 1.228740e-01 2.084680e-02
      vertex   -1.150000e-01 1.208779e-01 2.309017e-02
    endloop
  endfacet
  facet normal -7.726931e-01 6.114789e-01 1.704084e-01
    outer loop
      vertex   -1.225069e-01 1.206699e-01 1.839099e-02
      vertex   -1.230902e-01 1.208779e-01 1.500000e-02
      vertex   -1.236583e-01 1.199417e-01 1.578304e-02
    endloop
  endfacet
  facet normal -8.862519e-01 4.515679e-01 -1.031697e-01
    outer loop
      vertex   -1.236583e-01 1.199417e-01 1.578304e-02
      vertex   -1.230902e-01 1.208779e-01 1.500000e-02
      vertex   -1.245106e-01 1.180902e-01 1.500000e-02
    endloop
  endfacet
  facet normal -9.206393e-01 3.632200e-01 1.431588e-01
    outer loop
      vertex   -1.236583e-01 1.199417e-01 1.578304e-02
      vertex   -1.245106e-01 1.180902e-01 1.500000e-02
      vertex   -1.245422e-01 1.172198e-01 1.700449e-02
    endloop
  endfacet
  facet normal -9.863395e-01 1.562208e-01 5.224430e-02
    outer loop
      vertex   -1.245422e-01 1.172198e-01 1.700449e-02
      vertex   -1.245106e-01 1.180902e-01 1.500000e-02
      vertex   -1.250000e-01 1.150000e-01 1.500000e-02
    endloop
  endfacet
  facet normal -9.857700e-01 6.229521e-02 1.561306e-01
    outer loop
      vertex   -1.245422e-01 1.172198e-01 1.700449e-02
      vertex   -1.250000e-01 1.150000e-01 1.500000e-02
      vertex   -1.245106e-01 1.150000e-01 1.809017e-02
    endloop
  endfacet
  facet normal -9.185820e-01 1.629899e-01 3.600575e-01
    outer loop
      vertex   -1.245422e-01 1.172198e-01 1.700449e-02
      vertex   -1.245106e-01 1.150000e-01 1.809017e-02
      vertex   -1.234401e-01 1.179169e-01 1.950067e-02
    endloop
  endfacet
  facet normal -8.859073e-01 1.068326e-01 4.513923e-01
    outer loop
      vertex   -1.234401e-01 1.179169e-01 1.950067e-02
      vertex   -1.245106e-01 1.150000e-01 1.809017e-02
      vertex   -1.230902e-01 1.150000e-01 2.087785e-02
    endloop
  endfacet
  facet normal -7.831338e-01 1.861775e-01 5.933291e-01
    outer loop
      vertex   -1.234401e-01 1.179169e-01 1.950067e-02
      vertex   -1.230902e-01 1.150000e-01 2.087785e-02
      vertex   -1.217097e-01 1.181561e-01 2.170965e-02
    endloop
  endfacet
  facet normal -7.018232e-01 1.220178e-01 7.018232e-01
    outer loop
      vertex   -1.217097e-01 1.181561e-01 2.170965e-02
      vertex   -1.230902e-01 1.150000e-01 2.087785e-02
      vertex   -1.208779e-01 1.150000e-01 2.309017e-02
    endloop
  endfacet
  facet normal -5.933291e-01 1.861775e-01 7.831338e-01
    outer loop
      vertex   -1.217097e-01 1.181561e-01 2.170965e-02
      vertex   -1.208779e-01 1.150000e-01 2.309017e-02
      vertex   -1.195007e-01 1.179169e-01 2.344013e-02
    endloop
  endfacet
  facet normal -4.513923e-01 1.068326e-01 8.859073e-01
    outer loop
      vertex   -1.195007e-01 1.179169e-01 2.344013e-02
      vertex   -1.208779e-01 1.150000e-01 2.309017e-02
      vertex   -1.180902e-01 1.150000e-01 2.451057e-02
    endloop
  endfacet
  facet normal -3.600575e-01 1.629899e-01 9.185820e-01
    outer loop
      vertex   -1.195007e-01 1.179169e-01 2.344013e-02
      vertex   -1.180902e-01 1.150000e-01 2.451057e-02
      vertex   -1.170045e-01 1.172198e-01 2.454224e-02
    endloop
  endfacet
  facet normal -2.720701e-01 4.054925e-01 8.726704e-01
    outer loop
      vertex   -1.195007e-01 1.179169e-01 2.344013e-02
      vertex   -1.170045e-01 1.172198e-01 2.454224e-02
      vertex   -1.157830e-01 1.199417e-01 2.365832e-02
    endloop
  endfacet
  facet normal -2.244688e-01 8.845714e-01 4.088363e-01
    outer loop
      vertex   -1.191364e-01 1.231105e-01 1.913638e-02
      vertex   -1.169530e-01 1.228740e-01 2.084680e-02
      vertex   -1.153259e-01 1.243158e-01 1.862067e-02
    endloop
  endfacet
  facet normal -5.182903e-01 4.544882e-01 7.244416e-01
    outer loop
      vertex   -1.217097e-01 1.181561e-01 2.170965e-02
      vertex   -1.195007e-01 1.179169e-01 2.344013e-02
      vertex   -1.183910e-01 1.206699e-01 2.250686e-02
    endloop
  endfacet
  facet normal -2.720701e-01 4.054925e-01 8.726704e-01
    outer loop
      vertex   -1.183910e-01 1.206699e-01 2.250686e-02
      vertex   -1.195007e-01 1.179169e-01 2.344013e-02
      vertex   -1.157830e-01 1.199417e-01 2.365832e-02
    endloop
  endfacet
  facet normal -5.182903e-01 4.544882e-01 7.244416e-01
    outer loop
      vertex   -1.217097e-01 1.181561e-01 2.170965e-02
      vertex   -1.183910e-01 1.206699e-01 2.250686e-02
      vertex   -1.206989e-01 1.209199e-01 2.069889e-02
    endloop
  endfacet
  facet normal -4.088363e-01 8.845714e-01 2.244688e-01
    outer loop
      vertex   -1.208468e-01 1.228740e-01 1.695301e-02
      vertex   -1.191364e-01 1.231105e-01 1.913638e-02
      vertex   -1.171734e-01 1.245159e-01 1.717340e-02
    endloop
  endfacet
  facet normal -2.244688e-01 8.845714e-01 4.088363e-01
    outer loop
      vertex   -1.171734e-01 1.245159e-01 1.717340e-02
      vertex   -1.191364e-01 1.231105e-01 1.913638e-02
      vertex   -1.153259e-01 1.243158e-01 1.862067e-02
    endloop
  endfacet
  facet normal -4.088363e-01 8.845714e-01 2.244688e-01
    outer loop
      vertex   -1.186207e-01 1.243158e-01 1.532594e-02
      vertex   -1.208468e-01 1.228740e-01 1.695301e-02
      vertex   -1.171734e-01 1.245159e-01 1.717340e-02
    endloop
  endfacet
  facet normal -7.244416e-01 4.544882e-01 5.182903e-01
    outer loop
      vertex   -1.234401e-01 1.179169e-01 1.950067e-02
      vertex   -1.217097e-01 1.181561e-01 2.170965e-02
      vertex   -1.206989e-01 1.209199e-01 2.069889e-02
    endloop
  endfacet
  facet normal -7.244416e-01 4.544882e-01 5.182903e-01
    outer loop
      vertex   -1.234401e-01 1.179169e-01 1.950067e-02
      vertex   -1.206989e-01 1.209199e-01 2.069889e-02
      vertex   -1.225069e-01 1.206699e-01 1.839099e-02
    endloop
  endfacet
  facet normal -8.726704e-01 4.054925e-01 2.720701e-01
    outer loop
      vertex   -1.245422e-01 1.172198e-01 1.700449e-02
      vertex   -1.234401e-01 1.179169e-01 1.950067e-02
      vertex   -1.225069e-01 1.206699e-01 1.839099e-02
    endloop
  endfacet
  facet normal -8.726704e-01 4.054925e-01 2.720701e-01
    outer loop
      vertex   -1.236583e-01 1.199417e-01 1.578304e-02
      vertex   -1.245422e-01 1.172198e-01 1.700449e-02
      vertex   -1.225069e-01 1.206699e-01 1.839099e-02
    endloop
  endfacet
  facet normal -1.564345e-01 9.876883e-01 0.000000e+00
    outer loop
      vertex   -1.150000e-01 1.250000e-01 1.500000e-02
      vertex   -1.150000e-01 1.250000e-01 0.000000e+00
      vertex   -1.180902e-01 1.245106e-01 1.500000e-02
    endloop
  endfacet
  facet normal -1.564345e-01 9.876883e-01 0.000000e+00
    outer loop
      vertex   -1.180902e-01 1.245106e-01 1.500000e-02
      vertex   -1.150000e-01 1.250000e-01 0.000000e+00
      vertex   -1.180902e-01 1.245106e-01 0.000000e+00
    endloop
  endfacet
  facet normal -4.539905e-01 8.910065e-01 0.000000e+00
    outer loop
      vertex   -1.180902e-01 1.245106e-01 1.500000e-02
      vertex   -1.180902e-01 1.245106e-01 0.000000e+00
      vertex   -1.208779e-01 1.230902e-01 1.500000e-02
    endloop
  endfacet
  facet normal -4.539905e-01 8.910065e-01 0.000000e+00
    outer loop
      vertex   -1.208779e-01 1.230902e-01 1.500000e-02
      vertex   -1.180902e-01 1.245106e-01 0.000000e+00
      vertex   -1.208779e-01 1.230902e-01 0.000000e+00
    endloop
  endfacet
  facet normal -7.071068e-01 7.071068e-01 0.000000e+00
    outer loop
      vertex   -1.208779e-01 1.230902e-01 1.500000e-02
      vertex   -1.208779e-01 1.230902e-01 0.000000e+00
      vertex   -1.230902e-01 1.208779e-01 1.500000e-02
    endloop
  endfacet
  facet normal -7.071068e-01 7.071068e-01 0.000000e+00
    outer loop
      vertex   -1.230902e-01 1.208779e-01 1.500000e-02
      vertex   -1.208779e-01 1.230902e-01 0.000000e+00
      vertex   -1.230902e-01 1.208779e-01 0.000000e+00
    endloop
  endfacet
  facet normal -8.910065e-01 4.539905e-01 0.000000e+00
    outer loop
      vertex   -1.230902e-01 1.208779e-01 1.500000e-02
      vertex   -1.230902e-01 1.208779e-01 0.000000e+00
      vertex   -1.245106e-01 1.180902e-01 1.500000e-02
    endloop
  endfacet
  facet normal -8.910065e-01 4.539905e-01 0.000000e+00
    outer loop
      vertex   -1.245106e-01 1.180902e-01 1.500000e-02
      vertex   -1.230902e-01 1.208779e-01 0.000000e+00
      vertex   -1.245106e-01 1.180902e-01 0.000000e+00
    endloop
  endfacet
  facet normal -9.876883e-01 1.564345e-01 0.000000e+00
    outer loop
      vertex   -1.245106e-01 1.180902e-01 1.500000e-02
      vertex   -1.245106e-01 1.180902e-01 0.000000e+00
      vertex   -1.250000e-01 1.150000e-01 1.500000e-02
    endloop
  endfacet
  facet normal -9.876883e-01 1.564345e-01 0.000000e+00
    outer loop
      vertex   -1.250000e-01 1.150000e-01 1.500000e-02
      vertex   -1.245106e-01 1.180902e-01 0.000000e+00
      vertex   -1.250000e-01 1.150000e-01 0.000000e+00
    endloop
  endfacet
  facet normal -9.876883e-01 0.000000e+00 1.564345e-01
    outer loop
      vertex   -1.245106e-01 -1.150000e-01 1.809017e-02
      vertex   -1.245106e-01 -5.750000e-02 1.809017e-02
      vertex   -1.250000e-01 -1.150000e-01 1.500000e-02
    endloop
  endfacet
  facet normal -9.876883e-01 0.000000e+00 1.564345e-01
    outer loop
      vertex   -1.250000e-01 -1.150000e-01 1.500000e-02
      vertex   -1.245106e-01 -5.750000e-02 1.809017e-02
      vertex   -1.245106e-01 -8.881784e-18 1.809017e-02
    endloop
  endfacet
  facet normal -9.876883e-01 0.000000e+00 1.564345e-01
    outer loop
      vertex   -1.250000e-01 -1.150000e-01 1.500000e-02
      vertex   -1.245106e-01 -8.881784e-18 1.809017e-02
      vertex   -1.250000e-01 1.150000e-01 1.500000e-02
    endloop
  endfacet
  facet normal -9.876883e-01 0.000000e+00 1.564345e-01
    outer loop
      vertex   -1.250000e-01 1.150000e-01 1.500000e-02
      vertex   -1.245106e-01 -8.881784e-18 1.809017e-02
      vertex   -1.245106e-01 5.750000e-02 1.809017e-02
    endloop
  endfacet
  facet normal -9.876883e-01 0.000000e+00 1.564345e-01
    outer loop
      vertex   -1.250000e-01 1.150000e-01 1.500000e-02
      vertex   -1.245106e-01 5.750000e-02 1.809017e-02
      vertex   -1.245106e-01 1.150000e-01 1.809017e-02
    endloop
  endfacet
  facet normal -8.910065e-01 0.000000e+00 4.539905e-01
    outer loop
      vertex   -1.245106e-01 1.150000e-01 1.809017e-02
      vertex   -1.245106e-01 5.750000e-02 1.809017e-02
      vertex   -1.230902e-01 1.150000e-01 2.087785e-02
    endloop
  endfacet
  facet normal -8.910065e-01 2.739297e-17 4.539905e-01
    outer loop
      vertex   -1.230902e-01 1.150000e-01 2.087785e-02
      vertex   -1.245106e-01 5.750000e-02 1.809017e-02
      vertex   -1.230902e-01 5.750000e-02 2.087785e-02
    endloop
  endfacet
  facet normal -7.071068e-01 4.266556e-17 7.071068e-01
    outer loop
      vertex   -1.230902e-01 1.150000e-01 2.087785e-02
      vertex   -1.230902e-01 5.750000e-02 2.087785e-02
      vertex   -1.208779e-01 1.150000e-01 2.309017e-02
    endloop
  endfacet
  facet normal -7.071068e-01 0.000000e+00 7.071068e-01
    outer loop
      vertex   -1.208779e-01 1.150000e-01 2.309017e-02
      vertex   -1.230902e-01 5.750000e-02 2.087785e-02
      vertex   -1.208779e-01 5.750000e-02 2.309017e-02
    endloop
  endfacet
  facet normal -4.539905e-01 0.000000e+00 8.910065e-01
    outer loop
      vertex   -1.208779e-01 1.150000e-01 2.309017e-02
      vertex   -1.208779e-01 5.750000e-02 2.309017e-02
      vertex   -1.180902e-01 1.150000e-01 2.451057e-02
    endloop
  endfacet
  facet normal -4.539905e-01 0.000000e+00 8.910065e-01
    outer loop
      vertex   -1.180902e-01 1.150000e-01 2.451057e-02
      vertex   -1.208779e-01 5.750000e-02 2.309017e-02
      vertex   -1.180902e-01 5.750000e-02 2.451057e-02
    endloop
  endfacet
  facet normal -1.564345e-01 0.000000e+00 9.876883e-01
    outer loop
      vertex   -1.180902e-01 1.150000e-01 2.451057e-02
      vertex   -1.180902e-01 5.750000e-02 2.451057e-02
      vertex   -1.150000e-01 1.150000e-01 2.500000e-02
    endloop
  endfacet
  facet normal -1.564345e-01 0.000000e+00 9.876883e-01
    outer loop
      vertex   -1.150000e-01 1.150000e-01 2.500000e-02
      vertex   -1.180902e-01 5.750000e-02 2.451057e-02
      vertex   -1.180902e-01 -8.881784e-18 2.451057e-02
    endloop
  endfacet
  facet normal -1.564345e-01 0.000000e+00 9.876883e-01
    outer loop
      vertex   -1.150000e-01 1.150000e-01 2.500000e-02
      vertex   -1.180902e-01 -8.881784e-18 2.451057e-02
      vertex   -1.150000e-01 -1.150000e-01 2.500000e-02
    endloop
  endfacet
  facet normal -1.564345e-01 0.000000e+00 9.876883e-01
    outer loop
      vertex   -1.150000e-01 -1.150000e-01 2.500000e-02
      vertex   -1.180902e-01 -8.881784e-18 2.451057e-02
      vertex   -1.180902e-01 -5.750000e-02 2.451057e-02
    endloop
  endfacet
  facet normal -1.564345e-01 0.000000e+00 9.876883e-01
    outer loop
      vertex   -1.150000e-01 -1.150000e-01 2.500000e-02
      vertex   -1.180902e-01 -5.750000e-02 2.451057e-02
      vertex   -1.180902e-01 -1.150000e-01 2.451057e-02
    endloop
  endfacet
  facet normal -4.539905e-01 0.000000e+00 8.910065e-01
    outer loop
      vertex   -1.180902e-01 -1.150000e-01 2.451057e-02
      vertex   -1.180902e-01 -5.750000e-02 2.451057e-02
      vertex   -1.208779e-01 -1.150000e-01 2.309017e-02
    endloop
  endfacet
  facet normal -4.539905e-01 0.000000e+00 8.910065e-01
    outer loop
      vertex   -1.208779e-01 -1.150000e-01 2.309017e-02
      vertex   -1.180902e-01 -5.750000e-02 2.451057e-02
      vertex   -1.208779e-01 -5.750000e-02 2.309017e-02
    endloop
  endfacet
  facet normal -7.071068e-01 0.000000e+00 7.071068e-01
    outer loop
      vertex   -1.208779e-01 -1.150000e-01 2.309017e-02
      vertex   -1.208779e-01 -5.750000e-02 2.309017e-02
      vertex   -1.230902e-01 -1.150000e-01 2.087785e-02
    endloop
  endfacet
  facet normal -7.071068e-01 -4.266556e-17 7.071068e-01
    outer loop
      vertex   -1.230902e-01 -1.150000e-01 2.087785e-02
      vertex   -1.208779e-01 -5.750000e-02 2.309017e-02
      vertex   -1.230902e-01 -5.750000e-02 2.087785e-02
    endloop
  endfacet
  facet normal -8.910065e-01 -2.739297e-17 4.539905e-01
    outer loop
      vertex   -1.230902e-01 -1.150000e-01 2.087785e-02
      vertex   -1.230902e-01 -5.750000e-02 2.087785e-02
      vertex   -1.245106e-01 -1.150000e-01 1.809017e-02
    endloop
  endfacet
  facet normal -8.910065e-01 0.000000e+00 4.539905e-01
    outer loop
      vertex   -1.245106e-01 -1.150000e-01 1.809017e-02
      vertex   -1.230902e-01 -5.750000e-02 2.087785e-02
      vertex   -1.245106e-01 -5.750000e-02 1.809017e-02
    endloop
  endfacet
  facet normal -8.910065e-01 0.000000e+00 4.539905e-01
    outer loop
      vertex   -1.230902e-01 5.750000e-02 2.087785e-02
      vertex   -1.245106e-01 5.750000e-02 1.809017e-02
      vertex   -1.245106e-01 -8.881784e-18 1.809017e-02
    endloop
  endfacet
  facet normal -8.910065e-01 0.000000e+00 4.539905e-01
    outer loop
      vertex   -1.245106e-01 -8.881784e-18 1.809017e-02
      vertex   -1.245106e-01 -5.750000e-02 1.809017e-02
      vertex   -1.230902e-01 -8.881784e-18 2.087785e-02
    endloop
  endfacet
  facet normal -8.910065e-01 0.000000e+00 4.539905e-01
    outer loop
      vertex   -1.230902e-01 -8.881784e-18 2.087785e-02
      vertex   -1.245106e-01 -5.750000e-02 1.809017e-02
      vertex   -1.230902e-01 -5.750000e-02 2.087785e-02
    endloop
  endfacet
  facet normal -7.071068e-01 0.000000e+00 7.071068e-01
    outer loop
      vertex   -1.230902e-01 -8.881784e-18 2.087785e-02
      vertex   -1.230902e-01 -5.750000e-02 2.087785e-02
      vertex   -1.208779e-01 -8.881784e-18 2.309017e-02
    endloop
  endfacet
  facet normal -7.071068e-01 0.000000e+00 7.071068e-01
    outer loop
      vertex   -1.208779e-01 -8.881784e-18 2.309017e-02
      vertex   -1.230902e-01 -5.750000e-02 2.087785e-02
      vertex   -1.208779e-01 -5.750000e-02 2.309017e-02
    endloop
  endfacet
  facet normal -4.539905e-01 0.000000e+00 8.910065e-01
    outer loop
      vertex   -1.208779e-01 -8.881784e-18 2.309017e-02
      vertex   -1.208779e-01 -5.750000e-02 2.309017e-02
      vertex   -1.180902e-01 -8.881784e-18 2.451057e-02
    endloop
  endfacet
  facet normal -4.539905e-01 0.000000e+00 8.910065e-01
    outer loop
      vertex   -1.180902e-01 -8.881784e-18 2.451057e-02
      vertex   -1.208779e-01 -5.750000e-02 2.309017e-02
      vertex   -1.180902e-01 -5.750000e-02 2.451057e-02
    endloop
  endfacet
  facet normal -7.071068e-01 0.000000e+00 7.071068e-01
    outer loop
      vertex   -1.208779e-01 5.750000e-02 2.309017e-02
      vertex   -1.230902e-01 5.750000e-02 2.087785e-02
      vertex   -1.230902e-01 -8.881784e-18 2.087785e-02
    endloop
  endfacet
  facet normal -8.910065e-01 0.000000e+00 4.539905e-01
    outer loop
      vertex   -1.230902e-01 -8.881784e-18 2.087785e-02
      vertex   -1.230902e-01 5.750000e-02 2.087785e-02
      vertex   -1.245106e-01 -8.881784e-18 1.809017e-02
    endloop
  endfacet
  facet normal -7.071068e-01 0.000000e+00 7.071068e-01
    outer loop
      vertex   -1.208779e-01 5.750000e-02 2.309017e-02
      vertex   -1.230902e-01 -8.881784e-18 2.087785e-02
      vertex   -1.208779e-01 -8.881784e-18 2.309017e-02
    endloop
  endfacet
  facet normal -4.539905e-01 0.000000e+00 8.910065e-01
    outer loop
      vertex   -1.180902e-01 5.750000e-02 2.451057e-02
      vertex   -1.208779e-01 5.750000e-02 2.309017e-02
      vertex   -1.208779e-01 -8.881784e-18 2.309017e-02
    endloop
  endfacet
  facet normal -4.539905e-01 0.000000e+00 8.910065e-01
    outer loop
      vertex   -1.180902e-01 5.750000e-02 2.451057e-02
      vertex   -1.208779e-01 -8.881784e-18 2.309017e-02
      vertex   -1.180902e-01 -8.881784e-18 2.451057e-02
    endloop
  endfacet
  facet normal 5.224430e-02 1.562208e-01 9.863395e-01
    outer loop
      vertex   1.150000e-01 1.180902e-01 2.451057e-02
      vertex   1.150000e-01 1.150000e-01 2.500000e-02
      vertex   1.170045e-01 1.172198e-01 2.454224e-02
    endloop
  endfacet
  facet normal 1.561306e-01 6.229521e-02 9.857700e-01
    outer loop
      vertex   1.170045e-01 1.172198e-01 2.454224e-02
      vertex   1.150000e-01 1.150000e-01 2.500000e-02
      vertex   1.180902e-01 1.150000e-01 2.451057e-02
    endloop
  endfacet
  facet normal 3.600575e-01 1.629899e-01 9.185820e-01
    outer loop
      vertex   1.170045e-01 1.172198e-01 2.454224e-02
      vertex   1.180902e-01 1.150000e-01 2.451057e-02
      vertex   1.195007e-01 1.179169e-01 2.344013e-02
    endloop
  endfacet
  facet normal 4.513923e-01 1.068326e-01 8.859073e-01
    outer loop
      vertex   1.195007e-01 1.179169e-01 2.344013e-02
      vertex   1.180902e-01 1.150000e-01 2.451057e-02
      vertex   1.208779e-01 1.150000e-01 2.309017e-02
    endloop
  endfacet
  facet normal 5.933291e-01 1.861775e-01 7.831338e-01
    outer loop
      vertex   1.195007e-01 1.179169e-01 2.344013e-02
      vertex   1.208779e-01 1.150000e-01 2.309017e-02
      vertex   1.217097e-01 1.181561e-01 2.170965e-02
    endloop
  endfacet
  facet normal 7.018232e-01 1.220178e-01 7.018232e-01
    outer loop
      vertex   1.217097e-01 1.181561e-01 2.170965e-02
      vertex   1.208779e-01 1.150000e-01 2.309017e-02
      vertex   1.230902e-01 1.150000e-01 2.087785e-02
    endloop
  endfacet
  facet normal 7.831338e-01 1.861775e-01 5.933291e-01
    outer loop
      vertex   1.217097e-01 1.181561e-01 2.170965e-02
      vertex   1.230902e-01 1.150000e-01 2.087785e-02
      vertex   1.234401e-01 1.179169e-01 1.950067e-02
    endloop
  endfacet
  facet normal 8.859073e-01 1.068326e-01 4.513923e-01
    outer loop
      vertex   1.234401e-01 1.179169e-01 1.950067e-02
      vertex   1.230902e-01 1.150000e-01 2.087785e-02
      vertex   1.245106e-01 1.150000e-01 1.809017e-02
    endloop
  endfacet
  facet normal 9.185820e-01 1.629899e-01 3.600575e-01
    outer loop
      vertex   1.234401e-01 1.179169e-01 1.950067e-02
      vertex   1.245106e-01 1.150000e-01 1.809017e-02
      vertex   1.245422e-01 1.172198e-01 1.700449e-02
    endloop
  endfacet
  facet normal 9.857700e-01 6.229521e-02 1.561306e-01
    outer loop
      vertex   1.245422e-01 1.172198e-01 1.700449e-02
      vertex   1.245106e-01 1.150000e-01 1.809017e-02
      vertex   1.250000e-01 1.150000e-01 1.500000e-02
    endloop
  endfacet
  facet normal 9.863395e-01 1.562208e-01 5.224430e-02
    outer loop
      vertex   1.245422e-01 1.172198e-01 1.700449e-02
      vertex   1.250000e-01 1.150000e-01 1.500000e-02
      vertex   1.245106e-01 1.180902e-01 1.500000e-02
    endloop
  endfacet
  facet normal 9.206393e-01 3.632200e-01 1.431588e-01
    outer loop
      vertex   1.245422e-01 1.172198e-01 1.700449e-02
      vertex   1.245106e-01 1.180902e-01 1.500000e-02
      vertex   1.236583e-01 1.199417e-01 1.578304e-02
    endloop
  endfacet
  facet normal 8.862519e-01 4.515679e-01 -1.031697e-01
    outer loop
      vertex   1.236583e-01 1.199417e-01 1.578304e-02
      vertex   1.245106e-01 1.180902e-01 1.500000e-02
      vertex   1.230902e-01 1.208779e-01 1.500000e-02
    endloop
  endfacet
  facet normal 7.726931e-01 6.114789e-01 1.704084e-01
    outer loop
      vertex   1.236583e-01 1.199417e-01 1.578304e-02
      vertex   1.230902e-01 1.208779e-01 1.500000e-02
      vertex   1.225069e-01 1.206699e-01 1.839099e-02
    endloop
  endfacet
  facet normal 7.323951e-01 6.602173e-01 1.664648e-01
    outer loop
      vertex   1.225069e-01 1.206699e-01 1.839099e-02
      vertex   1.230902e-01 1.208779e-01 1.500000e-02
      vertex   1.208468e-01 1.228740e-01 1.695301e-02
    endloop
  endfacet
  facet normal 5.950708e-01 7.026673e-01 3.900634e-01
    outer loop
      vertex   1.225069e-01 1.206699e-01 1.839099e-02
      vertex   1.208468e-01 1.228740e-01 1.695301e-02
      vertex   1.206989e-01 1.209199e-01 2.069889e-02
    endloop
  endfacet
  facet normal 5.950708e-01 7.026673e-01 3.900634e-01
    outer loop
      vertex   1.206989e-01 1.209199e-01 2.069889e-02
      vertex   1.208468e-01 1.228740e-01 1.695301e-02
      vertex   1.191364e-01 1.231105e-01 1.913638e-02
    endloop
  endfacet
  facet normal 3.900634e-01 7.026673e-01 5.950708e-01
    outer loop
      vertex   1.206989e-01 1.209199e-01 2.069889e-02
      vertex   1.191364e-01 1.231105e-01 1.913638e-02
      vertex   1.183910e-01 1.206699e-01 2.250686e-02
    endloop
  endfacet
  facet normal 3.900634e-01 7.026673e-01 5.950708e-01
    outer loop
      vertex   1.183910e-01 1.206699e-01 2.250686e-02
      vertex   1.191364e-01 1.231105e-01 1.913638e-02
      vertex   1.169530e-01 1.228740e-01 2.084680e-02
    endloop
  endfacet
  facet normal 1.664648e-01 6.602173e-01 7.323951e-01
    outer loop
      vertex   1.183910e-01 1.206699e-01 2.250686e-02
      vertex   1.169530e-01 1.228740e-01 2.084680e-02
      vertex   1.150000e-01 1.208779e-01 2.309017e-02
    endloop
  endfacet
  facet normal 8.913427e-02 7.042922e-01 7.042922e-01
    outer loop
      vertex   1.150000e-01 1.208779e-01 2.309017e-02
      vertex   1.169530e-01 1.228740e-01 2.084680e-02
      vertex   1.150000e-01 1.230902e-01 2.087785e-02
    endloop
  endfacet
  facet normal 1.037488e-01 8.676990e-01 4.861425e-01
    outer loop
      vertex   1.150000e-01 1.230902e-01 2.087785e-02
      vertex   1.169530e-01 1.228740e-01 2.084680e-02
      vertex   1.153259e-01 1.243158e-01 1.862067e-02
    endloop
  endfacet
  facet normal -2.022818e-01 8.725871e-01 4.446053e-01
    outer loop
      vertex   1.150000e-01 1.230902e-01 2.087785e-02
      vertex   1.153259e-01 1.243158e-01 1.862067e-02
      vertex   1.150000e-01 1.245106e-01 1.809017e-02
    endloop
  endfacet
  facet normal 1.153704e-01 9.533137e-01 2.790748e-01
    outer loop
      vertex   1.150000e-01 1.245106e-01 1.809017e-02
      vertex   1.153259e-01 1.243158e-01 1.862067e-02
      vertex   1.171734e-01 1.245159e-01 1.717340e-02
    endloop
  endfacet
  facet normal 6.342676e-02 9.856996e-01 1.561195e-01
    outer loop
      vertex   1.150000e-01 1.245106e-01 1.809017e-02
      vertex   1.171734e-01 1.245159e-01 1.717340e-02
      vertex   1.150000e-01 1.250000e-01 1.500000e-02
    endloop
  endfacet
  facet normal 1.561195e-01 9.856996e-01 6.342676e-02
    outer loop
      vertex   1.150000e-01 1.250000e-01 1.500000e-02
      vertex   1.171734e-01 1.245159e-01 1.717340e-02
      vertex   1.180902e-01 1.245106e-01 1.500000e-02
    endloop
  endfacet
  facet normal 2.790748e-01 9.533137e-01 1.153704e-01
    outer loop
      vertex   1.180902e-01 1.245106e-01 1.500000e-02
      vertex   1.171734e-01 1.245159e-01 1.717340e-02
      vertex   1.186207e-01 1.243158e-01 1.532594e-02
    endloop
  endfacet
  facet normal 4.446053e-01 8.725871e-01 -2.022818e-01
    outer loop
      vertex   1.180902e-01 1.245106e-01 1.500000e-02
      vertex   1.186207e-01 1.243158e-01 1.532594e-02
      vertex   1.208779e-01 1.230902e-01 1.500000e-02
    endloop
  endfacet
  facet normal 4.861425e-01 8.676990e-01 1.037488e-01
    outer loop
      vertex   1.208779e-01 1.230902e-01 1.500000e-02
      vertex   1.186207e-01 1.243158e-01 1.532594e-02
      vertex   1.208468e-01 1.228740e-01 1.695301e-02
    endloop
  endfacet
  facet normal 7.042922e-01 7.042922e-01 8.913427e-02
    outer loop
      vertex   1.208779e-01 1.230902e-01 1.500000e-02
      vertex   1.208468e-01 1.228740e-01 1.695301e-02
      vertex   1.230902e-01 1.208779e-01 1.500000e-02
    endloop
  endfacet
  facet normal 1.704084e-01 6.114789e-01 7.726931e-01
    outer loop
      vertex   1.183910e-01 1.206699e-01 2.250686e-02
      vertex   1.150000e-01 1.208779e-01 2.309017e-02
      vertex   1.157830e-01 1.199417e-01 2.365832e-02
    endloop
  endfacet
  facet normal -1.031697e-01 4.515679e-01 8.862519e-01
    outer loop
      vertex   1.157830e-01 1.199417e-01 2.365832e-02
      vertex   1.150000e-01 1.208779e-01 2.309017e-02
      vertex   1.150000e-01 1.180902e-01 2.451057e-02
    endloop
  endfacet
  facet normal 1.431588e-01 3.632200e-01 9.206393e-01
    outer loop
      vertex   1.157830e-01 1.199417e-01 2.365832e-02
      vertex   1.150000e-01 1.180902e-01 2.451057e-02
      vertex   1.170045e-01 1.172198e-01 2.454224e-02
    endloop
  endfacet
  facet normal 2.720701e-01 4.054925e-01 8.726704e-01
    outer loop
      vertex   1.183910e-01 1.206699e-01 2.250686e-02
      vertex   1.157830e-01 1.199417e-01 2.365832e-02
      vertex   1.170045e-01 1.172198e-01 2.454224e-02
    endloop
  endfacet
  facet normal 5.182903e-01 4.544882e-01 7.244416e-01
    outer loop
      vertex   1.206989e-01 1.209199e-01 2.069889e-02
      vertex   1.183910e-01 1.206699e-01 2.250686e-02
      vertex   1.195007e-01 1.179169e-01 2.344013e-02
    endloop
  endfacet
  facet normal 2.720701e-01 4.054925e-01 8.726704e-01
    outer loop
      vertex   1.195007e-01 1.179169e-01 2.344013e-02
      vertex   1.183910e-01 1.206699e-01 2.250686e-02
      vertex   1.170045e-01 1.172198e-01 2.454224e-02
    endloop
  endfacet
  facet normal 2.244688e-01 8.845714e-01 4.088363e-01
    outer loop
      vertex   1.171734e-01 1.245159e-01 1.717340e-02
      vertex   1.153259e-01 1.243158e-01 1.862067e-02
      vertex   1.169530e-01 1.228740e-01 2.084680e-02
    endloop
  endfacet
  facet normal 2.244688e-01 8.845714e-01 4.088363e-01
    outer loop
      vertex   1.171734e-01 1.245159e-01 1.717340e-02
      vertex   1.169530e-01 1.228740e-01 2.084680e-02
      vertex   1.191364e-01 1.231105e-01 1.913638e-02
    endloop
  endfacet
  facet normal 7.244416e-01 4.544882e-01 5.182903e-01
    outer loop
      vertex   1.225069e-01 1.206699e-01 1.839099e-02
      vertex   1.206989e-01 1.209199e-01 2.069889e-02
      vertex   1.217097e-01 1.181561e-01 2.170965e-02
    endloop
  endfacet
  facet normal 5.182903e-01 4.544882e-01 7.244416e-01
    outer loop
      vertex   1.217097e-01 1.181561e-01 2.170965e-02
      vertex   1.206989e-01 1.209199e-01 2.069889e-02
      vertex   1.195007e-01 1.179169e-01 2.344013e-02
    endloop
  endfacet
  facet normal 4.088363e-01 8.845714e-01 2.244688e-01
    outer loop
      vertex   1.186207e-01 1.243158e-01 1.532594e-02
      vertex   1.171734e-01 1.245159e-01 1.717340e-02
      vertex   1.191364e-01 1.231105e-01 1.913638e-02
    endloop
  endfacet
  facet normal 4.088363e-01 8.845714e-01 2.244688e-01
    outer loop
      vertex   1.186207e-01 1.243158e-01 1.532594e-02
      vertex   1.191364e-01 1.231105e-01 1.913638e-02
      vertex   1.208468e-01 1.228740e-01 1.695301e-02
    endloop
  endfacet
  facet normal 8.726704e-01 4.054925e-01 2.720701e-01
    outer loop
      vertex   1.236583e-01 1.199417e-01 1.578304e-02
      vertex   1.225069e-01 1.206699e-01 1.839099e-02
      vertex   1.234401e-01 1.179169e-01 1.950067e-02
    endloop
  endfacet
  facet normal 7.244416e-01 4.544882e-01 5.182903e-01
    outer loop
      vertex   1.234401e-01 1.179169e-01 1.950067e-02
      vertex   1.225069e-01 1.206699e-01 1.839099e-02
      vertex   1.217097e-01 1.181561e-01 2.170965e-02
    endloop
  endfacet
  facet normal 8.726704e-01 4.054925e-01 2.720701e-01
    outer loop
      vertex   1.245422e-01 1.172198e-01 1.700449e-02
      vertex   1.236583e-01 1.199417e-01 1.578304e-02
      vertex   1.234401e-01 1.179169e-01 1.950067e-02
    endloop
  endfacet
  facet normal 9.876883e-01 1.564345e-01 0.000000e+00
    outer loop
      vertex   1.250000e-01 1.150000e-01 1.500000e-02
      vertex   1.250000e-01 1.150000e-01 0.000000e+00
      vertex   1.245106e-01 1.180902e-01 1.500000e-02
    endloop
  endfacet
  facet normal 9.876883e-01 1.564345e-01 0.000000e+00
    outer loop
      vertex   1.245106e-01 1.180902e-01 1.500000e-02
      vertex   1.250000e-01 1.150000e-01 0.000000e+00
      vertex   1.245106e-01 1.180902e-01 0.000000e+00
    endloop
  endfacet
  facet normal 8.910065e-01 4.539905e-01 0.000000e+00
    outer loop
      vertex   1.245106e-01 1.180902e-01 1.500000e-02
      vertex   1.245106e-01 1.180902e-01 0.000000e+00
      vertex   1.230902e-01 1.208779e-01 1.500000e-02
    endloop
  endfacet
  facet normal 8.910065e-01 4.539905e-01 0.000000e+00
    outer loop
      vertex   1.230902e-01 1.208779e-01 1.500000e-02
      vertex   1.245106e-01 1.180902e-01 0.000000e+00
      vertex   1.230902e-01 1.208779e-01 0.000000e+00
    endloop
  endfacet
  facet normal 7.071068e-01 7.071068e-01 0.000000e+00
    outer loop
      vertex   1.230902e-01 1.208779e-01 1.500000e-02
      vertex   1.230902e-01 1.208779e-01 0.000000e+00
      vertex   1.208779e-01 1.230902e-01 1.500000e-02
    endloop
  endfacet
  facet normal 7.071068e-01 7.071068e-01 0.000000e+00
    outer loop
      vertex   1.208779e-01 1.230902e-01 1.500000e-02
      vertex   1.230902e-01 1.208779e-01 0.000000e+00
      vertex   1.208779e-01 1.230902e-01 0.000000e+00
    endloop
  endfacet
  facet normal 4.539905e-01 8.910065e-01 0.000000e+00
    outer loop
      vertex   1.208779e-01 1.230902e-01 1.500000e-02
      vertex   1.208779e-01 1.230902e-01 0.000000e+00
      vertex   1.180902e-01 1.245106e-01 1.500000e-02
    endloop
  endfacet
  facet normal 4.539905e-01 8.910065e-01 0.000000e+00
    outer loop
      vertex   1.180902e-01 1.245106e-01 1.500000e-02
      vertex   1.208779e-01 1.230902e-01 0.000000e+00
      vertex   1.180902e-01 1.245106e-01 0.000000e+00
    endloop
  endfacet
  facet normal 1.564345e-01 9.876883e-01 0.000000e+00
    outer loop
      vertex   1.180902e-01 1.245106e-01 1.500000e-02
      vertex   1.180902e-01 1.245106e-01 0.000000e+00
      vertex   1.150000e-01 1.250000e-01 1.500000e-02
    endloop
  endfacet
  facet normal 1.564345e-01 9.876883e-01 0.000000e+00
    outer loop
      vertex   1.150000e-01 1.250000e-01 1.500000e-02
      vertex   1.180902e-01 1.245106e-01 0.000000e+00
      vertex   1.150000e-01 1.250000e-01 0.000000e+00
    endloop
  endfacet
  facet normal -0.000000e+00 9.876883e-01 1.564345e-01
    outer loop
      vertex   -1.150000e-01 1.245106e-01 1.809017e-02
      vertex   -5.750000e-02 1.245106e-01 1.809017e-02
      vertex   -1.150000e-01 1.250000e-01 1.500000e-02
    endloop
  endfacet
  facet normal 0.000000e+00 9.876883e-01 1.564345e-01
    outer loop
      vertex   -1.150000e-01 1.250000e-01 1.500000e-02
      vertex   -5.750000e-02 1.245106e-01 1.809017e-02
      vertex   -8.881784e-18 1.245106e-01 1.809017e-02
    endloop
  endfacet
  facet normal -0.000000e+00 9.876883e-01 1.564345e-01
    outer loop
      vertex   -1.150000e-01 1.250000e-01 1.500000e-02
      vertex   -8.881784e-18 1.245106e-01 1.809017e-02
      vertex   1.150000e-01 1.250000e-01 1.500000e-02
    endloop
  endfacet
  facet normal 0.000000e+00 9.876883e-01 1.564345e-01
    outer loop
      vertex   1.150000e-01 1.250000e-01 1.500000e-02
      vertex   -8.881784e-18 1.245106e-01 1.809017e-02
      vertex   5.750000e-02 1.245106e-01 1.809017e-02
    endloop
  endfacet
  facet normal 0.000000e+00 9.876883e-01 1.564345e-01
    outer loop
      vertex   1.150000e-01 1.250000e-01 1.500000e-02
      vertex   5.750000e-02 1.245106e-01 1.809017e-02
      vertex   1.150000e-01 1.245106e-01 1.809017e-02
    endloop
  endfacet
  facet normal 0.000000e+00 8.910065e-01 4.539905e-01
    outer loop
      vertex   1.150000e-01 1.245106e-01 1.809017e-02
      vertex   5.750000e-02 1.245106e-01 1.809017e-02
      vertex   1.150000e-01 1.230902e-01 2.087785e-02
    endloop
  endfacet
  facet normal 2.739297e-17 8.910065e-01 4.539905e-01
    outer loop
      vertex   1.150000e-01 1.230902e-01 2.087785e-02
      vertex   5.750000e-02 1.245106e-01 1.809017e-02
      vertex   5.750000e-02 1.230902e-01 2.087785e-02
    endloop
  endfacet
  facet normal 4.266556e-17 7.071068e-01 7.071068e-01
    outer loop
      vertex   1.150000e-01 1.230902e-01 2.087785e-02
      vertex   5.750000e-02 1.230902e-01 2.087785e-02
      vertex   1.150000e-01 1.208779e-01 2.309017e-02
    endloop
  endfacet
  facet normal 0.000000e+00 7.071068e-01 7.071068e-01
    outer loop
      vertex   1.150000e-01 1.208779e-01 2.309017e-02
      vertex   5.750000e-02 1.230902e-01 2.087785e-02
      vertex   5.750000e-02 1.208779e-01 2.309017e-02
    endloop
  endfacet
  facet normal 0.000000e+00 4.539905e-01 8.910065e-01
    outer loop
      vertex   1.150000e-01 1.208779e-01 2.309017e-02
      vertex   5.750000e-02 1.208779e-01 2.309017e-02
      vertex   1.150000e-01 1.180902e-01 2.451057e-02
    endloop
  endfacet
  facet normal 0.000000e+00 4.539905e-01 8.910065e-01
    outer loop
      vertex   1.150000e-01 1.180902e-01 2.451057e-02
      vertex   5.750000e-02 1.208779e-01 2.309017e-02
      vertex   5.750000e-02 1.180902e-01 2.451057e-02
    endloop
  endfacet
  facet normal 0.000000e+00 1.564345e-01 9.876883e-01
    outer loop
      vertex   1.150000e-01 1.180902e-01 2.451057e-02
      vertex   5.750000e-02 1.180902e-01 2.451057e-02
      vertex   1.150000e-01 1.150000e-01 2.500000e-02
    endloop
  endfacet
  facet normal 0.000000e+00 1.564345e-01 9.876883e-01
    outer loop
      vertex   1.150000e-01 1.150000e-01 2.500000e-02
      vertex   5.750000e-02 1.180902e-01 2.451057e-02
      vertex   -8.881784e-18 1.180902e-01 2.451057e-02
    endloop
  endfacet
  facet normal 0.000000e+00 1.564345e-01 9.876883e-01
    outer loop
      vertex   1.150000e-01 1.150000e-01 2.500000e-02
      vertex   -8.881784e-18 1.180902e-01 2.451057e-02
      vertex   -1.150000e-01 1.150000e-01 2.500000e-02
    endloop
  endfacet
  facet normal 0.000000e+00 1.564345e-01 9.876883e-01
    outer loop
      vertex   -1.150000e-01 1.150000e-01 2.500000e-02
      vertex   -8.881784e-18 1.180902e-01 2.451057e-02
      vertex   -5.750000e-02 1.180902e-01 2.451057e-02
    endloop
  endfacet
  facet normal 0.000000e+00 1.564345e-01 9.876883e-01
    outer loop
      vertex   -1.150000e-01 1.150000e-01 2.500000e-02
      vertex   -5.750000e-02 1.180902e-01 2.451057e-02
      vertex   -1.150000e-01 1.180902e-01 2.451057e-02
    endloop
  endfacet
  facet normal -0.000000e+00 4.539905e-01 8.910065e-01
    outer loop
      vertex   -1.150000e-01 1.180902e-01 2.451057e-02
      vertex   -5.750000e-02 1.180902e-01 2.451057e-02
      vertex   -1.150000e-01 1.208779e-01 2.309017e-02
    endloop
  endfacet
  facet normal -0.000000e+00 4.539905e-01 8.910065e-01
    outer loop
      vertex   -1.150000e-01 1.208779e-01 2.309017e-02
      vertex   -5.750000e-02 1.180902e-01 2.451057e-02
      vertex   -5.750000e-02 1.208779e-01 2.309017e-02
    endloop
  endfacet
  facet normal -0.000000e+00 7.071068e-01 7.071068e-01
    outer loop
      vertex   -1.150000e-01 1.208779e-01 2.309017e-02
      vertex   -5.750000e-02 1.208779e-01 2.309017e-02
      vertex   -1.150000e-01 1.230902e-01 2.087785e-02
    endloop
  endfacet
  facet normal -4.266556e-17 7.071068e-01 7.071068e-01
    outer loop
      vertex   -1.150000e-01 1.230902e-01 2.087785e-02
      vertex   -5.750000e-02 1.208779e-01 2.309017e-02
      vertex   -5.750000e-02 1.230902e-01 2.087785e-02
    endloop
  endfacet
  facet normal -2.739297e-17 8.910065e-01 4.539905e-01
    outer loop
      vertex   -1.150000e-01 1.230902e-01 2.087785e-02
      vertex   -5.750000e-02 1.230902e-01 2.087785e-02
      vertex   -1.150000e-01 1.245106e-01 1.809017e-02
    endloop
  endfacet
  facet normal -0.000000e+00 8.910065e-01 4.539905e-01
    outer loop
      vertex   -1.150000e-01 1.245106e-01 1.809017e-02
      vertex   -5.750000e-02 1.230902e-01 2.087785e-02
      vertex   -5.750000e-02 1.245106e-01 1.809017e-02
    endloop
  endfacet
  facet normal 0.000000e+00 8.910065e-01 4.539905e-01
    outer loop
      vertex   5.750000e-02 1.230902e-01 2.087785e-02
      vertex   5.750000e-02 1.245106e-01 1.809017e-02
      vertex   -8.881784e-18 1.245106e-01 1.809017e-02
    endloop
  endfacet
  facet normal 0.000000e+00 8.910065e-01 4.539905e-01
    outer loop
      vertex   -8.881784e-18 1.245106e-01 1.809017e-02
      vertex   -5.750000e-02 1.245106e-01 1.809017e-02
      vertex   -8.881784e-18 1.230902e-01 2.087785e-02
    endloop
  endfacet
  facet normal 0.000000e+00 8.910065e-01 4.539905e-01
    outer loop
      vertex   -8.881784e-18 1.230902e-01 2.087785e-02
      vertex   -5.750000e-02 1.245106e-01 1.809017e-02
      vertex   -5.750000e-02 1.230902e-01 2.087785e-02
    endloop
  endfacet
  facet normal 0.000000e+00 7.071068e-01 7.071068e-01
    outer loop
      vertex   -8.881784e-18 1.230902e-01 2.087785e-02
      vertex   -5.750000e-02 1.230902e-01 2.087785e-02
      vertex   -8.881784e-18 1.208779e-01 2.309017e-02
    endloop
  endfacet
  facet normal 0.000000e+00 7.071068e-01 7.071068e-01
    outer loop
      vertex   -8.881784e-18 1.208779e-01 2.309017e-02
      vertex   -5.750000e-02 1.230902e-01 2.087785e-02
      vertex   -5.750000e-02 1.208779e-01 2.309017e-02
    endloop
  endfacet
  facet normal 0.000000e+00 4.539905e-01 8.910065e-01
    outer loop
      vertex   -8.881784e-18 1.208779e-01 2.309017e-02
      vertex   -5.750000e-02 1.208779e-01 2.309017e-02
      vertex   -8.881784e-18 1.180902e-01 2.451057e-02
    endloop
  endfacet
  facet normal 0.000000e+00 4.539905e-01 8.910065e-01
    outer loop
      vertex   -8.881784e-18 1.180902e-01 2.451057e-02
      vertex   -5.750000e-02 1.208779e-01 2.309017e-02
      vertex   -5.750000e-02 1.180902e-01 2.451057e-02
    endloop
  endfacet
  facet normal 0.000000e+00 7.071068e-01 7.071068e-01
    outer loop
      vertex   5.750000e-02 1.208779e-01 2.309017e-02
      vertex   5.750000e-02 1.230902e-01 2.087785e-02
      vertex   -8.881784e-18 1.230902e-01 2.087785e-02
    endloop
  endfacet
  facet normal -0.000000e+00 8.910065e-01 4.539905e-01
    outer loop
      vertex   -8.881784e-18 1.230902e-01 2.087785e-02
      vertex   5.750000e-02 1.230902e-01 2.087785e-02
      vertex   -8.881784e-18 1.245106e-01 1.809017e-02
    endloop
  endfacet
  facet normal 0.000000e+00 7.071068e-01 7.071068e-01
    outer loop
      vertex   5.750000e-02 1.208779e-01 2.309017e-02
      vertex   -8.881784e-18 1.230902e-01 2.087785e-02
      vertex   -8.881784e-18 1.208779e-01 2.309017e-02
    endloop
  endfacet
  facet normal 0.000000e+00 4.539905e-01 8.910065e-01
    outer loop
      vertex   5.750000e-02 1.180902e-01 2.451057e-02
      vertex   5.750000e-02 1.208779e-01 2.309017e-02
      vertex   -8.881784e-18 1.208779e-01 2.309017e-02
    endloop
  endfacet
  facet normal 0.000000e+00 4.539905e-01 8.910065e-01
    outer loop
      vertex   5.750000e-02 1.180902e-01 2.451057e-02
      vertex   -8.881784e-18 1.208779e-01 2.309017e-02
      vertex   -8.881784e-18 1.180902e-01 2.451057e-02
    endloop
  endfacet
  facet normal 9.876883e-01 0.000000e+00 1.564345e-01
    outer loop
      vertex   1.245106e-01 1.150000e-01 1.809017e-02
      vertex   1.245106e-01 5.750000e-02 1.809017e-02
      vertex   1.250000e-01 1.150000e-01 1.500000e-02
    endloop
  endfacet
  facet normal 9.876883e-01 0.000000e+00 1.564345e-01
    outer loop
      vertex   1.250000e-01 1.150000e-01 1.500000e-02
      vertex   1.245106e-01 5.750000e-02 1.809017e-02
      vertex   1.245106e-01 8.881784e-18 1.809017e-02
    endloop
  endfacet
  facet normal 9.876883e-01 0.000000e+00 1.564345e-01
    outer loop
      vertex   1.250000e-01 1.150000e-01 1.500000e-02
      vertex   1.245106e-01 8.881784e-18 1.809017e-02
      vertex   1.250000e-01 -1.150000e-01 1.500000e-02
    endloop
  endfacet
  facet normal 9.876883e-01 0.000000e+00 1.564345e-01
    outer loop
      vertex   1.250000e-01 -1.150000e-01 1.500000e-02
      vertex   1.245106e-01 8.881784e-18 1.809017e-02
      vertex   1.245106e-01 -5.750000e-02 1.809017e-02
    endloop
  endfacet
  facet normal 9.876883e-01 0.000000e+00 1.564345e-01
    outer loop
      vertex   1.250000e-01 -1.150000e-01 1.500000e-02
      vertex   1.245106e-01 -5.750000e-02 1.809017e-02
      vertex   1.245106e-01 -1.150000e-01 1.809017e-02
    endloop
  endfacet
  facet normal 8.910065e-01 -0.000000e+00 4.539905e-01
    outer loop
      vertex   1.245106e-01 -1.150000e-01 1.809017e-02
      vertex   1.245106e-01 -5.750000e-02 1.809017e-02
      vertex   1.230902e-01 -1.150000e-01 2.087785e-02
    endloop
  endfacet
  facet normal 8.910065e-01 -2.739297e-17 4.539905e-01
    outer loop
      vertex   1.230902e-01 -1.150000e-01 2.087785e-02
      vertex   1.245106e-01 -5.750000e-02 1.809017e-02
      vertex   1.230902e-01 -5.750000e-02 2.087785e-02
    endloop
  endfacet
  facet normal 7.071068e-01 -4.266556e-17 7.071068e-01
    outer loop
      vertex   1.230902e-01 -1.150000e-01 2.087785e-02
      vertex   1.230902e-01 -5.750000e-02 2.087785e-02
      vertex   1.208779e-01 -1.150000e-01 2.309017e-02
    endloop
  endfacet
  facet normal 7.071068e-01 -0.000000e+00 7.071068e-01
    outer loop
      vertex   1.208779e-01 -1.150000e-01 2.309017e-02
      vertex   1.230902e-01 -5.750000e-02 2.087785e-02
      vertex   1.208779e-01 -5.750000e-02 2.309017e-02
    endloop
  endfacet
  facet normal 4.539905e-01 -0.000000e+00 8.910065e-01
    outer loop
      vertex   1.208779e-01 -1.150000e-01 2.309017e-02
      vertex   1.208779e-01 -5.750000e-02 2.309017e-02
      vertex   1.180902e-01 -1.150000e-01 2.451057e-02
    endloop
  endfacet
  facet normal 4.539905e-01 -0.000000e+00 8.910065e-01
    outer loop
      vertex   1.180902e-01 -1.150000e-01 2.451057e-02
      vertex   1.208779e-01 -5.750000e-02 2.309017e-02
      vertex   1.180902e-01 -5.750000e-02 2.451057e-02
    endloop
  endfacet
  facet normal 1.564345e-01 -0.000000e+00 9.876883e-01
    outer loop
      vertex   1.180902e-01 -1.150000e-01 2.451057e-02
      vertex   1.180902e-01 -5.750000e-02 2.451057e-02
      vertex   1.150000e-01 -1.150000e-01 2.500000e-02
    endloop
  endfacet
  facet normal 1.564345e-01 0.000000e+00 9.876883e-01
    outer loop
      vertex   1.150000e-01 -1.150000e-01 2.500000e-02
      vertex   1.180902e-01 -5.750000e-02 2.451057e-02
      vertex   1.180902e-01 8.881784e-18 2.451057e-02
    endloop
  endfacet
  facet normal 1.564345e-01 -0.000000e+00 9.876883e-01
    outer loop
      vertex   1.150000e-01 -1.150000e-01 2.500000e-02
      vertex   1.180902e-01 8.881784e-18 2.451057e-02
      vertex   1.150000e-01 1.150000e-01 2.500000e-02
    endloop
  endfacet
  facet normal 1.564345e-01 0.000000e+00 9.876883e-01
    outer loop
      vertex   1.150000e-01 1.150000e-01 2.500000e-02
      vertex   1.180902e-01 8.881784e-18 2.451057e-02
      vertex   1.180902e-01 5.750000e-02 2.451057e-02
    endloop
  endfacet
  facet normal 1.564345e-01 0.000000e+00 9.876883e-01
    outer loop
      vertex   1.150000e-01 1.150000e-01 2.500000e-02
      vertex   1.180902e-01 5.750000e-02 2.451057e-02
      vertex   1.180902e-01 1.150000e-01 2.451057e-02
    endloop
  endfacet
  facet normal 4.539905e-01 0.000000e+00 8.910065e-01
    outer loop
      vertex   1.180902e-01 1.150000e-01 2.451057e-02
      vertex   1.180902e-01 5.750000e-02 2.451057e-02
      vertex   1.208779e-01 1.150000e-01 2.309017e-02
    endloop
  endfacet
  facet normal 4.539905e-01 0.000000e+00 8.910065e-01
    outer loop
      vertex   1.208779e-01 1.150000e-01 2.309017e-02
      vertex   1.180902e-01 5.750000e-02 2.451057e-02
      vertex   1.208779e-01 5.750000e-02 2.309017e-02
    endloop
  endfacet
  facet normal 7.071068e-01 0.000000e+00 7.071068e-01
    outer loop
      vertex   1.208779e-01 1.150000e-01 2.309017e-02
      vertex   1.208779e-01 5.750000e-02 2.309017e-02
      vertex   1.230902e-01 1.150000e-01 2.087785e-02
    endloop
  endfacet
  facet normal 7.071068e-01 4.266556e-17 7.071068e-01
    outer loop
      vertex   1.230902e-01 1.150000e-01 2.087785e-02
      vertex   1.208779e-01 5.750000e-02 2.309017e-02
      vertex   1.230902e-01 5.750000e-02 2.087785e-02
    endloop
  endfacet
  facet normal 8.910065e-01 2.739297e-17 4.539905e-01
    outer loop
      vertex   1.230902e-01 1.150000e-01 2.087785e-02
      vertex   1.230902e-01 5.750000e-02 2.087785e-02
      vertex   1.245106e-01 1.150000e-01 1.809017e-02
    endloop
  endfacet
  facet normal 8.910065e-01 0.000000e+00 4.539905e-01
    outer loop
      vertex   1.245106e-01 1.150000e-01 1.809017e-02
      vertex   1.230902e-01 5.750000e-02 2.087785e-02
      vertex   1.245106e-01 5.750000e-02 1.809017e-02
    endloop
  endfacet
  facet normal 8.910065e-01 0.000000e+00 4.539905e-01
    outer loop
      vertex   1.230902e-01 -5.750000e-02 2.087785e-02
      vertex   1.245106e-01 -5.750000e-02 1.809017e-02
      vertex   1.245106e-01 8.881784e-18 1.809017e-02
    endloop
  endfacet
  facet normal 8.910065e-01 -0.000000e+00 4.539905e-01
    outer loop
      vertex   1.245106e-01 8.881784e-18 1.809017e-02
      vertex   1.245106e-01 5.750000e-02 1.809017e-02
      vertex   1.230902e-01 8.881784e-18 2.087785e-02
    endloop
  endfacet
  facet normal 8.910065e-01 -0.000000e+00 4.539905e-01
    outer loop
      vertex   1.230902e-01 8.881784e-18 2.087785e-02
      vertex   1.245106e-01 5.750000e-02 1.809017e-02
      vertex   1.230902e-01 5.750000e-02 2.087785e-02
    endloop
  endfacet
  facet normal 7.071068e-01 -0.000000e+00 7.071068e-01
    outer loop
      vertex   1.230902e-01 8.881784e-18 2.087785e-02
      vertex   1.230902e-01 5.750000e-02 2.087785e-02
      vertex   1.208779e-01 8.881784e-18 2.309017e-02
    endloop
  endfacet
  facet normal 7.071068e-01 -0.000000e+00 7.071068e-01
    outer loop
      vertex   1.208779e-01 8.881784e-18 2.309017e-02
      vertex   1.230902e-01 5.750000e-02 2.087785e-02
      vertex   1.208779e-01 5.750000e-02 2.309017e-02
    endloop
  endfacet
  facet normal 4.539905e-01 -0.000000e+00 8.910065e-01
    outer loop
      vertex   1.208779e-01 8.881784e-18 2.309017e-02
      vertex   1.208779e-01 5.750000e-02 2.309017e-02
      vertex   1.180902e-01 8.881784e-18 2.451057e-02
    endloop
  endfacet
  facet normal 4.539905e-01 -0.000000e+00 8.910065e-01
    outer loop
      vertex   1.180902e-01 8.881784e-18 2.451057e-02
      vertex   1.208779e-01 5.750000e-02 2.309017e-02
      vertex   1.180902e-01 5.750000e-02 2.451057e-02
    endloop
  endfacet
  facet normal 7.071068e-01 0.000000e+00 7.071068e-01
    outer loop
      vertex   1.208779e-01 -5.750000e-02 2.309017e-02
      vertex   1.230902e-01 -5.750000e-02 2.087785e-02
      vertex   1.230902e-01 8.881784e-18 2.087785e-02
    endloop
  endfacet
  facet normal 8.910065e-01 0.000000e+00 4.539905e-01
    outer loop
      vertex   1.230902e-01 8.881784e-18 2.087785e-02
      vertex   1.230902e-01 -5.750000e-02 2.087785e-02
      vertex   1.245106e-01 8.881784e-18 1.809017e-02
    endloop
  endfacet
  facet normal 7.071068e-01 -0.000000e+00 7.071068e-01
    outer loop
      vertex   1.208779e-01 -5.750000e-02 2.309017e-02
      vertex   1.230902e-01 8.881784e-18 2.087785e-02
      vertex   1.208779e-01 8.881784e-18 2.309017e-02
    endloop
  endfacet
  facet normal 4.539905e-01 0.000000e+00 8.910065e-01
    outer loop
      vertex   1.180902e-01 -5.750000e-02 2.451057e-02
      vertex   1.208779e-01 -5.750000e-02 2.309017e-02
      vertex   1.208779e-01 8.881784e-18 2.309017e-02
    endloop
  endfacet
  facet normal 4.539905e-01 -0.000000e+00 8.910065e-01
    outer loop
      vertex   1.180902e-01 -5.750000e-02 2.451057e-02
      vertex   1.208779e-01 8.881784e-18 2.309017e-02
      vertex   1.180902e-01 8.881784e-18 2.451057e-02
    endloop
  endfacet
  facet normal 0.000000e+00 -9.876883e-01 1.564345e-01
    outer loop
      vertex   1.150000e-01 -1.245106e-01 1.809017e-02
      vertex   5.750000e-02 -1.245106e-01 1.809017e-02
      vertex   1.150000e-01 -1.250000e-01 1.500000e-02
    endloop
  endfacet
  facet normal 0.000000e+00 -9.876883e-01 1.564345e-01
    outer loop
      vertex   1.150000e-01 -1.250000e-01 1.500000e-02
      vertex   5.750000e-02 -1.245106e-01 1.809017e-02
      vertex   8.881784e-18 -1.245106e-01 1.809017e-02
    endloop
  endfacet
  facet normal 0.000000e+00 -9.876883e-01 1.564345e-01
    outer loop
      vertex   1.150000e-01 -1.250000e-01 1.500000e-02
      vertex   8.881784e-18 -1.245106e-01 1.809017e-02
      vertex   -1.150000e-01 -1.250000e-01 1.500000e-02
    endloop
  endfacet
  facet normal 0.000000e+00 -9.876883e-01 1.564345e-01
    outer loop
      vertex   -1.150000e-01 -1.250000e-01 1.500000e-02
      vertex   8.881784e-18 -1.245106e-01 1.809017e-02
      vertex   -5.750000e-02 -1.245106e-01 1.809017e-02
    endloop
  endfacet
  facet normal 0.000000e+00 -9.876883e-01 1.564345e-01
    outer loop
      vertex   -1.150000e-01 -1.250000e-01 1.500000e-02
      vertex   -5.750000e-02 -1.245106e-01 1.809017e-02
      vertex   -1.150000e-01 -1.245106e-01 1.809017e-02
    endloop
  endfacet
  facet normal 0.000000e+00 -8.910065e-01 4.539905e-01
    outer loop
      vertex   -1.150000e-01 -1.245106e-01 1.809017e-02
      vertex   -5.750000e-02 -1.245106e-01 1.809017e-02
      vertex   -1.150000e-01 -1.230902e-01 2.087785e-02
    endloop
  endfacet
  facet normal -2.739297e-17 -8.910065e-01 4.539905e-01
    outer loop
      vertex   -1.150000e-01 -1.230902e-01 2.087785e-02
      vertex   -5.750000e-02 -1.245106e-01 1.809017e-02
      vertex   -5.750000e-02 -1.230902e-01 2.087785e-02
    endloop
  endfacet
  facet normal -4.266556e-17 -7.071068e-01 7.071068e-01
    outer loop
      vertex   -1.150000e-01 -1.230902e-01 2.087785e-02
      vertex   -5.750000e-02 -1.230902e-01 2.087785e-02
      vertex   -1.150000e-01 -1.208779e-01 2.309017e-02
    endloop
  endfacet
  facet normal 0.000000e+00 -7.071068e-01 7.071068e-01
    outer loop
      vertex   -1.150000e-01 -1.208779e-01 2.309017e-02
      vertex   -5.750000e-02 -1.230902e-01 2.087785e-02
      vertex   -5.750000e-02 -1.208779e-01 2.309017e-02
    endloop
  endfacet
  facet normal 0.000000e+00 -4.539905e-01 8.910065e-01
    outer loop
      vertex   -1.150000e-01 -1.208779e-01 2.309017e-02
      vertex   -5.750000e-02 -1.208779e-01 2.309017e-02
      vertex   -1.150000e-01 -1.180902e-01 2.451057e-02
    endloop
  endfacet
  facet normal 0.000000e+00 -4.539905e-01 8.910065e-01
    outer loop
      vertex   -1.150000e-01 -1.180902e-01 2.451057e-02
      vertex   -5.750000e-02 -1.208779e-01 2.309017e-02
      vertex   -5.750000e-02 -1.180902e-01 2.451057e-02
    endloop
  endfacet
  facet normal 0.000000e+00 -1.564345e-01 9.876883e-01
    outer loop
      vertex   -1.150000e-01 -1.180902e-01 2.451057e-02
      vertex   -5.750000e-02 -1.180902e-01 2.451057e-02
      vertex   -1.150000e-01 -1.150000e-01 2.500000e-02
    endloop
  endfacet
  facet normal 0.000000e+00 -1.564345e-01 9.876883e-01
    outer loop
      vertex   -1.150000e-01 -1.150000e-01 2.500000e-02
      vertex   -5.750000e-02 -1.180902e-01 2.451057e-02
      vertex   8.881784e-18 -1.180902e-01 2.451057e-02
    endloop
  endfacet
  facet normal 0.000000e+00 -1.564345e-01 9.876883e-01
    outer loop
      vertex   -1.150000e-01 -1.150000e-01 2.500000e-02
      vertex   8.881784e-18 -1.180902e-01 2.451057e-02
      vertex   1.150000e-01 -1.150000e-01 2.500000e-02
    endloop
  endfacet
  facet normal 0.000000e+00 -1.564345e-01 9.876883e-01
    outer loop
      vertex   1.150000e-01 -1.150000e-01 2.500000e-02
      vertex   8.881784e-18 -1.180902e-01 2.451057e-02
      vertex   5.750000e-02 -1.180902e-01 2.451057e-02
    endloop
  endfacet
  facet normal 0.000000e+00 -1.564345e-01 9.876883e-01
    outer loop
      vertex   1.150000e-01 -1.150000e-01 2.500000e-02
      vertex   5.750000e-02 -1.180902e-01 2.451057e-02
      vertex   1.150000e-01 -1.180902e-01 2.451057e-02
    endloop
  endfacet
  facet normal 0.000000e+00 -4.539905e-01 8.910065e-01
    outer loop
      vertex   1.150000e-01 -1.180902e-01 2.451057e-02
      vertex   5.750000e-02 -1.180902e-01 2.451057e-02
      vertex   1.150000e-01 -1.208779e-01 2.309017e-02
    endloop
  endfacet
  facet normal 0.000000e+00 -4.539905e-01 8.910065e-01
    outer loop
      vertex   1.150000e-01 -1.208779e-01 2.309017e-02
      vertex   5.750000e-02 -1.180902e-01 2.451057e-02
      vertex   5.750000e-02 -1.208779e-01 2.309017e-02
    endloop
  endfacet
  facet normal 0.000000e+00 -7.071068e-01 7.071068e-01
    outer loop
      vertex   1.150000e-01 -1.208779e-01 2.309017e-02
      vertex   5.750000e-02 -1.208779e-01 2.309017e-02
      vertex   1.150000e-01 -1.230902e-01 2.087785e-02
    endloop
  endfacet
  facet normal 4.266556e-17 -7.071068e-01 7.071068e-01
    outer loop
      vertex   1.150000e-01 -1.230902e-01 2.087785e-02
      vertex   5.750000e-02 -1.208779e-01 2.309017e-02
      vertex   5.750000e-02 -1.230902e-01 2.087785e-02
    endloop
  endfacet
  facet normal 2.739297e-17 -8.910065e-01 4.539905e-01
    outer loop
      vertex   1.150000e-01 -1.230902e-01 2.087785e-02
      vertex   5.750000e-02 -1.230902e-01 2.087785e-02
      vertex   1.150000e-01 -1.245106e-01 1.809017e-02
    endloop
  endfacet
  facet normal 0.000000e+00 -8.910065e-01 4.539905e-01
    outer loop
      vertex   1.150000e-01 -1.245106e-01 1.809017e-02
      vertex   5.750000e-02 -1.230902e-01 2.087785e-02
      vertex   5.750000e-02 -1.245106e-01 1.809017e-02
    endloop
  endfacet
  facet normal 0.000000e+00 -8.910065e-01 4.539905e-01
    outer loop
      vertex   -5.750000e-02 -1.230902e-01 2.087785e-02
      vertex   -5.750000e-02 -1.245106e-01 1.809017e-02
      vertex   8.881784e-18 -1.245106e-01 1.809017e-02
    endloop
  endfacet
  facet normal 0.000000e+00 -8.910065e-01 4.539905e-01
    outer loop
      vertex   8.881784e-18 -1.245106e-01 1.809017e-02
      vertex   5.750000e-02 -1.245106e-01 1.809017e-02
      vertex   8.881784e-18 -1.230902e-01 2.087785e-02
    endloop
  endfacet
  facet normal 0.000000e+00 -8.910065e-01 4.539905e-01
    outer loop
      vertex   8.881784e-18 -1.230902e-01 2.087785e-02
      vertex   5.750000e-02 -1.245106e-01 1.809017e-02
      vertex   5.750000e-02 -1.230902e-01 2.087785e-02
    endloop
  endfacet
  facet normal 0.000000e+00 -7.071068e-01 7.071068e-01
    outer loop
      vertex   8.881784e-18 -1.230902e-01 2.087785e-02
      vertex   5.750000e-02 -1.230902e-01 2.087785e-02
      vertex   8.881784e-18 -1.208779e-01 2.309017e-02
    endloop
  endfacet
  facet normal 0.000000e+00 -7.071068e-01 7.071068e-01
    outer loop
      vertex   8.881784e-18 -1.208779e-01 2.309017e-02
      vertex   5.750000e-02 -1.230902e-01 2.087785e-02
      vertex   5.750000e-02 -1.208779e-01 2.309017e-02
    endloop
  endfacet
  facet normal 0.000000e+00 -4.539905e-01 8.910065e-01
    outer loop
      vertex   8.881784e-18 -1.208779e-01 2.309017e-02
      vertex   5.750000e-02 -1.208779e-01 2.309017e-02
      vertex   8.881784e-18 -1.180902e-01 2.451057e-02
    endloop
  endfacet
  facet normal 0.000000e+00 -4.539905e-01 8.910065e-01
    outer loop
      vertex   8.881784e-18 -1.180902e-01 2.451057e-02
      vertex   5.750000e-02 -1.208779e-01 2.309017e-02
      vertex   5.750000e-02 -1.180902e-01 2.451057e-02
    endloop
  endfacet
  facet normal 0.000000e+00 -7.071068e-01 7.071068e-01
    outer loop
      vertex   -5.750000e-02 -1.208779e-01 2.309017e-02
      vertex   -5.750000e-02 -1.230902e-01 2.087785e-02
      vertex   8.881784e-18 -1.230902e-01 2.087785e-02
    endloop
  endfacet
  facet normal 0.000000e+00 -8.910065e-01 4.539905e-01
    outer loop
      vertex   8.881784e-18 -1.230902e-01 2.087785e-02
      vertex   -5.750000e-02 -1.230902e-01 2.087785e-02
      vertex   8.881784e-18 -1.245106e-01 1.809017e-02
    endloop
  endfacet
  facet normal 0.000000e+00 -7.071068e-01 7.071068e-01
    outer loop
      vertex   -5.750000e-02 -1.208779e-01 2.309017e-02
      vertex   8.881784e-18 -1.230902e-01 2.087785e-02
      vertex   8.881784e-18 -1.208779e-01 2.309017e-02
    endloop
  endfacet
  facet normal 0.000000e+00 -4.539905e-01 8.910065e-01
    outer loop
      vertex   -5.750000e-02 -1.180902e-01 2.451057e-02
      vertex   -5.750000e-02 -1.208779e-01 2.309017e-02
      vertex   8.881784e-18 -1.208779e-01 2.309017e-02
    endloop
  endfacet
  facet normal 0.000000e+00 -4.539905e-01 8.910065e-01
    outer loop
      vertex   -5.750000e-02 -1.180902e-01 2.451057e-02
      vertex   8.881784e-18 -1.208779e-01 2.309017e-02
      vertex   8.881784e-18 -1.180902e-01 2.451057e-02
    endloop
  endfacet
  facet normal -1.000000e+00 0.000000e+00 0.000000e+00
    outer loop
      vertex   -1.250000e-01 -1.150000e-01 1.500000e-02
      vertex   -1.250000e-01 1.150000e-01 1.500000e-02
      vertex   -1.250000e-01 -1.150000e-01 0.000000e+00
    endloop
  endfacet
  facet normal -1.000000e+00 0.000000e+00 0.000000e+00
    outer loop
      vertex   -1.250000e-01 -1.150000e-01 0.000000e+00
      vertex   -1.250000e-01 1.150000e-01 1.500000e-02
      vertex   -1.250000e-01 1.150000e-01 0.000000e+00
    endloop
  endfacet
  facet normal -0.000000e+00 1.000000e+00 0.000000e+00
    outer loop
      vertex   -1.150000e-01 1.250000e-01 1.500000e-02
      vertex   1.150000e-01 1.250000e-01 1.500000e-02
      vertex   -1.150000e-01 1.250000e-01 0.000000e+00
    endloop
  endfacet
  facet normal 0.000000e+00 1.000000e+00 0.000000e+00
    outer loop
      vertex   -1.150000e-01 1.250000e-01 0.000000e+00
      vertex   1.150000e-01 1.250000e-01 1.500000e-02
      vertex   1.150000e-01 1.250000e-01 0.000000e+00
    endloop
  endfacet
  facet normal -0.000000e+00 0.000000e+00 -1.000000e+00
    outer loop
      vertex   -1.444376e-02 -4.046952e-03 0.000000e+00
      vertex   -1.250000e-01 -1.150000e-01 0.000000e+00
      vertex   -1.500000e-02 -1.836970e-18 0.000000e+00
    endloop
  endfacet
  facet normal -0.000000e+00 0.000000e+00 -1.000000e+00
    outer loop
      vertex   -1.500000e-02 -1.836970e-18 0.000000e+00
      vertex   -1.250000e-01 -1.150000e-01 0.000000e+00
      vertex   -1.250000e-01 1.150000e-01 0.000000e+00
    endloop
  endfacet
  facet normal 0.000000e+00 0.000000e+00 -1.000000e+00
    outer loop
      vertex   -1.500000e-02 -1.836970e-18 0.000000e+00
      vertex   -1.250000e-01 1.150000e-01 0.000000e+00
      vertex   -1.444376e-02 4.046952e-03 0.000000e+00
    endloop
  endfacet
  facet normal 0.000000e+00 0.000000e+00 -1.000000e+00
    outer loop
      vertex   -1.444376e-02 4.046952e-03 0.000000e+00
      vertex   -1.250000e-01 1.150000e-01 0.000000e+00
      vertex   -1.281629e-02 7.793759e-03 0.000000e+00
    endloop
  endfacet
  facet normal 0.000000e+00 0.000000e+00 -1.000000e+00
    outer loop
      vertex   -1.281629e-02 7.793759e-03 0.000000e+00
      vertex   -1.250000e-01 1.150000e-01 0.000000e+00
      vertex   -1.023830e-02 1.096254e-02 0.000000e+00
    endloop
  endfacet
  facet normal 0.000000e+00 0.000000e+00 -1.000000e+00
    outer loop
      vertex   -1.023830e-02 1.096254e-02 0.000000e+00
      vertex   -1.250000e-01 1.150000e-01 0.000000e+00
      vertex   -1.150000e-01 1.250000e-01 0.000000e+00
    endloop
  endfacet
  facet normal 0.000000e+00 0.000000e+00 -1.000000e+00
    outer loop
      vertex   -1.023830e-02 1.096254e-02 0.000000e+00
      vertex   -1.150000e-01 1.250000e-01 0.000000e+00
      vertex   -6.900976e-03 1.331828e-02 0.000000e+00
    endloop
  endfacet
  facet normal 0.000000e+00 0.000000e+00 -1.000000e+00
    outer loop
      vertex   -6.900976e-03 1.331828e-02 0.000000e+00
      vertex   -1.150000e-01 1.250000e-01 0.000000e+00
      vertex   -3.051840e-03 1.468626e-02 0.000000e+00
    endloop
  endfacet
  facet normal 0.000000e+00 0.000000e+00 -1.000000e+00
    outer loop
      vertex   -3.051840e-03 1.468626e-02 0.000000e+00
      vertex   -1.150000e-01 1.250000e-01 0.000000e+00
      vertex   1.023636e-03 1.496503e-02 0.000000e+00
    endloop
  endfacet
  facet normal 0.000000e+00 0.000000e+00 -1.000000e+00
    outer loop
      vertex   1.023636e-03 1.496503e-02 0.000000e+00
      vertex   -1.150000e-01 1.250000e-01 0.000000e+00
      vertex   1.150000e-01 1.250000e-01 0.000000e+00
    endloop
  endfacet
  facet normal 0.000000e+00 0.000000e+00 -1.000000e+00
    outer loop
      vertex   1.023636e-03 1.496503e-02 0.000000e+00
      vertex   1.150000e-01 1.250000e-01 0.000000e+00
      vertex   5.023194e-03 1.413391e-02 0.000000e+00
    endloop
  endfacet
  facet normal 0.000000e+00 0.000000e+00 -1.000000e+00
    outer loop
      vertex   5.023194e-03 1.413391e-02 0.000000e+00
      vertex   1.150000e-01 1.250000e-01 0.000000e+00
      vertex   8.650205e-03 1.225455e-02 0.000000e+00
    endloop
  endfacet
  facet normal 0.000000e+00 0.000000e+00 -1.000000e+00
    outer loop
      vertex   8.650205e-03 1.225455e-02 0.000000e+00
      vertex   1.150000e-01 1.250000e-01 0.000000e+00
      vertex   1.163567e-02 9.466319e-03 0.000000e+00
    endloop
  endfacet
  facet normal 0.000000e+00 0.000000e+00 -1.000000e+00
    outer loop
      vertex   1.163567e-02 9.466319e-03 0.000000e+00
      vertex   1.150000e-01 1.250000e-01 0.000000e+00
      vertex   1.250000e-01 1.150000e-01 0.000000e+00
    endloop
  endfacet
  facet normal 0.000000e+00 0.000000e+00 -1.000000e+00
    outer loop
      vertex   1.163567e-02 9.466319e-03 0.000000e+00
      vertex   1.250000e-01 1.150000e-01 0.000000e+00
      vertex   1.375817e-02 5.976016e-03 0.000000e+00
    endloop
  endfacet
  facet normal 0.000000e+00 0.000000e+00 -1.000000e+00
    outer loop
      vertex   1.375817e-02 5.976016e-03 0.000000e+00
      vertex   1.250000e-01 1.150000e-01 0.000000e+00
      vertex   1.486029e-02 2.042500e-03 0.000000e+00
    endloop
  endfacet
  facet normal 0.000000e+00 0.000000e+00 -1.000000e+00
    outer loop
      vertex   1.486029e-02 2.042500e-03 0.000000e+00
      vertex   1.250000e-01 1.150000e-01 0.000000e+00
      vertex   1.250000e-01 -1.150000e-01 0.000000e+00
    endloop
  endfacet
  facet normal 0.000000e+00 0.000000e+00 -1.000000e+00
    outer loop
      vertex   1.486029e-02 2.042500e-03 0.000000e+00
      vertex   1.250000e-01 -1.150000e-01 0.000000e+00
      vertex   1.486029e-02 -2.042500e-03 0.000000e+00
    endloop
  endfacet
  facet normal 0.000000e+00 -0.000000e+00 -1.000000e+00
    outer loop
      vertex   1.486029e-02 -2.042500e-03 0.000000e+00
      vertex   1.250000e-01 -1.150000e-01 0.000000e+00
      vertex   1.375817e-02 -5.976016e-03 0.000000e+00
    endloop
  endfacet
  facet normal 0.000000e+00 -0.000000e+00 -1.000000e+00
    outer loop
      vertex   1.375817e-02 -5.976016e-03 0.000000e+00
      vertex   1.250000e-01 -1.150000e-01 0.000000e+00
      vertex   1.163567e-02 -9.466319e-03 0.000000e+00
    endloop
  endfacet
  facet normal 0.000000e+00 0.000000e+00 -1.000000e+00
    outer loop
      vertex   1.163567e-02 -9.466319e-03 0.000000e+00
      vertex   1.250000e-01 -1.150000e-01 0.000000e+00
      vertex   1.150000e-01 -1.250000e-01 0.000000e+00
    endloop
  endfacet
  facet normal 0.000000e+00 -0.000000e+00 -1.000000e+00
    outer loop
      vertex   1.163567e-02 -9.466319e-03 0.000000e+00
      vertex   1.150000e-01 -1.250000e-01 0.000000e+00
      vertex   8.650205e-03 -1.225455e-02 0.000000e+00
    endloop
  endfacet
  facet normal 0.000000e+00 -0.000000e+00 -1.000000e+00
    outer loop
      vertex   8.650205e-03 -1.225455e-02 0.000000e+00
      vertex   1.150000e-01 -1.250000e-01 0.000000e+00
      vertex   5.023194e-03 -1.413391e-02 0.000000e+00
    endloop
  endfacet
  facet normal 0.000000e+00 -0.000000e+00 -1.000000e+00
    outer loop
      vertex   5.023194e-03 -1.413391e-02 0.000000e+00
      vertex   1.150000e-01 -1.250000e-01 0.000000e+00
      vertex   1.023636e-03 -1.496503e-02 0.000000e+00
    endloop
  endfacet
  facet normal 0.000000e+00 -0.000000e+00 -1.000000e+00
    outer loop
      vertex   1.023636e-03 -1.496503e-02 0.000000e+00
      vertex   1.150000e-01 -1.250000e-01 0.000000e+00
      vertex   -1.150000e-01 -1.250000e-01 0.000000e+00
    endloop
  endfacet
  facet normal -0.000000e+00 0.000000e+00 -1.000000e+00
    outer loop
      vertex   1.023636e-03 -1.496503e-02 0.000000e+00
      vertex   -1.150000e-01 -1.250000e-01 0.000000e+00
      vertex   -3.051840e-03 -1.468626e-02 0.000000e+00
    endloop
  endfacet
  facet normal -0.000000e+00 0.000000e+00 -1.000000e+00
    outer loop
      vertex   -3.051840e-03 -1.468626e-02 0.000000e+00
      vertex   -1.150000e-01 -1.250000e-01 0.000000e+00
      vertex   -6.900976e-03 -1.331828e-02 0.000000e+00
    endloop
  endfacet
  facet normal -0.000000e+00 0.000000e+00 -1.000000e+00
    outer loop
      vertex   -6.900976e-03 -1.331828e-02 0.000000e+00
      vertex   -1.150000e-01 -1.250000e-01 0.000000e+00
      vertex   -1.023830e-02 -1.096254e-02 0.000000e+00
    endloop
  endfacet
  facet normal 0.000000e+00 0.000000e+00 -1.000000e+00
    outer loop
      vertex   -1.023830e-02 -1.096254e-02 0.000000e+00
      vertex   -1.150000e-01 -1.250000e-01 0.000000e+00
      vertex   -1.250000e-01 -1.150000e-01 0.000000e+00
    endloop
  endfacet
  facet normal -0.000000e+00 0.000000e+00 -1.000000e+00
    outer loop
      vertex   -1.023830e-02 -1.096254e-02 0.000000e+00
      vertex   -1.250000e-01 -1.150000e-01 0.000000e+00
      vertex   -1.281629e-02 -7.793759e-03 0.000000e+00
    endloop
  endfacet
  facet normal -0.000000e+00 0.000000e+00 -1.000000e+00
    outer loop
      vertex   -1.281629e-02 -7.793759e-03 0.000000e+00
      vertex   -1.250000e-01 -1.150000e-01 0.000000e+00
      vertex   -1.444376e-02 -4.046952e-03 0.000000e+00
    endloop
  endfacet
  facet normal 0.000000e+00 0.000000e+00 -1.000000e+00
    outer loop
      vertex   -1.150000e-01 -1.250000e-01 0.000000e+00
      vertex   -1.180902e-01 -1.245106e-01 0.000000e+00
      vertex   -1.250000e-01 -1.150000e-01 0.000000e+00
    endloop
  endfacet
  facet normal 0.000000e+00 0.000000e+00 -1.000000e+00
    outer loop
      vertex   -1.250000e-01 -1.150000e-01 0.000000e+00
      vertex   -1.180902e-01 -1.245106e-01 0.000000e+00
      vertex   -1.208779e-01 -1.230902e-01 0.000000e+00
    endloop
  endfacet
  facet normal 0.000000e+00 0.000000e+00 -1.000000e+00
    outer loop
      vertex   -1.250000e-01 -1.150000e-01 0.000000e+00
      vertex   -1.208779e-01 -1.230902e-01 0.000000e+00
      vertex   -1.230902e-01 -1.208779e-01 0.000000e+00
    endloop
  endfacet
  facet normal 0.000000e+00 0.000000e+00 -1.000000e+00
    outer loop
      vertex   -1.230902e-01 -1.208779e-01 0.000000e+00
      vertex   -1.245106e-01 -1.180902e-01 0.000000e+00
      vertex   -1.250000e-01 -1.150000e-01 0.000000e+00
    endloop
  endfacet
  facet normal 0.000000e+00 0.000000e+00 -1.000000e+00
    outer loop
      vertex   -1.250000e-01 1.150000e-01 0.000000e+00
      vertex   -1.245106e-01 1.180902e-01 0.000000e+00
      vertex   -1.150000e-01 1.250000e-01 0.000000e+00
    endloop
  endfacet
  facet normal 0.000000e+00 0.000000e+00 -1.000000e+00
    outer loop
      vertex   -1.150000e-01 1.250000e-01 0.000000e+00
      vertex   -1.245106e-01 1.180902e-01 0.000000e+00
      vertex   -1.230902e-01 1.208779e-01 0.000000e+00
    endloop
  endfacet
  facet normal 0.000000e+00 0.000000e+00 -1.000000e+00
    outer loop
      vertex   -1.150000e-01 1.250000e-01 0.000000e+00
      vertex   -1.230902e-01 1.208779e-01 0.000000e+00
      vertex   -1.208779e-01 1.230902e-01 0.000000e+00
    endloop
  endfacet
  facet normal 0.000000e+00 0.000000e+00 -1.000000e+00
    outer loop
      vertex   -1.208779e-01 1.230902e-01 0.000000e+00
      vertex   -1.180902e-01 1.245106e-01 0.000000e+00
      vertex   -1.150000e-01 1.250000e-01 0.000000e+00
    endloop
  endfacet
  facet normal -0.000000e+00 -0.000000e+00 -1.000000e+00
    outer loop
      vertex   1.180902e-01 1.245106e-01 0.000000e+00
      vertex   1.208779e-01 1.230902e-01 0.000000e+00
      vertex   1.150000e-01 1.250000e-01 0.000000e+00
    endloop
  endfacet
  facet normal 0.000000e+00 0.000000e+00 -1.000000e+00
    outer loop
      vertex   1.150000e-01 1.250000e-01 0.000000e+00
      vertex   1.208779e-01 1.230902e-01 0.000000e+00
      vertex   1.230902e-01 1.208779e-01 0.000000e+00
    endloop
  endfacet
  facet normal 0.000000e+00 0.000000e+00 -1.000000e+00
    outer loop
      vertex   1.150000e-01 1.250000e-01 0.000000e+00
      vertex   1.230902e-01 1.208779e-01 0.000000e+00
      vertex   1.245106e-01 1.180902e-01 0.000000e+00
    endloop
  endfacet
  facet normal -0.000000e+00 -0.000000e+00 -1.000000e+00
    outer loop
      vertex   1.245106e-01 1.180902e-01 0.000000e+00
      vertex   1.250000e-01 1.150000e-01 0.000000e+00
      vertex   1.150000e-01 1.250000e-01 0.000000e+00
    endloop
  endfacet
  facet normal -0.000000e+00 0.000000e+00 -1.000000e+00
    outer loop
      vertex   1.245106e-01 -1.180902e-01 0.000000e+00
      vertex   1.230902e-01 -1.208779e-01 0.000000e+00
      vertex   1.250000e-01 -1.150000e-01 0.000000e+00
    endloop
  endfacet
  facet normal 0.000000e+00 0.000000e+00 -1.000000e+00
    outer loop
      vertex   1.250000e-01 -1.150000e-01 0.000000e+00
      vertex   1.230902e-01 -1.208779e-01 0.000000e+00
      vertex   1.208779e-01 -1.230902e-01 0.000000e+00
    endloop
  endfacet
  facet normal 0.000000e+00 0.000000e+00 -1.000000e+00
    outer loop
      vertex   1.250000e-01 -1.150000e-01 0.000000e+00
      vertex   1.208779e-01 -1.230902e-01 0.000000e+00
      vertex   1.180902e-01 -1.245106e-01 0.000000e+00
    endloop
  endfacet
  facet normal -0.000000e+00 0.000000e+00 -1.000000e+00
    outer loop
      vertex   1.180902e-01 -1.245106e-01 0.000000e+00
      vertex   1.150000e-01 -1.250000e-01 0.000000e+00
      vertex   1.250000e-01 -1.150000e-01 0.000000e+00
    endloop
  endfacet
  facet normal 0.000000e+00 0.000000e+00 1.000000e+00
    outer loop
      vertex   -9.193859e-02 1.017576e-02 2.500000e-02
      vertex   -1.150000e-01 1.150000e-01 2.500000e-02
      vertex   -9.250000e-02 -1.132798e-17 2.500000e-02
    endloop
  endfacet
  facet normal 0.000000e+00 0.000000e+00 1.000000e+00
    outer loop
      vertex   -9.250000e-02 -1.132798e-17 2.500000e-02
      vertex   -1.150000e-01 1.150000e-01 2.500000e-02
      vertex   -1.150000e-01 -1.150000e-01 2.500000e-02
    endloop
  endfacet
  facet normal 0.000000e+00 0.000000e+00 1.000000e+00
    outer loop
      vertex   -9.250000e-02 -1.132798e-17 2.500000e-02
      vertex   -1.150000e-01 -1.150000e-01 2.500000e-02
      vertex   -9.193859e-02 -1.017576e-02 2.500000e-02
    endloop
  endfacet
  facet normal 0.000000e+00 0.000000e+00 1.000000e+00
    outer loop
      vertex   -9.193859e-02 -1.017576e-02 2.500000e-02
      vertex   -1.150000e-01 -1.150000e-01 2.500000e-02
      vertex   -9.026117e-02 -2.022800e-02 2.500000e-02
    endloop
  endfacet
  facet normal 0.000000e+00 0.000000e+00 1.000000e+00
    outer loop
      vertex   -9.026117e-02 -2.022800e-02 2.500000e-02
      vertex   -1.150000e-01 -1.150000e-01 2.500000e-02
      vertex   -8.748809e-02 -3.003470e-02 2.500000e-02
    endloop
  endfacet
  facet normal 0.000000e+00 0.000000e+00 1.000000e+00
    outer loop
      vertex   -8.748809e-02 -3.003470e-02 2.500000e-02
      vertex   -1.150000e-01 -1.150000e-01 2.500000e-02
      vertex   -8.365304e-02 -3.947682e-02 2.500000e-02
    endloop
  endfacet
  facet normal 0.000000e+00 0.000000e+00 1.000000e+00
    outer loop
      vertex   -8.365304e-02 -3.947682e-02 2.500000e-02
      vertex   -1.150000e-01 -1.150000e-01 2.500000e-02
      vertex   -7.880255e-02 -4.843974e-02 2.500000e-02
    endloop
  endfacet
  facet normal 0.000000e+00 0.000000e+00 1.000000e+00
    outer loop
      vertex   -7.880255e-02 -4.843974e-02 2.500000e-02
      vertex   -1.150000e-01 -1.150000e-01 2.500000e-02
      vertex   -7.299550e-02 -5.681468e-02 2.500000e-02
    endloop
  endfacet
  facet normal 0.000000e+00 0.000000e+00 1.000000e+00
    outer loop
      vertex   -7.299550e-02 -5.681468e-02 2.500000e-02
      vertex   -1.150000e-01 -1.150000e-01 2.500000e-02
      vertex   -6.630238e-02 -6.449995e-02 2.500000e-02
    endloop
  endfacet
  facet normal 0.000000e+00 0.000000e+00 1.000000e+00
    outer loop
      vertex   -6.630238e-02 -6.449995e-02 2.500000e-02
      vertex   -1.150000e-01 -1.150000e-01 2.500000e-02
      vertex   -5.880445e-02 -7.140229e-02 2.500000e-02
    endloop
  endfacet
  facet normal 0.000000e+00 0.000000e+00 1.000000e+00
    outer loop
      vertex   -5.880445e-02 -7.140229e-02 2.500000e-02
      vertex   -1.150000e-01 -1.150000e-01 2.500000e-02
      vertex   -5.059270e-02 -7.743790e-02 2.500000e-02
    endloop
  endfacet
  facet normal 0.000000e+00 0.000000e+00 1.000000e+00
    outer loop
      vertex   -5.059270e-02 -7.743790e-02 2.500000e-02
      vertex   -1.150000e-01 -1.150000e-01 2.500000e-02
      vertex   -4.176684e-02 -8.253352e-02 2.500000e-02
    endloop
  endfacet
  facet normal 0.000000e+00 0.000000e+00 1.000000e+00
    outer loop
      vertex   -4.176684e-02 -8.253352e-02 2.500000e-02
      vertex   -1.150000e-01 -1.150000e-01 2.500000e-02
      vertex   -3.243397e-02 -8.662729e-02 2.500000e-02
    endloop
  endfacet
  facet normal 0.000000e+00 0.000000e+00 1.000000e+00
    outer loop
      vertex   -3.243397e-02 -8.662729e-02 2.500000e-02
      vertex   -1.150000e-01 -1.150000e-01 2.500000e-02
      vertex   -2.270741e-02 -8.966952e-02 2.500000e-02
    endloop
  endfacet
  facet normal 0.000000e+00 0.000000e+00 1.000000e+00
    outer loop
      vertex   -2.270741e-02 -8.966952e-02 2.500000e-02
      vertex   -1.150000e-01 -1.150000e-01 2.500000e-02
      vertex   -1.270520e-02 -9.162329e-02 2.500000e-02
    endloop
  endfacet
  facet normal 0.000000e+00 0.000000e+00 1.000000e+00
    outer loop
      vertex   -1.270520e-02 -9.162329e-02 2.500000e-02
      vertex   -1.150000e-01 -1.150000e-01 2.500000e-02
      vertex   -2.548777e-03 -9.246488e-02 2.500000e-02
    endloop
  endfacet
  facet normal 0.000000e+00 0.000000e+00 1.000000e+00
    outer loop
      vertex   -2.548777e-03 -9.246488e-02 2.500000e-02
      vertex   -1.150000e-01 -1.150000e-01 2.500000e-02
      vertex   1.150000e-01 -1.150000e-01 2.500000e-02
    endloop
  endfacet
  facet normal -0.000000e+00 0.000000e+00 1.000000e+00
    outer loop
      vertex   -2.548777e-03 -9.246488e-02 2.500000e-02
      vertex   1.150000e-01 -1.150000e-01 2.500000e-02
      vertex   7.638589e-03 -9.218407e-02 2.500000e-02
    endloop
  endfacet
  facet normal -0.000000e+00 0.000000e+00 1.000000e+00
    outer loop
      vertex   7.638589e-03 -9.218407e-02 2.500000e-02
      vertex   1.150000e-01 -1.150000e-01 2.500000e-02
      vertex   1.773323e-02 -9.078426e-02 2.500000e-02
    endloop
  endfacet
  facet normal -0.000000e+00 0.000000e+00 1.000000e+00
    outer loop
      vertex   1.773323e-02 -9.078426e-02 2.500000e-02
      vertex   1.150000e-01 -1.150000e-01 2.500000e-02
      vertex   2.761262e-02 -8.828246e-02 2.500000e-02
    endloop
  endfacet
  facet normal -0.000000e+00 0.000000e+00 1.000000e+00
    outer loop
      vertex   2.761262e-02 -8.828246e-02 2.500000e-02
      vertex   1.150000e-01 -1.150000e-01 2.500000e-02
      vertex   3.715683e-02 -8.470903e-02 2.500000e-02
    endloop
  endfacet
  facet normal -0.000000e+00 0.000000e+00 1.000000e+00
    outer loop
      vertex   3.715683e-02 -8.470903e-02 2.500000e-02
      vertex   1.150000e-01 -1.150000e-01 2.500000e-02
      vertex   4.625000e-02 -8.010735e-02 2.500000e-02
    endloop
  endfacet
  facet normal -0.000000e+00 0.000000e+00 1.000000e+00
    outer loop
      vertex   4.625000e-02 -8.010735e-02 2.500000e-02
      vertex   1.150000e-01 -1.150000e-01 2.500000e-02
      vertex   5.478176e-02 -7.453327e-02 2.500000e-02
    endloop
  endfacet
  facet normal -0.000000e+00 0.000000e+00 1.000000e+00
    outer loop
      vertex   5.478176e-02 -7.453327e-02 2.500000e-02
      vertex   1.150000e-01 -1.150000e-01 2.500000e-02
      vertex   6.264855e-02 -6.805446e-02 2.500000e-02
    endloop
  endfacet
  facet normal -0.000000e+00 0.000000e+00 1.000000e+00
    outer loop
      vertex   6.264855e-02 -6.805446e-02 2.500000e-02
      vertex   1.150000e-01 -1.150000e-01 2.500000e-02
      vertex   6.975486e-02 -6.074956e-02 2.500000e-02
    endloop
  endfacet
  facet normal -0.000000e+00 0.000000e+00 1.000000e+00
    outer loop
      vertex   6.975486e-02 -6.074956e-02 2.500000e-02
      vertex   1.150000e-01 -1.150000e-01 2.500000e-02
      vertex   7.601445e-02 -5.270725e-02 2.500000e-02
    endloop
  endfacet
  facet normal -0.000000e+00 0.000000e+00 1.000000e+00
    outer loop
      vertex   7.601445e-02 -5.270725e-02 2.500000e-02
      vertex   1.150000e-01 -1.150000e-01 2.500000e-02
      vertex   8.135132e-02 -4.402513e-02 2.500000e-02
    endloop
  endfacet
  facet normal -0.000000e+00 0.000000e+00 1.000000e+00
    outer loop
      vertex   8.135132e-02 -4.402513e-02 2.500000e-02
      vertex   1.150000e-01 -1.150000e-01 2.500000e-02
      vertex   8.570070e-02 -3.480862e-02 2.500000e-02
    endloop
  endfacet
  facet normal -0.000000e+00 0.000000e+00 1.000000e+00
    outer loop
      vertex   8.570070e-02 -3.480862e-02 2.500000e-02
      vertex   1.150000e-01 -1.150000e-01 2.500000e-02
      vertex   8.900979e-02 -2.516957e-02 2.500000e-02
    endloop
  endfacet
  facet normal -0.000000e+00 0.000000e+00 1.000000e+00
    outer loop
      vertex   8.900979e-02 -2.516957e-02 2.500000e-02
      vertex   1.150000e-01 -1.150000e-01 2.500000e-02
      vertex   9.123842e-02 -1.522500e-02 2.500000e-02
    endloop
  endfacet
  facet normal -0.000000e+00 0.000000e+00 1.000000e+00
    outer loop
      vertex   9.123842e-02 -1.522500e-02 2.500000e-02
      vertex   1.150000e-01 -1.150000e-01 2.500000e-02
      vertex   9.235954e-02 -5.095618e-03 2.500000e-02
    endloop
  endfacet
  facet normal -0.000000e+00 0.000000e+00 1.000000e+00
    outer loop
      vertex   9.235954e-02 -5.095618e-03 2.500000e-02
      vertex   1.150000e-01 -1.150000e-01 2.500000e-02
      vertex   9.235954e-02 5.095618e-03 2.500000e-02
    endloop
  endfacet
  facet normal -0.000000e+00 0.000000e+00 1.000000e+00
    outer loop
      vertex   9.235954e-02 5.095618e-03 2.500000e-02
      vertex   1.150000e-01 -1.150000e-01 2.500000e-02
      vertex   1.150000e-01 1.150000e-01 2.500000e-02
    endloop
  endfacet
  facet normal 0.000000e+00 -0.000000e+00 1.000000e+00
    outer loop
      vertex   9.235954e-02 5.095618e-03 2.500000e-02
      vertex   1.150000e-01 1.150000e-01 2.500000e-02
      vertex   9.123842e-02 1.522500e-02 2.500000e-02
    endloop
  endfacet
  facet normal 0.000000e+00 -0.000000e+00 1.000000e+00
    outer loop
      vertex   9.123842e-02 1.522500e-02 2.500000e-02
      vertex   1.150000e-01 1.150000e-01 2.500000e-02
      vertex   8.900979e-02 2.516957e-02 2.500000e-02
    endloop
  endfacet
  facet normal 0.000000e+00 -0.000000e+00 1.000000e+00
    outer loop
      vertex   8.900979e-02 2.516957e-02 2.500000e-02
      vertex   1.150000e-01 1.150000e-01 2.500000e-02
      vertex   8.570070e-02 3.480862e-02 2.500000e-02
    endloop
  endfacet
  facet normal 0.000000e+00 -0.000000e+00 1.000000e+00
    outer loop
      vertex   8.570070e-02 3.480862e-02 2.500000e-02
      vertex   1.150000e-01 1.150000e-01 2.500000e-02
      vertex   8.135132e-02 4.402513e-02 2.500000e-02
    endloop
  endfacet
  facet normal 0.000000e+00 -0.000000e+00 1.000000e+00
    outer loop
      vertex   8.135132e-02 4.402513e-02 2.500000e-02
      vertex   1.150000e-01 1.150000e-01 2.500000e-02
      vertex   7.601445e-02 5.270725e-02 2.500000e-02
    endloop
  endfacet
  facet normal 0.000000e+00 -0.000000e+00 1.000000e+00
    outer loop
      vertex   7.601445e-02 5.270725e-02 2.500000e-02
      vertex   1.150000e-01 1.150000e-01 2.500000e-02
      vertex   6.975486e-02 6.074956e-02 2.500000e-02
    endloop
  endfacet
  facet normal 0.000000e+00 -0.000000e+00 1.000000e+00
    outer loop
      vertex   6.975486e-02 6.074956e-02 2.500000e-02
      vertex   1.150000e-01 1.150000e-01 2.500000e-02
      vertex   6.264855e-02 6.805446e-02 2.500000e-02
    endloop
  endfacet
  facet normal 0.000000e+00 -0.000000e+00 1.000000e+00
    outer loop
      vertex   6.264855e-02 6.805446e-02 2.500000e-02
      vertex   1.150000e-01 1.150000e-01 2.500000e-02
      vertex   5.478176e-02 7.453327e-02 2.500000e-02
    endloop
  endfacet
  facet normal 0.000000e+00 -0.000000e+00 1.000000e+00
    outer loop
      vertex   5.478176e-02 7.453327e-02 2.500000e-02
      vertex   1.150000e-01 1.150000e-01 2.500000e-02
      vertex   4.625000e-02 8.010735e-02 2.500000e-02
    endloop
  endfacet
  facet normal 0.000000e+00 -0.000000e+00 1.000000e+00
    outer loop
      vertex   4.625000e-02 8.010735e-02 2.500000e-02
      vertex   1.150000e-01 1.150000e-01 2.500000e-02
      vertex   3.715683e-02 8.470903e-02 2.500000e-02
    endloop
  endfacet
  facet normal 0.000000e+00 -0.000000e+00 1.000000e+00
    outer loop
      vertex   3.715683e-02 8.470903e-02 2.500000e-02
      vertex   1.150000e-01 1.150000e-01 2.500000e-02
      vertex   2.761262e-02 8.828246e-02 2.500000e-02
    endloop
  endfacet
  facet normal 0.000000e+00 -0.000000e+00 1.000000e+00
    outer loop
      vertex   2.761262e-02 8.828246e-02 2.500000e-02
      vertex   1.150000e-01 1.150000e-01 2.500000e-02
      vertex   1.773323e-02 9.078426e-02 2.500000e-02
    endloop
  endfacet
  facet normal 0.000000e+00 -0.000000e+00 1.000000e+00
    outer loop
      vertex   1.773323e-02 9.078426e-02 2.500000e-02
      vertex   1.150000e-01 1.150000e-01 2.500000e-02
      vertex   7.638589e-03 9.218407e-02 2.500000e-02
    endloop
  endfacet
  facet normal 0.000000e+00 -0.000000e+00 1.000000e+00
    outer loop
      vertex   7.638589e-03 9.218407e-02 2.500000e-02
      vertex   1.150000e-01 1.150000e-01 2.500000e-02
      vertex   -2.548777e-03 9.246488e-02 2.500000e-02
    endloop
  endfacet
  facet normal 0.000000e+00 -0.000000e+00 1.000000e+00
    outer loop
      vertex   -2.548777e-03 9.246488e-02 2.500000e-02
      vertex   1.150000e-01 1.150000e-01 2.500000e-02
      vertex   -1.150000e-01 1.150000e-01 2.500000e-02
    endloop
  endfacet
  facet normal 0.000000e+00 0.000000e+00 1.000000e+00
    outer loop
      vertex   -2.548777e-03 9.246488e-02 2.500000e-02
      vertex   -1.150000e-01 1.150000e-01 2.500000e-02
      vertex   -1.270520e-02 9.162329e-02 2.500000e-02
    endloop
  endfacet
  facet normal 0.000000e+00 0.000000e+00 1.000000e+00
    outer loop
      vertex   -1.270520e-02 9.162329e-02 2.500000e-02
      vertex   -1.150000e-01 1.150000e-01 2.500000e-02
      vertex   -2.270741e-02 8.966952e-02 2.500000e-02
    endloop
  endfacet
  facet normal 0.000000e+00 0.000000e+00 1.000000e+00
    outer loop
      vertex   -2.270741e-02 8.966952e-02 2.500000e-02
      vertex   -1.150000e-01 1.150000e-01 2.500000e-02
      vertex   -3.243397e-02 8.662729e-02 2.500000e-02
    endloop
  endfacet
  facet normal 0.000000e+00 0.000000e+00 1.000000e+00
    outer loop
      vertex   -3.243397e-02 8.662729e-02 2.500000e-02
      vertex   -1.150000e-01 1.150000e-01 2.500000e-02
      vertex   -4.176684e-02 8.253352e-02 2.500000e-02
    endloop
  endfacet
  facet normal 0.000000e+00 0.000000e+00 1.000000e+00
    outer loop
      vertex   -4.176684e-02 8.253352e-02 2.500000e-02
      vertex   -1.150000e-01 1.150000e-01 2.500000e-02
      vertex   -5.059270e-02 7.743790e-02 2.500000e-02
    endloop
  endfacet
  facet normal 0.000000e+00 0.000000e+00 1.000000e+00
    outer loop
      vertex   -5.059270e-02 7.743790e-02 2.500000e-02
      vertex   -1.150000e-01 1.150000e-01 2.500000e-02
      vertex   -5.880445e-02 7.140229e-02 2.500000e-02
    endloop
  endfacet
  facet normal 0.000000e+00 0.000000e+00 1.000000e+00
    outer loop
      vertex   -5.880445e-02 7.140229e-02 2.500000e-02
      vertex   -1.150000e-01 1.150000e-01 2.500000e-02
      vertex   -6.630238e-02 6.449995e-02 2.500000e-02
    endloop
  endfacet
  facet normal 0.000000e+00 0.000000e+00 1.000000e+00
    outer loop
      vertex   -6.630238e-02 6.449995e-02 2.500000e-02
      vertex   -1.150000e-01 1.150000e-01 2.500000e-02
      vertex   -7.299550e-02 5.681468e-02 2.500000e-02
    endloop
  endfacet
  facet normal 0.000000e+00 0.000000e+00 1.000000e+00
    outer loop
      vertex   -7.299550e-02 5.681468e-02 2.500000e-02
      vertex   -1.150000e-01 1.150000e-01 2.500000e-02
      vertex   -7.880255e-02 4.843974e-02 2.500000e-02
    endloop
  endfacet
  facet normal 0.000000e+00 0.000000e+00 1.000000e+00
    outer loop
      vertex   -7.880255e-02 4.843974e-02 2.500000e-02
      vertex   -1.150000e-01 1.150000e-01 2.500000e-02
      vertex   -8.365304e-02 3.947682e-02 2.500000e-02
    endloop
  endfacet
  facet normal 0.000000e+00 0.000000e+00 1.000000e+00
    outer loop
      vertex   -8.365304e-02 3.947682e-02 2.500000e-02
      vertex   -1.150000e-01 1.150000e-01 2.500000e-02
      vertex   -8.748809e-02 3.003470e-02 2.500000e-02
    endloop
  endfacet
  facet normal 0.000000e+00 0.000000e+00 1.000000e+00
    outer loop
      vertex   -8.748809e-02 3.003470e-02 2.500000e-02
      vertex   -1.150000e-01 1.150000e-01 2.500000e-02
      vertex   -9.026117e-02 2.022800e-02 2.500000e-02
    endloop
  endfacet
  facet normal 0.000000e+00 0.000000e+00 1.000000e+00
    outer loop
      vertex   -9.026117e-02 2.022800e-02 2.500000e-02
      vertex   -1.150000e-01 1.150000e-01 2.500000e-02
      vertex   -9.193859e-02 1.017576e-02 2.500000e-02
    endloop
  endfacet
  facet normal -9.909719e-01 6.362251e-02 1.180119e-01
    outer loop
      vertex   -6.694583e-02 8.631708e-03 5.000000e-02
      vertex   -6.765302e-02 6.663241e-03 4.512274e-02
      vertex   -6.750000e-02 8.266366e-18 5.000000e-02
    endloop
  endfacet
  facet normal -9.939975e-01 4.883196e-02 9.790021e-02
    outer loop
      vertex   -6.750000e-02 8.266366e-18 5.000000e-02
      vertex   -6.765302e-02 6.663241e-03 4.512274e-02
      vertex   -6.798037e-02 6.243896e-18 4.512274e-02
    endloop
  endfacet
  facet normal -9.939975e-01 -4.883196e-02 9.790021e-02
    outer loop
      vertex   -6.750000e-02 8.266366e-18 5.000000e-02
      vertex   -6.798037e-02 6.243896e-18 4.512274e-02
      vertex   -6.765302e-02 -6.663241e-03 4.512274e-02
    endloop
  endfacet
  facet normal -9.558846e-01 -4.695960e-02 2.899644e-01
    outer loop
      vertex   -6.765302e-02 -6.663241e-03 4.512274e-02
      vertex   -6.798037e-02 6.243896e-18 4.512274e-02
      vertex   -6.940301e-02 4.249709e-18 4.043291e-02
    endloop
  endfacet
  facet normal -9.558846e-01 -4.695960e-02 2.899644e-01
    outer loop
      vertex   -6.765302e-02 -6.663241e-03 4.512274e-02
      vertex   -6.940301e-02 4.249709e-18 4.043291e-02
      vertex   -6.906882e-02 -6.802685e-03 4.043291e-02
    endloop
  endfacet
  facet normal -8.810947e-01 -4.328541e-02 4.709549e-01
    outer loop
      vertex   -6.906882e-02 -6.802685e-03 4.043291e-02
      vertex   -6.940301e-02 4.249709e-18 4.043291e-02
      vertex   -7.171326e-02 2.195585e-18 3.611074e-02
    endloop
  endfacet
  facet normal -8.810947e-01 -4.328541e-02 4.709549e-01
    outer loop
      vertex   -6.906882e-02 -6.802685e-03 4.043291e-02
      vertex   -7.171326e-02 2.195585e-18 3.611074e-02
      vertex   -7.136794e-02 -7.029129e-03 3.611074e-02
    endloop
  endfacet
  facet normal -7.724537e-01 -3.794821e-02 6.339363e-01
    outer loop
      vertex   -7.136794e-02 -7.029129e-03 3.611074e-02
      vertex   -7.171326e-02 2.195585e-18 3.611074e-02
      vertex   -7.482233e-02 -4.611282e-33 3.232233e-02
    endloop
  endfacet
  facet normal -7.724537e-01 -3.794821e-02 6.339363e-01
    outer loop
      vertex   -7.136794e-02 -7.029129e-03 3.611074e-02
      vertex   -7.482233e-02 -4.611282e-33 3.232233e-02
      vertex   -7.446204e-02 -7.333871e-03 3.232233e-02
    endloop
  endfacet
  facet normal -6.340854e-01 -3.115062e-02 7.726353e-01
    outer loop
      vertex   -7.446204e-02 -7.333871e-03 3.232233e-02
      vertex   -7.482233e-02 -4.611282e-33 3.232233e-02
      vertex   -7.861074e-02 -2.406760e-18 2.921326e-02
    endloop
  endfacet
  facet normal -6.340854e-01 -3.115062e-02 7.726353e-01
    outer loop
      vertex   -7.446204e-02 -7.333871e-03 3.232233e-02
      vertex   -7.861074e-02 -2.406760e-18 2.921326e-02
      vertex   -7.823221e-02 -7.705200e-03 2.921326e-02
    endloop
  endfacet
  facet normal -4.712704e-01 -2.315203e-02 8.816849e-01
    outer loop
      vertex   -7.823221e-02 -7.705200e-03 2.921326e-02
      vertex   -7.861074e-02 -2.406760e-18 2.921326e-02
      vertex   -8.293291e-02 -5.078176e-18 2.690301e-02
    endloop
  endfacet
  facet normal -4.712704e-01 -2.315203e-02 8.816849e-01
    outer loop
      vertex   -7.823221e-02 -7.705200e-03 2.921326e-02
      vertex   -8.293291e-02 -5.078176e-18 2.690301e-02
      vertex   -8.253357e-02 -8.128847e-03 2.690301e-02
    endloop
  endfacet
  facet normal -2.902552e-01 -1.425932e-02 9.568430e-01
    outer loop
      vertex   -8.253357e-02 -8.128847e-03 2.690301e-02
      vertex   -8.293291e-02 -5.078176e-18 2.690301e-02
      vertex   -8.762274e-02 -8.048018e-18 2.548037e-02
    endloop
  endfacet
  facet normal -2.902552e-01 -1.425932e-02 9.568430e-01
    outer loop
      vertex   -8.253357e-02 -8.128847e-03 2.690301e-02
      vertex   -8.762274e-02 -8.048018e-18 2.548037e-02
      vertex   -8.720081e-02 -8.588531e-03 2.548037e-02
    endloop
  endfacet
  facet normal -9.801600e-02 -4.815218e-03 9.951732e-01
    outer loop
      vertex   -8.720081e-02 -8.588531e-03 2.548037e-02
      vertex   -8.762274e-02 -8.048018e-18 2.548037e-02
      vertex   -9.250000e-02 -1.132798e-17 2.500000e-02
    endloop
  endfacet
  facet normal -9.905992e-02 -5.465288e-03 9.950665e-01
    outer loop
      vertex   -8.720081e-02 -8.588531e-03 2.548037e-02
      vertex   -9.250000e-02 -1.132798e-17 2.500000e-02
      vertex   -9.193859e-02 -1.017576e-02 2.500000e-02
    endloop
  endfacet
  facet normal -9.856878e-01 1.462130e-01 8.391211e-02
    outer loop
      vertex   -6.765302e-02 6.663241e-03 4.512274e-02
      vertex   -6.694583e-02 8.631708e-03 5.000000e-02
      vertex   -6.667414e-02 1.326231e-02 4.512274e-02
    endloop
  endfacet
  facet normal -9.737604e-01 1.896398e-01 1.258072e-01
    outer loop
      vertex   -6.667414e-02 1.326231e-02 4.512274e-02
      vertex   -6.694583e-02 8.631708e-03 5.000000e-02
      vertex   -6.529240e-02 1.712168e-02 5.000000e-02
    endloop
  endfacet
  facet normal -9.667435e-01 2.421566e-01 8.226271e-02
    outer loop
      vertex   -6.667414e-02 1.326231e-02 4.512274e-02
      vertex   -6.529240e-02 1.712168e-02 5.000000e-02
      vertex   -6.505316e-02 1.973366e-02 4.512274e-02
    endloop
  endfacet
  facet normal -9.420482e-01 3.127816e-01 1.212967e-01
    outer loop
      vertex   -6.505316e-02 1.973366e-02 4.512274e-02
      vertex   -6.529240e-02 1.712168e-02 5.000000e-02
      vertex   -6.256688e-02 2.533052e-02 5.000000e-02
    endloop
  endfacet
  facet normal -9.374662e-01 3.354308e-01 9.296997e-02
    outer loop
      vertex   -6.505316e-02 1.973366e-02 4.512274e-02
      vertex   -6.256688e-02 2.533052e-02 5.000000e-02
      vertex   -6.280567e-02 2.601496e-02 4.512274e-02
    endloop
  endfacet
  facet normal -8.960430e-01 4.315116e-01 1.044252e-01
    outer loop
      vertex   -6.280567e-02 2.601496e-02 4.512274e-02
      vertex   -6.256688e-02 2.533052e-02 5.000000e-02
      vertex   -5.881401e-02 3.312343e-02 5.000000e-02
    endloop
  endfacet
  facet normal -8.978963e-01 4.246733e-01 1.159085e-01
    outer loop
      vertex   -6.280567e-02 2.601496e-02 4.512274e-02
      vertex   -5.881401e-02 3.312343e-02 5.000000e-02
      vertex   -5.995333e-02 3.204572e-02 4.512274e-02
    endloop
  endfacet
  facet normal -8.545182e-01 5.121785e-01 8.643972e-02
    outer loop
      vertex   -5.995333e-02 3.204572e-02 4.512274e-02
      vertex   -5.881401e-02 3.312343e-02 5.000000e-02
      vertex   -5.652361e-02 3.776787e-02 4.512274e-02
    endloop
  endfacet
  facet normal -8.208784e-01 4.920156e-01 2.899644e-01
    outer loop
      vertex   -5.995333e-02 3.204572e-02 4.512274e-02
      vertex   -5.652361e-02 3.776787e-02 4.512274e-02
      vertex   -5.770650e-02 3.855825e-02 4.043291e-02
    endloop
  endfacet
  facet normal -7.686997e-01 5.701065e-01 2.899644e-01
    outer loop
      vertex   -5.770650e-02 3.855825e-02 4.043291e-02
      vertex   -5.652361e-02 3.776787e-02 4.512274e-02
      vertex   -5.364925e-02 4.402880e-02 4.043291e-02
    endloop
  endfacet
  facet normal -7.085554e-01 5.255005e-01 4.709549e-01
    outer loop
      vertex   -5.770650e-02 3.855825e-02 4.043291e-02
      vertex   -5.364925e-02 4.402880e-02 4.043291e-02
      vertex   -5.543510e-02 4.549441e-02 3.611074e-02
    endloop
  endfacet
  facet normal -6.536354e-01 5.924206e-01 4.709549e-01
    outer loop
      vertex   -5.543510e-02 4.549441e-02 3.611074e-02
      vertex   -5.364925e-02 4.402880e-02 4.043291e-02
      vertex   -5.070893e-02 5.070893e-02 3.611074e-02
    endloop
  endfacet
  facet normal -5.730407e-01 5.193738e-01 6.339363e-01
    outer loop
      vertex   -5.543510e-02 4.549441e-02 3.611074e-02
      vertex   -5.070893e-02 5.070893e-02 3.611074e-02
      vertex   -5.290738e-02 5.290738e-02 3.232233e-02
    endloop
  endfacet
  facet normal -5.193738e-01 5.730407e-01 6.339363e-01
    outer loop
      vertex   -5.290738e-02 5.290738e-02 3.232233e-02
      vertex   -5.070893e-02 5.070893e-02 3.611074e-02
      vertex   -4.746678e-02 5.783844e-02 3.232233e-02
    endloop
  endfacet
  facet normal -4.263393e-01 4.703929e-01 7.726353e-01
    outer loop
      vertex   -5.290738e-02 5.290738e-02 3.232233e-02
      vertex   -4.746678e-02 5.783844e-02 3.232233e-02
      vertex   -4.987013e-02 6.076693e-02 2.921326e-02
    endloop
  endfacet
  facet normal -3.781798e-01 5.099164e-01 7.726353e-01
    outer loop
      vertex   -4.987013e-02 6.076693e-02 2.921326e-02
      vertex   -4.746678e-02 5.783844e-02 3.232233e-02
      vertex   -4.367379e-02 6.536244e-02 2.921326e-02
    endloop
  endfacet
  facet normal -2.810740e-01 3.789844e-01 8.816849e-01
    outer loop
      vertex   -4.987013e-02 6.076693e-02 2.921326e-02
      vertex   -4.367379e-02 6.536244e-02 2.921326e-02
      vertex   -4.607506e-02 6.895620e-02 2.690301e-02
    endloop
  endfacet
  facet normal -2.425736e-01 4.047096e-01 8.816849e-01
    outer loop
      vertex   -4.607506e-02 6.895620e-02 2.690301e-02
      vertex   -4.367379e-02 6.536244e-02 2.921326e-02
      vertex   -3.909431e-02 7.314030e-02 2.690301e-02
    endloop
  endfacet
  facet normal -1.494009e-01 2.492604e-01 9.568430e-01
    outer loop
      vertex   -4.607506e-02 6.895620e-02 2.690301e-02
      vertex   -3.909431e-02 7.314030e-02 2.690301e-02
      vertex   -4.130507e-02 7.727636e-02 2.548037e-02
    endloop
  endfacet
  facet normal -1.242497e-01 2.627040e-01 9.568430e-01
    outer loop
      vertex   -4.130507e-02 7.727636e-02 2.548037e-02
      vertex   -3.909431e-02 7.314030e-02 2.690301e-02
      vertex   -3.353177e-02 8.095286e-02 2.548037e-02
    endloop
  endfacet
  facet normal -4.129897e-02 8.731933e-02 9.953239e-01
    outer loop
      vertex   -4.130507e-02 7.727636e-02 2.548037e-02
      vertex   -3.353177e-02 8.095286e-02 2.548037e-02
      vertex   -4.176684e-02 8.253352e-02 2.500000e-02
    endloop
  endfacet
  facet normal -4.037096e-02 9.203653e-02 9.949369e-01
    outer loop
      vertex   -4.176684e-02 8.253352e-02 2.500000e-02
      vertex   -3.353177e-02 8.095286e-02 2.548037e-02
      vertex   -3.243397e-02 8.662729e-02 2.500000e-02
    endloop
  endfacet
  facet normal -3.239189e-02 9.052926e-02 9.953669e-01
    outer loop
      vertex   -3.243397e-02 8.662729e-02 2.500000e-02
      vertex   -3.353177e-02 8.095286e-02 2.548037e-02
      vertex   -2.543554e-02 8.384974e-02 2.548037e-02
    endloop
  endfacet
  facet normal -3.009806e-02 9.622885e-02 9.949041e-01
    outer loop
      vertex   -3.243397e-02 8.662729e-02 2.500000e-02
      vertex   -2.543554e-02 8.384974e-02 2.548037e-02
      vertex   -2.270741e-02 8.966952e-02 2.500000e-02
    endloop
  endfacet
  facet normal -2.331788e-02 9.309018e-02 9.953846e-01
    outer loop
      vertex   -2.270741e-02 8.966952e-02 2.500000e-02
      vertex   -2.543554e-02 8.384974e-02 2.548037e-02
      vertex   -1.709435e-02 8.593910e-02 2.548037e-02
    endloop
  endfacet
  facet normal -1.934044e-02 9.901227e-02 9.948982e-01
    outer loop
      vertex   -2.270741e-02 8.966952e-02 2.500000e-02
      vertex   -1.709435e-02 8.593910e-02 2.548037e-02
      vertex   -1.270520e-02 9.162329e-02 2.500000e-02
    endloop
  endfacet
  facet normal -1.409193e-02 9.500005e-02 9.953775e-01
    outer loop
      vertex   -1.270520e-02 9.162329e-02 2.500000e-02
      vertex   -1.709435e-02 8.593910e-02 2.548037e-02
      vertex   -8.588531e-03 8.720081e-02 2.548037e-02
    endloop
  endfacet
  facet normal -8.313511e-03 1.003292e-01 9.949196e-01
    outer loop
      vertex   -1.270520e-02 9.162329e-02 2.500000e-02
      vertex   -8.588531e-03 8.720081e-02 2.548037e-02
      vertex   -2.548777e-03 9.246488e-02 2.500000e-02
    endloop
  endfacet
  facet normal -4.728703e-03 9.625497e-02 9.953455e-01
    outer loop
      vertex   -2.548777e-03 9.246488e-02 2.500000e-02
      vertex   -8.588531e-03 8.720081e-02 2.548037e-02
      vertex   -5.365346e-18 8.762274e-02 2.548037e-02
    endloop
  endfacet
  facet normal 2.760886e-03 1.001598e-01 9.949675e-01
    outer loop
      vertex   -2.548777e-03 9.246488e-02 2.500000e-02
      vertex   -5.365346e-18 8.762274e-02 2.548037e-02
      vertex   7.638589e-03 9.218407e-02 2.500000e-02
    endloop
  endfacet
  facet normal 4.757898e-03 9.684924e-02 9.952877e-01
    outer loop
      vertex   7.638589e-03 9.218407e-02 2.500000e-02
      vertex   -5.365346e-18 8.762274e-02 2.548037e-02
      vertex   8.588531e-03 8.720081e-02 2.548037e-02
    endloop
  endfacet
  facet normal 1.366194e-02 9.852281e-02 9.950410e-01
    outer loop
      vertex   7.638589e-03 9.218407e-02 2.500000e-02
      vertex   8.588531e-03 8.720081e-02 2.548037e-02
      vertex   1.773323e-02 9.078426e-02 2.500000e-02
    endloop
  endfacet
  facet normal 1.435525e-02 9.677523e-02 9.952027e-01
    outer loop
      vertex   1.773323e-02 9.078426e-02 2.500000e-02
      vertex   8.588531e-03 8.720081e-02 2.548037e-02
      vertex   1.709435e-02 8.593910e-02 2.548037e-02
    endloop
  endfacet
  facet normal 2.392338e-02 9.550747e-02 9.951412e-01
    outer loop
      vertex   1.773323e-02 9.078426e-02 2.500000e-02
      vertex   1.709435e-02 8.593910e-02 2.548037e-02
      vertex   2.543554e-02 8.384974e-02 2.548037e-02
    endloop
  endfacet
  facet normal 7.061131e-02 2.818961e-01 9.568430e-01
    outer loop
      vertex   2.543554e-02 8.384974e-02 2.548037e-02
      vertex   1.709435e-02 8.593910e-02 2.548037e-02
      vertex   1.617941e-02 8.133938e-02 2.690301e-02
    endloop
  endfacet
  facet normal 7.061131e-02 2.818961e-01 9.568430e-01
    outer loop
      vertex   2.543554e-02 8.384974e-02 2.548037e-02
      vertex   1.617941e-02 8.133938e-02 2.690301e-02
      vertex   2.407415e-02 7.936185e-02 2.690301e-02
    endloop
  endfacet
  facet normal 1.146475e-01 4.576983e-01 8.816849e-01
    outer loop
      vertex   2.407415e-02 7.936185e-02 2.690301e-02
      vertex   1.617941e-02 8.133938e-02 2.690301e-02
      vertex   1.533620e-02 7.710026e-02 2.921326e-02
    endloop
  endfacet
  facet normal 1.146475e-01 4.576983e-01 8.816849e-01
    outer loop
      vertex   2.407415e-02 7.936185e-02 2.690301e-02
      vertex   1.533620e-02 7.710026e-02 2.921326e-02
      vertex   2.281949e-02 7.522579e-02 2.921326e-02
    endloop
  endfacet
  facet normal 1.542560e-01 6.158245e-01 7.726353e-01
    outer loop
      vertex   2.281949e-02 7.522579e-02 2.921326e-02
      vertex   1.533620e-02 7.710026e-02 2.921326e-02
      vertex   1.459711e-02 7.338464e-02 3.232233e-02
    endloop
  endfacet
  facet normal 1.542560e-01 6.158245e-01 7.726353e-01
    outer loop
      vertex   2.281949e-02 7.522579e-02 2.921326e-02
      vertex   1.459711e-02 7.338464e-02 3.232233e-02
      vertex   2.171978e-02 7.160051e-02 3.232233e-02
    endloop
  endfacet
  facet normal 1.879173e-01 7.502078e-01 6.339363e-01
    outer loop
      vertex   2.171978e-02 7.160051e-02 3.232233e-02
      vertex   1.459711e-02 7.338464e-02 3.232233e-02
      vertex   1.399056e-02 7.033531e-02 3.611074e-02
    endloop
  endfacet
  facet normal 1.879173e-01 7.502078e-01 6.339363e-01
    outer loop
      vertex   2.171978e-02 7.160051e-02 3.232233e-02
      vertex   1.399056e-02 7.033531e-02 3.611074e-02
      vertex   2.081726e-02 6.862531e-02 3.611074e-02
    endloop
  endfacet
  facet normal 2.143467e-01 8.557201e-01 4.709549e-01
    outer loop
      vertex   2.081726e-02 6.862531e-02 3.611074e-02
      vertex   1.399056e-02 7.033531e-02 3.611074e-02
      vertex   1.353986e-02 6.806945e-02 4.043291e-02
    endloop
  endfacet
  facet normal 2.143467e-01 8.557201e-01 4.709549e-01
    outer loop
      vertex   2.081726e-02 6.862531e-02 3.611074e-02
      vertex   1.353986e-02 6.806945e-02 4.043291e-02
      vertex   2.014663e-02 6.641454e-02 4.043291e-02
    endloop
  endfacet
  facet normal 2.325411e-01 9.283562e-01 2.899644e-01
    outer loop
      vertex   2.014663e-02 6.641454e-02 4.043291e-02
      vertex   1.353986e-02 6.806945e-02 4.043291e-02
      vertex   1.326231e-02 6.667414e-02 4.512274e-02
    endloop
  endfacet
  facet normal 2.325411e-01 9.283562e-01 2.899644e-01
    outer loop
      vertex   2.014663e-02 6.641454e-02 4.043291e-02
      vertex   1.326231e-02 6.667414e-02 4.512274e-02
      vertex   1.973366e-02 6.505316e-02 4.512274e-02
    endloop
  endfacet
  facet normal 2.421119e-01 9.665651e-01 8.446175e-02
    outer loop
      vertex   1.973366e-02 6.505316e-02 4.512274e-02
      vertex   1.326231e-02 6.667414e-02 4.512274e-02
      vertex   1.502016e-02 6.580763e-02 5.000000e-02
    endloop
  endfacet
  facet normal 2.822719e-01 9.510676e-01 1.256706e-01
    outer loop
      vertex   1.973366e-02 6.505316e-02 4.512274e-02
      vertex   1.502016e-02 6.580763e-02 5.000000e-02
      vertex   2.331214e-02 6.334662e-02 5.000000e-02
    endloop
  endfacet
  facet normal -8.315218e-01 5.412607e-01 1.249330e-01
    outer loop
      vertex   -5.881401e-02 3.312343e-02 5.000000e-02
      vertex   -5.409542e-02 4.037246e-02 5.000000e-02
      vertex   -5.652361e-02 3.776787e-02 4.512274e-02
    endloop
  endfacet
  facet normal -8.005360e-01 5.937180e-01 8.149274e-02
    outer loop
      vertex   -5.652361e-02 3.776787e-02 4.512274e-02
      vertex   -5.409542e-02 4.037246e-02 5.000000e-02
      vertex   -5.254954e-02 4.312629e-02 4.512274e-02
    endloop
  endfacet
  facet normal -7.686997e-01 5.701065e-01 2.899644e-01
    outer loop
      vertex   -5.652361e-02 3.776787e-02 4.512274e-02
      vertex   -5.254954e-02 4.312629e-02 4.512274e-02
      vertex   -5.364925e-02 4.402880e-02 4.043291e-02
    endloop
  endfacet
  facet normal -7.091180e-01 6.427071e-01 2.899644e-01
    outer loop
      vertex   -5.364925e-02 4.402880e-02 4.043291e-02
      vertex   -5.254954e-02 4.312629e-02 4.512274e-02
      vertex   -4.907534e-02 4.907534e-02 4.043291e-02
    endloop
  endfacet
  facet normal -6.536354e-01 5.924206e-01 4.709549e-01
    outer loop
      vertex   -5.364925e-02 4.402880e-02 4.043291e-02
      vertex   -4.907534e-02 4.907534e-02 4.043291e-02
      vertex   -5.070893e-02 5.070893e-02 3.611074e-02
    endloop
  endfacet
  facet normal -5.924206e-01 6.536354e-01 4.709549e-01
    outer loop
      vertex   -5.070893e-02 5.070893e-02 3.611074e-02
      vertex   -4.907534e-02 4.907534e-02 4.043291e-02
      vertex   -4.549441e-02 5.543510e-02 3.611074e-02
    endloop
  endfacet
  facet normal -5.193738e-01 5.730407e-01 6.339363e-01
    outer loop
      vertex   -5.070893e-02 5.070893e-02 3.611074e-02
      vertex   -4.549441e-02 5.543510e-02 3.611074e-02
      vertex   -4.746678e-02 5.783844e-02 3.232233e-02
    endloop
  endfacet
  facet normal -4.607050e-01 6.211888e-01 6.339363e-01
    outer loop
      vertex   -4.746678e-02 5.783844e-02 3.232233e-02
      vertex   -4.549441e-02 5.543510e-02 3.611074e-02
      vertex   -4.156906e-02 6.221249e-02 3.232233e-02
    endloop
  endfacet
  facet normal -3.781798e-01 5.099164e-01 7.726353e-01
    outer loop
      vertex   -4.746678e-02 5.783844e-02 3.232233e-02
      vertex   -4.156906e-02 6.221249e-02 3.232233e-02
      vertex   -4.367379e-02 6.536244e-02 2.921326e-02
    endloop
  endfacet
  facet normal -3.263782e-01 5.445291e-01 7.726353e-01
    outer loop
      vertex   -4.367379e-02 6.536244e-02 2.921326e-02
      vertex   -4.156906e-02 6.221249e-02 3.232233e-02
      vertex   -3.705685e-02 6.932849e-02 2.921326e-02
    endloop
  endfacet
  facet normal -2.425736e-01 4.047096e-01 8.816849e-01
    outer loop
      vertex   -4.367379e-02 6.536244e-02 2.921326e-02
      vertex   -3.705685e-02 6.932849e-02 2.921326e-02
      vertex   -3.909431e-02 7.314030e-02 2.690301e-02
    endloop
  endfacet
  facet normal -2.017371e-01 4.265372e-01 8.816849e-01
    outer loop
      vertex   -3.909431e-02 7.314030e-02 2.690301e-02
      vertex   -3.705685e-02 6.932849e-02 2.921326e-02
      vertex   -3.173705e-02 7.662002e-02 2.690301e-02
    endloop
  endfacet
  facet normal -1.242497e-01 2.627040e-01 9.568430e-01
    outer loop
      vertex   -3.909431e-02 7.314030e-02 2.690301e-02
      vertex   -3.173705e-02 7.662002e-02 2.690301e-02
      vertex   -3.353177e-02 8.095286e-02 2.548037e-02
    endloop
  endfacet
  facet normal -9.790195e-02 2.736176e-01 9.568430e-01
    outer loop
      vertex   -3.353177e-02 8.095286e-02 2.548037e-02
      vertex   -3.173705e-02 7.662002e-02 2.690301e-02
      vertex   -2.543554e-02 8.384974e-02 2.548037e-02
    endloop
  endfacet
  facet normal -7.555975e-01 6.432495e-01 1.237032e-01
    outer loop
      vertex   -5.409542e-02 4.037246e-02 5.000000e-02
      vertex   -4.848858e-02 4.695857e-02 5.000000e-02
      vertex   -5.254954e-02 4.312629e-02 4.512274e-02
    endloop
  endfacet
  facet normal -7.380167e-01 6.688993e-01 8.891062e-02
    outer loop
      vertex   -5.254954e-02 4.312629e-02 4.512274e-02
      vertex   -4.848858e-02 4.695857e-02 5.000000e-02
      vertex   -4.806938e-02 4.806938e-02 4.512274e-02
    endloop
  endfacet
  facet normal -7.091180e-01 6.427071e-01 2.899644e-01
    outer loop
      vertex   -5.254954e-02 4.312629e-02 4.512274e-02
      vertex   -4.806938e-02 4.806938e-02 4.512274e-02
      vertex   -4.907534e-02 4.907534e-02 4.043291e-02
    endloop
  endfacet
  facet normal -6.427071e-01 7.091180e-01 2.899644e-01
    outer loop
      vertex   -4.907534e-02 4.907534e-02 4.043291e-02
      vertex   -4.806938e-02 4.806938e-02 4.512274e-02
      vertex   -4.402880e-02 5.364925e-02 4.043291e-02
    endloop
  endfacet
  facet normal -5.924206e-01 6.536354e-01 4.709549e-01
    outer loop
      vertex   -4.907534e-02 4.907534e-02 4.043291e-02
      vertex   -4.402880e-02 5.364925e-02 4.043291e-02
      vertex   -4.549441e-02 5.543510e-02 3.611074e-02
    endloop
  endfacet
  facet normal -5.255005e-01 7.085554e-01 4.709549e-01
    outer loop
      vertex   -4.549441e-02 5.543510e-02 3.611074e-02
      vertex   -4.402880e-02 5.364925e-02 4.043291e-02
      vertex   -3.984175e-02 5.962740e-02 3.611074e-02
    endloop
  endfacet
  facet normal -4.607050e-01 6.211888e-01 6.339363e-01
    outer loop
      vertex   -4.549441e-02 5.543510e-02 3.611074e-02
      vertex   -3.984175e-02 5.962740e-02 3.611074e-02
      vertex   -4.156906e-02 6.221249e-02 3.232233e-02
    endloop
  endfacet
  facet normal -3.975995e-01 6.633546e-01 6.339363e-01
    outer loop
      vertex   -4.156906e-02 6.221249e-02 3.232233e-02
      vertex   -3.984175e-02 5.962740e-02 3.611074e-02
      vertex   -3.527100e-02 6.598740e-02 3.232233e-02
    endloop
  endfacet
  facet normal -3.263782e-01 5.445291e-01 7.726353e-01
    outer loop
      vertex   -4.156906e-02 6.221249e-02 3.232233e-02
      vertex   -3.527100e-02 6.598740e-02 3.232233e-02
      vertex   -3.705685e-02 6.932849e-02 2.921326e-02
    endloop
  endfacet
  facet normal -2.714334e-01 5.738977e-01 7.726353e-01
    outer loop
      vertex   -3.705685e-02 6.932849e-02 2.921326e-02
      vertex   -3.527100e-02 6.598740e-02 3.232233e-02
      vertex   -3.008303e-02 7.262686e-02 2.921326e-02
    endloop
  endfacet
  facet normal -2.017371e-01 4.265372e-01 8.816849e-01
    outer loop
      vertex   -3.705685e-02 6.932849e-02 2.921326e-02
      vertex   -3.008303e-02 7.262686e-02 2.921326e-02
      vertex   -3.173705e-02 7.662002e-02 2.690301e-02
    endloop
  endfacet
  facet normal -1.589577e-01 4.442570e-01 8.816849e-01
    outer loop
      vertex   -3.173705e-02 7.662002e-02 2.690301e-02
      vertex   -3.008303e-02 7.262686e-02 2.921326e-02
      vertex   -2.407415e-02 7.936185e-02 2.690301e-02
    endloop
  endfacet
  facet normal -9.790195e-02 2.736176e-01 9.568430e-01
    outer loop
      vertex   -3.173705e-02 7.662002e-02 2.690301e-02
      vertex   -2.407415e-02 7.936185e-02 2.690301e-02
      vertex   -2.543554e-02 8.384974e-02 2.548037e-02
    endloop
  endfacet
  facet normal -7.061131e-02 2.818961e-01 9.568430e-01
    outer loop
      vertex   -2.543554e-02 8.384974e-02 2.548037e-02
      vertex   -2.407415e-02 7.936185e-02 2.690301e-02
      vertex   -1.709435e-02 8.593910e-02 2.548037e-02
    endloop
  endfacet
  facet normal -6.682106e-01 7.357741e-01 1.101414e-01
    outer loop
      vertex   -4.848858e-02 4.695857e-02 5.000000e-02
      vertex   -4.208556e-02 5.277363e-02 5.000000e-02
      vertex   -4.806938e-02 4.806938e-02 4.512274e-02
    endloop
  endfacet
  facet normal -6.675863e-01 7.365680e-01 1.086098e-01
    outer loop
      vertex   -4.806938e-02 4.806938e-02 4.512274e-02
      vertex   -4.208556e-02 5.277363e-02 5.000000e-02
      vertex   -4.312629e-02 5.254954e-02 4.512274e-02
    endloop
  endfacet
  facet normal -6.427071e-01 7.091180e-01 2.899644e-01
    outer loop
      vertex   -4.806938e-02 4.806938e-02 4.512274e-02
      vertex   -4.312629e-02 5.254954e-02 4.512274e-02
      vertex   -4.402880e-02 5.364925e-02 4.043291e-02
    endloop
  endfacet
  facet normal -5.701065e-01 7.686997e-01 2.899644e-01
    outer loop
      vertex   -4.402880e-02 5.364925e-02 4.043291e-02
      vertex   -4.312629e-02 5.254954e-02 4.512274e-02
      vertex   -3.855825e-02 5.770650e-02 4.043291e-02
    endloop
  endfacet
  facet normal -5.255005e-01 7.085554e-01 4.709549e-01
    outer loop
      vertex   -4.402880e-02 5.364925e-02 4.043291e-02
      vertex   -3.855825e-02 5.770650e-02 4.043291e-02
      vertex   -3.984175e-02 5.962740e-02 3.611074e-02
    endloop
  endfacet
  facet normal -4.535195e-01 7.566515e-01 4.709549e-01
    outer loop
      vertex   -3.984175e-02 5.962740e-02 3.611074e-02
      vertex   -3.855825e-02 5.770650e-02 4.043291e-02
      vertex   -3.380540e-02 6.324545e-02 3.611074e-02
    endloop
  endfacet
  facet normal -3.975995e-01 6.633546e-01 6.339363e-01
    outer loop
      vertex   -3.984175e-02 5.962740e-02 3.611074e-02
      vertex   -3.380540e-02 6.324545e-02 3.611074e-02
      vertex   -3.527100e-02 6.598740e-02 3.232233e-02
    endloop
  endfacet
  facet normal -3.306648e-01 6.991320e-01 6.339363e-01
    outer loop
      vertex   -3.527100e-02 6.598740e-02 3.232233e-02
      vertex   -3.380540e-02 6.324545e-02 3.611074e-02
      vertex   -2.863327e-02 6.912682e-02 3.232233e-02
    endloop
  endfacet
  facet normal -2.714334e-01 5.738977e-01 7.726353e-01
    outer loop
      vertex   -3.527100e-02 6.598740e-02 3.232233e-02
      vertex   -2.863327e-02 6.912682e-02 3.232233e-02
      vertex   -3.008303e-02 7.262686e-02 2.921326e-02
    endloop
  endfacet
  facet normal -2.138746e-01 5.977394e-01 7.726353e-01
    outer loop
      vertex   -3.008303e-02 7.262686e-02 2.921326e-02
      vertex   -2.863327e-02 6.912682e-02 3.232233e-02
      vertex   -2.281949e-02 7.522579e-02 2.921326e-02
    endloop
  endfacet
  facet normal -1.589577e-01 4.442570e-01 8.816849e-01
    outer loop
      vertex   -3.008303e-02 7.262686e-02 2.921326e-02
      vertex   -2.281949e-02 7.522579e-02 2.921326e-02
      vertex   -2.407415e-02 7.936185e-02 2.690301e-02
    endloop
  endfacet
  facet normal -1.146475e-01 4.576983e-01 8.816849e-01
    outer loop
      vertex   -2.407415e-02 7.936185e-02 2.690301e-02
      vertex   -2.281949e-02 7.522579e-02 2.921326e-02
      vertex   -1.617941e-02 8.133938e-02 2.690301e-02
    endloop
  endfacet
  facet normal -7.061131e-02 2.818961e-01 9.568430e-01
    outer loop
      vertex   -2.407415e-02 7.936185e-02 2.690301e-02
      vertex   -1.617941e-02 8.133938e-02 2.690301e-02
      vertex   -1.709435e-02 8.593910e-02 2.548037e-02
    endloop
  endfacet
  facet normal -4.264064e-02 2.874598e-01 9.568430e-01
    outer loop
      vertex   -1.709435e-02 8.593910e-02 2.548037e-02
      vertex   -1.617941e-02 8.133938e-02 2.690301e-02
      vertex   -8.588531e-03 8.720081e-02 2.548037e-02
    endloop
  endfacet
  facet normal -5.932902e-01 7.999593e-01 8.984361e-02
    outer loop
      vertex   -4.312629e-02 5.254954e-02 4.512274e-02
      vertex   -4.208556e-02 5.277363e-02 5.000000e-02
      vertex   -3.776787e-02 5.652361e-02 4.512274e-02
    endloop
  endfacet
  facet normal -5.677594e-01 8.139257e-01 1.231838e-01
    outer loop
      vertex   -3.776787e-02 5.652361e-02 4.512274e-02
      vertex   -4.208556e-02 5.277363e-02 5.000000e-02
      vertex   -3.499150e-02 5.772214e-02 5.000000e-02
    endloop
  endfacet
  facet normal -5.123882e-01 8.548680e-01 8.160274e-02
    outer loop
      vertex   -3.776787e-02 5.652361e-02 4.512274e-02
      vertex   -3.499150e-02 5.772214e-02 5.000000e-02
      vertex   -3.204572e-02 5.995333e-02 4.512274e-02
    endloop
  endfacet
  facet normal -4.588969e-01 8.796194e-01 1.252335e-01
    outer loop
      vertex   -3.204572e-02 5.995333e-02 4.512274e-02
      vertex   -3.499150e-02 5.772214e-02 5.000000e-02
      vertex   -2.732288e-02 6.172285e-02 5.000000e-02
    endloop
  endfacet
  facet normal -4.259812e-01 9.006615e-01 8.572558e-02
    outer loop
      vertex   -3.204572e-02 5.995333e-02 4.512274e-02
      vertex   -2.732288e-02 6.172285e-02 5.000000e-02
      vertex   -2.601496e-02 6.280567e-02 4.512274e-02
    endloop
  endfacet
  facet normal -3.430749e-01 9.322454e-01 1.149703e-01
    outer loop
      vertex   -2.601496e-02 6.280567e-02 4.512274e-02
      vertex   -2.732288e-02 6.172285e-02 5.000000e-02
      vertex   -1.920561e-02 6.471008e-02 5.000000e-02
    endloop
  endfacet
  facet normal -3.351270e-01 9.366172e-01 1.021668e-01
    outer loop
      vertex   -2.601496e-02 6.280567e-02 4.512274e-02
      vertex   -1.920561e-02 6.471008e-02 5.000000e-02
      vertex   -1.973366e-02 6.505316e-02 4.512274e-02
    endloop
  endfacet
  facet normal -2.419015e-01 9.657251e-01 9.412103e-02
    outer loop
      vertex   -1.973366e-02 6.505316e-02 4.512274e-02
      vertex   -1.920561e-02 6.471008e-02 5.000000e-02
      vertex   -1.326231e-02 6.667414e-02 4.512274e-02
    endloop
  endfacet
  facet normal -2.325411e-01 9.283562e-01 2.899644e-01
    outer loop
      vertex   -1.973366e-02 6.505316e-02 4.512274e-02
      vertex   -1.326231e-02 6.667414e-02 4.512274e-02
      vertex   -1.353986e-02 6.806945e-02 4.043291e-02
    endloop
  endfacet
  facet normal -1.404266e-01 9.466789e-01 2.899644e-01
    outer loop
      vertex   -1.353986e-02 6.806945e-02 4.043291e-02
      vertex   -1.326231e-02 6.667414e-02 4.512274e-02
      vertex   -6.802685e-03 6.906882e-02 4.043291e-02
    endloop
  endfacet
  facet normal -1.294394e-01 8.726093e-01 4.709549e-01
    outer loop
      vertex   -1.353986e-02 6.806945e-02 4.043291e-02
      vertex   -6.802685e-03 6.906882e-02 4.043291e-02
      vertex   -7.029129e-03 7.136794e-02 3.611074e-02
    endloop
  endfacet
  facet normal -4.328541e-02 8.810947e-01 4.709549e-01
    outer loop
      vertex   -7.029129e-03 7.136794e-02 3.611074e-02
      vertex   -6.802685e-03 6.906882e-02 4.043291e-02
      vertex   -4.391171e-18 7.171326e-02 3.611074e-02
    endloop
  endfacet
  facet normal -3.794821e-02 7.724537e-01 6.339363e-01
    outer loop
      vertex   -7.029129e-03 7.136794e-02 3.611074e-02
      vertex   -4.391171e-18 7.171326e-02 3.611074e-02
      vertex   -4.581546e-18 7.482233e-02 3.232233e-02
    endloop
  endfacet
  facet normal 3.794821e-02 7.724537e-01 6.339363e-01
    outer loop
      vertex   -4.581546e-18 7.482233e-02 3.232233e-02
      vertex   -4.391171e-18 7.171326e-02 3.611074e-02
      vertex   7.333871e-03 7.446204e-02 3.232233e-02
    endloop
  endfacet
  facet normal 3.115062e-02 6.340854e-01 7.726353e-01
    outer loop
      vertex   -4.581546e-18 7.482233e-02 3.232233e-02
      vertex   7.333871e-03 7.446204e-02 3.232233e-02
      vertex   7.705200e-03 7.823221e-02 2.921326e-02
    endloop
  endfacet
  facet normal 9.315186e-02 6.279788e-01 7.726353e-01
    outer loop
      vertex   7.705200e-03 7.823221e-02 2.921326e-02
      vertex   7.333871e-03 7.446204e-02 3.232233e-02
      vertex   1.533620e-02 7.710026e-02 2.921326e-02
    endloop
  endfacet
  facet normal 6.923312e-02 4.667318e-01 8.816849e-01
    outer loop
      vertex   7.705200e-03 7.823221e-02 2.921326e-02
      vertex   1.533620e-02 7.710026e-02 2.921326e-02
      vertex   1.617941e-02 8.133938e-02 2.690301e-02
    endloop
  endfacet
  facet normal -2.208979e-01 9.678171e-01 1.205579e-01
    outer loop
      vertex   -1.920561e-02 6.471008e-02 5.000000e-02
      vertex   -1.077299e-02 6.663477e-02 5.000000e-02
      vertex   -1.326231e-02 6.667414e-02 4.512274e-02
    endloop
  endfacet
  facet normal -1.462292e-01 9.857969e-01 8.259265e-02
    outer loop
      vertex   -1.326231e-02 6.667414e-02 4.512274e-02
      vertex   -1.077299e-02 6.663477e-02 5.000000e-02
      vertex   -6.663241e-03 6.765302e-02 4.512274e-02
    endloop
  endfacet
  facet normal -1.404266e-01 9.466789e-01 2.899644e-01
    outer loop
      vertex   -1.326231e-02 6.667414e-02 4.512274e-02
      vertex   -6.663241e-03 6.765302e-02 4.512274e-02
      vertex   -6.802685e-03 6.906882e-02 4.043291e-02
    endloop
  endfacet
  facet normal -4.695960e-02 9.558846e-01 2.899644e-01
    outer loop
      vertex   -6.802685e-03 6.906882e-02 4.043291e-02
      vertex   -6.663241e-03 6.765302e-02 4.512274e-02
      vertex   -4.249709e-18 6.940301e-02 4.043291e-02
    endloop
  endfacet
  facet normal -4.328541e-02 8.810947e-01 4.709549e-01
    outer loop
      vertex   -6.802685e-03 6.906882e-02 4.043291e-02
      vertex   -4.249709e-18 6.940301e-02 4.043291e-02
      vertex   -4.391171e-18 7.171326e-02 3.611074e-02
    endloop
  endfacet
  facet normal 4.328541e-02 8.810947e-01 4.709549e-01
    outer loop
      vertex   -4.391171e-18 7.171326e-02 3.611074e-02
      vertex   -4.249709e-18 6.940301e-02 4.043291e-02
      vertex   7.029129e-03 7.136794e-02 3.611074e-02
    endloop
  endfacet
  facet normal 3.794821e-02 7.724537e-01 6.339363e-01
    outer loop
      vertex   -4.391171e-18 7.171326e-02 3.611074e-02
      vertex   7.029129e-03 7.136794e-02 3.611074e-02
      vertex   7.333871e-03 7.446204e-02 3.232233e-02
    endloop
  endfacet
  facet normal 1.134792e-01 7.650145e-01 6.339363e-01
    outer loop
      vertex   7.333871e-03 7.446204e-02 3.232233e-02
      vertex   7.029129e-03 7.136794e-02 3.611074e-02
      vertex   1.459711e-02 7.338464e-02 3.232233e-02
    endloop
  endfacet
  facet normal 9.315186e-02 6.279788e-01 7.726353e-01
    outer loop
      vertex   7.333871e-03 7.446204e-02 3.232233e-02
      vertex   1.459711e-02 7.338464e-02 3.232233e-02
      vertex   1.533620e-02 7.710026e-02 2.921326e-02
    endloop
  endfacet
  facet normal -9.525910e-02 9.874602e-01 1.258891e-01
    outer loop
      vertex   -1.077299e-02 6.663477e-02 5.000000e-02
      vertex   -2.163481e-03 6.746532e-02 5.000000e-02
      vertex   -6.663241e-03 6.765302e-02 4.512274e-02
    endloop
  endfacet
  facet normal -4.889666e-02 9.953144e-01 8.341737e-02
    outer loop
      vertex   -6.663241e-03 6.765302e-02 4.512274e-02
      vertex   -2.163481e-03 6.746532e-02 5.000000e-02
      vertex   -4.162597e-18 6.798037e-02 4.512274e-02
    endloop
  endfacet
  facet normal -4.695960e-02 9.558846e-01 2.899644e-01
    outer loop
      vertex   -6.663241e-03 6.765302e-02 4.512274e-02
      vertex   -4.162597e-18 6.798037e-02 4.512274e-02
      vertex   -4.249709e-18 6.940301e-02 4.043291e-02
    endloop
  endfacet
  facet normal 4.695960e-02 9.558846e-01 2.899644e-01
    outer loop
      vertex   -4.249709e-18 6.940301e-02 4.043291e-02
      vertex   -4.162597e-18 6.798037e-02 4.512274e-02
      vertex   6.802685e-03 6.906882e-02 4.043291e-02
    endloop
  endfacet
  facet normal 4.328541e-02 8.810947e-01 4.709549e-01
    outer loop
      vertex   -4.249709e-18 6.940301e-02 4.043291e-02
      vertex   6.802685e-03 6.906882e-02 4.043291e-02
      vertex   7.029129e-03 7.136794e-02 3.611074e-02
    endloop
  endfacet
  facet normal 1.294394e-01 8.726093e-01 4.709549e-01
    outer loop
      vertex   7.029129e-03 7.136794e-02 3.611074e-02
      vertex   6.802685e-03 6.906882e-02 4.043291e-02
      vertex   1.399056e-02 7.033531e-02 3.611074e-02
    endloop
  endfacet
  facet normal 1.134792e-01 7.650145e-01 6.339363e-01
    outer loop
      vertex   7.029129e-03 7.136794e-02 3.611074e-02
      vertex   1.399056e-02 7.033531e-02 3.611074e-02
      vertex   1.459711e-02 7.338464e-02 3.232233e-02
    endloop
  endfacet
  facet normal 3.182415e-02 9.923942e-01 1.189156e-01
    outer loop
      vertex   -2.163481e-03 6.746532e-02 5.000000e-02
      vertex   6.481554e-03 6.718809e-02 5.000000e-02
      vertex   -4.162597e-18 6.798037e-02 4.512274e-02
    endloop
  endfacet
  facet normal 4.883826e-02 9.941257e-01 9.658622e-02
    outer loop
      vertex   -4.162597e-18 6.798037e-02 4.512274e-02
      vertex   6.481554e-03 6.718809e-02 5.000000e-02
      vertex   6.663241e-03 6.765302e-02 4.512274e-02
    endloop
  endfacet
  facet normal 4.695960e-02 9.558846e-01 2.899644e-01
    outer loop
      vertex   -4.162597e-18 6.798037e-02 4.512274e-02
      vertex   6.663241e-03 6.765302e-02 4.512274e-02
      vertex   6.802685e-03 6.906882e-02 4.043291e-02
    endloop
  endfacet
  facet normal 1.404266e-01 9.466789e-01 2.899644e-01
    outer loop
      vertex   6.802685e-03 6.906882e-02 4.043291e-02
      vertex   6.663241e-03 6.765302e-02 4.512274e-02
      vertex   1.353986e-02 6.806945e-02 4.043291e-02
    endloop
  endfacet
  facet normal 1.294394e-01 8.726093e-01 4.709549e-01
    outer loop
      vertex   6.802685e-03 6.906882e-02 4.043291e-02
      vertex   1.353986e-02 6.806945e-02 4.043291e-02
      vertex   1.399056e-02 7.033531e-02 3.611074e-02
    endloop
  endfacet
  facet normal 1.588070e-01 9.822777e-01 9.955333e-02
    outer loop
      vertex   6.481554e-03 6.718809e-02 5.000000e-02
      vertex   1.502016e-02 6.580763e-02 5.000000e-02
      vertex   6.663241e-03 6.765302e-02 4.512274e-02
    endloop
  endfacet
  facet normal 1.456355e-01 9.817948e-01 1.219394e-01
    outer loop
      vertex   6.663241e-03 6.765302e-02 4.512274e-02
      vertex   1.502016e-02 6.580763e-02 5.000000e-02
      vertex   1.326231e-02 6.667414e-02 4.512274e-02
    endloop
  endfacet
  facet normal 1.404266e-01 9.466789e-01 2.899644e-01
    outer loop
      vertex   6.663241e-03 6.765302e-02 4.512274e-02
      vertex   1.326231e-02 6.667414e-02 4.512274e-02
      vertex   1.353986e-02 6.806945e-02 4.043291e-02
    endloop
  endfacet
  facet normal 3.357557e-01 9.383742e-01 8.198774e-02
    outer loop
      vertex   1.973366e-02 6.505316e-02 4.512274e-02
      vertex   2.331214e-02 6.334662e-02 5.000000e-02
      vertex   2.601496e-02 6.280567e-02 4.512274e-02
    endloop
  endfacet
  facet normal 4.017606e-01 9.075842e-01 1.219805e-01
    outer loop
      vertex   2.601496e-02 6.280567e-02 4.512274e-02
      vertex   2.331214e-02 6.334662e-02 5.000000e-02
      vertex   3.122133e-02 5.984545e-02 5.000000e-02
    endloop
  endfacet
  facet normal 4.257468e-01 9.001661e-01 9.187333e-02
    outer loop
      vertex   2.601496e-02 6.280567e-02 4.512274e-02
      vertex   3.122133e-02 5.984545e-02 5.000000e-02
      vertex   3.204572e-02 5.995333e-02 4.512274e-02
    endloop
  endfacet
  facet normal 5.154755e-01 8.503307e-01 1.059376e-01
    outer loop
      vertex   3.204572e-02 5.995333e-02 4.512274e-02
      vertex   3.122133e-02 5.984545e-02 5.000000e-02
      vertex   3.861787e-02 5.536163e-02 5.000000e-02
    endloop
  endfacet
  facet normal 5.107509e-01 8.521365e-01 1.140040e-01
    outer loop
      vertex   3.204572e-02 5.995333e-02 4.512274e-02
      vertex   3.861787e-02 5.536163e-02 5.000000e-02
      vertex   3.776787e-02 5.652361e-02 4.512274e-02
    endloop
  endfacet
  facet normal 5.934297e-01 8.001474e-01 8.720864e-02
    outer loop
      vertex   3.776787e-02 5.652361e-02 4.512274e-02
      vertex   3.861787e-02 5.536163e-02 5.000000e-02
      vertex   4.312629e-02 5.254954e-02 4.512274e-02
    endloop
  endfacet
  facet normal 5.701065e-01 7.686997e-01 2.899644e-01
    outer loop
      vertex   3.776787e-02 5.652361e-02 4.512274e-02
      vertex   4.312629e-02 5.254954e-02 4.512274e-02
      vertex   4.402880e-02 5.364925e-02 4.043291e-02
    endloop
  endfacet
  facet normal 6.427071e-01 7.091180e-01 2.899644e-01
    outer loop
      vertex   4.402880e-02 5.364925e-02 4.043291e-02
      vertex   4.312629e-02 5.254954e-02 4.512274e-02
      vertex   4.907534e-02 4.907534e-02 4.043291e-02
    endloop
  endfacet
  facet normal 5.924206e-01 6.536354e-01 4.709549e-01
    outer loop
      vertex   4.402880e-02 5.364925e-02 4.043291e-02
      vertex   4.907534e-02 4.907534e-02 4.043291e-02
      vertex   5.070893e-02 5.070893e-02 3.611074e-02
    endloop
  endfacet
  facet normal 6.536354e-01 5.924206e-01 4.709549e-01
    outer loop
      vertex   5.070893e-02 5.070893e-02 3.611074e-02
      vertex   4.907534e-02 4.907534e-02 4.043291e-02
      vertex   5.543510e-02 4.549441e-02 3.611074e-02
    endloop
  endfacet
  facet normal 5.730407e-01 5.193738e-01 6.339363e-01
    outer loop
      vertex   5.070893e-02 5.070893e-02 3.611074e-02
      vertex   5.543510e-02 4.549441e-02 3.611074e-02
      vertex   5.783844e-02 4.746678e-02 3.232233e-02
    endloop
  endfacet
  facet normal 6.211888e-01 4.607050e-01 6.339363e-01
    outer loop
      vertex   5.783844e-02 4.746678e-02 3.232233e-02
      vertex   5.543510e-02 4.549441e-02 3.611074e-02
      vertex   6.221249e-02 4.156906e-02 3.232233e-02
    endloop
  endfacet
  facet normal 5.099164e-01 3.781798e-01 7.726353e-01
    outer loop
      vertex   5.783844e-02 4.746678e-02 3.232233e-02
      vertex   6.221249e-02 4.156906e-02 3.232233e-02
      vertex   6.536244e-02 4.367379e-02 2.921326e-02
    endloop
  endfacet
  facet normal 5.445291e-01 3.263782e-01 7.726353e-01
    outer loop
      vertex   6.536244e-02 4.367379e-02 2.921326e-02
      vertex   6.221249e-02 4.156906e-02 3.232233e-02
      vertex   6.932849e-02 3.705685e-02 2.921326e-02
    endloop
  endfacet
  facet normal 4.047096e-01 2.425736e-01 8.816849e-01
    outer loop
      vertex   6.536244e-02 4.367379e-02 2.921326e-02
      vertex   6.932849e-02 3.705685e-02 2.921326e-02
      vertex   7.314030e-02 3.909431e-02 2.690301e-02
    endloop
  endfacet
  facet normal 4.265372e-01 2.017371e-01 8.816849e-01
    outer loop
      vertex   7.314030e-02 3.909431e-02 2.690301e-02
      vertex   6.932849e-02 3.705685e-02 2.921326e-02
      vertex   7.662002e-02 3.173705e-02 2.690301e-02
    endloop
  endfacet
  facet normal 2.627040e-01 1.242497e-01 9.568430e-01
    outer loop
      vertex   7.314030e-02 3.909431e-02 2.690301e-02
      vertex   7.662002e-02 3.173705e-02 2.690301e-02
      vertex   8.095286e-02 3.353177e-02 2.548037e-02
    endloop
  endfacet
  facet normal 2.736176e-01 9.790195e-02 9.568430e-01
    outer loop
      vertex   8.095286e-02 3.353177e-02 2.548037e-02
      vertex   7.662002e-02 3.173705e-02 2.690301e-02
      vertex   8.384974e-02 2.543554e-02 2.548037e-02
    endloop
  endfacet
  facet normal 9.185468e-02 3.286613e-02 9.952299e-01
    outer loop
      vertex   8.095286e-02 3.353177e-02 2.548037e-02
      vertex   8.384974e-02 2.543554e-02 2.548037e-02
      vertex   8.570070e-02 3.480862e-02 2.500000e-02
    endloop
  endfacet
  facet normal 9.429837e-02 3.237267e-02 9.950175e-01
    outer loop
      vertex   8.570070e-02 3.480862e-02 2.500000e-02
      vertex   8.384974e-02 2.543554e-02 2.548037e-02
      vertex   8.900979e-02 2.516957e-02 2.500000e-02
    endloop
  endfacet
  facet normal 9.386864e-02 2.351287e-02 9.953069e-01
    outer loop
      vertex   8.900979e-02 2.516957e-02 2.500000e-02
      vertex   8.384974e-02 2.543554e-02 2.548037e-02
      vertex   8.593910e-02 1.709435e-02 2.548037e-02
    endloop
  endfacet
  facet normal 9.793117e-02 2.194689e-02 9.949512e-01
    outer loop
      vertex   8.900979e-02 2.516957e-02 2.500000e-02
      vertex   8.593910e-02 1.709435e-02 2.548037e-02
      vertex   9.123842e-02 1.522500e-02 2.500000e-02
    endloop
  endfacet
  facet normal 9.520800e-02 1.412277e-02 9.953572e-01
    outer loop
      vertex   9.123842e-02 1.522500e-02 2.500000e-02
      vertex   8.593910e-02 1.709435e-02 2.548037e-02
      vertex   8.720081e-02 8.588531e-03 2.548037e-02
    endloop
  endfacet
  facet normal 1.001488e-01 1.108447e-02 9.949107e-01
    outer loop
      vertex   9.123842e-02 1.522500e-02 2.500000e-02
      vertex   8.720081e-02 8.588531e-03 2.548037e-02
      vertex   9.235954e-02 5.095618e-03 2.500000e-02
    endloop
  endfacet
  facet normal 9.587672e-02 4.710121e-03 9.953821e-01
    outer loop
      vertex   9.235954e-02 5.095618e-03 2.500000e-02
      vertex   8.720081e-02 8.588531e-03 2.548037e-02
      vertex   8.762274e-02 -1.073069e-17 2.548037e-02
    endloop
  endfacet
  facet normal 1.008945e-01 0.000000e+00 9.948971e-01
    outer loop
      vertex   9.235954e-02 5.095618e-03 2.500000e-02
      vertex   8.762274e-02 -1.073069e-17 2.548037e-02
      vertex   9.235954e-02 -5.095618e-03 2.500000e-02
    endloop
  endfacet
  facet normal 9.587672e-02 -4.710121e-03 9.953821e-01
    outer loop
      vertex   9.235954e-02 -5.095618e-03 2.500000e-02
      vertex   8.762274e-02 -1.073069e-17 2.548037e-02
      vertex   8.720081e-02 -8.588531e-03 2.548037e-02
    endloop
  endfacet
  facet normal 1.001488e-01 -1.108447e-02 9.949107e-01
    outer loop
      vertex   9.235954e-02 -5.095618e-03 2.500000e-02
      vertex   8.720081e-02 -8.588531e-03 2.548037e-02
      vertex   9.123842e-02 -1.522500e-02 2.500000e-02
    endloop
  endfacet
  facet normal 9.520800e-02 -1.412277e-02 9.953572e-01
    outer loop
      vertex   9.123842e-02 -1.522500e-02 2.500000e-02
      vertex   8.720081e-02 -8.588531e-03 2.548037e-02
      vertex   8.593910e-02 -1.709435e-02 2.548037e-02
    endloop
  endfacet
  facet normal 9.793117e-02 -2.194689e-02 9.949512e-01
    outer loop
      vertex   9.123842e-02 -1.522500e-02 2.500000e-02
      vertex   8.593910e-02 -1.709435e-02 2.548037e-02
      vertex   8.900979e-02 -2.516957e-02 2.500000e-02
    endloop
  endfacet
  facet normal 9.386864e-02 -2.351287e-02 9.953069e-01
    outer loop
      vertex   8.900979e-02 -2.516957e-02 2.500000e-02
      vertex   8.593910e-02 -1.709435e-02 2.548037e-02
      vertex   8.384974e-02 -2.543554e-02 2.548037e-02
    endloop
  endfacet
  facet normal 9.429837e-02 -3.237267e-02 9.950175e-01
    outer loop
      vertex   8.900979e-02 -2.516957e-02 2.500000e-02
      vertex   8.384974e-02 -2.543554e-02 2.548037e-02
      vertex   8.570070e-02 -3.480862e-02 2.500000e-02
    endloop
  endfacet
  facet normal 9.185468e-02 -3.286613e-02 9.952299e-01
    outer loop
      vertex   8.570070e-02 -3.480862e-02 2.500000e-02
      vertex   8.384974e-02 -2.543554e-02 2.548037e-02
      vertex   8.095286e-02 -3.353177e-02 2.548037e-02
    endloop
  endfacet
  facet normal 8.934248e-02 -4.216173e-02 9.951082e-01
    outer loop
      vertex   8.570070e-02 -3.480862e-02 2.500000e-02
      vertex   8.095286e-02 -3.353177e-02 2.548037e-02
      vertex   8.135132e-02 -4.402513e-02 2.500000e-02
    endloop
  endfacet
  facet normal 8.915973e-02 -4.216941e-02 9.951243e-01
    outer loop
      vertex   8.135132e-02 -4.402513e-02 2.500000e-02
      vertex   8.095286e-02 -3.353177e-02 2.548037e-02
      vertex   7.727636e-02 -4.130507e-02 2.548037e-02
    endloop
  endfacet
  facet normal 8.379400e-02 -5.022419e-02 9.952166e-01
    outer loop
      vertex   8.135132e-02 -4.402513e-02 2.500000e-02
      vertex   7.727636e-02 -4.130507e-02 2.548037e-02
      vertex   7.285565e-02 -4.868059e-02 2.548037e-02
    endloop
  endfacet
  facet normal 2.492604e-01 -1.494009e-01 9.568430e-01
    outer loop
      vertex   7.285565e-02 -4.868059e-02 2.548037e-02
      vertex   7.727636e-02 -4.130507e-02 2.548037e-02
      vertex   7.314030e-02 -3.909431e-02 2.690301e-02
    endloop
  endfacet
  facet normal 2.492604e-01 -1.494009e-01 9.568430e-01
    outer loop
      vertex   7.285565e-02 -4.868059e-02 2.548037e-02
      vertex   7.314030e-02 -3.909431e-02 2.690301e-02
      vertex   6.895620e-02 -4.607506e-02 2.690301e-02
    endloop
  endfacet
  facet normal 4.047096e-01 -2.425736e-01 8.816849e-01
    outer loop
      vertex   6.895620e-02 -4.607506e-02 2.690301e-02
      vertex   7.314030e-02 -3.909431e-02 2.690301e-02
      vertex   6.932849e-02 -3.705685e-02 2.921326e-02
    endloop
  endfacet
  facet normal 4.047096e-01 -2.425736e-01 8.816849e-01
    outer loop
      vertex   6.895620e-02 -4.607506e-02 2.690301e-02
      vertex   6.932849e-02 -3.705685e-02 2.921326e-02
      vertex   6.536244e-02 -4.367379e-02 2.921326e-02
    endloop
  endfacet
  facet normal 5.445291e-01 -3.263782e-01 7.726353e-01
    outer loop
      vertex   6.536244e-02 -4.367379e-02 2.921326e-02
      vertex   6.932849e-02 -3.705685e-02 2.921326e-02
      vertex   6.598740e-02 -3.527100e-02 3.232233e-02
    endloop
  endfacet
  facet normal 5.445291e-01 -3.263782e-01 7.726353e-01
    outer loop
      vertex   6.536244e-02 -4.367379e-02 2.921326e-02
      vertex   6.598740e-02 -3.527100e-02 3.232233e-02
      vertex   6.221249e-02 -4.156906e-02 3.232233e-02
    endloop
  endfacet
  facet normal 6.633546e-01 -3.975995e-01 6.339363e-01
    outer loop
      vertex   6.221249e-02 -4.156906e-02 3.232233e-02
      vertex   6.598740e-02 -3.527100e-02 3.232233e-02
      vertex   6.324545e-02 -3.380540e-02 3.611074e-02
    endloop
  endfacet
  facet normal 6.633546e-01 -3.975995e-01 6.339363e-01
    outer loop
      vertex   6.221249e-02 -4.156906e-02 3.232233e-02
      vertex   6.324545e-02 -3.380540e-02 3.611074e-02
      vertex   5.962740e-02 -3.984175e-02 3.611074e-02
    endloop
  endfacet
  facet normal 7.566515e-01 -4.535195e-01 4.709549e-01
    outer loop
      vertex   5.962740e-02 -3.984175e-02 3.611074e-02
      vertex   6.324545e-02 -3.380540e-02 3.611074e-02
      vertex   6.120799e-02 -3.271635e-02 4.043291e-02
    endloop
  endfacet
  facet normal 7.566515e-01 -4.535195e-01 4.709549e-01
    outer loop
      vertex   5.962740e-02 -3.984175e-02 3.611074e-02
      vertex   6.120799e-02 -3.271635e-02 4.043291e-02
      vertex   5.770650e-02 -3.855825e-02 4.043291e-02
    endloop
  endfacet
  facet normal 8.208784e-01 -4.920156e-01 2.899644e-01
    outer loop
      vertex   5.770650e-02 -3.855825e-02 4.043291e-02
      vertex   6.120799e-02 -3.271635e-02 4.043291e-02
      vertex   5.995333e-02 -3.204572e-02 4.512274e-02
    endloop
  endfacet
  facet normal 8.208784e-01 -4.920156e-01 2.899644e-01
    outer loop
      vertex   5.770650e-02 -3.855825e-02 4.043291e-02
      vertex   5.995333e-02 -3.204572e-02 4.512274e-02
      vertex   5.652361e-02 -3.776787e-02 4.512274e-02
    endloop
  endfacet
  facet normal 8.541830e-01 -5.119776e-01 9.083120e-02
    outer loop
      vertex   5.652361e-02 -3.776787e-02 4.512274e-02
      vertex   5.995333e-02 -3.204572e-02 4.512274e-02
      vertex   5.657095e-02 -3.682361e-02 5.000000e-02
    endloop
  endfacet
  facet normal 7.967786e-01 -5.946514e-01 1.073944e-01
    outer loop
      vertex   5.652361e-02 -3.776787e-02 4.512274e-02
      vertex   5.657095e-02 -3.682361e-02 5.000000e-02
      vertex   5.139760e-02 -4.375542e-02 5.000000e-02
    endloop
  endfacet
  facet normal 6.186327e-01 7.757409e-01 1.245777e-01
    outer loop
      vertex   3.861787e-02 5.536163e-02 5.000000e-02
      vertex   4.538031e-02 4.996876e-02 5.000000e-02
      vertex   4.312629e-02 5.254954e-02 4.512274e-02
    endloop
  endfacet
  facet normal 6.693283e-01 7.384900e-01 8.143773e-02
    outer loop
      vertex   4.312629e-02 5.254954e-02 4.512274e-02
      vertex   4.538031e-02 4.996876e-02 5.000000e-02
      vertex   4.806938e-02 4.806938e-02 4.512274e-02
    endloop
  endfacet
  facet normal 6.427071e-01 7.091180e-01 2.899644e-01
    outer loop
      vertex   4.312629e-02 5.254954e-02 4.512274e-02
      vertex   4.806938e-02 4.806938e-02 4.512274e-02
      vertex   4.907534e-02 4.907534e-02 4.043291e-02
    endloop
  endfacet
  facet normal 7.091180e-01 6.427071e-01 2.899644e-01
    outer loop
      vertex   4.907534e-02 4.907534e-02 4.043291e-02
      vertex   4.806938e-02 4.806938e-02 4.512274e-02
      vertex   5.364925e-02 4.402880e-02 4.043291e-02
    endloop
  endfacet
  facet normal 6.536354e-01 5.924206e-01 4.709549e-01
    outer loop
      vertex   4.907534e-02 4.907534e-02 4.043291e-02
      vertex   5.364925e-02 4.402880e-02 4.043291e-02
      vertex   5.543510e-02 4.549441e-02 3.611074e-02
    endloop
  endfacet
  facet normal 7.085554e-01 5.255005e-01 4.709549e-01
    outer loop
      vertex   5.543510e-02 4.549441e-02 3.611074e-02
      vertex   5.364925e-02 4.402880e-02 4.043291e-02
      vertex   5.962740e-02 3.984175e-02 3.611074e-02
    endloop
  endfacet
  facet normal 6.211888e-01 4.607050e-01 6.339363e-01
    outer loop
      vertex   5.543510e-02 4.549441e-02 3.611074e-02
      vertex   5.962740e-02 3.984175e-02 3.611074e-02
      vertex   6.221249e-02 4.156906e-02 3.232233e-02
    endloop
  endfacet
  facet normal 6.633546e-01 3.975995e-01 6.339363e-01
    outer loop
      vertex   6.221249e-02 4.156906e-02 3.232233e-02
      vertex   5.962740e-02 3.984175e-02 3.611074e-02
      vertex   6.598740e-02 3.527100e-02 3.232233e-02
    endloop
  endfacet
  facet normal 5.445291e-01 3.263782e-01 7.726353e-01
    outer loop
      vertex   6.221249e-02 4.156906e-02 3.232233e-02
      vertex   6.598740e-02 3.527100e-02 3.232233e-02
      vertex   6.932849e-02 3.705685e-02 2.921326e-02
    endloop
  endfacet
  facet normal 5.738977e-01 2.714334e-01 7.726353e-01
    outer loop
      vertex   6.932849e-02 3.705685e-02 2.921326e-02
      vertex   6.598740e-02 3.527100e-02 3.232233e-02
      vertex   7.262686e-02 3.008303e-02 2.921326e-02
    endloop
  endfacet
  facet normal 4.265372e-01 2.017371e-01 8.816849e-01
    outer loop
      vertex   6.932849e-02 3.705685e-02 2.921326e-02
      vertex   7.262686e-02 3.008303e-02 2.921326e-02
      vertex   7.662002e-02 3.173705e-02 2.690301e-02
    endloop
  endfacet
  facet normal 4.442570e-01 1.589577e-01 8.816849e-01
    outer loop
      vertex   7.662002e-02 3.173705e-02 2.690301e-02
      vertex   7.262686e-02 3.008303e-02 2.921326e-02
      vertex   7.936185e-02 2.407415e-02 2.690301e-02
    endloop
  endfacet
  facet normal 2.736176e-01 9.790195e-02 9.568430e-01
    outer loop
      vertex   7.662002e-02 3.173705e-02 2.690301e-02
      vertex   7.936185e-02 2.407415e-02 2.690301e-02
      vertex   8.384974e-02 2.543554e-02 2.548037e-02
    endloop
  endfacet
  facet normal 2.818961e-01 7.061131e-02 9.568430e-01
    outer loop
      vertex   8.384974e-02 2.543554e-02 2.548037e-02
      vertex   7.936185e-02 2.407415e-02 2.690301e-02
      vertex   8.593910e-02 1.709435e-02 2.548037e-02
    endloop
  endfacet
  facet normal 7.127902e-01 6.902988e-01 1.241678e-01
    outer loop
      vertex   4.538031e-02 4.996876e-02 5.000000e-02
      vertex   5.139760e-02 4.375542e-02 5.000000e-02
      vertex   4.806938e-02 4.806938e-02 4.512274e-02
    endloop
  endfacet
  facet normal 7.380745e-01 6.689517e-01 8.803228e-02
    outer loop
      vertex   4.806938e-02 4.806938e-02 4.512274e-02
      vertex   5.139760e-02 4.375542e-02 5.000000e-02
      vertex   5.254954e-02 4.312629e-02 4.512274e-02
    endloop
  endfacet
  facet normal 7.091180e-01 6.427071e-01 2.899644e-01
    outer loop
      vertex   4.806938e-02 4.806938e-02 4.512274e-02
      vertex   5.254954e-02 4.312629e-02 4.512274e-02
      vertex   5.364925e-02 4.402880e-02 4.043291e-02
    endloop
  endfacet
  facet normal 7.686997e-01 5.701065e-01 2.899644e-01
    outer loop
      vertex   5.364925e-02 4.402880e-02 4.043291e-02
      vertex   5.254954e-02 4.312629e-02 4.512274e-02
      vertex   5.770650e-02 3.855825e-02 4.043291e-02
    endloop
  endfacet
  facet normal 7.085554e-01 5.255005e-01 4.709549e-01
    outer loop
      vertex   5.364925e-02 4.402880e-02 4.043291e-02
      vertex   5.770650e-02 3.855825e-02 4.043291e-02
      vertex   5.962740e-02 3.984175e-02 3.611074e-02
    endloop
  endfacet
  facet normal 7.566515e-01 4.535195e-01 4.709549e-01
    outer loop
      vertex   5.962740e-02 3.984175e-02 3.611074e-02
      vertex   5.770650e-02 3.855825e-02 4.043291e-02
      vertex   6.324545e-02 3.380540e-02 3.611074e-02
    endloop
  endfacet
  facet normal 6.633546e-01 3.975995e-01 6.339363e-01
    outer loop
      vertex   5.962740e-02 3.984175e-02 3.611074e-02
      vertex   6.324545e-02 3.380540e-02 3.611074e-02
      vertex   6.598740e-02 3.527100e-02 3.232233e-02
    endloop
  endfacet
  facet normal 6.991320e-01 3.306648e-01 6.339363e-01
    outer loop
      vertex   6.598740e-02 3.527100e-02 3.232233e-02
      vertex   6.324545e-02 3.380540e-02 3.611074e-02
      vertex   6.912682e-02 2.863327e-02 3.232233e-02
    endloop
  endfacet
  facet normal 5.738977e-01 2.714334e-01 7.726353e-01
    outer loop
      vertex   6.598740e-02 3.527100e-02 3.232233e-02
      vertex   6.912682e-02 2.863327e-02 3.232233e-02
      vertex   7.262686e-02 3.008303e-02 2.921326e-02
    endloop
  endfacet
  facet normal 5.977394e-01 2.138746e-01 7.726353e-01
    outer loop
      vertex   7.262686e-02 3.008303e-02 2.921326e-02
      vertex   6.912682e-02 2.863327e-02 3.232233e-02
      vertex   7.522579e-02 2.281949e-02 2.921326e-02
    endloop
  endfacet
  facet normal 4.442570e-01 1.589577e-01 8.816849e-01
    outer loop
      vertex   7.262686e-02 3.008303e-02 2.921326e-02
      vertex   7.522579e-02 2.281949e-02 2.921326e-02
      vertex   7.936185e-02 2.407415e-02 2.690301e-02
    endloop
  endfacet
  facet normal 4.576983e-01 1.146475e-01 8.816849e-01
    outer loop
      vertex   7.936185e-02 2.407415e-02 2.690301e-02
      vertex   7.522579e-02 2.281949e-02 2.921326e-02
      vertex   8.133938e-02 1.617941e-02 2.690301e-02
    endloop
  endfacet
  facet normal 2.818961e-01 7.061131e-02 9.568430e-01
    outer loop
      vertex   7.936185e-02 2.407415e-02 2.690301e-02
      vertex   8.133938e-02 1.617941e-02 2.690301e-02
      vertex   8.593910e-02 1.709435e-02 2.548037e-02
    endloop
  endfacet
  facet normal 2.874598e-01 4.264064e-02 9.568430e-01
    outer loop
      vertex   8.593910e-02 1.709435e-02 2.548037e-02
      vertex   8.133938e-02 1.617941e-02 2.690301e-02
      vertex   8.720081e-02 8.588531e-03 2.548037e-02
    endloop
  endfacet
  facet normal 7.964225e-01 5.943856e-01 1.114316e-01
    outer loop
      vertex   5.139760e-02 4.375542e-02 5.000000e-02
      vertex   5.657095e-02 3.682361e-02 5.000000e-02
      vertex   5.254954e-02 4.312629e-02 4.512274e-02
    endloop
  endfacet
  facet normal 7.986034e-01 5.922846e-01 1.069185e-01
    outer loop
      vertex   5.254954e-02 4.312629e-02 4.512274e-02
      vertex   5.657095e-02 3.682361e-02 5.000000e-02
      vertex   5.652361e-02 3.776787e-02 4.512274e-02
    endloop
  endfacet
  facet normal 7.686997e-01 5.701065e-01 2.899644e-01
    outer loop
      vertex   5.254954e-02 4.312629e-02 4.512274e-02
      vertex   5.652361e-02 3.776787e-02 4.512274e-02
      vertex   5.770650e-02 3.855825e-02 4.043291e-02
    endloop
  endfacet
  facet normal 8.208784e-01 4.920156e-01 2.899644e-01
    outer loop
      vertex   5.770650e-02 3.855825e-02 4.043291e-02
      vertex   5.652361e-02 3.776787e-02 4.512274e-02
      vertex   6.120799e-02 3.271635e-02 4.043291e-02
    endloop
  endfacet
  facet normal 7.566515e-01 4.535195e-01 4.709549e-01
    outer loop
      vertex   5.770650e-02 3.855825e-02 4.043291e-02
      vertex   6.120799e-02 3.271635e-02 4.043291e-02
      vertex   6.324545e-02 3.380540e-02 3.611074e-02
    endloop
  endfacet
  facet normal 7.974607e-01 3.771708e-01 4.709549e-01
    outer loop
      vertex   6.324545e-02 3.380540e-02 3.611074e-02
      vertex   6.120799e-02 3.271635e-02 4.043291e-02
      vertex   6.625441e-02 2.744348e-02 3.611074e-02
    endloop
  endfacet
  facet normal 6.991320e-01 3.306648e-01 6.339363e-01
    outer loop
      vertex   6.324545e-02 3.380540e-02 3.611074e-02
      vertex   6.625441e-02 2.744348e-02 3.611074e-02
      vertex   6.912682e-02 2.863327e-02 3.232233e-02
    endloop
  endfacet
  facet normal 7.281763e-01 2.605456e-01 6.339363e-01
    outer loop
      vertex   6.912682e-02 2.863327e-02 3.232233e-02
      vertex   6.625441e-02 2.744348e-02 3.611074e-02
      vertex   7.160051e-02 2.171978e-02 3.232233e-02
    endloop
  endfacet
  facet normal 5.977394e-01 2.138746e-01 7.726353e-01
    outer loop
      vertex   6.912682e-02 2.863327e-02 3.232233e-02
      vertex   7.160051e-02 2.171978e-02 3.232233e-02
      vertex   7.522579e-02 2.281949e-02 2.921326e-02
    endloop
  endfacet
  facet normal 6.158245e-01 1.542560e-01 7.726353e-01
    outer loop
      vertex   7.522579e-02 2.281949e-02 2.921326e-02
      vertex   7.160051e-02 2.171978e-02 3.232233e-02
      vertex   7.710026e-02 1.533620e-02 2.921326e-02
    endloop
  endfacet
  facet normal 4.576983e-01 1.146475e-01 8.816849e-01
    outer loop
      vertex   7.522579e-02 2.281949e-02 2.921326e-02
      vertex   7.710026e-02 1.533620e-02 2.921326e-02
      vertex   8.133938e-02 1.617941e-02 2.690301e-02
    endloop
  endfacet
  facet normal 4.667318e-01 6.923312e-02 8.816849e-01
    outer loop
      vertex   8.133938e-02 1.617941e-02 2.690301e-02
      vertex   7.710026e-02 1.533620e-02 2.921326e-02
      vertex   8.253357e-02 8.128847e-03 2.690301e-02
    endloop
  endfacet
  facet normal 2.874598e-01 4.264064e-02 9.568430e-01
    outer loop
      vertex   8.133938e-02 1.617941e-02 2.690301e-02
      vertex   8.253357e-02 8.128847e-03 2.690301e-02
      vertex   8.720081e-02 8.588531e-03 2.548037e-02
    endloop
  endfacet
  facet normal 2.902552e-01 1.425932e-02 9.568430e-01
    outer loop
      vertex   8.720081e-02 8.588531e-03 2.548037e-02
      vertex   8.253357e-02 8.128847e-03 2.690301e-02
      vertex   8.762274e-02 -1.073069e-17 2.548037e-02
    endloop
  endfacet
  facet normal 8.541830e-01 5.119776e-01 9.083120e-02
    outer loop
      vertex   5.652361e-02 3.776787e-02 4.512274e-02
      vertex   5.657095e-02 3.682361e-02 5.000000e-02
      vertex   5.995333e-02 3.204572e-02 4.512274e-02
    endloop
  endfacet
  facet normal 8.647446e-01 4.870151e-01 1.226096e-01
    outer loop
      vertex   5.995333e-02 3.204572e-02 4.512274e-02
      vertex   5.657095e-02 3.682361e-02 5.000000e-02
      vertex   6.081540e-02 2.928715e-02 5.000000e-02
    endloop
  endfacet
  facet normal 9.009622e-01 4.261234e-01 8.176775e-02
    outer loop
      vertex   5.995333e-02 3.204572e-02 4.512274e-02
      vertex   6.081540e-02 2.928715e-02 5.000000e-02
      vertex   6.280567e-02 2.601496e-02 4.512274e-02
    endloop
  endfacet
  facet normal 9.195906e-01 3.723010e-01 1.254794e-01
    outer loop
      vertex   6.280567e-02 2.601496e-02 4.512274e-02
      vertex   6.081540e-02 2.928715e-02 5.000000e-02
      vertex   6.406126e-02 2.126980e-02 5.000000e-02
    endloop
  endfacet
  facet normal 9.381312e-01 3.356687e-01 8.506625e-02
    outer loop
      vertex   6.280567e-02 2.601496e-02 4.512274e-02
      vertex   6.406126e-02 2.126980e-02 5.000000e-02
      vertex   6.505316e-02 1.973366e-02 4.512274e-02
    endloop
  endfacet
  facet normal 9.607604e-01 2.519411e-01 1.160393e-01
    outer loop
      vertex   6.505316e-02 1.973366e-02 4.512274e-02
      vertex   6.406126e-02 2.126980e-02 5.000000e-02
      vertex   6.625524e-02 1.290321e-02 5.000000e-02
    endloop
  endfacet
  facet normal 9.651014e-01 2.417453e-01 1.006906e-01
    outer loop
      vertex   6.505316e-02 1.973366e-02 4.512274e-02
      vertex   6.625524e-02 1.290321e-02 5.000000e-02
      vertex   6.667414e-02 1.326231e-02 4.512274e-02
    endloop
  endfacet
  facet normal 9.846719e-01 1.460623e-01 9.532648e-02
    outer loop
      vertex   6.667414e-02 1.326231e-02 4.512274e-02
      vertex   6.625524e-02 1.290321e-02 5.000000e-02
      vertex   6.765302e-02 6.663241e-03 4.512274e-02
    endloop
  endfacet
  facet normal 9.466789e-01 1.404266e-01 2.899644e-01
    outer loop
      vertex   6.667414e-02 1.326231e-02 4.512274e-02
      vertex   6.765302e-02 6.663241e-03 4.512274e-02
      vertex   6.906882e-02 6.802685e-03 4.043291e-02
    endloop
  endfacet
  facet normal 9.558846e-01 4.695960e-02 2.899644e-01
    outer loop
      vertex   6.906882e-02 6.802685e-03 4.043291e-02
      vertex   6.765302e-02 6.663241e-03 4.512274e-02
      vertex   6.940301e-02 8.499418e-18 4.043291e-02
    endloop
  endfacet
  facet normal 8.810947e-01 4.328541e-02 4.709549e-01
    outer loop
      vertex   6.906882e-02 6.802685e-03 4.043291e-02
      vertex   6.940301e-02 8.499418e-18 4.043291e-02
      vertex   7.171326e-02 8.782341e-18 3.611074e-02
    endloop
  endfacet
  facet normal 8.810947e-01 -4.328541e-02 4.709549e-01
    outer loop
      vertex   7.171326e-02 8.782341e-18 3.611074e-02
      vertex   6.940301e-02 8.499418e-18 4.043291e-02
      vertex   7.136794e-02 -7.029129e-03 3.611074e-02
    endloop
  endfacet
  facet normal 7.724537e-01 -3.794821e-02 6.339363e-01
    outer loop
      vertex   7.171326e-02 8.782341e-18 3.611074e-02
      vertex   7.136794e-02 -7.029129e-03 3.611074e-02
      vertex   7.446204e-02 -7.333871e-03 3.232233e-02
    endloop
  endfacet
  facet normal 7.650145e-01 -1.134792e-01 6.339363e-01
    outer loop
      vertex   7.446204e-02 -7.333871e-03 3.232233e-02
      vertex   7.136794e-02 -7.029129e-03 3.611074e-02
      vertex   7.338464e-02 -1.459711e-02 3.232233e-02
    endloop
  endfacet
  facet normal 6.279788e-01 -9.315186e-02 7.726353e-01
    outer loop
      vertex   7.446204e-02 -7.333871e-03 3.232233e-02
      vertex   7.338464e-02 -1.459711e-02 3.232233e-02
      vertex   7.710026e-02 -1.533620e-02 2.921326e-02
    endloop
  endfacet
  facet normal 6.158245e-01 -1.542560e-01 7.726353e-01
    outer loop
      vertex   7.710026e-02 -1.533620e-02 2.921326e-02
      vertex   7.338464e-02 -1.459711e-02 3.232233e-02
      vertex   7.522579e-02 -2.281949e-02 2.921326e-02
    endloop
  endfacet
  facet normal 4.576983e-01 -1.146475e-01 8.816849e-01
    outer loop
      vertex   7.710026e-02 -1.533620e-02 2.921326e-02
      vertex   7.522579e-02 -2.281949e-02 2.921326e-02
      vertex   7.936185e-02 -2.407415e-02 2.690301e-02
    endloop
  endfacet
  facet normal 4.442570e-01 -1.589577e-01 8.816849e-01
    outer loop
      vertex   7.936185e-02 -2.407415e-02 2.690301e-02
      vertex   7.522579e-02 -2.281949e-02 2.921326e-02
      vertex   7.662002e-02 -3.173705e-02 2.690301e-02
    endloop
  endfacet
  facet normal 2.736176e-01 -9.790195e-02 9.568430e-01
    outer loop
      vertex   7.936185e-02 -2.407415e-02 2.690301e-02
      vertex   7.662002e-02 -3.173705e-02 2.690301e-02
      vertex   8.095286e-02 -3.353177e-02 2.548037e-02
    endloop
  endfacet
  facet normal 2.627040e-01 -1.242497e-01 9.568430e-01
    outer loop
      vertex   8.095286e-02 -3.353177e-02 2.548037e-02
      vertex   7.662002e-02 -3.173705e-02 2.690301e-02
      vertex   7.727636e-02 -4.130507e-02 2.548037e-02
    endloop
  endfacet
  facet normal 9.846515e-01 1.269567e-01 1.197642e-01
    outer loop
      vertex   6.625524e-02 1.290321e-02 5.000000e-02
      vertex   6.736131e-02 4.324740e-03 5.000000e-02
      vertex   6.765302e-02 6.663241e-03 4.512274e-02
    endloop
  endfacet
  facet normal 9.953510e-01 4.889846e-02 8.297754e-02
    outer loop
      vertex   6.765302e-02 6.663241e-03 4.512274e-02
      vertex   6.736131e-02 4.324740e-03 5.000000e-02
      vertex   6.798037e-02 8.325194e-18 4.512274e-02
    endloop
  endfacet
  facet normal 9.558846e-01 4.695960e-02 2.899644e-01
    outer loop
      vertex   6.765302e-02 6.663241e-03 4.512274e-02
      vertex   6.798037e-02 8.325194e-18 4.512274e-02
      vertex   6.940301e-02 8.499418e-18 4.043291e-02
    endloop
  endfacet
  facet normal 9.558846e-01 -4.695960e-02 2.899644e-01
    outer loop
      vertex   6.940301e-02 8.499418e-18 4.043291e-02
      vertex   6.798037e-02 8.325194e-18 4.512274e-02
      vertex   6.906882e-02 -6.802685e-03 4.043291e-02
    endloop
  endfacet
  facet normal 8.810947e-01 -4.328541e-02 4.709549e-01
    outer loop
      vertex   6.940301e-02 8.499418e-18 4.043291e-02
      vertex   6.906882e-02 -6.802685e-03 4.043291e-02
      vertex   7.136794e-02 -7.029129e-03 3.611074e-02
    endloop
  endfacet
  facet normal 8.726093e-01 -1.294394e-01 4.709549e-01
    outer loop
      vertex   7.136794e-02 -7.029129e-03 3.611074e-02
      vertex   6.906882e-02 -6.802685e-03 4.043291e-02
      vertex   7.033531e-02 -1.399056e-02 3.611074e-02
    endloop
  endfacet
  facet normal 7.650145e-01 -1.134792e-01 6.339363e-01
    outer loop
      vertex   7.136794e-02 -7.029129e-03 3.611074e-02
      vertex   7.033531e-02 -1.399056e-02 3.611074e-02
      vertex   7.338464e-02 -1.459711e-02 3.232233e-02
    endloop
  endfacet
  facet normal 7.502078e-01 -1.879173e-01 6.339363e-01
    outer loop
      vertex   7.338464e-02 -1.459711e-02 3.232233e-02
      vertex   7.033531e-02 -1.399056e-02 3.611074e-02
      vertex   7.160051e-02 -2.171978e-02 3.232233e-02
    endloop
  endfacet
  facet normal 6.158245e-01 -1.542560e-01 7.726353e-01
    outer loop
      vertex   7.338464e-02 -1.459711e-02 3.232233e-02
      vertex   7.160051e-02 -2.171978e-02 3.232233e-02
      vertex   7.522579e-02 -2.281949e-02 2.921326e-02
    endloop
  endfacet
  facet normal 5.977394e-01 -2.138746e-01 7.726353e-01
    outer loop
      vertex   7.522579e-02 -2.281949e-02 2.921326e-02
      vertex   7.160051e-02 -2.171978e-02 3.232233e-02
      vertex   7.262686e-02 -3.008303e-02 2.921326e-02
    endloop
  endfacet
  facet normal 4.442570e-01 -1.589577e-01 8.816849e-01
    outer loop
      vertex   7.522579e-02 -2.281949e-02 2.921326e-02
      vertex   7.262686e-02 -3.008303e-02 2.921326e-02
      vertex   7.662002e-02 -3.173705e-02 2.690301e-02
    endloop
  endfacet
  facet normal 4.265372e-01 -2.017371e-01 8.816849e-01
    outer loop
      vertex   7.662002e-02 -3.173705e-02 2.690301e-02
      vertex   7.262686e-02 -3.008303e-02 2.921326e-02
      vertex   7.314030e-02 -3.909431e-02 2.690301e-02
    endloop
  endfacet
  facet normal 2.627040e-01 -1.242497e-01 9.568430e-01
    outer loop
      vertex   7.662002e-02 -3.173705e-02 2.690301e-02
      vertex   7.314030e-02 -3.909431e-02 2.690301e-02
      vertex   7.727636e-02 -4.130507e-02 2.548037e-02
    endloop
  endfacet
  facet normal 9.920409e-01 0.000000e+00 1.259164e-01
    outer loop
      vertex   6.736131e-02 4.324740e-03 5.000000e-02
      vertex   6.736131e-02 -4.324740e-03 5.000000e-02
      vertex   6.798037e-02 8.325194e-18 4.512274e-02
    endloop
  endfacet
  facet normal 9.953510e-01 -4.889846e-02 8.297754e-02
    outer loop
      vertex   6.798037e-02 8.325194e-18 4.512274e-02
      vertex   6.736131e-02 -4.324740e-03 5.000000e-02
      vertex   6.765302e-02 -6.663241e-03 4.512274e-02
    endloop
  endfacet
  facet normal 9.558846e-01 -4.695960e-02 2.899644e-01
    outer loop
      vertex   6.798037e-02 8.325194e-18 4.512274e-02
      vertex   6.765302e-02 -6.663241e-03 4.512274e-02
      vertex   6.906882e-02 -6.802685e-03 4.043291e-02
    endloop
  endfacet
  facet normal 9.466789e-01 -1.404266e-01 2.899644e-01
    outer loop
      vertex   6.906882e-02 -6.802685e-03 4.043291e-02
      vertex   6.765302e-02 -6.663241e-03 4.512274e-02
      vertex   6.806945e-02 -1.353986e-02 4.043291e-02
    endloop
  endfacet
  facet normal 8.726093e-01 -1.294394e-01 4.709549e-01
    outer loop
      vertex   6.906882e-02 -6.802685e-03 4.043291e-02
      vertex   6.806945e-02 -1.353986e-02 4.043291e-02
      vertex   7.033531e-02 -1.399056e-02 3.611074e-02
    endloop
  endfacet
  facet normal 8.557201e-01 -2.143467e-01 4.709549e-01
    outer loop
      vertex   7.033531e-02 -1.399056e-02 3.611074e-02
      vertex   6.806945e-02 -1.353986e-02 4.043291e-02
      vertex   6.862531e-02 -2.081726e-02 3.611074e-02
    endloop
  endfacet
  facet normal 7.502078e-01 -1.879173e-01 6.339363e-01
    outer loop
      vertex   7.033531e-02 -1.399056e-02 3.611074e-02
      vertex   6.862531e-02 -2.081726e-02 3.611074e-02
      vertex   7.160051e-02 -2.171978e-02 3.232233e-02
    endloop
  endfacet
  facet normal 7.281763e-01 -2.605456e-01 6.339363e-01
    outer loop
      vertex   7.160051e-02 -2.171978e-02 3.232233e-02
      vertex   6.862531e-02 -2.081726e-02 3.611074e-02
      vertex   6.912682e-02 -2.863327e-02 3.232233e-02
    endloop
  endfacet
  facet normal 5.977394e-01 -2.138746e-01 7.726353e-01
    outer loop
      vertex   7.160051e-02 -2.171978e-02 3.232233e-02
      vertex   6.912682e-02 -2.863327e-02 3.232233e-02
      vertex   7.262686e-02 -3.008303e-02 2.921326e-02
    endloop
  endfacet
  facet normal 5.738977e-01 -2.714334e-01 7.726353e-01
    outer loop
      vertex   7.262686e-02 -3.008303e-02 2.921326e-02
      vertex   6.912682e-02 -2.863327e-02 3.232233e-02
      vertex   6.932849e-02 -3.705685e-02 2.921326e-02
    endloop
  endfacet
  facet normal 4.265372e-01 -2.017371e-01 8.816849e-01
    outer loop
      vertex   7.262686e-02 -3.008303e-02 2.921326e-02
      vertex   6.932849e-02 -3.705685e-02 2.921326e-02
      vertex   7.314030e-02 -3.909431e-02 2.690301e-02
    endloop
  endfacet
  facet normal 9.846515e-01 -1.269567e-01 1.197642e-01
    outer loop
      vertex   6.736131e-02 -4.324740e-03 5.000000e-02
      vertex   6.625524e-02 -1.290321e-02 5.000000e-02
      vertex   6.765302e-02 -6.663241e-03 4.512274e-02
    endloop
  endfacet
  facet normal 9.846719e-01 -1.460623e-01 9.532648e-02
    outer loop
      vertex   6.765302e-02 -6.663241e-03 4.512274e-02
      vertex   6.625524e-02 -1.290321e-02 5.000000e-02
      vertex   6.667414e-02 -1.326231e-02 4.512274e-02
    endloop
  endfacet
  facet normal 9.466789e-01 -1.404266e-01 2.899644e-01
    outer loop
      vertex   6.765302e-02 -6.663241e-03 4.512274e-02
      vertex   6.667414e-02 -1.326231e-02 4.512274e-02
      vertex   6.806945e-02 -1.353986e-02 4.043291e-02
    endloop
  endfacet
  facet normal 9.283562e-01 -2.325411e-01 2.899644e-01
    outer loop
      vertex   6.806945e-02 -1.353986e-02 4.043291e-02
      vertex   6.667414e-02 -1.326231e-02 4.512274e-02
      vertex   6.641454e-02 -2.014663e-02 4.043291e-02
    endloop
  endfacet
  facet normal 8.557201e-01 -2.143467e-01 4.709549e-01
    outer loop
      vertex   6.806945e-02 -1.353986e-02 4.043291e-02
      vertex   6.641454e-02 -2.014663e-02 4.043291e-02
      vertex   6.862531e-02 -2.081726e-02 3.611074e-02
    endloop
  endfacet
  facet normal 8.305900e-01 -2.971898e-01 4.709549e-01
    outer loop
      vertex   6.862531e-02 -2.081726e-02 3.611074e-02
      vertex   6.641454e-02 -2.014663e-02 4.043291e-02
      vertex   6.625441e-02 -2.744348e-02 3.611074e-02
    endloop
  endfacet
  facet normal 7.281763e-01 -2.605456e-01 6.339363e-01
    outer loop
      vertex   6.862531e-02 -2.081726e-02 3.611074e-02
      vertex   6.625441e-02 -2.744348e-02 3.611074e-02
      vertex   6.912682e-02 -2.863327e-02 3.232233e-02
    endloop
  endfacet
  facet normal 6.991320e-01 -3.306648e-01 6.339363e-01
    outer loop
      vertex   6.912682e-02 -2.863327e-02 3.232233e-02
      vertex   6.625441e-02 -2.744348e-02 3.611074e-02
      vertex   6.598740e-02 -3.527100e-02 3.232233e-02
    endloop
  endfacet
  facet normal 5.738977e-01 -2.714334e-01 7.726353e-01
    outer loop
      vertex   6.912682e-02 -2.863327e-02 3.232233e-02
      vertex   6.598740e-02 -3.527100e-02 3.232233e-02
      vertex   6.932849e-02 -3.705685e-02 2.921326e-02
    endloop
  endfacet
  facet normal 9.623256e-01 -2.523515e-01 1.012331e-01
    outer loop
      vertex   6.625524e-02 -1.290321e-02 5.000000e-02
      vertex   6.406126e-02 -2.126980e-02 5.000000e-02
      vertex   6.667414e-02 -1.326231e-02 4.512274e-02
    endloop
  endfacet
  facet normal 9.630362e-01 -2.412280e-01 1.198763e-01
    outer loop
      vertex   6.667414e-02 -1.326231e-02 4.512274e-02
      vertex   6.406126e-02 -2.126980e-02 5.000000e-02
      vertex   6.505316e-02 -1.973366e-02 4.512274e-02
    endloop
  endfacet
  facet normal 9.283562e-01 -2.325411e-01 2.899644e-01
    outer loop
      vertex   6.667414e-02 -1.326231e-02 4.512274e-02
      vertex   6.505316e-02 -1.973366e-02 4.512274e-02
      vertex   6.641454e-02 -2.014663e-02 4.043291e-02
    endloop
  endfacet
  facet normal 9.010929e-01 -3.224162e-01 2.899644e-01
    outer loop
      vertex   6.641454e-02 -2.014663e-02 4.043291e-02
      vertex   6.505316e-02 -1.973366e-02 4.512274e-02
      vertex   6.412002e-02 -2.655938e-02 4.043291e-02
    endloop
  endfacet
  facet normal 8.305900e-01 -2.971898e-01 4.709549e-01
    outer loop
      vertex   6.641454e-02 -2.014663e-02 4.043291e-02
      vertex   6.412002e-02 -2.655938e-02 4.043291e-02
      vertex   6.625441e-02 -2.744348e-02 3.611074e-02
    endloop
  endfacet
  facet normal 7.974607e-01 -3.771708e-01 4.709549e-01
    outer loop
      vertex   6.625441e-02 -2.744348e-02 3.611074e-02
      vertex   6.412002e-02 -2.655938e-02 4.043291e-02
      vertex   6.324545e-02 -3.380540e-02 3.611074e-02
    endloop
  endfacet
  facet normal 6.991320e-01 -3.306648e-01 6.339363e-01
    outer loop
      vertex   6.625441e-02 -2.744348e-02 3.611074e-02
      vertex   6.324545e-02 -3.380540e-02 3.611074e-02
      vertex   6.598740e-02 -3.527100e-02 3.232233e-02
    endloop
  endfacet
  facet normal 9.381312e-01 -3.356687e-01 8.506625e-02
    outer loop
      vertex   6.505316e-02 -1.973366e-02 4.512274e-02
      vertex   6.406126e-02 -2.126980e-02 5.000000e-02
      vertex   6.280567e-02 -2.601496e-02 4.512274e-02
    endloop
  endfacet
  facet normal 9.195906e-01 -3.723010e-01 1.254794e-01
    outer loop
      vertex   6.280567e-02 -2.601496e-02 4.512274e-02
      vertex   6.406126e-02 -2.126980e-02 5.000000e-02
      vertex   6.081540e-02 -2.928715e-02 5.000000e-02
    endloop
  endfacet
  facet normal 9.009622e-01 -4.261234e-01 8.176775e-02
    outer loop
      vertex   6.280567e-02 -2.601496e-02 4.512274e-02
      vertex   6.081540e-02 -2.928715e-02 5.000000e-02
      vertex   5.995333e-02 -3.204572e-02 4.512274e-02
    endloop
  endfacet
  facet normal 8.647446e-01 -4.870151e-01 1.226096e-01
    outer loop
      vertex   5.995333e-02 -3.204572e-02 4.512274e-02
      vertex   6.081540e-02 -2.928715e-02 5.000000e-02
      vertex   5.657095e-02 -3.682361e-02 5.000000e-02
    endloop
  endfacet
  facet normal 7.127902e-01 -6.902988e-01 1.241678e-01
    outer loop
      vertex   4.538031e-02 -4.996876e-02 5.000000e-02
      vertex   4.806938e-02 -4.806938e-02 4.512274e-02
      vertex   5.139760e-02 -4.375542e-02 5.000000e-02
    endloop
  endfacet
  facet normal 7.380745e-01 -6.689517e-01 8.803228e-02
    outer loop
      vertex   5.139760e-02 -4.375542e-02 5.000000e-02
      vertex   4.806938e-02 -4.806938e-02 4.512274e-02
      vertex   5.254954e-02 -4.312629e-02 4.512274e-02
    endloop
  endfacet
  facet normal 7.981401e-01 -5.919410e-01 1.121526e-01
    outer loop
      vertex   5.139760e-02 -4.375542e-02 5.000000e-02
      vertex   5.254954e-02 -4.312629e-02 4.512274e-02
      vertex   5.652361e-02 -3.776787e-02 4.512274e-02
    endloop
  endfacet
  facet normal 7.686997e-01 -5.701065e-01 2.899644e-01
    outer loop
      vertex   5.652361e-02 -3.776787e-02 4.512274e-02
      vertex   5.254954e-02 -4.312629e-02 4.512274e-02
      vertex   5.364925e-02 -4.402880e-02 4.043291e-02
    endloop
  endfacet
  facet normal 7.686997e-01 -5.701065e-01 2.899644e-01
    outer loop
      vertex   5.652361e-02 -3.776787e-02 4.512274e-02
      vertex   5.364925e-02 -4.402880e-02 4.043291e-02
      vertex   5.770650e-02 -3.855825e-02 4.043291e-02
    endloop
  endfacet
  facet normal 7.085554e-01 -5.255005e-01 4.709549e-01
    outer loop
      vertex   5.770650e-02 -3.855825e-02 4.043291e-02
      vertex   5.364925e-02 -4.402880e-02 4.043291e-02
      vertex   5.543510e-02 -4.549441e-02 3.611074e-02
    endloop
  endfacet
  facet normal 7.085554e-01 -5.255005e-01 4.709549e-01
    outer loop
      vertex   5.770650e-02 -3.855825e-02 4.043291e-02
      vertex   5.543510e-02 -4.549441e-02 3.611074e-02
      vertex   5.962740e-02 -3.984175e-02 3.611074e-02
    endloop
  endfacet
  facet normal 6.211888e-01 -4.607050e-01 6.339363e-01
    outer loop
      vertex   5.962740e-02 -3.984175e-02 3.611074e-02
      vertex   5.543510e-02 -4.549441e-02 3.611074e-02
      vertex   5.783844e-02 -4.746678e-02 3.232233e-02
    endloop
  endfacet
  facet normal 6.211888e-01 -4.607050e-01 6.339363e-01
    outer loop
      vertex   5.962740e-02 -3.984175e-02 3.611074e-02
      vertex   5.783844e-02 -4.746678e-02 3.232233e-02
      vertex   6.221249e-02 -4.156906e-02 3.232233e-02
    endloop
  endfacet
  facet normal 5.099164e-01 -3.781798e-01 7.726353e-01
    outer loop
      vertex   6.221249e-02 -4.156906e-02 3.232233e-02
      vertex   5.783844e-02 -4.746678e-02 3.232233e-02
      vertex   6.076693e-02 -4.987013e-02 2.921326e-02
    endloop
  endfacet
  facet normal 5.099164e-01 -3.781798e-01 7.726353e-01
    outer loop
      vertex   6.221249e-02 -4.156906e-02 3.232233e-02
      vertex   6.076693e-02 -4.987013e-02 2.921326e-02
      vertex   6.536244e-02 -4.367379e-02 2.921326e-02
    endloop
  endfacet
  facet normal 3.789844e-01 -2.810740e-01 8.816849e-01
    outer loop
      vertex   6.536244e-02 -4.367379e-02 2.921326e-02
      vertex   6.076693e-02 -4.987013e-02 2.921326e-02
      vertex   6.410801e-02 -5.261208e-02 2.690301e-02
    endloop
  endfacet
  facet normal 3.789844e-01 -2.810740e-01 8.816849e-01
    outer loop
      vertex   6.536244e-02 -4.367379e-02 2.921326e-02
      vertex   6.410801e-02 -5.261208e-02 2.690301e-02
      vertex   6.895620e-02 -4.607506e-02 2.690301e-02
    endloop
  endfacet
  facet normal 2.334163e-01 -1.731133e-01 9.568430e-01
    outer loop
      vertex   6.895620e-02 -4.607506e-02 2.690301e-02
      vertex   6.410801e-02 -5.261208e-02 2.690301e-02
      vertex   6.773330e-02 -5.558728e-02 2.548037e-02
    endloop
  endfacet
  facet normal 2.334163e-01 -1.731133e-01 9.568430e-01
    outer loop
      vertex   6.895620e-02 -4.607506e-02 2.690301e-02
      vertex   6.773330e-02 -5.558728e-02 2.548037e-02
      vertex   7.285565e-02 -4.868059e-02 2.548037e-02
    endloop
  endfacet
  facet normal 7.780237e-02 -5.770217e-02 9.952976e-01
    outer loop
      vertex   7.285565e-02 -4.868059e-02 2.548037e-02
      vertex   6.773330e-02 -5.558728e-02 2.548037e-02
      vertex   7.601445e-02 -5.270725e-02 2.500000e-02
    endloop
  endfacet
  facet normal 8.483882e-02 -5.215023e-02 9.950290e-01
    outer loop
      vertex   7.285565e-02 -4.868059e-02 2.548037e-02
      vertex   7.601445e-02 -5.270725e-02 2.500000e-02
      vertex   8.135132e-02 -4.402513e-02 2.500000e-02
    endloop
  endfacet
  facet normal 6.693283e-01 -7.384900e-01 8.143773e-02
    outer loop
      vertex   4.806938e-02 -4.806938e-02 4.512274e-02
      vertex   4.538031e-02 -4.996876e-02 5.000000e-02
      vertex   4.312629e-02 -5.254954e-02 4.512274e-02
    endloop
  endfacet
  facet normal 6.186327e-01 -7.757409e-01 1.245777e-01
    outer loop
      vertex   4.312629e-02 -5.254954e-02 4.512274e-02
      vertex   4.538031e-02 -4.996876e-02 5.000000e-02
      vertex   3.861787e-02 -5.536163e-02 5.000000e-02
    endloop
  endfacet
  facet normal 5.934297e-01 -8.001474e-01 8.720864e-02
    outer loop
      vertex   4.312629e-02 -5.254954e-02 4.512274e-02
      vertex   3.861787e-02 -5.536163e-02 5.000000e-02
      vertex   3.776787e-02 -5.652361e-02 4.512274e-02
    endloop
  endfacet
  facet normal 5.150919e-01 -8.496979e-01 1.126665e-01
    outer loop
      vertex   3.776787e-02 -5.652361e-02 4.512274e-02
      vertex   3.861787e-02 -5.536163e-02 5.000000e-02
      vertex   3.122133e-02 -5.984545e-02 5.000000e-02
    endloop
  endfacet
  facet normal 5.112456e-01 -8.529618e-01 1.052809e-01
    outer loop
      vertex   3.776787e-02 -5.652361e-02 4.512274e-02
      vertex   3.122133e-02 -5.984545e-02 5.000000e-02
      vertex   3.204572e-02 -5.995333e-02 4.512274e-02
    endloop
  endfacet
  facet normal 4.257468e-01 -9.001661e-01 9.187333e-02
    outer loop
      vertex   3.204572e-02 -5.995333e-02 4.512274e-02
      vertex   3.122133e-02 -5.984545e-02 5.000000e-02
      vertex   2.601496e-02 -6.280567e-02 4.512274e-02
    endloop
  endfacet
  facet normal 4.091862e-01 -8.651516e-01 2.899644e-01
    outer loop
      vertex   3.204572e-02 -5.995333e-02 4.512274e-02
      vertex   2.601496e-02 -6.280567e-02 4.512274e-02
      vertex   2.655938e-02 -6.412002e-02 4.043291e-02
    endloop
  endfacet
  facet normal 3.224162e-01 -9.010929e-01 2.899644e-01
    outer loop
      vertex   2.655938e-02 -6.412002e-02 4.043291e-02
      vertex   2.601496e-02 -6.280567e-02 4.512274e-02
      vertex   2.014663e-02 -6.641454e-02 4.043291e-02
    endloop
  endfacet
  facet normal 2.971898e-01 -8.305900e-01 4.709549e-01
    outer loop
      vertex   2.655938e-02 -6.412002e-02 4.043291e-02
      vertex   2.014663e-02 -6.641454e-02 4.043291e-02
      vertex   2.081726e-02 -6.862531e-02 3.611074e-02
    endloop
  endfacet
  facet normal 2.143467e-01 -8.557201e-01 4.709549e-01
    outer loop
      vertex   2.081726e-02 -6.862531e-02 3.611074e-02
      vertex   2.014663e-02 -6.641454e-02 4.043291e-02
      vertex   1.399056e-02 -7.033531e-02 3.611074e-02
    endloop
  endfacet
  facet normal 1.879173e-01 -7.502078e-01 6.339363e-01
    outer loop
      vertex   2.081726e-02 -6.862531e-02 3.611074e-02
      vertex   1.399056e-02 -7.033531e-02 3.611074e-02
      vertex   1.459711e-02 -7.338464e-02 3.232233e-02
    endloop
  endfacet
  facet normal 1.134792e-01 -7.650145e-01 6.339363e-01
    outer loop
      vertex   1.459711e-02 -7.338464e-02 3.232233e-02
      vertex   1.399056e-02 -7.033531e-02 3.611074e-02
      vertex   7.333871e-03 -7.446204e-02 3.232233e-02
    endloop
  endfacet
  facet normal 9.315186e-02 -6.279788e-01 7.726353e-01
    outer loop
      vertex   1.459711e-02 -7.338464e-02 3.232233e-02
      vertex   7.333871e-03 -7.446204e-02 3.232233e-02
      vertex   7.705200e-03 -7.823221e-02 2.921326e-02
    endloop
  endfacet
  facet normal 3.115062e-02 -6.340854e-01 7.726353e-01
    outer loop
      vertex   7.705200e-03 -7.823221e-02 2.921326e-02
      vertex   7.333871e-03 -7.446204e-02 3.232233e-02
      vertex   -4.813520e-18 -7.861074e-02 2.921326e-02
    endloop
  endfacet
  facet normal 2.315203e-02 -4.712704e-01 8.816849e-01
    outer loop
      vertex   7.705200e-03 -7.823221e-02 2.921326e-02
      vertex   -4.813520e-18 -7.861074e-02 2.921326e-02
      vertex   -5.078176e-18 -8.293291e-02 2.690301e-02
    endloop
  endfacet
  facet normal -2.315203e-02 -4.712704e-01 8.816849e-01
    outer loop
      vertex   -5.078176e-18 -8.293291e-02 2.690301e-02
      vertex   -4.813520e-18 -7.861074e-02 2.921326e-02
      vertex   -8.128847e-03 -8.253357e-02 2.690301e-02
    endloop
  endfacet
  facet normal -1.425932e-02 -2.902552e-01 9.568430e-01
    outer loop
      vertex   -5.078176e-18 -8.293291e-02 2.690301e-02
      vertex   -8.128847e-03 -8.253357e-02 2.690301e-02
      vertex   -8.588531e-03 -8.720081e-02 2.548037e-02
    endloop
  endfacet
  facet normal -4.264064e-02 -2.874598e-01 9.568430e-01
    outer loop
      vertex   -8.588531e-03 -8.720081e-02 2.548037e-02
      vertex   -8.128847e-03 -8.253357e-02 2.690301e-02
      vertex   -1.709435e-02 -8.593910e-02 2.548037e-02
    endloop
  endfacet
  facet normal -1.409193e-02 -9.500005e-02 9.953775e-01
    outer loop
      vertex   -8.588531e-03 -8.720081e-02 2.548037e-02
      vertex   -1.709435e-02 -8.593910e-02 2.548037e-02
      vertex   -1.270520e-02 -9.162329e-02 2.500000e-02
    endloop
  endfacet
  facet normal -1.934044e-02 -9.901227e-02 9.948982e-01
    outer loop
      vertex   -1.270520e-02 -9.162329e-02 2.500000e-02
      vertex   -1.709435e-02 -8.593910e-02 2.548037e-02
      vertex   -2.270741e-02 -8.966952e-02 2.500000e-02
    endloop
  endfacet
  facet normal -2.331788e-02 -9.309018e-02 9.953846e-01
    outer loop
      vertex   -2.270741e-02 -8.966952e-02 2.500000e-02
      vertex   -1.709435e-02 -8.593910e-02 2.548037e-02
      vertex   -2.543554e-02 -8.384974e-02 2.548037e-02
    endloop
  endfacet
  facet normal -3.009806e-02 -9.622885e-02 9.949041e-01
    outer loop
      vertex   -2.270741e-02 -8.966952e-02 2.500000e-02
      vertex   -2.543554e-02 -8.384974e-02 2.548037e-02
      vertex   -3.243397e-02 -8.662729e-02 2.500000e-02
    endloop
  endfacet
  facet normal -3.239189e-02 -9.052926e-02 9.953669e-01
    outer loop
      vertex   -3.243397e-02 -8.662729e-02 2.500000e-02
      vertex   -2.543554e-02 -8.384974e-02 2.548037e-02
      vertex   -3.353177e-02 -8.095286e-02 2.548037e-02
    endloop
  endfacet
  facet normal -4.037096e-02 -9.203653e-02 9.949369e-01
    outer loop
      vertex   -3.243397e-02 -8.662729e-02 2.500000e-02
      vertex   -3.353177e-02 -8.095286e-02 2.548037e-02
      vertex   -4.176684e-02 -8.253352e-02 2.500000e-02
    endloop
  endfacet
  facet normal -4.129897e-02 -8.731933e-02 9.953239e-01
    outer loop
      vertex   -4.176684e-02 -8.253352e-02 2.500000e-02
      vertex   -3.353177e-02 -8.095286e-02 2.548037e-02
      vertex   -4.130507e-02 -7.727636e-02 2.548037e-02
    endloop
  endfacet
  facet normal -4.995746e-02 -8.652885e-02 9.949960e-01
    outer loop
      vertex   -4.176684e-02 -8.253352e-02 2.500000e-02
      vertex   -4.130507e-02 -7.727636e-02 2.548037e-02
      vertex   -5.059270e-02 -7.743790e-02 2.500000e-02
    endloop
  endfacet
  facet normal -5.002421e-02 -8.346035e-02 9.952547e-01
    outer loop
      vertex   -5.059270e-02 -7.743790e-02 2.500000e-02
      vertex   -4.130507e-02 -7.727636e-02 2.548037e-02
      vertex   -4.868059e-02 -7.285565e-02 2.548037e-02
    endloop
  endfacet
  facet normal -5.867609e-02 -7.983170e-02 9.950799e-01
    outer loop
      vertex   -5.059270e-02 -7.743790e-02 2.500000e-02
      vertex   -4.868059e-02 -7.285565e-02 2.548037e-02
      vertex   -5.880445e-02 -7.140229e-02 2.500000e-02
    endloop
  endfacet
  facet normal -5.855317e-02 -7.894981e-02 9.951575e-01
    outer loop
      vertex   -5.880445e-02 -7.140229e-02 2.500000e-02
      vertex   -4.868059e-02 -7.285565e-02 2.548037e-02
      vertex   -5.558728e-02 -6.773330e-02 2.548037e-02
    endloop
  endfacet
  facet normal -6.580016e-02 -7.259929e-02 9.951883e-01
    outer loop
      vertex   -5.880445e-02 -7.140229e-02 2.500000e-02
      vertex   -5.558728e-02 -6.773330e-02 2.548037e-02
      vertex   -6.195864e-02 -6.195864e-02 2.548037e-02
    endloop
  endfacet
  facet normal -1.951585e-01 -2.153243e-01 9.568430e-01
    outer loop
      vertex   -6.195864e-02 -6.195864e-02 2.548037e-02
      vertex   -5.558728e-02 -6.773330e-02 2.548037e-02
      vertex   -5.261208e-02 -6.410801e-02 2.690301e-02
    endloop
  endfacet
  facet normal -1.951585e-01 -2.153243e-01 9.568430e-01
    outer loop
      vertex   -6.195864e-02 -6.195864e-02 2.548037e-02
      vertex   -5.261208e-02 -6.410801e-02 2.690301e-02
      vertex   -5.864243e-02 -5.864243e-02 2.690301e-02
    endloop
  endfacet
  facet normal -3.168675e-01 -3.496094e-01 8.816849e-01
    outer loop
      vertex   -5.864243e-02 -5.864243e-02 2.690301e-02
      vertex   -5.261208e-02 -6.410801e-02 2.690301e-02
      vertex   -4.987013e-02 -6.076693e-02 2.921326e-02
    endloop
  endfacet
  facet normal -3.168675e-01 -3.496094e-01 8.816849e-01
    outer loop
      vertex   -5.864243e-02 -5.864243e-02 2.690301e-02
      vertex   -4.987013e-02 -6.076693e-02 2.921326e-02
      vertex   -5.558619e-02 -5.558619e-02 2.921326e-02
    endloop
  endfacet
  facet normal -4.263393e-01 -4.703929e-01 7.726353e-01
    outer loop
      vertex   -5.558619e-02 -5.558619e-02 2.921326e-02
      vertex   -4.987013e-02 -6.076693e-02 2.921326e-02
      vertex   -4.746678e-02 -5.783844e-02 3.232233e-02
    endloop
  endfacet
  facet normal -4.263393e-01 -4.703929e-01 7.726353e-01
    outer loop
      vertex   -5.558619e-02 -5.558619e-02 2.921326e-02
      vertex   -4.746678e-02 -5.783844e-02 3.232233e-02
      vertex   -5.290738e-02 -5.290738e-02 3.232233e-02
    endloop
  endfacet
  facet normal -5.193738e-01 -5.730407e-01 6.339363e-01
    outer loop
      vertex   -5.290738e-02 -5.290738e-02 3.232233e-02
      vertex   -4.746678e-02 -5.783844e-02 3.232233e-02
      vertex   -4.549441e-02 -5.543510e-02 3.611074e-02
    endloop
  endfacet
  facet normal -5.193738e-01 -5.730407e-01 6.339363e-01
    outer loop
      vertex   -5.290738e-02 -5.290738e-02 3.232233e-02
      vertex   -4.549441e-02 -5.543510e-02 3.611074e-02
      vertex   -5.070893e-02 -5.070893e-02 3.611074e-02
    endloop
  endfacet
  facet normal -5.924206e-01 -6.536354e-01 4.709549e-01
    outer loop
      vertex   -5.070893e-02 -5.070893e-02 3.611074e-02
      vertex   -4.549441e-02 -5.543510e-02 3.611074e-02
      vertex   -4.402880e-02 -5.364925e-02 4.043291e-02
    endloop
  endfacet
  facet normal -5.924206e-01 -6.536354e-01 4.709549e-01
    outer loop
      vertex   -5.070893e-02 -5.070893e-02 3.611074e-02
      vertex   -4.402880e-02 -5.364925e-02 4.043291e-02
      vertex   -4.907534e-02 -4.907534e-02 4.043291e-02
    endloop
  endfacet
  facet normal -6.427071e-01 -7.091180e-01 2.899644e-01
    outer loop
      vertex   -4.907534e-02 -4.907534e-02 4.043291e-02
      vertex   -4.402880e-02 -5.364925e-02 4.043291e-02
      vertex   -4.312629e-02 -5.254954e-02 4.512274e-02
    endloop
  endfacet
  facet normal -6.427071e-01 -7.091180e-01 2.899644e-01
    outer loop
      vertex   -4.907534e-02 -4.907534e-02 4.043291e-02
      vertex   -4.312629e-02 -5.254954e-02 4.512274e-02
      vertex   -4.806938e-02 -4.806938e-02 4.512274e-02
    endloop
  endfacet
  facet normal -6.674573e-01 -7.364256e-01 1.103545e-01
    outer loop
      vertex   -4.806938e-02 -4.806938e-02 4.512274e-02
      vertex   -4.312629e-02 -5.254954e-02 4.512274e-02
      vertex   -4.848858e-02 -4.695857e-02 5.000000e-02
    endloop
  endfacet
  facet normal -7.380167e-01 -6.688993e-01 8.891062e-02
    outer loop
      vertex   -4.806938e-02 -4.806938e-02 4.512274e-02
      vertex   -4.848858e-02 -4.695857e-02 5.000000e-02
      vertex   -5.254954e-02 -4.312629e-02 4.512274e-02
    endloop
  endfacet
  facet normal -7.555975e-01 -6.432495e-01 1.237032e-01
    outer loop
      vertex   -5.254954e-02 -4.312629e-02 4.512274e-02
      vertex   -4.848858e-02 -4.695857e-02 5.000000e-02
      vertex   -5.409542e-02 -4.037246e-02 5.000000e-02
    endloop
  endfacet
  facet normal -8.005360e-01 -5.937180e-01 8.149274e-02
    outer loop
      vertex   -5.254954e-02 -4.312629e-02 4.512274e-02
      vertex   -5.409542e-02 -4.037246e-02 5.000000e-02
      vertex   -5.652361e-02 -3.776787e-02 4.512274e-02
    endloop
  endfacet
  facet normal -8.315218e-01 -5.412607e-01 1.249330e-01
    outer loop
      vertex   -5.652361e-02 -3.776787e-02 4.512274e-02
      vertex   -5.409542e-02 -4.037246e-02 5.000000e-02
      vertex   -5.881401e-02 -3.312343e-02 5.000000e-02
    endloop
  endfacet
  facet normal -8.545182e-01 -5.121785e-01 8.643972e-02
    outer loop
      vertex   -5.652361e-02 -3.776787e-02 4.512274e-02
      vertex   -5.881401e-02 -3.312343e-02 5.000000e-02
      vertex   -5.995333e-02 -3.204572e-02 4.512274e-02
    endloop
  endfacet
  facet normal -8.951111e-01 -4.310628e-01 1.138460e-01
    outer loop
      vertex   -5.995333e-02 -3.204572e-02 4.512274e-02
      vertex   -5.881401e-02 -3.312343e-02 5.000000e-02
      vertex   -6.256688e-02 -2.533052e-02 5.000000e-02
    endloop
  endfacet
  facet normal -8.991158e-01 -4.252501e-01 1.036969e-01
    outer loop
      vertex   -5.995333e-02 -3.204572e-02 4.512274e-02
      vertex   -6.256688e-02 -2.533052e-02 5.000000e-02
      vertex   -6.280567e-02 -2.601496e-02 4.512274e-02
    endloop
  endfacet
  facet normal -9.374662e-01 -3.354308e-01 9.296997e-02
    outer loop
      vertex   -6.280567e-02 -2.601496e-02 4.512274e-02
      vertex   -6.256688e-02 -2.533052e-02 5.000000e-02
      vertex   -6.505316e-02 -1.973366e-02 4.512274e-02
    endloop
  endfacet
  facet normal -9.010929e-01 -3.224162e-01 2.899644e-01
    outer loop
      vertex   -6.280567e-02 -2.601496e-02 4.512274e-02
      vertex   -6.505316e-02 -1.973366e-02 4.512274e-02
      vertex   -6.641454e-02 -2.014663e-02 4.043291e-02
    endloop
  endfacet
  facet normal -9.283562e-01 -2.325411e-01 2.899644e-01
    outer loop
      vertex   -6.641454e-02 -2.014663e-02 4.043291e-02
      vertex   -6.505316e-02 -1.973366e-02 4.512274e-02
      vertex   -6.806945e-02 -1.353986e-02 4.043291e-02
    endloop
  endfacet
  facet normal -8.557201e-01 -2.143467e-01 4.709549e-01
    outer loop
      vertex   -6.641454e-02 -2.014663e-02 4.043291e-02
      vertex   -6.806945e-02 -1.353986e-02 4.043291e-02
      vertex   -7.033531e-02 -1.399056e-02 3.611074e-02
    endloop
  endfacet
  facet normal -8.726093e-01 -1.294394e-01 4.709549e-01
    outer loop
      vertex   -7.033531e-02 -1.399056e-02 3.611074e-02
      vertex   -6.806945e-02 -1.353986e-02 4.043291e-02
      vertex   -7.136794e-02 -7.029129e-03 3.611074e-02
    endloop
  endfacet
  facet normal -7.650145e-01 -1.134792e-01 6.339363e-01
    outer loop
      vertex   -7.033531e-02 -1.399056e-02 3.611074e-02
      vertex   -7.136794e-02 -7.029129e-03 3.611074e-02
      vertex   -7.446204e-02 -7.333871e-03 3.232233e-02
    endloop
  endfacet
  facet normal 4.017606e-01 -9.075842e-01 1.219805e-01
    outer loop
      vertex   3.122133e-02 -5.984545e-02 5.000000e-02
      vertex   2.331214e-02 -6.334662e-02 5.000000e-02
      vertex   2.601496e-02 -6.280567e-02 4.512274e-02
    endloop
  endfacet
  facet normal 3.357557e-01 -9.383742e-01 8.198774e-02
    outer loop
      vertex   2.601496e-02 -6.280567e-02 4.512274e-02
      vertex   2.331214e-02 -6.334662e-02 5.000000e-02
      vertex   1.973366e-02 -6.505316e-02 4.512274e-02
    endloop
  endfacet
  facet normal 3.224162e-01 -9.010929e-01 2.899644e-01
    outer loop
      vertex   2.601496e-02 -6.280567e-02 4.512274e-02
      vertex   1.973366e-02 -6.505316e-02 4.512274e-02
      vertex   2.014663e-02 -6.641454e-02 4.043291e-02
    endloop
  endfacet
  facet normal 2.325411e-01 -9.283562e-01 2.899644e-01
    outer loop
      vertex   2.014663e-02 -6.641454e-02 4.043291e-02
      vertex   1.973366e-02 -6.505316e-02 4.512274e-02
      vertex   1.353986e-02 -6.806945e-02 4.043291e-02
    endloop
  endfacet
  facet normal 2.143467e-01 -8.557201e-01 4.709549e-01
    outer loop
      vertex   2.014663e-02 -6.641454e-02 4.043291e-02
      vertex   1.353986e-02 -6.806945e-02 4.043291e-02
      vertex   1.399056e-02 -7.033531e-02 3.611074e-02
    endloop
  endfacet
  facet normal 1.294394e-01 -8.726093e-01 4.709549e-01
    outer loop
      vertex   1.399056e-02 -7.033531e-02 3.611074e-02
      vertex   1.353986e-02 -6.806945e-02 4.043291e-02
      vertex   7.029129e-03 -7.136794e-02 3.611074e-02
    endloop
  endfacet
  facet normal 1.134792e-01 -7.650145e-01 6.339363e-01
    outer loop
      vertex   1.399056e-02 -7.033531e-02 3.611074e-02
      vertex   7.029129e-03 -7.136794e-02 3.611074e-02
      vertex   7.333871e-03 -7.446204e-02 3.232233e-02
    endloop
  endfacet
  facet normal 3.794821e-02 -7.724537e-01 6.339363e-01
    outer loop
      vertex   7.333871e-03 -7.446204e-02 3.232233e-02
      vertex   7.029129e-03 -7.136794e-02 3.611074e-02
      vertex   -4.581546e-18 -7.482233e-02 3.232233e-02
    endloop
  endfacet
  facet normal 3.115062e-02 -6.340854e-01 7.726353e-01
    outer loop
      vertex   7.333871e-03 -7.446204e-02 3.232233e-02
      vertex   -4.581546e-18 -7.482233e-02 3.232233e-02
      vertex   -4.813520e-18 -7.861074e-02 2.921326e-02
    endloop
  endfacet
  facet normal -3.115062e-02 -6.340854e-01 7.726353e-01
    outer loop
      vertex   -4.813520e-18 -7.861074e-02 2.921326e-02
      vertex   -4.581546e-18 -7.482233e-02 3.232233e-02
      vertex   -7.705200e-03 -7.823221e-02 2.921326e-02
    endloop
  endfacet
  facet normal -2.315203e-02 -4.712704e-01 8.816849e-01
    outer loop
      vertex   -4.813520e-18 -7.861074e-02 2.921326e-02
      vertex   -7.705200e-03 -7.823221e-02 2.921326e-02
      vertex   -8.128847e-03 -8.253357e-02 2.690301e-02
    endloop
  endfacet
  facet normal -6.923312e-02 -4.667318e-01 8.816849e-01
    outer loop
      vertex   -8.128847e-03 -8.253357e-02 2.690301e-02
      vertex   -7.705200e-03 -7.823221e-02 2.921326e-02
      vertex   -1.617941e-02 -8.133938e-02 2.690301e-02
    endloop
  endfacet
  facet normal -4.264064e-02 -2.874598e-01 9.568430e-01
    outer loop
      vertex   -8.128847e-03 -8.253357e-02 2.690301e-02
      vertex   -1.617941e-02 -8.133938e-02 2.690301e-02
      vertex   -1.709435e-02 -8.593910e-02 2.548037e-02
    endloop
  endfacet
  facet normal -7.061131e-02 -2.818961e-01 9.568430e-01
    outer loop
      vertex   -1.709435e-02 -8.593910e-02 2.548037e-02
      vertex   -1.617941e-02 -8.133938e-02 2.690301e-02
      vertex   -2.543554e-02 -8.384974e-02 2.548037e-02
    endloop
  endfacet
  facet normal 2.822719e-01 -9.510676e-01 1.256706e-01
    outer loop
      vertex   2.331214e-02 -6.334662e-02 5.000000e-02
      vertex   1.502016e-02 -6.580763e-02 5.000000e-02
      vertex   1.973366e-02 -6.505316e-02 4.512274e-02
    endloop
  endfacet
  facet normal 2.421119e-01 -9.665651e-01 8.446175e-02
    outer loop
      vertex   1.973366e-02 -6.505316e-02 4.512274e-02
      vertex   1.502016e-02 -6.580763e-02 5.000000e-02
      vertex   1.326231e-02 -6.667414e-02 4.512274e-02
    endloop
  endfacet
  facet normal 2.325411e-01 -9.283562e-01 2.899644e-01
    outer loop
      vertex   1.973366e-02 -6.505316e-02 4.512274e-02
      vertex   1.326231e-02 -6.667414e-02 4.512274e-02
      vertex   1.353986e-02 -6.806945e-02 4.043291e-02
    endloop
  endfacet
  facet normal 1.404266e-01 -9.466789e-01 2.899644e-01
    outer loop
      vertex   1.353986e-02 -6.806945e-02 4.043291e-02
      vertex   1.326231e-02 -6.667414e-02 4.512274e-02
      vertex   6.802685e-03 -6.906882e-02 4.043291e-02
    endloop
  endfacet
  facet normal 1.294394e-01 -8.726093e-01 4.709549e-01
    outer loop
      vertex   1.353986e-02 -6.806945e-02 4.043291e-02
      vertex   6.802685e-03 -6.906882e-02 4.043291e-02
      vertex   7.029129e-03 -7.136794e-02 3.611074e-02
    endloop
  endfacet
  facet normal 4.328541e-02 -8.810947e-01 4.709549e-01
    outer loop
      vertex   7.029129e-03 -7.136794e-02 3.611074e-02
      vertex   6.802685e-03 -6.906882e-02 4.043291e-02
      vertex   -4.391171e-18 -7.171326e-02 3.611074e-02
    endloop
  endfacet
  facet normal 3.794821e-02 -7.724537e-01 6.339363e-01
    outer loop
      vertex   7.029129e-03 -7.136794e-02 3.611074e-02
      vertex   -4.391171e-18 -7.171326e-02 3.611074e-02
      vertex   -4.581546e-18 -7.482233e-02 3.232233e-02
    endloop
  endfacet
  facet normal -3.794821e-02 -7.724537e-01 6.339363e-01
    outer loop
      vertex   -4.581546e-18 -7.482233e-02 3.232233e-02
      vertex   -4.391171e-18 -7.171326e-02 3.611074e-02
      vertex   -7.333871e-03 -7.446204e-02 3.232233e-02
    endloop
  endfacet
  facet normal -3.115062e-02 -6.340854e-01 7.726353e-01
    outer loop
      vertex   -4.581546e-18 -7.482233e-02 3.232233e-02
      vertex   -7.333871e-03 -7.446204e-02 3.232233e-02
      vertex   -7.705200e-03 -7.823221e-02 2.921326e-02
    endloop
  endfacet
  facet normal -9.315186e-02 -6.279788e-01 7.726353e-01
    outer loop
      vertex   -7.705200e-03 -7.823221e-02 2.921326e-02
      vertex   -7.333871e-03 -7.446204e-02 3.232233e-02
      vertex   -1.533620e-02 -7.710026e-02 2.921326e-02
    endloop
  endfacet
  facet normal -6.923312e-02 -4.667318e-01 8.816849e-01
    outer loop
      vertex   -7.705200e-03 -7.823221e-02 2.921326e-02
      vertex   -1.533620e-02 -7.710026e-02 2.921326e-02
      vertex   -1.617941e-02 -8.133938e-02 2.690301e-02
    endloop
  endfacet
  facet normal -1.146475e-01 -4.576983e-01 8.816849e-01
    outer loop
      vertex   -1.617941e-02 -8.133938e-02 2.690301e-02
      vertex   -1.533620e-02 -7.710026e-02 2.921326e-02
      vertex   -2.407415e-02 -7.936185e-02 2.690301e-02
    endloop
  endfacet
  facet normal -7.061131e-02 -2.818961e-01 9.568430e-01
    outer loop
      vertex   -1.617941e-02 -8.133938e-02 2.690301e-02
      vertex   -2.407415e-02 -7.936185e-02 2.690301e-02
      vertex   -2.543554e-02 -8.384974e-02 2.548037e-02
    endloop
  endfacet
  facet normal -9.790195e-02 -2.736176e-01 9.568430e-01
    outer loop
      vertex   -2.543554e-02 -8.384974e-02 2.548037e-02
      vertex   -2.407415e-02 -7.936185e-02 2.690301e-02
      vertex   -3.353177e-02 -8.095286e-02 2.548037e-02
    endloop
  endfacet
  facet normal 1.585027e-01 -9.803955e-01 1.170532e-01
    outer loop
      vertex   1.502016e-02 -6.580763e-02 5.000000e-02
      vertex   6.481554e-03 -6.718809e-02 5.000000e-02
      vertex   1.326231e-02 -6.667414e-02 4.512274e-02
    endloop
  endfacet
  facet normal 1.460057e-01 -9.842907e-01 9.926835e-02
    outer loop
      vertex   1.326231e-02 -6.667414e-02 4.512274e-02
      vertex   6.481554e-03 -6.718809e-02 5.000000e-02
      vertex   6.663241e-03 -6.765302e-02 4.512274e-02
    endloop
  endfacet
  facet normal 1.404266e-01 -9.466789e-01 2.899644e-01
    outer loop
      vertex   1.326231e-02 -6.667414e-02 4.512274e-02
      vertex   6.663241e-03 -6.765302e-02 4.512274e-02
      vertex   6.802685e-03 -6.906882e-02 4.043291e-02
    endloop
  endfacet
  facet normal 4.695960e-02 -9.558846e-01 2.899644e-01
    outer loop
      vertex   6.802685e-03 -6.906882e-02 4.043291e-02
      vertex   6.663241e-03 -6.765302e-02 4.512274e-02
      vertex   -4.249709e-18 -6.940301e-02 4.043291e-02
    endloop
  endfacet
  facet normal 4.328541e-02 -8.810947e-01 4.709549e-01
    outer loop
      vertex   6.802685e-03 -6.906882e-02 4.043291e-02
      vertex   -4.249709e-18 -6.940301e-02 4.043291e-02
      vertex   -4.391171e-18 -7.171326e-02 3.611074e-02
    endloop
  endfacet
  facet normal -4.328541e-02 -8.810947e-01 4.709549e-01
    outer loop
      vertex   -4.391171e-18 -7.171326e-02 3.611074e-02
      vertex   -4.249709e-18 -6.940301e-02 4.043291e-02
      vertex   -7.029129e-03 -7.136794e-02 3.611074e-02
    endloop
  endfacet
  facet normal -3.794821e-02 -7.724537e-01 6.339363e-01
    outer loop
      vertex   -4.391171e-18 -7.171326e-02 3.611074e-02
      vertex   -7.029129e-03 -7.136794e-02 3.611074e-02
      vertex   -7.333871e-03 -7.446204e-02 3.232233e-02
    endloop
  endfacet
  facet normal -1.134792e-01 -7.650145e-01 6.339363e-01
    outer loop
      vertex   -7.333871e-03 -7.446204e-02 3.232233e-02
      vertex   -7.029129e-03 -7.136794e-02 3.611074e-02
      vertex   -1.459711e-02 -7.338464e-02 3.232233e-02
    endloop
  endfacet
  facet normal -9.315186e-02 -6.279788e-01 7.726353e-01
    outer loop
      vertex   -7.333871e-03 -7.446204e-02 3.232233e-02
      vertex   -1.459711e-02 -7.338464e-02 3.232233e-02
      vertex   -1.533620e-02 -7.710026e-02 2.921326e-02
    endloop
  endfacet
  facet normal -1.542560e-01 -6.158245e-01 7.726353e-01
    outer loop
      vertex   -1.533620e-02 -7.710026e-02 2.921326e-02
      vertex   -1.459711e-02 -7.338464e-02 3.232233e-02
      vertex   -2.281949e-02 -7.522579e-02 2.921326e-02
    endloop
  endfacet
  facet normal -1.146475e-01 -4.576983e-01 8.816849e-01
    outer loop
      vertex   -1.533620e-02 -7.710026e-02 2.921326e-02
      vertex   -2.281949e-02 -7.522579e-02 2.921326e-02
      vertex   -2.407415e-02 -7.936185e-02 2.690301e-02
    endloop
  endfacet
  facet normal -1.589577e-01 -4.442570e-01 8.816849e-01
    outer loop
      vertex   -2.407415e-02 -7.936185e-02 2.690301e-02
      vertex   -2.281949e-02 -7.522579e-02 2.921326e-02
      vertex   -3.173705e-02 -7.662002e-02 2.690301e-02
    endloop
  endfacet
  facet normal -9.790195e-02 -2.736176e-01 9.568430e-01
    outer loop
      vertex   -2.407415e-02 -7.936185e-02 2.690301e-02
      vertex   -3.173705e-02 -7.662002e-02 2.690301e-02
      vertex   -3.353177e-02 -8.095286e-02 2.548037e-02
    endloop
  endfacet
  facet normal -1.242497e-01 -2.627040e-01 9.568430e-01
    outer loop
      vertex   -3.353177e-02 -8.095286e-02 2.548037e-02
      vertex   -3.173705e-02 -7.662002e-02 2.690301e-02
      vertex   -4.130507e-02 -7.727636e-02 2.548037e-02
    endloop
  endfacet
  facet normal 4.883826e-02 -9.941257e-01 9.658622e-02
    outer loop
      vertex   6.663241e-03 -6.765302e-02 4.512274e-02
      vertex   6.481554e-03 -6.718809e-02 5.000000e-02
      vertex   -4.162597e-18 -6.798037e-02 4.512274e-02
    endloop
  endfacet
  facet normal 3.182415e-02 -9.923942e-01 1.189156e-01
    outer loop
      vertex   -4.162597e-18 -6.798037e-02 4.512274e-02
      vertex   6.481554e-03 -6.718809e-02 5.000000e-02
      vertex   -2.163481e-03 -6.746532e-02 5.000000e-02
    endloop
  endfacet
  facet normal -4.889666e-02 -9.953144e-01 8.341737e-02
    outer loop
      vertex   -4.162597e-18 -6.798037e-02 4.512274e-02
      vertex   -2.163481e-03 -6.746532e-02 5.000000e-02
      vertex   -6.663241e-03 -6.765302e-02 4.512274e-02
    endloop
  endfacet
  facet normal -9.525910e-02 -9.874602e-01 1.258891e-01
    outer loop
      vertex   -6.663241e-03 -6.765302e-02 4.512274e-02
      vertex   -2.163481e-03 -6.746532e-02 5.000000e-02
      vertex   -1.077299e-02 -6.663477e-02 5.000000e-02
    endloop
  endfacet
  facet normal -1.462292e-01 -9.857969e-01 8.259265e-02
    outer loop
      vertex   -6.663241e-03 -6.765302e-02 4.512274e-02
      vertex   -1.077299e-02 -6.663477e-02 5.000000e-02
      vertex   -1.326231e-02 -6.667414e-02 4.512274e-02
    endloop
  endfacet
  facet normal -2.208979e-01 -9.678171e-01 1.205579e-01
    outer loop
      vertex   -1.326231e-02 -6.667414e-02 4.512274e-02
      vertex   -1.077299e-02 -6.663477e-02 5.000000e-02
      vertex   -1.920561e-02 -6.471008e-02 5.000000e-02
    endloop
  endfacet
  facet normal -2.419015e-01 -9.657251e-01 9.412103e-02
    outer loop
      vertex   -1.326231e-02 -6.667414e-02 4.512274e-02
      vertex   -1.920561e-02 -6.471008e-02 5.000000e-02
      vertex   -1.973366e-02 -6.505316e-02 4.512274e-02
    endloop
  endfacet
  facet normal -3.435333e-01 -9.334909e-01 1.028570e-01
    outer loop
      vertex   -1.973366e-02 -6.505316e-02 4.512274e-02
      vertex   -1.920561e-02 -6.471008e-02 5.000000e-02
      vertex   -2.732288e-02 -6.172285e-02 5.000000e-02
    endloop
  endfacet
  facet normal -3.345416e-01 -9.349810e-01 1.178660e-01
    outer loop
      vertex   -1.973366e-02 -6.505316e-02 4.512274e-02
      vertex   -2.732288e-02 -6.172285e-02 5.000000e-02
      vertex   -2.601496e-02 -6.280567e-02 4.512274e-02
    endloop
  endfacet
  facet normal -4.259812e-01 -9.006615e-01 8.572558e-02
    outer loop
      vertex   -2.601496e-02 -6.280567e-02 4.512274e-02
      vertex   -2.732288e-02 -6.172285e-02 5.000000e-02
      vertex   -3.204572e-02 -5.995333e-02 4.512274e-02
    endloop
  endfacet
  facet normal -4.091862e-01 -8.651516e-01 2.899644e-01
    outer loop
      vertex   -2.601496e-02 -6.280567e-02 4.512274e-02
      vertex   -3.204572e-02 -5.995333e-02 4.512274e-02
      vertex   -3.271635e-02 -6.120799e-02 4.043291e-02
    endloop
  endfacet
  facet normal -4.920156e-01 -8.208784e-01 2.899644e-01
    outer loop
      vertex   -3.271635e-02 -6.120799e-02 4.043291e-02
      vertex   -3.204572e-02 -5.995333e-02 4.512274e-02
      vertex   -3.855825e-02 -5.770650e-02 4.043291e-02
    endloop
  endfacet
  facet normal -4.535195e-01 -7.566515e-01 4.709549e-01
    outer loop
      vertex   -3.271635e-02 -6.120799e-02 4.043291e-02
      vertex   -3.855825e-02 -5.770650e-02 4.043291e-02
      vertex   -3.984175e-02 -5.962740e-02 3.611074e-02
    endloop
  endfacet
  facet normal -5.255005e-01 -7.085554e-01 4.709549e-01
    outer loop
      vertex   -3.984175e-02 -5.962740e-02 3.611074e-02
      vertex   -3.855825e-02 -5.770650e-02 4.043291e-02
      vertex   -4.549441e-02 -5.543510e-02 3.611074e-02
    endloop
  endfacet
  facet normal -4.607050e-01 -6.211888e-01 6.339363e-01
    outer loop
      vertex   -3.984175e-02 -5.962740e-02 3.611074e-02
      vertex   -4.549441e-02 -5.543510e-02 3.611074e-02
      vertex   -4.746678e-02 -5.783844e-02 3.232233e-02
    endloop
  endfacet
  facet normal -4.588969e-01 -8.796194e-01 1.252335e-01
    outer loop
      vertex   -2.732288e-02 -6.172285e-02 5.000000e-02
      vertex   -3.499150e-02 -5.772214e-02 5.000000e-02
      vertex   -3.204572e-02 -5.995333e-02 4.512274e-02
    endloop
  endfacet
  facet normal -5.123882e-01 -8.548680e-01 8.160274e-02
    outer loop
      vertex   -3.204572e-02 -5.995333e-02 4.512274e-02
      vertex   -3.499150e-02 -5.772214e-02 5.000000e-02
      vertex   -3.776787e-02 -5.652361e-02 4.512274e-02
    endloop
  endfacet
  facet normal -4.920156e-01 -8.208784e-01 2.899644e-01
    outer loop
      vertex   -3.204572e-02 -5.995333e-02 4.512274e-02
      vertex   -3.776787e-02 -5.652361e-02 4.512274e-02
      vertex   -3.855825e-02 -5.770650e-02 4.043291e-02
    endloop
  endfacet
  facet normal -5.701065e-01 -7.686997e-01 2.899644e-01
    outer loop
      vertex   -3.855825e-02 -5.770650e-02 4.043291e-02
      vertex   -3.776787e-02 -5.652361e-02 4.512274e-02
      vertex   -4.402880e-02 -5.364925e-02 4.043291e-02
    endloop
  endfacet
  facet normal -5.255005e-01 -7.085554e-01 4.709549e-01
    outer loop
      vertex   -3.855825e-02 -5.770650e-02 4.043291e-02
      vertex   -4.402880e-02 -5.364925e-02 4.043291e-02
      vertex   -4.549441e-02 -5.543510e-02 3.611074e-02
    endloop
  endfacet
  facet normal -5.677594e-01 -8.139257e-01 1.231838e-01
    outer loop
      vertex   -3.499150e-02 -5.772214e-02 5.000000e-02
      vertex   -4.208556e-02 -5.277363e-02 5.000000e-02
      vertex   -3.776787e-02 -5.652361e-02 4.512274e-02
    endloop
  endfacet
  facet normal -5.932902e-01 -7.999593e-01 8.984361e-02
    outer loop
      vertex   -3.776787e-02 -5.652361e-02 4.512274e-02
      vertex   -4.208556e-02 -5.277363e-02 5.000000e-02
      vertex   -4.312629e-02 -5.254954e-02 4.512274e-02
    endloop
  endfacet
  facet normal -5.701065e-01 -7.686997e-01 2.899644e-01
    outer loop
      vertex   -3.776787e-02 -5.652361e-02 4.512274e-02
      vertex   -4.312629e-02 -5.254954e-02 4.512274e-02
      vertex   -4.402880e-02 -5.364925e-02 4.043291e-02
    endloop
  endfacet
  facet normal -6.683102e-01 -7.358838e-01 1.087957e-01
    outer loop
      vertex   -4.208556e-02 -5.277363e-02 5.000000e-02
      vertex   -4.848858e-02 -4.695857e-02 5.000000e-02
      vertex   -4.312629e-02 -5.254954e-02 4.512274e-02
    endloop
  endfacet
  facet normal -9.420482e-01 -3.127816e-01 1.212967e-01
    outer loop
      vertex   -6.256688e-02 -2.533052e-02 5.000000e-02
      vertex   -6.529240e-02 -1.712168e-02 5.000000e-02
      vertex   -6.505316e-02 -1.973366e-02 4.512274e-02
    endloop
  endfacet
  facet normal -9.667435e-01 -2.421566e-01 8.226271e-02
    outer loop
      vertex   -6.505316e-02 -1.973366e-02 4.512274e-02
      vertex   -6.529240e-02 -1.712168e-02 5.000000e-02
      vertex   -6.667414e-02 -1.326231e-02 4.512274e-02
    endloop
  endfacet
  facet normal -9.283562e-01 -2.325411e-01 2.899644e-01
    outer loop
      vertex   -6.505316e-02 -1.973366e-02 4.512274e-02
      vertex   -6.667414e-02 -1.326231e-02 4.512274e-02
      vertex   -6.806945e-02 -1.353986e-02 4.043291e-02
    endloop
  endfacet
  facet normal -9.466789e-01 -1.404266e-01 2.899644e-01
    outer loop
      vertex   -6.806945e-02 -1.353986e-02 4.043291e-02
      vertex   -6.667414e-02 -1.326231e-02 4.512274e-02
      vertex   -6.906882e-02 -6.802685e-03 4.043291e-02
    endloop
  endfacet
  facet normal -8.726093e-01 -1.294394e-01 4.709549e-01
    outer loop
      vertex   -6.806945e-02 -1.353986e-02 4.043291e-02
      vertex   -6.906882e-02 -6.802685e-03 4.043291e-02
      vertex   -7.136794e-02 -7.029129e-03 3.611074e-02
    endloop
  endfacet
  facet normal -9.737604e-01 -1.896398e-01 1.258072e-01
    outer loop
      vertex   -6.529240e-02 -1.712168e-02 5.000000e-02
      vertex   -6.694583e-02 -8.631708e-03 5.000000e-02
      vertex   -6.667414e-02 -1.326231e-02 4.512274e-02
    endloop
  endfacet
  facet normal -9.856878e-01 -1.462130e-01 8.391211e-02
    outer loop
      vertex   -6.667414e-02 -1.326231e-02 4.512274e-02
      vertex   -6.694583e-02 -8.631708e-03 5.000000e-02
      vertex   -6.765302e-02 -6.663241e-03 4.512274e-02
    endloop
  endfacet
  facet normal -9.466789e-01 -1.404266e-01 2.899644e-01
    outer loop
      vertex   -6.667414e-02 -1.326231e-02 4.512274e-02
      vertex   -6.765302e-02 -6.663241e-03 4.512274e-02
      vertex   -6.906882e-02 -6.802685e-03 4.043291e-02
    endloop
  endfacet
  facet normal -9.909719e-01 -6.362251e-02 1.180119e-01
    outer loop
      vertex   -6.694583e-02 -8.631708e-03 5.000000e-02
      vertex   -6.750000e-02 8.266366e-18 5.000000e-02
      vertex   -6.765302e-02 -6.663241e-03 4.512274e-02
    endloop
  endfacet
  facet normal -9.613377e-02 -1.426010e-02 9.952663e-01
    outer loop
      vertex   -8.720081e-02 -8.588531e-03 2.548037e-02
      vertex   -9.193859e-02 -1.017576e-02 2.500000e-02
      vertex   -8.593910e-02 -1.709435e-02 2.548037e-02
    endloop
  endfacet
  facet normal -9.865036e-02 -1.646183e-02 9.949860e-01
    outer loop
      vertex   -8.593910e-02 -1.709435e-02 2.548037e-02
      vertex   -9.193859e-02 -1.017576e-02 2.500000e-02
      vertex   -9.026117e-02 -2.022800e-02 2.500000e-02
    endloop
  endfacet
  facet normal -9.362143e-02 -2.345095e-02 9.953316e-01
    outer loop
      vertex   -8.593910e-02 -1.709435e-02 2.548037e-02
      vertex   -9.026117e-02 -2.022800e-02 2.500000e-02
      vertex   -8.384974e-02 -2.543554e-02 2.548037e-02
    endloop
  endfacet
  facet normal -9.676952e-02 -2.736381e-02 9.949306e-01
    outer loop
      vertex   -8.384974e-02 -2.543554e-02 2.548037e-02
      vertex   -9.026117e-02 -2.022800e-02 2.500000e-02
      vertex   -8.748809e-02 -3.003470e-02 2.500000e-02
    endloop
  endfacet
  facet normal -9.048969e-02 -3.237773e-02 9.953709e-01
    outer loop
      vertex   -8.384974e-02 -2.543554e-02 2.548037e-02
      vertex   -8.748809e-02 -3.003470e-02 2.500000e-02
      vertex   -8.095286e-02 -3.353177e-02 2.548037e-02
    endloop
  endfacet
  facet normal -9.343752e-02 -3.795104e-02 9.949016e-01
    outer loop
      vertex   -8.095286e-02 -3.353177e-02 2.548037e-02
      vertex   -8.748809e-02 -3.003470e-02 2.500000e-02
      vertex   -8.365304e-02 -3.947682e-02 2.500000e-02
    endloop
  endfacet
  facet normal -8.674765e-02 -4.102858e-02 9.953851e-01
    outer loop
      vertex   -8.095286e-02 -3.353177e-02 2.548037e-02
      vertex   -8.365304e-02 -3.947682e-02 2.500000e-02
      vertex   -7.727636e-02 -4.130507e-02 2.548037e-02
    endloop
  endfacet
  facet normal -8.871235e-02 -4.800872e-02 9.948996e-01
    outer loop
      vertex   -7.727636e-02 -4.130507e-02 2.548037e-02
      vertex   -8.365304e-02 -3.947682e-02 2.500000e-02
      vertex   -7.880255e-02 -4.843974e-02 2.500000e-02
    endloop
  endfacet
  facet normal -8.240285e-02 -4.939037e-02 9.953745e-01
    outer loop
      vertex   -7.727636e-02 -4.130507e-02 2.548037e-02
      vertex   -7.880255e-02 -4.843974e-02 2.500000e-02
      vertex   -7.285565e-02 -4.868059e-02 2.548037e-02
    endloop
  endfacet
  facet normal -8.268827e-02 -5.733477e-02 9.949248e-01
    outer loop
      vertex   -7.285565e-02 -4.868059e-02 2.548037e-02
      vertex   -7.880255e-02 -4.843974e-02 2.500000e-02
      vertex   -7.299550e-02 -5.681468e-02 2.500000e-02
    endloop
  endfacet
  facet normal -7.746113e-02 -5.744909e-02 9.953388e-01
    outer loop
      vertex   -7.285565e-02 -4.868059e-02 2.548037e-02
      vertex   -7.299550e-02 -5.681468e-02 2.500000e-02
      vertex   -6.773330e-02 -5.558728e-02 2.548037e-02
    endloop
  endfacet
  facet normal -7.549267e-02 -6.574663e-02 9.949765e-01
    outer loop
      vertex   -6.773330e-02 -5.558728e-02 2.548037e-02
      vertex   -7.299550e-02 -5.681468e-02 2.500000e-02
      vertex   -6.630238e-02 -6.449995e-02 2.500000e-02
    endloop
  endfacet
  facet normal -7.192638e-02 -6.519027e-02 9.952773e-01
    outer loop
      vertex   -6.773330e-02 -5.558728e-02 2.548037e-02
      vertex   -6.630238e-02 -6.449995e-02 2.500000e-02
      vertex   -6.195864e-02 -6.195864e-02 2.548037e-02
    endloop
  endfacet
  facet normal -6.728152e-02 -7.308721e-02 9.950535e-01
    outer loop
      vertex   -6.195864e-02 -6.195864e-02 2.548037e-02
      vertex   -6.630238e-02 -6.449995e-02 2.500000e-02
      vertex   -5.880445e-02 -7.140229e-02 2.500000e-02
    endloop
  endfacet
  facet normal -8.313511e-03 -1.003292e-01 9.949196e-01
    outer loop
      vertex   -1.270520e-02 -9.162329e-02 2.500000e-02
      vertex   -2.548777e-03 -9.246488e-02 2.500000e-02
      vertex   -8.588531e-03 -8.720081e-02 2.548037e-02
    endloop
  endfacet
  facet normal -4.728703e-03 -9.625497e-02 9.953455e-01
    outer loop
      vertex   -8.588531e-03 -8.720081e-02 2.548037e-02
      vertex   -2.548777e-03 -9.246488e-02 2.500000e-02
      vertex   -5.365346e-18 -8.762274e-02 2.548037e-02
    endloop
  endfacet
  facet normal -1.425932e-02 -2.902552e-01 9.568430e-01
    outer loop
      vertex   -8.588531e-03 -8.720081e-02 2.548037e-02
      vertex   -5.365346e-18 -8.762274e-02 2.548037e-02
      vertex   -5.078176e-18 -8.293291e-02 2.690301e-02
    endloop
  endfacet
  facet normal 1.425932e-02 -2.902552e-01 9.568430e-01
    outer loop
      vertex   -5.078176e-18 -8.293291e-02 2.690301e-02
      vertex   -5.365346e-18 -8.762274e-02 2.548037e-02
      vertex   8.128847e-03 -8.253357e-02 2.690301e-02
    endloop
  endfacet
  facet normal 2.315203e-02 -4.712704e-01 8.816849e-01
    outer loop
      vertex   -5.078176e-18 -8.293291e-02 2.690301e-02
      vertex   8.128847e-03 -8.253357e-02 2.690301e-02
      vertex   7.705200e-03 -7.823221e-02 2.921326e-02
    endloop
  endfacet
  facet normal 6.923312e-02 -4.667318e-01 8.816849e-01
    outer loop
      vertex   7.705200e-03 -7.823221e-02 2.921326e-02
      vertex   8.128847e-03 -8.253357e-02 2.690301e-02
      vertex   1.533620e-02 -7.710026e-02 2.921326e-02
    endloop
  endfacet
  facet normal 9.315186e-02 -6.279788e-01 7.726353e-01
    outer loop
      vertex   7.705200e-03 -7.823221e-02 2.921326e-02
      vertex   1.533620e-02 -7.710026e-02 2.921326e-02
      vertex   1.459711e-02 -7.338464e-02 3.232233e-02
    endloop
  endfacet
  facet normal 1.542560e-01 -6.158245e-01 7.726353e-01
    outer loop
      vertex   1.459711e-02 -7.338464e-02 3.232233e-02
      vertex   1.533620e-02 -7.710026e-02 2.921326e-02
      vertex   2.171978e-02 -7.160051e-02 3.232233e-02
    endloop
  endfacet
  facet normal 1.879173e-01 -7.502078e-01 6.339363e-01
    outer loop
      vertex   1.459711e-02 -7.338464e-02 3.232233e-02
      vertex   2.171978e-02 -7.160051e-02 3.232233e-02
      vertex   2.081726e-02 -6.862531e-02 3.611074e-02
    endloop
  endfacet
  facet normal 2.605456e-01 -7.281763e-01 6.339363e-01
    outer loop
      vertex   2.081726e-02 -6.862531e-02 3.611074e-02
      vertex   2.171978e-02 -7.160051e-02 3.232233e-02
      vertex   2.744348e-02 -6.625441e-02 3.611074e-02
    endloop
  endfacet
  facet normal 2.971898e-01 -8.305900e-01 4.709549e-01
    outer loop
      vertex   2.081726e-02 -6.862531e-02 3.611074e-02
      vertex   2.744348e-02 -6.625441e-02 3.611074e-02
      vertex   2.655938e-02 -6.412002e-02 4.043291e-02
    endloop
  endfacet
  facet normal 3.771708e-01 -7.974607e-01 4.709549e-01
    outer loop
      vertex   2.655938e-02 -6.412002e-02 4.043291e-02
      vertex   2.744348e-02 -6.625441e-02 3.611074e-02
      vertex   3.271635e-02 -6.120799e-02 4.043291e-02
    endloop
  endfacet
  facet normal 4.091862e-01 -8.651516e-01 2.899644e-01
    outer loop
      vertex   2.655938e-02 -6.412002e-02 4.043291e-02
      vertex   3.271635e-02 -6.120799e-02 4.043291e-02
      vertex   3.204572e-02 -5.995333e-02 4.512274e-02
    endloop
  endfacet
  facet normal 4.920156e-01 -8.208784e-01 2.899644e-01
    outer loop
      vertex   3.204572e-02 -5.995333e-02 4.512274e-02
      vertex   3.271635e-02 -6.120799e-02 4.043291e-02
      vertex   3.776787e-02 -5.652361e-02 4.512274e-02
    endloop
  endfacet
  facet normal 2.760886e-03 -1.001598e-01 9.949675e-01
    outer loop
      vertex   -2.548777e-03 -9.246488e-02 2.500000e-02
      vertex   7.638589e-03 -9.218407e-02 2.500000e-02
      vertex   -5.365346e-18 -8.762274e-02 2.548037e-02
    endloop
  endfacet
  facet normal 4.757898e-03 -9.684924e-02 9.952877e-01
    outer loop
      vertex   -5.365346e-18 -8.762274e-02 2.548037e-02
      vertex   7.638589e-03 -9.218407e-02 2.500000e-02
      vertex   8.588531e-03 -8.720081e-02 2.548037e-02
    endloop
  endfacet
  facet normal 1.425932e-02 -2.902552e-01 9.568430e-01
    outer loop
      vertex   -5.365346e-18 -8.762274e-02 2.548037e-02
      vertex   8.588531e-03 -8.720081e-02 2.548037e-02
      vertex   8.128847e-03 -8.253357e-02 2.690301e-02
    endloop
  endfacet
  facet normal 4.264064e-02 -2.874598e-01 9.568430e-01
    outer loop
      vertex   8.128847e-03 -8.253357e-02 2.690301e-02
      vertex   8.588531e-03 -8.720081e-02 2.548037e-02
      vertex   1.617941e-02 -8.133938e-02 2.690301e-02
    endloop
  endfacet
  facet normal 6.923312e-02 -4.667318e-01 8.816849e-01
    outer loop
      vertex   8.128847e-03 -8.253357e-02 2.690301e-02
      vertex   1.617941e-02 -8.133938e-02 2.690301e-02
      vertex   1.533620e-02 -7.710026e-02 2.921326e-02
    endloop
  endfacet
  facet normal 1.146475e-01 -4.576983e-01 8.816849e-01
    outer loop
      vertex   1.533620e-02 -7.710026e-02 2.921326e-02
      vertex   1.617941e-02 -8.133938e-02 2.690301e-02
      vertex   2.281949e-02 -7.522579e-02 2.921326e-02
    endloop
  endfacet
  facet normal 1.542560e-01 -6.158245e-01 7.726353e-01
    outer loop
      vertex   1.533620e-02 -7.710026e-02 2.921326e-02
      vertex   2.281949e-02 -7.522579e-02 2.921326e-02
      vertex   2.171978e-02 -7.160051e-02 3.232233e-02
    endloop
  endfacet
  facet normal 2.138746e-01 -5.977394e-01 7.726353e-01
    outer loop
      vertex   2.171978e-02 -7.160051e-02 3.232233e-02
      vertex   2.281949e-02 -7.522579e-02 2.921326e-02
      vertex   2.863327e-02 -6.912682e-02 3.232233e-02
    endloop
  endfacet
  facet normal 2.605456e-01 -7.281763e-01 6.339363e-01
    outer loop
      vertex   2.171978e-02 -7.160051e-02 3.232233e-02
      vertex   2.863327e-02 -6.912682e-02 3.232233e-02
      vertex   2.744348e-02 -6.625441e-02 3.611074e-02
    endloop
  endfacet
  facet normal 3.306648e-01 -6.991320e-01 6.339363e-01
    outer loop
      vertex   2.744348e-02 -6.625441e-02 3.611074e-02
      vertex   2.863327e-02 -6.912682e-02 3.232233e-02
      vertex   3.380540e-02 -6.324545e-02 3.611074e-02
    endloop
  endfacet
  facet normal 3.771708e-01 -7.974607e-01 4.709549e-01
    outer loop
      vertex   2.744348e-02 -6.625441e-02 3.611074e-02
      vertex   3.380540e-02 -6.324545e-02 3.611074e-02
      vertex   3.271635e-02 -6.120799e-02 4.043291e-02
    endloop
  endfacet
  facet normal 4.535195e-01 -7.566515e-01 4.709549e-01
    outer loop
      vertex   3.271635e-02 -6.120799e-02 4.043291e-02
      vertex   3.380540e-02 -6.324545e-02 3.611074e-02
      vertex   3.855825e-02 -5.770650e-02 4.043291e-02
    endloop
  endfacet
  facet normal 4.920156e-01 -8.208784e-01 2.899644e-01
    outer loop
      vertex   3.271635e-02 -6.120799e-02 4.043291e-02
      vertex   3.855825e-02 -5.770650e-02 4.043291e-02
      vertex   3.776787e-02 -5.652361e-02 4.512274e-02
    endloop
  endfacet
  facet normal 5.701065e-01 -7.686997e-01 2.899644e-01
    outer loop
      vertex   3.776787e-02 -5.652361e-02 4.512274e-02
      vertex   3.855825e-02 -5.770650e-02 4.043291e-02
      vertex   4.312629e-02 -5.254954e-02 4.512274e-02
    endloop
  endfacet
  facet normal 1.366194e-02 -9.852281e-02 9.950410e-01
    outer loop
      vertex   7.638589e-03 -9.218407e-02 2.500000e-02
      vertex   1.773323e-02 -9.078426e-02 2.500000e-02
      vertex   8.588531e-03 -8.720081e-02 2.548037e-02
    endloop
  endfacet
  facet normal 1.435525e-02 -9.677523e-02 9.952027e-01
    outer loop
      vertex   8.588531e-03 -8.720081e-02 2.548037e-02
      vertex   1.773323e-02 -9.078426e-02 2.500000e-02
      vertex   1.709435e-02 -8.593910e-02 2.548037e-02
    endloop
  endfacet
  facet normal 4.264064e-02 -2.874598e-01 9.568430e-01
    outer loop
      vertex   8.588531e-03 -8.720081e-02 2.548037e-02
      vertex   1.709435e-02 -8.593910e-02 2.548037e-02
      vertex   1.617941e-02 -8.133938e-02 2.690301e-02
    endloop
  endfacet
  facet normal 7.061131e-02 -2.818961e-01 9.568430e-01
    outer loop
      vertex   1.617941e-02 -8.133938e-02 2.690301e-02
      vertex   1.709435e-02 -8.593910e-02 2.548037e-02
      vertex   2.407415e-02 -7.936185e-02 2.690301e-02
    endloop
  endfacet
  facet normal 1.146475e-01 -4.576983e-01 8.816849e-01
    outer loop
      vertex   1.617941e-02 -8.133938e-02 2.690301e-02
      vertex   2.407415e-02 -7.936185e-02 2.690301e-02
      vertex   2.281949e-02 -7.522579e-02 2.921326e-02
    endloop
  endfacet
  facet normal 1.589577e-01 -4.442570e-01 8.816849e-01
    outer loop
      vertex   2.281949e-02 -7.522579e-02 2.921326e-02
      vertex   2.407415e-02 -7.936185e-02 2.690301e-02
      vertex   3.008303e-02 -7.262686e-02 2.921326e-02
    endloop
  endfacet
  facet normal 2.138746e-01 -5.977394e-01 7.726353e-01
    outer loop
      vertex   2.281949e-02 -7.522579e-02 2.921326e-02
      vertex   3.008303e-02 -7.262686e-02 2.921326e-02
      vertex   2.863327e-02 -6.912682e-02 3.232233e-02
    endloop
  endfacet
  facet normal 2.714334e-01 -5.738977e-01 7.726353e-01
    outer loop
      vertex   2.863327e-02 -6.912682e-02 3.232233e-02
      vertex   3.008303e-02 -7.262686e-02 2.921326e-02
      vertex   3.527100e-02 -6.598740e-02 3.232233e-02
    endloop
  endfacet
  facet normal 3.306648e-01 -6.991320e-01 6.339363e-01
    outer loop
      vertex   2.863327e-02 -6.912682e-02 3.232233e-02
      vertex   3.527100e-02 -6.598740e-02 3.232233e-02
      vertex   3.380540e-02 -6.324545e-02 3.611074e-02
    endloop
  endfacet
  facet normal 3.975995e-01 -6.633546e-01 6.339363e-01
    outer loop
      vertex   3.380540e-02 -6.324545e-02 3.611074e-02
      vertex   3.527100e-02 -6.598740e-02 3.232233e-02
      vertex   3.984175e-02 -5.962740e-02 3.611074e-02
    endloop
  endfacet
  facet normal 4.535195e-01 -7.566515e-01 4.709549e-01
    outer loop
      vertex   3.380540e-02 -6.324545e-02 3.611074e-02
      vertex   3.984175e-02 -5.962740e-02 3.611074e-02
      vertex   3.855825e-02 -5.770650e-02 4.043291e-02
    endloop
  endfacet
  facet normal 5.255005e-01 -7.085554e-01 4.709549e-01
    outer loop
      vertex   3.855825e-02 -5.770650e-02 4.043291e-02
      vertex   3.984175e-02 -5.962740e-02 3.611074e-02
      vertex   4.402880e-02 -5.364925e-02 4.043291e-02
    endloop
  endfacet
  facet normal 5.701065e-01 -7.686997e-01 2.899644e-01
    outer loop
      vertex   3.855825e-02 -5.770650e-02 4.043291e-02
      vertex   4.402880e-02 -5.364925e-02 4.043291e-02
      vertex   4.312629e-02 -5.254954e-02 4.512274e-02
    endloop
  endfacet
  facet normal 6.427071e-01 -7.091180e-01 2.899644e-01
    outer loop
      vertex   4.312629e-02 -5.254954e-02 4.512274e-02
      vertex   4.402880e-02 -5.364925e-02 4.043291e-02
      vertex   4.806938e-02 -4.806938e-02 4.512274e-02
    endloop
  endfacet
  facet normal 2.392338e-02 -9.550747e-02 9.951412e-01
    outer loop
      vertex   1.709435e-02 -8.593910e-02 2.548037e-02
      vertex   1.773323e-02 -9.078426e-02 2.500000e-02
      vertex   2.543554e-02 -8.384974e-02 2.548037e-02
    endloop
  endfacet
  facet normal 2.428731e-02 -9.590842e-02 9.950938e-01
    outer loop
      vertex   2.543554e-02 -8.384974e-02 2.548037e-02
      vertex   1.773323e-02 -9.078426e-02 2.500000e-02
      vertex   2.761262e-02 -8.828246e-02 2.500000e-02
    endloop
  endfacet
  facet normal 3.282245e-02 -9.173261e-02 9.952426e-01
    outer loop
      vertex   2.543554e-02 -8.384974e-02 2.548037e-02
      vertex   2.761262e-02 -8.828246e-02 2.500000e-02
      vertex   3.353177e-02 -8.095286e-02 2.548037e-02
    endloop
  endfacet
  facet normal 3.499721e-02 -9.347340e-02 9.950065e-01
    outer loop
      vertex   3.353177e-02 -8.095286e-02 2.548037e-02
      vertex   2.761262e-02 -8.828246e-02 2.500000e-02
      vertex   3.715683e-02 -8.470903e-02 2.500000e-02
    endloop
  endfacet
  facet normal 4.133529e-02 -8.739612e-02 9.953157e-01
    outer loop
      vertex   3.353177e-02 -8.095286e-02 2.548037e-02
      vertex   3.715683e-02 -8.470903e-02 2.500000e-02
      vertex   4.130507e-02 -7.727636e-02 2.548037e-02
    endloop
  endfacet
  facet normal 4.534908e-02 -8.961222e-02 9.949438e-01
    outer loop
      vertex   4.130507e-02 -7.727636e-02 2.548037e-02
      vertex   3.715683e-02 -8.470903e-02 2.500000e-02
      vertex   4.625000e-02 -8.010735e-02 2.500000e-02
    endloop
  endfacet
  facet normal 4.945520e-02 -8.251102e-02 9.953623e-01
    outer loop
      vertex   4.130507e-02 -7.727636e-02 2.548037e-02
      vertex   4.625000e-02 -8.010735e-02 2.500000e-02
      vertex   4.868059e-02 -7.285565e-02 2.548037e-02
    endloop
  endfacet
  facet normal 5.513014e-02 -8.438296e-02 9.949071e-01
    outer loop
      vertex   4.868059e-02 -7.285565e-02 2.548037e-02
      vertex   4.625000e-02 -8.010735e-02 2.500000e-02
      vertex   5.478176e-02 -7.453327e-02 2.500000e-02
    endloop
  endfacet
  facet normal 5.717322e-02 -7.708916e-02 9.953836e-01
    outer loop
      vertex   4.868059e-02 -7.285565e-02 2.548037e-02
      vertex   5.478176e-02 -7.453327e-02 2.500000e-02
      vertex   5.558728e-02 -6.773330e-02 2.548037e-02
    endloop
  endfacet
  facet normal 6.413927e-02 -7.788000e-02 9.948974e-01
    outer loop
      vertex   5.558728e-02 -6.773330e-02 2.548037e-02
      vertex   5.478176e-02 -7.453327e-02 2.500000e-02
      vertex   6.264855e-02 -6.805446e-02 2.500000e-02
    endloop
  endfacet
  facet normal 6.447860e-02 -7.114117e-02 9.953800e-01
    outer loop
      vertex   5.558728e-02 -6.773330e-02 2.548037e-02
      vertex   6.264855e-02 -6.805446e-02 2.500000e-02
      vertex   6.195864e-02 -6.195864e-02 2.548037e-02
    endloop
  endfacet
  facet normal 7.219391e-02 -7.023132e-02 9.949149e-01
    outer loop
      vertex   6.195864e-02 -6.195864e-02 2.548037e-02
      vertex   6.264855e-02 -6.805446e-02 2.500000e-02
      vertex   6.975486e-02 -6.074956e-02 2.500000e-02
    endloop
  endfacet
  facet normal 7.135932e-02 -6.467632e-02 9.953516e-01
    outer loop
      vertex   6.195864e-02 -6.195864e-02 2.548037e-02
      vertex   6.975486e-02 -6.074956e-02 2.500000e-02
      vertex   6.773330e-02 -5.558728e-02 2.548037e-02
    endloop
  endfacet
  facet normal 7.913634e-02 -6.159429e-02 9.949591e-01
    outer loop
      vertex   6.773330e-02 -5.558728e-02 2.548037e-02
      vertex   6.975486e-02 -6.074956e-02 2.500000e-02
      vertex   7.601445e-02 -5.270725e-02 2.500000e-02
    endloop
  endfacet
  facet normal 8.934248e-02 4.216173e-02 9.951082e-01
    outer loop
      vertex   8.570070e-02 3.480862e-02 2.500000e-02
      vertex   8.135132e-02 4.402513e-02 2.500000e-02
      vertex   8.095286e-02 3.353177e-02 2.548037e-02
    endloop
  endfacet
  facet normal 8.915973e-02 4.216941e-02 9.951243e-01
    outer loop
      vertex   8.095286e-02 3.353177e-02 2.548037e-02
      vertex   8.135132e-02 4.402513e-02 2.500000e-02
      vertex   7.727636e-02 4.130507e-02 2.548037e-02
    endloop
  endfacet
  facet normal 2.627040e-01 1.242497e-01 9.568430e-01
    outer loop
      vertex   8.095286e-02 3.353177e-02 2.548037e-02
      vertex   7.727636e-02 4.130507e-02 2.548037e-02
      vertex   7.314030e-02 3.909431e-02 2.690301e-02
    endloop
  endfacet
  facet normal 2.492604e-01 1.494009e-01 9.568430e-01
    outer loop
      vertex   7.314030e-02 3.909431e-02 2.690301e-02
      vertex   7.727636e-02 4.130507e-02 2.548037e-02
      vertex   6.895620e-02 4.607506e-02 2.690301e-02
    endloop
  endfacet
  facet normal 4.047096e-01 2.425736e-01 8.816849e-01
    outer loop
      vertex   7.314030e-02 3.909431e-02 2.690301e-02
      vertex   6.895620e-02 4.607506e-02 2.690301e-02
      vertex   6.536244e-02 4.367379e-02 2.921326e-02
    endloop
  endfacet
  facet normal 3.789844e-01 2.810740e-01 8.816849e-01
    outer loop
      vertex   6.536244e-02 4.367379e-02 2.921326e-02
      vertex   6.895620e-02 4.607506e-02 2.690301e-02
      vertex   6.076693e-02 4.987013e-02 2.921326e-02
    endloop
  endfacet
  facet normal 5.099164e-01 3.781798e-01 7.726353e-01
    outer loop
      vertex   6.536244e-02 4.367379e-02 2.921326e-02
      vertex   6.076693e-02 4.987013e-02 2.921326e-02
      vertex   5.783844e-02 4.746678e-02 3.232233e-02
    endloop
  endfacet
  facet normal 4.703929e-01 4.263393e-01 7.726353e-01
    outer loop
      vertex   5.783844e-02 4.746678e-02 3.232233e-02
      vertex   6.076693e-02 4.987013e-02 2.921326e-02
      vertex   5.290738e-02 5.290738e-02 3.232233e-02
    endloop
  endfacet
  facet normal 5.730407e-01 5.193738e-01 6.339363e-01
    outer loop
      vertex   5.783844e-02 4.746678e-02 3.232233e-02
      vertex   5.290738e-02 5.290738e-02 3.232233e-02
      vertex   5.070893e-02 5.070893e-02 3.611074e-02
    endloop
  endfacet
  facet normal 5.193738e-01 5.730407e-01 6.339363e-01
    outer loop
      vertex   5.070893e-02 5.070893e-02 3.611074e-02
      vertex   5.290738e-02 5.290738e-02 3.232233e-02
      vertex   4.549441e-02 5.543510e-02 3.611074e-02
    endloop
  endfacet
  facet normal 5.924206e-01 6.536354e-01 4.709549e-01
    outer loop
      vertex   5.070893e-02 5.070893e-02 3.611074e-02
      vertex   4.549441e-02 5.543510e-02 3.611074e-02
      vertex   4.402880e-02 5.364925e-02 4.043291e-02
    endloop
  endfacet
  facet normal 5.255005e-01 7.085554e-01 4.709549e-01
    outer loop
      vertex   4.402880e-02 5.364925e-02 4.043291e-02
      vertex   4.549441e-02 5.543510e-02 3.611074e-02
      vertex   3.855825e-02 5.770650e-02 4.043291e-02
    endloop
  endfacet
  facet normal 5.701065e-01 7.686997e-01 2.899644e-01
    outer loop
      vertex   4.402880e-02 5.364925e-02 4.043291e-02
      vertex   3.855825e-02 5.770650e-02 4.043291e-02
      vertex   3.776787e-02 5.652361e-02 4.512274e-02
    endloop
  endfacet
  facet normal 4.920156e-01 8.208784e-01 2.899644e-01
    outer loop
      vertex   3.776787e-02 5.652361e-02 4.512274e-02
      vertex   3.855825e-02 5.770650e-02 4.043291e-02
      vertex   3.204572e-02 5.995333e-02 4.512274e-02
    endloop
  endfacet
  facet normal 8.379400e-02 5.022419e-02 9.952166e-01
    outer loop
      vertex   7.727636e-02 4.130507e-02 2.548037e-02
      vertex   8.135132e-02 4.402513e-02 2.500000e-02
      vertex   7.285565e-02 4.868059e-02 2.548037e-02
    endloop
  endfacet
  facet normal 8.483882e-02 5.215023e-02 9.950290e-01
    outer loop
      vertex   7.285565e-02 4.868059e-02 2.548037e-02
      vertex   8.135132e-02 4.402513e-02 2.500000e-02
      vertex   7.601445e-02 5.270725e-02 2.500000e-02
    endloop
  endfacet
  facet normal 7.780237e-02 5.770217e-02 9.952976e-01
    outer loop
      vertex   7.285565e-02 4.868059e-02 2.548037e-02
      vertex   7.601445e-02 5.270725e-02 2.500000e-02
      vertex   6.773330e-02 5.558728e-02 2.548037e-02
    endloop
  endfacet
  facet normal 7.913634e-02 6.159429e-02 9.949591e-01
    outer loop
      vertex   6.773330e-02 5.558728e-02 2.548037e-02
      vertex   7.601445e-02 5.270725e-02 2.500000e-02
      vertex   6.975486e-02 6.074956e-02 2.500000e-02
    endloop
  endfacet
  facet normal 7.135932e-02 6.467632e-02 9.953516e-01
    outer loop
      vertex   6.773330e-02 5.558728e-02 2.548037e-02
      vertex   6.975486e-02 6.074956e-02 2.500000e-02
      vertex   6.195864e-02 6.195864e-02 2.548037e-02
    endloop
  endfacet
  facet normal 7.219391e-02 7.023132e-02 9.949149e-01
    outer loop
      vertex   6.195864e-02 6.195864e-02 2.548037e-02
      vertex   6.975486e-02 6.074956e-02 2.500000e-02
      vertex   6.264855e-02 6.805446e-02 2.500000e-02
    endloop
  endfacet
  facet normal 6.447860e-02 7.114117e-02 9.953800e-01
    outer loop
      vertex   6.195864e-02 6.195864e-02 2.548037e-02
      vertex   6.264855e-02 6.805446e-02 2.500000e-02
      vertex   5.558728e-02 6.773330e-02 2.548037e-02
    endloop
  endfacet
  facet normal 6.413927e-02 7.788000e-02 9.948974e-01
    outer loop
      vertex   5.558728e-02 6.773330e-02 2.548037e-02
      vertex   6.264855e-02 6.805446e-02 2.500000e-02
      vertex   5.478176e-02 7.453327e-02 2.500000e-02
    endloop
  endfacet
  facet normal 5.717322e-02 7.708916e-02 9.953836e-01
    outer loop
      vertex   5.558728e-02 6.773330e-02 2.548037e-02
      vertex   5.478176e-02 7.453327e-02 2.500000e-02
      vertex   4.868059e-02 7.285565e-02 2.548037e-02
    endloop
  endfacet
  facet normal 5.513014e-02 8.438296e-02 9.949071e-01
    outer loop
      vertex   4.868059e-02 7.285565e-02 2.548037e-02
      vertex   5.478176e-02 7.453327e-02 2.500000e-02
      vertex   4.625000e-02 8.010735e-02 2.500000e-02
    endloop
  endfacet
  facet normal 4.945520e-02 8.251102e-02 9.953623e-01
    outer loop
      vertex   4.868059e-02 7.285565e-02 2.548037e-02
      vertex   4.625000e-02 8.010735e-02 2.500000e-02
      vertex   4.130507e-02 7.727636e-02 2.548037e-02
    endloop
  endfacet
  facet normal 4.534908e-02 8.961222e-02 9.949438e-01
    outer loop
      vertex   4.130507e-02 7.727636e-02 2.548037e-02
      vertex   4.625000e-02 8.010735e-02 2.500000e-02
      vertex   3.715683e-02 8.470903e-02 2.500000e-02
    endloop
  endfacet
  facet normal 4.133529e-02 8.739612e-02 9.953157e-01
    outer loop
      vertex   4.130507e-02 7.727636e-02 2.548037e-02
      vertex   3.715683e-02 8.470903e-02 2.500000e-02
      vertex   3.353177e-02 8.095286e-02 2.548037e-02
    endloop
  endfacet
  facet normal 3.499721e-02 9.347340e-02 9.950065e-01
    outer loop
      vertex   3.353177e-02 8.095286e-02 2.548037e-02
      vertex   3.715683e-02 8.470903e-02 2.500000e-02
      vertex   2.761262e-02 8.828246e-02 2.500000e-02
    endloop
  endfacet
  facet normal 3.282245e-02 9.173261e-02 9.952426e-01
    outer loop
      vertex   3.353177e-02 8.095286e-02 2.548037e-02
      vertex   2.761262e-02 8.828246e-02 2.500000e-02
      vertex   2.543554e-02 8.384974e-02 2.548037e-02
    endloop
  endfacet
  facet normal 2.428731e-02 9.590842e-02 9.950938e-01
    outer loop
      vertex   2.543554e-02 8.384974e-02 2.548037e-02
      vertex   2.761262e-02 8.828246e-02 2.500000e-02
      vertex   1.773323e-02 9.078426e-02 2.500000e-02
    endloop
  endfacet
  facet normal -4.995746e-02 8.652885e-02 9.949960e-01
    outer loop
      vertex   -4.176684e-02 8.253352e-02 2.500000e-02
      vertex   -5.059270e-02 7.743790e-02 2.500000e-02
      vertex   -4.130507e-02 7.727636e-02 2.548037e-02
    endloop
  endfacet
  facet normal -5.002421e-02 8.346035e-02 9.952547e-01
    outer loop
      vertex   -4.130507e-02 7.727636e-02 2.548037e-02
      vertex   -5.059270e-02 7.743790e-02 2.500000e-02
      vertex   -4.868059e-02 7.285565e-02 2.548037e-02
    endloop
  endfacet
  facet normal -1.494009e-01 2.492604e-01 9.568430e-01
    outer loop
      vertex   -4.130507e-02 7.727636e-02 2.548037e-02
      vertex   -4.868059e-02 7.285565e-02 2.548037e-02
      vertex   -4.607506e-02 6.895620e-02 2.690301e-02
    endloop
  endfacet
  facet normal -1.731133e-01 2.334163e-01 9.568430e-01
    outer loop
      vertex   -4.607506e-02 6.895620e-02 2.690301e-02
      vertex   -4.868059e-02 7.285565e-02 2.548037e-02
      vertex   -5.261208e-02 6.410801e-02 2.690301e-02
    endloop
  endfacet
  facet normal -2.810740e-01 3.789844e-01 8.816849e-01
    outer loop
      vertex   -4.607506e-02 6.895620e-02 2.690301e-02
      vertex   -5.261208e-02 6.410801e-02 2.690301e-02
      vertex   -4.987013e-02 6.076693e-02 2.921326e-02
    endloop
  endfacet
  facet normal -3.168675e-01 3.496094e-01 8.816849e-01
    outer loop
      vertex   -4.987013e-02 6.076693e-02 2.921326e-02
      vertex   -5.261208e-02 6.410801e-02 2.690301e-02
      vertex   -5.558619e-02 5.558619e-02 2.921326e-02
    endloop
  endfacet
  facet normal -4.263393e-01 4.703929e-01 7.726353e-01
    outer loop
      vertex   -4.987013e-02 6.076693e-02 2.921326e-02
      vertex   -5.558619e-02 5.558619e-02 2.921326e-02
      vertex   -5.290738e-02 5.290738e-02 3.232233e-02
    endloop
  endfacet
  facet normal -4.703929e-01 4.263393e-01 7.726353e-01
    outer loop
      vertex   -5.290738e-02 5.290738e-02 3.232233e-02
      vertex   -5.558619e-02 5.558619e-02 2.921326e-02
      vertex   -5.783844e-02 4.746678e-02 3.232233e-02
    endloop
  endfacet
  facet normal -5.730407e-01 5.193738e-01 6.339363e-01
    outer loop
      vertex   -5.290738e-02 5.290738e-02 3.232233e-02
      vertex   -5.783844e-02 4.746678e-02 3.232233e-02
      vertex   -5.543510e-02 4.549441e-02 3.611074e-02
    endloop
  endfacet
  facet normal -6.211888e-01 4.607050e-01 6.339363e-01
    outer loop
      vertex   -5.543510e-02 4.549441e-02 3.611074e-02
      vertex   -5.783844e-02 4.746678e-02 3.232233e-02
      vertex   -5.962740e-02 3.984175e-02 3.611074e-02
    endloop
  endfacet
  facet normal -7.085554e-01 5.255005e-01 4.709549e-01
    outer loop
      vertex   -5.543510e-02 4.549441e-02 3.611074e-02
      vertex   -5.962740e-02 3.984175e-02 3.611074e-02
      vertex   -5.770650e-02 3.855825e-02 4.043291e-02
    endloop
  endfacet
  facet normal -7.566515e-01 4.535195e-01 4.709549e-01
    outer loop
      vertex   -5.770650e-02 3.855825e-02 4.043291e-02
      vertex   -5.962740e-02 3.984175e-02 3.611074e-02
      vertex   -6.120799e-02 3.271635e-02 4.043291e-02
    endloop
  endfacet
  facet normal -8.208784e-01 4.920156e-01 2.899644e-01
    outer loop
      vertex   -5.770650e-02 3.855825e-02 4.043291e-02
      vertex   -6.120799e-02 3.271635e-02 4.043291e-02
      vertex   -5.995333e-02 3.204572e-02 4.512274e-02
    endloop
  endfacet
  facet normal -8.651516e-01 4.091862e-01 2.899644e-01
    outer loop
      vertex   -5.995333e-02 3.204572e-02 4.512274e-02
      vertex   -6.120799e-02 3.271635e-02 4.043291e-02
      vertex   -6.280567e-02 2.601496e-02 4.512274e-02
    endloop
  endfacet
  facet normal -5.867609e-02 7.983170e-02 9.950799e-01
    outer loop
      vertex   -5.059270e-02 7.743790e-02 2.500000e-02
      vertex   -5.880445e-02 7.140229e-02 2.500000e-02
      vertex   -4.868059e-02 7.285565e-02 2.548037e-02
    endloop
  endfacet
  facet normal -5.855317e-02 7.894981e-02 9.951575e-01
    outer loop
      vertex   -4.868059e-02 7.285565e-02 2.548037e-02
      vertex   -5.880445e-02 7.140229e-02 2.500000e-02
      vertex   -5.558728e-02 6.773330e-02 2.548037e-02
    endloop
  endfacet
  facet normal -1.731133e-01 2.334163e-01 9.568430e-01
    outer loop
      vertex   -4.868059e-02 7.285565e-02 2.548037e-02
      vertex   -5.558728e-02 6.773330e-02 2.548037e-02
      vertex   -5.261208e-02 6.410801e-02 2.690301e-02
    endloop
  endfacet
  facet normal -1.951585e-01 2.153243e-01 9.568430e-01
    outer loop
      vertex   -5.261208e-02 6.410801e-02 2.690301e-02
      vertex   -5.558728e-02 6.773330e-02 2.548037e-02
      vertex   -5.864243e-02 5.864243e-02 2.690301e-02
    endloop
  endfacet
  facet normal -3.168675e-01 3.496094e-01 8.816849e-01
    outer loop
      vertex   -5.261208e-02 6.410801e-02 2.690301e-02
      vertex   -5.864243e-02 5.864243e-02 2.690301e-02
      vertex   -5.558619e-02 5.558619e-02 2.921326e-02
    endloop
  endfacet
  facet normal -3.496094e-01 3.168675e-01 8.816849e-01
    outer loop
      vertex   -5.558619e-02 5.558619e-02 2.921326e-02
      vertex   -5.864243e-02 5.864243e-02 2.690301e-02
      vertex   -6.076693e-02 4.987013e-02 2.921326e-02
    endloop
  endfacet
  facet normal -4.703929e-01 4.263393e-01 7.726353e-01
    outer loop
      vertex   -5.558619e-02 5.558619e-02 2.921326e-02
      vertex   -6.076693e-02 4.987013e-02 2.921326e-02
      vertex   -5.783844e-02 4.746678e-02 3.232233e-02
    endloop
  endfacet
  facet normal -5.099164e-01 3.781798e-01 7.726353e-01
    outer loop
      vertex   -5.783844e-02 4.746678e-02 3.232233e-02
      vertex   -6.076693e-02 4.987013e-02 2.921326e-02
      vertex   -6.221249e-02 4.156906e-02 3.232233e-02
    endloop
  endfacet
  facet normal -6.211888e-01 4.607050e-01 6.339363e-01
    outer loop
      vertex   -5.783844e-02 4.746678e-02 3.232233e-02
      vertex   -6.221249e-02 4.156906e-02 3.232233e-02
      vertex   -5.962740e-02 3.984175e-02 3.611074e-02
    endloop
  endfacet
  facet normal -6.633546e-01 3.975995e-01 6.339363e-01
    outer loop
      vertex   -5.962740e-02 3.984175e-02 3.611074e-02
      vertex   -6.221249e-02 4.156906e-02 3.232233e-02
      vertex   -6.324545e-02 3.380540e-02 3.611074e-02
    endloop
  endfacet
  facet normal -7.566515e-01 4.535195e-01 4.709549e-01
    outer loop
      vertex   -5.962740e-02 3.984175e-02 3.611074e-02
      vertex   -6.324545e-02 3.380540e-02 3.611074e-02
      vertex   -6.120799e-02 3.271635e-02 4.043291e-02
    endloop
  endfacet
  facet normal -7.974607e-01 3.771708e-01 4.709549e-01
    outer loop
      vertex   -6.120799e-02 3.271635e-02 4.043291e-02
      vertex   -6.324545e-02 3.380540e-02 3.611074e-02
      vertex   -6.412002e-02 2.655938e-02 4.043291e-02
    endloop
  endfacet
  facet normal -8.651516e-01 4.091862e-01 2.899644e-01
    outer loop
      vertex   -6.120799e-02 3.271635e-02 4.043291e-02
      vertex   -6.412002e-02 2.655938e-02 4.043291e-02
      vertex   -6.280567e-02 2.601496e-02 4.512274e-02
    endloop
  endfacet
  facet normal -9.010929e-01 3.224162e-01 2.899644e-01
    outer loop
      vertex   -6.280567e-02 2.601496e-02 4.512274e-02
      vertex   -6.412002e-02 2.655938e-02 4.043291e-02
      vertex   -6.505316e-02 1.973366e-02 4.512274e-02
    endloop
  endfacet
  facet normal -6.580016e-02 7.259929e-02 9.951883e-01
    outer loop
      vertex   -5.558728e-02 6.773330e-02 2.548037e-02
      vertex   -5.880445e-02 7.140229e-02 2.500000e-02
      vertex   -6.195864e-02 6.195864e-02 2.548037e-02
    endloop
  endfacet
  facet normal -6.728152e-02 7.308721e-02 9.950535e-01
    outer loop
      vertex   -6.195864e-02 6.195864e-02 2.548037e-02
      vertex   -5.880445e-02 7.140229e-02 2.500000e-02
      vertex   -6.630238e-02 6.449995e-02 2.500000e-02
    endloop
  endfacet
  facet normal -7.192638e-02 6.519027e-02 9.952773e-01
    outer loop
      vertex   -6.195864e-02 6.195864e-02 2.548037e-02
      vertex   -6.630238e-02 6.449995e-02 2.500000e-02
      vertex   -6.773330e-02 5.558728e-02 2.548037e-02
    endloop
  endfacet
  facet normal -7.549267e-02 6.574663e-02 9.949765e-01
    outer loop
      vertex   -6.773330e-02 5.558728e-02 2.548037e-02
      vertex   -6.630238e-02 6.449995e-02 2.500000e-02
      vertex   -7.299550e-02 5.681468e-02 2.500000e-02
    endloop
  endfacet
  facet normal -7.746113e-02 5.744909e-02 9.953388e-01
    outer loop
      vertex   -6.773330e-02 5.558728e-02 2.548037e-02
      vertex   -7.299550e-02 5.681468e-02 2.500000e-02
      vertex   -7.285565e-02 4.868059e-02 2.548037e-02
    endloop
  endfacet
  facet normal -8.268827e-02 5.733477e-02 9.949248e-01
    outer loop
      vertex   -7.285565e-02 4.868059e-02 2.548037e-02
      vertex   -7.299550e-02 5.681468e-02 2.500000e-02
      vertex   -7.880255e-02 4.843974e-02 2.500000e-02
    endloop
  endfacet
  facet normal -8.240285e-02 4.939037e-02 9.953745e-01
    outer loop
      vertex   -7.285565e-02 4.868059e-02 2.548037e-02
      vertex   -7.880255e-02 4.843974e-02 2.500000e-02
      vertex   -7.727636e-02 4.130507e-02 2.548037e-02
    endloop
  endfacet
  facet normal -8.871235e-02 4.800872e-02 9.948996e-01
    outer loop
      vertex   -7.727636e-02 4.130507e-02 2.548037e-02
      vertex   -7.880255e-02 4.843974e-02 2.500000e-02
      vertex   -8.365304e-02 3.947682e-02 2.500000e-02
    endloop
  endfacet
  facet normal -8.674765e-02 4.102858e-02 9.953851e-01
    outer loop
      vertex   -7.727636e-02 4.130507e-02 2.548037e-02
      vertex   -8.365304e-02 3.947682e-02 2.500000e-02
      vertex   -8.095286e-02 3.353177e-02 2.548037e-02
    endloop
  endfacet
  facet normal -9.343752e-02 3.795104e-02 9.949016e-01
    outer loop
      vertex   -8.095286e-02 3.353177e-02 2.548037e-02
      vertex   -8.365304e-02 3.947682e-02 2.500000e-02
      vertex   -8.748809e-02 3.003470e-02 2.500000e-02
    endloop
  endfacet
  facet normal -9.048969e-02 3.237773e-02 9.953709e-01
    outer loop
      vertex   -8.095286e-02 3.353177e-02 2.548037e-02
      vertex   -8.748809e-02 3.003470e-02 2.500000e-02
      vertex   -8.384974e-02 2.543554e-02 2.548037e-02
    endloop
  endfacet
  facet normal -9.676952e-02 2.736381e-02 9.949306e-01
    outer loop
      vertex   -8.384974e-02 2.543554e-02 2.548037e-02
      vertex   -8.748809e-02 3.003470e-02 2.500000e-02
      vertex   -9.026117e-02 2.022800e-02 2.500000e-02
    endloop
  endfacet
  facet normal -9.362143e-02 2.345095e-02 9.953316e-01
    outer loop
      vertex   -8.384974e-02 2.543554e-02 2.548037e-02
      vertex   -9.026117e-02 2.022800e-02 2.500000e-02
      vertex   -8.593910e-02 1.709435e-02 2.548037e-02
    endloop
  endfacet
  facet normal -9.865036e-02 1.646183e-02 9.949860e-01
    outer loop
      vertex   -8.593910e-02 1.709435e-02 2.548037e-02
      vertex   -9.026117e-02 2.022800e-02 2.500000e-02
      vertex   -9.193859e-02 1.017576e-02 2.500000e-02
    endloop
  endfacet
  facet normal -9.613377e-02 1.426010e-02 9.952663e-01
    outer loop
      vertex   -8.593910e-02 1.709435e-02 2.548037e-02
      vertex   -9.193859e-02 1.017576e-02 2.500000e-02
      vertex   -8.720081e-02 8.588531e-03 2.548037e-02
    endloop
  endfacet
  facet normal -9.905992e-02 5.465288e-03 9.950665e-01
    outer loop
      vertex   -8.720081e-02 8.588531e-03 2.548037e-02
      vertex   -9.193859e-02 1.017576e-02 2.500000e-02
      vertex   -9.250000e-02 -1.132798e-17 2.500000e-02
    endloop
  endfacet
  facet normal -9.801600e-02 4.815218e-03 9.951732e-01
    outer loop
      vertex   -8.720081e-02 8.588531e-03 2.548037e-02
      vertex   -9.250000e-02 -1.132798e-17 2.500000e-02
      vertex   -8.762274e-02 -8.048018e-18 2.548037e-02
    endloop
  endfacet
  facet normal 7.724537e-01 3.794821e-02 6.339363e-01
    outer loop
      vertex   7.171326e-02 8.782341e-18 3.611074e-02
      vertex   7.482233e-02 9.163093e-18 3.232233e-02
      vertex   7.136794e-02 7.029129e-03 3.611074e-02
    endloop
  endfacet
  facet normal 7.724537e-01 3.794821e-02 6.339363e-01
    outer loop
      vertex   7.136794e-02 7.029129e-03 3.611074e-02
      vertex   7.482233e-02 9.163093e-18 3.232233e-02
      vertex   7.446204e-02 7.333871e-03 3.232233e-02
    endloop
  endfacet
  facet normal 7.650145e-01 1.134792e-01 6.339363e-01
    outer loop
      vertex   7.136794e-02 7.029129e-03 3.611074e-02
      vertex   7.446204e-02 7.333871e-03 3.232233e-02
      vertex   7.033531e-02 1.399056e-02 3.611074e-02
    endloop
  endfacet
  facet normal 7.650145e-01 1.134792e-01 6.339363e-01
    outer loop
      vertex   7.033531e-02 1.399056e-02 3.611074e-02
      vertex   7.446204e-02 7.333871e-03 3.232233e-02
      vertex   7.338464e-02 1.459711e-02 3.232233e-02
    endloop
  endfacet
  facet normal 7.502078e-01 1.879173e-01 6.339363e-01
    outer loop
      vertex   7.033531e-02 1.399056e-02 3.611074e-02
      vertex   7.338464e-02 1.459711e-02 3.232233e-02
      vertex   6.862531e-02 2.081726e-02 3.611074e-02
    endloop
  endfacet
  facet normal 7.502078e-01 1.879173e-01 6.339363e-01
    outer loop
      vertex   6.862531e-02 2.081726e-02 3.611074e-02
      vertex   7.338464e-02 1.459711e-02 3.232233e-02
      vertex   7.160051e-02 2.171978e-02 3.232233e-02
    endloop
  endfacet
  facet normal 7.281763e-01 2.605456e-01 6.339363e-01
    outer loop
      vertex   6.862531e-02 2.081726e-02 3.611074e-02
      vertex   7.160051e-02 2.171978e-02 3.232233e-02
      vertex   6.625441e-02 2.744348e-02 3.611074e-02
    endloop
  endfacet
  facet normal 6.340854e-01 3.115062e-02 7.726353e-01
    outer loop
      vertex   7.482233e-02 9.163093e-18 3.232233e-02
      vertex   7.861074e-02 9.627040e-18 2.921326e-02
      vertex   7.446204e-02 7.333871e-03 3.232233e-02
    endloop
  endfacet
  facet normal 6.340854e-01 3.115062e-02 7.726353e-01
    outer loop
      vertex   7.446204e-02 7.333871e-03 3.232233e-02
      vertex   7.861074e-02 9.627040e-18 2.921326e-02
      vertex   7.823221e-02 7.705200e-03 2.921326e-02
    endloop
  endfacet
  facet normal 6.279788e-01 9.315186e-02 7.726353e-01
    outer loop
      vertex   7.446204e-02 7.333871e-03 3.232233e-02
      vertex   7.823221e-02 7.705200e-03 2.921326e-02
      vertex   7.338464e-02 1.459711e-02 3.232233e-02
    endloop
  endfacet
  facet normal 6.279788e-01 9.315186e-02 7.726353e-01
    outer loop
      vertex   7.338464e-02 1.459711e-02 3.232233e-02
      vertex   7.823221e-02 7.705200e-03 2.921326e-02
      vertex   7.710026e-02 1.533620e-02 2.921326e-02
    endloop
  endfacet
  facet normal 6.158245e-01 1.542560e-01 7.726353e-01
    outer loop
      vertex   7.338464e-02 1.459711e-02 3.232233e-02
      vertex   7.710026e-02 1.533620e-02 2.921326e-02
      vertex   7.160051e-02 2.171978e-02 3.232233e-02
    endloop
  endfacet
  facet normal 7.724537e-01 -3.794821e-02 6.339363e-01
    outer loop
      vertex   7.171326e-02 8.782341e-18 3.611074e-02
      vertex   7.446204e-02 -7.333871e-03 3.232233e-02
      vertex   7.482233e-02 9.163093e-18 3.232233e-02
    endloop
  endfacet
  facet normal 6.340854e-01 -3.115062e-02 7.726353e-01
    outer loop
      vertex   7.482233e-02 9.163093e-18 3.232233e-02
      vertex   7.446204e-02 -7.333871e-03 3.232233e-02
      vertex   7.823221e-02 -7.705200e-03 2.921326e-02
    endloop
  endfacet
  facet normal 6.340854e-01 -3.115062e-02 7.726353e-01
    outer loop
      vertex   7.482233e-02 9.163093e-18 3.232233e-02
      vertex   7.823221e-02 -7.705200e-03 2.921326e-02
      vertex   7.861074e-02 9.627040e-18 2.921326e-02
    endloop
  endfacet
  facet normal 4.712704e-01 -2.315203e-02 8.816849e-01
    outer loop
      vertex   7.861074e-02 9.627040e-18 2.921326e-02
      vertex   7.823221e-02 -7.705200e-03 2.921326e-02
      vertex   8.253357e-02 -8.128847e-03 2.690301e-02
    endloop
  endfacet
  facet normal 4.712704e-01 -2.315203e-02 8.816849e-01
    outer loop
      vertex   7.861074e-02 9.627040e-18 2.921326e-02
      vertex   8.253357e-02 -8.128847e-03 2.690301e-02
      vertex   8.293291e-02 1.015635e-17 2.690301e-02
    endloop
  endfacet
  facet normal 2.902552e-01 -1.425932e-02 9.568430e-01
    outer loop
      vertex   8.293291e-02 1.015635e-17 2.690301e-02
      vertex   8.253357e-02 -8.128847e-03 2.690301e-02
      vertex   8.720081e-02 -8.588531e-03 2.548037e-02
    endloop
  endfacet
  facet normal 2.902552e-01 -1.425932e-02 9.568430e-01
    outer loop
      vertex   8.293291e-02 1.015635e-17 2.690301e-02
      vertex   8.720081e-02 -8.588531e-03 2.548037e-02
      vertex   8.762274e-02 -1.073069e-17 2.548037e-02
    endloop
  endfacet
  facet normal 4.712704e-01 2.315203e-02 8.816849e-01
    outer loop
      vertex   7.861074e-02 9.627040e-18 2.921326e-02
      vertex   8.293291e-02 1.015635e-17 2.690301e-02
      vertex   7.823221e-02 7.705200e-03 2.921326e-02
    endloop
  endfacet
  facet normal 4.712704e-01 2.315203e-02 8.816849e-01
    outer loop
      vertex   7.823221e-02 7.705200e-03 2.921326e-02
      vertex   8.293291e-02 1.015635e-17 2.690301e-02
      vertex   8.253357e-02 8.128847e-03 2.690301e-02
    endloop
  endfacet
  facet normal 4.667318e-01 6.923312e-02 8.816849e-01
    outer loop
      vertex   7.823221e-02 7.705200e-03 2.921326e-02
      vertex   8.253357e-02 8.128847e-03 2.690301e-02
      vertex   7.710026e-02 1.533620e-02 2.921326e-02
    endloop
  endfacet
  facet normal 2.902552e-01 1.425932e-02 9.568430e-01
    outer loop
      vertex   8.293291e-02 1.015635e-17 2.690301e-02
      vertex   8.762274e-02 -1.073069e-17 2.548037e-02
      vertex   8.253357e-02 8.128847e-03 2.690301e-02
    endloop
  endfacet
  facet normal -9.558846e-01 4.695960e-02 2.899644e-01
    outer loop
      vertex   -6.940301e-02 4.249709e-18 4.043291e-02
      vertex   -6.798037e-02 6.243896e-18 4.512274e-02
      vertex   -6.906882e-02 6.802685e-03 4.043291e-02
    endloop
  endfacet
  facet normal -9.558846e-01 4.695960e-02 2.899644e-01
    outer loop
      vertex   -6.906882e-02 6.802685e-03 4.043291e-02
      vertex   -6.798037e-02 6.243896e-18 4.512274e-02
      vertex   -6.765302e-02 6.663241e-03 4.512274e-02
    endloop
  endfacet
  facet normal -9.466789e-01 1.404266e-01 2.899644e-01
    outer loop
      vertex   -6.906882e-02 6.802685e-03 4.043291e-02
      vertex   -6.765302e-02 6.663241e-03 4.512274e-02
      vertex   -6.806945e-02 1.353986e-02 4.043291e-02
    endloop
  endfacet
  facet normal -9.466789e-01 1.404266e-01 2.899644e-01
    outer loop
      vertex   -6.806945e-02 1.353986e-02 4.043291e-02
      vertex   -6.765302e-02 6.663241e-03 4.512274e-02
      vertex   -6.667414e-02 1.326231e-02 4.512274e-02
    endloop
  endfacet
  facet normal -9.283562e-01 2.325411e-01 2.899644e-01
    outer loop
      vertex   -6.806945e-02 1.353986e-02 4.043291e-02
      vertex   -6.667414e-02 1.326231e-02 4.512274e-02
      vertex   -6.641454e-02 2.014663e-02 4.043291e-02
    endloop
  endfacet
  facet normal -9.283562e-01 2.325411e-01 2.899644e-01
    outer loop
      vertex   -6.641454e-02 2.014663e-02 4.043291e-02
      vertex   -6.667414e-02 1.326231e-02 4.512274e-02
      vertex   -6.505316e-02 1.973366e-02 4.512274e-02
    endloop
  endfacet
  facet normal -9.010929e-01 3.224162e-01 2.899644e-01
    outer loop
      vertex   -6.641454e-02 2.014663e-02 4.043291e-02
      vertex   -6.505316e-02 1.973366e-02 4.512274e-02
      vertex   -6.412002e-02 2.655938e-02 4.043291e-02
    endloop
  endfacet
  facet normal -8.810947e-01 4.328541e-02 4.709549e-01
    outer loop
      vertex   -7.171326e-02 2.195585e-18 3.611074e-02
      vertex   -6.940301e-02 4.249709e-18 4.043291e-02
      vertex   -7.136794e-02 7.029129e-03 3.611074e-02
    endloop
  endfacet
  facet normal -8.810947e-01 4.328541e-02 4.709549e-01
    outer loop
      vertex   -7.136794e-02 7.029129e-03 3.611074e-02
      vertex   -6.940301e-02 4.249709e-18 4.043291e-02
      vertex   -6.906882e-02 6.802685e-03 4.043291e-02
    endloop
  endfacet
  facet normal -8.726093e-01 1.294394e-01 4.709549e-01
    outer loop
      vertex   -7.136794e-02 7.029129e-03 3.611074e-02
      vertex   -6.906882e-02 6.802685e-03 4.043291e-02
      vertex   -7.033531e-02 1.399056e-02 3.611074e-02
    endloop
  endfacet
  facet normal -8.726093e-01 1.294394e-01 4.709549e-01
    outer loop
      vertex   -7.033531e-02 1.399056e-02 3.611074e-02
      vertex   -6.906882e-02 6.802685e-03 4.043291e-02
      vertex   -6.806945e-02 1.353986e-02 4.043291e-02
    endloop
  endfacet
  facet normal -8.557201e-01 2.143467e-01 4.709549e-01
    outer loop
      vertex   -7.033531e-02 1.399056e-02 3.611074e-02
      vertex   -6.806945e-02 1.353986e-02 4.043291e-02
      vertex   -6.862531e-02 2.081726e-02 3.611074e-02
    endloop
  endfacet
  facet normal -8.557201e-01 2.143467e-01 4.709549e-01
    outer loop
      vertex   -6.862531e-02 2.081726e-02 3.611074e-02
      vertex   -6.806945e-02 1.353986e-02 4.043291e-02
      vertex   -6.641454e-02 2.014663e-02 4.043291e-02
    endloop
  endfacet
  facet normal -8.305900e-01 2.971898e-01 4.709549e-01
    outer loop
      vertex   -6.862531e-02 2.081726e-02 3.611074e-02
      vertex   -6.641454e-02 2.014663e-02 4.043291e-02
      vertex   -6.625441e-02 2.744348e-02 3.611074e-02
    endloop
  endfacet
  facet normal -8.305900e-01 2.971898e-01 4.709549e-01
    outer loop
      vertex   -6.625441e-02 2.744348e-02 3.611074e-02
      vertex   -6.641454e-02 2.014663e-02 4.043291e-02
      vertex   -6.412002e-02 2.655938e-02 4.043291e-02
    endloop
  endfacet
  facet normal -7.974607e-01 3.771708e-01 4.709549e-01
    outer loop
      vertex   -6.625441e-02 2.744348e-02 3.611074e-02
      vertex   -6.412002e-02 2.655938e-02 4.043291e-02
      vertex   -6.324545e-02 3.380540e-02 3.611074e-02
    endloop
  endfacet
  facet normal -7.724537e-01 3.794821e-02 6.339363e-01
    outer loop
      vertex   -7.482233e-02 -4.611282e-33 3.232233e-02
      vertex   -7.171326e-02 2.195585e-18 3.611074e-02
      vertex   -7.446204e-02 7.333871e-03 3.232233e-02
    endloop
  endfacet
  facet normal -7.724537e-01 3.794821e-02 6.339363e-01
    outer loop
      vertex   -7.446204e-02 7.333871e-03 3.232233e-02
      vertex   -7.171326e-02 2.195585e-18 3.611074e-02
      vertex   -7.136794e-02 7.029129e-03 3.611074e-02
    endloop
  endfacet
  facet normal -7.650145e-01 1.134792e-01 6.339363e-01
    outer loop
      vertex   -7.446204e-02 7.333871e-03 3.232233e-02
      vertex   -7.136794e-02 7.029129e-03 3.611074e-02
      vertex   -7.338464e-02 1.459711e-02 3.232233e-02
    endloop
  endfacet
  facet normal -7.650145e-01 1.134792e-01 6.339363e-01
    outer loop
      vertex   -7.338464e-02 1.459711e-02 3.232233e-02
      vertex   -7.136794e-02 7.029129e-03 3.611074e-02
      vertex   -7.033531e-02 1.399056e-02 3.611074e-02
    endloop
  endfacet
  facet normal -7.502078e-01 1.879173e-01 6.339363e-01
    outer loop
      vertex   -7.338464e-02 1.459711e-02 3.232233e-02
      vertex   -7.033531e-02 1.399056e-02 3.611074e-02
      vertex   -7.160051e-02 2.171978e-02 3.232233e-02
    endloop
  endfacet
  facet normal -7.502078e-01 1.879173e-01 6.339363e-01
    outer loop
      vertex   -7.160051e-02 2.171978e-02 3.232233e-02
      vertex   -7.033531e-02 1.399056e-02 3.611074e-02
      vertex   -6.862531e-02 2.081726e-02 3.611074e-02
    endloop
  endfacet
  facet normal -7.281763e-01 2.605456e-01 6.339363e-01
    outer loop
      vertex   -7.160051e-02 2.171978e-02 3.232233e-02
      vertex   -6.862531e-02 2.081726e-02 3.611074e-02
      vertex   -6.912682e-02 2.863327e-02 3.232233e-02
    endloop
  endfacet
  facet normal -7.281763e-01 2.605456e-01 6.339363e-01
    outer loop
      vertex   -6.912682e-02 2.863327e-02 3.232233e-02
      vertex   -6.862531e-02 2.081726e-02 3.611074e-02
      vertex   -6.625441e-02 2.744348e-02 3.611074e-02
    endloop
  endfacet
  facet normal -6.991320e-01 3.306648e-01 6.339363e-01
    outer loop
      vertex   -6.912682e-02 2.863327e-02 3.232233e-02
      vertex   -6.625441e-02 2.744348e-02 3.611074e-02
      vertex   -6.598740e-02 3.527100e-02 3.232233e-02
    endloop
  endfacet
  facet normal -6.991320e-01 3.306648e-01 6.339363e-01
    outer loop
      vertex   -6.598740e-02 3.527100e-02 3.232233e-02
      vertex   -6.625441e-02 2.744348e-02 3.611074e-02
      vertex   -6.324545e-02 3.380540e-02 3.611074e-02
    endloop
  endfacet
  facet normal -6.633546e-01 3.975995e-01 6.339363e-01
    outer loop
      vertex   -6.598740e-02 3.527100e-02 3.232233e-02
      vertex   -6.324545e-02 3.380540e-02 3.611074e-02
      vertex   -6.221249e-02 4.156906e-02 3.232233e-02
    endloop
  endfacet
  facet normal -6.340854e-01 3.115062e-02 7.726353e-01
    outer loop
      vertex   -7.861074e-02 -2.406760e-18 2.921326e-02
      vertex   -7.482233e-02 -4.611282e-33 3.232233e-02
      vertex   -7.823221e-02 7.705200e-03 2.921326e-02
    endloop
  endfacet
  facet normal -6.340854e-01 3.115062e-02 7.726353e-01
    outer loop
      vertex   -7.823221e-02 7.705200e-03 2.921326e-02
      vertex   -7.482233e-02 -4.611282e-33 3.232233e-02
      vertex   -7.446204e-02 7.333871e-03 3.232233e-02
    endloop
  endfacet
  facet normal -6.279788e-01 9.315186e-02 7.726353e-01
    outer loop
      vertex   -7.823221e-02 7.705200e-03 2.921326e-02
      vertex   -7.446204e-02 7.333871e-03 3.232233e-02
      vertex   -7.710026e-02 1.533620e-02 2.921326e-02
    endloop
  endfacet
  facet normal -6.279788e-01 9.315186e-02 7.726353e-01
    outer loop
      vertex   -7.710026e-02 1.533620e-02 2.921326e-02
      vertex   -7.446204e-02 7.333871e-03 3.232233e-02
      vertex   -7.338464e-02 1.459711e-02 3.232233e-02
    endloop
  endfacet
  facet normal -6.158245e-01 1.542560e-01 7.726353e-01
    outer loop
      vertex   -7.710026e-02 1.533620e-02 2.921326e-02
      vertex   -7.338464e-02 1.459711e-02 3.232233e-02
      vertex   -7.522579e-02 2.281949e-02 2.921326e-02
    endloop
  endfacet
  facet normal -6.158245e-01 1.542560e-01 7.726353e-01
    outer loop
      vertex   -7.522579e-02 2.281949e-02 2.921326e-02
      vertex   -7.338464e-02 1.459711e-02 3.232233e-02
      vertex   -7.160051e-02 2.171978e-02 3.232233e-02
    endloop
  endfacet
  facet normal -5.977394e-01 2.138746e-01 7.726353e-01
    outer loop
      vertex   -7.522579e-02 2.281949e-02 2.921326e-02
      vertex   -7.160051e-02 2.171978e-02 3.232233e-02
      vertex   -7.262686e-02 3.008303e-02 2.921326e-02
    endloop
  endfacet
  facet normal -5.977394e-01 2.138746e-01 7.726353e-01
    outer loop
      vertex   -7.262686e-02 3.008303e-02 2.921326e-02
      vertex   -7.160051e-02 2.171978e-02 3.232233e-02
      vertex   -6.912682e-02 2.863327e-02 3.232233e-02
    endloop
  endfacet
  facet normal -5.738977e-01 2.714334e-01 7.726353e-01
    outer loop
      vertex   -7.262686e-02 3.008303e-02 2.921326e-02
      vertex   -6.912682e-02 2.863327e-02 3.232233e-02
      vertex   -6.932849e-02 3.705685e-02 2.921326e-02
    endloop
  endfacet
  facet normal -5.738977e-01 2.714334e-01 7.726353e-01
    outer loop
      vertex   -6.932849e-02 3.705685e-02 2.921326e-02
      vertex   -6.912682e-02 2.863327e-02 3.232233e-02
      vertex   -6.598740e-02 3.527100e-02 3.232233e-02
    endloop
  endfacet
  facet normal -5.445291e-01 3.263782e-01 7.726353e-01
    outer loop
      vertex   -6.932849e-02 3.705685e-02 2.921326e-02
      vertex   -6.598740e-02 3.527100e-02 3.232233e-02
      vertex   -6.536244e-02 4.367379e-02 2.921326e-02
    endloop
  endfacet
  facet normal -5.445291e-01 3.263782e-01 7.726353e-01
    outer loop
      vertex   -6.536244e-02 4.367379e-02 2.921326e-02
      vertex   -6.598740e-02 3.527100e-02 3.232233e-02
      vertex   -6.221249e-02 4.156906e-02 3.232233e-02
    endloop
  endfacet
  facet normal -5.099164e-01 3.781798e-01 7.726353e-01
    outer loop
      vertex   -6.536244e-02 4.367379e-02 2.921326e-02
      vertex   -6.221249e-02 4.156906e-02 3.232233e-02
      vertex   -6.076693e-02 4.987013e-02 2.921326e-02
    endloop
  endfacet
  facet normal -4.712704e-01 2.315203e-02 8.816849e-01
    outer loop
      vertex   -8.293291e-02 -5.078176e-18 2.690301e-02
      vertex   -7.861074e-02 -2.406760e-18 2.921326e-02
      vertex   -8.253357e-02 8.128847e-03 2.690301e-02
    endloop
  endfacet
  facet normal -4.712704e-01 2.315203e-02 8.816849e-01
    outer loop
      vertex   -8.253357e-02 8.128847e-03 2.690301e-02
      vertex   -7.861074e-02 -2.406760e-18 2.921326e-02
      vertex   -7.823221e-02 7.705200e-03 2.921326e-02
    endloop
  endfacet
  facet normal -4.667318e-01 6.923312e-02 8.816849e-01
    outer loop
      vertex   -8.253357e-02 8.128847e-03 2.690301e-02
      vertex   -7.823221e-02 7.705200e-03 2.921326e-02
      vertex   -8.133938e-02 1.617941e-02 2.690301e-02
    endloop
  endfacet
  facet normal -4.667318e-01 6.923312e-02 8.816849e-01
    outer loop
      vertex   -8.133938e-02 1.617941e-02 2.690301e-02
      vertex   -7.823221e-02 7.705200e-03 2.921326e-02
      vertex   -7.710026e-02 1.533620e-02 2.921326e-02
    endloop
  endfacet
  facet normal -4.576983e-01 1.146475e-01 8.816849e-01
    outer loop
      vertex   -8.133938e-02 1.617941e-02 2.690301e-02
      vertex   -7.710026e-02 1.533620e-02 2.921326e-02
      vertex   -7.936185e-02 2.407415e-02 2.690301e-02
    endloop
  endfacet
  facet normal -4.576983e-01 1.146475e-01 8.816849e-01
    outer loop
      vertex   -7.936185e-02 2.407415e-02 2.690301e-02
      vertex   -7.710026e-02 1.533620e-02 2.921326e-02
      vertex   -7.522579e-02 2.281949e-02 2.921326e-02
    endloop
  endfacet
  facet normal -4.442570e-01 1.589577e-01 8.816849e-01
    outer loop
      vertex   -7.936185e-02 2.407415e-02 2.690301e-02
      vertex   -7.522579e-02 2.281949e-02 2.921326e-02
      vertex   -7.662002e-02 3.173705e-02 2.690301e-02
    endloop
  endfacet
  facet normal -4.442570e-01 1.589577e-01 8.816849e-01
    outer loop
      vertex   -7.662002e-02 3.173705e-02 2.690301e-02
      vertex   -7.522579e-02 2.281949e-02 2.921326e-02
      vertex   -7.262686e-02 3.008303e-02 2.921326e-02
    endloop
  endfacet
  facet normal -4.265372e-01 2.017371e-01 8.816849e-01
    outer loop
      vertex   -7.662002e-02 3.173705e-02 2.690301e-02
      vertex   -7.262686e-02 3.008303e-02 2.921326e-02
      vertex   -7.314030e-02 3.909431e-02 2.690301e-02
    endloop
  endfacet
  facet normal -4.265372e-01 2.017371e-01 8.816849e-01
    outer loop
      vertex   -7.314030e-02 3.909431e-02 2.690301e-02
      vertex   -7.262686e-02 3.008303e-02 2.921326e-02
      vertex   -6.932849e-02 3.705685e-02 2.921326e-02
    endloop
  endfacet
  facet normal -4.047096e-01 2.425736e-01 8.816849e-01
    outer loop
      vertex   -7.314030e-02 3.909431e-02 2.690301e-02
      vertex   -6.932849e-02 3.705685e-02 2.921326e-02
      vertex   -6.895620e-02 4.607506e-02 2.690301e-02
    endloop
  endfacet
  facet normal -4.047096e-01 2.425736e-01 8.816849e-01
    outer loop
      vertex   -6.895620e-02 4.607506e-02 2.690301e-02
      vertex   -6.932849e-02 3.705685e-02 2.921326e-02
      vertex   -6.536244e-02 4.367379e-02 2.921326e-02
    endloop
  endfacet
  facet normal -3.789844e-01 2.810740e-01 8.816849e-01
    outer loop
      vertex   -6.895620e-02 4.607506e-02 2.690301e-02
      vertex   -6.536244e-02 4.367379e-02 2.921326e-02
      vertex   -6.410801e-02 5.261208e-02 2.690301e-02
    endloop
  endfacet
  facet normal -3.789844e-01 2.810740e-01 8.816849e-01
    outer loop
      vertex   -6.410801e-02 5.261208e-02 2.690301e-02
      vertex   -6.536244e-02 4.367379e-02 2.921326e-02
      vertex   -6.076693e-02 4.987013e-02 2.921326e-02
    endloop
  endfacet
  facet normal -3.496094e-01 3.168675e-01 8.816849e-01
    outer loop
      vertex   -6.410801e-02 5.261208e-02 2.690301e-02
      vertex   -6.076693e-02 4.987013e-02 2.921326e-02
      vertex   -5.864243e-02 5.864243e-02 2.690301e-02
    endloop
  endfacet
  facet normal -2.902552e-01 1.425932e-02 9.568430e-01
    outer loop
      vertex   -8.762274e-02 -8.048018e-18 2.548037e-02
      vertex   -8.293291e-02 -5.078176e-18 2.690301e-02
      vertex   -8.720081e-02 8.588531e-03 2.548037e-02
    endloop
  endfacet
  facet normal -2.902552e-01 1.425932e-02 9.568430e-01
    outer loop
      vertex   -8.720081e-02 8.588531e-03 2.548037e-02
      vertex   -8.293291e-02 -5.078176e-18 2.690301e-02
      vertex   -8.253357e-02 8.128847e-03 2.690301e-02
    endloop
  endfacet
  facet normal -2.874598e-01 4.264064e-02 9.568430e-01
    outer loop
      vertex   -8.720081e-02 8.588531e-03 2.548037e-02
      vertex   -8.253357e-02 8.128847e-03 2.690301e-02
      vertex   -8.593910e-02 1.709435e-02 2.548037e-02
    endloop
  endfacet
  facet normal -2.874598e-01 4.264064e-02 9.568430e-01
    outer loop
      vertex   -8.593910e-02 1.709435e-02 2.548037e-02
      vertex   -8.253357e-02 8.128847e-03 2.690301e-02
      vertex   -8.133938e-02 1.617941e-02 2.690301e-02
    endloop
  endfacet
  facet normal -2.818961e-01 7.061131e-02 9.568430e-01
    outer loop
      vertex   -8.593910e-02 1.709435e-02 2.548037e-02
      vertex   -8.133938e-02 1.617941e-02 2.690301e-02
      vertex   -8.384974e-02 2.543554e-02 2.548037e-02
    endloop
  endfacet
  facet normal -2.818961e-01 7.061131e-02 9.568430e-01
    outer loop
      vertex   -8.384974e-02 2.543554e-02 2.548037e-02
      vertex   -8.133938e-02 1.617941e-02 2.690301e-02
      vertex   -7.936185e-02 2.407415e-02 2.690301e-02
    endloop
  endfacet
  facet normal -2.736176e-01 9.790195e-02 9.568430e-01
    outer loop
      vertex   -8.384974e-02 2.543554e-02 2.548037e-02
      vertex   -7.936185e-02 2.407415e-02 2.690301e-02
      vertex   -8.095286e-02 3.353177e-02 2.548037e-02
    endloop
  endfacet
  facet normal -2.736176e-01 9.790195e-02 9.568430e-01
    outer loop
      vertex   -8.095286e-02 3.353177e-02 2.548037e-02
      vertex   -7.936185e-02 2.407415e-02 2.690301e-02
      vertex   -7.662002e-02 3.173705e-02 2.690301e-02
    endloop
  endfacet
  facet normal -2.627040e-01 1.242497e-01 9.568430e-01
    outer loop
      vertex   -8.095286e-02 3.353177e-02 2.548037e-02
      vertex   -7.662002e-02 3.173705e-02 2.690301e-02
      vertex   -7.727636e-02 4.130507e-02 2.548037e-02
    endloop
  endfacet
  facet normal -2.627040e-01 1.242497e-01 9.568430e-01
    outer loop
      vertex   -7.727636e-02 4.130507e-02 2.548037e-02
      vertex   -7.662002e-02 3.173705e-02 2.690301e-02
      vertex   -7.314030e-02 3.909431e-02 2.690301e-02
    endloop
  endfacet
  facet normal -2.492604e-01 1.494009e-01 9.568430e-01
    outer loop
      vertex   -7.727636e-02 4.130507e-02 2.548037e-02
      vertex   -7.314030e-02 3.909431e-02 2.690301e-02
      vertex   -7.285565e-02 4.868059e-02 2.548037e-02
    endloop
  endfacet
  facet normal -2.492604e-01 1.494009e-01 9.568430e-01
    outer loop
      vertex   -7.285565e-02 4.868059e-02 2.548037e-02
      vertex   -7.314030e-02 3.909431e-02 2.690301e-02
      vertex   -6.895620e-02 4.607506e-02 2.690301e-02
    endloop
  endfacet
  facet normal -2.334163e-01 1.731133e-01 9.568430e-01
    outer loop
      vertex   -7.285565e-02 4.868059e-02 2.548037e-02
      vertex   -6.895620e-02 4.607506e-02 2.690301e-02
      vertex   -6.773330e-02 5.558728e-02 2.548037e-02
    endloop
  endfacet
  facet normal -2.334163e-01 1.731133e-01 9.568430e-01
    outer loop
      vertex   -6.773330e-02 5.558728e-02 2.548037e-02
      vertex   -6.895620e-02 4.607506e-02 2.690301e-02
      vertex   -6.410801e-02 5.261208e-02 2.690301e-02
    endloop
  endfacet
  facet normal -2.153243e-01 1.951585e-01 9.568430e-01
    outer loop
      vertex   -6.773330e-02 5.558728e-02 2.548037e-02
      vertex   -6.410801e-02 5.261208e-02 2.690301e-02
      vertex   -6.195864e-02 6.195864e-02 2.548037e-02
    endloop
  endfacet
  facet normal -2.153243e-01 1.951585e-01 9.568430e-01
    outer loop
      vertex   -6.195864e-02 6.195864e-02 2.548037e-02
      vertex   -6.410801e-02 5.261208e-02 2.690301e-02
      vertex   -5.864243e-02 5.864243e-02 2.690301e-02
    endloop
  endfacet
  facet normal -1.951585e-01 2.153243e-01 9.568430e-01
    outer loop
      vertex   -6.195864e-02 6.195864e-02 2.548037e-02
      vertex   -5.864243e-02 5.864243e-02 2.690301e-02
      vertex   -5.558728e-02 6.773330e-02 2.548037e-02
    endloop
  endfacet
  facet normal -5.701065e-01 7.686997e-01 2.899644e-01
    outer loop
      vertex   -4.312629e-02 5.254954e-02 4.512274e-02
      vertex   -3.776787e-02 5.652361e-02 4.512274e-02
      vertex   -3.855825e-02 5.770650e-02 4.043291e-02
    endloop
  endfacet
  facet normal -4.920156e-01 8.208784e-01 2.899644e-01
    outer loop
      vertex   -3.855825e-02 5.770650e-02 4.043291e-02
      vertex   -3.776787e-02 5.652361e-02 4.512274e-02
      vertex   -3.271635e-02 6.120799e-02 4.043291e-02
    endloop
  endfacet
  facet normal -4.535195e-01 7.566515e-01 4.709549e-01
    outer loop
      vertex   -3.855825e-02 5.770650e-02 4.043291e-02
      vertex   -3.271635e-02 6.120799e-02 4.043291e-02
      vertex   -3.380540e-02 6.324545e-02 3.611074e-02
    endloop
  endfacet
  facet normal -3.771708e-01 7.974607e-01 4.709549e-01
    outer loop
      vertex   -3.380540e-02 6.324545e-02 3.611074e-02
      vertex   -3.271635e-02 6.120799e-02 4.043291e-02
      vertex   -2.744348e-02 6.625441e-02 3.611074e-02
    endloop
  endfacet
  facet normal -3.306648e-01 6.991320e-01 6.339363e-01
    outer loop
      vertex   -3.380540e-02 6.324545e-02 3.611074e-02
      vertex   -2.744348e-02 6.625441e-02 3.611074e-02
      vertex   -2.863327e-02 6.912682e-02 3.232233e-02
    endloop
  endfacet
  facet normal -2.605456e-01 7.281763e-01 6.339363e-01
    outer loop
      vertex   -2.863327e-02 6.912682e-02 3.232233e-02
      vertex   -2.744348e-02 6.625441e-02 3.611074e-02
      vertex   -2.171978e-02 7.160051e-02 3.232233e-02
    endloop
  endfacet
  facet normal -2.138746e-01 5.977394e-01 7.726353e-01
    outer loop
      vertex   -2.863327e-02 6.912682e-02 3.232233e-02
      vertex   -2.171978e-02 7.160051e-02 3.232233e-02
      vertex   -2.281949e-02 7.522579e-02 2.921326e-02
    endloop
  endfacet
  facet normal -1.542560e-01 6.158245e-01 7.726353e-01
    outer loop
      vertex   -2.281949e-02 7.522579e-02 2.921326e-02
      vertex   -2.171978e-02 7.160051e-02 3.232233e-02
      vertex   -1.533620e-02 7.710026e-02 2.921326e-02
    endloop
  endfacet
  facet normal -1.146475e-01 4.576983e-01 8.816849e-01
    outer loop
      vertex   -2.281949e-02 7.522579e-02 2.921326e-02
      vertex   -1.533620e-02 7.710026e-02 2.921326e-02
      vertex   -1.617941e-02 8.133938e-02 2.690301e-02
    endloop
  endfacet
  facet normal -6.923312e-02 4.667318e-01 8.816849e-01
    outer loop
      vertex   -1.617941e-02 8.133938e-02 2.690301e-02
      vertex   -1.533620e-02 7.710026e-02 2.921326e-02
      vertex   -8.128847e-03 8.253357e-02 2.690301e-02
    endloop
  endfacet
  facet normal -4.264064e-02 2.874598e-01 9.568430e-01
    outer loop
      vertex   -1.617941e-02 8.133938e-02 2.690301e-02
      vertex   -8.128847e-03 8.253357e-02 2.690301e-02
      vertex   -8.588531e-03 8.720081e-02 2.548037e-02
    endloop
  endfacet
  facet normal -1.425932e-02 2.902552e-01 9.568430e-01
    outer loop
      vertex   -8.588531e-03 8.720081e-02 2.548037e-02
      vertex   -8.128847e-03 8.253357e-02 2.690301e-02
      vertex   -5.365346e-18 8.762274e-02 2.548037e-02
    endloop
  endfacet
  facet normal -4.920156e-01 8.208784e-01 2.899644e-01
    outer loop
      vertex   -3.776787e-02 5.652361e-02 4.512274e-02
      vertex   -3.204572e-02 5.995333e-02 4.512274e-02
      vertex   -3.271635e-02 6.120799e-02 4.043291e-02
    endloop
  endfacet
  facet normal -4.091862e-01 8.651516e-01 2.899644e-01
    outer loop
      vertex   -3.271635e-02 6.120799e-02 4.043291e-02
      vertex   -3.204572e-02 5.995333e-02 4.512274e-02
      vertex   -2.655938e-02 6.412002e-02 4.043291e-02
    endloop
  endfacet
  facet normal -3.771708e-01 7.974607e-01 4.709549e-01
    outer loop
      vertex   -3.271635e-02 6.120799e-02 4.043291e-02
      vertex   -2.655938e-02 6.412002e-02 4.043291e-02
      vertex   -2.744348e-02 6.625441e-02 3.611074e-02
    endloop
  endfacet
  facet normal -2.971898e-01 8.305900e-01 4.709549e-01
    outer loop
      vertex   -2.744348e-02 6.625441e-02 3.611074e-02
      vertex   -2.655938e-02 6.412002e-02 4.043291e-02
      vertex   -2.081726e-02 6.862531e-02 3.611074e-02
    endloop
  endfacet
  facet normal -2.605456e-01 7.281763e-01 6.339363e-01
    outer loop
      vertex   -2.744348e-02 6.625441e-02 3.611074e-02
      vertex   -2.081726e-02 6.862531e-02 3.611074e-02
      vertex   -2.171978e-02 7.160051e-02 3.232233e-02
    endloop
  endfacet
  facet normal -1.879173e-01 7.502078e-01 6.339363e-01
    outer loop
      vertex   -2.171978e-02 7.160051e-02 3.232233e-02
      vertex   -2.081726e-02 6.862531e-02 3.611074e-02
      vertex   -1.459711e-02 7.338464e-02 3.232233e-02
    endloop
  endfacet
  facet normal -1.542560e-01 6.158245e-01 7.726353e-01
    outer loop
      vertex   -2.171978e-02 7.160051e-02 3.232233e-02
      vertex   -1.459711e-02 7.338464e-02 3.232233e-02
      vertex   -1.533620e-02 7.710026e-02 2.921326e-02
    endloop
  endfacet
  facet normal -9.315186e-02 6.279788e-01 7.726353e-01
    outer loop
      vertex   -1.533620e-02 7.710026e-02 2.921326e-02
      vertex   -1.459711e-02 7.338464e-02 3.232233e-02
      vertex   -7.705200e-03 7.823221e-02 2.921326e-02
    endloop
  endfacet
  facet normal -6.923312e-02 4.667318e-01 8.816849e-01
    outer loop
      vertex   -1.533620e-02 7.710026e-02 2.921326e-02
      vertex   -7.705200e-03 7.823221e-02 2.921326e-02
      vertex   -8.128847e-03 8.253357e-02 2.690301e-02
    endloop
  endfacet
  facet normal -2.315203e-02 4.712704e-01 8.816849e-01
    outer loop
      vertex   -8.128847e-03 8.253357e-02 2.690301e-02
      vertex   -7.705200e-03 7.823221e-02 2.921326e-02
      vertex   -5.078176e-18 8.293291e-02 2.690301e-02
    endloop
  endfacet
  facet normal -1.425932e-02 2.902552e-01 9.568430e-01
    outer loop
      vertex   -8.128847e-03 8.253357e-02 2.690301e-02
      vertex   -5.078176e-18 8.293291e-02 2.690301e-02
      vertex   -5.365346e-18 8.762274e-02 2.548037e-02
    endloop
  endfacet
  facet normal 1.425932e-02 2.902552e-01 9.568430e-01
    outer loop
      vertex   -5.365346e-18 8.762274e-02 2.548037e-02
      vertex   -5.078176e-18 8.293291e-02 2.690301e-02
      vertex   8.588531e-03 8.720081e-02 2.548037e-02
    endloop
  endfacet
  facet normal -4.091862e-01 8.651516e-01 2.899644e-01
    outer loop
      vertex   -3.204572e-02 5.995333e-02 4.512274e-02
      vertex   -2.601496e-02 6.280567e-02 4.512274e-02
      vertex   -2.655938e-02 6.412002e-02 4.043291e-02
    endloop
  endfacet
  facet normal -3.224162e-01 9.010929e-01 2.899644e-01
    outer loop
      vertex   -2.655938e-02 6.412002e-02 4.043291e-02
      vertex   -2.601496e-02 6.280567e-02 4.512274e-02
      vertex   -2.014663e-02 6.641454e-02 4.043291e-02
    endloop
  endfacet
  facet normal -2.971898e-01 8.305900e-01 4.709549e-01
    outer loop
      vertex   -2.655938e-02 6.412002e-02 4.043291e-02
      vertex   -2.014663e-02 6.641454e-02 4.043291e-02
      vertex   -2.081726e-02 6.862531e-02 3.611074e-02
    endloop
  endfacet
  facet normal -2.143467e-01 8.557201e-01 4.709549e-01
    outer loop
      vertex   -2.081726e-02 6.862531e-02 3.611074e-02
      vertex   -2.014663e-02 6.641454e-02 4.043291e-02
      vertex   -1.399056e-02 7.033531e-02 3.611074e-02
    endloop
  endfacet
  facet normal -1.879173e-01 7.502078e-01 6.339363e-01
    outer loop
      vertex   -2.081726e-02 6.862531e-02 3.611074e-02
      vertex   -1.399056e-02 7.033531e-02 3.611074e-02
      vertex   -1.459711e-02 7.338464e-02 3.232233e-02
    endloop
  endfacet
  facet normal -1.134792e-01 7.650145e-01 6.339363e-01
    outer loop
      vertex   -1.459711e-02 7.338464e-02 3.232233e-02
      vertex   -1.399056e-02 7.033531e-02 3.611074e-02
      vertex   -7.333871e-03 7.446204e-02 3.232233e-02
    endloop
  endfacet
  facet normal -9.315186e-02 6.279788e-01 7.726353e-01
    outer loop
      vertex   -1.459711e-02 7.338464e-02 3.232233e-02
      vertex   -7.333871e-03 7.446204e-02 3.232233e-02
      vertex   -7.705200e-03 7.823221e-02 2.921326e-02
    endloop
  endfacet
  facet normal -3.115062e-02 6.340854e-01 7.726353e-01
    outer loop
      vertex   -7.705200e-03 7.823221e-02 2.921326e-02
      vertex   -7.333871e-03 7.446204e-02 3.232233e-02
      vertex   -4.813520e-18 7.861074e-02 2.921326e-02
    endloop
  endfacet
  facet normal -2.315203e-02 4.712704e-01 8.816849e-01
    outer loop
      vertex   -7.705200e-03 7.823221e-02 2.921326e-02
      vertex   -4.813520e-18 7.861074e-02 2.921326e-02
      vertex   -5.078176e-18 8.293291e-02 2.690301e-02
    endloop
  endfacet
  facet normal 2.315203e-02 4.712704e-01 8.816849e-01
    outer loop
      vertex   -5.078176e-18 8.293291e-02 2.690301e-02
      vertex   -4.813520e-18 7.861074e-02 2.921326e-02
      vertex   8.128847e-03 8.253357e-02 2.690301e-02
    endloop
  endfacet
  facet normal 1.425932e-02 2.902552e-01 9.568430e-01
    outer loop
      vertex   -5.078176e-18 8.293291e-02 2.690301e-02
      vertex   8.128847e-03 8.253357e-02 2.690301e-02
      vertex   8.588531e-03 8.720081e-02 2.548037e-02
    endloop
  endfacet
  facet normal 4.264064e-02 2.874598e-01 9.568430e-01
    outer loop
      vertex   8.588531e-03 8.720081e-02 2.548037e-02
      vertex   8.128847e-03 8.253357e-02 2.690301e-02
      vertex   1.709435e-02 8.593910e-02 2.548037e-02
    endloop
  endfacet
  facet normal -2.325411e-01 9.283562e-01 2.899644e-01
    outer loop
      vertex   -1.973366e-02 6.505316e-02 4.512274e-02
      vertex   -1.353986e-02 6.806945e-02 4.043291e-02
      vertex   -2.014663e-02 6.641454e-02 4.043291e-02
    endloop
  endfacet
  facet normal -2.143467e-01 8.557201e-01 4.709549e-01
    outer loop
      vertex   -2.014663e-02 6.641454e-02 4.043291e-02
      vertex   -1.353986e-02 6.806945e-02 4.043291e-02
      vertex   -1.399056e-02 7.033531e-02 3.611074e-02
    endloop
  endfacet
  facet normal -1.134792e-01 7.650145e-01 6.339363e-01
    outer loop
      vertex   -7.333871e-03 7.446204e-02 3.232233e-02
      vertex   -1.399056e-02 7.033531e-02 3.611074e-02
      vertex   -7.029129e-03 7.136794e-02 3.611074e-02
    endloop
  endfacet
  facet normal -1.294394e-01 8.726093e-01 4.709549e-01
    outer loop
      vertex   -7.029129e-03 7.136794e-02 3.611074e-02
      vertex   -1.399056e-02 7.033531e-02 3.611074e-02
      vertex   -1.353986e-02 6.806945e-02 4.043291e-02
    endloop
  endfacet
  facet normal -3.224162e-01 9.010929e-01 2.899644e-01
    outer loop
      vertex   -2.601496e-02 6.280567e-02 4.512274e-02
      vertex   -1.973366e-02 6.505316e-02 4.512274e-02
      vertex   -2.014663e-02 6.641454e-02 4.043291e-02
    endloop
  endfacet
  facet normal -3.115062e-02 6.340854e-01 7.726353e-01
    outer loop
      vertex   -4.813520e-18 7.861074e-02 2.921326e-02
      vertex   -7.333871e-03 7.446204e-02 3.232233e-02
      vertex   -4.581546e-18 7.482233e-02 3.232233e-02
    endloop
  endfacet
  facet normal -3.794821e-02 7.724537e-01 6.339363e-01
    outer loop
      vertex   -4.581546e-18 7.482233e-02 3.232233e-02
      vertex   -7.333871e-03 7.446204e-02 3.232233e-02
      vertex   -7.029129e-03 7.136794e-02 3.611074e-02
    endloop
  endfacet
  facet normal 2.315203e-02 4.712704e-01 8.816849e-01
    outer loop
      vertex   8.128847e-03 8.253357e-02 2.690301e-02
      vertex   -4.813520e-18 7.861074e-02 2.921326e-02
      vertex   7.705200e-03 7.823221e-02 2.921326e-02
    endloop
  endfacet
  facet normal 3.115062e-02 6.340854e-01 7.726353e-01
    outer loop
      vertex   7.705200e-03 7.823221e-02 2.921326e-02
      vertex   -4.813520e-18 7.861074e-02 2.921326e-02
      vertex   -4.581546e-18 7.482233e-02 3.232233e-02
    endloop
  endfacet
  facet normal 4.264064e-02 2.874598e-01 9.568430e-01
    outer loop
      vertex   1.709435e-02 8.593910e-02 2.548037e-02
      vertex   8.128847e-03 8.253357e-02 2.690301e-02
      vertex   1.617941e-02 8.133938e-02 2.690301e-02
    endloop
  endfacet
  facet normal 6.923312e-02 4.667318e-01 8.816849e-01
    outer loop
      vertex   1.617941e-02 8.133938e-02 2.690301e-02
      vertex   8.128847e-03 8.253357e-02 2.690301e-02
      vertex   7.705200e-03 7.823221e-02 2.921326e-02
    endloop
  endfacet
  facet normal 3.224162e-01 9.010929e-01 2.899644e-01
    outer loop
      vertex   2.014663e-02 6.641454e-02 4.043291e-02
      vertex   1.973366e-02 6.505316e-02 4.512274e-02
      vertex   2.655938e-02 6.412002e-02 4.043291e-02
    endloop
  endfacet
  facet normal 3.224162e-01 9.010929e-01 2.899644e-01
    outer loop
      vertex   2.655938e-02 6.412002e-02 4.043291e-02
      vertex   1.973366e-02 6.505316e-02 4.512274e-02
      vertex   2.601496e-02 6.280567e-02 4.512274e-02
    endloop
  endfacet
  facet normal 4.091862e-01 8.651516e-01 2.899644e-01
    outer loop
      vertex   2.655938e-02 6.412002e-02 4.043291e-02
      vertex   2.601496e-02 6.280567e-02 4.512274e-02
      vertex   3.271635e-02 6.120799e-02 4.043291e-02
    endloop
  endfacet
  facet normal 4.091862e-01 8.651516e-01 2.899644e-01
    outer loop
      vertex   3.271635e-02 6.120799e-02 4.043291e-02
      vertex   2.601496e-02 6.280567e-02 4.512274e-02
      vertex   3.204572e-02 5.995333e-02 4.512274e-02
    endloop
  endfacet
  facet normal 4.920156e-01 8.208784e-01 2.899644e-01
    outer loop
      vertex   3.271635e-02 6.120799e-02 4.043291e-02
      vertex   3.204572e-02 5.995333e-02 4.512274e-02
      vertex   3.855825e-02 5.770650e-02 4.043291e-02
    endloop
  endfacet
  facet normal 2.971898e-01 8.305900e-01 4.709549e-01
    outer loop
      vertex   2.081726e-02 6.862531e-02 3.611074e-02
      vertex   2.014663e-02 6.641454e-02 4.043291e-02
      vertex   2.744348e-02 6.625441e-02 3.611074e-02
    endloop
  endfacet
  facet normal 2.971898e-01 8.305900e-01 4.709549e-01
    outer loop
      vertex   2.744348e-02 6.625441e-02 3.611074e-02
      vertex   2.014663e-02 6.641454e-02 4.043291e-02
      vertex   2.655938e-02 6.412002e-02 4.043291e-02
    endloop
  endfacet
  facet normal 3.771708e-01 7.974607e-01 4.709549e-01
    outer loop
      vertex   2.744348e-02 6.625441e-02 3.611074e-02
      vertex   2.655938e-02 6.412002e-02 4.043291e-02
      vertex   3.380540e-02 6.324545e-02 3.611074e-02
    endloop
  endfacet
  facet normal 3.771708e-01 7.974607e-01 4.709549e-01
    outer loop
      vertex   3.380540e-02 6.324545e-02 3.611074e-02
      vertex   2.655938e-02 6.412002e-02 4.043291e-02
      vertex   3.271635e-02 6.120799e-02 4.043291e-02
    endloop
  endfacet
  facet normal 4.535195e-01 7.566515e-01 4.709549e-01
    outer loop
      vertex   3.380540e-02 6.324545e-02 3.611074e-02
      vertex   3.271635e-02 6.120799e-02 4.043291e-02
      vertex   3.984175e-02 5.962740e-02 3.611074e-02
    endloop
  endfacet
  facet normal 4.535195e-01 7.566515e-01 4.709549e-01
    outer loop
      vertex   3.984175e-02 5.962740e-02 3.611074e-02
      vertex   3.271635e-02 6.120799e-02 4.043291e-02
      vertex   3.855825e-02 5.770650e-02 4.043291e-02
    endloop
  endfacet
  facet normal 5.255005e-01 7.085554e-01 4.709549e-01
    outer loop
      vertex   3.984175e-02 5.962740e-02 3.611074e-02
      vertex   3.855825e-02 5.770650e-02 4.043291e-02
      vertex   4.549441e-02 5.543510e-02 3.611074e-02
    endloop
  endfacet
  facet normal 2.605456e-01 7.281763e-01 6.339363e-01
    outer loop
      vertex   2.171978e-02 7.160051e-02 3.232233e-02
      vertex   2.081726e-02 6.862531e-02 3.611074e-02
      vertex   2.863327e-02 6.912682e-02 3.232233e-02
    endloop
  endfacet
  facet normal 2.605456e-01 7.281763e-01 6.339363e-01
    outer loop
      vertex   2.863327e-02 6.912682e-02 3.232233e-02
      vertex   2.081726e-02 6.862531e-02 3.611074e-02
      vertex   2.744348e-02 6.625441e-02 3.611074e-02
    endloop
  endfacet
  facet normal 3.306648e-01 6.991320e-01 6.339363e-01
    outer loop
      vertex   2.863327e-02 6.912682e-02 3.232233e-02
      vertex   2.744348e-02 6.625441e-02 3.611074e-02
      vertex   3.527100e-02 6.598740e-02 3.232233e-02
    endloop
  endfacet
  facet normal 3.306648e-01 6.991320e-01 6.339363e-01
    outer loop
      vertex   3.527100e-02 6.598740e-02 3.232233e-02
      vertex   2.744348e-02 6.625441e-02 3.611074e-02
      vertex   3.380540e-02 6.324545e-02 3.611074e-02
    endloop
  endfacet
  facet normal 3.975995e-01 6.633546e-01 6.339363e-01
    outer loop
      vertex   3.527100e-02 6.598740e-02 3.232233e-02
      vertex   3.380540e-02 6.324545e-02 3.611074e-02
      vertex   4.156906e-02 6.221249e-02 3.232233e-02
    endloop
  endfacet
  facet normal 3.975995e-01 6.633546e-01 6.339363e-01
    outer loop
      vertex   4.156906e-02 6.221249e-02 3.232233e-02
      vertex   3.380540e-02 6.324545e-02 3.611074e-02
      vertex   3.984175e-02 5.962740e-02 3.611074e-02
    endloop
  endfacet
  facet normal 4.607050e-01 6.211888e-01 6.339363e-01
    outer loop
      vertex   4.156906e-02 6.221249e-02 3.232233e-02
      vertex   3.984175e-02 5.962740e-02 3.611074e-02
      vertex   4.746678e-02 5.783844e-02 3.232233e-02
    endloop
  endfacet
  facet normal 4.607050e-01 6.211888e-01 6.339363e-01
    outer loop
      vertex   4.746678e-02 5.783844e-02 3.232233e-02
      vertex   3.984175e-02 5.962740e-02 3.611074e-02
      vertex   4.549441e-02 5.543510e-02 3.611074e-02
    endloop
  endfacet
  facet normal 5.193738e-01 5.730407e-01 6.339363e-01
    outer loop
      vertex   4.746678e-02 5.783844e-02 3.232233e-02
      vertex   4.549441e-02 5.543510e-02 3.611074e-02
      vertex   5.290738e-02 5.290738e-02 3.232233e-02
    endloop
  endfacet
  facet normal 2.138746e-01 5.977394e-01 7.726353e-01
    outer loop
      vertex   2.281949e-02 7.522579e-02 2.921326e-02
      vertex   2.171978e-02 7.160051e-02 3.232233e-02
      vertex   3.008303e-02 7.262686e-02 2.921326e-02
    endloop
  endfacet
  facet normal 2.138746e-01 5.977394e-01 7.726353e-01
    outer loop
      vertex   3.008303e-02 7.262686e-02 2.921326e-02
      vertex   2.171978e-02 7.160051e-02 3.232233e-02
      vertex   2.863327e-02 6.912682e-02 3.232233e-02
    endloop
  endfacet
  facet normal 2.714334e-01 5.738977e-01 7.726353e-01
    outer loop
      vertex   3.008303e-02 7.262686e-02 2.921326e-02
      vertex   2.863327e-02 6.912682e-02 3.232233e-02
      vertex   3.705685e-02 6.932849e-02 2.921326e-02
    endloop
  endfacet
  facet normal 2.714334e-01 5.738977e-01 7.726353e-01
    outer loop
      vertex   3.705685e-02 6.932849e-02 2.921326e-02
      vertex   2.863327e-02 6.912682e-02 3.232233e-02
      vertex   3.527100e-02 6.598740e-02 3.232233e-02
    endloop
  endfacet
  facet normal 3.263782e-01 5.445291e-01 7.726353e-01
    outer loop
      vertex   3.705685e-02 6.932849e-02 2.921326e-02
      vertex   3.527100e-02 6.598740e-02 3.232233e-02
      vertex   4.367379e-02 6.536244e-02 2.921326e-02
    endloop
  endfacet
  facet normal 3.263782e-01 5.445291e-01 7.726353e-01
    outer loop
      vertex   4.367379e-02 6.536244e-02 2.921326e-02
      vertex   3.527100e-02 6.598740e-02 3.232233e-02
      vertex   4.156906e-02 6.221249e-02 3.232233e-02
    endloop
  endfacet
  facet normal 3.781798e-01 5.099164e-01 7.726353e-01
    outer loop
      vertex   4.367379e-02 6.536244e-02 2.921326e-02
      vertex   4.156906e-02 6.221249e-02 3.232233e-02
      vertex   4.987013e-02 6.076693e-02 2.921326e-02
    endloop
  endfacet
  facet normal 3.781798e-01 5.099164e-01 7.726353e-01
    outer loop
      vertex   4.987013e-02 6.076693e-02 2.921326e-02
      vertex   4.156906e-02 6.221249e-02 3.232233e-02
      vertex   4.746678e-02 5.783844e-02 3.232233e-02
    endloop
  endfacet
  facet normal 4.263393e-01 4.703929e-01 7.726353e-01
    outer loop
      vertex   4.987013e-02 6.076693e-02 2.921326e-02
      vertex   4.746678e-02 5.783844e-02 3.232233e-02
      vertex   5.558619e-02 5.558619e-02 2.921326e-02
    endloop
  endfacet
  facet normal 4.263393e-01 4.703929e-01 7.726353e-01
    outer loop
      vertex   5.558619e-02 5.558619e-02 2.921326e-02
      vertex   4.746678e-02 5.783844e-02 3.232233e-02
      vertex   5.290738e-02 5.290738e-02 3.232233e-02
    endloop
  endfacet
  facet normal 4.703929e-01 4.263393e-01 7.726353e-01
    outer loop
      vertex   5.558619e-02 5.558619e-02 2.921326e-02
      vertex   5.290738e-02 5.290738e-02 3.232233e-02
      vertex   6.076693e-02 4.987013e-02 2.921326e-02
    endloop
  endfacet
  facet normal 9.790195e-02 2.736176e-01 9.568430e-01
    outer loop
      vertex   3.353177e-02 8.095286e-02 2.548037e-02
      vertex   2.543554e-02 8.384974e-02 2.548037e-02
      vertex   2.407415e-02 7.936185e-02 2.690301e-02
    endloop
  endfacet
  facet normal 1.589577e-01 4.442570e-01 8.816849e-01
    outer loop
      vertex   2.407415e-02 7.936185e-02 2.690301e-02
      vertex   2.281949e-02 7.522579e-02 2.921326e-02
      vertex   3.173705e-02 7.662002e-02 2.690301e-02
    endloop
  endfacet
  facet normal 1.589577e-01 4.442570e-01 8.816849e-01
    outer loop
      vertex   3.173705e-02 7.662002e-02 2.690301e-02
      vertex   2.281949e-02 7.522579e-02 2.921326e-02
      vertex   3.008303e-02 7.262686e-02 2.921326e-02
    endloop
  endfacet
  facet normal 2.017371e-01 4.265372e-01 8.816849e-01
    outer loop
      vertex   3.173705e-02 7.662002e-02 2.690301e-02
      vertex   3.008303e-02 7.262686e-02 2.921326e-02
      vertex   3.909431e-02 7.314030e-02 2.690301e-02
    endloop
  endfacet
  facet normal 2.017371e-01 4.265372e-01 8.816849e-01
    outer loop
      vertex   3.909431e-02 7.314030e-02 2.690301e-02
      vertex   3.008303e-02 7.262686e-02 2.921326e-02
      vertex   3.705685e-02 6.932849e-02 2.921326e-02
    endloop
  endfacet
  facet normal 2.425736e-01 4.047096e-01 8.816849e-01
    outer loop
      vertex   3.909431e-02 7.314030e-02 2.690301e-02
      vertex   3.705685e-02 6.932849e-02 2.921326e-02
      vertex   4.607506e-02 6.895620e-02 2.690301e-02
    endloop
  endfacet
  facet normal 2.425736e-01 4.047096e-01 8.816849e-01
    outer loop
      vertex   4.607506e-02 6.895620e-02 2.690301e-02
      vertex   3.705685e-02 6.932849e-02 2.921326e-02
      vertex   4.367379e-02 6.536244e-02 2.921326e-02
    endloop
  endfacet
  facet normal 2.810740e-01 3.789844e-01 8.816849e-01
    outer loop
      vertex   4.607506e-02 6.895620e-02 2.690301e-02
      vertex   4.367379e-02 6.536244e-02 2.921326e-02
      vertex   5.261208e-02 6.410801e-02 2.690301e-02
    endloop
  endfacet
  facet normal 2.810740e-01 3.789844e-01 8.816849e-01
    outer loop
      vertex   5.261208e-02 6.410801e-02 2.690301e-02
      vertex   4.367379e-02 6.536244e-02 2.921326e-02
      vertex   4.987013e-02 6.076693e-02 2.921326e-02
    endloop
  endfacet
  facet normal 3.168675e-01 3.496094e-01 8.816849e-01
    outer loop
      vertex   5.261208e-02 6.410801e-02 2.690301e-02
      vertex   4.987013e-02 6.076693e-02 2.921326e-02
      vertex   5.864243e-02 5.864243e-02 2.690301e-02
    endloop
  endfacet
  facet normal 3.168675e-01 3.496094e-01 8.816849e-01
    outer loop
      vertex   5.864243e-02 5.864243e-02 2.690301e-02
      vertex   4.987013e-02 6.076693e-02 2.921326e-02
      vertex   5.558619e-02 5.558619e-02 2.921326e-02
    endloop
  endfacet
  facet normal 3.496094e-01 3.168675e-01 8.816849e-01
    outer loop
      vertex   5.864243e-02 5.864243e-02 2.690301e-02
      vertex   5.558619e-02 5.558619e-02 2.921326e-02
      vertex   6.410801e-02 5.261208e-02 2.690301e-02
    endloop
  endfacet
  facet normal 3.496094e-01 3.168675e-01 8.816849e-01
    outer loop
      vertex   6.410801e-02 5.261208e-02 2.690301e-02
      vertex   5.558619e-02 5.558619e-02 2.921326e-02
      vertex   6.076693e-02 4.987013e-02 2.921326e-02
    endloop
  endfacet
  facet normal 3.789844e-01 2.810740e-01 8.816849e-01
    outer loop
      vertex   6.410801e-02 5.261208e-02 2.690301e-02
      vertex   6.076693e-02 4.987013e-02 2.921326e-02
      vertex   6.895620e-02 4.607506e-02 2.690301e-02
    endloop
  endfacet
  facet normal 1.242497e-01 2.627040e-01 9.568430e-01
    outer loop
      vertex   4.130507e-02 7.727636e-02 2.548037e-02
      vertex   3.353177e-02 8.095286e-02 2.548037e-02
      vertex   3.173705e-02 7.662002e-02 2.690301e-02
    endloop
  endfacet
  facet normal 9.790195e-02 2.736176e-01 9.568430e-01
    outer loop
      vertex   3.173705e-02 7.662002e-02 2.690301e-02
      vertex   3.353177e-02 8.095286e-02 2.548037e-02
      vertex   2.407415e-02 7.936185e-02 2.690301e-02
    endloop
  endfacet
  facet normal 1.242497e-01 2.627040e-01 9.568430e-01
    outer loop
      vertex   4.130507e-02 7.727636e-02 2.548037e-02
      vertex   3.173705e-02 7.662002e-02 2.690301e-02
      vertex   3.909431e-02 7.314030e-02 2.690301e-02
    endloop
  endfacet
  facet normal 1.494009e-01 2.492604e-01 9.568430e-01
    outer loop
      vertex   4.868059e-02 7.285565e-02 2.548037e-02
      vertex   4.130507e-02 7.727636e-02 2.548037e-02
      vertex   3.909431e-02 7.314030e-02 2.690301e-02
    endloop
  endfacet
  facet normal 1.494009e-01 2.492604e-01 9.568430e-01
    outer loop
      vertex   4.868059e-02 7.285565e-02 2.548037e-02
      vertex   3.909431e-02 7.314030e-02 2.690301e-02
      vertex   4.607506e-02 6.895620e-02 2.690301e-02
    endloop
  endfacet
  facet normal 1.731133e-01 2.334163e-01 9.568430e-01
    outer loop
      vertex   4.868059e-02 7.285565e-02 2.548037e-02
      vertex   4.607506e-02 6.895620e-02 2.690301e-02
      vertex   5.558728e-02 6.773330e-02 2.548037e-02
    endloop
  endfacet
  facet normal 1.731133e-01 2.334163e-01 9.568430e-01
    outer loop
      vertex   5.558728e-02 6.773330e-02 2.548037e-02
      vertex   4.607506e-02 6.895620e-02 2.690301e-02
      vertex   5.261208e-02 6.410801e-02 2.690301e-02
    endloop
  endfacet
  facet normal 1.951585e-01 2.153243e-01 9.568430e-01
    outer loop
      vertex   5.558728e-02 6.773330e-02 2.548037e-02
      vertex   5.261208e-02 6.410801e-02 2.690301e-02
      vertex   6.195864e-02 6.195864e-02 2.548037e-02
    endloop
  endfacet
  facet normal 1.951585e-01 2.153243e-01 9.568430e-01
    outer loop
      vertex   6.195864e-02 6.195864e-02 2.548037e-02
      vertex   5.261208e-02 6.410801e-02 2.690301e-02
      vertex   5.864243e-02 5.864243e-02 2.690301e-02
    endloop
  endfacet
  facet normal 2.153243e-01 1.951585e-01 9.568430e-01
    outer loop
      vertex   6.195864e-02 6.195864e-02 2.548037e-02
      vertex   5.864243e-02 5.864243e-02 2.690301e-02
      vertex   6.773330e-02 5.558728e-02 2.548037e-02
    endloop
  endfacet
  facet normal 2.153243e-01 1.951585e-01 9.568430e-01
    outer loop
      vertex   6.773330e-02 5.558728e-02 2.548037e-02
      vertex   5.864243e-02 5.864243e-02 2.690301e-02
      vertex   6.410801e-02 5.261208e-02 2.690301e-02
    endloop
  endfacet
  facet normal 2.334163e-01 1.731133e-01 9.568430e-01
    outer loop
      vertex   6.773330e-02 5.558728e-02 2.548037e-02
      vertex   6.410801e-02 5.261208e-02 2.690301e-02
      vertex   7.285565e-02 4.868059e-02 2.548037e-02
    endloop
  endfacet
  facet normal 2.334163e-01 1.731133e-01 9.568430e-01
    outer loop
      vertex   7.285565e-02 4.868059e-02 2.548037e-02
      vertex   6.410801e-02 5.261208e-02 2.690301e-02
      vertex   6.895620e-02 4.607506e-02 2.690301e-02
    endloop
  endfacet
  facet normal 2.492604e-01 1.494009e-01 9.568430e-01
    outer loop
      vertex   7.285565e-02 4.868059e-02 2.548037e-02
      vertex   6.895620e-02 4.607506e-02 2.690301e-02
      vertex   7.727636e-02 4.130507e-02 2.548037e-02
    endloop
  endfacet
  facet normal 8.208784e-01 4.920156e-01 2.899644e-01
    outer loop
      vertex   5.652361e-02 3.776787e-02 4.512274e-02
      vertex   5.995333e-02 3.204572e-02 4.512274e-02
      vertex   6.120799e-02 3.271635e-02 4.043291e-02
    endloop
  endfacet
  facet normal 8.651516e-01 4.091862e-01 2.899644e-01
    outer loop
      vertex   6.120799e-02 3.271635e-02 4.043291e-02
      vertex   5.995333e-02 3.204572e-02 4.512274e-02
      vertex   6.412002e-02 2.655938e-02 4.043291e-02
    endloop
  endfacet
  facet normal 7.974607e-01 3.771708e-01 4.709549e-01
    outer loop
      vertex   6.120799e-02 3.271635e-02 4.043291e-02
      vertex   6.412002e-02 2.655938e-02 4.043291e-02
      vertex   6.625441e-02 2.744348e-02 3.611074e-02
    endloop
  endfacet
  facet normal 8.305900e-01 2.971898e-01 4.709549e-01
    outer loop
      vertex   6.625441e-02 2.744348e-02 3.611074e-02
      vertex   6.412002e-02 2.655938e-02 4.043291e-02
      vertex   6.862531e-02 2.081726e-02 3.611074e-02
    endloop
  endfacet
  facet normal 8.651516e-01 4.091862e-01 2.899644e-01
    outer loop
      vertex   5.995333e-02 3.204572e-02 4.512274e-02
      vertex   6.280567e-02 2.601496e-02 4.512274e-02
      vertex   6.412002e-02 2.655938e-02 4.043291e-02
    endloop
  endfacet
  facet normal 9.010929e-01 3.224162e-01 2.899644e-01
    outer loop
      vertex   6.412002e-02 2.655938e-02 4.043291e-02
      vertex   6.280567e-02 2.601496e-02 4.512274e-02
      vertex   6.641454e-02 2.014663e-02 4.043291e-02
    endloop
  endfacet
  facet normal 8.305900e-01 2.971898e-01 4.709549e-01
    outer loop
      vertex   6.412002e-02 2.655938e-02 4.043291e-02
      vertex   6.641454e-02 2.014663e-02 4.043291e-02
      vertex   6.862531e-02 2.081726e-02 3.611074e-02
    endloop
  endfacet
  facet normal 8.557201e-01 2.143467e-01 4.709549e-01
    outer loop
      vertex   6.862531e-02 2.081726e-02 3.611074e-02
      vertex   6.641454e-02 2.014663e-02 4.043291e-02
      vertex   7.033531e-02 1.399056e-02 3.611074e-02
    endloop
  endfacet
  facet normal 9.010929e-01 3.224162e-01 2.899644e-01
    outer loop
      vertex   6.280567e-02 2.601496e-02 4.512274e-02
      vertex   6.505316e-02 1.973366e-02 4.512274e-02
      vertex   6.641454e-02 2.014663e-02 4.043291e-02
    endloop
  endfacet
  facet normal 9.283562e-01 2.325411e-01 2.899644e-01
    outer loop
      vertex   6.641454e-02 2.014663e-02 4.043291e-02
      vertex   6.505316e-02 1.973366e-02 4.512274e-02
      vertex   6.806945e-02 1.353986e-02 4.043291e-02
    endloop
  endfacet
  facet normal 8.557201e-01 2.143467e-01 4.709549e-01
    outer loop
      vertex   6.641454e-02 2.014663e-02 4.043291e-02
      vertex   6.806945e-02 1.353986e-02 4.043291e-02
      vertex   7.033531e-02 1.399056e-02 3.611074e-02
    endloop
  endfacet
  facet normal 8.726093e-01 1.294394e-01 4.709549e-01
    outer loop
      vertex   7.033531e-02 1.399056e-02 3.611074e-02
      vertex   6.806945e-02 1.353986e-02 4.043291e-02
      vertex   7.136794e-02 7.029129e-03 3.611074e-02
    endloop
  endfacet
  facet normal 9.466789e-01 1.404266e-01 2.899644e-01
    outer loop
      vertex   6.667414e-02 1.326231e-02 4.512274e-02
      vertex   6.906882e-02 6.802685e-03 4.043291e-02
      vertex   6.806945e-02 1.353986e-02 4.043291e-02
    endloop
  endfacet
  facet normal 8.726093e-01 1.294394e-01 4.709549e-01
    outer loop
      vertex   6.806945e-02 1.353986e-02 4.043291e-02
      vertex   6.906882e-02 6.802685e-03 4.043291e-02
      vertex   7.136794e-02 7.029129e-03 3.611074e-02
    endloop
  endfacet
  facet normal 8.810947e-01 4.328541e-02 4.709549e-01
    outer loop
      vertex   7.136794e-02 7.029129e-03 3.611074e-02
      vertex   6.906882e-02 6.802685e-03 4.043291e-02
      vertex   7.171326e-02 8.782341e-18 3.611074e-02
    endloop
  endfacet
  facet normal 9.283562e-01 2.325411e-01 2.899644e-01
    outer loop
      vertex   6.505316e-02 1.973366e-02 4.512274e-02
      vertex   6.667414e-02 1.326231e-02 4.512274e-02
      vertex   6.806945e-02 1.353986e-02 4.043291e-02
    endloop
  endfacet
  facet normal 6.279788e-01 -9.315186e-02 7.726353e-01
    outer loop
      vertex   7.446204e-02 -7.333871e-03 3.232233e-02
      vertex   7.710026e-02 -1.533620e-02 2.921326e-02
      vertex   7.823221e-02 -7.705200e-03 2.921326e-02
    endloop
  endfacet
  facet normal 4.667318e-01 -6.923312e-02 8.816849e-01
    outer loop
      vertex   7.823221e-02 -7.705200e-03 2.921326e-02
      vertex   7.710026e-02 -1.533620e-02 2.921326e-02
      vertex   8.133938e-02 -1.617941e-02 2.690301e-02
    endloop
  endfacet
  facet normal 4.667318e-01 -6.923312e-02 8.816849e-01
    outer loop
      vertex   7.823221e-02 -7.705200e-03 2.921326e-02
      vertex   8.133938e-02 -1.617941e-02 2.690301e-02
      vertex   8.253357e-02 -8.128847e-03 2.690301e-02
    endloop
  endfacet
  facet normal 2.874598e-01 -4.264064e-02 9.568430e-01
    outer loop
      vertex   8.253357e-02 -8.128847e-03 2.690301e-02
      vertex   8.133938e-02 -1.617941e-02 2.690301e-02
      vertex   8.593910e-02 -1.709435e-02 2.548037e-02
    endloop
  endfacet
  facet normal 2.874598e-01 -4.264064e-02 9.568430e-01
    outer loop
      vertex   8.253357e-02 -8.128847e-03 2.690301e-02
      vertex   8.593910e-02 -1.709435e-02 2.548037e-02
      vertex   8.720081e-02 -8.588531e-03 2.548037e-02
    endloop
  endfacet
  facet normal 2.818961e-01 -7.061131e-02 9.568430e-01
    outer loop
      vertex   8.384974e-02 -2.543554e-02 2.548037e-02
      vertex   8.593910e-02 -1.709435e-02 2.548037e-02
      vertex   8.133938e-02 -1.617941e-02 2.690301e-02
    endloop
  endfacet
  facet normal 2.818961e-01 -7.061131e-02 9.568430e-01
    outer loop
      vertex   8.384974e-02 -2.543554e-02 2.548037e-02
      vertex   8.133938e-02 -1.617941e-02 2.690301e-02
      vertex   7.936185e-02 -2.407415e-02 2.690301e-02
    endloop
  endfacet
  facet normal 4.576983e-01 -1.146475e-01 8.816849e-01
    outer loop
      vertex   7.936185e-02 -2.407415e-02 2.690301e-02
      vertex   8.133938e-02 -1.617941e-02 2.690301e-02
      vertex   7.710026e-02 -1.533620e-02 2.921326e-02
    endloop
  endfacet
  facet normal 9.010929e-01 -3.224162e-01 2.899644e-01
    outer loop
      vertex   6.505316e-02 -1.973366e-02 4.512274e-02
      vertex   6.280567e-02 -2.601496e-02 4.512274e-02
      vertex   6.412002e-02 -2.655938e-02 4.043291e-02
    endloop
  endfacet
  facet normal 8.651516e-01 -4.091862e-01 2.899644e-01
    outer loop
      vertex   6.412002e-02 -2.655938e-02 4.043291e-02
      vertex   6.280567e-02 -2.601496e-02 4.512274e-02
      vertex   6.120799e-02 -3.271635e-02 4.043291e-02
    endloop
  endfacet
  facet normal 7.974607e-01 -3.771708e-01 4.709549e-01
    outer loop
      vertex   6.412002e-02 -2.655938e-02 4.043291e-02
      vertex   6.120799e-02 -3.271635e-02 4.043291e-02
      vertex   6.324545e-02 -3.380540e-02 3.611074e-02
    endloop
  endfacet
  facet normal 8.651516e-01 -4.091862e-01 2.899644e-01
    outer loop
      vertex   5.995333e-02 -3.204572e-02 4.512274e-02
      vertex   6.120799e-02 -3.271635e-02 4.043291e-02
      vertex   6.280567e-02 -2.601496e-02 4.512274e-02
    endloop
  endfacet
  facet normal 2.736176e-01 -9.790195e-02 9.568430e-01
    outer loop
      vertex   8.384974e-02 -2.543554e-02 2.548037e-02
      vertex   7.936185e-02 -2.407415e-02 2.690301e-02
      vertex   8.095286e-02 -3.353177e-02 2.548037e-02
    endloop
  endfacet
  facet normal 7.091180e-01 -6.427071e-01 2.899644e-01
    outer loop
      vertex   5.364925e-02 -4.402880e-02 4.043291e-02
      vertex   5.254954e-02 -4.312629e-02 4.512274e-02
      vertex   4.907534e-02 -4.907534e-02 4.043291e-02
    endloop
  endfacet
  facet normal 7.091180e-01 -6.427071e-01 2.899644e-01
    outer loop
      vertex   4.907534e-02 -4.907534e-02 4.043291e-02
      vertex   5.254954e-02 -4.312629e-02 4.512274e-02
      vertex   4.806938e-02 -4.806938e-02 4.512274e-02
    endloop
  endfacet
  facet normal 6.427071e-01 -7.091180e-01 2.899644e-01
    outer loop
      vertex   4.907534e-02 -4.907534e-02 4.043291e-02
      vertex   4.806938e-02 -4.806938e-02 4.512274e-02
      vertex   4.402880e-02 -5.364925e-02 4.043291e-02
    endloop
  endfacet
  facet normal 6.536354e-01 -5.924206e-01 4.709549e-01
    outer loop
      vertex   5.543510e-02 -4.549441e-02 3.611074e-02
      vertex   5.364925e-02 -4.402880e-02 4.043291e-02
      vertex   5.070893e-02 -5.070893e-02 3.611074e-02
    endloop
  endfacet
  facet normal 6.536354e-01 -5.924206e-01 4.709549e-01
    outer loop
      vertex   5.070893e-02 -5.070893e-02 3.611074e-02
      vertex   5.364925e-02 -4.402880e-02 4.043291e-02
      vertex   4.907534e-02 -4.907534e-02 4.043291e-02
    endloop
  endfacet
  facet normal 5.924206e-01 -6.536354e-01 4.709549e-01
    outer loop
      vertex   5.070893e-02 -5.070893e-02 3.611074e-02
      vertex   4.907534e-02 -4.907534e-02 4.043291e-02
      vertex   4.549441e-02 -5.543510e-02 3.611074e-02
    endloop
  endfacet
  facet normal 5.924206e-01 -6.536354e-01 4.709549e-01
    outer loop
      vertex   4.549441e-02 -5.543510e-02 3.611074e-02
      vertex   4.907534e-02 -4.907534e-02 4.043291e-02
      vertex   4.402880e-02 -5.364925e-02 4.043291e-02
    endloop
  endfacet
  facet normal 5.255005e-01 -7.085554e-01 4.709549e-01
    outer loop
      vertex   4.549441e-02 -5.543510e-02 3.611074e-02
      vertex   4.402880e-02 -5.364925e-02 4.043291e-02
      vertex   3.984175e-02 -5.962740e-02 3.611074e-02
    endloop
  endfacet
  facet normal 5.730407e-01 -5.193738e-01 6.339363e-01
    outer loop
      vertex   5.783844e-02 -4.746678e-02 3.232233e-02
      vertex   5.543510e-02 -4.549441e-02 3.611074e-02
      vertex   5.290738e-02 -5.290738e-02 3.232233e-02
    endloop
  endfacet
  facet normal 5.730407e-01 -5.193738e-01 6.339363e-01
    outer loop
      vertex   5.290738e-02 -5.290738e-02 3.232233e-02
      vertex   5.543510e-02 -4.549441e-02 3.611074e-02
      vertex   5.070893e-02 -5.070893e-02 3.611074e-02
    endloop
  endfacet
  facet normal 5.193738e-01 -5.730407e-01 6.339363e-01
    outer loop
      vertex   5.290738e-02 -5.290738e-02 3.232233e-02
      vertex   5.070893e-02 -5.070893e-02 3.611074e-02
      vertex   4.746678e-02 -5.783844e-02 3.232233e-02
    endloop
  endfacet
  facet normal 5.193738e-01 -5.730407e-01 6.339363e-01
    outer loop
      vertex   4.746678e-02 -5.783844e-02 3.232233e-02
      vertex   5.070893e-02 -5.070893e-02 3.611074e-02
      vertex   4.549441e-02 -5.543510e-02 3.611074e-02
    endloop
  endfacet
  facet normal 4.607050e-01 -6.211888e-01 6.339363e-01
    outer loop
      vertex   4.746678e-02 -5.783844e-02 3.232233e-02
      vertex   4.549441e-02 -5.543510e-02 3.611074e-02
      vertex   4.156906e-02 -6.221249e-02 3.232233e-02
    endloop
  endfacet
  facet normal 4.607050e-01 -6.211888e-01 6.339363e-01
    outer loop
      vertex   4.156906e-02 -6.221249e-02 3.232233e-02
      vertex   4.549441e-02 -5.543510e-02 3.611074e-02
      vertex   3.984175e-02 -5.962740e-02 3.611074e-02
    endloop
  endfacet
  facet normal 3.975995e-01 -6.633546e-01 6.339363e-01
    outer loop
      vertex   4.156906e-02 -6.221249e-02 3.232233e-02
      vertex   3.984175e-02 -5.962740e-02 3.611074e-02
      vertex   3.527100e-02 -6.598740e-02 3.232233e-02
    endloop
  endfacet
  facet normal 4.703929e-01 -4.263393e-01 7.726353e-01
    outer loop
      vertex   6.076693e-02 -4.987013e-02 2.921326e-02
      vertex   5.783844e-02 -4.746678e-02 3.232233e-02
      vertex   5.558619e-02 -5.558619e-02 2.921326e-02
    endloop
  endfacet
  facet normal 4.703929e-01 -4.263393e-01 7.726353e-01
    outer loop
      vertex   5.558619e-02 -5.558619e-02 2.921326e-02
      vertex   5.783844e-02 -4.746678e-02 3.232233e-02
      vertex   5.290738e-02 -5.290738e-02 3.232233e-02
    endloop
  endfacet
  facet normal 4.263393e-01 -4.703929e-01 7.726353e-01
    outer loop
      vertex   5.558619e-02 -5.558619e-02 2.921326e-02
      vertex   5.290738e-02 -5.290738e-02 3.232233e-02
      vertex   4.987013e-02 -6.076693e-02 2.921326e-02
    endloop
  endfacet
  facet normal 4.263393e-01 -4.703929e-01 7.726353e-01
    outer loop
      vertex   4.987013e-02 -6.076693e-02 2.921326e-02
      vertex   5.290738e-02 -5.290738e-02 3.232233e-02
      vertex   4.746678e-02 -5.783844e-02 3.232233e-02
    endloop
  endfacet
  facet normal 3.781798e-01 -5.099164e-01 7.726353e-01
    outer loop
      vertex   4.987013e-02 -6.076693e-02 2.921326e-02
      vertex   4.746678e-02 -5.783844e-02 3.232233e-02
      vertex   4.367379e-02 -6.536244e-02 2.921326e-02
    endloop
  endfacet
  facet normal 3.781798e-01 -5.099164e-01 7.726353e-01
    outer loop
      vertex   4.367379e-02 -6.536244e-02 2.921326e-02
      vertex   4.746678e-02 -5.783844e-02 3.232233e-02
      vertex   4.156906e-02 -6.221249e-02 3.232233e-02
    endloop
  endfacet
  facet normal 3.263782e-01 -5.445291e-01 7.726353e-01
    outer loop
      vertex   4.367379e-02 -6.536244e-02 2.921326e-02
      vertex   4.156906e-02 -6.221249e-02 3.232233e-02
      vertex   3.705685e-02 -6.932849e-02 2.921326e-02
    endloop
  endfacet
  facet normal 3.263782e-01 -5.445291e-01 7.726353e-01
    outer loop
      vertex   3.705685e-02 -6.932849e-02 2.921326e-02
      vertex   4.156906e-02 -6.221249e-02 3.232233e-02
      vertex   3.527100e-02 -6.598740e-02 3.232233e-02
    endloop
  endfacet
  facet normal 2.714334e-01 -5.738977e-01 7.726353e-01
    outer loop
      vertex   3.705685e-02 -6.932849e-02 2.921326e-02
      vertex   3.527100e-02 -6.598740e-02 3.232233e-02
      vertex   3.008303e-02 -7.262686e-02 2.921326e-02
    endloop
  endfacet
  facet normal 3.496094e-01 -3.168675e-01 8.816849e-01
    outer loop
      vertex   6.410801e-02 -5.261208e-02 2.690301e-02
      vertex   6.076693e-02 -4.987013e-02 2.921326e-02
      vertex   5.864243e-02 -5.864243e-02 2.690301e-02
    endloop
  endfacet
  facet normal 3.496094e-01 -3.168675e-01 8.816849e-01
    outer loop
      vertex   5.864243e-02 -5.864243e-02 2.690301e-02
      vertex   6.076693e-02 -4.987013e-02 2.921326e-02
      vertex   5.558619e-02 -5.558619e-02 2.921326e-02
    endloop
  endfacet
  facet normal 3.168675e-01 -3.496094e-01 8.816849e-01
    outer loop
      vertex   5.864243e-02 -5.864243e-02 2.690301e-02
      vertex   5.558619e-02 -5.558619e-02 2.921326e-02
      vertex   5.261208e-02 -6.410801e-02 2.690301e-02
    endloop
  endfacet
  facet normal 3.168675e-01 -3.496094e-01 8.816849e-01
    outer loop
      vertex   5.261208e-02 -6.410801e-02 2.690301e-02
      vertex   5.558619e-02 -5.558619e-02 2.921326e-02
      vertex   4.987013e-02 -6.076693e-02 2.921326e-02
    endloop
  endfacet
  facet normal 2.810740e-01 -3.789844e-01 8.816849e-01
    outer loop
      vertex   5.261208e-02 -6.410801e-02 2.690301e-02
      vertex   4.987013e-02 -6.076693e-02 2.921326e-02
      vertex   4.607506e-02 -6.895620e-02 2.690301e-02
    endloop
  endfacet
  facet normal 2.810740e-01 -3.789844e-01 8.816849e-01
    outer loop
      vertex   4.607506e-02 -6.895620e-02 2.690301e-02
      vertex   4.987013e-02 -6.076693e-02 2.921326e-02
      vertex   4.367379e-02 -6.536244e-02 2.921326e-02
    endloop
  endfacet
  facet normal 2.425736e-01 -4.047096e-01 8.816849e-01
    outer loop
      vertex   4.607506e-02 -6.895620e-02 2.690301e-02
      vertex   4.367379e-02 -6.536244e-02 2.921326e-02
      vertex   3.909431e-02 -7.314030e-02 2.690301e-02
    endloop
  endfacet
  facet normal 2.425736e-01 -4.047096e-01 8.816849e-01
    outer loop
      vertex   3.909431e-02 -7.314030e-02 2.690301e-02
      vertex   4.367379e-02 -6.536244e-02 2.921326e-02
      vertex   3.705685e-02 -6.932849e-02 2.921326e-02
    endloop
  endfacet
  facet normal 2.017371e-01 -4.265372e-01 8.816849e-01
    outer loop
      vertex   3.909431e-02 -7.314030e-02 2.690301e-02
      vertex   3.705685e-02 -6.932849e-02 2.921326e-02
      vertex   3.173705e-02 -7.662002e-02 2.690301e-02
    endloop
  endfacet
  facet normal 2.017371e-01 -4.265372e-01 8.816849e-01
    outer loop
      vertex   3.173705e-02 -7.662002e-02 2.690301e-02
      vertex   3.705685e-02 -6.932849e-02 2.921326e-02
      vertex   3.008303e-02 -7.262686e-02 2.921326e-02
    endloop
  endfacet
  facet normal 1.589577e-01 -4.442570e-01 8.816849e-01
    outer loop
      vertex   3.173705e-02 -7.662002e-02 2.690301e-02
      vertex   3.008303e-02 -7.262686e-02 2.921326e-02
      vertex   2.407415e-02 -7.936185e-02 2.690301e-02
    endloop
  endfacet
  facet normal 2.153243e-01 -1.951585e-01 9.568430e-01
    outer loop
      vertex   6.773330e-02 -5.558728e-02 2.548037e-02
      vertex   6.410801e-02 -5.261208e-02 2.690301e-02
      vertex   6.195864e-02 -6.195864e-02 2.548037e-02
    endloop
  endfacet
  facet normal 2.153243e-01 -1.951585e-01 9.568430e-01
    outer loop
      vertex   6.195864e-02 -6.195864e-02 2.548037e-02
      vertex   6.410801e-02 -5.261208e-02 2.690301e-02
      vertex   5.864243e-02 -5.864243e-02 2.690301e-02
    endloop
  endfacet
  facet normal 1.951585e-01 -2.153243e-01 9.568430e-01
    outer loop
      vertex   6.195864e-02 -6.195864e-02 2.548037e-02
      vertex   5.864243e-02 -5.864243e-02 2.690301e-02
      vertex   5.558728e-02 -6.773330e-02 2.548037e-02
    endloop
  endfacet
  facet normal 1.951585e-01 -2.153243e-01 9.568430e-01
    outer loop
      vertex   5.558728e-02 -6.773330e-02 2.548037e-02
      vertex   5.864243e-02 -5.864243e-02 2.690301e-02
      vertex   5.261208e-02 -6.410801e-02 2.690301e-02
    endloop
  endfacet
  facet normal 1.731133e-01 -2.334163e-01 9.568430e-01
    outer loop
      vertex   5.558728e-02 -6.773330e-02 2.548037e-02
      vertex   5.261208e-02 -6.410801e-02 2.690301e-02
      vertex   4.868059e-02 -7.285565e-02 2.548037e-02
    endloop
  endfacet
  facet normal 1.731133e-01 -2.334163e-01 9.568430e-01
    outer loop
      vertex   4.868059e-02 -7.285565e-02 2.548037e-02
      vertex   5.261208e-02 -6.410801e-02 2.690301e-02
      vertex   4.607506e-02 -6.895620e-02 2.690301e-02
    endloop
  endfacet
  facet normal 1.494009e-01 -2.492604e-01 9.568430e-01
    outer loop
      vertex   4.868059e-02 -7.285565e-02 2.548037e-02
      vertex   4.607506e-02 -6.895620e-02 2.690301e-02
      vertex   4.130507e-02 -7.727636e-02 2.548037e-02
    endloop
  endfacet
  facet normal 1.494009e-01 -2.492604e-01 9.568430e-01
    outer loop
      vertex   4.130507e-02 -7.727636e-02 2.548037e-02
      vertex   4.607506e-02 -6.895620e-02 2.690301e-02
      vertex   3.909431e-02 -7.314030e-02 2.690301e-02
    endloop
  endfacet
  facet normal 1.242497e-01 -2.627040e-01 9.568430e-01
    outer loop
      vertex   4.130507e-02 -7.727636e-02 2.548037e-02
      vertex   3.909431e-02 -7.314030e-02 2.690301e-02
      vertex   3.353177e-02 -8.095286e-02 2.548037e-02
    endloop
  endfacet
  facet normal 1.242497e-01 -2.627040e-01 9.568430e-01
    outer loop
      vertex   3.353177e-02 -8.095286e-02 2.548037e-02
      vertex   3.909431e-02 -7.314030e-02 2.690301e-02
      vertex   3.173705e-02 -7.662002e-02 2.690301e-02
    endloop
  endfacet
  facet normal 9.790195e-02 -2.736176e-01 9.568430e-01
    outer loop
      vertex   3.353177e-02 -8.095286e-02 2.548037e-02
      vertex   3.173705e-02 -7.662002e-02 2.690301e-02
      vertex   2.543554e-02 -8.384974e-02 2.548037e-02
    endloop
  endfacet
  facet normal 9.790195e-02 -2.736176e-01 9.568430e-01
    outer loop
      vertex   2.543554e-02 -8.384974e-02 2.548037e-02
      vertex   3.173705e-02 -7.662002e-02 2.690301e-02
      vertex   2.407415e-02 -7.936185e-02 2.690301e-02
    endloop
  endfacet
  facet normal 7.061131e-02 -2.818961e-01 9.568430e-01
    outer loop
      vertex   2.543554e-02 -8.384974e-02 2.548037e-02
      vertex   2.407415e-02 -7.936185e-02 2.690301e-02
      vertex   1.709435e-02 -8.593910e-02 2.548037e-02
    endloop
  endfacet
  facet normal 4.695960e-02 -9.558846e-01 2.899644e-01
    outer loop
      vertex   6.663241e-03 -6.765302e-02 4.512274e-02
      vertex   -4.162597e-18 -6.798037e-02 4.512274e-02
      vertex   -4.249709e-18 -6.940301e-02 4.043291e-02
    endloop
  endfacet
  facet normal -4.695960e-02 -9.558846e-01 2.899644e-01
    outer loop
      vertex   -4.249709e-18 -6.940301e-02 4.043291e-02
      vertex   -4.162597e-18 -6.798037e-02 4.512274e-02
      vertex   -6.802685e-03 -6.906882e-02 4.043291e-02
    endloop
  endfacet
  facet normal -4.328541e-02 -8.810947e-01 4.709549e-01
    outer loop
      vertex   -4.249709e-18 -6.940301e-02 4.043291e-02
      vertex   -6.802685e-03 -6.906882e-02 4.043291e-02
      vertex   -7.029129e-03 -7.136794e-02 3.611074e-02
    endloop
  endfacet
  facet normal -1.294394e-01 -8.726093e-01 4.709549e-01
    outer loop
      vertex   -7.029129e-03 -7.136794e-02 3.611074e-02
      vertex   -6.802685e-03 -6.906882e-02 4.043291e-02
      vertex   -1.399056e-02 -7.033531e-02 3.611074e-02
    endloop
  endfacet
  facet normal -1.134792e-01 -7.650145e-01 6.339363e-01
    outer loop
      vertex   -7.029129e-03 -7.136794e-02 3.611074e-02
      vertex   -1.399056e-02 -7.033531e-02 3.611074e-02
      vertex   -1.459711e-02 -7.338464e-02 3.232233e-02
    endloop
  endfacet
  facet normal -1.879173e-01 -7.502078e-01 6.339363e-01
    outer loop
      vertex   -1.459711e-02 -7.338464e-02 3.232233e-02
      vertex   -1.399056e-02 -7.033531e-02 3.611074e-02
      vertex   -2.171978e-02 -7.160051e-02 3.232233e-02
    endloop
  endfacet
  facet normal -1.542560e-01 -6.158245e-01 7.726353e-01
    outer loop
      vertex   -1.459711e-02 -7.338464e-02 3.232233e-02
      vertex   -2.171978e-02 -7.160051e-02 3.232233e-02
      vertex   -2.281949e-02 -7.522579e-02 2.921326e-02
    endloop
  endfacet
  facet normal -2.138746e-01 -5.977394e-01 7.726353e-01
    outer loop
      vertex   -2.281949e-02 -7.522579e-02 2.921326e-02
      vertex   -2.171978e-02 -7.160051e-02 3.232233e-02
      vertex   -3.008303e-02 -7.262686e-02 2.921326e-02
    endloop
  endfacet
  facet normal -1.589577e-01 -4.442570e-01 8.816849e-01
    outer loop
      vertex   -2.281949e-02 -7.522579e-02 2.921326e-02
      vertex   -3.008303e-02 -7.262686e-02 2.921326e-02
      vertex   -3.173705e-02 -7.662002e-02 2.690301e-02
    endloop
  endfacet
  facet normal -2.017371e-01 -4.265372e-01 8.816849e-01
    outer loop
      vertex   -3.173705e-02 -7.662002e-02 2.690301e-02
      vertex   -3.008303e-02 -7.262686e-02 2.921326e-02
      vertex   -3.909431e-02 -7.314030e-02 2.690301e-02
    endloop
  endfacet
  facet normal -1.242497e-01 -2.627040e-01 9.568430e-01
    outer loop
      vertex   -3.173705e-02 -7.662002e-02 2.690301e-02
      vertex   -3.909431e-02 -7.314030e-02 2.690301e-02
      vertex   -4.130507e-02 -7.727636e-02 2.548037e-02
    endloop
  endfacet
  facet normal -1.494009e-01 -2.492604e-01 9.568430e-01
    outer loop
      vertex   -4.130507e-02 -7.727636e-02 2.548037e-02
      vertex   -3.909431e-02 -7.314030e-02 2.690301e-02
      vertex   -4.868059e-02 -7.285565e-02 2.548037e-02
    endloop
  endfacet
  facet normal -4.695960e-02 -9.558846e-01 2.899644e-01
    outer loop
      vertex   -4.162597e-18 -6.798037e-02 4.512274e-02
      vertex   -6.663241e-03 -6.765302e-02 4.512274e-02
      vertex   -6.802685e-03 -6.906882e-02 4.043291e-02
    endloop
  endfacet
  facet normal -1.404266e-01 -9.466789e-01 2.899644e-01
    outer loop
      vertex   -6.802685e-03 -6.906882e-02 4.043291e-02
      vertex   -6.663241e-03 -6.765302e-02 4.512274e-02
      vertex   -1.353986e-02 -6.806945e-02 4.043291e-02
    endloop
  endfacet
  facet normal -1.294394e-01 -8.726093e-01 4.709549e-01
    outer loop
      vertex   -6.802685e-03 -6.906882e-02 4.043291e-02
      vertex   -1.353986e-02 -6.806945e-02 4.043291e-02
      vertex   -1.399056e-02 -7.033531e-02 3.611074e-02
    endloop
  endfacet
  facet normal -2.143467e-01 -8.557201e-01 4.709549e-01
    outer loop
      vertex   -1.399056e-02 -7.033531e-02 3.611074e-02
      vertex   -1.353986e-02 -6.806945e-02 4.043291e-02
      vertex   -2.081726e-02 -6.862531e-02 3.611074e-02
    endloop
  endfacet
  facet normal -1.879173e-01 -7.502078e-01 6.339363e-01
    outer loop
      vertex   -1.399056e-02 -7.033531e-02 3.611074e-02
      vertex   -2.081726e-02 -6.862531e-02 3.611074e-02
      vertex   -2.171978e-02 -7.160051e-02 3.232233e-02
    endloop
  endfacet
  facet normal -2.605456e-01 -7.281763e-01 6.339363e-01
    outer loop
      vertex   -2.171978e-02 -7.160051e-02 3.232233e-02
      vertex   -2.081726e-02 -6.862531e-02 3.611074e-02
      vertex   -2.863327e-02 -6.912682e-02 3.232233e-02
    endloop
  endfacet
  facet normal -2.138746e-01 -5.977394e-01 7.726353e-01
    outer loop
      vertex   -2.171978e-02 -7.160051e-02 3.232233e-02
      vertex   -2.863327e-02 -6.912682e-02 3.232233e-02
      vertex   -3.008303e-02 -7.262686e-02 2.921326e-02
    endloop
  endfacet
  facet normal -2.714334e-01 -5.738977e-01 7.726353e-01
    outer loop
      vertex   -3.008303e-02 -7.262686e-02 2.921326e-02
      vertex   -2.863327e-02 -6.912682e-02 3.232233e-02
      vertex   -3.705685e-02 -6.932849e-02 2.921326e-02
    endloop
  endfacet
  facet normal -2.017371e-01 -4.265372e-01 8.816849e-01
    outer loop
      vertex   -3.008303e-02 -7.262686e-02 2.921326e-02
      vertex   -3.705685e-02 -6.932849e-02 2.921326e-02
      vertex   -3.909431e-02 -7.314030e-02 2.690301e-02
    endloop
  endfacet
  facet normal -2.425736e-01 -4.047096e-01 8.816849e-01
    outer loop
      vertex   -3.909431e-02 -7.314030e-02 2.690301e-02
      vertex   -3.705685e-02 -6.932849e-02 2.921326e-02
      vertex   -4.607506e-02 -6.895620e-02 2.690301e-02
    endloop
  endfacet
  facet normal -1.494009e-01 -2.492604e-01 9.568430e-01
    outer loop
      vertex   -3.909431e-02 -7.314030e-02 2.690301e-02
      vertex   -4.607506e-02 -6.895620e-02 2.690301e-02
      vertex   -4.868059e-02 -7.285565e-02 2.548037e-02
    endloop
  endfacet
  facet normal -1.731133e-01 -2.334163e-01 9.568430e-01
    outer loop
      vertex   -4.868059e-02 -7.285565e-02 2.548037e-02
      vertex   -4.607506e-02 -6.895620e-02 2.690301e-02
      vertex   -5.558728e-02 -6.773330e-02 2.548037e-02
    endloop
  endfacet
  facet normal -1.404266e-01 -9.466789e-01 2.899644e-01
    outer loop
      vertex   -6.663241e-03 -6.765302e-02 4.512274e-02
      vertex   -1.326231e-02 -6.667414e-02 4.512274e-02
      vertex   -1.353986e-02 -6.806945e-02 4.043291e-02
    endloop
  endfacet
  facet normal -2.325411e-01 -9.283562e-01 2.899644e-01
    outer loop
      vertex   -1.353986e-02 -6.806945e-02 4.043291e-02
      vertex   -1.326231e-02 -6.667414e-02 4.512274e-02
      vertex   -2.014663e-02 -6.641454e-02 4.043291e-02
    endloop
  endfacet
  facet normal -2.143467e-01 -8.557201e-01 4.709549e-01
    outer loop
      vertex   -1.353986e-02 -6.806945e-02 4.043291e-02
      vertex   -2.014663e-02 -6.641454e-02 4.043291e-02
      vertex   -2.081726e-02 -6.862531e-02 3.611074e-02
    endloop
  endfacet
  facet normal -2.971898e-01 -8.305900e-01 4.709549e-01
    outer loop
      vertex   -2.081726e-02 -6.862531e-02 3.611074e-02
      vertex   -2.014663e-02 -6.641454e-02 4.043291e-02
      vertex   -2.744348e-02 -6.625441e-02 3.611074e-02
    endloop
  endfacet
  facet normal -2.605456e-01 -7.281763e-01 6.339363e-01
    outer loop
      vertex   -2.081726e-02 -6.862531e-02 3.611074e-02
      vertex   -2.744348e-02 -6.625441e-02 3.611074e-02
      vertex   -2.863327e-02 -6.912682e-02 3.232233e-02
    endloop
  endfacet
  facet normal -3.306648e-01 -6.991320e-01 6.339363e-01
    outer loop
      vertex   -2.863327e-02 -6.912682e-02 3.232233e-02
      vertex   -2.744348e-02 -6.625441e-02 3.611074e-02
      vertex   -3.527100e-02 -6.598740e-02 3.232233e-02
    endloop
  endfacet
  facet normal -2.714334e-01 -5.738977e-01 7.726353e-01
    outer loop
      vertex   -2.863327e-02 -6.912682e-02 3.232233e-02
      vertex   -3.527100e-02 -6.598740e-02 3.232233e-02
      vertex   -3.705685e-02 -6.932849e-02 2.921326e-02
    endloop
  endfacet
  facet normal -3.263782e-01 -5.445291e-01 7.726353e-01
    outer loop
      vertex   -3.705685e-02 -6.932849e-02 2.921326e-02
      vertex   -3.527100e-02 -6.598740e-02 3.232233e-02
      vertex   -4.367379e-02 -6.536244e-02 2.921326e-02
    endloop
  endfacet
  facet normal -2.425736e-01 -4.047096e-01 8.816849e-01
    outer loop
      vertex   -3.705685e-02 -6.932849e-02 2.921326e-02
      vertex   -4.367379e-02 -6.536244e-02 2.921326e-02
      vertex   -4.607506e-02 -6.895620e-02 2.690301e-02
    endloop
  endfacet
  facet normal -2.810740e-01 -3.789844e-01 8.816849e-01
    outer loop
      vertex   -4.607506e-02 -6.895620e-02 2.690301e-02
      vertex   -4.367379e-02 -6.536244e-02 2.921326e-02
      vertex   -5.261208e-02 -6.410801e-02 2.690301e-02
    endloop
  endfacet
  facet normal -1.731133e-01 -2.334163e-01 9.568430e-01
    outer loop
      vertex   -4.607506e-02 -6.895620e-02 2.690301e-02
      vertex   -5.261208e-02 -6.410801e-02 2.690301e-02
      vertex   -5.558728e-02 -6.773330e-02 2.548037e-02
    endloop
  endfacet
  facet normal -2.325411e-01 -9.283562e-01 2.899644e-01
    outer loop
      vertex   -1.326231e-02 -6.667414e-02 4.512274e-02
      vertex   -1.973366e-02 -6.505316e-02 4.512274e-02
      vertex   -2.014663e-02 -6.641454e-02 4.043291e-02
    endloop
  endfacet
  facet normal -3.224162e-01 -9.010929e-01 2.899644e-01
    outer loop
      vertex   -2.014663e-02 -6.641454e-02 4.043291e-02
      vertex   -1.973366e-02 -6.505316e-02 4.512274e-02
      vertex   -2.655938e-02 -6.412002e-02 4.043291e-02
    endloop
  endfacet
  facet normal -2.971898e-01 -8.305900e-01 4.709549e-01
    outer loop
      vertex   -2.014663e-02 -6.641454e-02 4.043291e-02
      vertex   -2.655938e-02 -6.412002e-02 4.043291e-02
      vertex   -2.744348e-02 -6.625441e-02 3.611074e-02
    endloop
  endfacet
  facet normal -3.771708e-01 -7.974607e-01 4.709549e-01
    outer loop
      vertex   -2.744348e-02 -6.625441e-02 3.611074e-02
      vertex   -2.655938e-02 -6.412002e-02 4.043291e-02
      vertex   -3.380540e-02 -6.324545e-02 3.611074e-02
    endloop
  endfacet
  facet normal -3.306648e-01 -6.991320e-01 6.339363e-01
    outer loop
      vertex   -2.744348e-02 -6.625441e-02 3.611074e-02
      vertex   -3.380540e-02 -6.324545e-02 3.611074e-02
      vertex   -3.527100e-02 -6.598740e-02 3.232233e-02
    endloop
  endfacet
  facet normal -3.975995e-01 -6.633546e-01 6.339363e-01
    outer loop
      vertex   -3.527100e-02 -6.598740e-02 3.232233e-02
      vertex   -3.380540e-02 -6.324545e-02 3.611074e-02
      vertex   -4.156906e-02 -6.221249e-02 3.232233e-02
    endloop
  endfacet
  facet normal -3.263782e-01 -5.445291e-01 7.726353e-01
    outer loop
      vertex   -3.527100e-02 -6.598740e-02 3.232233e-02
      vertex   -4.156906e-02 -6.221249e-02 3.232233e-02
      vertex   -4.367379e-02 -6.536244e-02 2.921326e-02
    endloop
  endfacet
  facet normal -3.781798e-01 -5.099164e-01 7.726353e-01
    outer loop
      vertex   -4.367379e-02 -6.536244e-02 2.921326e-02
      vertex   -4.156906e-02 -6.221249e-02 3.232233e-02
      vertex   -4.987013e-02 -6.076693e-02 2.921326e-02
    endloop
  endfacet
  facet normal -2.810740e-01 -3.789844e-01 8.816849e-01
    outer loop
      vertex   -4.367379e-02 -6.536244e-02 2.921326e-02
      vertex   -4.987013e-02 -6.076693e-02 2.921326e-02
      vertex   -5.261208e-02 -6.410801e-02 2.690301e-02
    endloop
  endfacet
  facet normal -4.091862e-01 -8.651516e-01 2.899644e-01
    outer loop
      vertex   -2.601496e-02 -6.280567e-02 4.512274e-02
      vertex   -3.271635e-02 -6.120799e-02 4.043291e-02
      vertex   -2.655938e-02 -6.412002e-02 4.043291e-02
    endloop
  endfacet
  facet normal -3.771708e-01 -7.974607e-01 4.709549e-01
    outer loop
      vertex   -2.655938e-02 -6.412002e-02 4.043291e-02
      vertex   -3.271635e-02 -6.120799e-02 4.043291e-02
      vertex   -3.380540e-02 -6.324545e-02 3.611074e-02
    endloop
  endfacet
  facet normal -3.975995e-01 -6.633546e-01 6.339363e-01
    outer loop
      vertex   -4.156906e-02 -6.221249e-02 3.232233e-02
      vertex   -3.380540e-02 -6.324545e-02 3.611074e-02
      vertex   -3.984175e-02 -5.962740e-02 3.611074e-02
    endloop
  endfacet
  facet normal -4.535195e-01 -7.566515e-01 4.709549e-01
    outer loop
      vertex   -3.984175e-02 -5.962740e-02 3.611074e-02
      vertex   -3.380540e-02 -6.324545e-02 3.611074e-02
      vertex   -3.271635e-02 -6.120799e-02 4.043291e-02
    endloop
  endfacet
  facet normal -3.224162e-01 -9.010929e-01 2.899644e-01
    outer loop
      vertex   -1.973366e-02 -6.505316e-02 4.512274e-02
      vertex   -2.601496e-02 -6.280567e-02 4.512274e-02
      vertex   -2.655938e-02 -6.412002e-02 4.043291e-02
    endloop
  endfacet
  facet normal -3.781798e-01 -5.099164e-01 7.726353e-01
    outer loop
      vertex   -4.987013e-02 -6.076693e-02 2.921326e-02
      vertex   -4.156906e-02 -6.221249e-02 3.232233e-02
      vertex   -4.746678e-02 -5.783844e-02 3.232233e-02
    endloop
  endfacet
  facet normal -4.607050e-01 -6.211888e-01 6.339363e-01
    outer loop
      vertex   -4.746678e-02 -5.783844e-02 3.232233e-02
      vertex   -4.156906e-02 -6.221249e-02 3.232233e-02
      vertex   -3.984175e-02 -5.962740e-02 3.611074e-02
    endloop
  endfacet
  facet normal -7.091180e-01 -6.427071e-01 2.899644e-01
    outer loop
      vertex   -4.907534e-02 -4.907534e-02 4.043291e-02
      vertex   -4.806938e-02 -4.806938e-02 4.512274e-02
      vertex   -5.364925e-02 -4.402880e-02 4.043291e-02
    endloop
  endfacet
  facet normal -7.091180e-01 -6.427071e-01 2.899644e-01
    outer loop
      vertex   -5.364925e-02 -4.402880e-02 4.043291e-02
      vertex   -4.806938e-02 -4.806938e-02 4.512274e-02
      vertex   -5.254954e-02 -4.312629e-02 4.512274e-02
    endloop
  endfacet
  facet normal -7.686997e-01 -5.701065e-01 2.899644e-01
    outer loop
      vertex   -5.364925e-02 -4.402880e-02 4.043291e-02
      vertex   -5.254954e-02 -4.312629e-02 4.512274e-02
      vertex   -5.770650e-02 -3.855825e-02 4.043291e-02
    endloop
  endfacet
  facet normal -7.686997e-01 -5.701065e-01 2.899644e-01
    outer loop
      vertex   -5.770650e-02 -3.855825e-02 4.043291e-02
      vertex   -5.254954e-02 -4.312629e-02 4.512274e-02
      vertex   -5.652361e-02 -3.776787e-02 4.512274e-02
    endloop
  endfacet
  facet normal -8.208784e-01 -4.920156e-01 2.899644e-01
    outer loop
      vertex   -5.770650e-02 -3.855825e-02 4.043291e-02
      vertex   -5.652361e-02 -3.776787e-02 4.512274e-02
      vertex   -6.120799e-02 -3.271635e-02 4.043291e-02
    endloop
  endfacet
  facet normal -8.208784e-01 -4.920156e-01 2.899644e-01
    outer loop
      vertex   -6.120799e-02 -3.271635e-02 4.043291e-02
      vertex   -5.652361e-02 -3.776787e-02 4.512274e-02
      vertex   -5.995333e-02 -3.204572e-02 4.512274e-02
    endloop
  endfacet
  facet normal -8.651516e-01 -4.091862e-01 2.899644e-01
    outer loop
      vertex   -6.120799e-02 -3.271635e-02 4.043291e-02
      vertex   -5.995333e-02 -3.204572e-02 4.512274e-02
      vertex   -6.412002e-02 -2.655938e-02 4.043291e-02
    endloop
  endfacet
  facet normal -8.651516e-01 -4.091862e-01 2.899644e-01
    outer loop
      vertex   -6.412002e-02 -2.655938e-02 4.043291e-02
      vertex   -5.995333e-02 -3.204572e-02 4.512274e-02
      vertex   -6.280567e-02 -2.601496e-02 4.512274e-02
    endloop
  endfacet
  facet normal -9.010929e-01 -3.224162e-01 2.899644e-01
    outer loop
      vertex   -6.412002e-02 -2.655938e-02 4.043291e-02
      vertex   -6.280567e-02 -2.601496e-02 4.512274e-02
      vertex   -6.641454e-02 -2.014663e-02 4.043291e-02
    endloop
  endfacet
  facet normal -6.536354e-01 -5.924206e-01 4.709549e-01
    outer loop
      vertex   -5.070893e-02 -5.070893e-02 3.611074e-02
      vertex   -4.907534e-02 -4.907534e-02 4.043291e-02
      vertex   -5.543510e-02 -4.549441e-02 3.611074e-02
    endloop
  endfacet
  facet normal -6.536354e-01 -5.924206e-01 4.709549e-01
    outer loop
      vertex   -5.543510e-02 -4.549441e-02 3.611074e-02
      vertex   -4.907534e-02 -4.907534e-02 4.043291e-02
      vertex   -5.364925e-02 -4.402880e-02 4.043291e-02
    endloop
  endfacet
  facet normal -7.085554e-01 -5.255005e-01 4.709549e-01
    outer loop
      vertex   -5.543510e-02 -4.549441e-02 3.611074e-02
      vertex   -5.364925e-02 -4.402880e-02 4.043291e-02
      vertex   -5.962740e-02 -3.984175e-02 3.611074e-02
    endloop
  endfacet
  facet normal -7.085554e-01 -5.255005e-01 4.709549e-01
    outer loop
      vertex   -5.962740e-02 -3.984175e-02 3.611074e-02
      vertex   -5.364925e-02 -4.402880e-02 4.043291e-02
      vertex   -5.770650e-02 -3.855825e-02 4.043291e-02
    endloop
  endfacet
  facet normal -7.566515e-01 -4.535195e-01 4.709549e-01
    outer loop
      vertex   -5.962740e-02 -3.984175e-02 3.611074e-02
      vertex   -5.770650e-02 -3.855825e-02 4.043291e-02
      vertex   -6.324545e-02 -3.380540e-02 3.611074e-02
    endloop
  endfacet
  facet normal -7.566515e-01 -4.535195e-01 4.709549e-01
    outer loop
      vertex   -6.324545e-02 -3.380540e-02 3.611074e-02
      vertex   -5.770650e-02 -3.855825e-02 4.043291e-02
      vertex   -6.120799e-02 -3.271635e-02 4.043291e-02
    endloop
  endfacet
  facet normal -7.974607e-01 -3.771708e-01 4.709549e-01
    outer loop
      vertex   -6.324545e-02 -3.380540e-02 3.611074e-02
      vertex   -6.120799e-02 -3.271635e-02 4.043291e-02
      vertex   -6.625441e-02 -2.744348e-02 3.611074e-02
    endloop
  endfacet
  facet normal -7.974607e-01 -3.771708e-01 4.709549e-01
    outer loop
      vertex   -6.625441e-02 -2.744348e-02 3.611074e-02
      vertex   -6.120799e-02 -3.271635e-02 4.043291e-02
      vertex   -6.412002e-02 -2.655938e-02 4.043291e-02
    endloop
  endfacet
  facet normal -8.305900e-01 -2.971898e-01 4.709549e-01
    outer loop
      vertex   -6.625441e-02 -2.744348e-02 3.611074e-02
      vertex   -6.412002e-02 -2.655938e-02 4.043291e-02
      vertex   -6.862531e-02 -2.081726e-02 3.611074e-02
    endloop
  endfacet
  facet normal -8.305900e-01 -2.971898e-01 4.709549e-01
    outer loop
      vertex   -6.862531e-02 -2.081726e-02 3.611074e-02
      vertex   -6.412002e-02 -2.655938e-02 4.043291e-02
      vertex   -6.641454e-02 -2.014663e-02 4.043291e-02
    endloop
  endfacet
  facet normal -8.557201e-01 -2.143467e-01 4.709549e-01
    outer loop
      vertex   -6.862531e-02 -2.081726e-02 3.611074e-02
      vertex   -6.641454e-02 -2.014663e-02 4.043291e-02
      vertex   -7.033531e-02 -1.399056e-02 3.611074e-02
    endloop
  endfacet
  facet normal -5.730407e-01 -5.193738e-01 6.339363e-01
    outer loop
      vertex   -5.290738e-02 -5.290738e-02 3.232233e-02
      vertex   -5.070893e-02 -5.070893e-02 3.611074e-02
      vertex   -5.783844e-02 -4.746678e-02 3.232233e-02
    endloop
  endfacet
  facet normal -5.730407e-01 -5.193738e-01 6.339363e-01
    outer loop
      vertex   -5.783844e-02 -4.746678e-02 3.232233e-02
      vertex   -5.070893e-02 -5.070893e-02 3.611074e-02
      vertex   -5.543510e-02 -4.549441e-02 3.611074e-02
    endloop
  endfacet
  facet normal -6.211888e-01 -4.607050e-01 6.339363e-01
    outer loop
      vertex   -5.783844e-02 -4.746678e-02 3.232233e-02
      vertex   -5.543510e-02 -4.549441e-02 3.611074e-02
      vertex   -6.221249e-02 -4.156906e-02 3.232233e-02
    endloop
  endfacet
  facet normal -6.211888e-01 -4.607050e-01 6.339363e-01
    outer loop
      vertex   -6.221249e-02 -4.156906e-02 3.232233e-02
      vertex   -5.543510e-02 -4.549441e-02 3.611074e-02
      vertex   -5.962740e-02 -3.984175e-02 3.611074e-02
    endloop
  endfacet
  facet normal -6.633546e-01 -3.975995e-01 6.339363e-01
    outer loop
      vertex   -6.221249e-02 -4.156906e-02 3.232233e-02
      vertex   -5.962740e-02 -3.984175e-02 3.611074e-02
      vertex   -6.598740e-02 -3.527100e-02 3.232233e-02
    endloop
  endfacet
  facet normal -6.633546e-01 -3.975995e-01 6.339363e-01
    outer loop
      vertex   -6.598740e-02 -3.527100e-02 3.232233e-02
      vertex   -5.962740e-02 -3.984175e-02 3.611074e-02
      vertex   -6.324545e-02 -3.380540e-02 3.611074e-02
    endloop
  endfacet
  facet normal -6.991320e-01 -3.306648e-01 6.339363e-01
    outer loop
      vertex   -6.598740e-02 -3.527100e-02 3.232233e-02
      vertex   -6.324545e-02 -3.380540e-02 3.611074e-02
      vertex   -6.912682e-02 -2.863327e-02 3.232233e-02
    endloop
  endfacet
  facet normal -6.991320e-01 -3.306648e-01 6.339363e-01
    outer loop
      vertex   -6.912682e-02 -2.863327e-02 3.232233e-02
      vertex   -6.324545e-02 -3.380540e-02 3.611074e-02
      vertex   -6.625441e-02 -2.744348e-02 3.611074e-02
    endloop
  endfacet
  facet normal -7.281763e-01 -2.605456e-01 6.339363e-01
    outer loop
      vertex   -6.912682e-02 -2.863327e-02 3.232233e-02
      vertex   -6.625441e-02 -2.744348e-02 3.611074e-02
      vertex   -7.160051e-02 -2.171978e-02 3.232233e-02
    endloop
  endfacet
  facet normal -7.281763e-01 -2.605456e-01 6.339363e-01
    outer loop
      vertex   -7.160051e-02 -2.171978e-02 3.232233e-02
      vertex   -6.625441e-02 -2.744348e-02 3.611074e-02
      vertex   -6.862531e-02 -2.081726e-02 3.611074e-02
    endloop
  endfacet
  facet normal -7.502078e-01 -1.879173e-01 6.339363e-01
    outer loop
      vertex   -7.160051e-02 -2.171978e-02 3.232233e-02
      vertex   -6.862531e-02 -2.081726e-02 3.611074e-02
      vertex   -7.338464e-02 -1.459711e-02 3.232233e-02
    endloop
  endfacet
  facet normal -7.502078e-01 -1.879173e-01 6.339363e-01
    outer loop
      vertex   -7.338464e-02 -1.459711e-02 3.232233e-02
      vertex   -6.862531e-02 -2.081726e-02 3.611074e-02
      vertex   -7.033531e-02 -1.399056e-02 3.611074e-02
    endloop
  endfacet
  facet normal -7.650145e-01 -1.134792e-01 6.339363e-01
    outer loop
      vertex   -7.338464e-02 -1.459711e-02 3.232233e-02
      vertex   -7.033531e-02 -1.399056e-02 3.611074e-02
      vertex   -7.446204e-02 -7.333871e-03 3.232233e-02
    endloop
  endfacet
  facet normal -4.703929e-01 -4.263393e-01 7.726353e-01
    outer loop
      vertex   -5.558619e-02 -5.558619e-02 2.921326e-02
      vertex   -5.290738e-02 -5.290738e-02 3.232233e-02
      vertex   -6.076693e-02 -4.987013e-02 2.921326e-02
    endloop
  endfacet
  facet normal -4.703929e-01 -4.263393e-01 7.726353e-01
    outer loop
      vertex   -6.076693e-02 -4.987013e-02 2.921326e-02
      vertex   -5.290738e-02 -5.290738e-02 3.232233e-02
      vertex   -5.783844e-02 -4.746678e-02 3.232233e-02
    endloop
  endfacet
  facet normal -5.099164e-01 -3.781798e-01 7.726353e-01
    outer loop
      vertex   -6.076693e-02 -4.987013e-02 2.921326e-02
      vertex   -5.783844e-02 -4.746678e-02 3.232233e-02
      vertex   -6.536244e-02 -4.367379e-02 2.921326e-02
    endloop
  endfacet
  facet normal -5.099164e-01 -3.781798e-01 7.726353e-01
    outer loop
      vertex   -6.536244e-02 -4.367379e-02 2.921326e-02
      vertex   -5.783844e-02 -4.746678e-02 3.232233e-02
      vertex   -6.221249e-02 -4.156906e-02 3.232233e-02
    endloop
  endfacet
  facet normal -5.445291e-01 -3.263782e-01 7.726353e-01
    outer loop
      vertex   -6.536244e-02 -4.367379e-02 2.921326e-02
      vertex   -6.221249e-02 -4.156906e-02 3.232233e-02
      vertex   -6.932849e-02 -3.705685e-02 2.921326e-02
    endloop
  endfacet
  facet normal -5.445291e-01 -3.263782e-01 7.726353e-01
    outer loop
      vertex   -6.932849e-02 -3.705685e-02 2.921326e-02
      vertex   -6.221249e-02 -4.156906e-02 3.232233e-02
      vertex   -6.598740e-02 -3.527100e-02 3.232233e-02
    endloop
  endfacet
  facet normal -5.738977e-01 -2.714334e-01 7.726353e-01
    outer loop
      vertex   -6.932849e-02 -3.705685e-02 2.921326e-02
      vertex   -6.598740e-02 -3.527100e-02 3.232233e-02
      vertex   -7.262686e-02 -3.008303e-02 2.921326e-02
    endloop
  endfacet
  facet normal -5.738977e-01 -2.714334e-01 7.726353e-01
    outer loop
      vertex   -7.262686e-02 -3.008303e-02 2.921326e-02
      vertex   -6.598740e-02 -3.527100e-02 3.232233e-02
      vertex   -6.912682e-02 -2.863327e-02 3.232233e-02
    endloop
  endfacet
  facet normal -5.977394e-01 -2.138746e-01 7.726353e-01
    outer loop
      vertex   -7.262686e-02 -3.008303e-02 2.921326e-02
      vertex   -6.912682e-02 -2.863327e-02 3.232233e-02
      vertex   -7.522579e-02 -2.281949e-02 2.921326e-02
    endloop
  endfacet
  facet normal -5.977394e-01 -2.138746e-01 7.726353e-01
    outer loop
      vertex   -7.522579e-02 -2.281949e-02 2.921326e-02
      vertex   -6.912682e-02 -2.863327e-02 3.232233e-02
      vertex   -7.160051e-02 -2.171978e-02 3.232233e-02
    endloop
  endfacet
  facet normal -6.158245e-01 -1.542560e-01 7.726353e-01
    outer loop
      vertex   -7.522579e-02 -2.281949e-02 2.921326e-02
      vertex   -7.160051e-02 -2.171978e-02 3.232233e-02
      vertex   -7.710026e-02 -1.533620e-02 2.921326e-02
    endloop
  endfacet
  facet normal -6.158245e-01 -1.542560e-01 7.726353e-01
    outer loop
      vertex   -7.710026e-02 -1.533620e-02 2.921326e-02
      vertex   -7.160051e-02 -2.171978e-02 3.232233e-02
      vertex   -7.338464e-02 -1.459711e-02 3.232233e-02
    endloop
  endfacet
  facet normal -6.279788e-01 -9.315186e-02 7.726353e-01
    outer loop
      vertex   -7.710026e-02 -1.533620e-02 2.921326e-02
      vertex   -7.338464e-02 -1.459711e-02 3.232233e-02
      vertex   -7.823221e-02 -7.705200e-03 2.921326e-02
    endloop
  endfacet
  facet normal -6.279788e-01 -9.315186e-02 7.726353e-01
    outer loop
      vertex   -7.823221e-02 -7.705200e-03 2.921326e-02
      vertex   -7.338464e-02 -1.459711e-02 3.232233e-02
      vertex   -7.446204e-02 -7.333871e-03 3.232233e-02
    endloop
  endfacet
  facet normal -3.496094e-01 -3.168675e-01 8.816849e-01
    outer loop
      vertex   -5.864243e-02 -5.864243e-02 2.690301e-02
      vertex   -5.558619e-02 -5.558619e-02 2.921326e-02
      vertex   -6.410801e-02 -5.261208e-02 2.690301e-02
    endloop
  endfacet
  facet normal -3.496094e-01 -3.168675e-01 8.816849e-01
    outer loop
      vertex   -6.410801e-02 -5.261208e-02 2.690301e-02
      vertex   -5.558619e-02 -5.558619e-02 2.921326e-02
      vertex   -6.076693e-02 -4.987013e-02 2.921326e-02
    endloop
  endfacet
  facet normal -3.789844e-01 -2.810740e-01 8.816849e-01
    outer loop
      vertex   -6.410801e-02 -5.261208e-02 2.690301e-02
      vertex   -6.076693e-02 -4.987013e-02 2.921326e-02
      vertex   -6.895620e-02 -4.607506e-02 2.690301e-02
    endloop
  endfacet
  facet normal -3.789844e-01 -2.810740e-01 8.816849e-01
    outer loop
      vertex   -6.895620e-02 -4.607506e-02 2.690301e-02
      vertex   -6.076693e-02 -4.987013e-02 2.921326e-02
      vertex   -6.536244e-02 -4.367379e-02 2.921326e-02
    endloop
  endfacet
  facet normal -4.047096e-01 -2.425736e-01 8.816849e-01
    outer loop
      vertex   -6.895620e-02 -4.607506e-02 2.690301e-02
      vertex   -6.536244e-02 -4.367379e-02 2.921326e-02
      vertex   -7.314030e-02 -3.909431e-02 2.690301e-02
    endloop
  endfacet
  facet normal -4.047096e-01 -2.425736e-01 8.816849e-01
    outer loop
      vertex   -7.314030e-02 -3.909431e-02 2.690301e-02
      vertex   -6.536244e-02 -4.367379e-02 2.921326e-02
      vertex   -6.932849e-02 -3.705685e-02 2.921326e-02
    endloop
  endfacet
  facet normal -4.265372e-01 -2.017371e-01 8.816849e-01
    outer loop
      vertex   -7.314030e-02 -3.909431e-02 2.690301e-02
      vertex   -6.932849e-02 -3.705685e-02 2.921326e-02
      vertex   -7.662002e-02 -3.173705e-02 2.690301e-02
    endloop
  endfacet
  facet normal -4.265372e-01 -2.017371e-01 8.816849e-01
    outer loop
      vertex   -7.662002e-02 -3.173705e-02 2.690301e-02
      vertex   -6.932849e-02 -3.705685e-02 2.921326e-02
      vertex   -7.262686e-02 -3.008303e-02 2.921326e-02
    endloop
  endfacet
  facet normal -4.442570e-01 -1.589577e-01 8.816849e-01
    outer loop
      vertex   -7.662002e-02 -3.173705e-02 2.690301e-02
      vertex   -7.262686e-02 -3.008303e-02 2.921326e-02
      vertex   -7.936185e-02 -2.407415e-02 2.690301e-02
    endloop
  endfacet
  facet normal -4.442570e-01 -1.589577e-01 8.816849e-01
    outer loop
      vertex   -7.936185e-02 -2.407415e-02 2.690301e-02
      vertex   -7.262686e-02 -3.008303e-02 2.921326e-02
      vertex   -7.522579e-02 -2.281949e-02 2.921326e-02
    endloop
  endfacet
  facet normal -4.576983e-01 -1.146475e-01 8.816849e-01
    outer loop
      vertex   -7.936185e-02 -2.407415e-02 2.690301e-02
      vertex   -7.522579e-02 -2.281949e-02 2.921326e-02
      vertex   -8.133938e-02 -1.617941e-02 2.690301e-02
    endloop
  endfacet
  facet normal -4.576983e-01 -1.146475e-01 8.816849e-01
    outer loop
      vertex   -8.133938e-02 -1.617941e-02 2.690301e-02
      vertex   -7.522579e-02 -2.281949e-02 2.921326e-02
      vertex   -7.710026e-02 -1.533620e-02 2.921326e-02
    endloop
  endfacet
  facet normal -4.667318e-01 -6.923312e-02 8.816849e-01
    outer loop
      vertex   -8.133938e-02 -1.617941e-02 2.690301e-02
      vertex   -7.710026e-02 -1.533620e-02 2.921326e-02
      vertex   -8.253357e-02 -8.128847e-03 2.690301e-02
    endloop
  endfacet
  facet normal -4.667318e-01 -6.923312e-02 8.816849e-01
    outer loop
      vertex   -8.253357e-02 -8.128847e-03 2.690301e-02
      vertex   -7.710026e-02 -1.533620e-02 2.921326e-02
      vertex   -7.823221e-02 -7.705200e-03 2.921326e-02
    endloop
  endfacet
  facet normal -2.153243e-01 -1.951585e-01 9.568430e-01
    outer loop
      vertex   -6.195864e-02 -6.195864e-02 2.548037e-02
      vertex   -5.864243e-02 -5.864243e-02 2.690301e-02
      vertex   -6.773330e-02 -5.558728e-02 2.548037e-02
    endloop
  endfacet
  facet normal -2.153243e-01 -1.951585e-01 9.568430e-01
    outer loop
      vertex   -6.773330e-02 -5.558728e-02 2.548037e-02
      vertex   -5.864243e-02 -5.864243e-02 2.690301e-02
      vertex   -6.410801e-02 -5.261208e-02 2.690301e-02
    endloop
  endfacet
  facet normal -2.334163e-01 -1.731133e-01 9.568430e-01
    outer loop
      vertex   -6.773330e-02 -5.558728e-02 2.548037e-02
      vertex   -6.410801e-02 -5.261208e-02 2.690301e-02
      vertex   -7.285565e-02 -4.868059e-02 2.548037e-02
    endloop
  endfacet
  facet normal -2.334163e-01 -1.731133e-01 9.568430e-01
    outer loop
      vertex   -7.285565e-02 -4.868059e-02 2.548037e-02
      vertex   -6.410801e-02 -5.261208e-02 2.690301e-02
      vertex   -6.895620e-02 -4.607506e-02 2.690301e-02
    endloop
  endfacet
  facet normal -2.492604e-01 -1.494009e-01 9.568430e-01
    outer loop
      vertex   -7.285565e-02 -4.868059e-02 2.548037e-02
      vertex   -6.895620e-02 -4.607506e-02 2.690301e-02
      vertex   -7.727636e-02 -4.130507e-02 2.548037e-02
    endloop
  endfacet
  facet normal -2.492604e-01 -1.494009e-01 9.568430e-01
    outer loop
      vertex   -7.727636e-02 -4.130507e-02 2.548037e-02
      vertex   -6.895620e-02 -4.607506e-02 2.690301e-02
      vertex   -7.314030e-02 -3.909431e-02 2.690301e-02
    endloop
  endfacet
  facet normal -2.627040e-01 -1.242497e-01 9.568430e-01
    outer loop
      vertex   -7.727636e-02 -4.130507e-02 2.548037e-02
      vertex   -7.314030e-02 -3.909431e-02 2.690301e-02
      vertex   -8.095286e-02 -3.353177e-02 2.548037e-02
    endloop
  endfacet
  facet normal -2.627040e-01 -1.242497e-01 9.568430e-01
    outer loop
      vertex   -8.095286e-02 -3.353177e-02 2.548037e-02
      vertex   -7.314030e-02 -3.909431e-02 2.690301e-02
      vertex   -7.662002e-02 -3.173705e-02 2.690301e-02
    endloop
  endfacet
  facet normal -2.736176e-01 -9.790195e-02 9.568430e-01
    outer loop
      vertex   -8.095286e-02 -3.353177e-02 2.548037e-02
      vertex   -7.662002e-02 -3.173705e-02 2.690301e-02
      vertex   -8.384974e-02 -2.543554e-02 2.548037e-02
    endloop
  endfacet
  facet normal -2.736176e-01 -9.790195e-02 9.568430e-01
    outer loop
      vertex   -8.384974e-02 -2.543554e-02 2.548037e-02
      vertex   -7.662002e-02 -3.173705e-02 2.690301e-02
      vertex   -7.936185e-02 -2.407415e-02 2.690301e-02
    endloop
  endfacet
  facet normal -2.818961e-01 -7.061131e-02 9.568430e-01
    outer loop
      vertex   -8.384974e-02 -2.543554e-02 2.548037e-02
      vertex   -7.936185e-02 -2.407415e-02 2.690301e-02
      vertex   -8.593910e-02 -1.709435e-02 2.548037e-02
    endloop
  endfacet
  facet normal -2.818961e-01 -7.061131e-02 9.568430e-01
    outer loop
      vertex   -8.593910e-02 -1.709435e-02 2.548037e-02
      vertex   -7.936185e-02 -2.407415e-02 2.690301e-02
      vertex   -8.133938e-02 -1.617941e-02 2.690301e-02
    endloop
  endfacet
  facet normal -2.874598e-01 -4.264064e-02 9.568430e-01
    outer loop
      vertex   -8.593910e-02 -1.709435e-02 2.548037e-02
      vertex   -8.133938e-02 -1.617941e-02 2.690301e-02
      vertex   -8.720081e-02 -8.588531e-03 2.548037e-02
    endloop
  endfacet
  facet normal -2.874598e-01 -4.264064e-02 9.568430e-01
    outer loop
      vertex   -8.720081e-02 -8.588531e-03 2.548037e-02
      vertex   -8.133938e-02 -1.617941e-02 2.690301e-02
      vertex   -8.253357e-02 -8.128847e-03 2.690301e-02
    endloop
  endfacet
  facet normal -9.979454e-01 6.407022e-02 -1.889450e-16
    outer loop
      vertex   -6.694583e-02 8.631708e-03 6.000000e-02
      vertex   -6.694583e-02 8.631708e-03 5.000000e-02
      vertex   -6.750000e-02 -8.266366e-18 6.000000e-02
    endloop
  endfacet
  facet normal -9.979454e-01 6.407022e-02 1.059256e-16
    outer loop
      vertex   -6.750000e-02 -8.266366e-18 6.000000e-02
      vertex   -6.694583e-02 8.631708e-03 5.000000e-02
      vertex   -6.750000e-02 8.266366e-18 5.000000e-02
    endloop
  endfacet
  facet normal -9.979454e-01 -6.407022e-02 -1.059256e-16
    outer loop
      vertex   -6.750000e-02 -8.266366e-18 6.000000e-02
      vertex   -6.750000e-02 8.266366e-18 5.000000e-02
      vertex   -6.694583e-02 -8.631708e-03 6.000000e-02
    endloop
  endfacet
  facet normal -9.979454e-01 -6.407022e-02 1.889450e-16
    outer loop
      vertex   -6.694583e-02 -8.631708e-03 6.000000e-02
      vertex   -6.750000e-02 8.266366e-18 5.000000e-02
      vertex   -6.694583e-02 -8.631708e-03 5.000000e-02
    endloop
  endfacet
  facet normal -9.815592e-01 -1.911586e-01 5.637325e-16
    outer loop
      vertex   -6.694583e-02 -8.631708e-03 6.000000e-02
      vertex   -6.694583e-02 -8.631708e-03 5.000000e-02
      vertex   -6.529240e-02 -1.712168e-02 6.000000e-02
    endloop
  endfacet
  facet normal -9.815592e-01 -1.911586e-01 -1.596909e-15
    outer loop
      vertex   -6.529240e-02 -1.712168e-02 6.000000e-02
      vertex   -6.694583e-02 -8.631708e-03 5.000000e-02
      vertex   -6.529240e-02 -1.712168e-02 5.000000e-02
    endloop
  endfacet
  facet normal -9.490557e-01 -3.151082e-01 -7.756317e-16
    outer loop
      vertex   -6.529240e-02 -1.712168e-02 6.000000e-02
      vertex   -6.529240e-02 -1.712168e-02 5.000000e-02
      vertex   -6.256688e-02 -2.533052e-02 6.000000e-02
    endloop
  endfacet
  facet normal -9.490557e-01 -3.151082e-01 7.652759e-16
    outer loop
      vertex   -6.256688e-02 -2.533052e-02 6.000000e-02
      vertex   -6.529240e-02 -1.712168e-02 5.000000e-02
      vertex   -6.256688e-02 -2.533052e-02 5.000000e-02
    endloop
  endfacet
  facet normal -9.009689e-01 -4.338837e-01 1.053736e-15
    outer loop
      vertex   -6.256688e-02 -2.533052e-02 6.000000e-02
      vertex   -6.256688e-02 -2.533052e-02 5.000000e-02
      vertex   -5.881401e-02 -3.312343e-02 6.000000e-02
    endloop
  endfacet
  facet normal -9.009689e-01 -4.338837e-01 -9.215237e-17
    outer loop
      vertex   -5.881401e-02 -3.312343e-02 6.000000e-02
      vertex   -6.256688e-02 -2.533052e-02 5.000000e-02
      vertex   -5.881401e-02 -3.312343e-02 5.000000e-02
    endloop
  endfacet
  facet normal -8.380881e-01 -5.455349e-01 7.021653e-16
    outer loop
      vertex   -5.881401e-02 -3.312343e-02 6.000000e-02
      vertex   -5.881401e-02 -3.312343e-02 5.000000e-02
      vertex   -5.409542e-02 -4.037246e-02 6.000000e-02
    endloop
  endfacet
  facet normal -8.380881e-01 -5.455349e-01 -0.000000e+00
    outer loop
      vertex   -5.409542e-02 -4.037246e-02 6.000000e-02
      vertex   -5.881401e-02 -3.312343e-02 5.000000e-02
      vertex   -5.409542e-02 -4.037246e-02 5.000000e-02
    endloop
  endfacet
  facet normal -7.614460e-01 -6.482284e-01 -0.000000e+00
    outer loop
      vertex   -5.409542e-02 -4.037246e-02 6.000000e-02
      vertex   -5.409542e-02 -4.037246e-02 5.000000e-02
      vertex   -4.848858e-02 -4.695857e-02 6.000000e-02
    endloop
  endfacet
  facet normal -7.614460e-01 -6.482284e-01 -2.356814e-16
    outer loop
      vertex   -4.848858e-02 -4.695857e-02 6.000000e-02
      vertex   -5.409542e-02 -4.037246e-02 5.000000e-02
      vertex   -4.848858e-02 -4.695857e-02 5.000000e-02
    endloop
  endfacet
  facet normal -6.723009e-01 -7.402780e-01 1.415058e-16
    outer loop
      vertex   -4.848858e-02 -4.695857e-02 6.000000e-02
      vertex   -4.848858e-02 -4.695857e-02 5.000000e-02
      vertex   -4.208556e-02 -5.277363e-02 6.000000e-02
    endloop
  endfacet
  facet normal -6.723009e-01 -7.402780e-01 -0.000000e+00
    outer loop
      vertex   -4.208556e-02 -5.277363e-02 6.000000e-02
      vertex   -4.848858e-02 -4.695857e-02 5.000000e-02
      vertex   -4.208556e-02 -5.277363e-02 5.000000e-02
    endloop
  endfacet
  facet normal -5.721167e-01 -8.201723e-01 -0.000000e+00
    outer loop
      vertex   -4.208556e-02 -5.277363e-02 6.000000e-02
      vertex   -4.208556e-02 -5.277363e-02 5.000000e-02
      vertex   -3.499150e-02 -5.772214e-02 6.000000e-02
    endloop
  endfacet
  facet normal -5.721167e-01 -8.201723e-01 -1.018834e-15
    outer loop
      vertex   -3.499150e-02 -5.772214e-02 6.000000e-02
      vertex   -4.208556e-02 -5.277363e-02 5.000000e-02
      vertex   -3.499150e-02 -5.772214e-02 5.000000e-02
    endloop
  endfacet
  facet normal -4.625383e-01 -8.865993e-01 -6.685998e-16
    outer loop
      vertex   -3.499150e-02 -5.772214e-02 6.000000e-02
      vertex   -3.499150e-02 -5.772214e-02 5.000000e-02
      vertex   -2.732288e-02 -6.172285e-02 6.000000e-02
    endloop
  endfacet
  facet normal -4.625383e-01 -8.865993e-01 -7.219977e-16
    outer loop
      vertex   -2.732288e-02 -6.172285e-02 6.000000e-02
      vertex   -3.499150e-02 -5.772214e-02 5.000000e-02
      vertex   -2.732288e-02 -6.172285e-02 5.000000e-02
    endloop
  endfacet
  facet normal -3.453651e-01 -9.384684e-01 3.641867e-17
    outer loop
      vertex   -2.732288e-02 -6.172285e-02 6.000000e-02
      vertex   -2.732288e-02 -6.172285e-02 5.000000e-02
      vertex   -1.920561e-02 -6.471008e-02 6.000000e-02
    endloop
  endfacet
  facet normal -3.453651e-01 -9.384684e-01 3.438060e-16
    outer loop
      vertex   -1.920561e-02 -6.471008e-02 6.000000e-02
      vertex   -2.732288e-02 -6.172285e-02 5.000000e-02
      vertex   -1.920561e-02 -6.471008e-02 5.000000e-02
    endloop
  endfacet
  facet normal -2.225209e-01 -9.749279e-01 7.353646e-16
    outer loop
      vertex   -1.920561e-02 -6.471008e-02 6.000000e-02
      vertex   -1.920561e-02 -6.471008e-02 5.000000e-02
      vertex   -1.077299e-02 -6.663477e-02 6.000000e-02
    endloop
  endfacet
  facet normal -2.225209e-01 -9.749279e-01 4.265548e-16
    outer loop
      vertex   -1.077299e-02 -6.663477e-02 6.000000e-02
      vertex   -1.920561e-02 -6.471008e-02 5.000000e-02
      vertex   -1.077299e-02 -6.663477e-02 5.000000e-02
    endloop
  endfacet
  facet normal -9.602303e-02 -9.953791e-01 9.815899e-16
    outer loop
      vertex   -1.077299e-02 -6.663477e-02 6.000000e-02
      vertex   -1.077299e-02 -6.663477e-02 5.000000e-02
      vertex   -2.163481e-03 -6.746532e-02 6.000000e-02
    endloop
  endfacet
  facet normal -9.602303e-02 -9.953791e-01 -1.415874e-16
    outer loop
      vertex   -2.163481e-03 -6.746532e-02 6.000000e-02
      vertex   -1.077299e-02 -6.663477e-02 5.000000e-02
      vertex   -2.163481e-03 -6.746532e-02 5.000000e-02
    endloop
  endfacet
  facet normal 3.205158e-02 -9.994862e-01 4.726053e-17
    outer loop
      vertex   -2.163481e-03 -6.746532e-02 6.000000e-02
      vertex   -2.163481e-03 -6.746532e-02 5.000000e-02
      vertex   6.481554e-03 -6.718809e-02 6.000000e-02
    endloop
  endfacet
  facet normal 3.205158e-02 -9.994862e-01 -1.242504e-15
    outer loop
      vertex   6.481554e-03 -6.718809e-02 6.000000e-02
      vertex   -2.163481e-03 -6.746532e-02 5.000000e-02
      vertex   6.481554e-03 -6.718809e-02 5.000000e-02
    endloop
  endfacet
  facet normal 1.595999e-01 -9.871818e-01 -6.501496e-16
    outer loop
      vertex   6.481554e-03 -6.718809e-02 6.000000e-02
      vertex   6.481554e-03 -6.718809e-02 5.000000e-02
      vertex   1.502016e-02 -6.580763e-02 6.000000e-02
    endloop
  endfacet
  facet normal 1.595999e-01 -9.871818e-01 0.000000e+00
    outer loop
      vertex   1.502016e-02 -6.580763e-02 6.000000e-02
      vertex   6.481554e-03 -6.718809e-02 5.000000e-02
      vertex   1.502016e-02 -6.580763e-02 5.000000e-02
    endloop
  endfacet
  facet normal 2.845276e-01 -9.586679e-01 0.000000e+00
    outer loop
      vertex   1.502016e-02 -6.580763e-02 6.000000e-02
      vertex   1.502016e-02 -6.580763e-02 5.000000e-02
      vertex   2.331214e-02 -6.334662e-02 6.000000e-02
    endloop
  endfacet
  facet normal 2.845276e-01 -9.586679e-01 -4.419809e-16
    outer loop
      vertex   2.331214e-02 -6.334662e-02 6.000000e-02
      vertex   1.502016e-02 -6.580763e-02 5.000000e-02
      vertex   2.331214e-02 -6.334662e-02 5.000000e-02
    endloop
  endfacet
  facet normal 4.047833e-01 -9.144126e-01 -5.065533e-18
    outer loop
      vertex   2.331214e-02 -6.334662e-02 6.000000e-02
      vertex   2.331214e-02 -6.334662e-02 5.000000e-02
      vertex   3.122133e-02 -5.984545e-02 6.000000e-02
    endloop
  endfacet
  facet normal 4.047833e-01 -9.144126e-01 0.000000e+00
    outer loop
      vertex   3.122133e-02 -5.984545e-02 6.000000e-02
      vertex   2.331214e-02 -6.334662e-02 5.000000e-02
      vertex   3.122133e-02 -5.984545e-02 5.000000e-02
    endloop
  endfacet
  facet normal 5.183926e-01 -8.551428e-01 0.000000e+00
    outer loop
      vertex   3.122133e-02 -5.984545e-02 6.000000e-02
      vertex   3.122133e-02 -5.984545e-02 5.000000e-02
      vertex   3.861787e-02 -5.536163e-02 6.000000e-02
    endloop
  endfacet
  facet normal 5.183926e-01 -8.551428e-01 -1.076277e-16
    outer loop
      vertex   3.861787e-02 -5.536163e-02 6.000000e-02
      vertex   3.122133e-02 -5.984545e-02 5.000000e-02
      vertex   3.861787e-02 -5.536163e-02 5.000000e-02
    endloop
  endfacet
  facet normal 6.234898e-01 -7.818315e-01 2.128897e-16
    outer loop
      vertex   3.861787e-02 -5.536163e-02 6.000000e-02
      vertex   3.861787e-02 -5.536163e-02 5.000000e-02
      vertex   4.538031e-02 -4.996876e-02 6.000000e-02
    endloop
  endfacet
  facet normal 6.234898e-01 -7.818315e-01 1.030181e-16
    outer loop
      vertex   4.538031e-02 -4.996876e-02 6.000000e-02
      vertex   3.861787e-02 -5.536163e-02 5.000000e-02
      vertex   4.538031e-02 -4.996876e-02 5.000000e-02
    endloop
  endfacet
  facet normal 7.183494e-01 -6.956826e-01 5.456397e-16
    outer loop
      vertex   4.538031e-02 -4.996876e-02 6.000000e-02
      vertex   4.538031e-02 -4.996876e-02 5.000000e-02
      vertex   5.139760e-02 -4.375542e-02 6.000000e-02
    endloop
  endfacet
  facet normal 7.183494e-01 -6.956826e-01 4.718476e-17
    outer loop
      vertex   5.139760e-02 -4.375542e-02 6.000000e-02
      vertex   4.538031e-02 -4.996876e-02 5.000000e-02
      vertex   5.139760e-02 -4.375542e-02 5.000000e-02
    endloop
  endfacet
  facet normal 8.014136e-01 -5.981105e-01 4.232096e-16
    outer loop
      vertex   5.139760e-02 -4.375542e-02 6.000000e-02
      vertex   5.139760e-02 -4.375542e-02 5.000000e-02
      vertex   5.657095e-02 -3.682361e-02 6.000000e-02
    endloop
  endfacet
  facet normal 8.014136e-01 -5.981105e-01 8.187023e-18
    outer loop
      vertex   5.657095e-02 -3.682361e-02 6.000000e-02
      vertex   5.139760e-02 -4.375542e-02 5.000000e-02
      vertex   5.657095e-02 -3.682361e-02 5.000000e-02
    endloop
  endfacet
  facet normal 8.713187e-01 -4.907176e-01 4.517816e-16
    outer loop
      vertex   5.657095e-02 -3.682361e-02 6.000000e-02
      vertex   5.657095e-02 -3.682361e-02 5.000000e-02
      vertex   6.081540e-02 -2.928715e-02 6.000000e-02
    endloop
  endfacet
  facet normal 8.713187e-01 -4.907176e-01 0.000000e+00
    outer loop
      vertex   6.081540e-02 -2.928715e-02 6.000000e-02
      vertex   5.657095e-02 -3.682361e-02 5.000000e-02
      vertex   6.081540e-02 -2.928715e-02 5.000000e-02
    endloop
  endfacet
  facet normal 9.269168e-01 -3.752670e-01 0.000000e+00
    outer loop
      vertex   6.081540e-02 -2.928715e-02 6.000000e-02
      vertex   6.081540e-02 -2.928715e-02 5.000000e-02
      vertex   6.406126e-02 -2.126980e-02 6.000000e-02
    endloop
  endfacet
  facet normal 9.269168e-01 -3.752670e-01 5.051740e-16
    outer loop
      vertex   6.406126e-02 -2.126980e-02 6.000000e-02
      vertex   6.081540e-02 -2.928715e-02 5.000000e-02
      vertex   6.406126e-02 -2.126980e-02 5.000000e-02
    endloop
  endfacet
  facet normal 9.672949e-01 -2.536546e-01 8.143666e-16
    outer loop
      vertex   6.406126e-02 -2.126980e-02 6.000000e-02
      vertex   6.406126e-02 -2.126980e-02 5.000000e-02
      vertex   6.625524e-02 -1.290321e-02 6.000000e-02
    endloop
  endfacet
  facet normal 9.672949e-01 -2.536546e-01 5.943563e-16
    outer loop
      vertex   6.625524e-02 -1.290321e-02 6.000000e-02
      vertex   6.406126e-02 -2.126980e-02 5.000000e-02
      vertex   6.625524e-02 -1.290321e-02 5.000000e-02
    endloop
  endfacet
  facet normal 9.917900e-01 -1.278772e-01 9.992716e-16
    outer loop
      vertex   6.625524e-02 -1.290321e-02 6.000000e-02
      vertex   6.625524e-02 -1.290321e-02 5.000000e-02
      vertex   6.736131e-02 -4.324740e-03 6.000000e-02
    endloop
  endfacet
  facet normal 9.917900e-01 -1.278772e-01 -3.771136e-16
    outer loop
      vertex   6.736131e-02 -4.324740e-03 6.000000e-02
      vertex   6.625524e-02 -1.290321e-02 5.000000e-02
      vertex   6.736131e-02 -4.324740e-03 5.000000e-02
    endloop
  endfacet
  facet normal 1.000000e+00 -0.000000e+00 0.000000e+00
    outer loop
      vertex   6.736131e-02 -4.324740e-03 6.000000e-02
      vertex   6.736131e-02 -4.324740e-03 5.000000e-02
      vertex   6.736131e-02 4.324740e-03 6.000000e-02
    endloop
  endfacet
  facet normal 1.000000e+00 0.000000e+00 0.000000e+00
    outer loop
      vertex   6.736131e-02 4.324740e-03 6.000000e-02
      vertex   6.736131e-02 -4.324740e-03 5.000000e-02
      vertex   6.736131e-02 4.324740e-03 5.000000e-02
    endloop
  endfacet
  facet normal 9.917900e-01 1.278772e-01 3.771136e-16
    outer loop
      vertex   6.736131e-02 4.324740e-03 6.000000e-02
      vertex   6.736131e-02 4.324740e-03 5.000000e-02
      vertex   6.625524e-02 1.290321e-02 6.000000e-02
    endloop
  endfacet
  facet normal 9.917900e-01 1.278772e-01 -9.992716e-16
    outer loop
      vertex   6.625524e-02 1.290321e-02 6.000000e-02
      vertex   6.736131e-02 4.324740e-03 5.000000e-02
      vertex   6.625524e-02 1.290321e-02 5.000000e-02
    endloop
  endfacet
  facet normal 9.672949e-01 2.536546e-01 -5.943563e-16
    outer loop
      vertex   6.625524e-02 1.290321e-02 6.000000e-02
      vertex   6.625524e-02 1.290321e-02 5.000000e-02
      vertex   6.406126e-02 2.126980e-02 6.000000e-02
    endloop
  endfacet
  facet normal 9.672949e-01 2.536546e-01 -8.143666e-16
    outer loop
      vertex   6.406126e-02 2.126980e-02 6.000000e-02
      vertex   6.625524e-02 1.290321e-02 5.000000e-02
      vertex   6.406126e-02 2.126980e-02 5.000000e-02
    endloop
  endfacet
  facet normal 9.269168e-01 3.752670e-01 -5.051740e-16
    outer loop
      vertex   6.406126e-02 2.126980e-02 6.000000e-02
      vertex   6.406126e-02 2.126980e-02 5.000000e-02
      vertex   6.081540e-02 2.928715e-02 6.000000e-02
    endloop
  endfacet
  facet normal 9.269168e-01 3.752670e-01 0.000000e+00
    outer loop
      vertex   6.081540e-02 2.928715e-02 6.000000e-02
      vertex   6.406126e-02 2.126980e-02 5.000000e-02
      vertex   6.081540e-02 2.928715e-02 5.000000e-02
    endloop
  endfacet
  facet normal 8.713187e-01 4.907176e-01 0.000000e+00
    outer loop
      vertex   6.081540e-02 2.928715e-02 6.000000e-02
      vertex   6.081540e-02 2.928715e-02 5.000000e-02
      vertex   5.657095e-02 3.682361e-02 6.000000e-02
    endloop
  endfacet
  facet normal 8.713187e-01 4.907176e-01 -4.517816e-16
    outer loop
      vertex   5.657095e-02 3.682361e-02 6.000000e-02
      vertex   6.081540e-02 2.928715e-02 5.000000e-02
      vertex   5.657095e-02 3.682361e-02 5.000000e-02
    endloop
  endfacet
  facet normal 8.014136e-01 5.981105e-01 -8.187023e-18
    outer loop
      vertex   5.657095e-02 3.682361e-02 6.000000e-02
      vertex   5.657095e-02 3.682361e-02 5.000000e-02
      vertex   5.139760e-02 4.375542e-02 6.000000e-02
    endloop
  endfacet
  facet normal 8.014136e-01 5.981105e-01 -4.232096e-16
    outer loop
      vertex   5.139760e-02 4.375542e-02 6.000000e-02
      vertex   5.657095e-02 3.682361e-02 5.000000e-02
      vertex   5.139760e-02 4.375542e-02 5.000000e-02
    endloop
  endfacet
  facet normal 7.183494e-01 6.956826e-01 -4.718476e-17
    outer loop
      vertex   5.139760e-02 4.375542e-02 6.000000e-02
      vertex   5.139760e-02 4.375542e-02 5.000000e-02
      vertex   4.538031e-02 4.996876e-02 6.000000e-02
    endloop
  endfacet
  facet normal 7.183494e-01 6.956826e-01 -5.456397e-16
    outer loop
      vertex   4.538031e-02 4.996876e-02 6.000000e-02
      vertex   5.139760e-02 4.375542e-02 5.000000e-02
      vertex   4.538031e-02 4.996876e-02 5.000000e-02
    endloop
  endfacet
  facet normal 6.234898e-01 7.818315e-01 -1.030181e-16
    outer loop
      vertex   4.538031e-02 4.996876e-02 6.000000e-02
      vertex   4.538031e-02 4.996876e-02 5.000000e-02
      vertex   3.861787e-02 5.536163e-02 6.000000e-02
    endloop
  endfacet
  facet normal 6.234898e-01 7.818315e-01 -2.128897e-16
    outer loop
      vertex   3.861787e-02 5.536163e-02 6.000000e-02
      vertex   4.538031e-02 4.996876e-02 5.000000e-02
      vertex   3.861787e-02 5.536163e-02 5.000000e-02
    endloop
  endfacet
  facet normal 5.183926e-01 8.551428e-01 1.076277e-16
    outer loop
      vertex   3.861787e-02 5.536163e-02 6.000000e-02
      vertex   3.861787e-02 5.536163e-02 5.000000e-02
      vertex   3.122133e-02 5.984545e-02 6.000000e-02
    endloop
  endfacet
  facet normal 5.183926e-01 8.551428e-01 0.000000e+00
    outer loop
      vertex   3.122133e-02 5.984545e-02 6.000000e-02
      vertex   3.861787e-02 5.536163e-02 5.000000e-02
      vertex   3.122133e-02 5.984545e-02 5.000000e-02
    endloop
  endfacet
  facet normal 4.047833e-01 9.144126e-01 0.000000e+00
    outer loop
      vertex   3.122133e-02 5.984545e-02 6.000000e-02
      vertex   3.122133e-02 5.984545e-02 5.000000e-02
      vertex   2.331214e-02 6.334662e-02 6.000000e-02
    endloop
  endfacet
  facet normal 4.047833e-01 9.144126e-01 5.065533e-18
    outer loop
      vertex   2.331214e-02 6.334662e-02 6.000000e-02
      vertex   3.122133e-02 5.984545e-02 5.000000e-02
      vertex   2.331214e-02 6.334662e-02 5.000000e-02
    endloop
  endfacet
  facet normal 2.845276e-01 9.586679e-01 4.419809e-16
    outer loop
      vertex   2.331214e-02 6.334662e-02 6.000000e-02
      vertex   2.331214e-02 6.334662e-02 5.000000e-02
      vertex   1.502016e-02 6.580763e-02 6.000000e-02
    endloop
  endfacet
  facet normal 2.845276e-01 9.586679e-01 0.000000e+00
    outer loop
      vertex   1.502016e-02 6.580763e-02 6.000000e-02
      vertex   2.331214e-02 6.334662e-02 5.000000e-02
      vertex   1.502016e-02 6.580763e-02 5.000000e-02
    endloop
  endfacet
  facet normal 1.595999e-01 9.871818e-01 0.000000e+00
    outer loop
      vertex   1.502016e-02 6.580763e-02 6.000000e-02
      vertex   1.502016e-02 6.580763e-02 5.000000e-02
      vertex   6.481554e-03 6.718809e-02 6.000000e-02
    endloop
  endfacet
  facet normal 1.595999e-01 9.871818e-01 6.501496e-16
    outer loop
      vertex   6.481554e-03 6.718809e-02 6.000000e-02
      vertex   1.502016e-02 6.580763e-02 5.000000e-02
      vertex   6.481554e-03 6.718809e-02 5.000000e-02
    endloop
  endfacet
  facet normal 3.205158e-02 9.994862e-01 1.242504e-15
    outer loop
      vertex   6.481554e-03 6.718809e-02 6.000000e-02
      vertex   6.481554e-03 6.718809e-02 5.000000e-02
      vertex   -2.163481e-03 6.746532e-02 6.000000e-02
    endloop
  endfacet
  facet normal 3.205158e-02 9.994862e-01 -4.726053e-17
    outer loop
      vertex   -2.163481e-03 6.746532e-02 6.000000e-02
      vertex   6.481554e-03 6.718809e-02 5.000000e-02
      vertex   -2.163481e-03 6.746532e-02 5.000000e-02
    endloop
  endfacet
  facet normal -9.602303e-02 9.953791e-01 1.415874e-16
    outer loop
      vertex   -2.163481e-03 6.746532e-02 6.000000e-02
      vertex   -2.163481e-03 6.746532e-02 5.000000e-02
      vertex   -1.077299e-02 6.663477e-02 6.000000e-02
    endloop
  endfacet
  facet normal -9.602303e-02 9.953791e-01 -9.815899e-16
    outer loop
      vertex   -1.077299e-02 6.663477e-02 6.000000e-02
      vertex   -2.163481e-03 6.746532e-02 5.000000e-02
      vertex   -1.077299e-02 6.663477e-02 5.000000e-02
    endloop
  endfacet
  facet normal -2.225209e-01 9.749279e-01 -4.265548e-16
    outer loop
      vertex   -1.077299e-02 6.663477e-02 6.000000e-02
      vertex   -1.077299e-02 6.663477e-02 5.000000e-02
      vertex   -1.920561e-02 6.471008e-02 6.000000e-02
    endloop
  endfacet
  facet normal -2.225209e-01 9.749279e-01 -7.353646e-16
    outer loop
      vertex   -1.920561e-02 6.471008e-02 6.000000e-02
      vertex   -1.077299e-02 6.663477e-02 5.000000e-02
      vertex   -1.920561e-02 6.471008e-02 5.000000e-02
    endloop
  endfacet
  facet normal -3.453651e-01 9.384684e-01 -3.438060e-16
    outer loop
      vertex   -1.920561e-02 6.471008e-02 6.000000e-02
      vertex   -1.920561e-02 6.471008e-02 5.000000e-02
      vertex   -2.732288e-02 6.172285e-02 6.000000e-02
    endloop
  endfacet
  facet normal -3.453651e-01 9.384684e-01 -3.641867e-17
    outer loop
      vertex   -2.732288e-02 6.172285e-02 6.000000e-02
      vertex   -1.920561e-02 6.471008e-02 5.000000e-02
      vertex   -2.732288e-02 6.172285e-02 5.000000e-02
    endloop
  endfacet
  facet normal -4.625383e-01 8.865993e-01 7.219977e-16
    outer loop
      vertex   -2.732288e-02 6.172285e-02 6.000000e-02
      vertex   -2.732288e-02 6.172285e-02 5.000000e-02
      vertex   -3.499150e-02 5.772214e-02 6.000000e-02
    endloop
  endfacet
  facet normal -4.625383e-01 8.865993e-01 6.685998e-16
    outer loop
      vertex   -3.499150e-02 5.772214e-02 6.000000e-02
      vertex   -2.732288e-02 6.172285e-02 5.000000e-02
      vertex   -3.499150e-02 5.772214e-02 5.000000e-02
    endloop
  endfacet
  facet normal -5.721167e-01 8.201723e-01 1.018834e-15
    outer loop
      vertex   -3.499150e-02 5.772214e-02 6.000000e-02
      vertex   -3.499150e-02 5.772214e-02 5.000000e-02
      vertex   -4.208556e-02 5.277363e-02 6.000000e-02
    endloop
  endfacet
  facet normal -5.721167e-01 8.201723e-01 0.000000e+00
    outer loop
      vertex   -4.208556e-02 5.277363e-02 6.000000e-02
      vertex   -3.499150e-02 5.772214e-02 5.000000e-02
      vertex   -4.208556e-02 5.277363e-02 5.000000e-02
    endloop
  endfacet
  facet normal -6.723009e-01 7.402780e-01 0.000000e+00
    outer loop
      vertex   -4.208556e-02 5.277363e-02 6.000000e-02
      vertex   -4.208556e-02 5.277363e-02 5.000000e-02
      vertex   -4.848858e-02 4.695857e-02 6.000000e-02
    endloop
  endfacet
  facet normal -6.723009e-01 7.402780e-01 -1.415058e-16
    outer loop
      vertex   -4.848858e-02 4.695857e-02 6.000000e-02
      vertex   -4.208556e-02 5.277363e-02 5.000000e-02
      vertex   -4.848858e-02 4.695857e-02 5.000000e-02
    endloop
  endfacet
  facet normal -7.614460e-01 6.482284e-01 2.356814e-16
    outer loop
      vertex   -4.848858e-02 4.695857e-02 6.000000e-02
      vertex   -4.848858e-02 4.695857e-02 5.000000e-02
      vertex   -5.409542e-02 4.037246e-02 6.000000e-02
    endloop
  endfacet
  facet normal -7.614460e-01 6.482284e-01 0.000000e+00
    outer loop
      vertex   -5.409542e-02 4.037246e-02 6.000000e-02
      vertex   -4.848858e-02 4.695857e-02 5.000000e-02
      vertex   -5.409542e-02 4.037246e-02 5.000000e-02
    endloop
  endfacet
  facet normal -8.380881e-01 5.455349e-01 0.000000e+00
    outer loop
      vertex   -5.409542e-02 4.037246e-02 6.000000e-02
      vertex   -5.409542e-02 4.037246e-02 5.000000e-02
      vertex   -5.881401e-02 3.312343e-02 6.000000e-02
    endloop
  endfacet
  facet normal -8.380881e-01 5.455349e-01 -7.021653e-16
    outer loop
      vertex   -5.881401e-02 3.312343e-02 6.000000e-02
      vertex   -5.409542e-02 4.037246e-02 5.000000e-02
      vertex   -5.881401e-02 3.312343e-02 5.000000e-02
    endloop
  endfacet
  facet normal -9.009689e-01 4.338837e-01 9.215237e-17
    outer loop
      vertex   -5.881401e-02 3.312343e-02 6.000000e-02
      vertex   -5.881401e-02 3.312343e-02 5.000000e-02
      vertex   -6.256688e-02 2.533052e-02 6.000000e-02
    endloop
  endfacet
  facet normal -9.009689e-01 4.338837e-01 -1.053736e-15
    outer loop
      vertex   -6.256688e-02 2.533052e-02 6.000000e-02
      vertex   -5.881401e-02 3.312343e-02 5.000000e-02
      vertex   -6.256688e-02 2.533052e-02 5.000000e-02
    endloop
  endfacet
  facet normal -9.490557e-01 3.151082e-01 -7.652759e-16
    outer loop
      vertex   -6.256688e-02 2.533052e-02 6.000000e-02
      vertex   -6.256688e-02 2.533052e-02 5.000000e-02
      vertex   -6.529240e-02 1.712168e-02 6.000000e-02
    endloop
  endfacet
  facet normal -9.490557e-01 3.151082e-01 7.756317e-16
    outer loop
      vertex   -6.529240e-02 1.712168e-02 6.000000e-02
      vertex   -6.256688e-02 2.533052e-02 5.000000e-02
      vertex   -6.529240e-02 1.712168e-02 5.000000e-02
    endloop
  endfacet
  facet normal -9.815592e-01 1.911586e-01 1.596909e-15
    outer loop
      vertex   -6.529240e-02 1.712168e-02 6.000000e-02
      vertex   -6.529240e-02 1.712168e-02 5.000000e-02
      vertex   -6.694583e-02 8.631708e-03 6.000000e-02
    endloop
  endfacet
  facet normal -9.815592e-01 1.911586e-01 -5.637325e-16
    outer loop
      vertex   -6.694583e-02 8.631708e-03 6.000000e-02
      vertex   -6.529240e-02 1.712168e-02 5.000000e-02
      vertex   -6.694583e-02 8.631708e-03 5.000000e-02
    endloop
  endfacet
  facet normal 9.906859e-01 -1.361666e-01 0.000000e+00
    outer loop
      vertex   -1.444376e-02 4.046952e-03 0.000000e+00
      vertex   -1.444376e-02 4.046952e-03 6.000000e-02
      vertex   -1.500000e-02 -1.836970e-18 0.000000e+00
    endloop
  endfacet
  facet normal 9.906859e-01 -1.361666e-01 0.000000e+00
    outer loop
      vertex   -1.500000e-02 -1.836970e-18 0.000000e+00
      vertex   -1.444376e-02 4.046952e-03 6.000000e-02
      vertex   -1.500000e-02 -1.836970e-18 6.000000e-02
    endloop
  endfacet
  facet normal 9.906859e-01 1.361666e-01 -0.000000e+00
    outer loop
      vertex   -1.500000e-02 -1.836970e-18 0.000000e+00
      vertex   -1.500000e-02 -1.836970e-18 6.000000e-02
      vertex   -1.444376e-02 -4.046952e-03 0.000000e+00
    endloop
  endfacet
  facet normal 9.906859e-01 1.361666e-01 -0.000000e+00
    outer loop
      vertex   -1.444376e-02 -4.046952e-03 0.000000e+00
      vertex   -1.500000e-02 -1.836970e-18 6.000000e-02
      vertex   -1.444376e-02 -4.046952e-03 6.000000e-02
    endloop
  endfacet
  facet normal 9.172113e-01 3.984011e-01 -0.000000e+00
    outer loop
      vertex   -1.444376e-02 -4.046952e-03 0.000000e+00
      vertex   -1.444376e-02 -4.046952e-03 6.000000e-02
      vertex   -1.281629e-02 -7.793759e-03 0.000000e+00
    endloop
  endfacet
  facet normal 9.172113e-01 3.984011e-01 -0.000000e+00
    outer loop
      vertex   -1.281629e-02 -7.793759e-03 0.000000e+00
      vertex   -1.444376e-02 -4.046952e-03 6.000000e-02
      vertex   -1.281629e-02 -7.793759e-03 6.000000e-02
    endloop
  endfacet
  facet normal 7.757113e-01 6.310879e-01 -0.000000e+00
    outer loop
      vertex   -1.281629e-02 -7.793759e-03 0.000000e+00
      vertex   -1.281629e-02 -7.793759e-03 6.000000e-02
      vertex   -1.023830e-02 -1.096254e-02 0.000000e+00
    endloop
  endfacet
  facet normal 7.757113e-01 6.310879e-01 -1.254408e-17
    outer loop
      vertex   -1.023830e-02 -1.096254e-02 0.000000e+00
      vertex   -1.281629e-02 -7.793759e-03 6.000000e-02
      vertex   -1.023830e-02 -1.096254e-02 6.000000e-02
    endloop
  endfacet
  facet normal 5.766803e-01 8.169699e-01 2.084180e-17
    outer loop
      vertex   -1.023830e-02 -1.096254e-02 0.000000e+00
      vertex   -1.023830e-02 -1.096254e-02 6.000000e-02
      vertex   -6.900976e-03 -1.331828e-02 0.000000e+00
    endloop
  endfacet
  facet normal 5.766803e-01 8.169699e-01 -4.307178e-17
    outer loop
      vertex   -6.900976e-03 -1.331828e-02 0.000000e+00
      vertex   -1.023830e-02 -1.096254e-02 6.000000e-02
      vertex   -6.900976e-03 -1.331828e-02 6.000000e-02
    endloop
  endfacet
  facet normal 3.348796e-01 9.422609e-01 -1.148553e-17
    outer loop
      vertex   -6.900976e-03 -1.331828e-02 0.000000e+00
      vertex   -6.900976e-03 -1.331828e-02 6.000000e-02
      vertex   -3.051840e-03 -1.468626e-02 0.000000e+00
    endloop
  endfacet
  facet normal 3.348796e-01 9.422609e-01 -3.630772e-17
    outer loop
      vertex   -3.051840e-03 -1.468626e-02 0.000000e+00
      vertex   -6.900976e-03 -1.331828e-02 6.000000e-02
      vertex   -3.051840e-03 -1.468626e-02 6.000000e-02
    endloop
  endfacet
  facet normal 6.824241e-02 9.976688e-01 -7.398857e-18
    outer loop
      vertex   -3.051840e-03 -1.468626e-02 0.000000e+00
      vertex   -3.051840e-03 -1.468626e-02 6.000000e-02
      vertex   1.023636e-03 -1.496503e-02 0.000000e+00
    endloop
  endfacet
  facet normal 6.824241e-02 9.976688e-01 -3.699429e-18
    outer loop
      vertex   1.023636e-03 -1.496503e-02 0.000000e+00
      vertex   -3.051840e-03 -1.468626e-02 6.000000e-02
      vertex   1.023636e-03 -1.496503e-02 6.000000e-02
    endloop
  endfacet
  facet normal -2.034560e-01 9.790841e-01 1.102937e-17
    outer loop
      vertex   1.023636e-03 -1.496503e-02 0.000000e+00
      vertex   1.023636e-03 -1.496503e-02 6.000000e-02
      vertex   5.023194e-03 -1.413391e-02 0.000000e+00
    endloop
  endfacet
  facet normal -2.034560e-01 9.790841e-01 0.000000e+00
    outer loop
      vertex   5.023194e-03 -1.413391e-02 0.000000e+00
      vertex   1.023636e-03 -1.496503e-02 6.000000e-02
      vertex   5.023194e-03 -1.413391e-02 6.000000e-02
    endloop
  endfacet
  facet normal -4.600650e-01 8.878852e-01 0.000000e+00
    outer loop
      vertex   5.023194e-03 -1.413391e-02 0.000000e+00
      vertex   5.023194e-03 -1.413391e-02 6.000000e-02
      vertex   8.650205e-03 -1.225455e-02 0.000000e+00
    endloop
  endfacet
  facet normal -4.600650e-01 8.878852e-01 0.000000e+00
    outer loop
      vertex   8.650205e-03 -1.225455e-02 0.000000e+00
      vertex   5.023194e-03 -1.413391e-02 6.000000e-02
      vertex   8.650205e-03 -1.225455e-02 6.000000e-02
    endloop
  endfacet
  facet normal -6.825531e-01 7.308360e-01 0.000000e+00
    outer loop
      vertex   8.650205e-03 -1.225455e-02 0.000000e+00
      vertex   8.650205e-03 -1.225455e-02 6.000000e-02
      vertex   1.163567e-02 -9.466319e-03 0.000000e+00
    endloop
  endfacet
  facet normal -6.825531e-01 7.308360e-01 0.000000e+00
    outer loop
      vertex   1.163567e-02 -9.466319e-03 0.000000e+00
      vertex   8.650205e-03 -1.225455e-02 6.000000e-02
      vertex   1.163567e-02 -9.466319e-03 6.000000e-02
    endloop
  endfacet
  facet normal -8.544194e-01 5.195840e-01 0.000000e+00
    outer loop
      vertex   1.163567e-02 -9.466319e-03 0.000000e+00
      vertex   1.163567e-02 -9.466319e-03 6.000000e-02
      vertex   1.375817e-02 -5.976016e-03 0.000000e+00
    endloop
  endfacet
  facet normal -8.544194e-01 5.195840e-01 -1.068292e-17
    outer loop
      vertex   1.375817e-02 -5.976016e-03 0.000000e+00
      vertex   1.163567e-02 -9.466319e-03 6.000000e-02
      vertex   1.375817e-02 -5.976016e-03 6.000000e-02
    endloop
  endfacet
  facet normal -9.629173e-01 2.697968e-01 2.447832e-17
    outer loop
      vertex   1.375817e-02 -5.976016e-03 0.000000e+00
      vertex   1.375817e-02 -5.976016e-03 6.000000e-02
      vertex   1.486029e-02 -2.042500e-03 0.000000e+00
    endloop
  endfacet
  facet normal -9.629173e-01 2.697968e-01 0.000000e+00
    outer loop
      vertex   1.486029e-02 -2.042500e-03 0.000000e+00
      vertex   1.375817e-02 -5.976016e-03 6.000000e-02
      vertex   1.486029e-02 -2.042500e-03 6.000000e-02
    endloop
  endfacet
  facet normal -1.000000e+00 0.000000e+00 0.000000e+00
    outer loop
      vertex   1.486029e-02 -2.042500e-03 0.000000e+00
      vertex   1.486029e-02 -2.042500e-03 6.000000e-02
      vertex   1.486029e-02 2.042500e-03 0.000000e+00
    endloop
  endfacet
  facet normal -1.000000e+00 0.000000e+00 0.000000e+00
    outer loop
      vertex   1.486029e-02 2.042500e-03 0.000000e+00
      vertex   1.486029e-02 -2.042500e-03 6.000000e-02
      vertex   1.486029e-02 2.042500e-03 6.000000e-02
    endloop
  endfacet
  facet normal -9.629173e-01 -2.697968e-01 0.000000e+00
    outer loop
      vertex   1.486029e-02 2.042500e-03 0.000000e+00
      vertex   1.486029e-02 2.042500e-03 6.000000e-02
      vertex   1.375817e-02 5.976016e-03 0.000000e+00
    endloop
  endfacet
  facet normal -9.629173e-01 -2.697968e-01 -2.447832e-17
    outer loop
      vertex   1.375817e-02 5.976016e-03 0.000000e+00
      vertex   1.486029e-02 2.042500e-03 6.000000e-02
      vertex   1.375817e-02 5.976016e-03 6.000000e-02
    endloop
  endfacet
  facet normal -8.544194e-01 -5.195840e-01 1.068292e-17
    outer loop
      vertex   1.375817e-02 5.976016e-03 0.000000e+00
      vertex   1.375817e-02 5.976016e-03 6.000000e-02
      vertex   1.163567e-02 9.466319e-03 0.000000e+00
    endloop
  endfacet
  facet normal -8.544194e-01 -5.195840e-01 0.000000e+00
    outer loop
      vertex   1.163567e-02 9.466319e-03 0.000000e+00
      vertex   1.375817e-02 5.976016e-03 6.000000e-02
      vertex   1.163567e-02 9.466319e-03 6.000000e-02
    endloop
  endfacet
  facet normal -6.825531e-01 -7.308360e-01 0.000000e+00
    outer loop
      vertex   1.163567e-02 9.466319e-03 0.000000e+00
      vertex   1.163567e-02 9.466319e-03 6.000000e-02
      vertex   8.650205e-03 1.225455e-02 0.000000e+00
    endloop
  endfacet
  facet normal -6.825531e-01 -7.308360e-01 0.000000e+00
    outer loop
      vertex   8.650205e-03 1.225455e-02 0.000000e+00
      vertex   1.163567e-02 9.466319e-03 6.000000e-02
      vertex   8.650205e-03 1.225455e-02 6.000000e-02
    endloop
  endfacet
  facet normal -4.600650e-01 -8.878852e-01 0.000000e+00
    outer loop
      vertex   8.650205e-03 1.225455e-02 0.000000e+00
      vertex   8.650205e-03 1.225455e-02 6.000000e-02
      vertex   5.023194e-03 1.413391e-02 0.000000e+00
    endloop
  endfacet
  facet normal -4.600650e-01 -8.878852e-01 0.000000e+00
    outer loop
      vertex   5.023194e-03 1.413391e-02 0.000000e+00
      vertex   8.650205e-03 1.225455e-02 6.000000e-02
      vertex   5.023194e-03 1.413391e-02 6.000000e-02
    endloop
  endfacet
  facet normal -2.034560e-01 -9.790841e-01 0.000000e+00
    outer loop
      vertex   5.023194e-03 1.413391e-02 0.000000e+00
      vertex   5.023194e-03 1.413391e-02 6.000000e-02
      vertex   1.023636e-03 1.496503e-02 0.000000e+00
    endloop
  endfacet
  facet normal -2.034560e-01 -9.790841e-01 -1.102937e-17
    outer loop
      vertex   1.023636e-03 1.496503e-02 0.000000e+00
      vertex   5.023194e-03 1.413391e-02 6.000000e-02
      vertex   1.023636e-03 1.496503e-02 6.000000e-02
    endloop
  endfacet
  facet normal 6.824241e-02 -9.976688e-01 3.699429e-18
    outer loop
      vertex   1.023636e-03 1.496503e-02 0.000000e+00
      vertex   1.023636e-03 1.496503e-02 6.000000e-02
      vertex   -3.051840e-03 1.468626e-02 0.000000e+00
    endloop
  endfacet
  facet normal 6.824241e-02 -9.976688e-01 7.398857e-18
    outer loop
      vertex   -3.051840e-03 1.468626e-02 0.000000e+00
      vertex   1.023636e-03 1.496503e-02 6.000000e-02
      vertex   -3.051840e-03 1.468626e-02 6.000000e-02
    endloop
  endfacet
  facet normal 3.348796e-01 -9.422609e-01 3.630772e-17
    outer loop
      vertex   -3.051840e-03 1.468626e-02 0.000000e+00
      vertex   -3.051840e-03 1.468626e-02 6.000000e-02
      vertex   -6.900976e-03 1.331828e-02 0.000000e+00
    endloop
  endfacet
  facet normal 3.348796e-01 -9.422609e-01 1.148553e-17
    outer loop
      vertex   -6.900976e-03 1.331828e-02 0.000000e+00
      vertex   -3.051840e-03 1.468626e-02 6.000000e-02
      vertex   -6.900976e-03 1.331828e-02 6.000000e-02
    endloop
  endfacet
  facet normal 5.766803e-01 -8.169699e-01 4.307178e-17
    outer loop
      vertex   -6.900976e-03 1.331828e-02 0.000000e+00
      vertex   -6.900976e-03 1.331828e-02 6.000000e-02
      vertex   -1.023830e-02 1.096254e-02 0.000000e+00
    endloop
  endfacet
  facet normal 5.766803e-01 -8.169699e-01 -2.084180e-17
    outer loop
      vertex   -1.023830e-02 1.096254e-02 0.000000e+00
      vertex   -6.900976e-03 1.331828e-02 6.000000e-02
      vertex   -1.023830e-02 1.096254e-02 6.000000e-02
    endloop
  endfacet
  facet normal 7.757113e-01 -6.310879e-01 1.254408e-17
    outer loop
      vertex   -1.023830e-02 1.096254e-02 0.000000e+00
      vertex   -1.023830e-02 1.096254e-02 6.000000e-02
      vertex   -1.281629e-02 7.793759e-03 0.000000e+00
    endloop
  endfacet
  facet normal 7.757113e-01 -6.310879e-01 0.000000e+00
    outer loop
      vertex   -1.281629e-02 7.793759e-03 0.000000e+00
      vertex   -1.023830e-02 1.096254e-02 6.000000e-02
      vertex   -1.281629e-02 7.793759e-03 6.000000e-02
    endloop
  endfacet
  facet normal 9.172113e-01 -3.984011e-01 0.000000e+00
    outer loop
      vertex   -1.281629e-02 7.793759e-03 0.000000e+00
      vertex   -1.281629e-02 7.793759e-03 6.000000e-02
      vertex   -1.444376e-02 4.046952e-03 0.000000e+00
    endloop
  endfacet
  facet normal 9.172113e-01 -3.984011e-01 0.000000e+00
    outer loop
      vertex   -1.444376e-02 4.046952e-03 0.000000e+00
      vertex   -1.281629e-02 7.793759e-03 6.000000e-02
      vertex   -1.444376e-02 4.046952e-03 6.000000e-02
    endloop
  endfacet
  facet normal 0.000000e+00 0.000000e+00 1.000000e+00
    outer loop
      vertex   -1.444376e-02 4.046952e-03 6.000000e-02
      vertex   -6.694583e-02 8.631708e-03 6.000000e-02
      vertex   -1.500000e-02 -1.836970e-18 6.000000e-02
    endloop
  endfacet
  facet normal 0.000000e+00 0.000000e+00 1.000000e+00
    outer loop
      vertex   -1.500000e-02 -1.836970e-18 6.000000e-02
      vertex   -6.694583e-02 8.631708e-03 6.000000e-02
      vertex   -6.750000e-02 -8.266366e-18 6.000000e-02
    endloop
  endfacet
  facet normal 0.000000e+00 0.000000e+00 1.000000e+00
    outer loop
      vertex   -1.500000e-02 -1.836970e-18 6.000000e-02
      vertex   -6.750000e-02 -8.266366e-18 6.000000e-02
      vertex   -6.694583e-02 -8.631708e-03 6.000000e-02
    endloop
  endfacet
  facet normal 0.000000e+00 0.000000e+00 1.000000e+00
    outer loop
      vertex   -1.281629e-02 7.793759e-03 6.000000e-02
      vertex   -6.256688e-02 2.533052e-02 6.000000e-02
      vertex   -1.444376e-02 4.046952e-03 6.000000e-02
    endloop
  endfacet
  facet normal 0.000000e+00 0.000000e+00 1.000000e+00
    outer loop
      vertex   -1.444376e-02 4.046952e-03 6.000000e-02
      vertex   -6.256688e-02 2.533052e-02 6.000000e-02
      vertex   -6.529240e-02 1.712168e-02 6.000000e-02
    endloop
  endfacet
  facet normal 0.000000e+00 0.000000e+00 1.000000e+00
    outer loop
      vertex   -1.444376e-02 4.046952e-03 6.000000e-02
      vertex   -6.529240e-02 1.712168e-02 6.000000e-02
      vertex   -6.694583e-02 8.631708e-03 6.000000e-02
    endloop
  endfacet
  facet normal 0.000000e+00 0.000000e+00 1.000000e+00
    outer loop
      vertex   -1.023830e-02 1.096254e-02 6.000000e-02
      vertex   -5.409542e-02 4.037246e-02 6.000000e-02
      vertex   -1.281629e-02 7.793759e-03 6.000000e-02
    endloop
  endfacet
  facet normal 0.000000e+00 0.000000e+00 1.000000e+00
    outer loop
      vertex   -1.281629e-02 7.793759e-03 6.000000e-02
      vertex   -5.409542e-02 4.037246e-02 6.000000e-02
      vertex   -5.881401e-02 3.312343e-02 6.000000e-02
    endloop
  endfacet
  facet normal 0.000000e+00 0.000000e+00 1.000000e+00
    outer loop
      vertex   -1.281629e-02 7.793759e-03 6.000000e-02
      vertex   -5.881401e-02 3.312343e-02 6.000000e-02
      vertex   -6.256688e-02 2.533052e-02 6.000000e-02
    endloop
  endfacet
  facet normal 0.000000e+00 0.000000e+00 1.000000e+00
    outer loop
      vertex   -6.900976e-03 1.331828e-02 6.000000e-02
      vertex   -4.208556e-02 5.277363e-02 6.000000e-02
      vertex   -1.023830e-02 1.096254e-02 6.000000e-02
    endloop
  endfacet
  facet normal 0.000000e+00 0.000000e+00 1.000000e+00
    outer loop
      vertex   -1.023830e-02 1.096254e-02 6.000000e-02
      vertex   -4.208556e-02 5.277363e-02 6.000000e-02
      vertex   -4.848858e-02 4.695857e-02 6.000000e-02
    endloop
  endfacet
  facet normal 0.000000e+00 0.000000e+00 1.000000e+00
    outer loop
      vertex   -1.023830e-02 1.096254e-02 6.000000e-02
      vertex   -4.848858e-02 4.695857e-02 6.000000e-02
      vertex   -5.409542e-02 4.037246e-02 6.000000e-02
    endloop
  endfacet
  facet normal 0.000000e+00 0.000000e+00 1.000000e+00
    outer loop
      vertex   -3.051840e-03 1.468626e-02 6.000000e-02
      vertex   -1.920561e-02 6.471008e-02 6.000000e-02
      vertex   -6.900976e-03 1.331828e-02 6.000000e-02
    endloop
  endfacet
  facet normal 0.000000e+00 0.000000e+00 1.000000e+00
    outer loop
      vertex   -6.900976e-03 1.331828e-02 6.000000e-02
      vertex   -1.920561e-02 6.471008e-02 6.000000e-02
      vertex   -2.732288e-02 6.172285e-02 6.000000e-02
    endloop
  endfacet
  facet normal 0.000000e+00 0.000000e+00 1.000000e+00
    outer loop
      vertex   -6.900976e-03 1.331828e-02 6.000000e-02
      vertex   -2.732288e-02 6.172285e-02 6.000000e-02
      vertex   -3.499150e-02 5.772214e-02 6.000000e-02
    endloop
  endfacet
  facet normal 0.000000e+00 0.000000e+00 1.000000e+00
    outer loop
      vertex   1.023636e-03 1.496503e-02 6.000000e-02
      vertex   -2.163481e-03 6.746532e-02 6.000000e-02
      vertex   -3.051840e-03 1.468626e-02 6.000000e-02
    endloop
  endfacet
  facet normal 0.000000e+00 -0.000000e+00 1.000000e+00
    outer loop
      vertex   -3.051840e-03 1.468626e-02 6.000000e-02
      vertex   -2.163481e-03 6.746532e-02 6.000000e-02
      vertex   -1.077299e-02 6.663477e-02 6.000000e-02
    endloop
  endfacet
  facet normal 0.000000e+00 0.000000e+00 1.000000e+00
    outer loop
      vertex   -3.051840e-03 1.468626e-02 6.000000e-02
      vertex   -1.077299e-02 6.663477e-02 6.000000e-02
      vertex   -1.920561e-02 6.471008e-02 6.000000e-02
    endloop
  endfacet
  facet normal 0.000000e+00 -0.000000e+00 1.000000e+00
    outer loop
      vertex   5.023194e-03 1.413391e-02 6.000000e-02
      vertex   1.502016e-02 6.580763e-02 6.000000e-02
      vertex   1.023636e-03 1.496503e-02 6.000000e-02
    endloop
  endfacet
  facet normal 0.000000e+00 0.000000e+00 1.000000e+00
    outer loop
      vertex   1.023636e-03 1.496503e-02 6.000000e-02
      vertex   1.502016e-02 6.580763e-02 6.000000e-02
      vertex   6.481554e-03 6.718809e-02 6.000000e-02
    endloop
  endfacet
  facet normal 0.000000e+00 -0.000000e+00 1.000000e+00
    outer loop
      vertex   1.023636e-03 1.496503e-02 6.000000e-02
      vertex   6.481554e-03 6.718809e-02 6.000000e-02
      vertex   -2.163481e-03 6.746532e-02 6.000000e-02
    endloop
  endfacet
  facet normal 0.000000e+00 -0.000000e+00 1.000000e+00
    outer loop
      vertex   8.650205e-03 1.225455e-02 6.000000e-02
      vertex   3.122133e-02 5.984545e-02 6.000000e-02
      vertex   5.023194e-03 1.413391e-02 6.000000e-02
    endloop
  endfacet
  facet normal 0.000000e+00 0.000000e+00 1.000000e+00
    outer loop
      vertex   5.023194e-03 1.413391e-02 6.000000e-02
      vertex   3.122133e-02 5.984545e-02 6.000000e-02
      vertex   2.331214e-02 6.334662e-02 6.000000e-02
    endloop
  endfacet
  facet normal 0.000000e+00 0.000000e+00 1.000000e+00
    outer loop
      vertex   5.023194e-03 1.413391e-02 6.000000e-02
      vertex   2.331214e-02 6.334662e-02 6.000000e-02
      vertex   1.502016e-02 6.580763e-02 6.000000e-02
    endloop
  endfacet
  facet normal 0.000000e+00 -0.000000e+00 1.000000e+00
    outer loop
      vertex   1.163567e-02 9.466319e-03 6.000000e-02
      vertex   4.538031e-02 4.996876e-02 6.000000e-02
      vertex   8.650205e-03 1.225455e-02 6.000000e-02
    endloop
  endfacet
  facet normal 0.000000e+00 0.000000e+00 1.000000e+00
    outer loop
      vertex   8.650205e-03 1.225455e-02 6.000000e-02
      vertex   4.538031e-02 4.996876e-02 6.000000e-02
      vertex   3.861787e-02 5.536163e-02 6.000000e-02
    endloop
  endfacet
  facet normal 0.000000e+00 0.000000e+00 1.000000e+00
    outer loop
      vertex   8.650205e-03 1.225455e-02 6.000000e-02
      vertex   3.861787e-02 5.536163e-02 6.000000e-02
      vertex   3.122133e-02 5.984545e-02 6.000000e-02
    endloop
  endfacet
  facet normal 0.000000e+00 -0.000000e+00 1.000000e+00
    outer loop
      vertex   1.375817e-02 5.976016e-03 6.000000e-02
      vertex   5.657095e-02 3.682361e-02 6.000000e-02
      vertex   1.163567e-02 9.466319e-03 6.000000e-02
    endloop
  endfacet
  facet normal 0.000000e+00 0.000000e+00 1.000000e+00
    outer loop
      vertex   1.163567e-02 9.466319e-03 6.000000e-02
      vertex   5.657095e-02 3.682361e-02 6.000000e-02
      vertex   5.139760e-02 4.375542e-02 6.000000e-02
    endloop
  endfacet
  facet normal 0.000000e+00 0.000000e+00 1.000000e+00
    outer loop
      vertex   1.163567e-02 9.466319e-03 6.000000e-02
      vertex   5.139760e-02 4.375542e-02 6.000000e-02
      vertex   4.538031e-02 4.996876e-02 6.000000e-02
    endloop
  endfacet
  facet normal 0.000000e+00 -0.000000e+00 1.000000e+00
    outer loop
      vertex   1.486029e-02 2.042500e-03 6.000000e-02
      vertex   6.406126e-02 2.126980e-02 6.000000e-02
      vertex   1.375817e-02 5.976016e-03 6.000000e-02
    endloop
  endfacet
  facet normal 0.000000e+00 0.000000e+00 1.000000e+00
    outer loop
      vertex   1.375817e-02 5.976016e-03 6.000000e-02
      vertex   6.406126e-02 2.126980e-02 6.000000e-02
      vertex   6.081540e-02 2.928715e-02 6.000000e-02
    endloop
  endfacet
  facet normal 0.000000e+00 0.000000e+00 1.000000e+00
    outer loop
      vertex   1.375817e-02 5.976016e-03 6.000000e-02
      vertex   6.081540e-02 2.928715e-02 6.000000e-02
      vertex   5.657095e-02 3.682361e-02 6.000000e-02
    endloop
  endfacet
  facet normal -0.000000e+00 0.000000e+00 1.000000e+00
    outer loop
      vertex   1.486029e-02 -2.042500e-03 6.000000e-02
      vertex   6.736131e-02 -4.324740e-03 6.000000e-02
      vertex   1.486029e-02 2.042500e-03 6.000000e-02
    endloop
  endfacet
  facet normal -0.000000e+00 0.000000e+00 1.000000e+00
    outer loop
      vertex   1.486029e-02 2.042500e-03 6.000000e-02
      vertex   6.736131e-02 -4.324740e-03 6.000000e-02
      vertex   6.736131e-02 4.324740e-03 6.000000e-02
    endloop
  endfacet
  facet normal 0.000000e+00 0.000000e+00 1.000000e+00
    outer loop
      vertex   1.486029e-02 2.042500e-03 6.000000e-02
      vertex   6.736131e-02 4.324740e-03 6.000000e-02
      vertex   6.625524e-02 1.290321e-02 6.000000e-02
    endloop
  endfacet
  facet normal -0.000000e+00 0.000000e+00 1.000000e+00
    outer loop
      vertex   1.375817e-02 -5.976016e-03 6.000000e-02
      vertex   6.406126e-02 -2.126980e-02 6.000000e-02
      vertex   1.486029e-02 -2.042500e-03 6.000000e-02
    endloop
  endfacet
  facet normal 0.000000e+00 0.000000e+00 1.000000e+00
    outer loop
      vertex   1.486029e-02 -2.042500e-03 6.000000e-02
      vertex   6.406126e-02 -2.126980e-02 6.000000e-02
      vertex   6.625524e-02 -1.290321e-02 6.000000e-02
    endloop
  endfacet
  facet normal 0.000000e+00 0.000000e+00 1.000000e+00
    outer loop
      vertex   1.486029e-02 -2.042500e-03 6.000000e-02
      vertex   6.625524e-02 -1.290321e-02 6.000000e-02
      vertex   6.736131e-02 -4.324740e-03 6.000000e-02
    endloop
  endfacet
  facet normal -0.000000e+00 0.000000e+00 1.000000e+00
    outer loop
      vertex   1.163567e-02 -9.466319e-03 6.000000e-02
      vertex   5.657095e-02 -3.682361e-02 6.000000e-02
      vertex   1.375817e-02 -5.976016e-03 6.000000e-02
    endloop
  endfacet
  facet normal 0.000000e+00 0.000000e+00 1.000000e+00
    outer loop
      vertex   1.375817e-02 -5.976016e-03 6.000000e-02
      vertex   5.657095e-02 -3.682361e-02 6.000000e-02
      vertex   6.081540e-02 -2.928715e-02 6.000000e-02
    endloop
  endfacet
  facet normal 0.000000e+00 0.000000e+00 1.000000e+00
    outer loop
      vertex   1.375817e-02 -5.976016e-03 6.000000e-02
      vertex   6.081540e-02 -2.928715e-02 6.000000e-02
      vertex   6.406126e-02 -2.126980e-02 6.000000e-02
    endloop
  endfacet
  facet normal -0.000000e+00 0.000000e+00 1.000000e+00
    outer loop
      vertex   8.650205e-03 -1.225455e-02 6.000000e-02
      vertex   4.538031e-02 -4.996876e-02 6.000000e-02
      vertex   1.163567e-02 -9.466319e-03 6.000000e-02
    endloop
  endfacet
  facet normal 0.000000e+00 0.000000e+00 1.000000e+00
    outer loop
      vertex   1.163567e-02 -9.466319e-03 6.000000e-02
      vertex   4.538031e-02 -4.996876e-02 6.000000e-02
      vertex   5.139760e-02 -4.375542e-02 6.000000e-02
    endloop
  endfacet
  facet normal 0.000000e+00 0.000000e+00 1.000000e+00
    outer loop
      vertex   1.163567e-02 -9.466319e-03 6.000000e-02
      vertex   5.139760e-02 -4.375542e-02 6.000000e-02
      vertex   5.657095e-02 -3.682361e-02 6.000000e-02
    endloop
  endfacet
  facet normal -0.000000e+00 0.000000e+00 1.000000e+00
    outer loop
      vertex   5.023194e-03 -1.413391e-02 6.000000e-02
      vertex   3.122133e-02 -5.984545e-02 6.000000e-02
      vertex   8.650205e-03 -1.225455e-02 6.000000e-02
    endloop
  endfacet
  facet normal 0.000000e+00 0.000000e+00 1.000000e+00
    outer loop
      vertex   8.650205e-03 -1.225455e-02 6.000000e-02
      vertex   3.122133e-02 -5.984545e-02 6.000000e-02
      vertex   3.861787e-02 -5.536163e-02 6.000000e-02
    endloop
  endfacet
  facet normal 0.000000e+00 0.000000e+00 1.000000e+00
    outer loop
      vertex   8.650205e-03 -1.225455e-02 6.000000e-02
      vertex   3.861787e-02 -5.536163e-02 6.000000e-02
      vertex   4.538031e-02 -4.996876e-02 6.000000e-02
    endloop
  endfacet
  facet normal -0.000000e+00 0.000000e+00 1.000000e+00
    outer loop
      vertex   1.023636e-03 -1.496503e-02 6.000000e-02
      vertex   1.502016e-02 -6.580763e-02 6.000000e-02
      vertex   5.023194e-03 -1.413391e-02 6.000000e-02
    endloop
  endfacet
  facet normal 0.000000e+00 0.000000e+00 1.000000e+00
    outer loop
      vertex   5.023194e-03 -1.413391e-02 6.000000e-02
      vertex   1.502016e-02 -6.580763e-02 6.000000e-02
      vertex   2.331214e-02 -6.334662e-02 6.000000e-02
    endloop
  endfacet
  facet normal 0.000000e+00 0.000000e+00 1.000000e+00
    outer loop
      vertex   5.023194e-03 -1.413391e-02 6.000000e-02
      vertex   2.331214e-02 -6.334662e-02 6.000000e-02
      vertex   3.122133e-02 -5.984545e-02 6.000000e-02
    endloop
  endfacet
  facet normal 0.000000e+00 0.000000e+00 1.000000e+00
    outer loop
      vertex   -3.051840e-03 -1.468626e-02 6.000000e-02
      vertex   -2.163481e-03 -6.746532e-02 6.000000e-02
      vertex   1.023636e-03 -1.496503e-02 6.000000e-02
    endloop
  endfacet
  facet normal 0.000000e+00 0.000000e+00 1.000000e+00
    outer loop
      vertex   1.023636e-03 -1.496503e-02 6.000000e-02
      vertex   -2.163481e-03 -6.746532e-02 6.000000e-02
      vertex   6.481554e-03 -6.718809e-02 6.000000e-02
    endloop
  endfacet
  facet normal 0.000000e+00 0.000000e+00 1.000000e+00
    outer loop
      vertex   1.023636e-03 -1.496503e-02 6.000000e-02
      vertex   6.481554e-03 -6.718809e-02 6.000000e-02
      vertex   1.502016e-02 -6.580763e-02 6.000000e-02
    endloop
  endfacet
  facet normal 0.000000e+00 0.000000e+00 1.000000e+00
    outer loop
      vertex   -6.900976e-03 -1.331828e-02 6.000000e-02
      vertex   -1.920561e-02 -6.471008e-02 6.000000e-02
      vertex   -3.051840e-03 -1.468626e-02 6.000000e-02
    endloop
  endfacet
  facet normal 0.000000e+00 0.000000e+00 1.000000e+00
    outer loop
      vertex   -3.051840e-03 -1.468626e-02 6.000000e-02
      vertex   -1.920561e-02 -6.471008e-02 6.000000e-02
      vertex   -1.077299e-02 -6.663477e-02 6.000000e-02
    endloop
  endfacet
  facet normal 0.000000e+00 0.000000e+00 1.000000e+00
    outer loop
      vertex   -3.051840e-03 -1.468626e-02 6.000000e-02
      vertex   -1.077299e-02 -6.663477e-02 6.000000e-02
      vertex   -2.163481e-03 -6.746532e-02 6.000000e-02
    endloop
  endfacet
  facet normal 0.000000e+00 0.000000e+00 1.000000e+00
    outer loop
      vertex   -1.023830e-02 -1.096254e-02 6.000000e-02
      vertex   -4.208556e-02 -5.277363e-02 6.000000e-02
      vertex   -6.900976e-03 -1.331828e-02 6.000000e-02
    endloop
  endfacet
  facet normal 0.000000e+00 0.000000e+00 1.000000e+00
    outer loop
      vertex   -6.900976e-03 -1.331828e-02 6.000000e-02
      vertex   -4.208556e-02 -5.277363e-02 6.000000e-02
      vertex   -3.499150e-02 -5.772214e-02 6.000000e-02
    endloop
  endfacet
  facet normal 0.000000e+00 0.000000e+00 1.000000e+00
    outer loop
      vertex   -6.900976e-03 -1.331828e-02 6.000000e-02
      vertex   -3.499150e-02 -5.772214e-02 6.000000e-02
      vertex   -2.732288e-02 -6.172285e-02 6.000000e-02
    endloop
  endfacet
  facet normal 0.000000e+00 0.000000e+00 1.000000e+00
    outer loop
      vertex   -1.281629e-02 -7.793759e-03 6.000000e-02
      vertex   -5.409542e-02 -4.037246e-02 6.000000e-02
      vertex   -1.023830e-02 -1.096254e-02 6.000000e-02
    endloop
  endfacet
  facet normal 0.000000e+00 0.000000e+00 1.000000e+00
    outer loop
      vertex   -1.023830e-02 -1.096254e-02 6.000000e-02
      vertex   -5.409542e-02 -4.037246e-02 6.000000e-02
      vertex   -4.848858e-02 -4.695857e-02 6.000000e-02
    endloop
  endfacet
  facet normal 0.000000e+00 0.000000e+00 1.000000e+00
    outer loop
      vertex   -1.023830e-02 -1.096254e-02 6.000000e-02
      vertex   -4.848858e-02 -4.695857e-02 6.000000e-02
      vertex   -4.208556e-02 -5.277363e-02 6.000000e-02
    endloop
  endfacet
  facet normal 0.000000e+00 0.000000e+00 1.000000e+00
    outer loop
      vertex   -1.444376e-02 -4.046952e-03 6.000000e-02
      vertex   -6.256688e-02 -2.533052e-02 6.000000e-02
      vertex   -1.281629e-02 -7.793759e-03 6.000000e-02
    endloop
  endfacet
  facet normal 0.000000e+00 0.000000e+00 1.000000e+00
    outer loop
      vertex   -1.281629e-02 -7.793759e-03 6.000000e-02
      vertex   -6.256688e-02 -2.533052e-02 6.000000e-02
      vertex   -5.881401e-02 -3.312343e-02 6.000000e-02
    endloop
  endfacet
  facet normal 0.000000e+00 0.000000e+00 1.000000e+00
    outer loop
      vertex   -1.281629e-02 -7.793759e-03 6.000000e-02
      vertex   -5.881401e-02 -3.312343e-02 6.000000e-02
      vertex   -5.409542e-02 -4.037246e-02 6.000000e-02
    endloop
  endfacet
  facet normal 0.000000e+00 0.000000e+00 1.000000e+00
    outer loop
      vertex   -1.500000e-02 -1.836970e-18 6.000000e-02
      vertex   -6.694583e-02 -8.631708e-03 6.000000e-02
      vertex   -1.444376e-02 -4.046952e-03 6.000000e-02
    endloop
  endfacet
  facet normal 0.000000e+00 0.000000e+00 1.000000e+00
    outer loop
      vertex   -1.444376e-02 -4.046952e-03 6.000000e-02
      vertex   -6.694583e-02 -8.631708e-03 6.000000e-02
      vertex   -6.529240e-02 -1.712168e-02 6.000000e-02
    endloop
  endfacet
  facet normal 0.000000e+00 0.000000e+00 1.000000e+00
    outer loop
      vertex   -1.444376e-02 -4.046952e-03 6.000000e-02
      vertex   -6.529240e-02 -1.712168e-02 6.000000e-02
      vertex   -6.256688e-02 -2.533052e-02 6.000000e-02
    endloop
  endfacet
  facet normal -0.000000e+00 0.000000e+00 1.000000e+00
    outer loop
      vertex   -2.732288e-02 -6.172285e-02 6.000000e-02
      vertex   -1.920561e-02 -6.471008e-02 6.000000e-02
      vertex   -6.900976e-03 -1.331828e-02 6.000000e-02
    endloop
  endfacet
  facet normal 0.000000e+00 0.000000e+00 1.000000e+00
    outer loop
      vertex   6.625524e-02 1.290321e-02 6.000000e-02
      vertex   6.406126e-02 2.126980e-02 6.000000e-02
      vertex   1.486029e-02 2.042500e-03 6.000000e-02
    endloop
  endfacet
  facet normal 0.000000e+00 0.000000e+00 1.000000e+00
    outer loop
      vertex   -3.499150e-02 5.772214e-02 6.000000e-02
      vertex   -4.208556e-02 5.277363e-02 6.000000e-02
      vertex   -6.900976e-03 1.331828e-02 6.000000e-02
    endloop
  endfacet
  facet normal 1.000000e+00 0.000000e+00 0.000000e+00
    outer loop
      vertex   1.250000e-01 -1.150000e-01 0.000000e+00
      vertex   1.250000e-01 1.150000e-01 0.000000e+00
      vertex   1.250000e-01 -1.150000e-01 1.500000e-02
    endloop
  endfacet
  facet normal 1.000000e+00 -0.000000e+00 0.000000e+00
    outer loop
      vertex   1.250000e-01 -1.150000e-01 1.500000e-02
      vertex   1.250000e-01 1.150000e-01 0.000000e+00
      vertex   1.250000e-01 1.150000e-01 1.500000e-02
    endloop
  endfacet
  facet normal 0.000000e+00 -1.000000e+00 0.000000e+00
    outer loop
      vertex   -1.150000e-01 -1.250000e-01 0.000000e+00
      vertex   1.150000e-01 -1.250000e-01 0.000000e+00
      vertex   -1.150000e-01 -1.250000e-01 1.500000e-02
    endloop
  endfacet
  facet normal 0.000000e+00 -1.000000e+00 0.000000e+00
    outer loop
      vertex   -1.150000e-01 -1.250000e-01 1.500000e-02
      vertex   1.150000e-01 -1.250000e-01 0.000000e+00
      vertex   1.150000e-01 -1.250000e-01 1.500000e-02
    endloop
  endfacet
endsolid
