solid ASCII
  facet normal -1.305261e-01 -1.300050e-03 9.914440e-01
    outer loop
      vertex   -2.629410e-02 3.149859e-02 7.482963e-02
      vertex   -2.654508e-02 4.440892e-18 7.475528e-02
      vertex   -2.500000e-02 3.149859e-02 7.500000e-02
    endloop
  endfacet
  facet normal -1.749067e-01 9.302219e-04 9.845846e-01
    outer loop
      vertex   -2.500000e-02 3.149859e-02 7.500000e-02
      vertex   -2.654508e-02 4.440892e-18 7.475528e-02
      vertex   -2.629410e-02 -3.149859e-02 7.482963e-02
    endloop
  endfacet
  facet normal -1.305262e-01 0.000000e+00 9.914449e-01
    outer loop
      vertex   -2.500000e-02 3.149859e-02 7.500000e-02
      vertex   -2.629410e-02 -3.149859e-02 7.482963e-02
      vertex   -2.500000e-02 -3.149859e-02 7.500000e-02
    endloop
  endfacet
  facet normal -3.826833e-01 8.686848e-04 9.238792e-01
    outer loop
      vertex   -2.629410e-02 3.149859e-02 7.482963e-02
      vertex   -2.750000e-02 3.149859e-02 7.433013e-02
      vertex   -2.654508e-02 4.440892e-18 7.475528e-02
    endloop
  endfacet
  facet normal -4.539898e-01 -1.736772e-03 8.910052e-01
    outer loop
      vertex   -2.654508e-02 4.440892e-18 7.475528e-02
      vertex   -2.750000e-02 3.149859e-02 7.433013e-02
      vertex   -2.793893e-02 4.440892e-18 7.404508e-02
    endloop
  endfacet
  facet normal -4.539898e-01 1.736772e-03 8.910052e-01
    outer loop
      vertex   -2.654508e-02 4.440892e-18 7.475528e-02
      vertex   -2.793893e-02 4.440892e-18 7.404508e-02
      vertex   -2.750000e-02 -3.149859e-02 7.433013e-02
    endloop
  endfacet
  facet normal -6.087609e-01 -1.303623e-03 7.933527e-01
    outer loop
      vertex   -2.750000e-02 -3.149859e-02 7.433013e-02
      vertex   -2.793893e-02 4.440892e-18 7.404508e-02
      vertex   -2.853553e-02 -3.149859e-02 7.353553e-02
    endloop
  endfacet
  facet normal -7.071054e-01 1.954315e-03 7.071054e-01
    outer loop
      vertex   -2.853553e-02 -3.149859e-02 7.353553e-02
      vertex   -2.793893e-02 4.440892e-18 7.404508e-02
      vertex   -2.904508e-02 4.440892e-18 7.293893e-02
    endloop
  endfacet
  facet normal -7.933527e-01 -1.303623e-03 6.087609e-01
    outer loop
      vertex   -2.853553e-02 -3.149859e-02 7.353553e-02
      vertex   -2.904508e-02 4.440892e-18 7.293893e-02
      vertex   -2.933013e-02 -3.149859e-02 7.250000e-02
    endloop
  endfacet
  facet normal -8.910052e-01 1.736772e-03 4.539898e-01
    outer loop
      vertex   -2.933013e-02 -3.149859e-02 7.250000e-02
      vertex   -2.904508e-02 4.440892e-18 7.293893e-02
      vertex   -2.975528e-02 4.440892e-18 7.154508e-02
    endloop
  endfacet
  facet normal -9.238792e-01 -8.686848e-04 3.826833e-01
    outer loop
      vertex   -2.933013e-02 -3.149859e-02 7.250000e-02
      vertex   -2.975528e-02 4.440892e-18 7.154508e-02
      vertex   -2.982963e-02 -3.149859e-02 7.129410e-02
    endloop
  endfacet
  facet normal -9.914440e-01 1.300050e-03 1.305261e-01
    outer loop
      vertex   -2.982963e-02 -3.149859e-02 7.129410e-02
      vertex   -2.975528e-02 4.440892e-18 7.154508e-02
      vertex   -3.000000e-02 -3.149859e-02 7.000000e-02
    endloop
  endfacet
  facet normal -9.845846e-01 -9.302219e-04 1.749067e-01
    outer loop
      vertex   -3.000000e-02 -3.149859e-02 7.000000e-02
      vertex   -2.975528e-02 4.440892e-18 7.154508e-02
      vertex   -2.982963e-02 3.149859e-02 7.129410e-02
    endloop
  endfacet
  facet normal -9.914449e-01 0.000000e+00 1.305262e-01
    outer loop
      vertex   -3.000000e-02 -3.149859e-02 7.000000e-02
      vertex   -2.982963e-02 3.149859e-02 7.129410e-02
      vertex   -3.000000e-02 3.149859e-02 7.000000e-02
    endloop
  endfacet
  facet normal -6.087609e-01 1.303623e-03 7.933527e-01
    outer loop
      vertex   -2.750000e-02 3.149859e-02 7.433013e-02
      vertex   -2.853553e-02 3.149859e-02 7.353553e-02
      vertex   -2.793893e-02 4.440892e-18 7.404508e-02
    endloop
  endfacet
  facet normal -7.071054e-01 -1.954315e-03 7.071054e-01
    outer loop
      vertex   -2.793893e-02 4.440892e-18 7.404508e-02
      vertex   -2.853553e-02 3.149859e-02 7.353553e-02
      vertex   -2.904508e-02 4.440892e-18 7.293893e-02
    endloop
  endfacet
  facet normal -7.933527e-01 1.303623e-03 6.087609e-01
    outer loop
      vertex   -2.853553e-02 3.149859e-02 7.353553e-02
      vertex   -2.933013e-02 3.149859e-02 7.250000e-02
      vertex   -2.904508e-02 4.440892e-18 7.293893e-02
    endloop
  endfacet
  facet normal -8.910052e-01 -1.736772e-03 4.539898e-01
    outer loop
      vertex   -2.904508e-02 4.440892e-18 7.293893e-02
      vertex   -2.933013e-02 3.149859e-02 7.250000e-02
      vertex   -2.975528e-02 4.440892e-18 7.154508e-02
    endloop
  endfacet
  facet normal -9.238792e-01 8.686848e-04 3.826833e-01
    outer loop
      vertex   -2.933013e-02 3.149859e-02 7.250000e-02
      vertex   -2.982963e-02 3.149859e-02 7.129410e-02
      vertex   -2.975528e-02 4.440892e-18 7.154508e-02
    endloop
  endfacet
  facet normal -3.826833e-01 -8.686848e-04 9.238792e-01
    outer loop
      vertex   -2.750000e-02 -3.149859e-02 7.433013e-02
      vertex   -2.629410e-02 -3.149859e-02 7.482963e-02
      vertex   -2.654508e-02 4.440892e-18 7.475528e-02
    endloop
  endfacet
  facet normal -5.409819e-01 -6.568669e-01 5.252280e-01
    outer loop
      vertex   -3.061040e-02 3.375613e-02 7.215440e-02
      vertex   -3.013636e-02 3.408991e-02 7.306009e-02
      vertex   -3.047301e-02 3.450000e-02 7.322622e-02
    endloop
  endfacet
  facet normal -3.873381e-01 -6.011385e-01 6.990004e-01
    outer loop
      vertex   -3.047301e-02 3.450000e-02 7.322622e-02
      vertex   -3.013636e-02 3.408991e-02 7.306009e-02
      vertex   -2.958957e-02 3.472905e-02 7.391274e-02
    endloop
  endfacet
  facet normal -4.190902e-01 -5.496369e-01 7.226775e-01
    outer loop
      vertex   -3.047301e-02 3.450000e-02 7.322622e-02
      vertex   -2.958957e-02 3.472905e-02 7.391274e-02
      vertex   -3.006205e-02 3.517246e-02 7.397599e-02
    endloop
  endfacet
  facet normal -3.266852e-01 -4.654261e-01 8.225906e-01
    outer loop
      vertex   -3.006205e-02 3.517246e-02 7.397599e-02
      vertex   -2.958957e-02 3.472905e-02 7.391274e-02
      vertex   -2.921972e-02 3.516135e-02 7.430422e-02
    endloop
  endfacet
  facet normal -3.304754e-01 -4.436272e-01 8.330552e-01
    outer loop
      vertex   -3.006205e-02 3.517246e-02 7.397599e-02
      vertex   -2.921972e-02 3.516135e-02 7.430422e-02
      vertex   -2.977082e-02 3.564892e-02 7.434525e-02
    endloop
  endfacet
  facet normal -2.604334e-01 -3.694205e-01 8.920218e-01
    outer loop
      vertex   -2.977082e-02 3.564892e-02 7.434525e-02
      vertex   -2.921972e-02 3.516135e-02 7.430422e-02
      vertex   -2.883272e-02 3.561371e-02 7.460455e-02
    endloop
  endfacet
  facet normal -2.615865e-01 -3.525644e-01 8.984826e-01
    outer loop
      vertex   -2.977082e-02 3.564892e-02 7.434525e-02
      vertex   -2.883272e-02 3.561371e-02 7.460455e-02
      vertex   -2.946767e-02 3.614480e-02 7.462809e-02
    endloop
  endfacet
  facet normal -1.896091e-01 -2.685491e-01 9.444203e-01
    outer loop
      vertex   -2.946767e-02 3.614480e-02 7.462809e-02
      vertex   -2.883272e-02 3.561371e-02 7.460455e-02
      vertex   -2.842320e-02 3.609238e-02 7.482288e-02
    endloop
  endfacet
  facet normal -1.891206e-01 -3.250219e-01 9.266036e-01
    outer loop
      vertex   -2.946767e-02 3.614480e-02 7.462809e-02
      vertex   -2.842320e-02 3.609238e-02 7.482288e-02
      vertex   -2.977391e-02 3.654429e-02 7.470571e-02
    endloop
  endfacet
  facet normal -1.519136e-01 -2.032704e-01 9.672659e-01
    outer loop
      vertex   -2.977391e-02 3.654429e-02 7.470571e-02
      vertex   -2.842320e-02 3.609238e-02 7.482288e-02
      vertex   -2.797981e-02 3.612550e-02 7.489948e-02
    endloop
  endfacet
  facet normal -1.551097e-01 -1.729217e-01 9.726454e-01
    outer loop
      vertex   -2.797981e-02 3.612550e-02 7.489948e-02
      vertex   -2.842320e-02 3.609238e-02 7.482288e-02
      vertex   -2.817102e-02 3.584193e-02 7.481857e-02
    endloop
  endfacet
  facet normal -1.816697e-01 -1.545820e-01 9.711336e-01
    outer loop
      vertex   -2.797981e-02 3.612550e-02 7.489948e-02
      vertex   -2.817102e-02 3.584193e-02 7.481857e-02
      vertex   -2.742093e-02 3.486270e-02 7.480302e-02
    endloop
  endfacet
  facet normal -2.571260e-01 -2.119325e-01 9.428525e-01
    outer loop
      vertex   -2.742093e-02 3.486270e-02 7.480302e-02
      vertex   -2.817102e-02 3.584193e-02 7.481857e-02
      vertex   -2.861337e-02 3.538399e-02 7.459500e-02
    endloop
  endfacet
  facet normal -2.626477e-01 -2.265302e-01 9.379234e-01
    outer loop
      vertex   -2.742093e-02 3.486270e-02 7.480302e-02
      vertex   -2.861337e-02 3.538399e-02 7.459500e-02
      vertex   -2.796771e-02 3.449290e-02 7.456059e-02
    endloop
  endfacet
  facet normal -3.537801e-01 -2.906745e-01 8.890152e-01
    outer loop
      vertex   -2.796771e-02 3.449290e-02 7.456059e-02
      vertex   -2.861337e-02 3.538399e-02 7.459500e-02
      vertex   -2.903079e-02 3.495186e-02 7.428760e-02
    endloop
  endfacet
  facet normal -3.601007e-01 -3.109308e-01 8.795735e-01
    outer loop
      vertex   -2.796771e-02 3.449290e-02 7.456059e-02
      vertex   -2.903079e-02 3.495186e-02 7.428760e-02
      vertex   -2.848090e-02 3.414580e-02 7.422778e-02
    endloop
  endfacet
  facet normal -4.453705e-01 -3.645151e-01 8.177859e-01
    outer loop
      vertex   -2.848090e-02 3.414580e-02 7.422778e-02
      vertex   -2.903079e-02 3.495186e-02 7.428760e-02
      vertex   -2.942882e-02 3.453979e-02 7.388716e-02
    endloop
  endfacet
  facet normal -4.508008e-01 -3.907478e-01 8.025551e-01
    outer loop
      vertex   -2.848090e-02 3.414580e-02 7.422778e-02
      vertex   -2.942882e-02 3.453979e-02 7.388716e-02
      vertex   -2.896636e-02 3.381745e-02 7.379523e-02
    endloop
  endfacet
  facet normal -5.644828e-01 -4.495022e-01 6.923200e-01
    outer loop
      vertex   -2.896636e-02 3.381745e-02 7.379523e-02
      vertex   -2.942882e-02 3.453979e-02 7.388716e-02
      vertex   -3.001446e-02 3.393351e-02 7.301602e-02
    endloop
  endfacet
  facet normal -5.512621e-01 -5.014949e-01 6.667930e-01
    outer loop
      vertex   -2.896636e-02 3.381745e-02 7.379523e-02
      vertex   -3.001446e-02 3.393351e-02 7.301602e-02
      vertex   -2.966793e-02 3.334286e-02 7.285828e-02
    endloop
  endfacet
  facet normal -6.830736e-01 -5.338597e-01 4.984018e-01
    outer loop
      vertex   -2.966793e-02 3.334286e-02 7.285828e-02
      vertex   -3.001446e-02 3.393351e-02 7.301602e-02
      vertex   -3.043725e-02 3.349582e-02 7.196774e-02
    endloop
  endfacet
  facet normal -6.515387e-01 -6.039023e-01 4.591290e-01
    outer loop
      vertex   -2.966793e-02 3.334286e-02 7.285828e-02
      vertex   -3.043725e-02 3.349582e-02 7.196774e-02
      vertex   -3.015260e-02 3.301488e-02 7.173909e-02
    endloop
  endfacet
  facet normal -7.627796e-01 -5.837406e-01 2.782339e-01
    outer loop
      vertex   -3.015260e-02 3.301488e-02 7.173909e-02
      vertex   -3.043725e-02 3.349582e-02 7.196774e-02
      vertex   -3.055561e-02 3.317614e-02 7.097257e-02
    endloop
  endfacet
  facet normal -6.830396e-01 -6.989127e-01 2.120801e-01
    outer loop
      vertex   -3.015260e-02 3.301488e-02 7.173909e-02
      vertex   -3.055561e-02 3.317614e-02 7.097257e-02
      vertex   -3.055464e-02 3.317246e-02 7.096358e-02
    endloop
  endfacet
  facet normal -4.602735e-01 -7.273879e-01 5.089746e-01
    outer loop
      vertex   -3.013636e-02 3.408991e-02 7.306009e-02
      vertex   -3.061040e-02 3.375613e-02 7.215440e-02
      vertex   -3.053566e-02 3.362317e-02 7.203198e-02
    endloop
  endfacet
  facet normal -6.944593e-01 -6.581523e-01 2.907953e-01
    outer loop
      vertex   -3.053566e-02 3.362317e-02 7.203198e-02
      vertex   -3.061040e-02 3.375613e-02 7.215440e-02
      vertex   -3.055561e-02 3.317614e-02 7.097257e-02
    endloop
  endfacet
  facet normal -6.773819e-01 -6.731070e-01 2.967840e-01
    outer loop
      vertex   -3.053566e-02 3.362317e-02 7.203198e-02
      vertex   -3.055561e-02 3.317614e-02 7.097257e-02
      vertex   -3.043725e-02 3.349582e-02 7.196774e-02
    endloop
  endfacet
  facet normal -7.687278e-01 -5.741199e-01 2.818578e-01
    outer loop
      vertex   -3.055464e-02 3.317246e-02 7.096358e-02
      vertex   -3.014393e-02 3.237480e-02 7.045896e-02
      vertex   -3.015260e-02 3.301488e-02 7.173909e-02
    endloop
  endfacet
  facet normal -8.730720e-01 -4.384535e-01 2.133164e-01
    outer loop
      vertex   -3.015260e-02 3.301488e-02 7.173909e-02
      vertex   -3.014393e-02 3.237480e-02 7.045896e-02
      vertex   -3.000590e-02 3.264240e-02 7.157392e-02
    endloop
  endfacet
  facet normal -7.569703e-01 -4.898948e-01 4.324339e-01
    outer loop
      vertex   -3.015260e-02 3.301488e-02 7.173909e-02
      vertex   -3.000590e-02 3.264240e-02 7.157392e-02
      vertex   -2.949567e-02 3.288638e-02 7.274347e-02
    endloop
  endfacet
  facet normal -8.510048e-01 -2.968755e-01 4.331925e-01
    outer loop
      vertex   -2.949567e-02 3.288638e-02 7.274347e-02
      vertex   -3.000590e-02 3.264240e-02 7.157392e-02
      vertex   -2.939019e-02 3.241941e-02 7.263066e-02
    endloop
  endfacet
  facet normal -7.088793e-01 -3.128405e-01 6.321558e-01
    outer loop
      vertex   -2.949567e-02 3.288638e-02 7.274347e-02
      vertex   -2.939019e-02 3.241941e-02 7.263066e-02
      vertex   -2.858043e-02 3.266770e-02 7.366157e-02
    endloop
  endfacet
  facet normal -7.592394e-01 -1.516626e-01 6.328934e-01
    outer loop
      vertex   -2.858043e-02 3.266770e-02 7.366157e-02
      vertex   -2.939019e-02 3.241941e-02 7.263066e-02
      vertex   -2.851640e-02 3.207805e-02 7.359708e-02
    endloop
  endfacet
  facet normal -6.187204e-01 -1.514956e-01 7.708658e-01
    outer loop
      vertex   -2.858043e-02 3.266770e-02 7.366157e-02
      vertex   -2.851640e-02 3.207805e-02 7.359708e-02
      vertex   -2.791405e-02 3.216836e-02 7.409830e-02
    endloop
  endfacet
  facet normal -6.330026e-01 -6.107102e-02 7.717370e-01
    outer loop
      vertex   -2.791405e-02 3.216836e-02 7.409830e-02
      vertex   -2.851640e-02 3.207805e-02 7.359708e-02
      vertex   -2.853553e-02 3.149859e-02 7.353553e-02
    endloop
  endfacet
  facet normal -6.056358e-01 -1.012052e-01 7.892799e-01
    outer loop
      vertex   -2.791405e-02 3.216836e-02 7.409830e-02
      vertex   -2.853553e-02 3.149859e-02 7.353553e-02
      vertex   -2.750000e-02 3.149859e-02 7.433013e-02
    endloop
  endfacet
  facet normal -9.528035e-01 -2.481337e-01 1.749146e-01
    outer loop
      vertex   -3.000000e-02 3.149859e-02 7.000000e-02
      vertex   -2.986725e-02 3.187546e-02 7.125773e-02
      vertex   -3.014393e-02 3.237480e-02 7.045896e-02
    endloop
  endfacet
  facet normal -9.581908e-01 -1.929671e-01 2.112678e-01
    outer loop
      vertex   -3.014393e-02 3.237480e-02 7.045896e-02
      vertex   -2.986725e-02 3.187546e-02 7.125773e-02
      vertex   -2.991051e-02 3.225987e-02 7.141264e-02
    endloop
  endfacet
  facet normal -9.307605e-01 -3.122792e-01 1.901750e-01
    outer loop
      vertex   -3.014393e-02 3.237480e-02 7.045896e-02
      vertex   -2.991051e-02 3.225987e-02 7.141264e-02
      vertex   -3.000590e-02 3.264240e-02 7.157392e-02
    endloop
  endfacet
  facet normal -8.323112e-01 -3.783446e-01 4.051091e-01
    outer loop
      vertex   -3.000590e-02 3.264240e-02 7.157392e-02
      vertex   -2.991051e-02 3.225987e-02 7.141264e-02
      vertex   -2.939019e-02 3.241941e-02 7.263066e-02
    endloop
  endfacet
  facet normal -9.877664e-01 -8.606228e-02 1.300419e-01
    outer loop
      vertex   -3.000000e-02 3.149859e-02 7.000000e-02
      vertex   -2.982963e-02 3.149859e-02 7.129410e-02
      vertex   -2.986725e-02 3.187546e-02 7.125773e-02
    endloop
  endfacet
  facet normal -9.232514e-01 -5.548226e-02 3.801693e-01
    outer loop
      vertex   -2.986725e-02 3.187546e-02 7.125773e-02
      vertex   -2.982963e-02 3.149859e-02 7.129410e-02
      vertex   -2.935148e-02 3.195283e-02 7.252158e-02
    endloop
  endfacet
  facet normal -8.902748e-01 -2.528360e-01 3.787938e-01
    outer loop
      vertex   -2.986725e-02 3.187546e-02 7.125773e-02
      vertex   -2.935148e-02 3.195283e-02 7.252158e-02
      vertex   -2.991051e-02 3.225987e-02 7.141264e-02
    endloop
  endfacet
  facet normal -8.981068e-01 -1.693903e-01 4.058461e-01
    outer loop
      vertex   -2.991051e-02 3.225987e-02 7.141264e-02
      vertex   -2.935148e-02 3.195283e-02 7.252158e-02
      vertex   -2.939019e-02 3.241941e-02 7.263066e-02
    endloop
  endfacet
  facet normal -9.221308e-01 -6.149845e-02 3.819591e-01
    outer loop
      vertex   -2.982963e-02 3.149859e-02 7.129410e-02
      vertex   -2.933013e-02 3.149859e-02 7.250000e-02
      vertex   -2.935148e-02 3.195283e-02 7.252158e-02
    endloop
  endfacet
  facet normal -7.843802e-01 -6.617469e-02 6.167403e-01
    outer loop
      vertex   -2.935148e-02 3.195283e-02 7.252158e-02
      vertex   -2.933013e-02 3.149859e-02 7.250000e-02
      vertex   -2.851640e-02 3.207805e-02 7.359708e-02
    endloop
  endfacet
  facet normal -7.609536e-01 -2.068935e-01 6.149347e-01
    outer loop
      vertex   -2.935148e-02 3.195283e-02 7.252158e-02
      vertex   -2.851640e-02 3.207805e-02 7.359708e-02
      vertex   -2.939019e-02 3.241941e-02 7.263066e-02
    endloop
  endfacet
  facet normal -7.927670e-01 -3.843905e-02 6.083115e-01
    outer loop
      vertex   -2.933013e-02 3.149859e-02 7.250000e-02
      vertex   -2.853553e-02 3.149859e-02 7.353553e-02
      vertex   -2.851640e-02 3.207805e-02 7.359708e-02
    endloop
  endfacet
  facet normal -5.109681e-01 -1.841031e-02 8.594025e-01
    outer loop
      vertex   -2.791405e-02 3.216836e-02 7.409830e-02
      vertex   -2.750000e-02 3.149859e-02 7.433013e-02
      vertex   -2.726567e-02 3.226557e-02 7.448588e-02
    endloop
  endfacet
  facet normal -3.817306e-01 -7.052224e-02 9.215793e-01
    outer loop
      vertex   -2.726567e-02 3.226557e-02 7.448588e-02
      vertex   -2.750000e-02 3.149859e-02 7.433013e-02
      vertex   -2.629410e-02 3.149859e-02 7.482963e-02
    endloop
  endfacet
  facet normal -3.685639e-01 -5.087145e-02 9.282095e-01
    outer loop
      vertex   -2.726567e-02 3.226557e-02 7.448588e-02
      vertex   -2.629410e-02 3.149859e-02 7.482963e-02
      vertex   -2.656666e-02 3.237036e-02 7.476918e-02
    endloop
  endfacet
  facet normal -1.553460e-01 1.991444e-02 9.876594e-01
    outer loop
      vertex   -2.656666e-02 3.237036e-02 7.476918e-02
      vertex   -2.629410e-02 3.149859e-02 7.482963e-02
      vertex   -2.507597e-02 3.255121e-02 7.500000e-02
    endloop
  endfacet
  facet normal -1.490915e-01 -3.244494e-02 9.882910e-01
    outer loop
      vertex   -2.656666e-02 3.237036e-02 7.476918e-02
      vertex   -2.507597e-02 3.255121e-02 7.500000e-02
      vertex   -2.530101e-02 3.358533e-02 7.500000e-02
    endloop
  endfacet
  facet normal -1.305204e-01 -9.420201e-03 9.914009e-01
    outer loop
      vertex   -2.629410e-02 3.149859e-02 7.482963e-02
      vertex   -2.500000e-02 3.149859e-02 7.500000e-02
      vertex   -2.507597e-02 3.255121e-02 7.500000e-02
    endloop
  endfacet
  facet normal -1.429101e-01 -3.901249e-02 9.889665e-01
    outer loop
      vertex   -2.656666e-02 3.237036e-02 7.476918e-02
      vertex   -2.530101e-02 3.358533e-02 7.500000e-02
      vertex   -2.672646e-02 3.323617e-02 7.478024e-02
    endloop
  endfacet
  facet normal -1.396639e-01 -5.217550e-02 9.888234e-01
    outer loop
      vertex   -2.672646e-02 3.323617e-02 7.478024e-02
      vertex   -2.530101e-02 3.358533e-02 7.500000e-02
      vertex   -2.567037e-02 3.457403e-02 7.500000e-02
    endloop
  endfacet
  facet normal -1.317382e-01 -5.855193e-02 9.895538e-01
    outer loop
      vertex   -2.672646e-02 3.323617e-02 7.478024e-02
      vertex   -2.567037e-02 3.457403e-02 7.500000e-02
      vertex   -2.701315e-02 3.407282e-02 7.479158e-02
    endloop
  endfacet
  facet normal -1.275507e-01 -6.969843e-02 9.893801e-01
    outer loop
      vertex   -2.701315e-02 3.407282e-02 7.479158e-02
      vertex   -2.567037e-02 3.457403e-02 7.500000e-02
      vertex   -2.617636e-02 3.550000e-02 7.500000e-02
    endloop
  endfacet
  facet normal -1.181386e-01 -7.532729e-02 9.901359e-01
    outer loop
      vertex   -2.701315e-02 3.407282e-02 7.479158e-02
      vertex   -2.617636e-02 3.550000e-02 7.500000e-02
      vertex   -2.742093e-02 3.486270e-02 7.480302e-02
    endloop
  endfacet
  facet normal -6.810234e-02 -1.708197e-01 9.829459e-01
    outer loop
      vertex   -2.742093e-02 3.486270e-02 7.480302e-02
      vertex   -2.617636e-02 3.550000e-02 7.500000e-02
      vertex   -2.618839e-02 3.550477e-02 7.499999e-02
    endloop
  endfacet
  facet normal -9.639465e-02 -1.181530e-01 9.883056e-01
    outer loop
      vertex   -2.742093e-02 3.486270e-02 7.480302e-02
      vertex   -2.618839e-02 3.550477e-02 7.499999e-02
      vertex   -2.797981e-02 3.612550e-02 7.489948e-02
    endloop
  endfacet
  facet normal -2.090044e-01 -3.384890e-01 9.174652e-01
    outer loop
      vertex   -2.977391e-02 3.654429e-02 7.470571e-02
      vertex   -3.007408e-02 3.602807e-02 7.444688e-02
      vertex   -2.946767e-02 3.614480e-02 7.462809e-02
    endloop
  endfacet
  facet normal -1.924725e-01 -3.947668e-01 8.983949e-01
    outer loop
      vertex   -2.946767e-02 3.614480e-02 7.462809e-02
      vertex   -3.007408e-02 3.602807e-02 7.444688e-02
      vertex   -2.977082e-02 3.564892e-02 7.434525e-02
    endloop
  endfacet
  facet normal -2.688084e-01 -4.441087e-01 8.546985e-01
    outer loop
      vertex   -3.007408e-02 3.602807e-02 7.444688e-02
      vertex   -3.023409e-02 3.550000e-02 7.412217e-02
      vertex   -2.977082e-02 3.564892e-02 7.434525e-02
    endloop
  endfacet
  facet normal -2.409035e-01 -4.982516e-01 8.328931e-01
    outer loop
      vertex   -2.977082e-02 3.564892e-02 7.434525e-02
      vertex   -3.023409e-02 3.550000e-02 7.412217e-02
      vertex   -3.006205e-02 3.517246e-02 7.397599e-02
    endloop
  endfacet
  facet normal -4.250067e-01 -5.455888e-01 7.222896e-01
    outer loop
      vertex   -3.023409e-02 3.550000e-02 7.412217e-02
      vertex   -3.047301e-02 3.450000e-02 7.322622e-02
      vertex   -3.006205e-02 3.517246e-02 7.397599e-02
    endloop
  endfacet
  facet normal -5.443472e-01 -6.731187e-01 5.005970e-01
    outer loop
      vertex   -3.043725e-02 3.349582e-02 7.196774e-02
      vertex   -3.001446e-02 3.393351e-02 7.301602e-02
      vertex   -3.053566e-02 3.362317e-02 7.203198e-02
    endloop
  endfacet
  facet normal -6.015688e-01 -6.131671e-01 5.119972e-01
    outer loop
      vertex   -3.053566e-02 3.362317e-02 7.203198e-02
      vertex   -3.001446e-02 3.393351e-02 7.301602e-02
      vertex   -3.013636e-02 3.408991e-02 7.306009e-02
    endloop
  endfacet
  facet normal -4.595078e-01 -5.538267e-01 6.943548e-01
    outer loop
      vertex   -3.001446e-02 3.393351e-02 7.301602e-02
      vertex   -2.942882e-02 3.453979e-02 7.388716e-02
      vertex   -3.013636e-02 3.408991e-02 7.306009e-02
    endloop
  endfacet
  facet normal -4.934284e-01 -5.139646e-01 7.016900e-01
    outer loop
      vertex   -3.013636e-02 3.408991e-02 7.306009e-02
      vertex   -2.942882e-02 3.453979e-02 7.388716e-02
      vertex   -2.958957e-02 3.472905e-02 7.391274e-02
    endloop
  endfacet
  facet normal -3.775867e-01 -4.314689e-01 8.193064e-01
    outer loop
      vertex   -2.942882e-02 3.453979e-02 7.388716e-02
      vertex   -2.903079e-02 3.495186e-02 7.428760e-02
      vertex   -2.958957e-02 3.472905e-02 7.391274e-02
    endloop
  endfacet
  facet normal -3.871883e-01 -4.145380e-01 8.235554e-01
    outer loop
      vertex   -2.958957e-02 3.472905e-02 7.391274e-02
      vertex   -2.903079e-02 3.495186e-02 7.428760e-02
      vertex   -2.921972e-02 3.516135e-02 7.430422e-02
    endloop
  endfacet
  facet normal -2.226494e-01 -2.404471e-01 9.447817e-01
    outer loop
      vertex   -2.817102e-02 3.584193e-02 7.481857e-02
      vertex   -2.842320e-02 3.609238e-02 7.482288e-02
      vertex   -2.883272e-02 3.561371e-02 7.460455e-02
    endloop
  endfacet
  facet normal -3.011658e-01 -3.422295e-01 8.900439e-01
    outer loop
      vertex   -2.903079e-02 3.495186e-02 7.428760e-02
      vertex   -2.861337e-02 3.538399e-02 7.459500e-02
      vertex   -2.921972e-02 3.516135e-02 7.430422e-02
    endloop
  endfacet
  facet normal -3.068687e-01 -3.301213e-01 8.926654e-01
    outer loop
      vertex   -2.921972e-02 3.516135e-02 7.430422e-02
      vertex   -2.861337e-02 3.538399e-02 7.459500e-02
      vertex   -2.883272e-02 3.561371e-02 7.460455e-02
    endloop
  endfacet
  facet normal -2.193683e-01 -2.486804e-01 9.434170e-01
    outer loop
      vertex   -2.861337e-02 3.538399e-02 7.459500e-02
      vertex   -2.817102e-02 3.584193e-02 7.481857e-02
      vertex   -2.883272e-02 3.561371e-02 7.460455e-02
    endloop
  endfacet
  facet normal -7.856612e-01 -4.124510e-01 4.611080e-01
    outer loop
      vertex   -3.015260e-02 3.301488e-02 7.173909e-02
      vertex   -2.949567e-02 3.288638e-02 7.274347e-02
      vertex   -2.966793e-02 3.334286e-02 7.285828e-02
    endloop
  endfacet
  facet normal -6.424889e-01 -4.059196e-01 6.499517e-01
    outer loop
      vertex   -2.966793e-02 3.334286e-02 7.285828e-02
      vertex   -2.949567e-02 3.288638e-02 7.274347e-02
      vertex   -2.873074e-02 3.325201e-02 7.372797e-02
    endloop
  endfacet
  facet normal -6.547136e-01 -3.523698e-01 6.687194e-01
    outer loop
      vertex   -2.966793e-02 3.334286e-02 7.285828e-02
      vertex   -2.873074e-02 3.325201e-02 7.372797e-02
      vertex   -2.896636e-02 3.381745e-02 7.379523e-02
    endloop
  endfacet
  facet normal -5.239178e-01 -3.125736e-01 7.923433e-01
    outer loop
      vertex   -2.896636e-02 3.381745e-02 7.379523e-02
      vertex   -2.873074e-02 3.325201e-02 7.372797e-02
      vertex   -2.819418e-02 3.350843e-02 7.418391e-02
    endloop
  endfacet
  facet normal -5.202419e-01 -2.893417e-01 8.035109e-01
    outer loop
      vertex   -2.896636e-02 3.381745e-02 7.379523e-02
      vertex   -2.819418e-02 3.350843e-02 7.418391e-02
      vertex   -2.848090e-02 3.414580e-02 7.422778e-02
    endloop
  endfacet
  facet normal -4.189799e-01 -2.485924e-01 8.733028e-01
    outer loop
      vertex   -2.848090e-02 3.414580e-02 7.422778e-02
      vertex   -2.819418e-02 3.350843e-02 7.418391e-02
      vertex   -2.762354e-02 3.378113e-02 7.453531e-02
    endloop
  endfacet
  facet normal -4.142167e-01 -2.315502e-01 8.802324e-01
    outer loop
      vertex   -2.848090e-02 3.414580e-02 7.422778e-02
      vertex   -2.762354e-02 3.378113e-02 7.453531e-02
      vertex   -2.796771e-02 3.449290e-02 7.456059e-02
    endloop
  endfacet
  facet normal -3.058816e-01 -1.811001e-01 9.346867e-01
    outer loop
      vertex   -2.796771e-02 3.449290e-02 7.456059e-02
      vertex   -2.762354e-02 3.378113e-02 7.453531e-02
      vertex   -2.701315e-02 3.407282e-02 7.479158e-02
    endloop
  endfacet
  facet normal -3.015483e-01 -1.692633e-01 9.383062e-01
    outer loop
      vertex   -2.796771e-02 3.449290e-02 7.456059e-02
      vertex   -2.701315e-02 3.407282e-02 7.479158e-02
      vertex   -2.742093e-02 3.486270e-02 7.480302e-02
    endloop
  endfacet
  facet normal -7.142883e-01 -2.576826e-01 6.506857e-01
    outer loop
      vertex   -2.873074e-02 3.325201e-02 7.372797e-02
      vertex   -2.949567e-02 3.288638e-02 7.274347e-02
      vertex   -2.858043e-02 3.266770e-02 7.366157e-02
    endloop
  endfacet
  facet normal -5.707802e-01 -2.148084e-01 7.925070e-01
    outer loop
      vertex   -2.819418e-02 3.350843e-02 7.418391e-02
      vertex   -2.873074e-02 3.325201e-02 7.372797e-02
      vertex   -2.800448e-02 3.284430e-02 7.414052e-02
    endloop
  endfacet
  facet normal -5.770997e-01 -2.372516e-01 7.814523e-01
    outer loop
      vertex   -2.800448e-02 3.284430e-02 7.414052e-02
      vertex   -2.873074e-02 3.325201e-02 7.372797e-02
      vertex   -2.858043e-02 3.266770e-02 7.366157e-02
    endloop
  endfacet
  facet normal -6.099804e-01 -1.304374e-01 7.816073e-01
    outer loop
      vertex   -2.800448e-02 3.284430e-02 7.414052e-02
      vertex   -2.858043e-02 3.266770e-02 7.366157e-02
      vertex   -2.791405e-02 3.216836e-02 7.409830e-02
    endloop
  endfacet
  facet normal -4.554028e-01 -1.725147e-01 8.734111e-01
    outer loop
      vertex   -2.762354e-02 3.378113e-02 7.453531e-02
      vertex   -2.819418e-02 3.350843e-02 7.418391e-02
      vertex   -2.738824e-02 3.303326e-02 7.451028e-02
    endloop
  endfacet
  facet normal -4.621053e-01 -1.886035e-01 8.665376e-01
    outer loop
      vertex   -2.738824e-02 3.303326e-02 7.451028e-02
      vertex   -2.819418e-02 3.350843e-02 7.418391e-02
      vertex   -2.800448e-02 3.284430e-02 7.414052e-02
    endloop
  endfacet
  facet normal -4.876761e-01 -1.054054e-01 8.666382e-01
    outer loop
      vertex   -2.738824e-02 3.303326e-02 7.451028e-02
      vertex   -2.800448e-02 3.284430e-02 7.414052e-02
      vertex   -2.726567e-02 3.226557e-02 7.448588e-02
    endloop
  endfacet
  facet normal -4.960511e-01 -1.200887e-01 8.599488e-01
    outer loop
      vertex   -2.726567e-02 3.226557e-02 7.448588e-02
      vertex   -2.800448e-02 3.284430e-02 7.414052e-02
      vertex   -2.791405e-02 3.216836e-02 7.409830e-02
    endloop
  endfacet
  facet normal -3.320302e-01 -1.264411e-01 9.347559e-01
    outer loop
      vertex   -2.701315e-02 3.407282e-02 7.479158e-02
      vertex   -2.762354e-02 3.378113e-02 7.453531e-02
      vertex   -2.672646e-02 3.323617e-02 7.478024e-02
    endloop
  endfacet
  facet normal -3.377194e-01 -1.374220e-01 9.311610e-01
    outer loop
      vertex   -2.672646e-02 3.323617e-02 7.478024e-02
      vertex   -2.762354e-02 3.378113e-02 7.453531e-02
      vertex   -2.738824e-02 3.303326e-02 7.451028e-02
    endloop
  endfacet
  facet normal -3.560822e-01 -7.762065e-02 9.312253e-01
    outer loop
      vertex   -2.672646e-02 3.323617e-02 7.478024e-02
      vertex   -2.738824e-02 3.303326e-02 7.451028e-02
      vertex   -2.656666e-02 3.237036e-02 7.476918e-02
    endloop
  endfacet
  facet normal -3.628872e-01 -8.742257e-02 9.277231e-01
    outer loop
      vertex   -2.656666e-02 3.237036e-02 7.476918e-02
      vertex   -2.738824e-02 3.303326e-02 7.451028e-02
      vertex   -2.726567e-02 3.226557e-02 7.448588e-02
    endloop
  endfacet
  facet normal -2.103542e-01 3.375302e-01 9.175099e-01
    outer loop
      vertex   -3.007315e-02 -3.603034e-02 7.444804e-02
      vertex   -2.977391e-02 -3.654429e-02 7.470571e-02
      vertex   -2.954180e-02 -3.602354e-02 7.456736e-02
    endloop
  endfacet
  facet normal -1.762885e-01 3.253989e-01 9.289983e-01
    outer loop
      vertex   -2.954180e-02 -3.602354e-02 7.456736e-02
      vertex   -2.977391e-02 -3.654429e-02 7.470571e-02
      vertex   -2.797981e-02 -3.612550e-02 7.489948e-02
    endloop
  endfacet
  facet normal -1.837791e-01 2.665096e-01 9.461490e-01
    outer loop
      vertex   -2.954180e-02 -3.602354e-02 7.456736e-02
      vertex   -2.797981e-02 -3.612550e-02 7.489948e-02
      vertex   -2.892751e-02 -3.550292e-02 7.454003e-02
    endloop
  endfacet
  facet normal -2.034733e-01 2.385144e-01 9.495838e-01
    outer loop
      vertex   -2.892751e-02 -3.550292e-02 7.454003e-02
      vertex   -2.797981e-02 -3.612550e-02 7.489948e-02
      vertex   -2.871567e-02 -3.527808e-02 7.452895e-02
    endloop
  endfacet
  facet normal -3.643745e-01 3.851018e-01 8.478961e-01
    outer loop
      vertex   -2.892751e-02 -3.550292e-02 7.454003e-02
      vertex   -2.871567e-02 -3.527808e-02 7.452895e-02
      vertex   -2.942882e-02 -3.453979e-02 7.388716e-02
    endloop
  endfacet
  facet normal -3.915154e-01 3.585061e-01 8.474604e-01
    outer loop
      vertex   -2.942882e-02 -3.453979e-02 7.388716e-02
      vertex   -2.871567e-02 -3.527808e-02 7.452895e-02
      vertex   -2.896636e-02 -3.381745e-02 7.379523e-02
    endloop
  endfacet
  facet normal -5.505234e-01 4.425437e-01 7.078694e-01
    outer loop
      vertex   -2.942882e-02 -3.453979e-02 7.388716e-02
      vertex   -2.896636e-02 -3.381745e-02 7.379523e-02
      vertex   -2.939671e-02 -3.352634e-02 7.327855e-02
    endloop
  endfacet
  facet normal -6.019699e-01 3.679501e-01 7.086924e-01
    outer loop
      vertex   -2.939671e-02 -3.352634e-02 7.327855e-02
      vertex   -2.896636e-02 -3.381745e-02 7.379523e-02
      vertex   -2.920204e-02 -3.302674e-02 7.318451e-02
    endloop
  endfacet
  facet normal -7.167781e-01 3.883045e-01 5.791794e-01
    outer loop
      vertex   -2.939671e-02 -3.352634e-02 7.327855e-02
      vertex   -2.920204e-02 -3.302674e-02 7.318451e-02
      vertex   -2.957986e-02 -3.284613e-02 7.259585e-02
    endloop
  endfacet
  facet normal -7.492443e-01 3.209253e-01 5.793444e-01
    outer loop
      vertex   -2.957986e-02 -3.284613e-02 7.259585e-02
      vertex   -2.920204e-02 -3.302674e-02 7.318451e-02
      vertex   -2.947785e-02 -3.239253e-02 7.247649e-02
    endloop
  endfacet
  facet normal -8.504942e-01 3.041650e-01 4.291191e-01
    outer loop
      vertex   -2.957986e-02 -3.284613e-02 7.259585e-02
      vertex   -2.947785e-02 -3.239253e-02 7.247649e-02
      vertex   -2.978246e-02 -3.229913e-02 7.180657e-02
    endloop
  endfacet
  facet normal -8.728249e-01 2.322228e-01 4.292426e-01
    outer loop
      vertex   -2.978246e-02 -3.229913e-02 7.180657e-02
      vertex   -2.947785e-02 -3.239253e-02 7.247649e-02
      vertex   -2.974400e-02 -3.189395e-02 7.166558e-02
    endloop
  endfacet
  facet normal -9.532062e-01 1.760221e-01 2.457931e-01
    outer loop
      vertex   -2.978246e-02 -3.229913e-02 7.180657e-02
      vertex   -2.974400e-02 -3.189395e-02 7.166558e-02
      vertex   -3.014393e-02 -3.237480e-02 7.045896e-02
    endloop
  endfacet
  facet normal -9.547013e-01 6.587839e-02 2.901817e-01
    outer loop
      vertex   -3.014393e-02 -3.237480e-02 7.045896e-02
      vertex   -2.974400e-02 -3.189395e-02 7.166558e-02
      vertex   -2.982963e-02 -3.149859e-02 7.129410e-02
    endloop
  endfacet
  facet normal -9.659574e-01 2.252862e-01 1.271707e-01
    outer loop
      vertex   -3.014393e-02 -3.237480e-02 7.045896e-02
      vertex   -2.982963e-02 -3.149859e-02 7.129410e-02
      vertex   -3.000000e-02 -3.149859e-02 7.000000e-02
    endloop
  endfacet
  facet normal -2.424177e-01 2.041967e-01 9.484394e-01
    outer loop
      vertex   -2.871567e-02 -3.527808e-02 7.452895e-02
      vertex   -2.797981e-02 -3.612550e-02 7.489948e-02
      vertex   -2.710523e-02 -3.507621e-02 7.489711e-02
    endloop
  endfacet
  facet normal -7.955438e-02 6.855438e-02 9.944704e-01
    outer loop
      vertex   -2.710523e-02 -3.507621e-02 7.489711e-02
      vertex   -2.797981e-02 -3.612550e-02 7.489948e-02
      vertex   -2.618839e-02 -3.550477e-02 7.499999e-02
    endloop
  endfacet
  facet normal -5.122555e-02 1.281889e-01 9.904259e-01
    outer loop
      vertex   -2.710523e-02 -3.507621e-02 7.489711e-02
      vertex   -2.618839e-02 -3.550477e-02 7.499999e-02
      vertex   -2.617636e-02 -3.550000e-02 7.500000e-02
    endloop
  endfacet
  facet normal -8.600607e-02 5.303822e-02 9.948819e-01
    outer loop
      vertex   -2.710523e-02 -3.507621e-02 7.489711e-02
      vertex   -2.617636e-02 -3.550000e-02 7.500000e-02
      vertex   -2.665998e-02 -3.424158e-02 7.489110e-02
    endloop
  endfacet
  facet normal -9.245527e-02 5.052100e-02 9.944343e-01
    outer loop
      vertex   -2.665998e-02 -3.424158e-02 7.489110e-02
      vertex   -2.617636e-02 -3.550000e-02 7.500000e-02
      vertex   -2.567037e-02 -3.457403e-02 7.500000e-02
    endloop
  endfacet
  facet normal -9.571203e-02 4.087089e-02 9.945696e-01
    outer loop
      vertex   -2.665998e-02 -3.424158e-02 7.489110e-02
      vertex   -2.567037e-02 -3.457403e-02 7.500000e-02
      vertex   -2.634278e-02 -3.335382e-02 7.488515e-02
    endloop
  endfacet
  facet normal -1.012008e-01 3.780650e-02 9.941474e-01
    outer loop
      vertex   -2.634278e-02 -3.335382e-02 7.488515e-02
      vertex   -2.567037e-02 -3.457403e-02 7.500000e-02
      vertex   -2.530101e-02 -3.358533e-02 7.500000e-02
    endloop
  endfacet
  facet normal -1.036714e-01 2.674090e-02 9.942521e-01
    outer loop
      vertex   -2.634278e-02 -3.335382e-02 7.488515e-02
      vertex   -2.530101e-02 -3.358533e-02 7.500000e-02
      vertex   -2.616056e-02 -3.243124e-02 7.487933e-02
    endloop
  endfacet
  facet normal -1.079740e-01 2.349705e-02 9.938760e-01
    outer loop
      vertex   -2.616056e-02 -3.243124e-02 7.487933e-02
      vertex   -2.530101e-02 -3.358533e-02 7.500000e-02
      vertex   -2.507597e-02 -3.255121e-02 7.500000e-02
    endloop
  endfacet
  facet normal -1.097037e-01 7.917773e-03 9.939328e-01
    outer loop
      vertex   -2.616056e-02 -3.243124e-02 7.487933e-02
      vertex   -2.507597e-02 -3.255121e-02 7.500000e-02
      vertex   -2.500000e-02 -3.149859e-02 7.500000e-02
    endloop
  endfacet
  facet normal -1.304501e-01 3.413075e-02 9.908672e-01
    outer loop
      vertex   -2.500000e-02 -3.149859e-02 7.500000e-02
      vertex   -2.629410e-02 -3.149859e-02 7.482963e-02
      vertex   -2.616056e-02 -3.243124e-02 7.487933e-02
    endloop
  endfacet
  facet normal -3.528193e-01 -6.491400e-04 9.356913e-01
    outer loop
      vertex   -2.616056e-02 -3.243124e-02 7.487933e-02
      vertex   -2.629410e-02 -3.149859e-02 7.482963e-02
      vertex   -2.742578e-02 -3.224157e-02 7.440239e-02
    endloop
  endfacet
  facet normal -3.421177e-01 7.347430e-02 9.367801e-01
    outer loop
      vertex   -2.616056e-02 -3.243124e-02 7.487933e-02
      vertex   -2.742578e-02 -3.224157e-02 7.440239e-02
      vertex   -2.634278e-02 -3.335382e-02 7.488515e-02
    endloop
  endfacet
  facet normal -3.302729e-01 8.637259e-02 9.399253e-01
    outer loop
      vertex   -2.634278e-02 -3.335382e-02 7.488515e-02
      vertex   -2.742578e-02 -3.224157e-02 7.440239e-02
      vertex   -2.754015e-02 -3.298668e-02 7.443067e-02
    endloop
  endfacet
  facet normal -3.197458e-01 1.205535e-01 9.398029e-01
    outer loop
      vertex   -2.634278e-02 -3.335382e-02 7.488515e-02
      vertex   -2.754015e-02 -3.298668e-02 7.443067e-02
      vertex   -2.665998e-02 -3.424158e-02 7.489110e-02
    endloop
  endfacet
  facet normal -3.055843e-01 1.316656e-01 9.430177e-01
    outer loop
      vertex   -2.665998e-02 -3.424158e-02 7.489110e-02
      vertex   -2.754015e-02 -3.298668e-02 7.443067e-02
      vertex   -2.776396e-02 -3.371403e-02 7.445970e-02
    endloop
  endfacet
  facet normal -2.910242e-01 1.620341e-01 9.428944e-01
    outer loop
      vertex   -2.665998e-02 -3.424158e-02 7.489110e-02
      vertex   -2.776396e-02 -3.371403e-02 7.445970e-02
      vertex   -2.710523e-02 -3.507621e-02 7.489711e-02
    endloop
  endfacet
  facet normal -2.750694e-01 1.707896e-01 9.461330e-01
    outer loop
      vertex   -2.710523e-02 -3.507621e-02 7.489711e-02
      vertex   -2.776396e-02 -3.371403e-02 7.445970e-02
      vertex   -2.809377e-02 -3.440764e-02 7.448902e-02
    endloop
  endfacet
  facet normal -2.433333e-01 2.172110e-01 9.453085e-01
    outer loop
      vertex   -2.710523e-02 -3.507621e-02 7.489711e-02
      vertex   -2.809377e-02 -3.440764e-02 7.448902e-02
      vertex   -2.871567e-02 -3.527808e-02 7.452895e-02
    endloop
  endfacet
  facet normal -4.297767e-01 3.453245e-01 8.342919e-01
    outer loop
      vertex   -2.871567e-02 -3.527808e-02 7.452895e-02
      vertex   -2.809377e-02 -3.440764e-02 7.448902e-02
      vertex   -2.896636e-02 -3.381745e-02 7.379523e-02
    endloop
  endfacet
  facet normal -3.821744e-01 5.156292e-02 9.226505e-01
    outer loop
      vertex   -2.629410e-02 -3.149859e-02 7.482963e-02
      vertex   -2.750000e-02 -3.149859e-02 7.433013e-02
      vertex   -2.742578e-02 -3.224157e-02 7.440239e-02
    endloop
  endfacet
  facet normal -5.920315e-01 1.922097e-02 8.056856e-01
    outer loop
      vertex   -2.742578e-02 -3.224157e-02 7.440239e-02
      vertex   -2.750000e-02 -3.149859e-02 7.433013e-02
      vertex   -2.851640e-02 -3.207805e-02 7.359708e-02
    endloop
  endfacet
  facet normal -5.781154e-01 1.193777e-01 8.071751e-01
    outer loop
      vertex   -2.742578e-02 -3.224157e-02 7.440239e-02
      vertex   -2.851640e-02 -3.207805e-02 7.359708e-02
      vertex   -2.754015e-02 -3.298668e-02 7.443067e-02
    endloop
  endfacet
  facet normal -5.576590e-01 1.498494e-01 8.164322e-01
    outer loop
      vertex   -2.754015e-02 -3.298668e-02 7.443067e-02
      vertex   -2.851640e-02 -3.207805e-02 7.359708e-02
      vertex   -2.858043e-02 -3.266770e-02 7.366157e-02
    endloop
  endfacet
  facet normal -5.422744e-01 1.994361e-01 8.161886e-01
    outer loop
      vertex   -2.754015e-02 -3.298668e-02 7.443067e-02
      vertex   -2.858043e-02 -3.266770e-02 7.366157e-02
      vertex   -2.776396e-02 -3.371403e-02 7.445970e-02
    endloop
  endfacet
  facet normal -5.165914e-01 2.267113e-01 8.256726e-01
    outer loop
      vertex   -2.776396e-02 -3.371403e-02 7.445970e-02
      vertex   -2.858043e-02 -3.266770e-02 7.366157e-02
      vertex   -2.873074e-02 -3.325201e-02 7.372797e-02
    endloop
  endfacet
  facet normal -4.954823e-01 2.704937e-01 8.254275e-01
    outer loop
      vertex   -2.776396e-02 -3.371403e-02 7.445970e-02
      vertex   -2.873074e-02 -3.325201e-02 7.372797e-02
      vertex   -2.809377e-02 -3.440764e-02 7.448902e-02
    endloop
  endfacet
  facet normal -4.655267e-01 2.933182e-01 8.350145e-01
    outer loop
      vertex   -2.809377e-02 -3.440764e-02 7.448902e-02
      vertex   -2.873074e-02 -3.325201e-02 7.372797e-02
      vertex   -2.896636e-02 -3.381745e-02 7.379523e-02
    endloop
  endfacet
  facet normal -6.075120e-01 6.403549e-02 7.917251e-01
    outer loop
      vertex   -2.750000e-02 -3.149859e-02 7.433013e-02
      vertex   -2.853553e-02 -3.149859e-02 7.353553e-02
      vertex   -2.851640e-02 -3.207805e-02 7.359708e-02
    endloop
  endfacet
  facet normal -7.496402e-01 4.538327e-02 6.602877e-01
    outer loop
      vertex   -2.851640e-02 -3.207805e-02 7.359708e-02
      vertex   -2.853553e-02 -3.149859e-02 7.353553e-02
      vertex   -2.903569e-02 -3.200019e-02 7.300217e-02
    endloop
  endfacet
  facet normal -7.346557e-01 1.520864e-01 6.611737e-01
    outer loop
      vertex   -2.851640e-02 -3.207805e-02 7.359708e-02
      vertex   -2.903569e-02 -3.200019e-02 7.300217e-02
      vertex   -2.858043e-02 -3.266770e-02 7.366157e-02
    endloop
  endfacet
  facet normal -7.133794e-01 1.819734e-01 6.767389e-01
    outer loop
      vertex   -2.858043e-02 -3.266770e-02 7.366157e-02
      vertex   -2.903569e-02 -3.200019e-02 7.300217e-02
      vertex   -2.908164e-02 -3.251402e-02 7.309190e-02
    endloop
  endfacet
  facet normal -6.909365e-01 2.546193e-01 6.765913e-01
    outer loop
      vertex   -2.858043e-02 -3.266770e-02 7.366157e-02
      vertex   -2.908164e-02 -3.251402e-02 7.309190e-02
      vertex   -2.873074e-02 -3.325201e-02 7.372797e-02
    endloop
  endfacet
  facet normal -6.642914e-01 2.810924e-01 6.926067e-01
    outer loop
      vertex   -2.873074e-02 -3.325201e-02 7.372797e-02
      vertex   -2.908164e-02 -3.251402e-02 7.309190e-02
      vertex   -2.920204e-02 -3.302674e-02 7.318451e-02
    endloop
  endfacet
  facet normal -6.330102e-01 3.461484e-01 6.924445e-01
    outer loop
      vertex   -2.873074e-02 -3.325201e-02 7.372797e-02
      vertex   -2.920204e-02 -3.302674e-02 7.318451e-02
      vertex   -2.896636e-02 -3.381745e-02 7.379523e-02
    endloop
  endfacet
  facet normal -7.852801e-01 1.422977e-01 6.025666e-01
    outer loop
      vertex   -2.853553e-02 -3.149859e-02 7.353553e-02
      vertex   -2.933013e-02 -3.149859e-02 7.250000e-02
      vertex   -2.903569e-02 -3.200019e-02 7.300217e-02
    endloop
  endfacet
  facet normal -8.430547e-01 4.193142e-02 5.361908e-01
    outer loop
      vertex   -2.903569e-02 -3.200019e-02 7.300217e-02
      vertex   -2.933013e-02 -3.149859e-02 7.250000e-02
      vertex   -2.944035e-02 -3.193950e-02 7.236118e-02
    endloop
  endfacet
  facet normal -8.263620e-01 1.677733e-01 5.375667e-01
    outer loop
      vertex   -2.903569e-02 -3.200019e-02 7.300217e-02
      vertex   -2.944035e-02 -3.193950e-02 7.236118e-02
      vertex   -2.908164e-02 -3.251402e-02 7.309190e-02
    endloop
  endfacet
  facet normal -8.030609e-01 2.085703e-01 5.582040e-01
    outer loop
      vertex   -2.908164e-02 -3.251402e-02 7.309190e-02
      vertex   -2.944035e-02 -3.193950e-02 7.236118e-02
      vertex   -2.947785e-02 -3.239253e-02 7.247649e-02
    endloop
  endfacet
  facet normal -7.797294e-01 2.838988e-01 5.580533e-01
    outer loop
      vertex   -2.908164e-02 -3.251402e-02 7.309190e-02
      vertex   -2.947785e-02 -3.239253e-02 7.247649e-02
      vertex   -2.920204e-02 -3.302674e-02 7.318451e-02
    endloop
  endfacet
  facet normal -9.182933e-01 1.098022e-01 3.803695e-01
    outer loop
      vertex   -2.933013e-02 -3.149859e-02 7.250000e-02
      vertex   -2.982963e-02 -3.149859e-02 7.129410e-02
      vertex   -2.944035e-02 -3.193950e-02 7.236118e-02
    endloop
  endfacet
  facet normal -8.961926e-01 1.848578e-01 4.033193e-01
    outer loop
      vertex   -2.944035e-02 -3.193950e-02 7.236118e-02
      vertex   -2.982963e-02 -3.149859e-02 7.129410e-02
      vertex   -2.974400e-02 -3.189395e-02 7.166558e-02
    endloop
  endfacet
  facet normal -8.977074e-01 1.770183e-01 4.034673e-01
    outer loop
      vertex   -2.944035e-02 -3.193950e-02 7.236118e-02
      vertex   -2.974400e-02 -3.189395e-02 7.166558e-02
      vertex   -2.947785e-02 -3.239253e-02 7.247649e-02
    endloop
  endfacet
  facet normal -9.255016e-01 2.998268e-01 2.314100e-01
    outer loop
      vertex   -2.978246e-02 -3.229913e-02 7.180657e-02
      vertex   -3.014393e-02 -3.237480e-02 7.045896e-02
      vertex   -2.987703e-02 -3.270404e-02 7.195300e-02
    endloop
  endfacet
  facet normal -7.790743e-01 5.684302e-01 2.644432e-01
    outer loop
      vertex   -2.987703e-02 -3.270404e-02 7.195300e-02
      vertex   -3.014393e-02 -3.237480e-02 7.045896e-02
      vertex   -3.055464e-02 -3.317246e-02 7.096358e-02
    endloop
  endfacet
  facet normal -8.228008e-01 4.458784e-01 3.524077e-01
    outer loop
      vertex   -2.987703e-02 -3.270404e-02 7.195300e-02
      vertex   -3.055464e-02 -3.317246e-02 7.096358e-02
      vertex   -3.002732e-02 -3.309968e-02 7.210265e-02
    endloop
  endfacet
  facet normal -6.194593e-01 7.477675e-01 2.389852e-01
    outer loop
      vertex   -3.002732e-02 -3.309968e-02 7.210265e-02
      vertex   -3.055464e-02 -3.317246e-02 7.096358e-02
      vertex   -3.055561e-02 -3.317614e-02 7.097257e-02
    endloop
  endfacet
  facet normal -7.592767e-01 5.686363e-01 3.164674e-01
    outer loop
      vertex   -3.002732e-02 -3.309968e-02 7.210265e-02
      vertex   -3.055561e-02 -3.317614e-02 7.097257e-02
      vertex   -3.032495e-02 -3.361207e-02 7.230927e-02
    endloop
  endfacet
  facet normal -5.647050e-01 7.509378e-01 3.423459e-01
    outer loop
      vertex   -3.032495e-02 -3.361207e-02 7.230927e-02
      vertex   -3.055561e-02 -3.317614e-02 7.097257e-02
      vertex   -3.061040e-02 -3.375613e-02 7.215440e-02
    endloop
  endfacet
  facet normal -5.882962e-01 6.530914e-01 4.768430e-01
    outer loop
      vertex   -3.032495e-02 -3.361207e-02 7.230927e-02
      vertex   -3.061040e-02 -3.375613e-02 7.215440e-02
      vertex   -3.042888e-02 -3.374799e-02 7.236720e-02
    endloop
  endfacet
  facet normal -6.149652e-01 6.087092e-01 5.012893e-01
    outer loop
      vertex   -3.042888e-02 -3.374799e-02 7.236720e-02
      vertex   -3.061040e-02 -3.375613e-02 7.215440e-02
      vertex   -3.047301e-02 -3.450000e-02 7.322622e-02
    endloop
  endfacet
  facet normal -5.562687e-01 6.392137e-01 5.310094e-01
    outer loop
      vertex   -3.042888e-02 -3.374799e-02 7.236720e-02
      vertex   -3.047301e-02 -3.450000e-02 7.322622e-02
      vertex   -3.019908e-02 -3.401660e-02 7.293128e-02
    endloop
  endfacet
  facet normal -4.361661e-01 6.357398e-01 6.368626e-01
    outer loop
      vertex   -3.019908e-02 -3.401660e-02 7.293128e-02
      vertex   -3.047301e-02 -3.450000e-02 7.322622e-02
      vertex   -2.992252e-02 -3.433987e-02 7.344338e-02
    endloop
  endfacet
  facet normal -5.009508e-01 5.837116e-01 6.390063e-01
    outer loop
      vertex   -3.019908e-02 -3.401660e-02 7.293128e-02
      vertex   -2.992252e-02 -3.433987e-02 7.344338e-02
      vertex   -3.008128e-02 -3.386434e-02 7.288455e-02
    endloop
  endfacet
  facet normal -5.340994e-01 5.629368e-01 6.307456e-01
    outer loop
      vertex   -3.008128e-02 -3.386434e-02 7.288455e-02
      vertex   -2.992252e-02 -3.433987e-02 7.344338e-02
      vertex   -2.978598e-02 -3.417005e-02 7.340744e-02
    endloop
  endfacet
  facet normal -5.772449e-01 5.197058e-01 6.298367e-01
    outer loop
      vertex   -3.008128e-02 -3.386434e-02 7.288455e-02
      vertex   -2.978598e-02 -3.417005e-02 7.340744e-02
      vertex   -2.974637e-02 -3.328979e-02 7.271740e-02
    endloop
  endfacet
  facet normal -6.256723e-01 4.985104e-01 6.000180e-01
    outer loop
      vertex   -2.974637e-02 -3.328979e-02 7.271740e-02
      vertex   -2.978598e-02 -3.417005e-02 7.340744e-02
      vertex   -2.939671e-02 -3.352634e-02 7.327855e-02
    endloop
  endfacet
  facet normal -6.801865e-01 4.199089e-01 6.008518e-01
    outer loop
      vertex   -2.974637e-02 -3.328979e-02 7.271740e-02
      vertex   -2.939671e-02 -3.352634e-02 7.327855e-02
      vertex   -2.957986e-02 -3.284613e-02 7.259585e-02
    endloop
  endfacet
  facet normal -4.388299e-01 5.928731e-01 6.752258e-01
    outer loop
      vertex   -2.992252e-02 -3.433987e-02 7.344338e-02
      vertex   -3.047301e-02 -3.450000e-02 7.322622e-02
      vertex   -3.032628e-02 -3.474012e-02 7.353241e-02
    endloop
  endfacet
  facet normal -6.491559e-01 4.156594e-01 6.370431e-01
    outer loop
      vertex   -3.032628e-02 -3.474012e-02 7.353241e-02
      vertex   -3.047301e-02 -3.450000e-02 7.322622e-02
      vertex   -3.023409e-02 -3.550000e-02 7.412217e-02
    endloop
  endfacet
  facet normal -3.833796e-01 5.367959e-01 7.515785e-01
    outer loop
      vertex   -3.032628e-02 -3.474012e-02 7.353241e-02
      vertex   -3.023409e-02 -3.550000e-02 7.412217e-02
      vertex   -3.006205e-02 -3.517246e-02 7.397599e-02
    endloop
  endfacet
  facet normal -1.748513e-01 4.763998e-01 8.616671e-01
    outer loop
      vertex   -3.006205e-02 -3.517246e-02 7.397599e-02
      vertex   -3.023409e-02 -3.550000e-02 7.412217e-02
      vertex   -3.007315e-02 -3.603034e-02 7.444804e-02
    endloop
  endfacet
  facet normal -1.986458e-01 4.744551e-01 8.575735e-01
    outer loop
      vertex   -3.006205e-02 -3.517246e-02 7.397599e-02
      vertex   -3.007315e-02 -3.603034e-02 7.444804e-02
      vertex   -2.954180e-02 -3.602354e-02 7.456736e-02
    endloop
  endfacet
  facet normal -3.729978e-01 5.435328e-01 7.519606e-01
    outer loop
      vertex   -2.992252e-02 -3.433987e-02 7.344338e-02
      vertex   -3.032628e-02 -3.474012e-02 7.353241e-02
      vertex   -3.006205e-02 -3.517246e-02 7.397599e-02
    endloop
  endfacet
  facet normal -2.832218e-01 4.244519e-01 8.600151e-01
    outer loop
      vertex   -3.006205e-02 -3.517246e-02 7.397599e-02
      vertex   -2.954180e-02 -3.602354e-02 7.456736e-02
      vertex   -2.958957e-02 -3.472905e-02 7.391274e-02
    endloop
  endfacet
  facet normal -3.169644e-01 4.186638e-01 8.510313e-01
    outer loop
      vertex   -2.958957e-02 -3.472905e-02 7.391274e-02
      vertex   -2.954180e-02 -3.602354e-02 7.456736e-02
      vertex   -2.892751e-02 -3.550292e-02 7.454003e-02
    endloop
  endfacet
  facet normal -3.373020e-01 4.015951e-01 8.514392e-01
    outer loop
      vertex   -2.958957e-02 -3.472905e-02 7.391274e-02
      vertex   -2.892751e-02 -3.550292e-02 7.454003e-02
      vertex   -2.942882e-02 -3.453979e-02 7.388716e-02
    endloop
  endfacet
  facet normal -4.680736e-01 4.964026e-01 7.310893e-01
    outer loop
      vertex   -2.942882e-02 -3.453979e-02 7.388716e-02
      vertex   -2.978598e-02 -3.417005e-02 7.340744e-02
      vertex   -2.958957e-02 -3.472905e-02 7.391274e-02
    endloop
  endfacet
  facet normal -4.417380e-01 5.112170e-01 7.372413e-01
    outer loop
      vertex   -2.958957e-02 -3.472905e-02 7.391274e-02
      vertex   -2.978598e-02 -3.417005e-02 7.340744e-02
      vertex   -2.992252e-02 -3.433987e-02 7.344338e-02
    endloop
  endfacet
  facet normal -4.077561e-01 5.395497e-01 7.366282e-01
    outer loop
      vertex   -2.958957e-02 -3.472905e-02 7.391274e-02
      vertex   -2.992252e-02 -3.433987e-02 7.344338e-02
      vertex   -3.006205e-02 -3.517246e-02 7.397599e-02
    endloop
  endfacet
  facet normal -5.100546e-01 4.546494e-01 7.301632e-01
    outer loop
      vertex   -2.978598e-02 -3.417005e-02 7.340744e-02
      vertex   -2.942882e-02 -3.453979e-02 7.388716e-02
      vertex   -2.939671e-02 -3.352634e-02 7.327855e-02
    endloop
  endfacet
  facet normal -5.485776e-01 6.458171e-01 5.310206e-01
    outer loop
      vertex   -3.042888e-02 -3.374799e-02 7.236720e-02
      vertex   -3.019908e-02 -3.401660e-02 7.293128e-02
      vertex   -3.032495e-02 -3.361207e-02 7.230927e-02
    endloop
  endfacet
  facet normal -5.905394e-01 6.166712e-01 5.205573e-01
    outer loop
      vertex   -3.032495e-02 -3.361207e-02 7.230927e-02
      vertex   -3.019908e-02 -3.401660e-02 7.293128e-02
      vertex   -3.008128e-02 -3.386434e-02 7.288455e-02
    endloop
  endfacet
  facet normal -6.308531e-01 5.760360e-01 5.198142e-01
    outer loop
      vertex   -3.032495e-02 -3.361207e-02 7.230927e-02
      vertex   -3.008128e-02 -3.386434e-02 7.288455e-02
      vertex   -3.002732e-02 -3.309968e-02 7.210265e-02
    endloop
  endfacet
  facet normal -6.885602e-01 5.416398e-01 4.821941e-01
    outer loop
      vertex   -3.002732e-02 -3.309968e-02 7.210265e-02
      vertex   -3.008128e-02 -3.386434e-02 7.288455e-02
      vertex   -2.974637e-02 -3.328979e-02 7.271740e-02
    endloop
  endfacet
  facet normal -7.422345e-01 4.646345e-01 4.829107e-01
    outer loop
      vertex   -3.002732e-02 -3.309968e-02 7.210265e-02
      vertex   -2.974637e-02 -3.328979e-02 7.271740e-02
      vertex   -2.987703e-02 -3.270404e-02 7.195300e-02
    endloop
  endfacet
  facet normal -7.851058e-01 4.195059e-01 4.556574e-01
    outer loop
      vertex   -2.987703e-02 -3.270404e-02 7.195300e-02
      vertex   -2.974637e-02 -3.328979e-02 7.271740e-02
      vertex   -2.957986e-02 -3.284613e-02 7.259585e-02
    endloop
  endfacet
  facet normal -8.160468e-01 3.554141e-01 4.557943e-01
    outer loop
      vertex   -2.987703e-02 -3.270404e-02 7.195300e-02
      vertex   -2.957986e-02 -3.284613e-02 7.259585e-02
      vertex   -2.978246e-02 -3.229913e-02 7.180657e-02
    endloop
  endfacet
  facet normal -9.582136e-01 1.354101e-01 2.519740e-01
    outer loop
      vertex   -3.007408e-02 3.602807e-02 7.444688e-02
      vertex   -3.363284e-02 3.626537e-02 6.078601e-02
      vertex   -3.023409e-02 3.550000e-02 7.412217e-02
    endloop
  endfacet
  facet normal -9.476690e-01 1.950903e-01 2.527117e-01
    outer loop
      vertex   -3.023409e-02 3.550000e-02 7.412217e-02
      vertex   -3.363284e-02 3.626537e-02 6.078601e-02
      vertex   -3.735452e-02 3.626537e-02 4.682970e-02
    endloop
  endfacet
  facet normal -9.476690e-01 1.950903e-01 2.527117e-01
    outer loop
      vertex   -3.023409e-02 3.550000e-02 7.412217e-02
      vertex   -3.735452e-02 3.626537e-02 4.682970e-02
      vertex   -4.107620e-02 3.626537e-02 3.287339e-02
    endloop
  endfacet
  facet normal -8.033950e-01 5.555702e-01 2.142387e-01
    outer loop
      vertex   -4.107620e-02 3.626537e-02 3.287339e-02
      vertex   -3.735452e-02 3.626537e-02 4.682970e-02
      vertex   -4.065729e-02 3.691421e-02 3.276168e-02
    endloop
  endfacet
  facet normal -8.033950e-01 5.555702e-01 2.142387e-01
    outer loop
      vertex   -4.107620e-02 3.626537e-02 3.287339e-02
      vertex   -4.065729e-02 3.691421e-02 3.276168e-02
      vertex   -4.437898e-02 3.691421e-02 1.880537e-02
    endloop
  endfacet
  facet normal -5.368114e-01 8.314696e-01 1.431497e-01
    outer loop
      vertex   -4.437898e-02 3.691421e-02 1.880537e-02
      vertex   -4.065729e-02 3.691421e-02 3.276168e-02
      vertex   -4.375204e-02 3.734776e-02 1.863819e-02
    endloop
  endfacet
  facet normal -5.368114e-01 8.314696e-01 1.431497e-01
    outer loop
      vertex   -4.437898e-02 3.691421e-02 1.880537e-02
      vertex   -4.375204e-02 3.734776e-02 1.863819e-02
      vertex   -4.738889e-02 3.734776e-02 5.000000e-03
    endloop
  endfacet
  facet normal -1.885031e-01 9.807853e-01 5.026749e-02
    outer loop
      vertex   -4.738889e-02 3.734776e-02 5.000000e-03
      vertex   -4.375204e-02 3.734776e-02 1.863819e-02
      vertex   -4.659678e-02 3.750000e-02 5.000000e-03
    endloop
  endfacet
  facet normal -1.885031e-01 9.807853e-01 5.026749e-02
    outer loop
      vertex   -4.659678e-02 3.750000e-02 5.000000e-03
      vertex   -4.375204e-02 3.734776e-02 1.863819e-02
      vertex   -4.003036e-02 3.734776e-02 3.259450e-02
    endloop
  endfacet
  facet normal -1.885031e-01 9.807853e-01 5.026749e-02
    outer loop
      vertex   -4.659678e-02 3.750000e-02 5.000000e-03
      vertex   -4.003036e-02 3.734776e-02 3.259450e-02
      vertex   -3.630867e-02 3.734776e-02 4.655081e-02
    endloop
  endfacet
  facet normal -5.368114e-01 8.314696e-01 1.431497e-01
    outer loop
      vertex   -3.630867e-02 3.734776e-02 4.655081e-02
      vertex   -4.003036e-02 3.734776e-02 3.259450e-02
      vertex   -3.693561e-02 3.691421e-02 4.671799e-02
    endloop
  endfacet
  facet normal -5.368114e-01 8.314696e-01 1.431497e-01
    outer loop
      vertex   -3.630867e-02 3.734776e-02 4.655081e-02
      vertex   -3.693561e-02 3.691421e-02 4.671799e-02
      vertex   -3.321393e-02 3.691421e-02 6.067430e-02
    endloop
  endfacet
  facet normal -8.033950e-01 5.555702e-01 2.142387e-01
    outer loop
      vertex   -3.321393e-02 3.691421e-02 6.067430e-02
      vertex   -3.693561e-02 3.691421e-02 4.671799e-02
      vertex   -3.363284e-02 3.626537e-02 6.078601e-02
    endloop
  endfacet
  facet normal -8.040498e-01 5.555684e-01 2.117726e-01
    outer loop
      vertex   -3.321393e-02 3.691421e-02 6.067430e-02
      vertex   -3.363284e-02 3.626537e-02 6.078601e-02
      vertex   -2.977391e-02 3.654429e-02 7.470571e-02
    endloop
  endfacet
  facet normal -8.867455e-01 3.963476e-01 2.378886e-01
    outer loop
      vertex   -2.977391e-02 3.654429e-02 7.470571e-02
      vertex   -3.363284e-02 3.626537e-02 6.078601e-02
      vertex   -3.007408e-02 3.602807e-02 7.444688e-02
    endloop
  endfacet
  facet normal -7.529359e-01 6.266105e-01 2.011141e-01
    outer loop
      vertex   -2.977391e-02 3.654429e-02 7.470571e-02
      vertex   -2.952876e-02 3.694128e-02 7.438662e-02
      vertex   -3.321393e-02 3.691421e-02 6.067430e-02
    endloop
  endfacet
  facet normal -5.760609e-01 8.029159e-01 1.532312e-01
    outer loop
      vertex   -3.321393e-02 3.691421e-02 6.067430e-02
      vertex   -2.952876e-02 3.694128e-02 7.438662e-02
      vertex   -2.921452e-02 3.724479e-02 7.397761e-02
    endloop
  endfacet
  facet normal -5.374093e-01 8.314674e-01 1.409018e-01
    outer loop
      vertex   -3.321393e-02 3.691421e-02 6.067430e-02
      vertex   -2.921452e-02 3.724479e-02 7.397761e-02
      vertex   -3.258699e-02 3.734776e-02 6.050711e-02
    endloop
  endfacet
  facet normal -3.600621e-01 9.278470e-01 9.723784e-02
    outer loop
      vertex   -3.258699e-02 3.734776e-02 6.050711e-02
      vertex   -2.921452e-02 3.724479e-02 7.397761e-02
      vertex   -2.885157e-02 3.743515e-02 7.350518e-02
    endloop
  endfacet
  facet normal -3.076378e-01 9.479604e-01 8.203674e-02
    outer loop
      vertex   -3.258699e-02 3.734776e-02 6.050711e-02
      vertex   -2.885157e-02 3.743515e-02 7.350518e-02
      vertex   -3.630867e-02 3.734776e-02 4.655081e-02
    endloop
  endfacet
  facet normal -2.308275e-01 9.710987e-01 6.071164e-02
    outer loop
      vertex   -3.630867e-02 3.734776e-02 4.655081e-02
      vertex   -2.885157e-02 3.743515e-02 7.350518e-02
      vertex   -4.659678e-02 3.750000e-02 5.000000e-03
    endloop
  endfacet
  facet normal -1.230331e-01 9.918601e-01 3.280884e-02
    outer loop
      vertex   -2.885157e-02 3.743515e-02 7.350518e-02
      vertex   -2.846344e-02 3.750000e-02 7.300000e-02
      vertex   -4.659678e-02 3.750000e-02 5.000000e-03
    endloop
  endfacet
  facet normal -5.368114e-01 8.314696e-01 1.431497e-01
    outer loop
      vertex   -4.738889e-02 3.734776e-02 5.000000e-03
      vertex   -4.806041e-02 3.691421e-02 5.000000e-03
      vertex   -4.437898e-02 3.691421e-02 1.880537e-02
    endloop
  endfacet
  facet normal -8.033950e-01 5.555702e-01 2.142387e-01
    outer loop
      vertex   -4.437898e-02 3.691421e-02 1.880537e-02
      vertex   -4.806041e-02 3.691421e-02 5.000000e-03
      vertex   -4.479788e-02 3.626537e-02 1.891708e-02
    endloop
  endfacet
  facet normal -8.033950e-01 5.555702e-01 2.142387e-01
    outer loop
      vertex   -4.437898e-02 3.691421e-02 1.880537e-02
      vertex   -4.479788e-02 3.626537e-02 1.891708e-02
      vertex   -4.107620e-02 3.626537e-02 3.287339e-02
    endloop
  endfacet
  facet normal -9.476690e-01 1.950903e-01 2.527117e-01
    outer loop
      vertex   -4.107620e-02 3.626537e-02 3.287339e-02
      vertex   -4.479788e-02 3.626537e-02 1.891708e-02
      vertex   -4.866667e-02 3.550000e-02 5.000000e-03
    endloop
  endfacet
  facet normal -9.476690e-01 1.950903e-01 2.527117e-01
    outer loop
      vertex   -4.107620e-02 3.626537e-02 3.287339e-02
      vertex   -4.866667e-02 3.550000e-02 5.000000e-03
      vertex   -3.023409e-02 3.550000e-02 7.412217e-02
    endloop
  endfacet
  facet normal -8.033950e-01 5.555702e-01 2.142387e-01
    outer loop
      vertex   -4.806041e-02 3.691421e-02 5.000000e-03
      vertex   -4.850911e-02 3.626537e-02 5.000000e-03
      vertex   -4.479788e-02 3.626537e-02 1.891708e-02
    endloop
  endfacet
  facet normal -9.476690e-01 1.950903e-01 2.527117e-01
    outer loop
      vertex   -4.479788e-02 3.626537e-02 1.891708e-02
      vertex   -4.850911e-02 3.626537e-02 5.000000e-03
      vertex   -4.866667e-02 3.550000e-02 5.000000e-03
    endloop
  endfacet
  facet normal -8.033950e-01 5.555702e-01 2.142387e-01
    outer loop
      vertex   -4.065729e-02 3.691421e-02 3.276168e-02
      vertex   -3.735452e-02 3.626537e-02 4.682970e-02
      vertex   -3.693561e-02 3.691421e-02 4.671799e-02
    endloop
  endfacet
  facet normal -8.033950e-01 5.555702e-01 2.142387e-01
    outer loop
      vertex   -3.693561e-02 3.691421e-02 4.671799e-02
      vertex   -3.735452e-02 3.626537e-02 4.682970e-02
      vertex   -3.363284e-02 3.626537e-02 6.078601e-02
    endloop
  endfacet
  facet normal -5.368114e-01 8.314696e-01 1.431497e-01
    outer loop
      vertex   -3.258699e-02 3.734776e-02 6.050711e-02
      vertex   -3.630867e-02 3.734776e-02 4.655081e-02
      vertex   -3.321393e-02 3.691421e-02 6.067430e-02
    endloop
  endfacet
  facet normal -5.368114e-01 8.314696e-01 1.431497e-01
    outer loop
      vertex   -4.375204e-02 3.734776e-02 1.863819e-02
      vertex   -4.065729e-02 3.691421e-02 3.276168e-02
      vertex   -4.003036e-02 3.734776e-02 3.259450e-02
    endloop
  endfacet
  facet normal -5.368114e-01 8.314696e-01 1.431497e-01
    outer loop
      vertex   -4.003036e-02 3.734776e-02 3.259450e-02
      vertex   -4.065729e-02 3.691421e-02 3.276168e-02
      vertex   -3.693561e-02 3.691421e-02 4.671799e-02
    endloop
  endfacet
  facet normal -1.610329e-03 4.142188e-01 9.101759e-01
    outer loop
      vertex   -2.797981e-02 3.612550e-02 7.489948e-02
      vertex   -2.123463e-02 3.626537e-02 7.484776e-02
      vertex   -2.977391e-02 3.654429e-02 7.470571e-02
    endloop
  endfacet
  facet normal 4.189058e-03 5.526659e-01 8.333924e-01
    outer loop
      vertex   -2.977391e-02 3.654429e-02 7.470571e-02
      vertex   -2.123463e-02 3.626537e-02 7.484776e-02
      vertex   -2.058579e-02 3.691421e-02 7.441421e-02
    endloop
  endfacet
  facet normal -5.077665e-04 6.266808e-01 7.792759e-01
    outer loop
      vertex   -2.977391e-02 3.654429e-02 7.470571e-02
      vertex   -2.058579e-02 3.691421e-02 7.441421e-02
      vertex   -2.952876e-02 3.694128e-02 7.438662e-02
    endloop
  endfacet
  facet normal 5.900790e-04 8.028356e-01 5.962001e-01
    outer loop
      vertex   -2.952876e-02 3.694128e-02 7.438662e-02
      vertex   -2.058579e-02 3.691421e-02 7.441421e-02
      vertex   -2.921452e-02 3.724479e-02 7.397761e-02
    endloop
  endfacet
  facet normal 3.615625e-03 8.303465e-01 5.572357e-01
    outer loop
      vertex   -2.921452e-02 3.724479e-02 7.397761e-02
      vertex   -2.058579e-02 3.691421e-02 7.441421e-02
      vertex   -2.015224e-02 3.734776e-02 7.376537e-02
    endloop
  endfacet
  facet normal -1.819812e-03 9.280161e-01 3.725358e-01
    outer loop
      vertex   -2.921452e-02 3.724479e-02 7.397761e-02
      vertex   -2.015224e-02 3.734776e-02 7.376537e-02
      vertex   -2.885157e-02 3.743515e-02 7.350518e-02
    endloop
  endfacet
  facet normal 9.222914e-04 9.568622e-01 2.905407e-01
    outer loop
      vertex   -2.885157e-02 3.743515e-02 7.350518e-02
      vertex   -2.015224e-02 3.734776e-02 7.376537e-02
      vertex   -2.003843e-02 3.746157e-02 7.339018e-02
    endloop
  endfacet
  facet normal -1.325826e-03 9.919874e-01 1.263303e-01
    outer loop
      vertex   -2.885157e-02 3.743515e-02 7.350518e-02
      vertex   -2.003843e-02 3.746157e-02 7.339018e-02
      vertex   -2.846344e-02 3.750000e-02 7.300000e-02
    endloop
  endfacet
  facet normal -0.000000e+00 9.951847e-01 9.801714e-02
    outer loop
      vertex   -2.846344e-02 3.750000e-02 7.300000e-02
      vertex   -2.003843e-02 3.746157e-02 7.339018e-02
      vertex   -2.000000e-02 3.750000e-02 7.300000e-02
    endloop
  endfacet
  facet normal 3.550804e-03 1.916722e-01 9.814526e-01
    outer loop
      vertex   -2.123463e-02 3.626537e-02 7.484776e-02
      vertex   -2.797981e-02 3.612550e-02 7.489948e-02
      vertex   -2.200000e-02 3.550000e-02 7.500000e-02
    endloop
  endfacet
  facet normal 1.811286e-04 1.603590e-01 9.870587e-01
    outer loop
      vertex   -2.200000e-02 3.550000e-02 7.500000e-02
      vertex   -2.797981e-02 3.612550e-02 7.489948e-02
      vertex   -2.618839e-02 3.550477e-02 7.499999e-02
    endloop
  endfacet
  facet normal -1.484699e-12 1.191455e-03 9.999993e-01
    outer loop
      vertex   -2.200000e-02 3.550000e-02 7.500000e-02
      vertex   -2.618839e-02 3.550477e-02 7.499999e-02
      vertex   -2.617636e-02 3.550000e-02 7.500000e-02
    endloop
  endfacet
  facet normal -0.000000e+00 0.000000e+00 1.000000e+00
    outer loop
      vertex   -2.617636e-02 3.550000e-02 7.500000e-02
      vertex   -2.567037e-02 3.457403e-02 7.500000e-02
      vertex   -2.200000e-02 3.550000e-02 7.500000e-02
    endloop
  endfacet
  facet normal -3.236143e-15 1.282744e-14 1.000000e+00
    outer loop
      vertex   -2.200000e-02 3.550000e-02 7.500000e-02
      vertex   -2.567037e-02 3.457403e-02 7.500000e-02
      vertex   -2.530101e-02 3.358533e-02 7.500000e-02
    endloop
  endfacet
  facet normal -3.178601e-15 1.272823e-14 1.000000e+00
    outer loop
      vertex   -2.200000e-02 3.550000e-02 7.500000e-02
      vertex   -2.530101e-02 3.358533e-02 7.500000e-02
      vertex   -2.507597e-02 3.255121e-02 7.500000e-02
    endloop
  endfacet
  facet normal 3.208154e-14 -2.405270e-14 1.000000e+00
    outer loop
      vertex   -2.507597e-02 3.255121e-02 7.500000e-02
      vertex   -2.500000e-02 3.149859e-02 7.500000e-02
      vertex   -2.200000e-02 3.550000e-02 7.500000e-02
    endloop
  endfacet
  facet normal 0.000000e+00 0.000000e+00 1.000000e+00
    outer loop
      vertex   -2.200000e-02 3.550000e-02 7.500000e-02
      vertex   -2.500000e-02 3.149859e-02 7.500000e-02
      vertex   -2.200000e-02 -3.550000e-02 7.500000e-02
    endloop
  endfacet
  facet normal 0.000000e+00 0.000000e+00 1.000000e+00
    outer loop
      vertex   -2.200000e-02 -3.550000e-02 7.500000e-02
      vertex   -2.500000e-02 3.149859e-02 7.500000e-02
      vertex   -2.500000e-02 -3.149859e-02 7.500000e-02
    endloop
  endfacet
  facet normal 0.000000e+00 0.000000e+00 1.000000e+00
    outer loop
      vertex   -2.200000e-02 -3.550000e-02 7.500000e-02
      vertex   -2.500000e-02 -3.149859e-02 7.500000e-02
      vertex   -2.507597e-02 -3.255121e-02 7.500000e-02
    endloop
  endfacet
  facet normal 2.128887e-14 2.220707e-14 1.000000e+00
    outer loop
      vertex   -2.507597e-02 -3.255121e-02 7.500000e-02
      vertex   -2.530101e-02 -3.358533e-02 7.500000e-02
      vertex   -2.200000e-02 -3.550000e-02 7.500000e-02
    endloop
  endfacet
  facet normal -6.472287e-15 -2.565487e-14 1.000000e+00
    outer loop
      vertex   -2.200000e-02 -3.550000e-02 7.500000e-02
      vertex   -2.530101e-02 -3.358533e-02 7.500000e-02
      vertex   -2.567037e-02 -3.457403e-02 7.500000e-02
    endloop
  endfacet
  facet normal 0.000000e+00 0.000000e+00 1.000000e+00
    outer loop
      vertex   -2.200000e-02 -3.550000e-02 7.500000e-02
      vertex   -2.567037e-02 -3.457403e-02 7.500000e-02
      vertex   -2.617636e-02 -3.550000e-02 7.500000e-02
    endloop
  endfacet
  facet normal -9.662349e-01 -5.581061e-15 2.576627e-01
    outer loop
      vertex   -3.047301e-02 3.450000e-02 7.322622e-02
      vertex   -3.023409e-02 3.550000e-02 7.412217e-02
      vertex   -4.666258e-02 3.450000e-02 1.251533e-02
    endloop
  endfacet
  facet normal -9.662349e-01 -2.273353e-15 2.576627e-01
    outer loop
      vertex   -4.666258e-02 3.450000e-02 1.251533e-02
      vertex   -3.023409e-02 3.550000e-02 7.412217e-02
      vertex   -4.866667e-02 3.550000e-02 5.000000e-03
    endloop
  endfacet
  facet normal -9.662349e-01 6.499403e-15 2.576627e-01
    outer loop
      vertex   -4.666258e-02 3.450000e-02 1.251533e-02
      vertex   -4.866667e-02 3.550000e-02 5.000000e-03
      vertex   -4.699220e-02 3.430423e-02 1.127926e-02
    endloop
  endfacet
  facet normal -9.662349e-01 -4.174838e-16 2.576627e-01
    outer loop
      vertex   -4.699220e-02 3.430423e-02 1.127926e-02
      vertex   -4.866667e-02 3.550000e-02 5.000000e-03
      vertex   -4.728955e-02 3.373607e-02 1.016418e-02
    endloop
  endfacet
  facet normal -9.662349e-01 -2.202644e-15 2.576627e-01
    outer loop
      vertex   -4.728955e-02 3.373607e-02 1.016418e-02
      vertex   -4.866667e-02 3.550000e-02 5.000000e-03
      vertex   -4.752553e-02 3.285114e-02 9.279257e-03
    endloop
  endfacet
  facet normal -9.662349e-01 -8.312563e-16 2.576627e-01
    outer loop
      vertex   -4.752553e-02 3.285114e-02 9.279257e-03
      vertex   -4.866667e-02 3.550000e-02 5.000000e-03
      vertex   -4.767704e-02 3.173607e-02 8.711099e-03
    endloop
  endfacet
  facet normal -9.662349e-01 1.124105e-15 2.576627e-01
    outer loop
      vertex   -4.767704e-02 3.173607e-02 8.711099e-03
      vertex   -4.866667e-02 3.550000e-02 5.000000e-03
      vertex   -4.772925e-02 3.050000e-02 8.515325e-03
    endloop
  endfacet
  facet normal -9.662349e-01 0.000000e+00 2.576627e-01
    outer loop
      vertex   -4.772925e-02 3.050000e-02 8.515325e-03
      vertex   -4.866667e-02 3.550000e-02 5.000000e-03
      vertex   -4.866667e-02 4.440892e-18 5.000000e-03
    endloop
  endfacet
  facet normal -9.662349e-01 0.000000e+00 2.576627e-01
    outer loop
      vertex   -4.772925e-02 3.050000e-02 8.515325e-03
      vertex   -4.866667e-02 4.440892e-18 5.000000e-03
      vertex   -4.772925e-02 -3.050000e-02 8.515325e-03
    endloop
  endfacet
  facet normal -9.662349e-01 -6.380613e-17 2.576627e-01
    outer loop
      vertex   -4.772925e-02 -3.050000e-02 8.515325e-03
      vertex   -4.866667e-02 4.440892e-18 5.000000e-03
      vertex   -5.000000e-02 -1.500000e-02 0.000000e+00
    endloop
  endfacet
  facet normal -9.662349e-01 0.000000e+00 2.576627e-01
    outer loop
      vertex   -4.772925e-02 -3.050000e-02 8.515325e-03
      vertex   -5.000000e-02 -1.500000e-02 0.000000e+00
      vertex   -5.000000e-02 -2.250000e-02 0.000000e+00
    endloop
  endfacet
  facet normal -9.662349e-01 0.000000e+00 2.576627e-01
    outer loop
      vertex   -4.866667e-02 4.440892e-18 5.000000e-03
      vertex   -5.000000e-02 4.440892e-18 0.000000e+00
      vertex   -5.000000e-02 -1.500000e-02 0.000000e+00
    endloop
  endfacet
  facet normal -9.662349e-01 0.000000e+00 2.576627e-01
    outer loop
      vertex   -5.000000e-02 -2.250000e-02 0.000000e+00
      vertex   -5.000000e-02 -3.550000e-02 0.000000e+00
      vertex   -4.772925e-02 -3.050000e-02 8.515325e-03
    endloop
  endfacet
  facet normal -9.662349e-01 -1.316107e-15 2.576627e-01
    outer loop
      vertex   -4.772925e-02 -3.050000e-02 8.515325e-03
      vertex   -5.000000e-02 -3.550000e-02 0.000000e+00
      vertex   -4.767704e-02 -3.173607e-02 8.711099e-03
    endloop
  endfacet
  facet normal -9.662349e-01 7.595972e-16 2.576627e-01
    outer loop
      vertex   -4.767704e-02 -3.173607e-02 8.711099e-03
      vertex   -5.000000e-02 -3.550000e-02 0.000000e+00
      vertex   -4.752553e-02 -3.285114e-02 9.279257e-03
    endloop
  endfacet
  facet normal -9.662349e-01 2.442386e-15 2.576627e-01
    outer loop
      vertex   -4.752553e-02 -3.285114e-02 9.279257e-03
      vertex   -5.000000e-02 -3.550000e-02 0.000000e+00
      vertex   -4.728955e-02 -3.373607e-02 1.016418e-02
    endloop
  endfacet
  facet normal -9.662349e-01 3.700074e-16 2.576627e-01
    outer loop
      vertex   -4.728955e-02 -3.373607e-02 1.016418e-02
      vertex   -5.000000e-02 -3.550000e-02 0.000000e+00
      vertex   -4.699220e-02 -3.430423e-02 1.127926e-02
    endloop
  endfacet
  facet normal -9.662349e-01 -6.105649e-15 2.576627e-01
    outer loop
      vertex   -4.699220e-02 -3.430423e-02 1.127926e-02
      vertex   -5.000000e-02 -3.550000e-02 0.000000e+00
      vertex   -4.666258e-02 -3.450000e-02 1.251533e-02
    endloop
  endfacet
  facet normal -9.662349e-01 -3.533336e-16 2.576627e-01
    outer loop
      vertex   -4.666258e-02 -3.450000e-02 1.251533e-02
      vertex   -5.000000e-02 -3.550000e-02 0.000000e+00
      vertex   -3.023409e-02 -3.550000e-02 7.412217e-02
    endloop
  endfacet
  facet normal -9.662349e-01 -6.902181e-15 2.576627e-01
    outer loop
      vertex   -4.666258e-02 -3.450000e-02 1.251533e-02
      vertex   -3.023409e-02 -3.550000e-02 7.412217e-02
      vertex   -3.047301e-02 -3.450000e-02 7.322622e-02
    endloop
  endfacet
  facet normal -1.484701e-12 -1.191455e-03 9.999993e-01
    outer loop
      vertex   -2.617636e-02 -3.550000e-02 7.500000e-02
      vertex   -2.618839e-02 -3.550477e-02 7.499999e-02
      vertex   -2.200000e-02 -3.550000e-02 7.500000e-02
    endloop
  endfacet
  facet normal 1.811286e-04 -1.603590e-01 9.870587e-01
    outer loop
      vertex   -2.200000e-02 -3.550000e-02 7.500000e-02
      vertex   -2.618839e-02 -3.550477e-02 7.499999e-02
      vertex   -2.797981e-02 -3.612550e-02 7.489948e-02
    endloop
  endfacet
  facet normal 3.550804e-03 -1.916722e-01 9.814526e-01
    outer loop
      vertex   -2.200000e-02 -3.550000e-02 7.500000e-02
      vertex   -2.797981e-02 -3.612550e-02 7.489948e-02
      vertex   -2.123463e-02 -3.626537e-02 7.484776e-02
    endloop
  endfacet
  facet normal -1.610329e-03 -4.142188e-01 9.101759e-01
    outer loop
      vertex   -2.123463e-02 -3.626537e-02 7.484776e-02
      vertex   -2.797981e-02 -3.612550e-02 7.489948e-02
      vertex   -2.977391e-02 -3.654429e-02 7.470571e-02
    endloop
  endfacet
  facet normal 4.189058e-03 -5.526659e-01 8.333924e-01
    outer loop
      vertex   -2.123463e-02 -3.626537e-02 7.484776e-02
      vertex   -2.977391e-02 -3.654429e-02 7.470571e-02
      vertex   -2.058579e-02 -3.691421e-02 7.441421e-02
    endloop
  endfacet
  facet normal -5.077665e-04 -6.266808e-01 7.792759e-01
    outer loop
      vertex   -2.058579e-02 -3.691421e-02 7.441421e-02
      vertex   -2.977391e-02 -3.654429e-02 7.470571e-02
      vertex   -2.952876e-02 -3.694128e-02 7.438662e-02
    endloop
  endfacet
  facet normal 5.900790e-04 -8.028356e-01 5.962001e-01
    outer loop
      vertex   -2.058579e-02 -3.691421e-02 7.441421e-02
      vertex   -2.952876e-02 -3.694128e-02 7.438662e-02
      vertex   -2.921452e-02 -3.724479e-02 7.397761e-02
    endloop
  endfacet
  facet normal 3.615625e-03 -8.303465e-01 5.572357e-01
    outer loop
      vertex   -2.058579e-02 -3.691421e-02 7.441421e-02
      vertex   -2.921452e-02 -3.724479e-02 7.397761e-02
      vertex   -2.015224e-02 -3.734776e-02 7.376537e-02
    endloop
  endfacet
  facet normal -1.819812e-03 -9.280161e-01 3.725358e-01
    outer loop
      vertex   -2.015224e-02 -3.734776e-02 7.376537e-02
      vertex   -2.921452e-02 -3.724479e-02 7.397761e-02
      vertex   -2.885157e-02 -3.743515e-02 7.350518e-02
    endloop
  endfacet
  facet normal 9.222914e-04 -9.568622e-01 2.905407e-01
    outer loop
      vertex   -2.015224e-02 -3.734776e-02 7.376537e-02
      vertex   -2.885157e-02 -3.743515e-02 7.350518e-02
      vertex   -2.003843e-02 -3.746157e-02 7.339018e-02
    endloop
  endfacet
  facet normal -1.325826e-03 -9.919874e-01 1.263303e-01
    outer loop
      vertex   -2.003843e-02 -3.746157e-02 7.339018e-02
      vertex   -2.885157e-02 -3.743515e-02 7.350518e-02
      vertex   -2.846344e-02 -3.750000e-02 7.300000e-02
    endloop
  endfacet
  facet normal -1.605377e-16 -9.951847e-01 9.801714e-02
    outer loop
      vertex   -2.003843e-02 -3.746157e-02 7.339018e-02
      vertex   -2.846344e-02 -3.750000e-02 7.300000e-02
      vertex   -2.000000e-02 -3.750000e-02 7.300000e-02
    endloop
  endfacet
  facet normal 8.730744e-01 3.394867e-01 3.499857e-01
    outer loop
      vertex   -1.989868e-02 7.142985e-04 5.000000e-03
      vertex   -1.984776e-02 2.872310e-04 5.287231e-03
      vertex   -1.962093e-02 4.271118e-14 5.000000e-03
    endloop
  endfacet
  facet normal 8.713054e-01 2.987443e-01 3.893311e-01
    outer loop
      vertex   -1.962093e-02 4.271118e-14 5.000000e-03
      vertex   -1.984776e-02 2.872310e-04 5.287231e-03
      vertex   -1.984776e-02 -3.826834e-04 5.801274e-03
    endloop
  endfacet
  facet normal 8.251714e-01 3.820724e-01 4.160683e-01
    outer loop
      vertex   -1.962093e-02 4.271118e-14 5.000000e-03
      vertex   -1.984776e-02 -3.826834e-04 5.801274e-03
      vertex   -1.941421e-02 -7.071068e-04 5.239357e-03
    endloop
  endfacet
  facet normal 8.292544e-01 2.138708e-01 5.163298e-01
    outer loop
      vertex   -1.941421e-02 -7.071068e-04 5.239357e-03
      vertex   -1.984776e-02 -3.826834e-04 5.801274e-03
      vertex   -1.941421e-02 -1.330749e-03 5.497678e-03
    endloop
  endfacet
  facet normal 5.522713e-01 3.190296e-01 7.702055e-01
    outer loop
      vertex   -1.941421e-02 -7.071068e-04 5.239357e-03
      vertex   -1.941421e-02 -1.330749e-03 5.497678e-03
      vertex   -1.876537e-02 -1.442959e-03 5.078905e-03
    endloop
  endfacet
  facet normal 5.522713e-01 1.088150e-01 8.265324e-01
    outer loop
      vertex   -1.876537e-02 -1.442959e-03 5.078905e-03
      vertex   -1.941421e-02 -1.330749e-03 5.497678e-03
      vertex   -1.876537e-02 -2.000000e-03 5.152241e-03
    endloop
  endfacet
  facet normal 1.934840e-01 1.280597e-01 9.727099e-01
    outer loop
      vertex   -1.876537e-02 -1.442959e-03 5.078905e-03
      vertex   -1.876537e-02 -2.000000e-03 5.152241e-03
      vertex   -1.800000e-02 -2.000000e-03 5.000000e-03
    endloop
  endfacet
  facet normal 9.858024e-01 1.332115e-01 1.022168e-01
    outer loop
      vertex   -2.000000e-02 1.464102e-03 5.000000e-03
      vertex   -2.000000e-02 8.284271e-04 5.828427e-03
      vertex   -1.989868e-02 7.142985e-04 5.000000e-03
    endloop
  endfacet
  facet normal 9.789843e-01 1.805285e-01 9.486421e-02
    outer loop
      vertex   -1.989868e-02 7.142985e-04 5.000000e-03
      vertex   -2.000000e-02 8.284271e-04 5.828427e-03
      vertex   -1.984776e-02 2.872310e-04 5.287231e-03
    endloop
  endfacet
  facet normal 9.804619e-01 1.197488e-01 1.560596e-01
    outer loop
      vertex   -1.984776e-02 2.872310e-04 5.287231e-03
      vertex   -2.000000e-02 8.284271e-04 5.828427e-03
      vertex   -1.984776e-02 -3.826834e-04 5.801274e-03
    endloop
  endfacet
  facet normal 9.804619e-01 1.197488e-01 1.560596e-01
    outer loop
      vertex   -1.984776e-02 -3.826834e-04 5.801274e-03
      vertex   -2.000000e-02 8.284271e-04 5.828427e-03
      vertex   -2.000000e-02 5.134781e-18 6.464102e-03
    endloop
  endfacet
  facet normal 9.804619e-01 7.527723e-02 1.817353e-01
    outer loop
      vertex   -1.984776e-02 -3.826834e-04 5.801274e-03
      vertex   -2.000000e-02 5.134781e-18 6.464102e-03
      vertex   -1.984776e-02 -1.162815e-03 6.124416e-03
    endloop
  endfacet
  facet normal 9.804619e-01 7.527723e-02 1.817353e-01
    outer loop
      vertex   -1.984776e-02 -1.162815e-03 6.124416e-03
      vertex   -2.000000e-02 5.134781e-18 6.464102e-03
      vertex   -2.000000e-02 -9.647238e-04 6.863703e-03
    endloop
  endfacet
  facet normal 9.804619e-01 2.567566e-02 1.950260e-01
    outer loop
      vertex   -1.984776e-02 -1.162815e-03 6.124416e-03
      vertex   -2.000000e-02 -9.647238e-04 6.863703e-03
      vertex   -1.984776e-02 -2.000000e-03 6.234633e-03
    endloop
  endfacet
  facet normal 9.804619e-01 2.567566e-02 1.950260e-01
    outer loop
      vertex   -1.984776e-02 -2.000000e-03 6.234633e-03
      vertex   -2.000000e-02 -9.647238e-04 6.863703e-03
      vertex   -2.000000e-02 -2.000000e-03 7.000000e-03
    endloop
  endfacet
  facet normal 8.292544e-01 7.294734e-02 5.540901e-01
    outer loop
      vertex   -1.984776e-02 -2.000000e-03 6.234633e-03
      vertex   -1.941421e-02 -2.000000e-03 5.585786e-03
      vertex   -1.984776e-02 -1.162815e-03 6.124416e-03
    endloop
  endfacet
  facet normal 8.292544e-01 7.294734e-02 5.540901e-01
    outer loop
      vertex   -1.984776e-02 -1.162815e-03 6.124416e-03
      vertex   -1.941421e-02 -2.000000e-03 5.585786e-03
      vertex   -1.941421e-02 -1.330749e-03 5.497678e-03
    endloop
  endfacet
  facet normal 8.292544e-01 2.138708e-01 5.163298e-01
    outer loop
      vertex   -1.984776e-02 -1.162815e-03 6.124416e-03
      vertex   -1.941421e-02 -1.330749e-03 5.497678e-03
      vertex   -1.984776e-02 -3.826834e-04 5.801274e-03
    endloop
  endfacet
  facet normal 5.522713e-01 1.088150e-01 8.265324e-01
    outer loop
      vertex   -1.941421e-02 -2.000000e-03 5.585786e-03
      vertex   -1.876537e-02 -2.000000e-03 5.152241e-03
      vertex   -1.941421e-02 -1.330749e-03 5.497678e-03
    endloop
  endfacet
  facet normal 2.362221e-01 1.895691e-01 9.530282e-01
    outer loop
      vertex   -1.800000e-02 -2.000000e-03 5.000000e-03
      vertex   -1.800000e-02 -1.234633e-03 4.847759e-03
      vertex   -1.876537e-02 -1.442959e-03 5.078905e-03
    endloop
  endfacet
  facet normal 1.722417e-01 3.769641e-01 9.100719e-01
    outer loop
      vertex   -1.876537e-02 -1.442959e-03 5.078905e-03
      vertex   -1.800000e-02 -1.234633e-03 4.847759e-03
      vertex   -1.876537e-02 -9.238795e-04 4.863895e-03
    endloop
  endfacet
  facet normal 5.522713e-01 3.190296e-01 7.702055e-01
    outer loop
      vertex   -1.876537e-02 -1.442959e-03 5.078905e-03
      vertex   -1.876537e-02 -9.238795e-04 4.863895e-03
      vertex   -1.941421e-02 -7.071068e-04 5.239357e-03
    endloop
  endfacet
  facet normal 5.522713e-01 5.075028e-01 6.613905e-01
    outer loop
      vertex   -1.941421e-02 -7.071068e-04 5.239357e-03
      vertex   -1.876537e-02 -9.238795e-04 4.863895e-03
      vertex   -1.941421e-02 -1.715729e-04 4.828427e-03
    endloop
  endfacet
  facet normal 7.584477e-01 3.967505e-01 5.170553e-01
    outer loop
      vertex   -1.941421e-02 -7.071068e-04 5.239357e-03
      vertex   -1.941421e-02 -1.715729e-04 4.828427e-03
      vertex   -1.962093e-02 4.271118e-14 5.000000e-03
    endloop
  endfacet
  facet normal 7.580417e-01 3.922411e-01 5.210756e-01
    outer loop
      vertex   -1.962093e-02 4.271118e-14 5.000000e-03
      vertex   -1.941421e-02 -1.715729e-04 4.828427e-03
      vertex   -1.889396e-02 4.440892e-18 3.942425e-03
    endloop
  endfacet
  facet normal 4.289345e-01 8.059756e-01 4.079443e-01
    outer loop
      vertex   -1.889396e-02 4.440892e-18 3.942425e-03
      vertex   -1.941421e-02 -1.715729e-04 4.828427e-03
      vertex   -1.876537e-02 -1.361047e-04 4.076120e-03
    endloop
  endfacet
  facet normal 2.460303e-01 7.875091e-01 5.650651e-01
    outer loop
      vertex   -1.889396e-02 4.440892e-18 3.942425e-03
      vertex   -1.876537e-02 -1.361047e-04 4.076120e-03
      vertex   -1.800000e-02 -1.522409e-04 3.765367e-03
    endloop
  endfacet
  facet normal 2.362221e-01 8.079383e-01 5.398471e-01
    outer loop
      vertex   -1.800000e-02 -1.522409e-04 3.765367e-03
      vertex   -1.876537e-02 -1.361047e-04 4.076120e-03
      vertex   -1.800000e-02 -5.857864e-04 4.414214e-03
    endloop
  endfacet
  facet normal 1.934840e-01 7.783617e-01 5.972579e-01
    outer loop
      vertex   -1.800000e-02 -5.857864e-04 4.414214e-03
      vertex   -1.876537e-02 -1.361047e-04 4.076120e-03
      vertex   -1.876537e-02 -4.781358e-04 4.521864e-03
    endloop
  endfacet
  facet normal 1.934840e-01 5.972579e-01 7.783617e-01
    outer loop
      vertex   -1.800000e-02 -5.857864e-04 4.414214e-03
      vertex   -1.876537e-02 -4.781358e-04 4.521864e-03
      vertex   -1.876537e-02 -9.238795e-04 4.863895e-03
    endloop
  endfacet
  facet normal 5.522713e-01 5.075028e-01 6.613905e-01
    outer loop
      vertex   -1.876537e-02 -9.238795e-04 4.863895e-03
      vertex   -1.876537e-02 -4.781358e-04 4.521864e-03
      vertex   -1.941421e-02 -1.715729e-04 4.828427e-03
    endloop
  endfacet
  facet normal 2.362221e-01 5.398471e-01 8.079383e-01
    outer loop
      vertex   -1.800000e-02 -1.234633e-03 4.847759e-03
      vertex   -1.800000e-02 -5.857864e-04 4.414214e-03
      vertex   -1.876537e-02 -9.238795e-04 4.863895e-03
    endloop
  endfacet
  facet normal 2.014511e-01 9.606778e-01 1.910907e-01
    outer loop
      vertex   -1.800000e-02 -1.522409e-04 3.765367e-03
      vertex   -1.800000e-02 4.440892e-18 3.000000e-03
      vertex   -1.889396e-02 4.440892e-18 3.942425e-03
    endloop
  endfacet
  facet normal 5.522713e-01 6.613905e-01 5.075028e-01
    outer loop
      vertex   -1.876537e-02 -1.361047e-04 4.076120e-03
      vertex   -1.941421e-02 -1.715729e-04 4.828427e-03
      vertex   -1.876537e-02 -4.781358e-04 4.521864e-03
    endloop
  endfacet
  facet normal 9.807853e-01 5.051161e-18 1.950903e-01
    outer loop
      vertex   -2.000000e-02 -2.000000e-03 7.000000e-03
      vertex   -2.000000e-02 -3.550000e-02 7.000000e-03
      vertex   -1.984776e-02 -1.875000e-02 6.234633e-03
    endloop
  endfacet
  facet normal 9.807853e-01 0.000000e+00 1.950903e-01
    outer loop
      vertex   -1.984776e-02 -1.875000e-02 6.234633e-03
      vertex   -2.000000e-02 -3.550000e-02 7.000000e-03
      vertex   -1.984776e-02 -3.550000e-02 6.234633e-03
    endloop
  endfacet
  facet normal 8.314696e-01 0.000000e+00 5.555702e-01
    outer loop
      vertex   -1.984776e-02 -1.875000e-02 6.234633e-03
      vertex   -1.984776e-02 -3.550000e-02 6.234633e-03
      vertex   -1.941421e-02 -1.875000e-02 5.585786e-03
    endloop
  endfacet
  facet normal 8.314696e-01 -2.297612e-16 5.555702e-01
    outer loop
      vertex   -1.941421e-02 -1.875000e-02 5.585786e-03
      vertex   -1.984776e-02 -3.550000e-02 6.234633e-03
      vertex   -1.941421e-02 -3.550000e-02 5.585786e-03
    endloop
  endfacet
  facet normal 5.555702e-01 -2.011875e-16 8.314696e-01
    outer loop
      vertex   -1.941421e-02 -1.875000e-02 5.585786e-03
      vertex   -1.941421e-02 -3.550000e-02 5.585786e-03
      vertex   -1.876537e-02 -1.875000e-02 5.152241e-03
    endloop
  endfacet
  facet normal 5.555702e-01 -4.305582e-17 8.314696e-01
    outer loop
      vertex   -1.876537e-02 -1.875000e-02 5.152241e-03
      vertex   -1.941421e-02 -3.550000e-02 5.585786e-03
      vertex   -1.876537e-02 -3.550000e-02 5.152241e-03
    endloop
  endfacet
  facet normal 1.950903e-01 -5.078780e-17 9.807853e-01
    outer loop
      vertex   -1.876537e-02 -1.875000e-02 5.152241e-03
      vertex   -1.876537e-02 -3.550000e-02 5.152241e-03
      vertex   -1.800000e-02 -3.550000e-02 5.000000e-03
    endloop
  endfacet
  facet normal 1.950903e-01 -0.000000e+00 9.807853e-01
    outer loop
      vertex   -1.800000e-02 -3.550000e-02 5.000000e-03
      vertex   -1.800000e-02 -2.000000e-03 5.000000e-03
      vertex   -1.876537e-02 -1.875000e-02 5.152241e-03
    endloop
  endfacet
  facet normal 1.950903e-01 1.015756e-16 9.807853e-01
    outer loop
      vertex   -1.876537e-02 -1.875000e-02 5.152241e-03
      vertex   -1.800000e-02 -2.000000e-03 5.000000e-03
      vertex   -1.876537e-02 -2.000000e-03 5.152241e-03
    endloop
  endfacet
  facet normal 5.555702e-01 8.611163e-17 8.314696e-01
    outer loop
      vertex   -1.876537e-02 -1.875000e-02 5.152241e-03
      vertex   -1.876537e-02 -2.000000e-03 5.152241e-03
      vertex   -1.941421e-02 -1.875000e-02 5.585786e-03
    endloop
  endfacet
  facet normal 5.555702e-01 2.442434e-16 8.314696e-01
    outer loop
      vertex   -1.941421e-02 -1.875000e-02 5.585786e-03
      vertex   -1.876537e-02 -2.000000e-03 5.152241e-03
      vertex   -1.941421e-02 -2.000000e-03 5.585786e-03
    endloop
  endfacet
  facet normal 8.314696e-01 2.585302e-16 5.555702e-01
    outer loop
      vertex   -1.941421e-02 -1.875000e-02 5.585786e-03
      vertex   -1.941421e-02 -2.000000e-03 5.585786e-03
      vertex   -1.984776e-02 -1.875000e-02 6.234633e-03
    endloop
  endfacet
  facet normal 8.314696e-01 2.876898e-17 5.555702e-01
    outer loop
      vertex   -1.984776e-02 -1.875000e-02 6.234633e-03
      vertex   -1.941421e-02 -2.000000e-03 5.585786e-03
      vertex   -1.984776e-02 -2.000000e-03 6.234633e-03
    endloop
  endfacet
  facet normal 9.807853e-01 1.010232e-17 1.950903e-01
    outer loop
      vertex   -1.984776e-02 -1.875000e-02 6.234633e-03
      vertex   -1.984776e-02 -2.000000e-03 6.234633e-03
      vertex   -2.000000e-02 -2.000000e-03 7.000000e-03
    endloop
  endfacet
  facet normal 9.806424e-01 -8.275162e-02 1.774614e-01
    outer loop
      vertex   -2.000000e-02 -3.686808e-02 6.758770e-03
      vertex   -2.000000e-02 -3.750000e-02 6.464102e-03
      vertex   -1.984776e-02 -3.711732e-02 5.801274e-03
    endloop
  endfacet
  facet normal 9.806620e-01 -8.380213e-02 1.768594e-01
    outer loop
      vertex   -1.984776e-02 -3.711732e-02 5.801274e-03
      vertex   -2.000000e-02 -3.750000e-02 6.464102e-03
      vertex   -1.981817e-02 -3.750000e-02 5.455854e-03
    endloop
  endfacet
  facet normal 8.294404e-01 -3.375749e-01 4.450526e-01
    outer loop
      vertex   -1.984776e-02 -3.711732e-02 5.801274e-03
      vertex   -1.981817e-02 -3.750000e-02 5.455854e-03
      vertex   -1.941421e-02 -3.679289e-02 5.239357e-03
    endloop
  endfacet
  facet normal 8.304728e-01 -3.391162e-01 4.419448e-01
    outer loop
      vertex   -1.941421e-02 -3.679289e-02 5.239357e-03
      vertex   -1.981817e-02 -3.750000e-02 5.455854e-03
      vertex   -1.941421e-02 -3.732843e-02 4.828427e-03
    endloop
  endfacet
  facet normal 5.522713e-01 -5.075028e-01 6.613905e-01
    outer loop
      vertex   -1.941421e-02 -3.679289e-02 5.239357e-03
      vertex   -1.941421e-02 -3.732843e-02 4.828427e-03
      vertex   -1.876537e-02 -3.702186e-02 4.521864e-03
    endloop
  endfacet
  facet normal 5.532923e-01 -6.494934e-01 5.215610e-01
    outer loop
      vertex   -1.876537e-02 -3.702186e-02 4.521864e-03
      vertex   -1.941421e-02 -3.732843e-02 4.828427e-03
      vertex   -1.936199e-02 -3.750000e-02 4.559372e-03
    endloop
  endfacet
  facet normal 5.589393e-01 -6.578554e-01 5.047902e-01
    outer loop
      vertex   -1.876537e-02 -3.702186e-02 4.521864e-03
      vertex   -1.936199e-02 -3.750000e-02 4.559372e-03
      vertex   -1.876537e-02 -3.736390e-02 4.076120e-03
    endloop
  endfacet
  facet normal 5.417323e-01 -6.947257e-01 4.731620e-01
    outer loop
      vertex   -1.876537e-02 -3.736390e-02 4.076120e-03
      vertex   -1.936199e-02 -3.750000e-02 4.559372e-03
      vertex   -1.800000e-02 -3.750000e-02 3.000000e-03
    endloop
  endfacet
  facet normal 9.939371e-02 -9.759286e-01 1.941243e-01
    outer loop
      vertex   -1.876537e-02 -3.736390e-02 4.076120e-03
      vertex   -1.800000e-02 -3.750000e-02 3.000000e-03
      vertex   -1.800000e-02 -3.734776e-02 3.765367e-03
    endloop
  endfacet
  facet normal 8.158001e-01 -4.026755e-01 4.151176e-01
    outer loop
      vertex   -1.981817e-02 -3.750000e-02 5.455854e-03
      vertex   -1.936199e-02 -3.750000e-02 4.559372e-03
      vertex   -1.941421e-02 -3.732843e-02 4.828427e-03
    endloop
  endfacet
  facet normal 2.362221e-01 -8.079383e-01 5.398471e-01
    outer loop
      vertex   -1.800000e-02 -3.734776e-02 3.765367e-03
      vertex   -1.800000e-02 -3.691421e-02 4.414214e-03
      vertex   -1.876537e-02 -3.736390e-02 4.076120e-03
    endloop
  endfacet
  facet normal 1.934840e-01 -7.783617e-01 5.972579e-01
    outer loop
      vertex   -1.876537e-02 -3.736390e-02 4.076120e-03
      vertex   -1.800000e-02 -3.691421e-02 4.414214e-03
      vertex   -1.876537e-02 -3.702186e-02 4.521864e-03
    endloop
  endfacet
  facet normal 1.934840e-01 -5.972579e-01 7.783617e-01
    outer loop
      vertex   -1.876537e-02 -3.702186e-02 4.521864e-03
      vertex   -1.800000e-02 -3.691421e-02 4.414214e-03
      vertex   -1.876537e-02 -3.657612e-02 4.863895e-03
    endloop
  endfacet
  facet normal 2.362221e-01 -5.398471e-01 8.079383e-01
    outer loop
      vertex   -1.876537e-02 -3.657612e-02 4.863895e-03
      vertex   -1.800000e-02 -3.691421e-02 4.414214e-03
      vertex   -1.800000e-02 -3.626537e-02 4.847759e-03
    endloop
  endfacet
  facet normal 1.722417e-01 -3.769641e-01 9.100719e-01
    outer loop
      vertex   -1.876537e-02 -3.657612e-02 4.863895e-03
      vertex   -1.800000e-02 -3.626537e-02 4.847759e-03
      vertex   -1.876537e-02 -3.605704e-02 5.078905e-03
    endloop
  endfacet
  facet normal 2.362221e-01 -1.895691e-01 9.530282e-01
    outer loop
      vertex   -1.876537e-02 -3.605704e-02 5.078905e-03
      vertex   -1.800000e-02 -3.626537e-02 4.847759e-03
      vertex   -1.800000e-02 -3.550000e-02 5.000000e-03
    endloop
  endfacet
  facet normal 1.934840e-01 -1.280597e-01 9.727099e-01
    outer loop
      vertex   -1.876537e-02 -3.605704e-02 5.078905e-03
      vertex   -1.800000e-02 -3.550000e-02 5.000000e-03
      vertex   -1.876537e-02 -3.550000e-02 5.152241e-03
    endloop
  endfacet
  facet normal 5.522713e-01 -1.088150e-01 8.265324e-01
    outer loop
      vertex   -1.876537e-02 -3.550000e-02 5.152241e-03
      vertex   -1.941421e-02 -3.550000e-02 5.585786e-03
      vertex   -1.876537e-02 -3.605704e-02 5.078905e-03
    endloop
  endfacet
  facet normal 5.522713e-01 -1.088150e-01 8.265324e-01
    outer loop
      vertex   -1.876537e-02 -3.605704e-02 5.078905e-03
      vertex   -1.941421e-02 -3.550000e-02 5.585786e-03
      vertex   -1.941421e-02 -3.616925e-02 5.497678e-03
    endloop
  endfacet
  facet normal 5.522713e-01 -3.190296e-01 7.702055e-01
    outer loop
      vertex   -1.876537e-02 -3.605704e-02 5.078905e-03
      vertex   -1.941421e-02 -3.616925e-02 5.497678e-03
      vertex   -1.876537e-02 -3.657612e-02 4.863895e-03
    endloop
  endfacet
  facet normal 5.522713e-01 -3.190296e-01 7.702055e-01
    outer loop
      vertex   -1.876537e-02 -3.657612e-02 4.863895e-03
      vertex   -1.941421e-02 -3.616925e-02 5.497678e-03
      vertex   -1.941421e-02 -3.679289e-02 5.239357e-03
    endloop
  endfacet
  facet normal 5.522713e-01 -5.075028e-01 6.613905e-01
    outer loop
      vertex   -1.876537e-02 -3.657612e-02 4.863895e-03
      vertex   -1.941421e-02 -3.679289e-02 5.239357e-03
      vertex   -1.876537e-02 -3.702186e-02 4.521864e-03
    endloop
  endfacet
  facet normal 8.292544e-01 -7.294734e-02 5.540901e-01
    outer loop
      vertex   -1.941421e-02 -3.550000e-02 5.585786e-03
      vertex   -1.984776e-02 -3.550000e-02 6.234633e-03
      vertex   -1.941421e-02 -3.616925e-02 5.497678e-03
    endloop
  endfacet
  facet normal 8.292544e-01 -7.294734e-02 5.540901e-01
    outer loop
      vertex   -1.941421e-02 -3.616925e-02 5.497678e-03
      vertex   -1.984776e-02 -3.550000e-02 6.234633e-03
      vertex   -1.984776e-02 -3.633718e-02 6.124416e-03
    endloop
  endfacet
  facet normal 8.292544e-01 -2.138708e-01 5.163298e-01
    outer loop
      vertex   -1.941421e-02 -3.616925e-02 5.497678e-03
      vertex   -1.984776e-02 -3.633718e-02 6.124416e-03
      vertex   -1.941421e-02 -3.679289e-02 5.239357e-03
    endloop
  endfacet
  facet normal 8.292544e-01 -2.138708e-01 5.163298e-01
    outer loop
      vertex   -1.941421e-02 -3.679289e-02 5.239357e-03
      vertex   -1.984776e-02 -3.633718e-02 6.124416e-03
      vertex   -1.984776e-02 -3.711732e-02 5.801274e-03
    endloop
  endfacet
  facet normal 9.806424e-01 -1.706571e-02 1.950619e-01
    outer loop
      vertex   -2.000000e-02 -3.550000e-02 7.000000e-03
      vertex   -2.000000e-02 -3.619459e-02 6.939231e-03
      vertex   -1.984776e-02 -3.550000e-02 6.234633e-03
    endloop
  endfacet
  facet normal 9.818989e-01 -2.472242e-02 1.877854e-01
    outer loop
      vertex   -1.984776e-02 -3.550000e-02 6.234633e-03
      vertex   -2.000000e-02 -3.619459e-02 6.939231e-03
      vertex   -1.984776e-02 -3.633718e-02 6.124416e-03
    endloop
  endfacet
  facet normal 9.800210e-01 -5.147750e-02 1.921167e-01
    outer loop
      vertex   -2.000000e-02 -3.619459e-02 6.939231e-03
      vertex   -2.000000e-02 -3.686808e-02 6.758770e-03
      vertex   -1.984776e-02 -3.633718e-02 6.124416e-03
    endloop
  endfacet
  facet normal 9.818989e-01 -7.248246e-02 1.749881e-01
    outer loop
      vertex   -1.984776e-02 -3.633718e-02 6.124416e-03
      vertex   -2.000000e-02 -3.686808e-02 6.758770e-03
      vertex   -1.984776e-02 -3.711732e-02 5.801274e-03
    endloop
  endfacet
  facet normal 1.000000e+00 0.000000e+00 0.000000e+00
    outer loop
      vertex   -2.000000e-02 -3.750000e-02 6.464102e-03
      vertex   -2.000000e-02 -3.686808e-02 6.758770e-03
      vertex   -2.000000e-02 -3.750000e-02 7.300000e-02
    endloop
  endfacet
  facet normal 1.000000e+00 0.000000e+00 0.000000e+00
    outer loop
      vertex   -2.000000e-02 -3.750000e-02 7.300000e-02
      vertex   -2.000000e-02 -3.686808e-02 6.758770e-03
      vertex   -2.000000e-02 -3.619459e-02 6.939231e-03
    endloop
  endfacet
  facet normal 1.000000e+00 0.000000e+00 0.000000e+00
    outer loop
      vertex   -2.000000e-02 -3.750000e-02 7.300000e-02
      vertex   -2.000000e-02 -3.619459e-02 6.939231e-03
      vertex   -2.000000e-02 -3.550000e-02 7.000000e-03
    endloop
  endfacet
  facet normal 1.000000e+00 -0.000000e+00 -0.000000e+00
    outer loop
      vertex   -2.000000e-02 -3.550000e-02 7.000000e-03
      vertex   -2.000000e-02 -2.000000e-03 7.000000e-03
      vertex   -2.000000e-02 -3.750000e-02 7.300000e-02
    endloop
  endfacet
  facet normal 1.000000e+00 0.000000e+00 0.000000e+00
    outer loop
      vertex   -2.000000e-02 -3.750000e-02 7.300000e-02
      vertex   -2.000000e-02 -2.000000e-03 7.000000e-03
      vertex   -2.000000e-02 3.750000e-02 7.300000e-02
    endloop
  endfacet
  facet normal 1.000000e+00 0.000000e+00 0.000000e+00
    outer loop
      vertex   -2.000000e-02 3.750000e-02 7.300000e-02
      vertex   -2.000000e-02 -2.000000e-03 7.000000e-03
      vertex   -2.000000e-02 -9.647238e-04 6.863703e-03
    endloop
  endfacet
  facet normal 1.000000e+00 0.000000e+00 0.000000e+00
    outer loop
      vertex   -2.000000e-02 3.750000e-02 7.300000e-02
      vertex   -2.000000e-02 -9.647238e-04 6.863703e-03
      vertex   -2.000000e-02 5.134781e-18 6.464102e-03
    endloop
  endfacet
  facet normal 1.000000e+00 0.000000e+00 0.000000e+00
    outer loop
      vertex   -2.000000e-02 3.750000e-02 7.300000e-02
      vertex   -2.000000e-02 5.134781e-18 6.464102e-03
      vertex   -2.000000e-02 3.750000e-02 5.000000e-03
    endloop
  endfacet
  facet normal 1.000000e+00 0.000000e+00 0.000000e+00
    outer loop
      vertex   -2.000000e-02 3.750000e-02 5.000000e-03
      vertex   -2.000000e-02 5.134781e-18 6.464102e-03
      vertex   -2.000000e-02 8.284271e-04 5.828427e-03
    endloop
  endfacet
  facet normal 1.000000e+00 0.000000e+00 0.000000e+00
    outer loop
      vertex   -2.000000e-02 3.750000e-02 5.000000e-03
      vertex   -2.000000e-02 8.284271e-04 5.828427e-03
      vertex   -2.000000e-02 1.464102e-03 5.000000e-03
    endloop
  endfacet
  facet normal -1.950903e-01 9.807853e-01 0.000000e+00
    outer loop
      vertex   -3.123463e-02 -3.234776e-02 5.973791e-02
      vertex   -3.123463e-02 -3.234776e-02 4.382528e-02
      vertex   -3.200000e-02 -3.250000e-02 5.973791e-02
    endloop
  endfacet
  facet normal -1.950903e-01 9.807853e-01 0.000000e+00
    outer loop
      vertex   -3.200000e-02 -3.250000e-02 5.973791e-02
      vertex   -3.123463e-02 -3.234776e-02 4.382528e-02
      vertex   -3.123463e-02 -3.234776e-02 2.791264e-02
    endloop
  endfacet
  facet normal -1.950903e-01 9.807853e-01 0.000000e+00
    outer loop
      vertex   -3.200000e-02 -3.250000e-02 5.973791e-02
      vertex   -3.123463e-02 -3.234776e-02 2.791264e-02
      vertex   -3.200000e-02 -3.250000e-02 1.200000e-02
    endloop
  endfacet
  facet normal -1.950903e-01 9.807853e-01 0.000000e+00
    outer loop
      vertex   -3.200000e-02 -3.250000e-02 1.200000e-02
      vertex   -3.123463e-02 -3.234776e-02 2.791264e-02
      vertex   -3.123463e-02 -3.234776e-02 1.200000e-02
    endloop
  endfacet
  facet normal -5.555702e-01 8.314696e-01 0.000000e+00
    outer loop
      vertex   -3.123463e-02 -3.234776e-02 1.200000e-02
      vertex   -3.123463e-02 -3.234776e-02 2.791264e-02
      vertex   -3.058579e-02 -3.191421e-02 1.200000e-02
    endloop
  endfacet
  facet normal -5.555702e-01 8.314696e-01 0.000000e+00
    outer loop
      vertex   -3.058579e-02 -3.191421e-02 1.200000e-02
      vertex   -3.123463e-02 -3.234776e-02 2.791264e-02
      vertex   -3.058579e-02 -3.191421e-02 2.791264e-02
    endloop
  endfacet
  facet normal -8.314696e-01 5.555702e-01 0.000000e+00
    outer loop
      vertex   -3.058579e-02 -3.191421e-02 1.200000e-02
      vertex   -3.058579e-02 -3.191421e-02 2.791264e-02
      vertex   -3.015224e-02 -3.126537e-02 1.200000e-02
    endloop
  endfacet
  facet normal -8.314696e-01 5.555702e-01 0.000000e+00
    outer loop
      vertex   -3.015224e-02 -3.126537e-02 1.200000e-02
      vertex   -3.058579e-02 -3.191421e-02 2.791264e-02
      vertex   -3.015224e-02 -3.126537e-02 2.791264e-02
    endloop
  endfacet
  facet normal -9.807853e-01 1.950903e-01 0.000000e+00
    outer loop
      vertex   -3.015224e-02 -3.126537e-02 1.200000e-02
      vertex   -3.015224e-02 -3.126537e-02 2.791264e-02
      vertex   -3.000000e-02 -3.050000e-02 1.200000e-02
    endloop
  endfacet
  facet normal -9.807853e-01 1.950903e-01 0.000000e+00
    outer loop
      vertex   -3.000000e-02 -3.050000e-02 1.200000e-02
      vertex   -3.015224e-02 -3.126537e-02 2.791264e-02
      vertex   -3.015224e-02 -3.126537e-02 4.382528e-02
    endloop
  endfacet
  facet normal -9.807853e-01 1.950903e-01 0.000000e+00
    outer loop
      vertex   -3.000000e-02 -3.050000e-02 1.200000e-02
      vertex   -3.015224e-02 -3.126537e-02 4.382528e-02
      vertex   -3.000000e-02 -3.050000e-02 5.973791e-02
    endloop
  endfacet
  facet normal -9.807853e-01 1.950903e-01 0.000000e+00
    outer loop
      vertex   -3.000000e-02 -3.050000e-02 5.973791e-02
      vertex   -3.015224e-02 -3.126537e-02 4.382528e-02
      vertex   -3.015224e-02 -3.126537e-02 5.973791e-02
    endloop
  endfacet
  facet normal -8.314696e-01 5.555702e-01 0.000000e+00
    outer loop
      vertex   -3.015224e-02 -3.126537e-02 5.973791e-02
      vertex   -3.015224e-02 -3.126537e-02 4.382528e-02
      vertex   -3.058579e-02 -3.191421e-02 5.973791e-02
    endloop
  endfacet
  facet normal -8.314696e-01 5.555702e-01 0.000000e+00
    outer loop
      vertex   -3.058579e-02 -3.191421e-02 5.973791e-02
      vertex   -3.015224e-02 -3.126537e-02 4.382528e-02
      vertex   -3.058579e-02 -3.191421e-02 4.382528e-02
    endloop
  endfacet
  facet normal -5.555702e-01 8.314696e-01 0.000000e+00
    outer loop
      vertex   -3.058579e-02 -3.191421e-02 5.973791e-02
      vertex   -3.058579e-02 -3.191421e-02 4.382528e-02
      vertex   -3.123463e-02 -3.234776e-02 5.973791e-02
    endloop
  endfacet
  facet normal -5.555702e-01 8.314696e-01 0.000000e+00
    outer loop
      vertex   -3.123463e-02 -3.234776e-02 5.973791e-02
      vertex   -3.058579e-02 -3.191421e-02 4.382528e-02
      vertex   -3.123463e-02 -3.234776e-02 4.382528e-02
    endloop
  endfacet
  facet normal -5.555702e-01 8.314696e-01 0.000000e+00
    outer loop
      vertex   -3.058579e-02 -3.191421e-02 2.791264e-02
      vertex   -3.123463e-02 -3.234776e-02 2.791264e-02
      vertex   -3.123463e-02 -3.234776e-02 4.382528e-02
    endloop
  endfacet
  facet normal -5.555702e-01 8.314696e-01 0.000000e+00
    outer loop
      vertex   -3.058579e-02 -3.191421e-02 2.791264e-02
      vertex   -3.123463e-02 -3.234776e-02 4.382528e-02
      vertex   -3.058579e-02 -3.191421e-02 4.382528e-02
    endloop
  endfacet
  facet normal -8.314696e-01 5.555702e-01 0.000000e+00
    outer loop
      vertex   -3.015224e-02 -3.126537e-02 2.791264e-02
      vertex   -3.058579e-02 -3.191421e-02 2.791264e-02
      vertex   -3.058579e-02 -3.191421e-02 4.382528e-02
    endloop
  endfacet
  facet normal -8.314696e-01 5.555702e-01 0.000000e+00
    outer loop
      vertex   -3.015224e-02 -3.126537e-02 2.791264e-02
      vertex   -3.058579e-02 -3.191421e-02 4.382528e-02
      vertex   -3.015224e-02 -3.126537e-02 4.382528e-02
    endloop
  endfacet
  facet normal -8.054650e-02 9.775986e-01 1.944564e-01
    outer loop
      vertex   -3.200000e-02 -3.234776e-02 1.123463e-02
      vertex   -3.200000e-02 -3.250000e-02 1.200000e-02
      vertex   -3.145880e-02 -3.234776e-02 1.145880e-02
    endloop
  endfacet
  facet normal -1.944564e-01 9.775986e-01 8.054650e-02
    outer loop
      vertex   -3.145880e-02 -3.234776e-02 1.145880e-02
      vertex   -3.200000e-02 -3.250000e-02 1.200000e-02
      vertex   -3.123463e-02 -3.234776e-02 1.200000e-02
    endloop
  endfacet
  facet normal -5.414191e-01 8.102909e-01 2.242631e-01
    outer loop
      vertex   -3.145880e-02 -3.234776e-02 1.145880e-02
      vertex   -3.123463e-02 -3.234776e-02 1.200000e-02
      vertex   -3.058579e-02 -3.191421e-02 1.200000e-02
    endloop
  endfacet
  facet normal -8.314696e-01 5.555702e-01 -4.364969e-05
    outer loop
      vertex   -3.015224e-02 -3.126537e-02 1.200000e-02
      vertex   -3.051235e-02 -3.180434e-02 1.170740e-02
      vertex   -3.058579e-02 -3.191421e-02 1.200000e-02
    endloop
  endfacet
  facet normal -4.817234e-01 8.533040e-01 1.995364e-01
    outer loop
      vertex   -3.058579e-02 -3.191421e-02 1.200000e-02
      vertex   -3.051235e-02 -3.180434e-02 1.170740e-02
      vertex   -3.100000e-02 -3.191421e-02 1.100000e-02
    endloop
  endfacet
  facet normal -5.414191e-01 8.102909e-01 2.242631e-01
    outer loop
      vertex   -3.058579e-02 -3.191421e-02 1.200000e-02
      vertex   -3.100000e-02 -3.191421e-02 1.100000e-02
      vertex   -3.145880e-02 -3.234776e-02 1.145880e-02
    endloop
  endfacet
  facet normal -2.242631e-01 8.102909e-01 5.414191e-01
    outer loop
      vertex   -3.145880e-02 -3.234776e-02 1.145880e-02
      vertex   -3.100000e-02 -3.191421e-02 1.100000e-02
      vertex   -3.200000e-02 -3.234776e-02 1.123463e-02
    endloop
  endfacet
  facet normal -8.594863e-01 4.822211e-01 1.695469e-01
    outer loop
      vertex   -3.051235e-02 -3.180434e-02 1.170740e-02
      vertex   -3.015224e-02 -3.126537e-02 1.200000e-02
      vertex   -3.021089e-02 -3.115664e-02 1.139344e-02
    endloop
  endfacet
  facet normal -9.726252e-01 1.934672e-01 1.287272e-01
    outer loop
      vertex   -3.021089e-02 -3.115664e-02 1.139344e-02
      vertex   -3.015224e-02 -3.126537e-02 1.200000e-02
      vertex   -3.000000e-02 -3.050000e-02 1.200000e-02
    endloop
  endfacet
  facet normal -9.719958e-01 1.335778e-01 1.933420e-01
    outer loop
      vertex   -3.021089e-02 -3.115664e-02 1.139344e-02
      vertex   -3.000000e-02 -3.050000e-02 1.200000e-02
      vertex   -3.015224e-02 -3.050000e-02 1.123463e-02
    endloop
  endfacet
  facet normal -8.206869e-01 2.025172e-01 5.342843e-01
    outer loop
      vertex   -3.021089e-02 -3.115664e-02 1.139344e-02
      vertex   -3.015224e-02 -3.050000e-02 1.123463e-02
      vertex   -3.069344e-02 -3.126537e-02 1.069344e-02
    endloop
  endfacet
  facet normal -8.160845e-01 1.914805e-01 5.452902e-01
    outer loop
      vertex   -3.069344e-02 -3.126537e-02 1.069344e-02
      vertex   -3.015224e-02 -3.050000e-02 1.123463e-02
      vertex   -3.058579e-02 -3.050000e-02 1.058579e-02
    endloop
  endfacet
  facet normal -5.452902e-01 1.914805e-01 8.160845e-01
    outer loop
      vertex   -3.069344e-02 -3.126537e-02 1.069344e-02
      vertex   -3.058579e-02 -3.050000e-02 1.058579e-02
      vertex   -3.123463e-02 -3.050000e-02 1.015224e-02
    endloop
  endfacet
  facet normal -5.342843e-01 2.025172e-01 8.206869e-01
    outer loop
      vertex   -3.069344e-02 -3.126537e-02 1.069344e-02
      vertex   -3.123463e-02 -3.050000e-02 1.015224e-02
      vertex   -3.139344e-02 -3.115664e-02 1.021089e-02
    endloop
  endfacet
  facet normal -1.933420e-01 1.335778e-01 9.719958e-01
    outer loop
      vertex   -3.139344e-02 -3.115664e-02 1.021089e-02
      vertex   -3.123463e-02 -3.050000e-02 1.015224e-02
      vertex   -3.200000e-02 -3.050000e-02 1.000000e-02
    endloop
  endfacet
  facet normal -1.287272e-01 1.934672e-01 9.726252e-01
    outer loop
      vertex   -3.139344e-02 -3.115664e-02 1.021089e-02
      vertex   -3.200000e-02 -3.050000e-02 1.000000e-02
      vertex   -3.200000e-02 -3.126537e-02 1.015224e-02
    endloop
  endfacet
  facet normal -1.695469e-01 4.822211e-01 8.594863e-01
    outer loop
      vertex   -3.139344e-02 -3.115664e-02 1.021089e-02
      vertex   -3.200000e-02 -3.126537e-02 1.015224e-02
      vertex   -3.170740e-02 -3.180434e-02 1.051235e-02
    endloop
  endfacet
  facet normal 4.364969e-05 5.555702e-01 8.314696e-01
    outer loop
      vertex   -3.170740e-02 -3.180434e-02 1.051235e-02
      vertex   -3.200000e-02 -3.126537e-02 1.015224e-02
      vertex   -3.200000e-02 -3.191421e-02 1.058579e-02
    endloop
  endfacet
  facet normal -1.702803e-01 8.193266e-01 5.474565e-01
    outer loop
      vertex   -3.170740e-02 -3.180434e-02 1.051235e-02
      vertex   -3.200000e-02 -3.191421e-02 1.058579e-02
      vertex   -3.200000e-02 -3.234776e-02 1.123463e-02
    endloop
  endfacet
  facet normal -7.288893e-01 5.420039e-01 4.182729e-01
    outer loop
      vertex   -3.051235e-02 -3.180434e-02 1.170740e-02
      vertex   -3.021089e-02 -3.115664e-02 1.139344e-02
      vertex   -3.100000e-02 -3.191421e-02 1.100000e-02
    endloop
  endfacet
  facet normal -7.288893e-01 5.420039e-01 4.182729e-01
    outer loop
      vertex   -3.100000e-02 -3.191421e-02 1.100000e-02
      vertex   -3.021089e-02 -3.115664e-02 1.139344e-02
      vertex   -3.069344e-02 -3.126537e-02 1.069344e-02
    endloop
  endfacet
  facet normal -4.182729e-01 5.420039e-01 7.288893e-01
    outer loop
      vertex   -3.100000e-02 -3.191421e-02 1.100000e-02
      vertex   -3.069344e-02 -3.126537e-02 1.069344e-02
      vertex   -3.170740e-02 -3.180434e-02 1.051235e-02
    endloop
  endfacet
  facet normal -4.182729e-01 5.420039e-01 7.288893e-01
    outer loop
      vertex   -3.170740e-02 -3.180434e-02 1.051235e-02
      vertex   -3.069344e-02 -3.126537e-02 1.069344e-02
      vertex   -3.139344e-02 -3.115664e-02 1.021089e-02
    endloop
  endfacet
  facet normal -2.329173e-01 8.201033e-01 5.226663e-01
    outer loop
      vertex   -3.200000e-02 -3.234776e-02 1.123463e-02
      vertex   -3.100000e-02 -3.191421e-02 1.100000e-02
      vertex   -3.170740e-02 -3.180434e-02 1.051235e-02
    endloop
  endfacet
  facet normal -8.627915e-01 4.982890e-01 8.543375e-02
    outer loop
      vertex   -3.014393e-02 -3.237480e-02 7.045896e-02
      vertex   -3.034001e-02 -3.260986e-02 6.984976e-02
      vertex   -3.055464e-02 -3.317246e-02 7.096358e-02
    endloop
  endfacet
  facet normal -7.833462e-01 6.023802e-01 1.533191e-01
    outer loop
      vertex   -3.055464e-02 -3.317246e-02 7.096358e-02
      vertex   -3.034001e-02 -3.260986e-02 6.984976e-02
      vertex   -3.053476e-02 -3.284905e-02 6.979450e-02
    endloop
  endfacet
  facet normal -7.176038e-01 6.742810e-01 1.743270e-01
    outer loop
      vertex   -3.055464e-02 -3.317246e-02 7.096358e-02
      vertex   -3.053476e-02 -3.284905e-02 6.979450e-02
      vertex   -3.085571e-02 -3.288833e-02 6.862524e-02
    endloop
  endfacet
  facet normal -6.197296e-01 7.714546e-01 1.441974e-01
    outer loop
      vertex   -3.085571e-02 -3.288833e-02 6.862524e-02
      vertex   -3.053476e-02 -3.284905e-02 6.979450e-02
      vertex   -3.066748e-02 -3.270429e-02 6.844960e-02
    endloop
  endfacet
  facet normal -6.223461e-01 7.701211e-01 1.399958e-01
    outer loop
      vertex   -3.085571e-02 -3.288833e-02 6.862524e-02
      vertex   -3.066748e-02 -3.270429e-02 6.844960e-02
      vertex   -3.120765e-02 -3.267585e-02 6.589181e-02
    endloop
  endfacet
  facet normal -4.454978e-01 8.892252e-01 1.039719e-01
    outer loop
      vertex   -3.120765e-02 -3.267585e-02 6.589181e-02
      vertex   -3.066748e-02 -3.270429e-02 6.844960e-02
      vertex   -3.097030e-02 -3.250318e-02 6.543205e-02
    endloop
  endfacet
  facet normal -4.553424e-01 8.849840e-01 9.729682e-02
    outer loop
      vertex   -3.120765e-02 -3.267585e-02 6.589181e-02
      vertex   -3.097030e-02 -3.250318e-02 6.543205e-02
      vertex   -3.159482e-02 -3.254446e-02 6.288481e-02
    endloop
  endfacet
  facet normal -2.838712e-01 9.573359e-01 5.408416e-02
    outer loop
      vertex   -3.159482e-02 -3.254446e-02 6.288481e-02
      vertex   -3.097030e-02 -3.250318e-02 6.543205e-02
      vertex   -3.125826e-02 -3.243064e-02 6.263661e-02
    endloop
  endfacet
  facet normal -2.864063e-01 9.567821e-01 5.039254e-02
    outer loop
      vertex   -3.159482e-02 -3.254446e-02 6.288481e-02
      vertex   -3.125826e-02 -3.243064e-02 6.263661e-02
      vertex   -3.200000e-02 -3.250000e-02 5.973791e-02
    endloop
  endfacet
  facet normal -1.950221e-01 9.804423e-01 2.644232e-02
    outer loop
      vertex   -3.200000e-02 -3.250000e-02 5.973791e-02
      vertex   -3.125826e-02 -3.243064e-02 6.263661e-02
      vertex   -3.123463e-02 -3.234776e-02 5.973791e-02
    endloop
  endfacet
  facet normal -4.831441e-01 8.752869e-01 2.108746e-02
    outer loop
      vertex   -3.123463e-02 -3.234776e-02 5.973791e-02
      vertex   -3.125826e-02 -3.243064e-02 6.263661e-02
      vertex   -3.082253e-02 -3.219041e-02 6.264872e-02
    endloop
  endfacet
  facet normal -5.552548e-01 8.309976e-01 3.369088e-02
    outer loop
      vertex   -3.123463e-02 -3.234776e-02 5.973791e-02
      vertex   -3.082253e-02 -3.219041e-02 6.264872e-02
      vertex   -3.058579e-02 -3.191421e-02 5.973791e-02
    endloop
  endfacet
  facet normal -6.844282e-01 7.289552e-01 1.350254e-02
    outer loop
      vertex   -3.058579e-02 -3.191421e-02 5.973791e-02
      vertex   -3.082253e-02 -3.219041e-02 6.264872e-02
      vertex   -3.045969e-02 -3.185006e-02 6.266593e-02
    endloop
  endfacet
  facet normal -8.124454e-01 5.826136e-01 2.222219e-02
    outer loop
      vertex   -3.058579e-02 -3.191421e-02 5.973791e-02
      vertex   -3.045969e-02 -3.185006e-02 6.266593e-02
      vertex   -3.029875e-02 -3.162606e-02 6.267727e-02
    endloop
  endfacet
  facet normal -8.124277e-01 5.817356e-01 3.930536e-02
    outer loop
      vertex   -3.029875e-02 -3.162606e-02 6.267727e-02
      vertex   -3.045969e-02 -3.185006e-02 6.266593e-02
      vertex   -3.022491e-02 -3.171468e-02 6.551505e-02
    endloop
  endfacet
  facet normal -9.362014e-01 3.496888e-01 3.527935e-02
    outer loop
      vertex   -3.029875e-02 -3.162606e-02 6.267727e-02
      vertex   -3.022491e-02 -3.171468e-02 6.551505e-02
      vertex   -3.005705e-02 -3.126999e-02 6.556193e-02
    endloop
  endfacet
  facet normal -9.361693e-01 3.486276e-01 4.523020e-02
    outer loop
      vertex   -3.005705e-02 -3.126999e-02 6.556193e-02
      vertex   -3.022491e-02 -3.171468e-02 6.551505e-02
      vertex   -3.003815e-02 -3.161960e-02 6.864779e-02
    endloop
  endfacet
  facet normal -9.950517e-01 9.786150e-02 1.718091e-02
    outer loop
      vertex   -3.005705e-02 -3.126999e-02 6.556193e-02
      vertex   -3.003815e-02 -3.161960e-02 6.864779e-02
      vertex   -3.000000e-02 -3.107257e-02 6.774144e-02
    endloop
  endfacet
  facet normal -9.947136e-01 1.009084e-01 1.903408e-02
    outer loop
      vertex   -3.000000e-02 -3.107257e-02 6.774144e-02
      vertex   -3.003815e-02 -3.161960e-02 6.864779e-02
      vertex   -3.000000e-02 -3.149859e-02 7.000000e-02
    endloop
  endfacet
  facet normal -9.962183e-01 8.442010e-02 2.055201e-02
    outer loop
      vertex   -3.000000e-02 -3.149859e-02 7.000000e-02
      vertex   -3.003815e-02 -3.161960e-02 6.864779e-02
      vertex   -3.003019e-02 -3.186048e-02 7.002296e-02
    endloop
  endfacet
  facet normal -9.824436e-01 7.102032e-02 -1.725128e-01
    outer loop
      vertex   -3.000000e-02 -3.149859e-02 7.000000e-02
      vertex   -3.003019e-02 -3.186048e-02 7.002296e-02
      vertex   -3.014393e-02 -3.237480e-02 7.045896e-02
    endloop
  endfacet
  facet normal -9.660752e-01 2.538644e-01 4.745047e-02
    outer loop
      vertex   -3.014393e-02 -3.237480e-02 7.045896e-02
      vertex   -3.003019e-02 -3.186048e-02 7.002296e-02
      vertex   -3.011986e-02 -3.218757e-02 6.994735e-02
    endloop
  endfacet
  facet normal -9.243597e-01 3.702610e-01 9.201036e-02
    outer loop
      vertex   -3.014393e-02 -3.237480e-02 7.045896e-02
      vertex   -3.011986e-02 -3.218757e-02 6.994735e-02
      vertex   -3.018608e-02 -3.234392e-02 6.991121e-02
    endloop
  endfacet
  facet normal -9.243727e-01 3.724283e-01 8.265737e-02
    outer loop
      vertex   -3.018608e-02 -3.234392e-02 6.991121e-02
      vertex   -3.011986e-02 -3.218757e-02 6.994735e-02
      vertex   -3.023426e-02 -3.216113e-02 6.854884e-02
    endloop
  endfacet
  facet normal -8.380462e-01 5.360637e-01 1.015592e-01
    outer loop
      vertex   -3.018608e-02 -3.234392e-02 6.991121e-02
      vertex   -3.023426e-02 -3.216113e-02 6.854884e-02
      vertex   -3.042646e-02 -3.245155e-02 6.849578e-02
    endloop
  endfacet
  facet normal -8.380357e-01 5.378002e-01 9.201680e-02
    outer loop
      vertex   -3.042646e-02 -3.245155e-02 6.849578e-02
      vertex   -3.023426e-02 -3.216113e-02 6.854884e-02
      vertex   -3.062699e-02 -3.224448e-02 6.545926e-02
    endloop
  endfacet
  facet normal -6.038780e-01 7.915316e-01 9.385635e-02
    outer loop
      vertex   -3.042646e-02 -3.245155e-02 6.849578e-02
      vertex   -3.062699e-02 -3.224448e-02 6.545926e-02
      vertex   -3.097030e-02 -3.250318e-02 6.543205e-02
    endloop
  endfacet
  facet normal -6.039115e-01 7.927410e-01 8.278000e-02
    outer loop
      vertex   -3.097030e-02 -3.250318e-02 6.543205e-02
      vertex   -3.062699e-02 -3.224448e-02 6.545926e-02
      vertex   -3.125826e-02 -3.243064e-02 6.263661e-02
    endloop
  endfacet
  facet normal -9.925906e-01 1.205696e-01 1.505951e-02
    outer loop
      vertex   -3.000000e-02 -3.107257e-02 6.774144e-02
      vertex   -3.000000e-02 -3.075797e-02 6.522268e-02
      vertex   -3.005705e-02 -3.126999e-02 6.556193e-02
    endloop
  endfacet
  facet normal -9.927997e-01 1.190995e-01 1.280559e-02
    outer loop
      vertex   -3.005705e-02 -3.126999e-02 6.556193e-02
      vertex   -3.000000e-02 -3.075797e-02 6.522268e-02
      vertex   -3.007615e-02 -3.112182e-02 6.270285e-02
    endloop
  endfacet
  facet normal -9.149954e-01 4.025613e-01 2.697630e-02
    outer loop
      vertex   -3.005705e-02 -3.126999e-02 6.556193e-02
      vertex   -3.007615e-02 -3.112182e-02 6.270285e-02
      vertex   -3.029875e-02 -3.162606e-02 6.267727e-02
    endloop
  endfacet
  facet normal -9.148902e-01 4.036836e-01 3.934955e-03
    outer loop
      vertex   -3.029875e-02 -3.162606e-02 6.267727e-02
      vertex   -3.007615e-02 -3.112182e-02 6.270285e-02
      vertex   -3.015224e-02 -3.126537e-02 5.973791e-02
    endloop
  endfacet
  facet normal -8.311727e-01 5.553718e-01 2.672156e-02
    outer loop
      vertex   -3.029875e-02 -3.162606e-02 6.267727e-02
      vertex   -3.015224e-02 -3.126537e-02 5.973791e-02
      vertex   -3.058579e-02 -3.191421e-02 5.973791e-02
    endloop
  endfacet
  facet normal -9.902995e-01 1.385948e-01 9.914991e-03
    outer loop
      vertex   -3.000000e-02 -3.075797e-02 6.522268e-02
      vertex   -3.000000e-02 -3.056502e-02 6.252561e-02
      vertex   -3.007615e-02 -3.112182e-02 6.270285e-02
    endloop
  endfacet
  facet normal -9.906352e-01 1.364980e-01 3.183677e-03
    outer loop
      vertex   -3.007615e-02 -3.112182e-02 6.270285e-02
      vertex   -3.000000e-02 -3.056502e-02 6.252561e-02
      vertex   -3.000000e-02 -3.050000e-02 5.973791e-02
    endloop
  endfacet
  facet normal -9.806640e-01 1.950662e-01 1.572300e-02
    outer loop
      vertex   -3.007615e-02 -3.112182e-02 6.270285e-02
      vertex   -3.000000e-02 -3.050000e-02 5.973791e-02
      vertex   -3.015224e-02 -3.126537e-02 5.973791e-02
    endloop
  endfacet
  facet normal -8.709200e-01 4.823087e-01 9.421601e-02
    outer loop
      vertex   -3.034001e-02 -3.260986e-02 6.984976e-02
      vertex   -3.014393e-02 -3.237480e-02 7.045896e-02
      vertex   -3.018608e-02 -3.234392e-02 6.991121e-02
    endloop
  endfacet
  facet normal -9.661328e-01 2.512337e-01 5.889830e-02
    outer loop
      vertex   -3.011986e-02 -3.218757e-02 6.994735e-02
      vertex   -3.003019e-02 -3.186048e-02 7.002296e-02
      vertex   -3.015113e-02 -3.198741e-02 6.858058e-02
    endloop
  endfacet
  facet normal -9.572474e-01 2.839403e-01 5.527506e-02
    outer loop
      vertex   -3.015113e-02 -3.198741e-02 6.858058e-02
      vertex   -3.003019e-02 -3.186048e-02 7.002296e-02
      vertex   -3.003815e-02 -3.161960e-02 6.864779e-02
    endloop
  endfacet
  facet normal -9.572464e-01 2.851940e-01 4.841196e-02
    outer loop
      vertex   -3.015113e-02 -3.198741e-02 6.858058e-02
      vertex   -3.003815e-02 -3.161960e-02 6.864779e-02
      vertex   -3.022491e-02 -3.171468e-02 6.551505e-02
    endloop
  endfacet
  facet normal -7.834181e-01 6.049547e-01 1.424283e-01
    outer loop
      vertex   -3.066748e-02 -3.270429e-02 6.844960e-02
      vertex   -3.053476e-02 -3.284905e-02 6.979450e-02
      vertex   -3.034001e-02 -3.260986e-02 6.984976e-02
    endloop
  endfacet
  facet normal -7.293190e-01 6.726184e-01 1.252126e-01
    outer loop
      vertex   -3.066748e-02 -3.270429e-02 6.844960e-02
      vertex   -3.034001e-02 -3.260986e-02 6.984976e-02
      vertex   -3.042646e-02 -3.245155e-02 6.849578e-02
    endloop
  endfacet
  facet normal -8.710424e-01 4.783741e-01 1.115497e-01
    outer loop
      vertex   -3.042646e-02 -3.245155e-02 6.849578e-02
      vertex   -3.034001e-02 -3.260986e-02 6.984976e-02
      vertex   -3.018608e-02 -3.234392e-02 6.991121e-02
    endloop
  endfacet
  facet normal -9.047556e-01 4.179801e-01 8.191384e-02
    outer loop
      vertex   -3.011986e-02 -3.218757e-02 6.994735e-02
      vertex   -3.015113e-02 -3.198741e-02 6.858058e-02
      vertex   -3.023426e-02 -3.216113e-02 6.854884e-02
    endloop
  endfacet
  facet normal -9.047255e-01 4.207104e-01 6.689220e-02
    outer loop
      vertex   -3.023426e-02 -3.216113e-02 6.854884e-02
      vertex   -3.015113e-02 -3.198741e-02 6.858058e-02
      vertex   -3.034736e-02 -3.191857e-02 6.549357e-02
    endloop
  endfacet
  facet normal -7.606622e-01 6.442850e-01 7.930892e-02
    outer loop
      vertex   -3.023426e-02 -3.216113e-02 6.854884e-02
      vertex   -3.034736e-02 -3.191857e-02 6.549357e-02
      vertex   -3.062699e-02 -3.224448e-02 6.545926e-02
    endloop
  endfacet
  facet normal -7.607092e-01 6.457949e-01 6.534917e-02
    outer loop
      vertex   -3.062699e-02 -3.224448e-02 6.545926e-02
      vertex   -3.034736e-02 -3.191857e-02 6.549357e-02
      vertex   -3.082253e-02 -3.219041e-02 6.264872e-02
    endloop
  endfacet
  facet normal -4.832620e-01 8.740217e-01 5.043676e-02
    outer loop
      vertex   -3.062699e-02 -3.224448e-02 6.545926e-02
      vertex   -3.082253e-02 -3.219041e-02 6.264872e-02
      vertex   -3.125826e-02 -3.243064e-02 6.263661e-02
    endloop
  endfacet
  facet normal -8.584652e-01 5.086188e-01 6.591191e-02
    outer loop
      vertex   -3.034736e-02 -3.191857e-02 6.549357e-02
      vertex   -3.015113e-02 -3.198741e-02 6.858058e-02
      vertex   -3.022491e-02 -3.171468e-02 6.551505e-02
    endloop
  endfacet
  facet normal -7.293120e-01 6.739105e-01 1.181042e-01
    outer loop
      vertex   -3.097030e-02 -3.250318e-02 6.543205e-02
      vertex   -3.066748e-02 -3.270429e-02 6.844960e-02
      vertex   -3.042646e-02 -3.245155e-02 6.849578e-02
    endloop
  endfacet
  facet normal -6.845923e-01 7.275468e-01 4.482383e-02
    outer loop
      vertex   -3.082253e-02 -3.219041e-02 6.264872e-02
      vertex   -3.034736e-02 -3.191857e-02 6.549357e-02
      vertex   -3.045969e-02 -3.185006e-02 6.266593e-02
    endloop
  endfacet
  facet normal -8.585069e-01 5.106913e-01 4.647817e-02
    outer loop
      vertex   -3.045969e-02 -3.185006e-02 6.266593e-02
      vertex   -3.034736e-02 -3.191857e-02 6.549357e-02
      vertex   -3.022491e-02 -3.171468e-02 6.551505e-02
    endloop
  endfacet
  facet normal -9.489259e-01 1.888695e-01 2.527210e-01
    outer loop
      vertex   -3.061040e-02 -3.375613e-02 7.215440e-02
      vertex   -3.437330e-02 -3.373463e-02 5.800927e-02
      vertex   -3.047301e-02 -3.450000e-02 7.322622e-02
    endloop
  endfacet
  facet normal -9.476690e-01 1.950903e-01 2.527117e-01
    outer loop
      vertex   -3.047301e-02 -3.450000e-02 7.322622e-02
      vertex   -3.437330e-02 -3.373463e-02 5.800927e-02
      vertex   -3.842069e-02 -3.373463e-02 4.283155e-02
    endloop
  endfacet
  facet normal -9.476690e-01 1.950903e-01 2.527117e-01
    outer loop
      vertex   -3.047301e-02 -3.450000e-02 7.322622e-02
      vertex   -3.842069e-02 -3.373463e-02 4.283155e-02
      vertex   -4.666258e-02 -3.450000e-02 1.251533e-02
    endloop
  endfacet
  facet normal -9.476690e-01 1.950903e-01 2.527117e-01
    outer loop
      vertex   -4.666258e-02 -3.450000e-02 1.251533e-02
      vertex   -3.842069e-02 -3.373463e-02 4.283155e-02
      vertex   -4.246809e-02 -3.373463e-02 2.765382e-02
    endloop
  endfacet
  facet normal -9.476690e-01 1.950903e-01 2.527117e-01
    outer loop
      vertex   -4.666258e-02 -3.450000e-02 1.251533e-02
      vertex   -4.246809e-02 -3.373463e-02 2.765382e-02
      vertex   -4.651548e-02 -3.373463e-02 1.247610e-02
    endloop
  endfacet
  facet normal -8.033950e-01 5.555702e-01 2.142387e-01
    outer loop
      vertex   -4.651548e-02 -3.373463e-02 1.247610e-02
      vertex   -4.246809e-02 -3.373463e-02 2.765382e-02
      vertex   -4.609657e-02 -3.308579e-02 1.236439e-02
    endloop
  endfacet
  facet normal -8.033950e-01 5.555702e-01 2.142387e-01
    outer loop
      vertex   -4.609657e-02 -3.308579e-02 1.236439e-02
      vertex   -4.246809e-02 -3.373463e-02 2.765382e-02
      vertex   -4.204918e-02 -3.308579e-02 2.754211e-02
    endloop
  endfacet
  facet normal -5.368114e-01 8.314696e-01 1.431497e-01
    outer loop
      vertex   -4.609657e-02 -3.308579e-02 1.236439e-02
      vertex   -4.204918e-02 -3.308579e-02 2.754211e-02
      vertex   -4.546963e-02 -3.265224e-02 1.219721e-02
    endloop
  endfacet
  facet normal -5.368114e-01 8.314696e-01 1.431497e-01
    outer loop
      vertex   -4.546963e-02 -3.265224e-02 1.219721e-02
      vertex   -4.204918e-02 -3.308579e-02 2.754211e-02
      vertex   -4.142224e-02 -3.265224e-02 2.737493e-02
    endloop
  endfacet
  facet normal -1.885031e-01 9.807853e-01 5.026749e-02
    outer loop
      vertex   -4.546963e-02 -3.265224e-02 1.219721e-02
      vertex   -4.142224e-02 -3.265224e-02 2.737493e-02
      vertex   -4.473011e-02 -3.250000e-02 1.200000e-02
    endloop
  endfacet
  facet normal -1.885031e-01 9.807853e-01 5.026749e-02
    outer loop
      vertex   -4.473011e-02 -3.250000e-02 1.200000e-02
      vertex   -4.142224e-02 -3.265224e-02 2.737493e-02
      vertex   -3.737485e-02 -3.265224e-02 4.255265e-02
    endloop
  endfacet
  facet normal -2.294611e-01 9.714617e-01 6.008129e-02
    outer loop
      vertex   -4.473011e-02 -3.250000e-02 1.200000e-02
      vertex   -3.737485e-02 -3.265224e-02 4.255265e-02
      vertex   -3.159482e-02 -3.254446e-02 6.288481e-02
    endloop
  endfacet
  facet normal -2.873580e-01 9.547531e-01 7.662880e-02
    outer loop
      vertex   -3.159482e-02 -3.254446e-02 6.288481e-02
      vertex   -3.737485e-02 -3.265224e-02 4.255265e-02
      vertex   -3.332745e-02 -3.265224e-02 5.773038e-02
    endloop
  endfacet
  facet normal -2.964747e-01 9.517045e-01 7.975708e-02
    outer loop
      vertex   -3.159482e-02 -3.254446e-02 6.288481e-02
      vertex   -3.332745e-02 -3.265224e-02 5.773038e-02
      vertex   -3.120765e-02 -3.267585e-02 6.589181e-02
    endloop
  endfacet
  facet normal -5.371393e-01 8.314689e-01 1.419182e-01
    outer loop
      vertex   -3.120765e-02 -3.267585e-02 6.589181e-02
      vertex   -3.332745e-02 -3.265224e-02 5.773038e-02
      vertex   -3.395439e-02 -3.308579e-02 5.789756e-02
    endloop
  endfacet
  facet normal -5.103413e-01 8.498167e-01 1.317698e-01
    outer loop
      vertex   -3.120765e-02 -3.267585e-02 6.589181e-02
      vertex   -3.395439e-02 -3.308579e-02 5.789756e-02
      vertex   -3.085571e-02 -3.288833e-02 6.862524e-02
    endloop
  endfacet
  facet normal -6.480757e-01 7.415384e-01 1.735473e-01
    outer loop
      vertex   -3.085571e-02 -3.288833e-02 6.862524e-02
      vertex   -3.395439e-02 -3.308579e-02 5.789756e-02
      vertex   -3.055464e-02 -3.317246e-02 7.096358e-02
    endloop
  endfacet
  facet normal -7.238468e-01 6.624935e-01 1.927385e-01
    outer loop
      vertex   -3.055464e-02 -3.317246e-02 7.096358e-02
      vertex   -3.395439e-02 -3.308579e-02 5.789756e-02
      vertex   -3.055561e-02 -3.317614e-02 7.097257e-02
    endloop
  endfacet
  facet normal -8.037833e-01 5.555696e-01 2.127787e-01
    outer loop
      vertex   -3.055561e-02 -3.317614e-02 7.097257e-02
      vertex   -3.395439e-02 -3.308579e-02 5.789756e-02
      vertex   -3.437330e-02 -3.373463e-02 5.800927e-02
    endloop
  endfacet
  facet normal -8.222780e-01 5.250339e-01 2.195409e-01
    outer loop
      vertex   -3.055561e-02 -3.317614e-02 7.097257e-02
      vertex   -3.437330e-02 -3.373463e-02 5.800927e-02
      vertex   -3.061040e-02 -3.375613e-02 7.215440e-02
    endloop
  endfacet
  facet normal -1.018626e-01 9.944276e-01 2.716336e-02
    outer loop
      vertex   -3.159482e-02 -3.254446e-02 6.288481e-02
      vertex   -3.200000e-02 -3.250000e-02 5.973791e-02
      vertex   -4.473011e-02 -3.250000e-02 1.200000e-02
    endloop
  endfacet
  facet normal -8.033950e-01 5.555702e-01 2.142387e-01
    outer loop
      vertex   -4.204918e-02 -3.308579e-02 2.754211e-02
      vertex   -4.246809e-02 -3.373463e-02 2.765382e-02
      vertex   -3.842069e-02 -3.373463e-02 4.283155e-02
    endloop
  endfacet
  facet normal -8.033950e-01 5.555702e-01 2.142387e-01
    outer loop
      vertex   -3.842069e-02 -3.373463e-02 4.283155e-02
      vertex   -3.437330e-02 -3.373463e-02 5.800927e-02
      vertex   -3.800179e-02 -3.308579e-02 4.271984e-02
    endloop
  endfacet
  facet normal -8.033950e-01 5.555702e-01 2.142387e-01
    outer loop
      vertex   -3.800179e-02 -3.308579e-02 4.271984e-02
      vertex   -3.437330e-02 -3.373463e-02 5.800927e-02
      vertex   -3.395439e-02 -3.308579e-02 5.789756e-02
    endloop
  endfacet
  facet normal -5.368114e-01 8.314696e-01 1.431497e-01
    outer loop
      vertex   -3.800179e-02 -3.308579e-02 4.271984e-02
      vertex   -3.395439e-02 -3.308579e-02 5.789756e-02
      vertex   -3.737485e-02 -3.265224e-02 4.255265e-02
    endloop
  endfacet
  facet normal -5.368114e-01 8.314696e-01 1.431497e-01
    outer loop
      vertex   -3.737485e-02 -3.265224e-02 4.255265e-02
      vertex   -3.395439e-02 -3.308579e-02 5.789756e-02
      vertex   -3.332745e-02 -3.265224e-02 5.773038e-02
    endloop
  endfacet
  facet normal -5.368114e-01 8.314696e-01 1.431497e-01
    outer loop
      vertex   -4.142224e-02 -3.265224e-02 2.737493e-02
      vertex   -4.204918e-02 -3.308579e-02 2.754211e-02
      vertex   -3.800179e-02 -3.308579e-02 4.271984e-02
    endloop
  endfacet
  facet normal -8.033950e-01 5.555702e-01 2.142387e-01
    outer loop
      vertex   -3.800179e-02 -3.308579e-02 4.271984e-02
      vertex   -4.204918e-02 -3.308579e-02 2.754211e-02
      vertex   -3.842069e-02 -3.373463e-02 4.283155e-02
    endloop
  endfacet
  facet normal -5.368114e-01 8.314696e-01 1.431497e-01
    outer loop
      vertex   -4.142224e-02 -3.265224e-02 2.737493e-02
      vertex   -3.800179e-02 -3.308579e-02 4.271984e-02
      vertex   -3.737485e-02 -3.265224e-02 4.255265e-02
    endloop
  endfacet
  facet normal 0.000000e+00 1.000000e+00 0.000000e+00
    outer loop
      vertex   -3.200000e-02 -3.250000e-02 5.973791e-02
      vertex   -3.200000e-02 -3.250000e-02 1.200000e-02
      vertex   -4.473011e-02 -3.250000e-02 1.200000e-02
    endloop
  endfacet
  facet normal -9.807853e-01 -1.950903e-01 -2.138415e-16
    outer loop
      vertex   -3.015224e-02 3.126537e-02 5.973791e-02
      vertex   -3.015224e-02 3.126537e-02 4.382528e-02
      vertex   -3.000000e-02 3.050000e-02 5.973791e-02
    endloop
  endfacet
  facet normal -9.807853e-01 -1.950903e-01 0.000000e+00
    outer loop
      vertex   -3.000000e-02 3.050000e-02 5.973791e-02
      vertex   -3.015224e-02 3.126537e-02 4.382528e-02
      vertex   -3.015224e-02 3.126537e-02 2.791264e-02
    endloop
  endfacet
  facet normal -9.807853e-01 -1.950903e-01 -0.000000e+00
    outer loop
      vertex   -3.000000e-02 3.050000e-02 5.973791e-02
      vertex   -3.015224e-02 3.126537e-02 2.791264e-02
      vertex   -3.000000e-02 3.050000e-02 1.200000e-02
    endloop
  endfacet
  facet normal -9.807853e-01 -1.950903e-01 0.000000e+00
    outer loop
      vertex   -3.000000e-02 3.050000e-02 1.200000e-02
      vertex   -3.015224e-02 3.126537e-02 2.791264e-02
      vertex   -3.015224e-02 3.126537e-02 1.200000e-02
    endloop
  endfacet
  facet normal -8.314696e-01 -5.555702e-01 0.000000e+00
    outer loop
      vertex   -3.015224e-02 3.126537e-02 1.200000e-02
      vertex   -3.015224e-02 3.126537e-02 2.791264e-02
      vertex   -3.058579e-02 3.191421e-02 1.200000e-02
    endloop
  endfacet
  facet normal -8.314696e-01 -5.555702e-01 0.000000e+00
    outer loop
      vertex   -3.058579e-02 3.191421e-02 1.200000e-02
      vertex   -3.015224e-02 3.126537e-02 2.791264e-02
      vertex   -3.058579e-02 3.191421e-02 2.791264e-02
    endloop
  endfacet
  facet normal -5.555702e-01 -8.314696e-01 0.000000e+00
    outer loop
      vertex   -3.058579e-02 3.191421e-02 1.200000e-02
      vertex   -3.058579e-02 3.191421e-02 2.791264e-02
      vertex   -3.123463e-02 3.234776e-02 1.200000e-02
    endloop
  endfacet
  facet normal -5.555702e-01 -8.314696e-01 0.000000e+00
    outer loop
      vertex   -3.123463e-02 3.234776e-02 1.200000e-02
      vertex   -3.058579e-02 3.191421e-02 2.791264e-02
      vertex   -3.123463e-02 3.234776e-02 2.791264e-02
    endloop
  endfacet
  facet normal -1.950903e-01 -9.807853e-01 0.000000e+00
    outer loop
      vertex   -3.123463e-02 3.234776e-02 1.200000e-02
      vertex   -3.123463e-02 3.234776e-02 2.791264e-02
      vertex   -3.200000e-02 3.250000e-02 1.200000e-02
    endloop
  endfacet
  facet normal -1.950903e-01 -9.807853e-01 0.000000e+00
    outer loop
      vertex   -3.200000e-02 3.250000e-02 1.200000e-02
      vertex   -3.123463e-02 3.234776e-02 2.791264e-02
      vertex   -3.123463e-02 3.234776e-02 4.382528e-02
    endloop
  endfacet
  facet normal -1.950903e-01 -9.807853e-01 0.000000e+00
    outer loop
      vertex   -3.200000e-02 3.250000e-02 1.200000e-02
      vertex   -3.123463e-02 3.234776e-02 4.382528e-02
      vertex   -3.200000e-02 3.250000e-02 5.973791e-02
    endloop
  endfacet
  facet normal -1.950903e-01 -9.807853e-01 -4.273924e-16
    outer loop
      vertex   -3.200000e-02 3.250000e-02 5.973791e-02
      vertex   -3.123463e-02 3.234776e-02 4.382528e-02
      vertex   -3.123463e-02 3.234776e-02 5.973791e-02
    endloop
  endfacet
  facet normal -5.555702e-01 -8.314696e-01 -3.625722e-16
    outer loop
      vertex   -3.123463e-02 3.234776e-02 5.973791e-02
      vertex   -3.123463e-02 3.234776e-02 4.382528e-02
      vertex   -3.058579e-02 3.191421e-02 5.973791e-02
    endloop
  endfacet
  facet normal -5.555702e-01 -8.314696e-01 -6.048351e-16
    outer loop
      vertex   -3.058579e-02 3.191421e-02 5.973791e-02
      vertex   -3.123463e-02 3.234776e-02 4.382528e-02
      vertex   -3.058579e-02 3.191421e-02 4.382528e-02
    endloop
  endfacet
  facet normal -8.314696e-01 -5.555702e-01 -6.048351e-16
    outer loop
      vertex   -3.058579e-02 3.191421e-02 5.973791e-02
      vertex   -3.058579e-02 3.191421e-02 4.382528e-02
      vertex   -3.015224e-02 3.126537e-02 5.973791e-02
    endloop
  endfacet
  facet normal -8.314696e-01 -5.555702e-01 -1.812861e-16
    outer loop
      vertex   -3.015224e-02 3.126537e-02 5.973791e-02
      vertex   -3.058579e-02 3.191421e-02 4.382528e-02
      vertex   -3.015224e-02 3.126537e-02 4.382528e-02
    endloop
  endfacet
  facet normal -8.314696e-01 -5.555702e-01 0.000000e+00
    outer loop
      vertex   -3.058579e-02 3.191421e-02 2.791264e-02
      vertex   -3.015224e-02 3.126537e-02 2.791264e-02
      vertex   -3.015224e-02 3.126537e-02 4.382528e-02
    endloop
  endfacet
  facet normal -8.314696e-01 -5.555702e-01 0.000000e+00
    outer loop
      vertex   -3.058579e-02 3.191421e-02 2.791264e-02
      vertex   -3.015224e-02 3.126537e-02 4.382528e-02
      vertex   -3.058579e-02 3.191421e-02 4.382528e-02
    endloop
  endfacet
  facet normal -5.555702e-01 -8.314696e-01 0.000000e+00
    outer loop
      vertex   -3.123463e-02 3.234776e-02 2.791264e-02
      vertex   -3.058579e-02 3.191421e-02 2.791264e-02
      vertex   -3.058579e-02 3.191421e-02 4.382528e-02
    endloop
  endfacet
  facet normal -5.555702e-01 -8.314696e-01 0.000000e+00
    outer loop
      vertex   -3.123463e-02 3.234776e-02 2.791264e-02
      vertex   -3.058579e-02 3.191421e-02 4.382528e-02
      vertex   -3.123463e-02 3.234776e-02 4.382528e-02
    endloop
  endfacet
  facet normal -9.726252e-01 -1.287272e-01 1.934672e-01
    outer loop
      vertex   -3.015224e-02 3.050000e-02 1.123463e-02
      vertex   -3.000000e-02 3.050000e-02 1.200000e-02
      vertex   -3.021089e-02 3.110656e-02 1.134336e-02
    endloop
  endfacet
  facet normal -9.719958e-01 -1.933420e-01 1.335778e-01
    outer loop
      vertex   -3.021089e-02 3.110656e-02 1.134336e-02
      vertex   -3.000000e-02 3.050000e-02 1.200000e-02
      vertex   -3.015224e-02 3.126537e-02 1.200000e-02
    endloop
  endfacet
  facet normal -8.206869e-01 -5.342843e-01 2.025172e-01
    outer loop
      vertex   -3.021089e-02 3.110656e-02 1.134336e-02
      vertex   -3.015224e-02 3.126537e-02 1.200000e-02
      vertex   -3.069344e-02 3.180656e-02 1.123463e-02
    endloop
  endfacet
  facet normal -8.160845e-01 -5.452902e-01 1.914805e-01
    outer loop
      vertex   -3.069344e-02 3.180656e-02 1.123463e-02
      vertex   -3.015224e-02 3.126537e-02 1.200000e-02
      vertex   -3.058579e-02 3.191421e-02 1.200000e-02
    endloop
  endfacet
  facet normal -5.452902e-01 -8.160845e-01 1.914805e-01
    outer loop
      vertex   -3.069344e-02 3.180656e-02 1.123463e-02
      vertex   -3.058579e-02 3.191421e-02 1.200000e-02
      vertex   -3.123463e-02 3.234776e-02 1.200000e-02
    endloop
  endfacet
  facet normal -5.342843e-01 -8.206869e-01 2.025172e-01
    outer loop
      vertex   -3.069344e-02 3.180656e-02 1.123463e-02
      vertex   -3.123463e-02 3.234776e-02 1.200000e-02
      vertex   -3.139344e-02 3.228911e-02 1.134336e-02
    endloop
  endfacet
  facet normal -1.933420e-01 -9.719958e-01 1.335778e-01
    outer loop
      vertex   -3.139344e-02 3.228911e-02 1.134336e-02
      vertex   -3.123463e-02 3.234776e-02 1.200000e-02
      vertex   -3.200000e-02 3.250000e-02 1.200000e-02
    endloop
  endfacet
  facet normal -1.287272e-01 -9.726252e-01 1.934672e-01
    outer loop
      vertex   -3.139344e-02 3.228911e-02 1.134336e-02
      vertex   -3.200000e-02 3.250000e-02 1.200000e-02
      vertex   -3.200000e-02 3.234776e-02 1.123463e-02
    endloop
  endfacet
  facet normal -1.695469e-01 -8.594863e-01 4.822211e-01
    outer loop
      vertex   -3.139344e-02 3.228911e-02 1.134336e-02
      vertex   -3.200000e-02 3.234776e-02 1.123463e-02
      vertex   -3.170740e-02 3.198765e-02 1.069566e-02
    endloop
  endfacet
  facet normal 4.364969e-05 -8.314696e-01 5.555702e-01
    outer loop
      vertex   -3.170740e-02 3.198765e-02 1.069566e-02
      vertex   -3.200000e-02 3.234776e-02 1.123463e-02
      vertex   -3.200000e-02 3.191421e-02 1.058579e-02
    endloop
  endfacet
  facet normal -1.702803e-01 -5.474565e-01 8.193266e-01
    outer loop
      vertex   -3.170740e-02 3.198765e-02 1.069566e-02
      vertex   -3.200000e-02 3.191421e-02 1.058579e-02
      vertex   -3.200000e-02 3.126537e-02 1.015224e-02
    endloop
  endfacet
  facet normal -8.054650e-02 -1.944564e-01 9.775986e-01
    outer loop
      vertex   -3.200000e-02 3.050000e-02 1.000000e-02
      vertex   -3.145880e-02 3.104120e-02 1.015224e-02
      vertex   -3.200000e-02 3.126537e-02 1.015224e-02
    endloop
  endfacet
  facet normal -2.242631e-01 -5.414191e-01 8.102909e-01
    outer loop
      vertex   -3.200000e-02 3.126537e-02 1.015224e-02
      vertex   -3.145880e-02 3.104120e-02 1.015224e-02
      vertex   -3.100000e-02 3.150000e-02 1.058579e-02
    endloop
  endfacet
  facet normal -2.329173e-01 -5.226663e-01 8.201033e-01
    outer loop
      vertex   -3.200000e-02 3.126537e-02 1.015224e-02
      vertex   -3.100000e-02 3.150000e-02 1.058579e-02
      vertex   -3.170740e-02 3.198765e-02 1.069566e-02
    endloop
  endfacet
  facet normal -4.182729e-01 -7.288893e-01 5.420039e-01
    outer loop
      vertex   -3.170740e-02 3.198765e-02 1.069566e-02
      vertex   -3.100000e-02 3.150000e-02 1.058579e-02
      vertex   -3.069344e-02 3.180656e-02 1.123463e-02
    endloop
  endfacet
  facet normal -4.182729e-01 -7.288893e-01 5.420039e-01
    outer loop
      vertex   -3.170740e-02 3.198765e-02 1.069566e-02
      vertex   -3.069344e-02 3.180656e-02 1.123463e-02
      vertex   -3.139344e-02 3.228911e-02 1.134336e-02
    endloop
  endfacet
  facet normal -1.944564e-01 -8.054650e-02 9.775986e-01
    outer loop
      vertex   -3.200000e-02 3.050000e-02 1.000000e-02
      vertex   -3.123463e-02 3.050000e-02 1.015224e-02
      vertex   -3.145880e-02 3.104120e-02 1.015224e-02
    endloop
  endfacet
  facet normal -5.414191e-01 -2.242631e-01 8.102909e-01
    outer loop
      vertex   -3.145880e-02 3.104120e-02 1.015224e-02
      vertex   -3.123463e-02 3.050000e-02 1.015224e-02
      vertex   -3.058579e-02 3.050000e-02 1.058579e-02
    endloop
  endfacet
  facet normal -5.414191e-01 -2.242631e-01 8.102909e-01
    outer loop
      vertex   -3.145880e-02 3.104120e-02 1.015224e-02
      vertex   -3.058579e-02 3.050000e-02 1.058579e-02
      vertex   -3.100000e-02 3.150000e-02 1.058579e-02
    endloop
  endfacet
  facet normal -4.817234e-01 -1.995364e-01 8.533040e-01
    outer loop
      vertex   -3.100000e-02 3.150000e-02 1.058579e-02
      vertex   -3.058579e-02 3.050000e-02 1.058579e-02
      vertex   -3.051235e-02 3.079260e-02 1.069566e-02
    endloop
  endfacet
  facet normal -7.288893e-01 -4.182729e-01 5.420039e-01
    outer loop
      vertex   -3.100000e-02 3.150000e-02 1.058579e-02
      vertex   -3.051235e-02 3.079260e-02 1.069566e-02
      vertex   -3.021089e-02 3.110656e-02 1.134336e-02
    endloop
  endfacet
  facet normal -8.594863e-01 -1.695469e-01 4.822211e-01
    outer loop
      vertex   -3.021089e-02 3.110656e-02 1.134336e-02
      vertex   -3.051235e-02 3.079260e-02 1.069566e-02
      vertex   -3.015224e-02 3.050000e-02 1.123463e-02
    endloop
  endfacet
  facet normal -8.314696e-01 4.364969e-05 5.555702e-01
    outer loop
      vertex   -3.058579e-02 3.050000e-02 1.058579e-02
      vertex   -3.015224e-02 3.050000e-02 1.123463e-02
      vertex   -3.051235e-02 3.079260e-02 1.069566e-02
    endloop
  endfacet
  facet normal -7.288893e-01 -4.182729e-01 5.420039e-01
    outer loop
      vertex   -3.069344e-02 3.180656e-02 1.123463e-02
      vertex   -3.100000e-02 3.150000e-02 1.058579e-02
      vertex   -3.021089e-02 3.110656e-02 1.134336e-02
    endloop
  endfacet
  facet normal -9.554426e-01 -2.338330e-03 -2.951678e-01
    outer loop
      vertex   -3.014393e-02 3.237480e-02 7.045896e-02
      vertex   -3.001488e-02 3.176039e-02 7.004610e-02
      vertex   -3.000000e-02 3.149859e-02 7.000000e-02
    endloop
  endfacet
  facet normal -9.981530e-01 -5.917022e-02 1.376264e-02
    outer loop
      vertex   -3.000000e-02 3.149859e-02 7.000000e-02
      vertex   -3.001488e-02 3.176039e-02 7.004610e-02
      vertex   -3.001882e-02 3.150631e-02 6.866849e-02
    endloop
  endfacet
  facet normal -9.972756e-01 -7.248748e-02 1.367312e-02
    outer loop
      vertex   -3.000000e-02 3.149859e-02 7.000000e-02
      vertex   -3.001882e-02 3.150631e-02 6.866849e-02
      vertex   -3.000000e-02 3.107257e-02 6.774144e-02
    endloop
  endfacet
  facet normal -9.976792e-01 -6.716680e-02 1.117556e-02
    outer loop
      vertex   -3.000000e-02 3.107257e-02 6.774144e-02
      vertex   -3.001882e-02 3.150631e-02 6.866849e-02
      vertex   -3.002817e-02 3.113081e-02 6.557661e-02
    endloop
  endfacet
  facet normal -9.962895e-01 -8.540151e-02 1.066691e-02
    outer loop
      vertex   -3.000000e-02 3.107257e-02 6.774144e-02
      vertex   -3.002817e-02 3.113081e-02 6.557661e-02
      vertex   -3.000000e-02 3.075797e-02 6.522268e-02
    endloop
  endfacet
  facet normal -9.965087e-01 -8.308477e-02 8.208966e-03
    outer loop
      vertex   -3.000000e-02 3.075797e-02 6.522268e-02
      vertex   -3.002817e-02 3.113081e-02 6.557661e-02
      vertex   -3.003765e-02 3.096136e-02 6.271099e-02
    endloop
  endfacet
  facet normal -9.951809e-01 -9.780584e-02 6.996974e-03
    outer loop
      vertex   -3.000000e-02 3.075797e-02 6.522268e-02
      vertex   -3.003765e-02 3.096136e-02 6.271099e-02
      vertex   -3.000000e-02 3.056502e-02 6.252561e-02
    endloop
  endfacet
  facet normal -9.954175e-01 -9.559848e-02 2.229737e-03
    outer loop
      vertex   -3.000000e-02 3.056502e-02 6.252561e-02
      vertex   -3.003765e-02 3.096136e-02 6.271099e-02
      vertex   -3.000000e-02 3.050000e-02 5.973791e-02
    endloop
  endfacet
  facet normal -9.806290e-01 -1.950592e-01 1.785121e-02
    outer loop
      vertex   -3.000000e-02 3.050000e-02 5.973791e-02
      vertex   -3.003765e-02 3.096136e-02 6.271099e-02
      vertex   -3.015224e-02 3.126537e-02 5.973791e-02
    endloop
  endfacet
  facet normal -9.496492e-01 -3.132819e-01 4.568475e-03
    outer loop
      vertex   -3.015224e-02 3.126537e-02 5.973791e-02
      vertex   -3.003765e-02 3.096136e-02 6.271099e-02
      vertex   -3.019304e-02 3.143205e-02 6.268711e-02
    endloop
  endfacet
  facet normal -8.433538e-01 -5.370337e-01 1.868463e-02
    outer loop
      vertex   -3.015224e-02 3.126537e-02 5.973791e-02
      vertex   -3.019304e-02 3.143205e-02 6.268711e-02
      vertex   -3.045969e-02 3.185006e-02 6.266593e-02
    endloop
  endfacet
  facet normal -8.432271e-01 -5.355448e-01 4.647338e-02
    outer loop
      vertex   -3.045969e-02 3.185006e-02 6.266593e-02
      vertex   -3.019304e-02 3.143205e-02 6.268711e-02
      vertex   -3.034736e-02 3.191857e-02 6.549357e-02
    endloop
  endfacet
  facet normal -7.904890e-01 -6.107312e-01 4.620013e-02
    outer loop
      vertex   -3.045969e-02 3.185006e-02 6.266593e-02
      vertex   -3.034736e-02 3.191857e-02 6.549357e-02
      vertex   -3.049531e-02 3.210854e-02 6.547357e-02
    endloop
  endfacet
  facet normal -7.904396e-01 -6.065877e-01 8.518649e-02
    outer loop
      vertex   -3.049531e-02 3.210854e-02 6.547357e-02
      vertex   -3.034736e-02 3.191857e-02 6.549357e-02
      vertex   -3.033552e-02 3.232792e-02 6.851837e-02
    endloop
  endfacet
  facet normal -7.740035e-01 -6.273385e-01 8.581906e-02
    outer loop
      vertex   -3.049531e-02 3.210854e-02 6.547357e-02
      vertex   -3.033552e-02 3.232792e-02 6.851837e-02
      vertex   -3.058196e-02 3.262457e-02 6.846417e-02
    endloop
  endfacet
  facet normal -7.741364e-01 -6.184995e-01 1.348009e-01
    outer loop
      vertex   -3.058196e-02 3.262457e-02 6.846417e-02
      vertex   -3.033552e-02 3.232792e-02 6.851837e-02
      vertex   -3.046543e-02 3.277251e-02 6.981218e-02
    endloop
  endfacet
  facet normal -6.437969e-01 -7.526035e-01 1.382515e-01
    outer loop
      vertex   -3.058196e-02 3.262457e-02 6.846417e-02
      vertex   -3.046543e-02 3.277251e-02 6.981218e-02
      vertex   -3.085571e-02 3.288833e-02 6.862524e-02
    endloop
  endfacet
  facet normal -7.271464e-01 -6.639849e-01 1.743046e-01
    outer loop
      vertex   -3.085571e-02 3.288833e-02 6.862524e-02
      vertex   -3.046543e-02 3.277251e-02 6.981218e-02
      vertex   -3.055464e-02 3.317246e-02 7.096358e-02
    endloop
  endfacet
  facet normal -8.197780e-01 -5.576837e-01 1.302036e-01
    outer loop
      vertex   -3.055464e-02 3.317246e-02 7.096358e-02
      vertex   -3.046543e-02 3.277251e-02 6.981218e-02
      vertex   -3.026703e-02 3.249579e-02 6.987611e-02
    endloop
  endfacet
  facet normal -8.648096e-01 -4.957273e-01 7.974192e-02
    outer loop
      vertex   -3.055464e-02 3.317246e-02 7.096358e-02
      vertex   -3.026703e-02 3.249579e-02 6.987611e-02
      vertex   -3.014393e-02 3.237480e-02 7.045896e-02
    endloop
  endfacet
  facet normal -8.874283e-01 -4.513137e-01 9.373867e-02
    outer loop
      vertex   -3.014393e-02 3.237480e-02 7.045896e-02
      vertex   -3.026703e-02 3.249579e-02 6.987611e-02
      vertex   -3.018608e-02 3.234392e-02 6.991121e-02
    endloop
  endfacet
  facet normal -9.369990e-01 -3.372385e-01 9.112096e-02
    outer loop
      vertex   -3.014393e-02 3.237480e-02 7.045896e-02
      vertex   -3.018608e-02 3.234392e-02 6.991121e-02
      vertex   -3.007701e-02 3.205869e-02 6.997714e-02
    endloop
  endfacet
  facet normal -9.370177e-01 -3.426515e-01 6.773351e-02
    outer loop
      vertex   -3.007701e-02 3.205869e-02 6.997714e-02
      vertex   -3.018608e-02 3.234392e-02 6.991121e-02
      vertex   -3.009720e-02 3.184305e-02 6.860696e-02
    endloop
  endfacet
  facet normal -9.747331e-01 -2.180055e-01 4.867267e-02
    outer loop
      vertex   -3.007701e-02 3.205869e-02 6.997714e-02
      vertex   -3.009720e-02 3.184305e-02 6.860696e-02
      vertex   -3.001882e-02 3.150631e-02 6.866849e-02
    endloop
  endfacet
  facet normal -9.747167e-01 -2.214424e-01 2.984228e-02
    outer loop
      vertex   -3.001882e-02 3.150631e-02 6.866849e-02
      vertex   -3.009720e-02 3.184305e-02 6.860696e-02
      vertex   -3.002817e-02 3.113081e-02 6.557661e-02
    endloop
  endfacet
  facet normal -6.425253e-01 -7.531289e-01 1.412731e-01
    outer loop
      vertex   -3.085571e-02 3.288833e-02 6.862524e-02
      vertex   -3.120765e-02 3.267585e-02 6.589181e-02
      vertex   -3.058196e-02 3.262457e-02 6.846417e-02
    endloop
  endfacet
  facet normal -4.828656e-01 -8.699534e-01 1.001093e-01
    outer loop
      vertex   -3.058196e-02 3.262457e-02 6.846417e-02
      vertex   -3.120765e-02 3.267585e-02 6.589181e-02
      vertex   -3.084945e-02 3.242506e-02 6.544027e-02
    endloop
  endfacet
  facet normal -6.681256e-01 -7.362164e-01 1.076737e-01
    outer loop
      vertex   -3.058196e-02 3.262457e-02 6.846417e-02
      vertex   -3.084945e-02 3.242506e-02 6.544027e-02
      vertex   -3.049531e-02 3.210854e-02 6.547357e-02
    endloop
  endfacet
  facet normal -6.682062e-01 -7.421424e-01 5.220328e-02
    outer loop
      vertex   -3.049531e-02 3.210854e-02 6.547357e-02
      vertex   -3.084945e-02 3.242506e-02 6.544027e-02
      vertex   -3.065251e-02 3.205187e-02 6.265572e-02
    endloop
  endfacet
  facet normal -7.233515e-01 -6.883496e-01 5.419778e-02
    outer loop
      vertex   -3.049531e-02 3.210854e-02 6.547357e-02
      vertex   -3.065251e-02 3.205187e-02 6.265572e-02
      vertex   -3.045969e-02 3.185006e-02 6.266593e-02
    endloop
  endfacet
  facet normal -7.233583e-01 -6.902869e-01 1.602635e-02
    outer loop
      vertex   -3.045969e-02 3.185006e-02 6.266593e-02
      vertex   -3.065251e-02 3.205187e-02 6.265572e-02
      vertex   -3.058579e-02 3.191421e-02 5.973791e-02
    endloop
  endfacet
  facet normal -8.312375e-01 -5.554151e-01 2.362743e-02
    outer loop
      vertex   -3.045969e-02 3.185006e-02 6.266593e-02
      vertex   -3.058579e-02 3.191421e-02 5.973791e-02
      vertex   -3.015224e-02 3.126537e-02 5.973791e-02
    endloop
  endfacet
  facet normal -4.828005e-01 -8.699818e-01 1.001767e-01
    outer loop
      vertex   -3.120765e-02 3.267585e-02 6.589181e-02
      vertex   -3.159482e-02 3.254446e-02 6.288481e-02
      vertex   -3.084945e-02 3.242506e-02 6.544027e-02
    endloop
  endfacet
  facet normal -3.257997e-01 -9.440665e-01 5.092183e-02
    outer loop
      vertex   -3.084945e-02 3.242506e-02 6.544027e-02
      vertex   -3.159482e-02 3.254446e-02 6.288481e-02
      vertex   -3.110616e-02 3.236262e-02 6.264004e-02
    endloop
  endfacet
  facet normal -5.653712e-01 -8.218474e-01 7.015888e-02
    outer loop
      vertex   -3.084945e-02 3.242506e-02 6.544027e-02
      vertex   -3.110616e-02 3.236262e-02 6.264004e-02
      vertex   -3.065251e-02 3.205187e-02 6.265572e-02
    endloop
  endfacet
  facet normal -5.655344e-01 -8.243161e-01 2.595847e-02
    outer loop
      vertex   -3.065251e-02 3.205187e-02 6.265572e-02
      vertex   -3.110616e-02 3.236262e-02 6.264004e-02
      vertex   -3.058579e-02 3.191421e-02 5.973791e-02
    endloop
  endfacet
  facet normal -3.238922e-01 -9.444913e-01 5.504543e-02
    outer loop
      vertex   -3.159482e-02 3.254446e-02 6.288481e-02
      vertex   -3.200000e-02 3.250000e-02 5.973791e-02
      vertex   -3.110616e-02 3.236262e-02 6.264004e-02
    endloop
  endfacet
  facet normal -1.950721e-01 -9.806938e-01 1.365575e-02
    outer loop
      vertex   -3.110616e-02 3.236262e-02 6.264004e-02
      vertex   -3.200000e-02 3.250000e-02 5.973791e-02
      vertex   -3.123463e-02 3.234776e-02 5.973791e-02
    endloop
  endfacet
  facet normal -5.553392e-01 -8.311238e-01 2.883841e-02
    outer loop
      vertex   -3.110616e-02 3.236262e-02 6.264004e-02
      vertex   -3.123463e-02 3.234776e-02 5.973791e-02
      vertex   -3.058579e-02 3.191421e-02 5.973791e-02
    endloop
  endfacet
  facet normal -8.196379e-01 -5.620578e-01 1.108371e-01
    outer loop
      vertex   -3.026703e-02 3.249579e-02 6.987611e-02
      vertex   -3.046543e-02 3.277251e-02 6.981218e-02
      vertex   -3.033552e-02 3.232792e-02 6.851837e-02
    endloop
  endfacet
  facet normal -8.874105e-01 -4.517090e-01 9.198719e-02
    outer loop
      vertex   -3.018608e-02 3.234392e-02 6.991121e-02
      vertex   -3.026703e-02 3.249579e-02 6.987611e-02
      vertex   -3.023426e-02 3.216113e-02 6.854884e-02
    endloop
  endfacet
  facet normal -8.584770e-01 -5.019128e-01 1.053601e-01
    outer loop
      vertex   -3.023426e-02 3.216113e-02 6.854884e-02
      vertex   -3.026703e-02 3.249579e-02 6.987611e-02
      vertex   -3.033552e-02 3.232792e-02 6.851837e-02
    endloop
  endfacet
  facet normal -8.583764e-01 -5.079286e-01 7.210073e-02
    outer loop
      vertex   -3.023426e-02 3.216113e-02 6.854884e-02
      vertex   -3.033552e-02 3.232792e-02 6.851837e-02
      vertex   -3.034736e-02 3.191857e-02 6.549357e-02
    endloop
  endfacet
  facet normal -9.206161e-01 -3.813868e-01 8.372647e-02
    outer loop
      vertex   -3.018608e-02 3.234392e-02 6.991121e-02
      vertex   -3.023426e-02 3.216113e-02 6.854884e-02
      vertex   -3.009720e-02 3.184305e-02 6.860696e-02
    endloop
  endfacet
  facet normal -9.205517e-01 -3.871106e-01 5.224873e-02
    outer loop
      vertex   -3.009720e-02 3.184305e-02 6.860696e-02
      vertex   -3.023426e-02 3.216113e-02 6.854884e-02
      vertex   -3.014499e-02 3.154183e-02 6.553327e-02
    endloop
  endfacet
  facet normal -9.622186e-01 -2.691223e-01 4.133357e-02
    outer loop
      vertex   -3.009720e-02 3.184305e-02 6.860696e-02
      vertex   -3.014499e-02 3.154183e-02 6.553327e-02
      vertex   -3.002817e-02 3.113081e-02 6.557661e-02
    endloop
  endfacet
  facet normal -9.622565e-01 -2.714635e-01 1.923484e-02
    outer loop
      vertex   -3.002817e-02 3.113081e-02 6.557661e-02
      vertex   -3.014499e-02 3.154183e-02 6.553327e-02
      vertex   -3.003765e-02 3.096136e-02 6.271099e-02
    endloop
  endfacet
  facet normal -8.818484e-01 -4.663579e-01 6.966930e-02
    outer loop
      vertex   -3.014499e-02 3.154183e-02 6.553327e-02
      vertex   -3.023426e-02 3.216113e-02 6.854884e-02
      vertex   -3.034736e-02 3.191857e-02 6.549357e-02
    endloop
  endfacet
  facet normal -9.789007e-01 -2.043276e-01 -1.898941e-03
    outer loop
      vertex   -3.014393e-02 3.237480e-02 7.045896e-02
      vertex   -3.007701e-02 3.205869e-02 6.997714e-02
      vertex   -3.001488e-02 3.176039e-02 7.004610e-02
    endloop
  endfacet
  facet normal -9.800059e-01 -1.951505e-01 3.879101e-02
    outer loop
      vertex   -3.001488e-02 3.176039e-02 7.004610e-02
      vertex   -3.007701e-02 3.205869e-02 6.997714e-02
      vertex   -3.001882e-02 3.150631e-02 6.866849e-02
    endloop
  endfacet
  facet normal -9.496391e-01 -3.120860e-01 2.806973e-02
    outer loop
      vertex   -3.003765e-02 3.096136e-02 6.271099e-02
      vertex   -3.014499e-02 3.154183e-02 6.553327e-02
      vertex   -3.019304e-02 3.143205e-02 6.268711e-02
    endloop
  endfacet
  facet normal -8.819130e-01 -4.702538e-01 3.302733e-02
    outer loop
      vertex   -3.019304e-02 3.143205e-02 6.268711e-02
      vertex   -3.014499e-02 3.154183e-02 6.553327e-02
      vertex   -3.034736e-02 3.191857e-02 6.549357e-02
    endloop
  endfacet
  facet normal -1.000000e+00 0.000000e+00 0.000000e+00
    outer loop
      vertex   -3.000000e-02 -3.149859e-02 7.000000e-02
      vertex   -3.000000e-02 3.149859e-02 7.000000e-02
      vertex   -3.000000e-02 -3.107257e-02 6.774144e-02
    endloop
  endfacet
  facet normal -1.000000e+00 0.000000e+00 0.000000e+00
    outer loop
      vertex   -3.000000e-02 -3.107257e-02 6.774144e-02
      vertex   -3.000000e-02 3.149859e-02 7.000000e-02
      vertex   -3.000000e-02 3.107257e-02 6.774144e-02
    endloop
  endfacet
  facet normal -1.000000e+00 0.000000e+00 0.000000e+00
    outer loop
      vertex   -3.000000e-02 -3.107257e-02 6.774144e-02
      vertex   -3.000000e-02 3.107257e-02 6.774144e-02
      vertex   -3.000000e-02 -3.075797e-02 6.522268e-02
    endloop
  endfacet
  facet normal -1.000000e+00 0.000000e+00 0.000000e+00
    outer loop
      vertex   -3.000000e-02 -3.075797e-02 6.522268e-02
      vertex   -3.000000e-02 3.107257e-02 6.774144e-02
      vertex   -3.000000e-02 3.075797e-02 6.522268e-02
    endloop
  endfacet
  facet normal -1.000000e+00 0.000000e+00 0.000000e+00
    outer loop
      vertex   -3.000000e-02 -3.075797e-02 6.522268e-02
      vertex   -3.000000e-02 3.075797e-02 6.522268e-02
      vertex   -3.000000e-02 -3.056502e-02 6.252561e-02
    endloop
  endfacet
  facet normal -1.000000e+00 0.000000e+00 0.000000e+00
    outer loop
      vertex   -3.000000e-02 -3.056502e-02 6.252561e-02
      vertex   -3.000000e-02 3.075797e-02 6.522268e-02
      vertex   -3.000000e-02 3.056502e-02 6.252561e-02
    endloop
  endfacet
  facet normal -1.000000e+00 0.000000e+00 0.000000e+00
    outer loop
      vertex   -3.000000e-02 -3.056502e-02 6.252561e-02
      vertex   -3.000000e-02 3.056502e-02 6.252561e-02
      vertex   -3.000000e-02 -3.050000e-02 5.973791e-02
    endloop
  endfacet
  facet normal -1.000000e+00 0.000000e+00 0.000000e+00
    outer loop
      vertex   -3.000000e-02 -3.050000e-02 5.973791e-02
      vertex   -3.000000e-02 3.056502e-02 6.252561e-02
      vertex   -3.000000e-02 3.050000e-02 5.973791e-02
    endloop
  endfacet
  facet normal -1.000000e+00 0.000000e+00 0.000000e+00
    outer loop
      vertex   -3.000000e-02 -3.050000e-02 5.973791e-02
      vertex   -3.000000e-02 3.050000e-02 5.973791e-02
      vertex   -3.000000e-02 -3.050000e-02 1.200000e-02
    endloop
  endfacet
  facet normal -1.000000e+00 0.000000e+00 0.000000e+00
    outer loop
      vertex   -3.000000e-02 -3.050000e-02 1.200000e-02
      vertex   -3.000000e-02 3.050000e-02 5.973791e-02
      vertex   -3.000000e-02 3.050000e-02 1.200000e-02
    endloop
  endfacet
  facet normal 1.950903e-01 -7.551424e-17 9.807853e-01
    outer loop
      vertex   4.876537e-02 -1.234633e-03 4.847759e-03
      vertex   4.800000e-02 -2.000000e-03 5.000000e-03
      vertex   4.876537e-02 -1.250000e-02 4.847759e-03
    endloop
  endfacet
  facet normal 1.950903e-01 0.000000e+00 9.807853e-01
    outer loop
      vertex   4.876537e-02 -1.250000e-02 4.847759e-03
      vertex   4.800000e-02 -2.000000e-03 5.000000e-03
      vertex   4.800000e-02 -3.550000e-02 5.000000e-03
    endloop
  endfacet
  facet normal 1.950903e-01 6.805565e-17 9.807853e-01
    outer loop
      vertex   4.876537e-02 -1.250000e-02 4.847759e-03
      vertex   4.800000e-02 -3.550000e-02 5.000000e-03
      vertex   4.876537e-02 -2.500000e-02 4.847759e-03
    endloop
  endfacet
  facet normal 1.950903e-01 -7.551424e-17 9.807853e-01
    outer loop
      vertex   4.876537e-02 -2.500000e-02 4.847759e-03
      vertex   4.800000e-02 -3.550000e-02 5.000000e-03
      vertex   4.876537e-02 -3.626537e-02 4.847759e-03
    endloop
  endfacet
  facet normal 5.555702e-01 -6.401788e-17 8.314696e-01
    outer loop
      vertex   4.876537e-02 -2.500000e-02 4.847759e-03
      vertex   4.876537e-02 -3.626537e-02 4.847759e-03
      vertex   4.941421e-02 -2.500000e-02 4.414214e-03
    endloop
  endfacet
  facet normal 5.555702e-01 -6.053148e-17 8.314696e-01
    outer loop
      vertex   4.941421e-02 -2.500000e-02 4.414214e-03
      vertex   4.876537e-02 -3.626537e-02 4.847759e-03
      vertex   4.941421e-02 -3.691421e-02 4.414214e-03
    endloop
  endfacet
  facet normal 8.314696e-01 -4.044584e-17 5.555702e-01
    outer loop
      vertex   4.941421e-02 -2.500000e-02 4.414214e-03
      vertex   4.941421e-02 -3.691421e-02 4.414214e-03
      vertex   4.984776e-02 -2.500000e-02 3.765367e-03
    endloop
  endfacet
  facet normal 8.314696e-01 0.000000e+00 5.555702e-01
    outer loop
      vertex   4.984776e-02 -2.500000e-02 3.765367e-03
      vertex   4.941421e-02 -3.691421e-02 4.414214e-03
      vertex   4.984776e-02 -3.734776e-02 3.765367e-03
    endloop
  endfacet
  facet normal 9.569403e-01 0.000000e+00 2.902847e-01
    outer loop
      vertex   4.984776e-02 -2.500000e-02 3.765367e-03
      vertex   4.984776e-02 -3.734776e-02 3.765367e-03
      vertex   4.996157e-02 -3.746157e-02 3.390181e-03
    endloop
  endfacet
  facet normal 9.951847e-01 -1.133551e-18 9.801714e-02
    outer loop
      vertex   5.000000e-02 -3.750000e-02 3.000000e-03
      vertex   5.000000e-02 4.440892e-18 3.000000e-03
      vertex   4.996157e-02 -3.746157e-02 3.390181e-03
    endloop
  endfacet
  facet normal 9.699829e-01 1.537673e-03 2.431683e-01
    outer loop
      vertex   4.996157e-02 -3.746157e-02 3.390181e-03
      vertex   5.000000e-02 4.440892e-18 3.000000e-03
      vertex   4.984776e-02 -2.500000e-02 3.765367e-03
    endloop
  endfacet
  facet normal 9.807853e-01 -0.000000e+00 1.950903e-01
    outer loop
      vertex   4.984776e-02 -2.500000e-02 3.765367e-03
      vertex   5.000000e-02 4.440892e-18 3.000000e-03
      vertex   4.984776e-02 -1.250000e-02 3.765367e-03
    endloop
  endfacet
  facet normal 9.952248e-01 -6.156476e-03 9.741473e-02
    outer loop
      vertex   4.984776e-02 -1.250000e-02 3.765367e-03
      vertex   5.000000e-02 4.440892e-18 3.000000e-03
      vertex   4.996157e-02 -3.842944e-05 3.390181e-03
    endloop
  endfacet
  facet normal 9.569403e-01 -0.000000e+00 2.902847e-01
    outer loop
      vertex   4.984776e-02 -1.250000e-02 3.765367e-03
      vertex   4.996157e-02 -3.842944e-05 3.390181e-03
      vertex   4.984776e-02 -1.522409e-04 3.765367e-03
    endloop
  endfacet
  facet normal 8.314696e-01 0.000000e+00 5.555702e-01
    outer loop
      vertex   4.984776e-02 -1.522409e-04 3.765367e-03
      vertex   4.941421e-02 -5.857864e-04 4.414214e-03
      vertex   4.984776e-02 -1.250000e-02 3.765367e-03
    endloop
  endfacet
  facet normal 8.314696e-01 3.985816e-17 5.555702e-01
    outer loop
      vertex   4.984776e-02 -1.250000e-02 3.765367e-03
      vertex   4.941421e-02 -5.857864e-04 4.414214e-03
      vertex   4.941421e-02 -1.250000e-02 4.414214e-03
    endloop
  endfacet
  facet normal 8.314696e-01 0.000000e+00 5.555702e-01
    outer loop
      vertex   4.984776e-02 -1.250000e-02 3.765367e-03
      vertex   4.941421e-02 -1.250000e-02 4.414214e-03
      vertex   4.941421e-02 -2.500000e-02 4.414214e-03
    endloop
  endfacet
  facet normal 5.555702e-01 -0.000000e+00 8.314696e-01
    outer loop
      vertex   4.941421e-02 -2.500000e-02 4.414214e-03
      vertex   4.941421e-02 -1.250000e-02 4.414214e-03
      vertex   4.876537e-02 -2.500000e-02 4.847759e-03
    endloop
  endfacet
  facet normal 5.555702e-01 6.053148e-17 8.314696e-01
    outer loop
      vertex   4.941421e-02 -5.857864e-04 4.414214e-03
      vertex   4.876537e-02 -1.234633e-03 4.847759e-03
      vertex   4.941421e-02 -1.250000e-02 4.414214e-03
    endloop
  endfacet
  facet normal 5.555702e-01 -6.624177e-17 8.314696e-01
    outer loop
      vertex   4.941421e-02 -1.250000e-02 4.414214e-03
      vertex   4.876537e-02 -1.234633e-03 4.847759e-03
      vertex   4.876537e-02 -1.250000e-02 4.847759e-03
    endloop
  endfacet
  facet normal 5.555702e-01 5.969903e-17 8.314696e-01
    outer loop
      vertex   4.941421e-02 -1.250000e-02 4.414214e-03
      vertex   4.876537e-02 -1.250000e-02 4.847759e-03
      vertex   4.876537e-02 -2.500000e-02 4.847759e-03
    endloop
  endfacet
  facet normal 8.314696e-01 0.000000e+00 5.555702e-01
    outer loop
      vertex   4.984776e-02 -1.250000e-02 3.765367e-03
      vertex   4.941421e-02 -2.500000e-02 4.414214e-03
      vertex   4.984776e-02 -2.500000e-02 3.765367e-03
    endloop
  endfacet
  facet normal 0.000000e+00 -1.950903e-01 9.807853e-01
    outer loop
      vertex   -1.800000e-02 -3.626537e-02 4.847759e-03
      vertex   -1.000000e-03 -3.626537e-02 4.847759e-03
      vertex   -1.800000e-02 -3.550000e-02 5.000000e-03
    endloop
  endfacet
  facet normal 0.000000e+00 -1.950903e-01 9.807853e-01
    outer loop
      vertex   -1.800000e-02 -3.550000e-02 5.000000e-03
      vertex   -1.000000e-03 -3.626537e-02 4.847759e-03
      vertex   1.600000e-02 -3.626537e-02 4.847759e-03
    endloop
  endfacet
  facet normal 0.000000e+00 -1.950903e-01 9.807853e-01
    outer loop
      vertex   -1.800000e-02 -3.550000e-02 5.000000e-03
      vertex   1.600000e-02 -3.626537e-02 4.847759e-03
      vertex   4.800000e-02 -3.550000e-02 5.000000e-03
    endloop
  endfacet
  facet normal 4.988221e-17 -1.950903e-01 9.807853e-01
    outer loop
      vertex   4.800000e-02 -3.550000e-02 5.000000e-03
      vertex   1.600000e-02 -3.626537e-02 4.847759e-03
      vertex   3.300000e-02 -3.626537e-02 4.847759e-03
    endloop
  endfacet
  facet normal 0.000000e+00 -1.950903e-01 9.807853e-01
    outer loop
      vertex   4.800000e-02 -3.550000e-02 5.000000e-03
      vertex   3.300000e-02 -3.626537e-02 4.847759e-03
      vertex   4.876537e-02 -3.626537e-02 4.847759e-03
    endloop
  endfacet
  facet normal 0.000000e+00 -5.555702e-01 8.314696e-01
    outer loop
      vertex   4.876537e-02 -3.626537e-02 4.847759e-03
      vertex   3.300000e-02 -3.626537e-02 4.847759e-03
      vertex   3.300000e-02 -3.691421e-02 4.414214e-03
    endloop
  endfacet
  facet normal -4.132992e-17 -5.555702e-01 8.314696e-01
    outer loop
      vertex   4.876537e-02 -3.626537e-02 4.847759e-03
      vertex   3.300000e-02 -3.691421e-02 4.414214e-03
      vertex   4.941421e-02 -3.691421e-02 4.414214e-03
    endloop
  endfacet
  facet normal -2.935751e-17 -8.314696e-01 5.555702e-01
    outer loop
      vertex   4.941421e-02 -3.691421e-02 4.414214e-03
      vertex   3.300000e-02 -3.691421e-02 4.414214e-03
      vertex   3.300000e-02 -3.734776e-02 3.765367e-03
    endloop
  endfacet
  facet normal 0.000000e+00 -8.314696e-01 5.555702e-01
    outer loop
      vertex   4.941421e-02 -3.691421e-02 4.414214e-03
      vertex   3.300000e-02 -3.734776e-02 3.765367e-03
      vertex   4.984776e-02 -3.734776e-02 3.765367e-03
    endloop
  endfacet
  facet normal 0.000000e+00 -9.569403e-01 2.902847e-01
    outer loop
      vertex   4.984776e-02 -3.734776e-02 3.765367e-03
      vertex   3.300000e-02 -3.734776e-02 3.765367e-03
      vertex   4.996157e-02 -3.746157e-02 3.390181e-03
    endloop
  endfacet
  facet normal -4.519531e-03 -9.952179e-01 9.757527e-02
    outer loop
      vertex   4.996157e-02 -3.746157e-02 3.390181e-03
      vertex   3.300000e-02 -3.734776e-02 3.765367e-03
      vertex   5.000000e-02 -3.750000e-02 3.000000e-03
    endloop
  endfacet
  facet normal 0.000000e+00 -9.807853e-01 1.950903e-01
    outer loop
      vertex   5.000000e-02 -3.750000e-02 3.000000e-03
      vertex   3.300000e-02 -3.734776e-02 3.765367e-03
      vertex   1.600000e-02 -3.734776e-02 3.765367e-03
    endloop
  endfacet
  facet normal 0.000000e+00 -9.807853e-01 1.950903e-01
    outer loop
      vertex   5.000000e-02 -3.750000e-02 3.000000e-03
      vertex   1.600000e-02 -3.734776e-02 3.765367e-03
      vertex   -1.800000e-02 -3.750000e-02 3.000000e-03
    endloop
  endfacet
  facet normal 0.000000e+00 -9.807853e-01 1.950903e-01
    outer loop
      vertex   -1.800000e-02 -3.750000e-02 3.000000e-03
      vertex   1.600000e-02 -3.734776e-02 3.765367e-03
      vertex   -1.000000e-03 -3.734776e-02 3.765367e-03
    endloop
  endfacet
  facet normal 0.000000e+00 -9.807853e-01 1.950903e-01
    outer loop
      vertex   -1.800000e-02 -3.750000e-02 3.000000e-03
      vertex   -1.000000e-03 -3.734776e-02 3.765367e-03
      vertex   -1.800000e-02 -3.734776e-02 3.765367e-03
    endloop
  endfacet
  facet normal 0.000000e+00 -8.314696e-01 5.555702e-01
    outer loop
      vertex   -1.800000e-02 -3.734776e-02 3.765367e-03
      vertex   -1.000000e-03 -3.734776e-02 3.765367e-03
      vertex   -1.800000e-02 -3.691421e-02 4.414214e-03
    endloop
  endfacet
  facet normal 2.834590e-17 -8.314696e-01 5.555702e-01
    outer loop
      vertex   -1.800000e-02 -3.691421e-02 4.414214e-03
      vertex   -1.000000e-03 -3.734776e-02 3.765367e-03
      vertex   -1.000000e-03 -3.691421e-02 4.414214e-03
    endloop
  endfacet
  facet normal 4.242264e-17 -5.555702e-01 8.314696e-01
    outer loop
      vertex   -1.800000e-02 -3.691421e-02 4.414214e-03
      vertex   -1.000000e-03 -3.691421e-02 4.414214e-03
      vertex   -1.800000e-02 -3.626537e-02 4.847759e-03
    endloop
  endfacet
  facet normal 0.000000e+00 -5.555702e-01 8.314696e-01
    outer loop
      vertex   -1.800000e-02 -3.626537e-02 4.847759e-03
      vertex   -1.000000e-03 -3.691421e-02 4.414214e-03
      vertex   -1.000000e-03 -3.626537e-02 4.847759e-03
    endloop
  endfacet
  facet normal 4.389635e-17 -5.555702e-01 8.314696e-01
    outer loop
      vertex   3.300000e-02 -3.691421e-02 4.414214e-03
      vertex   3.300000e-02 -3.626537e-02 4.847759e-03
      vertex   1.600000e-02 -3.626537e-02 4.847759e-03
    endloop
  endfacet
  facet normal 0.000000e+00 -5.555702e-01 8.314696e-01
    outer loop
      vertex   1.600000e-02 -3.626537e-02 4.847759e-03
      vertex   -1.000000e-03 -3.626537e-02 4.847759e-03
      vertex   1.600000e-02 -3.691421e-02 4.414214e-03
    endloop
  endfacet
  facet normal 0.000000e+00 -5.555702e-01 8.314696e-01
    outer loop
      vertex   1.600000e-02 -3.691421e-02 4.414214e-03
      vertex   -1.000000e-03 -3.626537e-02 4.847759e-03
      vertex   -1.000000e-03 -3.691421e-02 4.414214e-03
    endloop
  endfacet
  facet normal 0.000000e+00 -8.314696e-01 5.555702e-01
    outer loop
      vertex   1.600000e-02 -3.691421e-02 4.414214e-03
      vertex   -1.000000e-03 -3.691421e-02 4.414214e-03
      vertex   1.600000e-02 -3.734776e-02 3.765367e-03
    endloop
  endfacet
  facet normal 0.000000e+00 -8.314696e-01 5.555702e-01
    outer loop
      vertex   1.600000e-02 -3.734776e-02 3.765367e-03
      vertex   -1.000000e-03 -3.691421e-02 4.414214e-03
      vertex   -1.000000e-03 -3.734776e-02 3.765367e-03
    endloop
  endfacet
  facet normal 0.000000e+00 -8.314696e-01 5.555702e-01
    outer loop
      vertex   3.300000e-02 -3.734776e-02 3.765367e-03
      vertex   3.300000e-02 -3.691421e-02 4.414214e-03
      vertex   1.600000e-02 -3.691421e-02 4.414214e-03
    endloop
  endfacet
  facet normal 0.000000e+00 -5.555702e-01 8.314696e-01
    outer loop
      vertex   1.600000e-02 -3.691421e-02 4.414214e-03
      vertex   3.300000e-02 -3.691421e-02 4.414214e-03
      vertex   1.600000e-02 -3.626537e-02 4.847759e-03
    endloop
  endfacet
  facet normal 0.000000e+00 -8.314696e-01 5.555702e-01
    outer loop
      vertex   3.300000e-02 -3.734776e-02 3.765367e-03
      vertex   1.600000e-02 -3.691421e-02 4.414214e-03
      vertex   1.600000e-02 -3.734776e-02 3.765367e-03
    endloop
  endfacet
  facet normal -3.283935e-17 9.807853e-01 1.950903e-01
    outer loop
      vertex   -1.800000e-02 -1.522409e-04 3.765367e-03
      vertex   -1.000000e-03 -1.522409e-04 3.765367e-03
      vertex   -1.800000e-02 4.440892e-18 3.000000e-03
    endloop
  endfacet
  facet normal 0.000000e+00 9.807853e-01 1.950903e-01
    outer loop
      vertex   -1.800000e-02 4.440892e-18 3.000000e-03
      vertex   -1.000000e-03 -1.522409e-04 3.765367e-03
      vertex   1.600000e-02 -1.522409e-04 3.765367e-03
    endloop
  endfacet
  facet normal -7.536797e-04 9.738498e-01 2.271916e-01
    outer loop
      vertex   -1.800000e-02 4.440892e-18 3.000000e-03
      vertex   1.600000e-02 -1.522409e-04 3.765367e-03
      vertex   4.996157e-02 -3.842944e-05 3.390181e-03
    endloop
  endfacet
  facet normal 1.489260e-17 9.569403e-01 2.902847e-01
    outer loop
      vertex   4.996157e-02 -3.842944e-05 3.390181e-03
      vertex   1.600000e-02 -1.522409e-04 3.765367e-03
      vertex   3.300000e-02 -1.522409e-04 3.765367e-03
    endloop
  endfacet
  facet normal 6.311415e-17 9.569403e-01 2.902847e-01
    outer loop
      vertex   4.996157e-02 -3.842944e-05 3.390181e-03
      vertex   3.300000e-02 -1.522409e-04 3.765367e-03
      vertex   4.984776e-02 -1.522409e-04 3.765367e-03
    endloop
  endfacet
  facet normal 5.484517e-17 8.314696e-01 5.555702e-01
    outer loop
      vertex   4.984776e-02 -1.522409e-04 3.765367e-03
      vertex   3.300000e-02 -1.522409e-04 3.765367e-03
      vertex   4.941421e-02 -5.857864e-04 4.414214e-03
    endloop
  endfacet
  facet normal 3.844454e-17 8.314696e-01 5.555702e-01
    outer loop
      vertex   4.941421e-02 -5.857864e-04 4.414214e-03
      vertex   3.300000e-02 -1.522409e-04 3.765367e-03
      vertex   3.300000e-02 -5.857864e-04 4.414214e-03
    endloop
  endfacet
  facet normal 2.568782e-17 5.555702e-01 8.314696e-01
    outer loop
      vertex   4.941421e-02 -5.857864e-04 4.414214e-03
      vertex   3.300000e-02 -5.857864e-04 4.414214e-03
      vertex   4.876537e-02 -1.234633e-03 4.847759e-03
    endloop
  endfacet
  facet normal 0.000000e+00 5.555702e-01 8.314696e-01
    outer loop
      vertex   4.876537e-02 -1.234633e-03 4.847759e-03
      vertex   3.300000e-02 -5.857864e-04 4.414214e-03
      vertex   3.300000e-02 -1.234633e-03 4.847759e-03
    endloop
  endfacet
  facet normal 0.000000e+00 1.950903e-01 9.807853e-01
    outer loop
      vertex   4.876537e-02 -1.234633e-03 4.847759e-03
      vertex   3.300000e-02 -1.234633e-03 4.847759e-03
      vertex   4.800000e-02 -2.000000e-03 5.000000e-03
    endloop
  endfacet
  facet normal 1.995288e-18 1.950903e-01 9.807853e-01
    outer loop
      vertex   4.800000e-02 -2.000000e-03 5.000000e-03
      vertex   3.300000e-02 -1.234633e-03 4.847759e-03
      vertex   1.600000e-02 -1.234633e-03 4.847759e-03
    endloop
  endfacet
  facet normal -1.281923e-18 1.950903e-01 9.807853e-01
    outer loop
      vertex   4.800000e-02 -2.000000e-03 5.000000e-03
      vertex   1.600000e-02 -1.234633e-03 4.847759e-03
      vertex   -1.800000e-02 -2.000000e-03 5.000000e-03
    endloop
  endfacet
  facet normal 0.000000e+00 1.950903e-01 9.807853e-01
    outer loop
      vertex   -1.800000e-02 -2.000000e-03 5.000000e-03
      vertex   1.600000e-02 -1.234633e-03 4.847759e-03
      vertex   -1.000000e-03 -1.234633e-03 4.847759e-03
    endloop
  endfacet
  facet normal 2.992933e-18 1.950903e-01 9.807853e-01
    outer loop
      vertex   -1.800000e-02 -2.000000e-03 5.000000e-03
      vertex   -1.000000e-03 -1.234633e-03 4.847759e-03
      vertex   -1.800000e-02 -1.234633e-03 4.847759e-03
    endloop
  endfacet
  facet normal 7.086476e-18 5.555702e-01 8.314696e-01
    outer loop
      vertex   -1.800000e-02 -1.234633e-03 4.847759e-03
      vertex   -1.000000e-03 -1.234633e-03 4.847759e-03
      vertex   -1.800000e-02 -5.857864e-04 4.414214e-03
    endloop
  endfacet
  facet normal -7.086476e-18 5.555702e-01 8.314696e-01
    outer loop
      vertex   -1.800000e-02 -5.857864e-04 4.414214e-03
      vertex   -1.000000e-03 -1.234633e-03 4.847759e-03
      vertex   -1.000000e-03 -5.857864e-04 4.414214e-03
    endloop
  endfacet
  facet normal -1.060566e-17 8.314696e-01 5.555702e-01
    outer loop
      vertex   -1.800000e-02 -5.857864e-04 4.414214e-03
      vertex   -1.000000e-03 -5.857864e-04 4.414214e-03
      vertex   -1.800000e-02 -1.522409e-04 3.765367e-03
    endloop
  endfacet
  facet normal -2.783986e-17 8.314696e-01 5.555702e-01
    outer loop
      vertex   -1.800000e-02 -1.522409e-04 3.765367e-03
      vertex   -1.000000e-03 -5.857864e-04 4.414214e-03
      vertex   -1.000000e-03 -1.522409e-04 3.765367e-03
    endloop
  endfacet
  facet normal 0.000000e+00 9.951847e-01 9.801714e-02
    outer loop
      vertex   4.996157e-02 -3.842944e-05 3.390181e-03
      vertex   5.000000e-02 4.440892e-18 3.000000e-03
      vertex   -1.800000e-02 4.440892e-18 3.000000e-03
    endloop
  endfacet
  facet normal 1.596231e-17 8.314696e-01 5.555702e-01
    outer loop
      vertex   3.300000e-02 -5.857864e-04 4.414214e-03
      vertex   3.300000e-02 -1.522409e-04 3.765367e-03
      vertex   1.600000e-02 -1.522409e-04 3.765367e-03
    endloop
  endfacet
  facet normal 0.000000e+00 8.314696e-01 5.555702e-01
    outer loop
      vertex   1.600000e-02 -1.522409e-04 3.765367e-03
      vertex   -1.000000e-03 -1.522409e-04 3.765367e-03
      vertex   1.600000e-02 -5.857864e-04 4.414214e-03
    endloop
  endfacet
  facet normal 0.000000e+00 8.314696e-01 5.555702e-01
    outer loop
      vertex   1.600000e-02 -5.857864e-04 4.414214e-03
      vertex   -1.000000e-03 -1.522409e-04 3.765367e-03
      vertex   -1.000000e-03 -5.857864e-04 4.414214e-03
    endloop
  endfacet
  facet normal 0.000000e+00 5.555702e-01 8.314696e-01
    outer loop
      vertex   1.600000e-02 -5.857864e-04 4.414214e-03
      vertex   -1.000000e-03 -5.857864e-04 4.414214e-03
      vertex   1.600000e-02 -1.234633e-03 4.847759e-03
    endloop
  endfacet
  facet normal 0.000000e+00 5.555702e-01 8.314696e-01
    outer loop
      vertex   1.600000e-02 -1.234633e-03 4.847759e-03
      vertex   -1.000000e-03 -5.857864e-04 4.414214e-03
      vertex   -1.000000e-03 -1.234633e-03 4.847759e-03
    endloop
  endfacet
  facet normal 0.000000e+00 5.555702e-01 8.314696e-01
    outer loop
      vertex   3.300000e-02 -1.234633e-03 4.847759e-03
      vertex   3.300000e-02 -5.857864e-04 4.414214e-03
      vertex   1.600000e-02 -5.857864e-04 4.414214e-03
    endloop
  endfacet
  facet normal -0.000000e+00 8.314696e-01 5.555702e-01
    outer loop
      vertex   1.600000e-02 -5.857864e-04 4.414214e-03
      vertex   3.300000e-02 -5.857864e-04 4.414214e-03
      vertex   1.600000e-02 -1.522409e-04 3.765367e-03
    endloop
  endfacet
  facet normal 7.086476e-18 5.555702e-01 8.314696e-01
    outer loop
      vertex   3.300000e-02 -1.234633e-03 4.847759e-03
      vertex   1.600000e-02 -5.857864e-04 4.414214e-03
      vertex   1.600000e-02 -1.234633e-03 4.847759e-03
    endloop
  endfacet
  facet normal 0.000000e+00 0.000000e+00 1.000000e+00
    outer loop
      vertex   -1.800000e-02 -3.550000e-02 5.000000e-03
      vertex   4.800000e-02 -3.550000e-02 5.000000e-03
      vertex   -1.800000e-02 -2.000000e-03 5.000000e-03
    endloop
  endfacet
  facet normal -0.000000e+00 0.000000e+00 1.000000e+00
    outer loop
      vertex   -1.800000e-02 -2.000000e-03 5.000000e-03
      vertex   4.800000e-02 -3.550000e-02 5.000000e-03
      vertex   4.800000e-02 -2.000000e-03 5.000000e-03
    endloop
  endfacet
  facet normal -2.123690e-01 -1.974612e-01 9.570311e-01
    outer loop
      vertex   -4.664274e-02 3.050000e-02 9.812278e-03
      vertex   -4.579678e-02 3.050000e-02 1.000000e-02
      vertex   -4.614796e-02 3.091597e-02 1.000790e-02
    endloop
  endfacet
  facet normal -1.832194e-01 -1.730544e-01 9.677204e-01
    outer loop
      vertex   -4.614796e-02 3.091597e-02 1.000790e-02
      vertex   -4.579678e-02 3.050000e-02 1.000000e-02
      vertex   -4.571558e-02 3.126537e-02 1.015224e-02
    endloop
  endfacet
  facet normal -8.447710e-02 -2.893670e-01 9.534833e-01
    outer loop
      vertex   -4.614796e-02 3.091597e-02 1.000790e-02
      vertex   -4.571558e-02 3.126537e-02 1.015224e-02
      vertex   -4.609000e-02 3.131430e-02 1.013392e-02
    endloop
  endfacet
  facet normal -1.037782e-01 -4.648281e-01 8.792980e-01
    outer loop
      vertex   -4.609000e-02 3.131430e-02 1.013392e-02
      vertex   -4.571558e-02 3.126537e-02 1.015224e-02
      vertex   -4.599608e-02 3.167841e-02 1.033748e-02
    endloop
  endfacet
  facet normal -2.898301e-01 -4.090036e-01 8.652829e-01
    outer loop
      vertex   -4.609000e-02 3.131430e-02 1.013392e-02
      vertex   -4.599608e-02 3.167841e-02 1.033748e-02
      vertex   -4.645090e-02 3.181736e-02 1.025082e-02
    endloop
  endfacet
  facet normal -3.180840e-01 -5.675006e-01 7.594509e-01
    outer loop
      vertex   -4.645090e-02 3.181736e-02 1.025082e-02
      vertex   -4.599608e-02 3.167841e-02 1.033748e-02
      vertex   -4.633140e-02 3.216508e-02 1.056071e-02
    endloop
  endfacet
  facet normal -5.129479e-01 -4.661267e-01 7.208400e-01
    outer loop
      vertex   -4.645090e-02 3.181736e-02 1.025082e-02
      vertex   -4.633140e-02 3.216508e-02 1.056071e-02
      vertex   -4.674107e-02 3.240846e-02 1.042657e-02
    endloop
  endfacet
  facet normal -5.431033e-01 -5.790429e-01 6.080691e-01
    outer loop
      vertex   -4.674107e-02 3.240846e-02 1.042657e-02
      vertex   -4.633140e-02 3.216508e-02 1.056071e-02
      vertex   -4.660064e-02 3.272533e-02 1.085374e-02
    endloop
  endfacet
  facet normal -6.765483e-01 -4.673539e-01 5.690894e-01
    outer loop
      vertex   -4.674107e-02 3.240846e-02 1.042657e-02
      vertex   -4.660064e-02 3.272533e-02 1.085374e-02
      vertex   -4.680186e-02 3.292197e-02 1.077602e-02
    endloop
  endfacet
  facet normal -7.012999e-01 -5.285410e-01 4.783543e-01
    outer loop
      vertex   -4.680186e-02 3.292197e-02 1.077602e-02
      vertex   -4.660064e-02 3.272533e-02 1.085374e-02
      vertex   -4.644199e-02 3.294884e-02 1.133330e-02
    endloop
  endfacet
  facet normal -6.902239e-01 -5.483247e-01 4.721558e-01
    outer loop
      vertex   -4.680186e-02 3.292197e-02 1.077602e-02
      vertex   -4.644199e-02 3.294884e-02 1.133330e-02
      vertex   -4.664320e-02 3.316959e-02 1.129552e-02
    endloop
  endfacet
  facet normal -7.156368e-01 -5.876917e-01 3.774684e-01
    outer loop
      vertex   -4.664320e-02 3.316959e-02 1.129552e-02
      vertex   -4.644199e-02 3.294884e-02 1.133330e-02
      vertex   -4.627157e-02 3.306960e-02 1.184440e-02
    endloop
  endfacet
  facet normal -7.045095e-01 -6.078839e-01 3.662561e-01
    outer loop
      vertex   -4.664320e-02 3.316959e-02 1.129552e-02
      vertex   -4.627157e-02 3.306960e-02 1.184440e-02
      vertex   -4.647272e-02 3.330664e-02 1.185090e-02
    endloop
  endfacet
  facet normal -7.314518e-01 -6.279930e-01 2.657124e-01
    outer loop
      vertex   -4.647272e-02 3.330664e-02 1.185090e-02
      vertex   -4.627157e-02 3.306960e-02 1.184440e-02
      vertex   -4.609657e-02 3.308579e-02 1.236439e-02
    endloop
  endfacet
  facet normal -7.679526e-01 -5.517957e-01 3.252234e-01
    outer loop
      vertex   -4.647272e-02 3.330664e-02 1.185090e-02
      vertex   -4.609657e-02 3.308579e-02 1.236439e-02
      vertex   -4.651548e-02 3.373463e-02 1.247610e-02
    endloop
  endfacet
  facet normal -1.795617e-01 -5.015022e-01 8.463174e-01
    outer loop
      vertex   -4.571558e-02 3.126537e-02 1.015224e-02
      vertex   -4.548436e-02 3.191421e-02 1.058579e-02
      vertex   -4.599608e-02 3.167841e-02 1.033748e-02
    endloop
  endfacet
  facet normal -8.154539e-02 -6.333678e-01 7.695424e-01
    outer loop
      vertex   -4.599608e-02 3.167841e-02 1.033748e-02
      vertex   -4.548436e-02 3.191421e-02 1.058579e-02
      vertex   -4.586989e-02 3.199299e-02 1.060977e-02
    endloop
  endfacet
  facet normal -2.904088e-01 -5.569839e-01 7.780949e-01
    outer loop
      vertex   -4.599608e-02 3.167841e-02 1.033748e-02
      vertex   -4.586989e-02 3.199299e-02 1.060977e-02
      vertex   -4.633140e-02 3.216508e-02 1.056071e-02
    endloop
  endfacet
  facet normal -3.272456e-01 -6.951095e-01 6.401040e-01
    outer loop
      vertex   -4.633140e-02 3.216508e-02 1.056071e-02
      vertex   -4.586989e-02 3.199299e-02 1.060977e-02
      vertex   -4.618650e-02 3.244035e-02 1.093372e-02
    endloop
  endfacet
  facet normal -5.195304e-01 -5.785489e-01 6.287840e-01
    outer loop
      vertex   -4.633140e-02 3.216508e-02 1.056071e-02
      vertex   -4.618650e-02 3.244035e-02 1.093372e-02
      vertex   -4.660064e-02 3.272533e-02 1.085374e-02
    endloop
  endfacet
  facet normal -5.504272e-01 -6.544258e-01 5.184176e-01
    outer loop
      vertex   -4.660064e-02 3.272533e-02 1.085374e-02
      vertex   -4.618650e-02 3.244035e-02 1.093372e-02
      vertex   -4.602249e-02 3.263373e-02 1.135195e-02
    endloop
  endfacet
  facet normal -5.355691e-01 -6.836234e-01 4.958072e-01
    outer loop
      vertex   -4.660064e-02 3.272533e-02 1.085374e-02
      vertex   -4.602249e-02 3.263373e-02 1.135195e-02
      vertex   -4.644199e-02 3.294884e-02 1.133330e-02
    endloop
  endfacet
  facet normal -5.696847e-01 -7.368405e-01 3.640405e-01
    outer loop
      vertex   -4.644199e-02 3.294884e-02 1.133330e-02
      vertex   -4.602249e-02 3.263373e-02 1.135195e-02
      vertex   -4.627157e-02 3.306960e-02 1.184440e-02
    endloop
  endfacet
  facet normal -1.159430e-01 -7.615558e-01 6.376440e-01
    outer loop
      vertex   -4.586989e-02 3.199299e-02 1.060977e-02
      vertex   -4.548436e-02 3.191421e-02 1.058579e-02
      vertex   -4.571644e-02 3.224517e-02 1.093885e-02
    endloop
  endfacet
  facet normal -1.747779e-01 -7.730716e-01 6.097648e-01
    outer loop
      vertex   -4.571644e-02 3.224517e-02 1.093885e-02
      vertex   -4.548436e-02 3.191421e-02 1.058579e-02
      vertex   -4.513831e-02 3.234776e-02 1.123463e-02
    endloop
  endfacet
  facet normal -8.366136e-02 -8.794567e-01 4.685688e-01
    outer loop
      vertex   -4.571644e-02 3.224517e-02 1.093885e-02
      vertex   -4.513831e-02 3.234776e-02 1.123463e-02
      vertex   -4.554214e-02 3.242623e-02 1.130981e-02
    endloop
  endfacet
  facet normal -1.270298e-01 -9.443709e-01 3.033596e-01
    outer loop
      vertex   -4.554214e-02 3.242623e-02 1.130981e-02
      vertex   -4.513831e-02 3.234776e-02 1.123463e-02
      vertex   -4.535364e-02 3.252855e-02 1.170726e-02
    endloop
  endfacet
  facet normal -3.043311e-01 -8.776554e-01 3.702751e-01
    outer loop
      vertex   -4.554214e-02 3.242623e-02 1.130981e-02
      vertex   -4.535364e-02 3.252855e-02 1.170726e-02
      vertex   -4.584591e-02 3.273712e-02 1.179703e-02
    endloop
  endfacet
  facet normal -3.631793e-01 -9.201576e-01 1.463244e-01
    outer loop
      vertex   -4.584591e-02 3.273712e-02 1.179703e-02
      vertex   -4.535364e-02 3.252855e-02 1.170726e-02
      vertex   -4.546963e-02 3.265224e-02 1.219721e-02
    endloop
  endfacet
  facet normal -4.915731e-01 -8.218699e-01 2.878990e-01
    outer loop
      vertex   -4.584591e-02 3.273712e-02 1.179703e-02
      vertex   -4.546963e-02 3.265224e-02 1.219721e-02
      vertex   -4.609657e-02 3.308579e-02 1.236439e-02
    endloop
  endfacet
  facet normal -1.751755e-01 -9.435519e-01 2.811111e-01
    outer loop
      vertex   -4.513831e-02 3.234776e-02 1.123463e-02
      vertex   -4.473011e-02 3.250000e-02 1.200000e-02
      vertex   -4.535364e-02 3.252855e-02 1.170726e-02
    endloop
  endfacet
  facet normal -1.430124e-01 -9.671186e-01 2.103070e-01
    outer loop
      vertex   -4.535364e-02 3.252855e-02 1.170726e-02
      vertex   -4.473011e-02 3.250000e-02 1.200000e-02
      vertex   -4.546963e-02 3.265224e-02 1.219721e-02
    endloop
  endfacet
  facet normal -8.629446e-01 -4.425244e-01 2.439235e-01
    outer loop
      vertex   -4.647272e-02 3.330664e-02 1.185090e-02
      vertex   -4.651548e-02 3.373463e-02 1.247610e-02
      vertex   -4.675404e-02 3.383828e-02 1.182018e-02
    endloop
  endfacet
  facet normal -9.312626e-01 -1.947667e-01 3.079218e-01
    outer loop
      vertex   -4.675404e-02 3.383828e-02 1.182018e-02
      vertex   -4.651548e-02 3.373463e-02 1.247610e-02
      vertex   -4.666258e-02 3.450000e-02 1.251533e-02
    endloop
  endfacet
  facet normal -9.469396e-01 -1.612213e-01 2.780522e-01
    outer loop
      vertex   -4.675404e-02 3.383828e-02 1.182018e-02
      vertex   -4.666258e-02 3.450000e-02 1.251533e-02
      vertex   -4.699220e-02 3.430423e-02 1.127926e-02
    endloop
  endfacet
  facet normal -9.446930e-01 -1.368930e-01 2.980192e-01
    outer loop
      vertex   -4.675404e-02 3.383828e-02 1.182018e-02
      vertex   -4.699220e-02 3.430423e-02 1.127926e-02
      vertex   -4.693330e-02 3.365968e-02 1.116989e-02
    endloop
  endfacet
  facet normal -9.366158e-01 -1.400775e-01 3.211373e-01
    outer loop
      vertex   -4.693330e-02 3.365968e-02 1.116989e-02
      vertex   -4.699220e-02 3.430423e-02 1.127926e-02
      vertex   -4.728955e-02 3.373607e-02 1.016418e-02
    endloop
  endfacet
  facet normal -9.379479e-01 -1.272553e-01 3.225830e-01
    outer loop
      vertex   -4.693330e-02 3.365968e-02 1.116989e-02
      vertex   -4.728955e-02 3.373607e-02 1.016418e-02
      vertex   -4.709950e-02 3.335469e-02 1.056632e-02
    endloop
  endfacet
  facet normal -9.341834e-01 -1.064367e-01 3.405475e-01
    outer loop
      vertex   -4.709950e-02 3.335469e-02 1.056632e-02
      vertex   -4.728955e-02 3.373607e-02 1.016418e-02
      vertex   -4.724614e-02 3.293639e-02 1.003334e-02
    endloop
  endfacet
  facet normal -8.198236e-01 -3.187373e-01 4.757057e-01
    outer loop
      vertex   -4.709950e-02 3.335469e-02 1.056632e-02
      vertex   -4.724614e-02 3.293639e-02 1.003334e-02
      vertex   -4.694226e-02 3.257428e-02 1.031440e-02
    endloop
  endfacet
  facet normal -8.033944e-01 -2.574372e-01 5.369204e-01
    outer loop
      vertex   -4.694226e-02 3.257428e-02 1.031440e-02
      vertex   -4.724614e-02 3.293639e-02 1.003334e-02
      vertex   -4.705820e-02 3.213858e-02 9.932030e-03
    endloop
  endfacet
  facet normal -6.796532e-01 -3.733096e-01 6.314361e-01
    outer loop
      vertex   -4.694226e-02 3.257428e-02 1.031440e-02
      vertex   -4.705820e-02 3.213858e-02 9.932030e-03
      vertex   -4.685704e-02 3.200918e-02 1.007204e-02
    endloop
  endfacet
  facet normal -6.621260e-01 -2.750001e-01 6.971112e-01
    outer loop
      vertex   -4.685704e-02 3.200918e-02 1.007204e-02
      vertex   -4.705820e-02 3.213858e-02 9.932030e-03
      vertex   -4.694361e-02 3.154424e-02 9.806405e-03
    endloop
  endfacet
  facet normal -5.229083e-01 -3.473651e-01 7.783986e-01
    outer loop
      vertex   -4.685704e-02 3.200918e-02 1.007204e-02
      vertex   -4.694361e-02 3.154424e-02 9.806405e-03
      vertex   -4.654001e-02 3.141183e-02 1.001845e-02
    endloop
  endfacet
  facet normal -5.074981e-01 -2.077921e-01 8.362225e-01
    outer loop
      vertex   -4.654001e-02 3.141183e-02 1.001845e-02
      vertex   -4.694361e-02 3.154424e-02 9.806405e-03
      vertex   -4.659508e-02 3.096626e-02 9.874303e-03
    endloop
  endfacet
  facet normal -3.031432e-01 -2.591885e-01 9.170199e-01
    outer loop
      vertex   -4.654001e-02 3.141183e-02 1.001845e-02
      vertex   -4.659508e-02 3.096626e-02 9.874303e-03
      vertex   -4.614796e-02 3.091597e-02 1.000790e-02
    endloop
  endfacet
  facet normal -2.948786e-01 -9.632768e-02 9.506669e-01
    outer loop
      vertex   -4.614796e-02 3.091597e-02 1.000790e-02
      vertex   -4.659508e-02 3.096626e-02 9.874303e-03
      vertex   -4.664274e-02 3.050000e-02 9.812278e-03
    endloop
  endfacet
  facet normal -9.280900e-01 -1.086586e-01 3.561493e-01
    outer loop
      vertex   -4.728955e-02 3.373607e-02 1.016418e-02
      vertex   -4.752553e-02 3.285114e-02 9.279257e-03
      vertex   -4.724614e-02 3.293639e-02 1.003334e-02
    endloop
  endfacet
  facet normal -9.312963e-01 -8.370009e-02 3.545157e-01
    outer loop
      vertex   -4.724614e-02 3.293639e-02 1.003334e-02
      vertex   -4.752553e-02 3.285114e-02 9.279257e-03
      vertex   -4.736692e-02 3.241946e-02 9.593998e-03
    endloop
  endfacet
  facet normal -8.104628e-01 -2.577221e-01 5.260508e-01
    outer loop
      vertex   -4.724614e-02 3.293639e-02 1.003334e-02
      vertex   -4.736692e-02 3.241946e-02 9.593998e-03
      vertex   -4.705820e-02 3.213858e-02 9.932030e-03
    endloop
  endfacet
  facet normal -7.979004e-01 -1.875814e-01 5.728596e-01
    outer loop
      vertex   -4.705820e-02 3.213858e-02 9.932030e-03
      vertex   -4.736692e-02 3.241946e-02 9.593998e-03
      vertex   -4.714473e-02 3.163293e-02 9.645926e-03
    endloop
  endfacet
  facet normal -6.708266e-01 -2.749158e-01 6.887765e-01
    outer loop
      vertex   -4.705820e-02 3.213858e-02 9.932030e-03
      vertex   -4.714473e-02 3.163293e-02 9.645926e-03
      vertex   -4.694361e-02 3.154424e-02 9.806405e-03
    endloop
  endfacet
  facet normal -6.589691e-01 -1.674899e-01 7.332850e-01
    outer loop
      vertex   -4.694361e-02 3.154424e-02 9.806405e-03
      vertex   -4.714473e-02 3.163293e-02 9.645926e-03
      vertex   -4.699715e-02 3.103385e-02 9.641715e-03
    endloop
  endfacet
  facet normal -5.158356e-01 -2.135939e-01 8.296332e-01
    outer loop
      vertex   -4.694361e-02 3.154424e-02 9.806405e-03
      vertex   -4.699715e-02 3.103385e-02 9.641715e-03
      vertex   -4.659508e-02 3.096626e-02 9.874303e-03
    endloop
  endfacet
  facet normal -5.076016e-01 -6.243647e-02 8.593267e-01
    outer loop
      vertex   -4.659508e-02 3.096626e-02 9.874303e-03
      vertex   -4.699715e-02 3.103385e-02 9.641715e-03
      vertex   -4.664274e-02 3.050000e-02 9.812278e-03
    endloop
  endfacet
  facet normal -9.247124e-01 -6.647979e-02 3.748164e-01
    outer loop
      vertex   -4.736692e-02 3.241946e-02 9.593998e-03
      vertex   -4.752553e-02 3.285114e-02 9.279257e-03
      vertex   -4.745693e-02 3.182460e-02 9.266441e-03
    endloop
  endfacet
  facet normal -9.239107e-01 -6.645090e-02 3.767934e-01
    outer loop
      vertex   -4.745693e-02 3.182460e-02 9.266441e-03
      vertex   -4.752553e-02 3.285114e-02 9.279257e-03
      vertex   -4.767704e-02 3.173607e-02 8.711099e-03
    endloop
  endfacet
  facet normal -9.269642e-01 -3.704708e-02 3.733160e-01
    outer loop
      vertex   -4.745693e-02 3.182460e-02 9.266441e-03
      vertex   -4.767704e-02 3.173607e-02 8.711099e-03
      vertex   -4.751252e-02 3.117610e-02 9.064043e-03
    endloop
  endfacet
  facet normal -9.197248e-01 -2.322176e-02 3.918764e-01
    outer loop
      vertex   -4.751252e-02 3.117610e-02 9.064043e-03
      vertex   -4.767704e-02 3.173607e-02 8.711099e-03
      vertex   -4.772925e-02 3.050000e-02 8.515325e-03
    endloop
  endfacet
  facet normal -8.839338e-01 -8.919388e-02 4.590267e-01
    outer loop
      vertex   -4.751252e-02 3.117610e-02 9.064043e-03
      vertex   -4.772925e-02 3.050000e-02 8.515325e-03
      vertex   -4.732989e-02 3.050000e-02 9.284352e-03
    endloop
  endfacet
  facet normal -6.023978e-01 -1.494083e-01 7.840880e-01
    outer loop
      vertex   -4.664274e-02 3.050000e-02 9.812278e-03
      vertex   -4.699715e-02 3.103385e-02 9.641715e-03
      vertex   -4.732989e-02 3.050000e-02 9.284352e-03
    endloop
  endfacet
  facet normal -6.608383e-01 -8.712202e-02 7.454545e-01
    outer loop
      vertex   -4.732989e-02 3.050000e-02 9.284352e-03
      vertex   -4.699715e-02 3.103385e-02 9.641715e-03
      vertex   -4.719824e-02 3.107893e-02 9.468717e-03
    endloop
  endfacet
  facet normal -7.914126e-01 -1.464576e-02 6.111069e-01
    outer loop
      vertex   -4.732989e-02 3.050000e-02 9.284352e-03
      vertex   -4.719824e-02 3.107893e-02 9.468717e-03
      vertex   -4.751252e-02 3.117610e-02 9.064043e-03
    endloop
  endfacet
  facet normal -7.977708e-01 -1.162625e-01 5.916458e-01
    outer loop
      vertex   -4.751252e-02 3.117610e-02 9.064043e-03
      vertex   -4.719824e-02 3.107893e-02 9.468717e-03
      vertex   -4.745693e-02 3.182460e-02 9.266441e-03
    endloop
  endfacet
  facet normal -2.911106e-01 -2.498127e-01 9.234978e-01
    outer loop
      vertex   -4.654001e-02 3.141183e-02 1.001845e-02
      vertex   -4.614796e-02 3.091597e-02 1.000790e-02
      vertex   -4.609000e-02 3.131430e-02 1.013392e-02
    endloop
  endfacet
  facet normal -7.946925e-01 -1.139538e-01 5.962201e-01
    outer loop
      vertex   -4.745693e-02 3.182460e-02 9.266441e-03
      vertex   -4.719824e-02 3.107893e-02 9.468717e-03
      vertex   -4.714473e-02 3.163293e-02 9.645926e-03
    endloop
  endfacet
  facet normal -6.642808e-01 -1.687625e-01 7.281829e-01
    outer loop
      vertex   -4.714473e-02 3.163293e-02 9.645926e-03
      vertex   -4.719824e-02 3.107893e-02 9.468717e-03
      vertex   -4.699715e-02 3.103385e-02 9.641715e-03
    endloop
  endfacet
  facet normal -3.099396e-01 -4.205082e-01 8.527076e-01
    outer loop
      vertex   -4.654001e-02 3.141183e-02 1.001845e-02
      vertex   -4.609000e-02 3.131430e-02 1.013392e-02
      vertex   -4.645090e-02 3.181736e-02 1.025082e-02
    endloop
  endfacet
  facet normal -5.089670e-01 -3.410380e-01 7.903453e-01
    outer loop
      vertex   -4.654001e-02 3.141183e-02 1.001845e-02
      vertex   -4.645090e-02 3.181736e-02 1.025082e-02
      vertex   -4.685704e-02 3.200918e-02 1.007204e-02
    endloop
  endfacet
  facet normal -5.320752e-01 -4.704920e-01 7.039412e-01
    outer loop
      vertex   -4.685704e-02 3.200918e-02 1.007204e-02
      vertex   -4.645090e-02 3.181736e-02 1.025082e-02
      vertex   -4.674107e-02 3.240846e-02 1.042657e-02
    endloop
  endfacet
  facet normal -6.679807e-01 -3.761337e-01 6.421255e-01
    outer loop
      vertex   -4.685704e-02 3.200918e-02 1.007204e-02
      vertex   -4.674107e-02 3.240846e-02 1.042657e-02
      vertex   -4.694226e-02 3.257428e-02 1.031440e-02
    endloop
  endfacet
  facet normal -6.906071e-01 -4.609803e-01 5.572782e-01
    outer loop
      vertex   -4.694226e-02 3.257428e-02 1.031440e-02
      vertex   -4.674107e-02 3.240846e-02 1.042657e-02
      vertex   -4.680186e-02 3.292197e-02 1.077602e-02
    endloop
  endfacet
  facet normal -8.112035e-01 -3.211828e-01 4.886619e-01
    outer loop
      vertex   -4.694226e-02 3.257428e-02 1.031440e-02
      vertex   -4.680186e-02 3.292197e-02 1.077602e-02
      vertex   -4.709950e-02 3.335469e-02 1.056632e-02
    endloop
  endfacet
  facet normal -8.284635e-01 -3.633256e-01 4.261958e-01
    outer loop
      vertex   -4.709950e-02 3.335469e-02 1.056632e-02
      vertex   -4.680186e-02 3.292197e-02 1.077602e-02
      vertex   -4.664320e-02 3.316959e-02 1.129552e-02
    endloop
  endfacet
  facet normal -8.243054e-01 -3.804692e-01 4.192420e-01
    outer loop
      vertex   -4.709950e-02 3.335469e-02 1.056632e-02
      vertex   -4.664320e-02 3.316959e-02 1.129552e-02
      vertex   -4.693330e-02 3.365968e-02 1.116989e-02
    endloop
  endfacet
  facet normal -8.437154e-01 -4.108784e-01 3.454320e-01
    outer loop
      vertex   -4.693330e-02 3.365968e-02 1.116989e-02
      vertex   -4.664320e-02 3.316959e-02 1.129552e-02
      vertex   -4.675404e-02 3.383828e-02 1.182018e-02
    endloop
  endfacet
  facet normal -8.030732e-01 -1.895666e-01 5.649229e-01
    outer loop
      vertex   -4.745693e-02 3.182460e-02 9.266441e-03
      vertex   -4.714473e-02 3.163293e-02 9.645926e-03
      vertex   -4.736692e-02 3.241946e-02 9.593998e-03
    endloop
  endfacet
  facet normal -2.929697e-01 -6.880667e-01 6.638772e-01
    outer loop
      vertex   -4.586989e-02 3.199299e-02 1.060977e-02
      vertex   -4.571644e-02 3.224517e-02 1.093885e-02
      vertex   -4.618650e-02 3.244035e-02 1.093372e-02
    endloop
  endfacet
  facet normal -3.290769e-01 -7.784250e-01 5.345679e-01
    outer loop
      vertex   -4.618650e-02 3.244035e-02 1.093372e-02
      vertex   -4.571644e-02 3.224517e-02 1.093885e-02
      vertex   -4.554214e-02 3.242623e-02 1.130981e-02
    endloop
  endfacet
  facet normal -3.073012e-01 -8.121307e-01 4.959937e-01
    outer loop
      vertex   -4.618650e-02 3.244035e-02 1.093372e-02
      vertex   -4.554214e-02 3.242623e-02 1.130981e-02
      vertex   -4.602249e-02 3.263373e-02 1.135195e-02
    endloop
  endfacet
  facet normal -3.474613e-01 -8.735778e-01 3.407823e-01
    outer loop
      vertex   -4.602249e-02 3.263373e-02 1.135195e-02
      vertex   -4.554214e-02 3.242623e-02 1.130981e-02
      vertex   -4.584591e-02 3.273712e-02 1.179703e-02
    endloop
  endfacet
  facet normal -5.402039e-01 -7.468489e-01 3.878099e-01
    outer loop
      vertex   -4.602249e-02 3.263373e-02 1.135195e-02
      vertex   -4.584591e-02 3.273712e-02 1.179703e-02
      vertex   -4.627157e-02 3.306960e-02 1.184440e-02
    endloop
  endfacet
  facet normal -5.849257e-01 -7.803572e-01 2.211440e-01
    outer loop
      vertex   -4.627157e-02 3.306960e-02 1.184440e-02
      vertex   -4.584591e-02 3.273712e-02 1.179703e-02
      vertex   -4.609657e-02 3.308579e-02 1.236439e-02
    endloop
  endfacet
  facet normal -8.332421e-01 -4.201324e-01 3.594391e-01
    outer loop
      vertex   -4.675404e-02 3.383828e-02 1.182018e-02
      vertex   -4.664320e-02 3.316959e-02 1.129552e-02
      vertex   -4.647272e-02 3.330664e-02 1.185090e-02
    endloop
  endfacet
  facet normal -6.480757e-01 -7.415384e-01 1.735473e-01
    outer loop
      vertex   -3.085571e-02 3.288833e-02 6.862524e-02
      vertex   -3.055464e-02 3.317246e-02 7.096358e-02
      vertex   -3.395439e-02 3.308579e-02 5.789756e-02
    endloop
  endfacet
  facet normal -7.238468e-01 -6.624935e-01 1.927385e-01
    outer loop
      vertex   -3.395439e-02 3.308579e-02 5.789756e-02
      vertex   -3.055464e-02 3.317246e-02 7.096358e-02
      vertex   -3.055561e-02 3.317614e-02 7.097257e-02
    endloop
  endfacet
  facet normal -8.037833e-01 -5.555696e-01 2.127787e-01
    outer loop
      vertex   -3.395439e-02 3.308579e-02 5.789756e-02
      vertex   -3.055561e-02 3.317614e-02 7.097257e-02
      vertex   -3.437330e-02 3.373463e-02 5.800927e-02
    endloop
  endfacet
  facet normal -8.222780e-01 -5.250339e-01 2.195409e-01
    outer loop
      vertex   -3.437330e-02 3.373463e-02 5.800927e-02
      vertex   -3.055561e-02 3.317614e-02 7.097257e-02
      vertex   -3.061040e-02 3.375613e-02 7.215440e-02
    endloop
  endfacet
  facet normal -9.444333e-01 -2.115729e-01 2.515604e-01
    outer loop
      vertex   -3.437330e-02 3.373463e-02 5.800927e-02
      vertex   -3.061040e-02 3.375613e-02 7.215440e-02
      vertex   -4.666258e-02 3.450000e-02 1.251533e-02
    endloop
  endfacet
  facet normal -9.487635e-01 -1.893066e-01 2.530036e-01
    outer loop
      vertex   -4.666258e-02 3.450000e-02 1.251533e-02
      vertex   -3.061040e-02 3.375613e-02 7.215440e-02
      vertex   -3.047301e-02 3.450000e-02 7.322622e-02
    endloop
  endfacet
  facet normal -9.476690e-01 -1.950903e-01 2.527117e-01
    outer loop
      vertex   -4.651548e-02 3.373463e-02 1.247610e-02
      vertex   -4.246809e-02 3.373463e-02 2.765382e-02
      vertex   -4.666258e-02 3.450000e-02 1.251533e-02
    endloop
  endfacet
  facet normal -9.476690e-01 -1.950903e-01 2.527117e-01
    outer loop
      vertex   -4.666258e-02 3.450000e-02 1.251533e-02
      vertex   -4.246809e-02 3.373463e-02 2.765382e-02
      vertex   -3.842069e-02 3.373463e-02 4.283155e-02
    endloop
  endfacet
  facet normal -9.476690e-01 -1.950903e-01 2.527117e-01
    outer loop
      vertex   -4.666258e-02 3.450000e-02 1.251533e-02
      vertex   -3.842069e-02 3.373463e-02 4.283155e-02
      vertex   -3.437330e-02 3.373463e-02 5.800927e-02
    endloop
  endfacet
  facet normal -8.033950e-01 -5.555702e-01 2.142387e-01
    outer loop
      vertex   -3.437330e-02 3.373463e-02 5.800927e-02
      vertex   -3.842069e-02 3.373463e-02 4.283155e-02
      vertex   -3.395439e-02 3.308579e-02 5.789756e-02
    endloop
  endfacet
  facet normal -8.033950e-01 -5.555702e-01 2.142387e-01
    outer loop
      vertex   -4.246809e-02 3.373463e-02 2.765382e-02
      vertex   -4.651548e-02 3.373463e-02 1.247610e-02
      vertex   -4.204918e-02 3.308579e-02 2.754211e-02
    endloop
  endfacet
  facet normal -8.033950e-01 -5.555702e-01 2.142387e-01
    outer loop
      vertex   -4.204918e-02 3.308579e-02 2.754211e-02
      vertex   -4.651548e-02 3.373463e-02 1.247610e-02
      vertex   -4.609657e-02 3.308579e-02 1.236439e-02
    endloop
  endfacet
  facet normal -5.368114e-01 -8.314696e-01 1.431497e-01
    outer loop
      vertex   -4.204918e-02 3.308579e-02 2.754211e-02
      vertex   -4.609657e-02 3.308579e-02 1.236439e-02
      vertex   -4.142224e-02 3.265224e-02 2.737493e-02
    endloop
  endfacet
  facet normal -5.368114e-01 -8.314696e-01 1.431497e-01
    outer loop
      vertex   -4.142224e-02 3.265224e-02 2.737493e-02
      vertex   -4.609657e-02 3.308579e-02 1.236439e-02
      vertex   -4.546963e-02 3.265224e-02 1.219721e-02
    endloop
  endfacet
  facet normal -1.885031e-01 -9.807853e-01 5.026749e-02
    outer loop
      vertex   -4.142224e-02 3.265224e-02 2.737493e-02
      vertex   -4.546963e-02 3.265224e-02 1.219721e-02
      vertex   -4.473011e-02 3.250000e-02 1.200000e-02
    endloop
  endfacet
  facet normal -1.885031e-01 -9.807853e-01 5.026749e-02
    outer loop
      vertex   -4.142224e-02 3.265224e-02 2.737493e-02
      vertex   -4.473011e-02 3.250000e-02 1.200000e-02
      vertex   -3.737485e-02 3.265224e-02 4.255265e-02
    endloop
  endfacet
  facet normal -1.885031e-01 -9.807853e-01 5.026749e-02
    outer loop
      vertex   -3.737485e-02 3.265224e-02 4.255265e-02
      vertex   -4.473011e-02 3.250000e-02 1.200000e-02
      vertex   -3.200000e-02 3.250000e-02 5.973791e-02
    endloop
  endfacet
  facet normal -1.885031e-01 -9.807853e-01 5.026749e-02
    outer loop
      vertex   -3.737485e-02 3.265224e-02 4.255265e-02
      vertex   -3.200000e-02 3.250000e-02 5.973791e-02
      vertex   -3.332745e-02 3.265224e-02 5.773038e-02
    endloop
  endfacet
  facet normal -1.664829e-01 -9.854103e-01 3.535618e-02
    outer loop
      vertex   -3.332745e-02 3.265224e-02 5.773038e-02
      vertex   -3.200000e-02 3.250000e-02 5.973791e-02
      vertex   -3.159482e-02 3.254446e-02 6.288481e-02
    endloop
  endfacet
  facet normal -2.964747e-01 -9.517045e-01 7.975708e-02
    outer loop
      vertex   -3.332745e-02 3.265224e-02 5.773038e-02
      vertex   -3.159482e-02 3.254446e-02 6.288481e-02
      vertex   -3.120765e-02 3.267585e-02 6.589181e-02
    endloop
  endfacet
  facet normal -5.371393e-01 -8.314689e-01 1.419182e-01
    outer loop
      vertex   -3.332745e-02 3.265224e-02 5.773038e-02
      vertex   -3.120765e-02 3.267585e-02 6.589181e-02
      vertex   -3.395439e-02 3.308579e-02 5.789756e-02
    endloop
  endfacet
  facet normal -5.103413e-01 -8.498167e-01 1.317698e-01
    outer loop
      vertex   -3.395439e-02 3.308579e-02 5.789756e-02
      vertex   -3.120765e-02 3.267585e-02 6.589181e-02
      vertex   -3.085571e-02 3.288833e-02 6.862524e-02
    endloop
  endfacet
  facet normal -8.033950e-01 -5.555702e-01 2.142387e-01
    outer loop
      vertex   -3.842069e-02 3.373463e-02 4.283155e-02
      vertex   -4.246809e-02 3.373463e-02 2.765382e-02
      vertex   -3.800179e-02 3.308579e-02 4.271984e-02
    endloop
  endfacet
  facet normal -8.033950e-01 -5.555702e-01 2.142387e-01
    outer loop
      vertex   -3.800179e-02 3.308579e-02 4.271984e-02
      vertex   -4.246809e-02 3.373463e-02 2.765382e-02
      vertex   -4.204918e-02 3.308579e-02 2.754211e-02
    endloop
  endfacet
  facet normal -5.368114e-01 -8.314696e-01 1.431497e-01
    outer loop
      vertex   -3.800179e-02 3.308579e-02 4.271984e-02
      vertex   -4.204918e-02 3.308579e-02 2.754211e-02
      vertex   -3.737485e-02 3.265224e-02 4.255265e-02
    endloop
  endfacet
  facet normal -5.368114e-01 -8.314696e-01 1.431497e-01
    outer loop
      vertex   -3.737485e-02 3.265224e-02 4.255265e-02
      vertex   -4.204918e-02 3.308579e-02 2.754211e-02
      vertex   -4.142224e-02 3.265224e-02 2.737493e-02
    endloop
  endfacet
  facet normal -5.368114e-01 -8.314696e-01 1.431497e-01
    outer loop
      vertex   -3.332745e-02 3.265224e-02 5.773038e-02
      vertex   -3.395439e-02 3.308579e-02 5.789756e-02
      vertex   -3.800179e-02 3.308579e-02 4.271984e-02
    endloop
  endfacet
  facet normal -8.033950e-01 -5.555702e-01 2.142387e-01
    outer loop
      vertex   -3.800179e-02 3.308579e-02 4.271984e-02
      vertex   -3.395439e-02 3.308579e-02 5.789756e-02
      vertex   -3.842069e-02 3.373463e-02 4.283155e-02
    endloop
  endfacet
  facet normal -5.368114e-01 -8.314696e-01 1.431497e-01
    outer loop
      vertex   -3.332745e-02 3.265224e-02 5.773038e-02
      vertex   -3.800179e-02 3.308579e-02 4.271984e-02
      vertex   -3.737485e-02 3.265224e-02 4.255265e-02
    endloop
  endfacet
  facet normal 0.000000e+00 -1.950903e-01 9.807853e-01
    outer loop
      vertex   -4.579678e-02 3.050000e-02 1.000000e-02
      vertex   -3.200000e-02 3.050000e-02 1.000000e-02
      vertex   -4.571558e-02 3.126537e-02 1.015224e-02
    endloop
  endfacet
  facet normal 2.480961e-16 -1.950903e-01 9.807853e-01
    outer loop
      vertex   -4.571558e-02 3.126537e-02 1.015224e-02
      vertex   -3.200000e-02 3.050000e-02 1.000000e-02
      vertex   -3.200000e-02 3.126537e-02 1.015224e-02
    endloop
  endfacet
  facet normal 2.103257e-16 -5.555702e-01 8.314696e-01
    outer loop
      vertex   -4.571558e-02 3.126537e-02 1.015224e-02
      vertex   -3.200000e-02 3.126537e-02 1.015224e-02
      vertex   -4.548436e-02 3.191421e-02 1.058579e-02
    endloop
  endfacet
  facet normal 0.000000e+00 -5.555702e-01 8.314696e-01
    outer loop
      vertex   -4.548436e-02 3.191421e-02 1.058579e-02
      vertex   -3.200000e-02 3.126537e-02 1.015224e-02
      vertex   -3.200000e-02 3.191421e-02 1.058579e-02
    endloop
  endfacet
  facet normal 0.000000e+00 -8.314696e-01 5.555702e-01
    outer loop
      vertex   -4.548436e-02 3.191421e-02 1.058579e-02
      vertex   -3.200000e-02 3.191421e-02 1.058579e-02
      vertex   -4.513831e-02 3.234776e-02 1.123463e-02
    endloop
  endfacet
  facet normal 0.000000e+00 -8.314696e-01 5.555702e-01
    outer loop
      vertex   -4.513831e-02 3.234776e-02 1.123463e-02
      vertex   -3.200000e-02 3.191421e-02 1.058579e-02
      vertex   -3.200000e-02 3.234776e-02 1.123463e-02
    endloop
  endfacet
  facet normal 0.000000e+00 -9.807853e-01 1.950903e-01
    outer loop
      vertex   -4.513831e-02 3.234776e-02 1.123463e-02
      vertex   -3.200000e-02 3.234776e-02 1.123463e-02
      vertex   -4.473011e-02 3.250000e-02 1.200000e-02
    endloop
  endfacet
  facet normal 0.000000e+00 -9.807853e-01 1.950903e-01
    outer loop
      vertex   -4.473011e-02 3.250000e-02 1.200000e-02
      vertex   -3.200000e-02 3.234776e-02 1.123463e-02
      vertex   -3.200000e-02 3.250000e-02 1.200000e-02
    endloop
  endfacet
  facet normal -1.950903e-01 -2.231333e-16 9.807853e-01
    outer loop
      vertex   -3.123463e-02 -3.050000e-02 1.015224e-02
      vertex   -3.123463e-02 -1.525000e-02 1.015224e-02
      vertex   -3.200000e-02 -3.050000e-02 1.000000e-02
    endloop
  endfacet
  facet normal -1.950903e-01 0.000000e+00 9.807853e-01
    outer loop
      vertex   -3.200000e-02 -3.050000e-02 1.000000e-02
      vertex   -3.123463e-02 -1.525000e-02 1.015224e-02
      vertex   -3.123463e-02 8.881784e-18 1.015224e-02
    endloop
  endfacet
  facet normal -1.950903e-01 0.000000e+00 9.807853e-01
    outer loop
      vertex   -3.200000e-02 -3.050000e-02 1.000000e-02
      vertex   -3.123463e-02 8.881784e-18 1.015224e-02
      vertex   -3.200000e-02 3.050000e-02 1.000000e-02
    endloop
  endfacet
  facet normal -1.950903e-01 0.000000e+00 9.807853e-01
    outer loop
      vertex   -3.200000e-02 3.050000e-02 1.000000e-02
      vertex   -3.123463e-02 8.881784e-18 1.015224e-02
      vertex   -3.123463e-02 1.525000e-02 1.015224e-02
    endloop
  endfacet
  facet normal -1.950903e-01 2.235377e-16 9.807853e-01
    outer loop
      vertex   -3.200000e-02 3.050000e-02 1.000000e-02
      vertex   -3.123463e-02 1.525000e-02 1.015224e-02
      vertex   -3.123463e-02 3.050000e-02 1.015224e-02
    endloop
  endfacet
  facet normal -5.555702e-01 1.891633e-16 8.314696e-01
    outer loop
      vertex   -3.123463e-02 3.050000e-02 1.015224e-02
      vertex   -3.123463e-02 1.525000e-02 1.015224e-02
      vertex   -3.058579e-02 3.050000e-02 1.058579e-02
    endloop
  endfacet
  facet normal -5.555702e-01 0.000000e+00 8.314696e-01
    outer loop
      vertex   -3.058579e-02 3.050000e-02 1.058579e-02
      vertex   -3.123463e-02 1.525000e-02 1.015224e-02
      vertex   -3.058579e-02 1.525000e-02 1.058579e-02
    endloop
  endfacet
  facet normal -8.314696e-01 0.000000e+00 5.555702e-01
    outer loop
      vertex   -3.058579e-02 3.050000e-02 1.058579e-02
      vertex   -3.058579e-02 1.525000e-02 1.058579e-02
      vertex   -3.015224e-02 3.050000e-02 1.123463e-02
    endloop
  endfacet
  facet normal -8.314696e-01 0.000000e+00 5.555702e-01
    outer loop
      vertex   -3.015224e-02 3.050000e-02 1.123463e-02
      vertex   -3.058579e-02 1.525000e-02 1.058579e-02
      vertex   -3.015224e-02 1.525000e-02 1.123463e-02
    endloop
  endfacet
  facet normal -9.807853e-01 0.000000e+00 1.950903e-01
    outer loop
      vertex   -3.015224e-02 3.050000e-02 1.123463e-02
      vertex   -3.015224e-02 1.525000e-02 1.123463e-02
      vertex   -3.000000e-02 3.050000e-02 1.200000e-02
    endloop
  endfacet
  facet normal -9.807853e-01 0.000000e+00 1.950903e-01
    outer loop
      vertex   -3.000000e-02 3.050000e-02 1.200000e-02
      vertex   -3.015224e-02 1.525000e-02 1.123463e-02
      vertex   -3.015224e-02 8.881784e-18 1.123463e-02
    endloop
  endfacet
  facet normal -9.807853e-01 0.000000e+00 1.950903e-01
    outer loop
      vertex   -3.000000e-02 3.050000e-02 1.200000e-02
      vertex   -3.015224e-02 8.881784e-18 1.123463e-02
      vertex   -3.000000e-02 -3.050000e-02 1.200000e-02
    endloop
  endfacet
  facet normal -9.807853e-01 0.000000e+00 1.950903e-01
    outer loop
      vertex   -3.000000e-02 -3.050000e-02 1.200000e-02
      vertex   -3.015224e-02 8.881784e-18 1.123463e-02
      vertex   -3.015224e-02 -1.525000e-02 1.123463e-02
    endloop
  endfacet
  facet normal -9.807853e-01 0.000000e+00 1.950903e-01
    outer loop
      vertex   -3.000000e-02 -3.050000e-02 1.200000e-02
      vertex   -3.015224e-02 -1.525000e-02 1.123463e-02
      vertex   -3.015224e-02 -3.050000e-02 1.123463e-02
    endloop
  endfacet
  facet normal -8.314696e-01 0.000000e+00 5.555702e-01
    outer loop
      vertex   -3.015224e-02 -3.050000e-02 1.123463e-02
      vertex   -3.015224e-02 -1.525000e-02 1.123463e-02
      vertex   -3.058579e-02 -3.050000e-02 1.058579e-02
    endloop
  endfacet
  facet normal -8.314696e-01 0.000000e+00 5.555702e-01
    outer loop
      vertex   -3.058579e-02 -3.050000e-02 1.058579e-02
      vertex   -3.015224e-02 -1.525000e-02 1.123463e-02
      vertex   -3.058579e-02 -1.525000e-02 1.058579e-02
    endloop
  endfacet
  facet normal -5.555702e-01 0.000000e+00 8.314696e-01
    outer loop
      vertex   -3.058579e-02 -3.050000e-02 1.058579e-02
      vertex   -3.058579e-02 -1.525000e-02 1.058579e-02
      vertex   -3.123463e-02 -3.050000e-02 1.015224e-02
    endloop
  endfacet
  facet normal -5.555702e-01 -1.891633e-16 8.314696e-01
    outer loop
      vertex   -3.123463e-02 -3.050000e-02 1.015224e-02
      vertex   -3.058579e-02 -1.525000e-02 1.058579e-02
      vertex   -3.123463e-02 -1.525000e-02 1.015224e-02
    endloop
  endfacet
  facet normal -5.555702e-01 0.000000e+00 8.314696e-01
    outer loop
      vertex   -3.058579e-02 1.525000e-02 1.058579e-02
      vertex   -3.123463e-02 1.525000e-02 1.015224e-02
      vertex   -3.123463e-02 8.881784e-18 1.015224e-02
    endloop
  endfacet
  facet normal -5.555702e-01 0.000000e+00 8.314696e-01
    outer loop
      vertex   -3.123463e-02 8.881784e-18 1.015224e-02
      vertex   -3.123463e-02 -1.525000e-02 1.015224e-02
      vertex   -3.058579e-02 8.881784e-18 1.058579e-02
    endloop
  endfacet
  facet normal -5.555702e-01 0.000000e+00 8.314696e-01
    outer loop
      vertex   -3.058579e-02 8.881784e-18 1.058579e-02
      vertex   -3.123463e-02 -1.525000e-02 1.015224e-02
      vertex   -3.058579e-02 -1.525000e-02 1.058579e-02
    endloop
  endfacet
  facet normal -8.314696e-01 0.000000e+00 5.555702e-01
    outer loop
      vertex   -3.058579e-02 8.881784e-18 1.058579e-02
      vertex   -3.058579e-02 -1.525000e-02 1.058579e-02
      vertex   -3.015224e-02 8.881784e-18 1.123463e-02
    endloop
  endfacet
  facet normal -8.314696e-01 0.000000e+00 5.555702e-01
    outer loop
      vertex   -3.015224e-02 8.881784e-18 1.123463e-02
      vertex   -3.058579e-02 -1.525000e-02 1.058579e-02
      vertex   -3.015224e-02 -1.525000e-02 1.123463e-02
    endloop
  endfacet
  facet normal -8.314696e-01 0.000000e+00 5.555702e-01
    outer loop
      vertex   -3.015224e-02 1.525000e-02 1.123463e-02
      vertex   -3.058579e-02 1.525000e-02 1.058579e-02
      vertex   -3.058579e-02 8.881784e-18 1.058579e-02
    endloop
  endfacet
  facet normal -5.555702e-01 0.000000e+00 8.314696e-01
    outer loop
      vertex   -3.058579e-02 8.881784e-18 1.058579e-02
      vertex   -3.058579e-02 1.525000e-02 1.058579e-02
      vertex   -3.123463e-02 8.881784e-18 1.015224e-02
    endloop
  endfacet
  facet normal -8.314696e-01 0.000000e+00 5.555702e-01
    outer loop
      vertex   -3.015224e-02 1.525000e-02 1.123463e-02
      vertex   -3.058579e-02 8.881784e-18 1.058579e-02
      vertex   -3.015224e-02 8.881784e-18 1.123463e-02
    endloop
  endfacet
  facet normal -8.839353e-01 8.917411e-02 4.590275e-01
    outer loop
      vertex   -4.732989e-02 -3.050000e-02 9.284352e-03
      vertex   -4.772925e-02 -3.050000e-02 8.515325e-03
      vertex   -4.751241e-02 -3.117606e-02 9.064210e-03
    endloop
  endfacet
  facet normal -9.196991e-01 2.323229e-02 3.919360e-01
    outer loop
      vertex   -4.751241e-02 -3.117606e-02 9.064210e-03
      vertex   -4.772925e-02 -3.050000e-02 8.515325e-03
      vertex   -4.767704e-02 -3.173607e-02 8.711099e-03
    endloop
  endfacet
  facet normal -9.269846e-01 3.715331e-02 3.732547e-01
    outer loop
      vertex   -4.751241e-02 -3.117606e-02 9.064210e-03
      vertex   -4.767704e-02 -3.173607e-02 8.711099e-03
      vertex   -4.745666e-02 -3.182421e-02 9.267192e-03
    endloop
  endfacet
  facet normal -9.239574e-01 6.639152e-02 3.766893e-01
    outer loop
      vertex   -4.745666e-02 -3.182421e-02 9.267192e-03
      vertex   -4.767704e-02 -3.173607e-02 8.711099e-03
      vertex   -4.752553e-02 -3.285114e-02 9.279257e-03
    endloop
  endfacet
  facet normal -9.247456e-01 6.642153e-02 3.747449e-01
    outer loop
      vertex   -4.745666e-02 -3.182421e-02 9.267192e-03
      vertex   -4.752553e-02 -3.285114e-02 9.279257e-03
      vertex   -4.736667e-02 -3.241902e-02 9.594677e-03
    endloop
  endfacet
  facet normal -9.312836e-01 8.353894e-02 3.545871e-01
    outer loop
      vertex   -4.736667e-02 -3.241902e-02 9.594677e-03
      vertex   -4.752553e-02 -3.285114e-02 9.279257e-03
      vertex   -4.724608e-02 -3.293647e-02 1.003332e-02
    endloop
  endfacet
  facet normal -8.102860e-01 2.574380e-01 5.264620e-01
    outer loop
      vertex   -4.736667e-02 -3.241902e-02 9.594677e-03
      vertex   -4.724608e-02 -3.293647e-02 1.003332e-02
      vertex   -4.705773e-02 -3.213804e-02 9.932769e-03
    endloop
  endfacet
  facet normal -8.031777e-01 2.571372e-01 5.373881e-01
    outer loop
      vertex   -4.705773e-02 -3.213804e-02 9.932769e-03
      vertex   -4.724608e-02 -3.293647e-02 1.003332e-02
      vertex   -4.694199e-02 -3.257422e-02 1.031448e-02
    endloop
  endfacet
  facet normal -6.693335e-01 3.807077e-01 6.380080e-01
    outer loop
      vertex   -4.705773e-02 -3.213804e-02 9.932769e-03
      vertex   -4.694199e-02 -3.257422e-02 1.031448e-02
      vertex   -4.674112e-02 -3.240869e-02 1.042644e-02
    endloop
  endfacet
  facet normal -6.905416e-01 4.610126e-01 5.573326e-01
    outer loop
      vertex   -4.674112e-02 -3.240869e-02 1.042644e-02
      vertex   -4.694199e-02 -3.257422e-02 1.031448e-02
      vertex   -4.680159e-02 -3.292188e-02 1.077601e-02
    endloop
  endfacet
  facet normal -6.764796e-01 4.673962e-01 5.691363e-01
    outer loop
      vertex   -4.674112e-02 -3.240869e-02 1.042644e-02
      vertex   -4.680159e-02 -3.292188e-02 1.077601e-02
      vertex   -4.660069e-02 -3.272558e-02 1.085359e-02
    endloop
  endfacet
  facet normal -7.013044e-01 5.287928e-01 4.780693e-01
    outer loop
      vertex   -4.660069e-02 -3.272558e-02 1.085359e-02
      vertex   -4.680159e-02 -3.292188e-02 1.077601e-02
      vertex   -4.644199e-02 -3.294880e-02 1.133330e-02
    endloop
  endfacet
  facet normal -5.356262e-01 6.838632e-01 4.954147e-01
    outer loop
      vertex   -4.660069e-02 -3.272558e-02 1.085359e-02
      vertex   -4.644199e-02 -3.294880e-02 1.133330e-02
      vertex   -4.602222e-02 -3.263353e-02 1.135195e-02
    endloop
  endfacet
  facet normal -5.634248e-01 7.269612e-01 3.925301e-01
    outer loop
      vertex   -4.602222e-02 -3.263353e-02 1.135195e-02
      vertex   -4.644199e-02 -3.294880e-02 1.133330e-02
      vertex   -4.584564e-02 -3.273699e-02 1.179700e-02
    endloop
  endfacet
  facet normal -3.158198e-01 8.888670e-01 3.319237e-01
    outer loop
      vertex   -4.602222e-02 -3.263353e-02 1.135195e-02
      vertex   -4.584564e-02 -3.273699e-02 1.179700e-02
      vertex   -4.535303e-02 -3.252840e-02 1.170713e-02
    endloop
  endfacet
  facet normal -3.629942e-01 9.202539e-01 1.461781e-01
    outer loop
      vertex   -4.535303e-02 -3.252840e-02 1.170713e-02
      vertex   -4.584564e-02 -3.273699e-02 1.179700e-02
      vertex   -4.546963e-02 -3.265224e-02 1.219721e-02
    endloop
  endfacet
  facet normal -1.429961e-01 9.671093e-01 2.103610e-01
    outer loop
      vertex   -4.535303e-02 -3.252840e-02 1.170713e-02
      vertex   -4.546963e-02 -3.265224e-02 1.219721e-02
      vertex   -4.473011e-02 -3.250000e-02 1.200000e-02
    endloop
  endfacet
  facet normal -9.280429e-01 1.087622e-01 3.562403e-01
    outer loop
      vertex   -4.752553e-02 -3.285114e-02 9.279257e-03
      vertex   -4.728955e-02 -3.373607e-02 1.016418e-02
      vertex   -4.724608e-02 -3.293647e-02 1.003332e-02
    endloop
  endfacet
  facet normal -9.341419e-01 1.065389e-01 3.406294e-01
    outer loop
      vertex   -4.724608e-02 -3.293647e-02 1.003332e-02
      vertex   -4.728955e-02 -3.373607e-02 1.016418e-02
      vertex   -4.709945e-02 -3.335476e-02 1.056625e-02
    endloop
  endfacet
  facet normal -8.197335e-01 3.188448e-01 4.757889e-01
    outer loop
      vertex   -4.724608e-02 -3.293647e-02 1.003332e-02
      vertex   -4.709945e-02 -3.335476e-02 1.056625e-02
      vertex   -4.694199e-02 -3.257422e-02 1.031448e-02
    endloop
  endfacet
  facet normal -8.111046e-01 3.212872e-01 4.887575e-01
    outer loop
      vertex   -4.694199e-02 -3.257422e-02 1.031448e-02
      vertex   -4.709945e-02 -3.335476e-02 1.056625e-02
      vertex   -4.680159e-02 -3.292188e-02 1.077601e-02
    endloop
  endfacet
  facet normal -9.387633e-01 1.327363e-01 3.179694e-01
    outer loop
      vertex   -4.728955e-02 -3.373607e-02 1.016418e-02
      vertex   -4.699220e-02 -3.430423e-02 1.127926e-02
      vertex   -4.709945e-02 -3.335476e-02 1.056625e-02
    endloop
  endfacet
  facet normal -9.339430e-01 1.411058e-01 3.283895e-01
    outer loop
      vertex   -4.709945e-02 -3.335476e-02 1.056625e-02
      vertex   -4.699220e-02 -3.430423e-02 1.127926e-02
      vertex   -4.693320e-02 -3.365941e-02 1.116998e-02
    endloop
  endfacet
  facet normal -8.242643e-01 3.807154e-01 4.190993e-01
    outer loop
      vertex   -4.709945e-02 -3.335476e-02 1.056625e-02
      vertex   -4.693320e-02 -3.365941e-02 1.116998e-02
      vertex   -4.664288e-02 -3.316915e-02 1.129561e-02
    endloop
  endfacet
  facet normal -8.406888e-01 4.060169e-01 3.583192e-01
    outer loop
      vertex   -4.664288e-02 -3.316915e-02 1.129561e-02
      vertex   -4.693320e-02 -3.365941e-02 1.116998e-02
      vertex   -4.647241e-02 -3.330624e-02 1.185090e-02
    endloop
  endfacet
  facet normal -7.043996e-01 6.079622e-01 3.663375e-01
    outer loop
      vertex   -4.664288e-02 -3.316915e-02 1.129561e-02
      vertex   -4.647241e-02 -3.330624e-02 1.185090e-02
      vertex   -4.627157e-02 -3.306963e-02 1.184441e-02
    endloop
  endfacet
  facet normal -7.313800e-01 6.281001e-01 2.656569e-01
    outer loop
      vertex   -4.627157e-02 -3.306963e-02 1.184441e-02
      vertex   -4.647241e-02 -3.330624e-02 1.185090e-02
      vertex   -4.609657e-02 -3.308579e-02 1.236439e-02
    endloop
  endfacet
  facet normal -5.848788e-01 7.804087e-01 2.210860e-01
    outer loop
      vertex   -4.627157e-02 -3.306963e-02 1.184441e-02
      vertex   -4.609657e-02 -3.308579e-02 1.236439e-02
      vertex   -4.584564e-02 -3.273699e-02 1.179700e-02
    endloop
  endfacet
  facet normal -4.915966e-01 8.218787e-01 2.878337e-01
    outer loop
      vertex   -4.584564e-02 -3.273699e-02 1.179700e-02
      vertex   -4.609657e-02 -3.308579e-02 1.236439e-02
      vertex   -4.546963e-02 -3.265224e-02 1.219721e-02
    endloop
  endfacet
  facet normal -9.446751e-01 1.369462e-01 2.980516e-01
    outer loop
      vertex   -4.693320e-02 -3.365941e-02 1.116998e-02
      vertex   -4.699220e-02 -3.430423e-02 1.127926e-02
      vertex   -4.675395e-02 -3.383807e-02 1.182020e-02
    endloop
  endfacet
  facet normal -9.469249e-01 1.612948e-01 2.780599e-01
    outer loop
      vertex   -4.675395e-02 -3.383807e-02 1.182020e-02
      vertex   -4.699220e-02 -3.430423e-02 1.127926e-02
      vertex   -4.666258e-02 -3.450000e-02 1.251533e-02
    endloop
  endfacet
  facet normal -9.312772e-01 1.947672e-01 3.078774e-01
    outer loop
      vertex   -4.675395e-02 -3.383807e-02 1.182020e-02
      vertex   -4.666258e-02 -3.450000e-02 1.251533e-02
      vertex   -4.651548e-02 -3.373463e-02 1.247610e-02
    endloop
  endfacet
  facet normal -8.628584e-01 4.427039e-01 2.439030e-01
    outer loop
      vertex   -4.675395e-02 -3.383807e-02 1.182020e-02
      vertex   -4.651548e-02 -3.373463e-02 1.247610e-02
      vertex   -4.647241e-02 -3.330624e-02 1.185090e-02
    endloop
  endfacet
  facet normal -7.679641e-01 5.517978e-01 3.251927e-01
    outer loop
      vertex   -4.647241e-02 -3.330624e-02 1.185090e-02
      vertex   -4.651548e-02 -3.373463e-02 1.247610e-02
      vertex   -4.609657e-02 -3.308579e-02 1.236439e-02
    endloop
  endfacet
  facet normal -1.751875e-01 9.435479e-01 2.811167e-01
    outer loop
      vertex   -4.473011e-02 -3.250000e-02 1.200000e-02
      vertex   -4.513831e-02 -3.234776e-02 1.123463e-02
      vertex   -4.535303e-02 -3.252840e-02 1.170713e-02
    endloop
  endfacet
  facet normal -1.267881e-01 9.443807e-01 3.034303e-01
    outer loop
      vertex   -4.535303e-02 -3.252840e-02 1.170713e-02
      vertex   -4.513831e-02 -3.234776e-02 1.123463e-02
      vertex   -4.554155e-02 -3.242603e-02 1.130973e-02
    endloop
  endfacet
  facet normal -3.378361e-01 8.602560e-01 3.818722e-01
    outer loop
      vertex   -4.535303e-02 -3.252840e-02 1.170713e-02
      vertex   -4.554155e-02 -3.242603e-02 1.130973e-02
      vertex   -4.602222e-02 -3.263353e-02 1.135195e-02
    endloop
  endfacet
  facet normal -3.072225e-01 8.124611e-01 4.955011e-01
    outer loop
      vertex   -4.602222e-02 -3.263353e-02 1.135195e-02
      vertex   -4.554155e-02 -3.242603e-02 1.130973e-02
      vertex   -4.618628e-02 -3.244044e-02 1.093361e-02
    endloop
  endfacet
  facet normal -5.504917e-01 6.546502e-01 5.180656e-01
    outer loop
      vertex   -4.602222e-02 -3.263353e-02 1.135195e-02
      vertex   -4.618628e-02 -3.244044e-02 1.093361e-02
      vertex   -4.660069e-02 -3.272558e-02 1.085359e-02
    endloop
  endfacet
  facet normal -5.195016e-01 5.785258e-01 6.288291e-01
    outer loop
      vertex   -4.660069e-02 -3.272558e-02 1.085359e-02
      vertex   -4.618628e-02 -3.244044e-02 1.093361e-02
      vertex   -4.633119e-02 -3.216517e-02 1.056065e-02
    endloop
  endfacet
  facet normal -5.430826e-01 5.790302e-01 6.080998e-01
    outer loop
      vertex   -4.660069e-02 -3.272558e-02 1.085359e-02
      vertex   -4.633119e-02 -3.216517e-02 1.056065e-02
      vertex   -4.674112e-02 -3.240869e-02 1.042644e-02
    endloop
  endfacet
  facet normal -5.126904e-01 4.653652e-01 7.215149e-01
    outer loop
      vertex   -4.674112e-02 -3.240869e-02 1.042644e-02
      vertex   -4.633119e-02 -3.216517e-02 1.056065e-02
      vertex   -4.645050e-02 -3.181699e-02 1.025130e-02
    endloop
  endfacet
  facet normal -5.318182e-01 4.697602e-01 7.046239e-01
    outer loop
      vertex   -4.674112e-02 -3.240869e-02 1.042644e-02
      vertex   -4.645050e-02 -3.181699e-02 1.025130e-02
      vertex   -4.685690e-02 -3.200888e-02 1.007250e-02
    endloop
  endfacet
  facet normal -5.088037e-01 3.410514e-01 7.904447e-01
    outer loop
      vertex   -4.685690e-02 -3.200888e-02 1.007250e-02
      vertex   -4.645050e-02 -3.181699e-02 1.025130e-02
      vertex   -4.653960e-02 -3.141150e-02 1.001899e-02
    endloop
  endfacet
  facet normal -5.227465e-01 3.473870e-01 7.784975e-01
    outer loop
      vertex   -4.685690e-02 -3.200888e-02 1.007250e-02
      vertex   -4.653960e-02 -3.141150e-02 1.001899e-02
      vertex   -4.694346e-02 -3.154394e-02 9.806909e-03
    endloop
  endfacet
  facet normal -5.074472e-01 2.085596e-01 8.360623e-01
    outer loop
      vertex   -4.694346e-02 -3.154394e-02 9.806909e-03
      vertex   -4.653960e-02 -3.141150e-02 1.001899e-02
      vertex   -4.659484e-02 -3.096623e-02 9.874389e-03
    endloop
  endfacet
  facet normal -5.157920e-01 2.143663e-01 8.294611e-01
    outer loop
      vertex   -4.694346e-02 -3.154394e-02 9.806909e-03
      vertex   -4.659484e-02 -3.096623e-02 9.874389e-03
      vertex   -4.699716e-02 -3.103386e-02 9.641689e-03
    endloop
  endfacet
  facet normal -5.075380e-01 6.234550e-02 8.593708e-01
    outer loop
      vertex   -4.699716e-02 -3.103386e-02 9.641689e-03
      vertex   -4.659484e-02 -3.096623e-02 9.874389e-03
      vertex   -4.664274e-02 -3.050000e-02 9.812278e-03
    endloop
  endfacet
  facet normal -6.024006e-01 1.493786e-01 7.840916e-01
    outer loop
      vertex   -4.699716e-02 -3.103386e-02 9.641689e-03
      vertex   -4.664274e-02 -3.050000e-02 9.812278e-03
      vertex   -4.732989e-02 -3.050000e-02 9.284352e-03
    endloop
  endfacet
  facet normal -8.357595e-02 8.797257e-01 4.680788e-01
    outer loop
      vertex   -4.554155e-02 -3.242603e-02 1.130973e-02
      vertex   -4.513831e-02 -3.234776e-02 1.123463e-02
      vertex   -4.571592e-02 -3.224518e-02 1.093870e-02
    endloop
  endfacet
  facet normal -1.751918e-01 7.728962e-01 6.098683e-01
    outer loop
      vertex   -4.571592e-02 -3.224518e-02 1.093870e-02
      vertex   -4.513831e-02 -3.234776e-02 1.123463e-02
      vertex   -4.548436e-02 -3.191421e-02 1.058579e-02
    endloop
  endfacet
  facet normal -1.162317e-01 7.614022e-01 6.377750e-01
    outer loop
      vertex   -4.571592e-02 -3.224518e-02 1.093870e-02
      vertex   -4.548436e-02 -3.191421e-02 1.058579e-02
      vertex   -4.586938e-02 -3.199300e-02 1.060967e-02
    endloop
  endfacet
  facet normal -8.158458e-02 6.322948e-01 7.704202e-01
    outer loop
      vertex   -4.586938e-02 -3.199300e-02 1.060967e-02
      vertex   -4.548436e-02 -3.191421e-02 1.058579e-02
      vertex   -4.599539e-02 -3.167807e-02 1.033786e-02
    endloop
  endfacet
  facet normal -2.900196e-01 5.561547e-01 7.788328e-01
    outer loop
      vertex   -4.586938e-02 -3.199300e-02 1.060967e-02
      vertex   -4.599539e-02 -3.167807e-02 1.033786e-02
      vertex   -4.633119e-02 -3.216517e-02 1.056065e-02
    endloop
  endfacet
  facet normal -3.175789e-01 5.666693e-01 7.602825e-01
    outer loop
      vertex   -4.633119e-02 -3.216517e-02 1.056065e-02
      vertex   -4.599539e-02 -3.167807e-02 1.033786e-02
      vertex   -4.645050e-02 -3.181699e-02 1.025130e-02
    endloop
  endfacet
  facet normal -1.787022e-01 5.018087e-01 8.463176e-01
    outer loop
      vertex   -4.548436e-02 -3.191421e-02 1.058579e-02
      vertex   -4.571558e-02 -3.126537e-02 1.015224e-02
      vertex   -4.599539e-02 -3.167807e-02 1.033786e-02
    endloop
  endfacet
  facet normal -1.025792e-01 4.650436e-01 8.793247e-01
    outer loop
      vertex   -4.599539e-02 -3.167807e-02 1.033786e-02
      vertex   -4.571558e-02 -3.126537e-02 1.015224e-02
      vertex   -4.608930e-02 -3.131400e-02 1.013437e-02
    endloop
  endfacet
  facet normal -2.894581e-01 4.090492e-01 8.653859e-01
    outer loop
      vertex   -4.599539e-02 -3.167807e-02 1.033786e-02
      vertex   -4.608930e-02 -3.131400e-02 1.013437e-02
      vertex   -4.645050e-02 -3.181699e-02 1.025130e-02
    endloop
  endfacet
  facet normal -3.095627e-01 4.205647e-01 8.528167e-01
    outer loop
      vertex   -4.645050e-02 -3.181699e-02 1.025130e-02
      vertex   -4.608930e-02 -3.131400e-02 1.013437e-02
      vertex   -4.653960e-02 -3.141150e-02 1.001899e-02
    endloop
  endfacet
  facet normal -8.339804e-02 2.904837e-01 9.532387e-01
    outer loop
      vertex   -4.608930e-02 -3.131400e-02 1.013437e-02
      vertex   -4.571558e-02 -3.126537e-02 1.015224e-02
      vertex   -4.614743e-02 -3.091593e-02 1.000797e-02
    endloop
  endfacet
  facet normal -1.832595e-01 1.730489e-01 9.677138e-01
    outer loop
      vertex   -4.614743e-02 -3.091593e-02 1.000797e-02
      vertex   -4.571558e-02 -3.126537e-02 1.015224e-02
      vertex   -4.579678e-02 -3.050000e-02 1.000000e-02
    endloop
  endfacet
  facet normal -2.123722e-01 1.973883e-01 9.570454e-01
    outer loop
      vertex   -4.614743e-02 -3.091593e-02 1.000797e-02
      vertex   -4.579678e-02 -3.050000e-02 1.000000e-02
      vertex   -4.664274e-02 -3.050000e-02 9.812278e-03
    endloop
  endfacet
  facet normal -6.607580e-01 8.718753e-02 7.455181e-01
    outer loop
      vertex   -4.699716e-02 -3.103386e-02 9.641689e-03
      vertex   -4.732989e-02 -3.050000e-02 9.284352e-03
      vertex   -4.719793e-02 -3.107885e-02 9.469009e-03
    endloop
  endfacet
  facet normal -7.913010e-01 1.459594e-02 6.112525e-01
    outer loop
      vertex   -4.719793e-02 -3.107885e-02 9.469009e-03
      vertex   -4.732989e-02 -3.050000e-02 9.284352e-03
      vertex   -4.751241e-02 -3.117606e-02 9.064210e-03
    endloop
  endfacet
  facet normal -7.976755e-01 1.166839e-01 5.916913e-01
    outer loop
      vertex   -4.719793e-02 -3.107885e-02 9.469009e-03
      vertex   -4.751241e-02 -3.117606e-02 9.064210e-03
      vertex   -4.745666e-02 -3.182421e-02 9.267192e-03
    endloop
  endfacet
  facet normal -6.641585e-01 1.661710e-01 7.288900e-01
    outer loop
      vertex   -4.694346e-02 -3.154394e-02 9.806909e-03
      vertex   -4.699716e-02 -3.103386e-02 9.641689e-03
      vertex   -4.719793e-02 -3.107885e-02 9.469009e-03
    endloop
  endfacet
  facet normal -2.946923e-01 9.638045e-02 9.507193e-01
    outer loop
      vertex   -4.614743e-02 -3.091593e-02 1.000797e-02
      vertex   -4.664274e-02 -3.050000e-02 9.812278e-03
      vertex   -4.659484e-02 -3.096623e-02 9.874389e-03
    endloop
  endfacet
  facet normal -2.908538e-01 2.506956e-01 9.233395e-01
    outer loop
      vertex   -4.608930e-02 -3.131400e-02 1.013437e-02
      vertex   -4.614743e-02 -3.091593e-02 1.000797e-02
      vertex   -4.653960e-02 -3.141150e-02 1.001899e-02
    endloop
  endfacet
  facet normal -3.029785e-01 2.601453e-01 9.168034e-01
    outer loop
      vertex   -4.653960e-02 -3.141150e-02 1.001899e-02
      vertex   -4.614743e-02 -3.091593e-02 1.000797e-02
      vertex   -4.659484e-02 -3.096623e-02 9.874389e-03
    endloop
  endfacet
  facet normal -6.593612e-01 1.711228e-01 7.320928e-01
    outer loop
      vertex   -4.694346e-02 -3.154394e-02 9.806909e-03
      vertex   -4.719793e-02 -3.107885e-02 9.469009e-03
      vertex   -4.714425e-02 -3.163246e-02 9.646753e-03
    endloop
  endfacet
  facet normal -7.946167e-01 1.143911e-01 5.962374e-01
    outer loop
      vertex   -4.714425e-02 -3.163246e-02 9.646753e-03
      vertex   -4.719793e-02 -3.107885e-02 9.469009e-03
      vertex   -4.745666e-02 -3.182421e-02 9.267192e-03
    endloop
  endfacet
  facet normal -8.029461e-01 1.896404e-01 5.650788e-01
    outer loop
      vertex   -4.714425e-02 -3.163246e-02 9.646753e-03
      vertex   -4.745666e-02 -3.182421e-02 9.267192e-03
      vertex   -4.736667e-02 -3.241902e-02 9.594677e-03
    endloop
  endfacet
  facet normal -7.977673e-01 1.876500e-01 5.730225e-01
    outer loop
      vertex   -4.736667e-02 -3.241902e-02 9.594677e-03
      vertex   -4.705773e-02 -3.213804e-02 9.932769e-03
      vertex   -4.714425e-02 -3.163246e-02 9.646753e-03
    endloop
  endfacet
  facet normal -6.706843e-01 2.749530e-01 6.889001e-01
    outer loop
      vertex   -4.714425e-02 -3.163246e-02 9.646753e-03
      vertex   -4.705773e-02 -3.213804e-02 9.932769e-03
      vertex   -4.694346e-02 -3.154394e-02 9.806909e-03
    endloop
  endfacet
  facet normal -2.928229e-01 6.880730e-01 6.639355e-01
    outer loop
      vertex   -4.571592e-02 -3.224518e-02 1.093870e-02
      vertex   -4.586938e-02 -3.199300e-02 1.060967e-02
      vertex   -4.618628e-02 -3.244044e-02 1.093361e-02
    endloop
  endfacet
  facet normal -3.271113e-01 6.951345e-01 6.401455e-01
    outer loop
      vertex   -4.618628e-02 -3.244044e-02 1.093361e-02
      vertex   -4.586938e-02 -3.199300e-02 1.060967e-02
      vertex   -4.633119e-02 -3.216517e-02 1.056065e-02
    endloop
  endfacet
  facet normal -6.786241e-01 3.667976e-01 6.363402e-01
    outer loop
      vertex   -4.705773e-02 -3.213804e-02 9.932769e-03
      vertex   -4.674112e-02 -3.240869e-02 1.042644e-02
      vertex   -4.685690e-02 -3.200888e-02 1.007250e-02
    endloop
  endfacet
  facet normal -6.619808e-01 2.750440e-01 6.972318e-01
    outer loop
      vertex   -4.694346e-02 -3.154394e-02 9.806909e-03
      vertex   -4.705773e-02 -3.213804e-02 9.932769e-03
      vertex   -4.685690e-02 -3.200888e-02 1.007250e-02
    endloop
  endfacet
  facet normal -6.902282e-01 5.485590e-01 4.718771e-01
    outer loop
      vertex   -4.644199e-02 -3.294880e-02 1.133330e-02
      vertex   -4.680159e-02 -3.292188e-02 1.077601e-02
      vertex   -4.664288e-02 -3.316915e-02 1.129561e-02
    endloop
  endfacet
  facet normal -8.284199e-01 3.635836e-01 4.260604e-01
    outer loop
      vertex   -4.664288e-02 -3.316915e-02 1.129561e-02
      vertex   -4.680159e-02 -3.292188e-02 1.077601e-02
      vertex   -4.709945e-02 -3.335476e-02 1.056625e-02
    endloop
  endfacet
  facet normal -3.290399e-01 7.786969e-01 5.341946e-01
    outer loop
      vertex   -4.554155e-02 -3.242603e-02 1.130973e-02
      vertex   -4.571592e-02 -3.224518e-02 1.093870e-02
      vertex   -4.618628e-02 -3.244044e-02 1.093361e-02
    endloop
  endfacet
  facet normal -8.370216e-01 4.230753e-01 3.469901e-01
    outer loop
      vertex   -4.675395e-02 -3.383807e-02 1.182020e-02
      vertex   -4.647241e-02 -3.330624e-02 1.185090e-02
      vertex   -4.693320e-02 -3.365941e-02 1.116998e-02
    endloop
  endfacet
  facet normal -7.155367e-01 5.877714e-01 3.775341e-01
    outer loop
      vertex   -4.644199e-02 -3.294880e-02 1.133330e-02
      vertex   -4.664288e-02 -3.316915e-02 1.129561e-02
      vertex   -4.627157e-02 -3.306963e-02 1.184441e-02
    endloop
  endfacet
  facet normal -5.486588e-01 7.540004e-01 3.611882e-01
    outer loop
      vertex   -4.627157e-02 -3.306963e-02 1.184441e-02
      vertex   -4.584564e-02 -3.273699e-02 1.179700e-02
      vertex   -4.644199e-02 -3.294880e-02 1.133330e-02
    endloop
  endfacet
  facet normal 0.000000e+00 9.807853e-01 1.950903e-01
    outer loop
      vertex   -3.200000e-02 -3.250000e-02 1.200000e-02
      vertex   -3.200000e-02 -3.234776e-02 1.123463e-02
      vertex   -4.473011e-02 -3.250000e-02 1.200000e-02
    endloop
  endfacet
  facet normal -2.581756e-17 9.807853e-01 1.950903e-01
    outer loop
      vertex   -4.473011e-02 -3.250000e-02 1.200000e-02
      vertex   -3.200000e-02 -3.234776e-02 1.123463e-02
      vertex   -4.513831e-02 -3.234776e-02 1.123463e-02
    endloop
  endfacet
  facet normal -7.335502e-17 8.314696e-01 5.555702e-01
    outer loop
      vertex   -4.513831e-02 -3.234776e-02 1.123463e-02
      vertex   -3.200000e-02 -3.234776e-02 1.123463e-02
      vertex   -3.200000e-02 -3.191421e-02 1.058579e-02
    endloop
  endfacet
  facet normal -7.043401e-17 8.314696e-01 5.555702e-01
    outer loop
      vertex   -4.513831e-02 -3.234776e-02 1.123463e-02
      vertex   -3.200000e-02 -3.191421e-02 1.058579e-02
      vertex   -4.548436e-02 -3.191421e-02 1.058579e-02
    endloop
  endfacet
  facet normal -1.069662e-16 5.555702e-01 8.314696e-01
    outer loop
      vertex   -4.548436e-02 -3.191421e-02 1.058579e-02
      vertex   -3.200000e-02 -3.191421e-02 1.058579e-02
      vertex   -3.200000e-02 -3.126537e-02 1.015224e-02
    endloop
  endfacet
  facet normal 2.126860e-16 5.555702e-01 8.314696e-01
    outer loop
      vertex   -4.548436e-02 -3.191421e-02 1.058579e-02
      vertex   -3.200000e-02 -3.126537e-02 1.015224e-02
      vertex   -4.571558e-02 -3.126537e-02 1.015224e-02
    endloop
  endfacet
  facet normal 2.480961e-16 1.950903e-01 9.807853e-01
    outer loop
      vertex   -4.571558e-02 -3.126537e-02 1.015224e-02
      vertex   -3.200000e-02 -3.126537e-02 1.015224e-02
      vertex   -3.200000e-02 -3.050000e-02 1.000000e-02
    endloop
  endfacet
  facet normal 0.000000e+00 1.950903e-01 9.807853e-01
    outer loop
      vertex   -4.571558e-02 -3.126537e-02 1.015224e-02
      vertex   -3.200000e-02 -3.050000e-02 1.000000e-02
      vertex   -4.579678e-02 -3.050000e-02 1.000000e-02
    endloop
  endfacet
  facet normal -2.166344e-01 0.000000e+00 9.762528e-01
    outer loop
      vertex   -4.664274e-02 3.050000e-02 9.812278e-03
      vertex   -4.664274e-02 1.525000e-02 9.812278e-03
      vertex   -4.579678e-02 3.050000e-02 1.000000e-02
    endloop
  endfacet
  facet normal -2.166344e-01 0.000000e+00 9.762528e-01
    outer loop
      vertex   -4.579678e-02 3.050000e-02 1.000000e-02
      vertex   -4.664274e-02 1.525000e-02 9.812278e-03
      vertex   -4.664274e-02 6.661338e-18 9.812278e-03
    endloop
  endfacet
  facet normal -2.166344e-01 0.000000e+00 9.762528e-01
    outer loop
      vertex   -4.579678e-02 3.050000e-02 1.000000e-02
      vertex   -4.664274e-02 6.661338e-18 9.812278e-03
      vertex   -4.579678e-02 -3.050000e-02 1.000000e-02
    endloop
  endfacet
  facet normal -2.166344e-01 1.101681e-16 9.762528e-01
    outer loop
      vertex   -4.579678e-02 -3.050000e-02 1.000000e-02
      vertex   -4.664274e-02 6.661338e-18 9.812278e-03
      vertex   -4.664274e-02 -1.525000e-02 9.812278e-03
    endloop
  endfacet
  facet normal -2.166344e-01 -8.633172e-16 9.762528e-01
    outer loop
      vertex   -4.579678e-02 -3.050000e-02 1.000000e-02
      vertex   -4.664274e-02 -1.525000e-02 9.812278e-03
      vertex   -4.664274e-02 -3.050000e-02 9.812278e-03
    endloop
  endfacet
  facet normal -6.092361e-01 -1.095643e-15 7.929889e-01
    outer loop
      vertex   -4.664274e-02 -3.050000e-02 9.812278e-03
      vertex   -4.664274e-02 -1.525000e-02 9.812278e-03
      vertex   -4.732989e-02 -3.050000e-02 9.284352e-03
    endloop
  endfacet
  facet normal -6.092361e-01 -8.250294e-16 7.929889e-01
    outer loop
      vertex   -4.732989e-02 -3.050000e-02 9.284352e-03
      vertex   -4.664274e-02 -1.525000e-02 9.812278e-03
      vertex   -4.732989e-02 -1.525000e-02 9.284352e-03
    endloop
  endfacet
  facet normal -8.874710e-01 -9.648883e-16 4.608636e-01
    outer loop
      vertex   -4.732989e-02 -3.050000e-02 9.284352e-03
      vertex   -4.732989e-02 -1.525000e-02 9.284352e-03
      vertex   -4.772925e-02 -3.050000e-02 8.515325e-03
    endloop
  endfacet
  facet normal -8.874710e-01 0.000000e+00 4.608636e-01
    outer loop
      vertex   -4.772925e-02 -3.050000e-02 8.515325e-03
      vertex   -4.732989e-02 -1.525000e-02 9.284352e-03
      vertex   -4.732989e-02 6.661338e-18 9.284352e-03
    endloop
  endfacet
  facet normal -8.874710e-01 0.000000e+00 4.608636e-01
    outer loop
      vertex   -4.772925e-02 -3.050000e-02 8.515325e-03
      vertex   -4.732989e-02 6.661338e-18 9.284352e-03
      vertex   -4.772925e-02 3.050000e-02 8.515325e-03
    endloop
  endfacet
  facet normal -8.874710e-01 0.000000e+00 4.608636e-01
    outer loop
      vertex   -4.772925e-02 3.050000e-02 8.515325e-03
      vertex   -4.732989e-02 6.661338e-18 9.284352e-03
      vertex   -4.732989e-02 1.525000e-02 9.284352e-03
    endloop
  endfacet
  facet normal -8.874710e-01 -5.207946e-17 4.608636e-01
    outer loop
      vertex   -4.772925e-02 3.050000e-02 8.515325e-03
      vertex   -4.732989e-02 1.525000e-02 9.284352e-03
      vertex   -4.732989e-02 3.050000e-02 9.284352e-03
    endloop
  endfacet
  facet normal -6.092361e-01 -9.020435e-17 7.929889e-01
    outer loop
      vertex   -4.732989e-02 3.050000e-02 9.284352e-03
      vertex   -4.732989e-02 1.525000e-02 9.284352e-03
      vertex   -4.664274e-02 3.050000e-02 9.812278e-03
    endloop
  endfacet
  facet normal -6.092361e-01 0.000000e+00 7.929889e-01
    outer loop
      vertex   -4.664274e-02 3.050000e-02 9.812278e-03
      vertex   -4.732989e-02 1.525000e-02 9.284352e-03
      vertex   -4.664274e-02 1.525000e-02 9.812278e-03
    endloop
  endfacet
  facet normal -6.092361e-01 8.813447e-17 7.929889e-01
    outer loop
      vertex   -4.732989e-02 -1.525000e-02 9.284352e-03
      vertex   -4.664274e-02 -1.525000e-02 9.812278e-03
      vertex   -4.664274e-02 6.661338e-18 9.812278e-03
    endloop
  endfacet
  facet normal -6.092361e-01 0.000000e+00 7.929889e-01
    outer loop
      vertex   -4.732989e-02 1.525000e-02 9.284352e-03
      vertex   -4.732989e-02 6.661338e-18 9.284352e-03
      vertex   -4.664274e-02 1.525000e-02 9.812278e-03
    endloop
  endfacet
  facet normal -6.092361e-01 0.000000e+00 7.929889e-01
    outer loop
      vertex   -4.664274e-02 1.525000e-02 9.812278e-03
      vertex   -4.732989e-02 6.661338e-18 9.284352e-03
      vertex   -4.664274e-02 6.661338e-18 9.812278e-03
    endloop
  endfacet
  facet normal -6.092361e-01 0.000000e+00 7.929889e-01
    outer loop
      vertex   -4.732989e-02 6.661338e-18 9.284352e-03
      vertex   -4.732989e-02 -1.525000e-02 9.284352e-03
      vertex   -4.664274e-02 6.661338e-18 9.812278e-03
    endloop
  endfacet
  facet normal 0.000000e+00 -1.000000e+00 0.000000e+00
    outer loop
      vertex   -3.200000e-02 3.250000e-02 1.200000e-02
      vertex   -3.200000e-02 3.250000e-02 5.973791e-02
      vertex   -4.473011e-02 3.250000e-02 1.200000e-02
    endloop
  endfacet
  facet normal 0.000000e+00 0.000000e+00 1.000000e+00
    outer loop
      vertex   -3.200000e-02 3.050000e-02 1.000000e-02
      vertex   -4.579678e-02 3.050000e-02 1.000000e-02
      vertex   -3.200000e-02 -3.050000e-02 1.000000e-02
    endloop
  endfacet
  facet normal 0.000000e+00 0.000000e+00 1.000000e+00
    outer loop
      vertex   -3.200000e-02 -3.050000e-02 1.000000e-02
      vertex   -4.579678e-02 3.050000e-02 1.000000e-02
      vertex   -4.579678e-02 -3.050000e-02 1.000000e-02
    endloop
  endfacet
  facet normal 1.950903e-01 -0.000000e+00 9.807853e-01
    outer loop
      vertex   -2.200000e-02 -3.550000e-02 7.500000e-02
      vertex   -2.123463e-02 7.500000e-03 7.484776e-02
      vertex   -2.200000e-02 3.550000e-02 7.500000e-02
    endloop
  endfacet
  facet normal 1.950903e-01 -4.522654e-17 9.807853e-01
    outer loop
      vertex   -2.200000e-02 3.550000e-02 7.500000e-02
      vertex   -2.123463e-02 7.500000e-03 7.484776e-02
      vertex   -2.123463e-02 2.250000e-02 7.484776e-02
    endloop
  endfacet
  facet normal 1.950903e-01 1.037406e-15 9.807853e-01
    outer loop
      vertex   -2.200000e-02 3.550000e-02 7.500000e-02
      vertex   -2.123463e-02 2.250000e-02 7.484776e-02
      vertex   -2.123463e-02 3.626537e-02 7.484776e-02
    endloop
  endfacet
  facet normal 5.555702e-01 9.782871e-16 8.314696e-01
    outer loop
      vertex   -2.123463e-02 3.626537e-02 7.484776e-02
      vertex   -2.123463e-02 2.250000e-02 7.484776e-02
      vertex   -2.058579e-02 2.250000e-02 7.441421e-02
    endloop
  endfacet
  facet normal 5.555702e-01 1.364871e-16 8.314696e-01
    outer loop
      vertex   -2.123463e-02 3.626537e-02 7.484776e-02
      vertex   -2.058579e-02 2.250000e-02 7.441421e-02
      vertex   -2.058579e-02 3.691421e-02 7.441421e-02
    endloop
  endfacet
  facet normal 8.314696e-01 2.001316e-16 5.555702e-01
    outer loop
      vertex   -2.058579e-02 3.691421e-02 7.441421e-02
      vertex   -2.058579e-02 2.250000e-02 7.441421e-02
      vertex   -2.015224e-02 2.250000e-02 7.376537e-02
    endloop
  endfacet
  facet normal 8.314696e-01 3.883673e-16 5.555702e-01
    outer loop
      vertex   -2.058579e-02 3.691421e-02 7.441421e-02
      vertex   -2.015224e-02 2.250000e-02 7.376537e-02
      vertex   -2.015224e-02 3.734776e-02 7.376537e-02
    endloop
  endfacet
  facet normal 9.569403e-01 4.472128e-16 2.902847e-01
    outer loop
      vertex   -2.015224e-02 3.734776e-02 7.376537e-02
      vertex   -2.015224e-02 2.250000e-02 7.376537e-02
      vertex   -2.003843e-02 3.746157e-02 7.339018e-02
    endloop
  endfacet
  facet normal 9.952208e-01 -5.125193e-03 9.751590e-02
    outer loop
      vertex   -2.003843e-02 3.746157e-02 7.339018e-02
      vertex   -2.015224e-02 2.250000e-02 7.376537e-02
      vertex   -2.000000e-02 3.750000e-02 7.300000e-02
    endloop
  endfacet
  facet normal 9.807853e-01 0.000000e+00 1.950903e-01
    outer loop
      vertex   -2.000000e-02 3.750000e-02 7.300000e-02
      vertex   -2.015224e-02 2.250000e-02 7.376537e-02
      vertex   -2.015224e-02 7.500000e-03 7.376537e-02
    endloop
  endfacet
  facet normal 9.807853e-01 0.000000e+00 1.950903e-01
    outer loop
      vertex   -2.000000e-02 3.750000e-02 7.300000e-02
      vertex   -2.015224e-02 7.500000e-03 7.376537e-02
      vertex   -2.015224e-02 -7.500000e-03 7.376537e-02
    endloop
  endfacet
  facet normal 8.314696e-01 -0.000000e+00 5.555702e-01
    outer loop
      vertex   -2.015224e-02 -7.500000e-03 7.376537e-02
      vertex   -2.015224e-02 7.500000e-03 7.376537e-02
      vertex   -2.058579e-02 -7.500000e-03 7.441421e-02
    endloop
  endfacet
  facet normal 8.314696e-01 0.000000e+00 5.555702e-01
    outer loop
      vertex   -2.015224e-02 -7.500000e-03 7.376537e-02
      vertex   -2.058579e-02 -7.500000e-03 7.441421e-02
      vertex   -2.058579e-02 -2.250000e-02 7.441421e-02
    endloop
  endfacet
  facet normal 5.555702e-01 -0.000000e+00 8.314696e-01
    outer loop
      vertex   -2.058579e-02 -2.250000e-02 7.441421e-02
      vertex   -2.058579e-02 -7.500000e-03 7.441421e-02
      vertex   -2.123463e-02 -2.250000e-02 7.484776e-02
    endloop
  endfacet
  facet normal 5.555702e-01 0.000000e+00 8.314696e-01
    outer loop
      vertex   -2.058579e-02 -2.250000e-02 7.441421e-02
      vertex   -2.123463e-02 -2.250000e-02 7.484776e-02
      vertex   -2.123463e-02 -3.626537e-02 7.484776e-02
    endloop
  endfacet
  facet normal 1.950903e-01 -0.000000e+00 9.807853e-01
    outer loop
      vertex   -2.123463e-02 -3.626537e-02 7.484776e-02
      vertex   -2.123463e-02 -2.250000e-02 7.484776e-02
      vertex   -2.200000e-02 -3.550000e-02 7.500000e-02
    endloop
  endfacet
  facet normal 1.950903e-01 0.000000e+00 9.807853e-01
    outer loop
      vertex   -2.200000e-02 -3.550000e-02 7.500000e-02
      vertex   -2.123463e-02 -2.250000e-02 7.484776e-02
      vertex   -2.123463e-02 -7.500000e-03 7.484776e-02
    endloop
  endfacet
  facet normal 1.950903e-01 0.000000e+00 9.807853e-01
    outer loop
      vertex   -2.200000e-02 -3.550000e-02 7.500000e-02
      vertex   -2.123463e-02 -7.500000e-03 7.484776e-02
      vertex   -2.123463e-02 7.500000e-03 7.484776e-02
    endloop
  endfacet
  facet normal 5.555702e-01 0.000000e+00 8.314696e-01
    outer loop
      vertex   -2.123463e-02 7.500000e-03 7.484776e-02
      vertex   -2.123463e-02 -7.500000e-03 7.484776e-02
      vertex   -2.058579e-02 7.500000e-03 7.441421e-02
    endloop
  endfacet
  facet normal 5.555702e-01 0.000000e+00 8.314696e-01
    outer loop
      vertex   -2.123463e-02 7.500000e-03 7.484776e-02
      vertex   -2.058579e-02 7.500000e-03 7.441421e-02
      vertex   -2.058579e-02 2.250000e-02 7.441421e-02
    endloop
  endfacet
  facet normal 8.314696e-01 0.000000e+00 5.555702e-01
    outer loop
      vertex   -2.058579e-02 2.250000e-02 7.441421e-02
      vertex   -2.058579e-02 7.500000e-03 7.441421e-02
      vertex   -2.015224e-02 2.250000e-02 7.376537e-02
    endloop
  endfacet
  facet normal 5.555702e-01 0.000000e+00 8.314696e-01
    outer loop
      vertex   -2.123463e-02 -3.626537e-02 7.484776e-02
      vertex   -2.058579e-02 -3.691421e-02 7.441421e-02
      vertex   -2.058579e-02 -2.250000e-02 7.441421e-02
    endloop
  endfacet
  facet normal 8.314696e-01 0.000000e+00 5.555702e-01
    outer loop
      vertex   -2.058579e-02 -2.250000e-02 7.441421e-02
      vertex   -2.058579e-02 -3.691421e-02 7.441421e-02
      vertex   -2.015224e-02 -2.250000e-02 7.376537e-02
    endloop
  endfacet
  facet normal 8.314696e-01 0.000000e+00 5.555702e-01
    outer loop
      vertex   -2.058579e-02 -2.250000e-02 7.441421e-02
      vertex   -2.015224e-02 -2.250000e-02 7.376537e-02
      vertex   -2.015224e-02 -7.500000e-03 7.376537e-02
    endloop
  endfacet
  facet normal 9.569403e-01 0.000000e+00 2.902847e-01
    outer loop
      vertex   -2.015224e-02 -7.500000e-03 7.376537e-02
      vertex   -2.015224e-02 -2.250000e-02 7.376537e-02
      vertex   -2.003843e-02 -3.746157e-02 7.339018e-02
    endloop
  endfacet
  facet normal 9.716776e-01 7.318727e-04 2.363094e-01
    outer loop
      vertex   -2.015224e-02 -7.500000e-03 7.376537e-02
      vertex   -2.003843e-02 -3.746157e-02 7.339018e-02
      vertex   -2.000000e-02 3.750000e-02 7.300000e-02
    endloop
  endfacet
  facet normal 9.951847e-01 1.813681e-17 9.801714e-02
    outer loop
      vertex   -2.000000e-02 3.750000e-02 7.300000e-02
      vertex   -2.003843e-02 -3.746157e-02 7.339018e-02
      vertex   -2.000000e-02 -3.750000e-02 7.300000e-02
    endloop
  endfacet
  facet normal 8.314696e-01 0.000000e+00 5.555702e-01
    outer loop
      vertex   -2.058579e-02 -3.691421e-02 7.441421e-02
      vertex   -2.015224e-02 -3.734776e-02 7.376537e-02
      vertex   -2.015224e-02 -2.250000e-02 7.376537e-02
    endloop
  endfacet
  facet normal 9.569403e-01 0.000000e+00 2.902847e-01
    outer loop
      vertex   -2.015224e-02 -2.250000e-02 7.376537e-02
      vertex   -2.015224e-02 -3.734776e-02 7.376537e-02
      vertex   -2.003843e-02 -3.746157e-02 7.339018e-02
    endloop
  endfacet
  facet normal 5.555702e-01 -1.285014e-16 8.314696e-01
    outer loop
      vertex   -2.123463e-02 7.500000e-03 7.484776e-02
      vertex   -2.058579e-02 2.250000e-02 7.441421e-02
      vertex   -2.123463e-02 2.250000e-02 7.484776e-02
    endloop
  endfacet
  facet normal 5.555702e-01 0.000000e+00 8.314696e-01
    outer loop
      vertex   -2.058579e-02 7.500000e-03 7.441421e-02
      vertex   -2.123463e-02 -7.500000e-03 7.484776e-02
      vertex   -2.058579e-02 -7.500000e-03 7.441421e-02
    endloop
  endfacet
  facet normal 5.555702e-01 0.000000e+00 8.314696e-01
    outer loop
      vertex   -2.058579e-02 -7.500000e-03 7.441421e-02
      vertex   -2.123463e-02 -7.500000e-03 7.484776e-02
      vertex   -2.123463e-02 -2.250000e-02 7.484776e-02
    endloop
  endfacet
  facet normal 8.314696e-01 0.000000e+00 5.555702e-01
    outer loop
      vertex   -2.015224e-02 2.250000e-02 7.376537e-02
      vertex   -2.058579e-02 7.500000e-03 7.441421e-02
      vertex   -2.015224e-02 7.500000e-03 7.376537e-02
    endloop
  endfacet
  facet normal 8.314696e-01 0.000000e+00 5.555702e-01
    outer loop
      vertex   -2.015224e-02 7.500000e-03 7.376537e-02
      vertex   -2.058579e-02 7.500000e-03 7.441421e-02
      vertex   -2.058579e-02 -7.500000e-03 7.441421e-02
    endloop
  endfacet
  facet normal -8.865073e-01 -3.969838e-01 2.377154e-01
    outer loop
      vertex   -3.007315e-02 -3.603034e-02 7.444804e-02
      vertex   -3.389950e-02 -3.626537e-02 5.978601e-02
      vertex   -2.977391e-02 -3.654429e-02 7.470571e-02
    endloop
  endfacet
  facet normal -8.040062e-01 -5.555687e-01 2.119375e-01
    outer loop
      vertex   -2.977391e-02 -3.654429e-02 7.470571e-02
      vertex   -3.389950e-02 -3.626537e-02 5.978601e-02
      vertex   -3.348060e-02 -3.691421e-02 5.967430e-02
    endloop
  endfacet
  facet normal -7.529478e-01 -6.266023e-01 2.010948e-01
    outer loop
      vertex   -2.977391e-02 -3.654429e-02 7.470571e-02
      vertex   -3.348060e-02 -3.691421e-02 5.967430e-02
      vertex   -2.952876e-02 -3.694128e-02 7.438662e-02
    endloop
  endfacet
  facet normal -5.760424e-01 -8.029252e-01 1.532524e-01
    outer loop
      vertex   -2.952876e-02 -3.694128e-02 7.438662e-02
      vertex   -3.348060e-02 -3.691421e-02 5.967430e-02
      vertex   -2.921452e-02 -3.724479e-02 7.397761e-02
    endloop
  endfacet
  facet normal -5.373679e-01 -8.314677e-01 1.410577e-01
    outer loop
      vertex   -2.921452e-02 -3.724479e-02 7.397761e-02
      vertex   -3.348060e-02 -3.691421e-02 5.967430e-02
      vertex   -3.285366e-02 -3.734776e-02 5.950711e-02
    endloop
  endfacet
  facet normal -3.601364e-01 -9.278251e-01 9.717196e-02
    outer loop
      vertex   -2.921452e-02 -3.724479e-02 7.397761e-02
      vertex   -3.285366e-02 -3.734776e-02 5.950711e-02
      vertex   -2.885157e-02 -3.743515e-02 7.350518e-02
    endloop
  endfacet
  facet normal -1.266155e-01 -9.914978e-01 3.001009e-02
    outer loop
      vertex   -2.885157e-02 -3.743515e-02 7.350518e-02
      vertex   -3.285366e-02 -3.734776e-02 5.950711e-02
      vertex   -2.846344e-02 -3.750000e-02 7.300000e-02
    endloop
  endfacet
  facet normal -1.885031e-01 -9.807853e-01 5.026749e-02
    outer loop
      vertex   -2.846344e-02 -3.750000e-02 7.300000e-02
      vertex   -3.285366e-02 -3.734776e-02 5.950711e-02
      vertex   -3.684201e-02 -3.734776e-02 4.455081e-02
    endloop
  endfacet
  facet normal -1.885031e-01 -9.807853e-01 5.026749e-02
    outer loop
      vertex   -2.846344e-02 -3.750000e-02 7.300000e-02
      vertex   -3.684201e-02 -3.734776e-02 4.455081e-02
      vertex   -4.083036e-02 -3.734776e-02 2.959450e-02
    endloop
  endfacet
  facet normal -5.368114e-01 -8.314696e-01 1.431497e-01
    outer loop
      vertex   -4.083036e-02 -3.734776e-02 2.959450e-02
      vertex   -3.684201e-02 -3.734776e-02 4.455081e-02
      vertex   -4.145729e-02 -3.691421e-02 2.976168e-02
    endloop
  endfacet
  facet normal -5.368114e-01 -8.314696e-01 1.431497e-01
    outer loop
      vertex   -4.083036e-02 -3.734776e-02 2.959450e-02
      vertex   -4.145729e-02 -3.691421e-02 2.976168e-02
      vertex   -4.544564e-02 -3.691421e-02 1.480537e-02
    endloop
  endfacet
  facet normal -8.033950e-01 -5.555702e-01 2.142387e-01
    outer loop
      vertex   -4.544564e-02 -3.691421e-02 1.480537e-02
      vertex   -4.145729e-02 -3.691421e-02 2.976168e-02
      vertex   -4.586455e-02 -3.626537e-02 1.491708e-02
    endloop
  endfacet
  facet normal -8.033950e-01 -5.555702e-01 2.142387e-01
    outer loop
      vertex   -4.544564e-02 -3.691421e-02 1.480537e-02
      vertex   -4.586455e-02 -3.626537e-02 1.491708e-02
      vertex   -4.939374e-02 -3.691421e-02 0.000000e+00
    endloop
  endfacet
  facet normal -8.033950e-01 -5.555702e-01 2.142387e-01
    outer loop
      vertex   -4.939374e-02 -3.691421e-02 0.000000e+00
      vertex   -4.586455e-02 -3.626537e-02 1.491708e-02
      vertex   -4.984244e-02 -3.626537e-02 0.000000e+00
    endloop
  endfacet
  facet normal -9.476690e-01 -1.950903e-01 2.527117e-01
    outer loop
      vertex   -4.984244e-02 -3.626537e-02 0.000000e+00
      vertex   -4.586455e-02 -3.626537e-02 1.491708e-02
      vertex   -5.000000e-02 -3.550000e-02 0.000000e+00
    endloop
  endfacet
  facet normal -9.476690e-01 -1.950903e-01 2.527117e-01
    outer loop
      vertex   -5.000000e-02 -3.550000e-02 0.000000e+00
      vertex   -4.586455e-02 -3.626537e-02 1.491708e-02
      vertex   -4.187620e-02 -3.626537e-02 2.987339e-02
    endloop
  endfacet
  facet normal -9.476690e-01 -1.950903e-01 2.527117e-01
    outer loop
      vertex   -5.000000e-02 -3.550000e-02 0.000000e+00
      vertex   -4.187620e-02 -3.626537e-02 2.987339e-02
      vertex   -3.788785e-02 -3.626537e-02 4.482970e-02
    endloop
  endfacet
  facet normal -8.033950e-01 -5.555702e-01 2.142387e-01
    outer loop
      vertex   -3.788785e-02 -3.626537e-02 4.482970e-02
      vertex   -4.187620e-02 -3.626537e-02 2.987339e-02
      vertex   -3.746895e-02 -3.691421e-02 4.471799e-02
    endloop
  endfacet
  facet normal -8.033950e-01 -5.555702e-01 2.142387e-01
    outer loop
      vertex   -3.788785e-02 -3.626537e-02 4.482970e-02
      vertex   -3.746895e-02 -3.691421e-02 4.471799e-02
      vertex   -3.348060e-02 -3.691421e-02 5.967430e-02
    endloop
  endfacet
  facet normal -5.368114e-01 -8.314696e-01 1.431497e-01
    outer loop
      vertex   -3.348060e-02 -3.691421e-02 5.967430e-02
      vertex   -3.746895e-02 -3.691421e-02 4.471799e-02
      vertex   -3.285366e-02 -3.734776e-02 5.950711e-02
    endloop
  endfacet
  facet normal -9.575625e-01 -1.336803e-01 2.553500e-01
    outer loop
      vertex   -3.023409e-02 -3.550000e-02 7.412217e-02
      vertex   -5.000000e-02 -3.550000e-02 0.000000e+00
      vertex   -3.007315e-02 -3.603034e-02 7.444804e-02
    endloop
  endfacet
  facet normal -9.387114e-01 -2.377800e-01 2.495627e-01
    outer loop
      vertex   -3.007315e-02 -3.603034e-02 7.444804e-02
      vertex   -5.000000e-02 -3.550000e-02 0.000000e+00
      vertex   -3.788785e-02 -3.626537e-02 4.482970e-02
    endloop
  endfacet
  facet normal -9.138603e-01 -3.247640e-01 2.436961e-01
    outer loop
      vertex   -3.007315e-02 -3.603034e-02 7.444804e-02
      vertex   -3.788785e-02 -3.626537e-02 4.482970e-02
      vertex   -3.389950e-02 -3.626537e-02 5.978601e-02
    endloop
  endfacet
  facet normal -8.033950e-01 -5.555702e-01 2.142387e-01
    outer loop
      vertex   -3.389950e-02 -3.626537e-02 5.978601e-02
      vertex   -3.788785e-02 -3.626537e-02 4.482970e-02
      vertex   -3.348060e-02 -3.691421e-02 5.967430e-02
    endloop
  endfacet
  facet normal -5.368114e-01 -8.314696e-01 1.431497e-01
    outer loop
      vertex   -4.939374e-02 -3.691421e-02 0.000000e+00
      vertex   -4.872222e-02 -3.734776e-02 0.000000e+00
      vertex   -4.544564e-02 -3.691421e-02 1.480537e-02
    endloop
  endfacet
  facet normal -5.368114e-01 -8.314696e-01 1.431497e-01
    outer loop
      vertex   -4.544564e-02 -3.691421e-02 1.480537e-02
      vertex   -4.872222e-02 -3.734776e-02 0.000000e+00
      vertex   -4.481871e-02 -3.734776e-02 1.463819e-02
    endloop
  endfacet
  facet normal -5.368114e-01 -8.314696e-01 1.431497e-01
    outer loop
      vertex   -4.544564e-02 -3.691421e-02 1.480537e-02
      vertex   -4.481871e-02 -3.734776e-02 1.463819e-02
      vertex   -4.083036e-02 -3.734776e-02 2.959450e-02
    endloop
  endfacet
  facet normal -1.885031e-01 -9.807853e-01 5.026749e-02
    outer loop
      vertex   -4.083036e-02 -3.734776e-02 2.959450e-02
      vertex   -4.481871e-02 -3.734776e-02 1.463819e-02
      vertex   -4.793011e-02 -3.750000e-02 0.000000e+00
    endloop
  endfacet
  facet normal -1.885031e-01 -9.807853e-01 5.026749e-02
    outer loop
      vertex   -4.083036e-02 -3.734776e-02 2.959450e-02
      vertex   -4.793011e-02 -3.750000e-02 0.000000e+00
      vertex   -2.846344e-02 -3.750000e-02 7.300000e-02
    endloop
  endfacet
  facet normal -1.885031e-01 -9.807853e-01 5.026749e-02
    outer loop
      vertex   -4.872222e-02 -3.734776e-02 0.000000e+00
      vertex   -4.793011e-02 -3.750000e-02 0.000000e+00
      vertex   -4.481871e-02 -3.734776e-02 1.463819e-02
    endloop
  endfacet
  facet normal -8.033950e-01 -5.555702e-01 2.142387e-01
    outer loop
      vertex   -4.187620e-02 -3.626537e-02 2.987339e-02
      vertex   -4.586455e-02 -3.626537e-02 1.491708e-02
      vertex   -4.145729e-02 -3.691421e-02 2.976168e-02
    endloop
  endfacet
  facet normal -8.033950e-01 -5.555702e-01 2.142387e-01
    outer loop
      vertex   -4.187620e-02 -3.626537e-02 2.987339e-02
      vertex   -4.145729e-02 -3.691421e-02 2.976168e-02
      vertex   -3.746895e-02 -3.691421e-02 4.471799e-02
    endloop
  endfacet
  facet normal -5.368114e-01 -8.314696e-01 1.431497e-01
    outer loop
      vertex   -3.746895e-02 -3.691421e-02 4.471799e-02
      vertex   -4.145729e-02 -3.691421e-02 2.976168e-02
      vertex   -3.684201e-02 -3.734776e-02 4.455081e-02
    endloop
  endfacet
  facet normal -5.368114e-01 -8.314696e-01 1.431497e-01
    outer loop
      vertex   -3.746895e-02 -3.691421e-02 4.471799e-02
      vertex   -3.684201e-02 -3.734776e-02 4.455081e-02
      vertex   -3.285366e-02 -3.734776e-02 5.950711e-02
    endloop
  endfacet
  facet normal 0.000000e+00 -0.000000e+00 -1.000000e+00
    outer loop
      vertex   -4.850911e-02 3.626537e-02 5.000000e-03
      vertex   -4.806041e-02 3.691421e-02 5.000000e-03
      vertex   -4.866667e-02 3.550000e-02 5.000000e-03
    endloop
  endfacet
  facet normal 0.000000e+00 0.000000e+00 -1.000000e+00
    outer loop
      vertex   -4.866667e-02 3.550000e-02 5.000000e-03
      vertex   -4.806041e-02 3.691421e-02 5.000000e-03
      vertex   -4.738889e-02 3.734776e-02 5.000000e-03
    endloop
  endfacet
  facet normal 0.000000e+00 0.000000e+00 -1.000000e+00
    outer loop
      vertex   -4.866667e-02 3.550000e-02 5.000000e-03
      vertex   -4.738889e-02 3.734776e-02 5.000000e-03
      vertex   -4.659678e-02 3.750000e-02 5.000000e-03
    endloop
  endfacet
  facet normal -0.000000e+00 -0.000000e+00 -1.000000e+00
    outer loop
      vertex   -2.000000e-02 3.750000e-02 5.000000e-03
      vertex   -2.000000e-02 1.464102e-03 5.000000e-03
      vertex   -4.659678e-02 3.750000e-02 5.000000e-03
    endloop
  endfacet
  facet normal 0.000000e+00 -0.000000e+00 -1.000000e+00
    outer loop
      vertex   -4.659678e-02 3.750000e-02 5.000000e-03
      vertex   -2.000000e-02 1.464102e-03 5.000000e-03
      vertex   -4.866667e-02 4.440892e-18 5.000000e-03
    endloop
  endfacet
  facet normal 0.000000e+00 0.000000e+00 -1.000000e+00
    outer loop
      vertex   -4.659678e-02 3.750000e-02 5.000000e-03
      vertex   -4.866667e-02 4.440892e-18 5.000000e-03
      vertex   -4.866667e-02 3.550000e-02 5.000000e-03
    endloop
  endfacet
  facet normal 0.000000e+00 -0.000000e+00 -1.000000e+00
    outer loop
      vertex   -2.000000e-02 1.464102e-03 5.000000e-03
      vertex   -1.989868e-02 7.142985e-04 5.000000e-03
      vertex   -4.866667e-02 4.440892e-18 5.000000e-03
    endloop
  endfacet
  facet normal 0.000000e+00 0.000000e+00 -1.000000e+00
    outer loop
      vertex   -4.866667e-02 4.440892e-18 5.000000e-03
      vertex   -1.989868e-02 7.142985e-04 5.000000e-03
      vertex   -1.962093e-02 4.271118e-14 5.000000e-03
    endloop
  endfacet
  facet normal -0.000000e+00 -0.000000e+00 -1.000000e+00
    outer loop
      vertex   5.000000e-02 -1.006230e-02 -1.000000e-02
      vertex   5.000000e-02 -2.750000e-02 -1.000000e-02
      vertex   -5.000000e-02 -1.006230e-02 -1.000000e-02
    endloop
  endfacet
  facet normal 0.000000e+00 0.000000e+00 -1.000000e+00
    outer loop
      vertex   -5.000000e-02 -1.006230e-02 -1.000000e-02
      vertex   5.000000e-02 -2.750000e-02 -1.000000e-02
      vertex   -5.000000e-02 -2.750000e-02 -1.000000e-02
    endloop
  endfacet
  facet normal 0.000000e+00 8.966506e-01 4.427390e-01
    outer loop
      vertex   5.000000e-02 -1.500000e-02 0.000000e+00
      vertex   5.000000e-02 -1.006230e-02 -1.000000e-02
      vertex   -5.000000e-02 -1.500000e-02 0.000000e+00
    endloop
  endfacet
  facet normal 0.000000e+00 8.966506e-01 4.427390e-01
    outer loop
      vertex   -5.000000e-02 -1.500000e-02 0.000000e+00
      vertex   5.000000e-02 -1.006230e-02 -1.000000e-02
      vertex   -5.000000e-02 -1.006230e-02 -1.000000e-02
    endloop
  endfacet
  facet normal 0.000000e+00 -8.944272e-01 4.472136e-01
    outer loop
      vertex   5.000000e-02 -2.750000e-02 -1.000000e-02
      vertex   5.000000e-02 -2.250000e-02 0.000000e+00
      vertex   -5.000000e-02 -2.750000e-02 -1.000000e-02
    endloop
  endfacet
  facet normal 0.000000e+00 -8.944272e-01 4.472136e-01
    outer loop
      vertex   -5.000000e-02 -2.750000e-02 -1.000000e-02
      vertex   5.000000e-02 -2.250000e-02 0.000000e+00
      vertex   -5.000000e-02 -2.250000e-02 0.000000e+00
    endloop
  endfacet
  facet normal -1.000000e+00 0.000000e+00 0.000000e+00
    outer loop
      vertex   -5.000000e-02 -2.750000e-02 -1.000000e-02
      vertex   -5.000000e-02 -2.250000e-02 0.000000e+00
      vertex   -5.000000e-02 -1.006230e-02 -1.000000e-02
    endloop
  endfacet
  facet normal -1.000000e+00 0.000000e+00 0.000000e+00
    outer loop
      vertex   -5.000000e-02 -1.006230e-02 -1.000000e-02
      vertex   -5.000000e-02 -2.250000e-02 0.000000e+00
      vertex   -5.000000e-02 -1.500000e-02 0.000000e+00
    endloop
  endfacet
  facet normal 0.000000e+00 0.000000e+00 -1.000000e+00
    outer loop
      vertex   5.000000e-02 -1.500000e-02 0.000000e+00
      vertex   -5.000000e-02 -1.500000e-02 0.000000e+00
      vertex   5.000000e-02 4.440892e-18 0.000000e+00
    endloop
  endfacet
  facet normal -0.000000e+00 0.000000e+00 -1.000000e+00
    outer loop
      vertex   5.000000e-02 4.440892e-18 0.000000e+00
      vertex   -5.000000e-02 -1.500000e-02 0.000000e+00
      vertex   -5.000000e-02 4.440892e-18 0.000000e+00
    endloop
  endfacet
  facet normal 0.000000e+00 0.000000e+00 -1.000000e+00
    outer loop
      vertex   -4.872222e-02 -3.734776e-02 0.000000e+00
      vertex   -4.939374e-02 -3.691421e-02 0.000000e+00
      vertex   -4.793011e-02 -3.750000e-02 0.000000e+00
    endloop
  endfacet
  facet normal 0.000000e+00 0.000000e+00 -1.000000e+00
    outer loop
      vertex   -4.793011e-02 -3.750000e-02 0.000000e+00
      vertex   -4.939374e-02 -3.691421e-02 0.000000e+00
      vertex   -4.984244e-02 -3.626537e-02 0.000000e+00
    endloop
  endfacet
  facet normal 0.000000e+00 0.000000e+00 -1.000000e+00
    outer loop
      vertex   -4.793011e-02 -3.750000e-02 0.000000e+00
      vertex   -4.984244e-02 -3.626537e-02 0.000000e+00
      vertex   -5.000000e-02 -3.550000e-02 0.000000e+00
    endloop
  endfacet
  facet normal 0.000000e+00 0.000000e+00 -1.000000e+00
    outer loop
      vertex   -5.000000e-02 -2.250000e-02 0.000000e+00
      vertex   5.000000e-02 -2.250000e-02 0.000000e+00
      vertex   -5.000000e-02 -3.550000e-02 0.000000e+00
    endloop
  endfacet
  facet normal 0.000000e+00 0.000000e+00 -1.000000e+00
    outer loop
      vertex   -5.000000e-02 -3.550000e-02 0.000000e+00
      vertex   5.000000e-02 -2.250000e-02 0.000000e+00
      vertex   5.000000e-02 -3.750000e-02 0.000000e+00
    endloop
  endfacet
  facet normal 0.000000e+00 0.000000e+00 -1.000000e+00
    outer loop
      vertex   -5.000000e-02 -3.550000e-02 0.000000e+00
      vertex   5.000000e-02 -3.750000e-02 0.000000e+00
      vertex   -4.793011e-02 -3.750000e-02 0.000000e+00
    endloop
  endfacet
  facet normal 0.000000e+00 1.000000e+00 0.000000e+00
    outer loop
      vertex   -2.000000e-02 3.750000e-02 7.300000e-02
      vertex   -2.000000e-02 3.750000e-02 5.000000e-03
      vertex   -2.846344e-02 3.750000e-02 7.300000e-02
    endloop
  endfacet
  facet normal 0.000000e+00 1.000000e+00 0.000000e+00
    outer loop
      vertex   -2.846344e-02 3.750000e-02 7.300000e-02
      vertex   -2.000000e-02 3.750000e-02 5.000000e-03
      vertex   -4.659678e-02 3.750000e-02 5.000000e-03
    endloop
  endfacet
  facet normal 0.000000e+00 1.000000e+00 0.000000e+00
    outer loop
      vertex   5.000000e-02 4.440892e-18 3.000000e-03
      vertex   5.000000e-02 4.440892e-18 0.000000e+00
      vertex   -1.800000e-02 4.440892e-18 3.000000e-03
    endloop
  endfacet
  facet normal 0.000000e+00 1.000000e+00 0.000000e+00
    outer loop
      vertex   -1.800000e-02 4.440892e-18 3.000000e-03
      vertex   5.000000e-02 4.440892e-18 0.000000e+00
      vertex   -5.000000e-02 4.440892e-18 0.000000e+00
    endloop
  endfacet
  facet normal 0.000000e+00 1.000000e+00 0.000000e+00
    outer loop
      vertex   -1.800000e-02 4.440892e-18 3.000000e-03
      vertex   -5.000000e-02 4.440892e-18 0.000000e+00
      vertex   -4.866667e-02 4.440892e-18 5.000000e-03
    endloop
  endfacet
  facet normal -1.470327e-12 1.000000e+00 -4.139247e-11
    outer loop
      vertex   -1.962093e-02 4.271118e-14 5.000000e-03
      vertex   -1.889396e-02 4.440892e-18 3.942425e-03
      vertex   -4.866667e-02 4.440892e-18 5.000000e-03
    endloop
  endfacet
  facet normal 0.000000e+00 1.000000e+00 0.000000e+00
    outer loop
      vertex   -4.866667e-02 4.440892e-18 5.000000e-03
      vertex   -1.889396e-02 4.440892e-18 3.942425e-03
      vertex   -1.800000e-02 4.440892e-18 3.000000e-03
    endloop
  endfacet
  facet normal 1.000000e+00 0.000000e+00 -0.000000e+00
    outer loop
      vertex   5.000000e-02 4.440892e-18 0.000000e+00
      vertex   5.000000e-02 4.440892e-18 3.000000e-03
      vertex   5.000000e-02 -1.500000e-02 0.000000e+00
    endloop
  endfacet
  facet normal 1.000000e+00 0.000000e+00 -0.000000e+00
    outer loop
      vertex   5.000000e-02 -1.500000e-02 0.000000e+00
      vertex   5.000000e-02 4.440892e-18 3.000000e-03
      vertex   5.000000e-02 -3.750000e-02 3.000000e-03
    endloop
  endfacet
  facet normal 1.000000e+00 0.000000e+00 0.000000e+00
    outer loop
      vertex   5.000000e-02 -1.500000e-02 0.000000e+00
      vertex   5.000000e-02 -3.750000e-02 3.000000e-03
      vertex   5.000000e-02 -2.250000e-02 0.000000e+00
    endloop
  endfacet
  facet normal 1.000000e+00 0.000000e+00 0.000000e+00
    outer loop
      vertex   5.000000e-02 -2.250000e-02 0.000000e+00
      vertex   5.000000e-02 -3.750000e-02 3.000000e-03
      vertex   5.000000e-02 -3.750000e-02 0.000000e+00
    endloop
  endfacet
  facet normal 1.000000e+00 0.000000e+00 0.000000e+00
    outer loop
      vertex   5.000000e-02 -2.750000e-02 -1.000000e-02
      vertex   5.000000e-02 -1.006230e-02 -1.000000e-02
      vertex   5.000000e-02 -2.250000e-02 0.000000e+00
    endloop
  endfacet
  facet normal 1.000000e+00 -0.000000e+00 0.000000e+00
    outer loop
      vertex   5.000000e-02 -2.250000e-02 0.000000e+00
      vertex   5.000000e-02 -1.006230e-02 -1.000000e-02
      vertex   5.000000e-02 -1.500000e-02 0.000000e+00
    endloop
  endfacet
  facet normal 0.000000e+00 -1.000000e+00 -0.000000e+00
    outer loop
      vertex   -2.000000e-02 -3.750000e-02 7.300000e-02
      vertex   -2.846344e-02 -3.750000e-02 7.300000e-02
      vertex   -2.000000e-02 -3.750000e-02 6.464102e-03
    endloop
  endfacet
  facet normal -0.000000e+00 -1.000000e+00 0.000000e+00
    outer loop
      vertex   -2.000000e-02 -3.750000e-02 6.464102e-03
      vertex   -2.846344e-02 -3.750000e-02 7.300000e-02
      vertex   -4.793011e-02 -3.750000e-02 0.000000e+00
    endloop
  endfacet
  facet normal 0.000000e+00 -1.000000e+00 -0.000000e+00
    outer loop
      vertex   -2.000000e-02 -3.750000e-02 6.464102e-03
      vertex   -4.793011e-02 -3.750000e-02 0.000000e+00
      vertex   -1.981817e-02 -3.750000e-02 5.455854e-03
    endloop
  endfacet
  facet normal 0.000000e+00 -1.000000e+00 -0.000000e+00
    outer loop
      vertex   -1.981817e-02 -3.750000e-02 5.455854e-03
      vertex   -4.793011e-02 -3.750000e-02 0.000000e+00
      vertex   -1.936199e-02 -3.750000e-02 4.559372e-03
    endloop
  endfacet
  facet normal 0.000000e+00 -1.000000e+00 -0.000000e+00
    outer loop
      vertex   -1.936199e-02 -3.750000e-02 4.559372e-03
      vertex   -4.793011e-02 -3.750000e-02 0.000000e+00
      vertex   -1.800000e-02 -3.750000e-02 3.000000e-03
    endloop
  endfacet
  facet normal 0.000000e+00 -1.000000e+00 -0.000000e+00
    outer loop
      vertex   -1.800000e-02 -3.750000e-02 3.000000e-03
      vertex   -4.793011e-02 -3.750000e-02 0.000000e+00
      vertex   5.000000e-02 -3.750000e-02 0.000000e+00
    endloop
  endfacet
  facet normal 0.000000e+00 -1.000000e+00 0.000000e+00
    outer loop
      vertex   -1.800000e-02 -3.750000e-02 3.000000e-03
      vertex   5.000000e-02 -3.750000e-02 0.000000e+00
      vertex   5.000000e-02 -3.750000e-02 3.000000e-03
    endloop
  endfacet
endsolid
