solid ASCII
  facet normal -2.762407e-15 8.578751e-31 -1.000000e+00
    outer loop
      vertex   2.502380e-02 2.792910e-02 -1.025000e-01
      vertex   2.502380e-02 -2.792999e-02 -1.025000e-01
      vertex   2.000000e-02 3.172100e-02 -1.025000e-01
    endloop
  endfacet
  facet normal -2.762407e-15 -0.000000e+00 -1.000000e+00
    outer loop
      vertex   2.000000e-02 3.172100e-02 -1.025000e-01
      vertex   2.502380e-02 -2.792999e-02 -1.025000e-01
      vertex   2.000000e-02 -3.172189e-02 -1.025000e-01
    endloop
  endfacet
  facet normal 3.469447e-16 0.000000e+00 -1.000000e+00
    outer loop
      vertex   2.000000e-02 3.172100e-02 -1.025000e-01
      vertex   2.000000e-02 -3.172189e-02 -1.025000e-01
      vertex   -2.000000e-02 -3.172189e-02 -1.025000e-01
    endloop
  endfacet
  facet normal 3.469447e-16 0.000000e+00 -1.000000e+00
    outer loop
      vertex   -2.000000e-02 -3.172189e-02 -1.025000e-01
      vertex   2.000000e-02 -3.172189e-02 -1.025000e-01
      vertex   -2.000000e-02 -4.750044e-02 -1.025000e-01
    endloop
  endfacet
  facet normal 3.469447e-16 0.000000e+00 -1.000000e+00
    outer loop
      vertex   -2.000000e-02 -4.750044e-02 -1.025000e-01
      vertex   2.000000e-02 -3.172189e-02 -1.025000e-01
      vertex   2.000000e-02 -4.750044e-02 -1.025000e-01
    endloop
  endfacet
  facet normal 0.000000e+00 0.000000e+00 -1.000000e+00
    outer loop
      vertex   2.502380e-02 -2.792999e-02 -1.025000e-01
      vertex   2.502380e-02 2.792910e-02 -1.025000e-01
      vertex   2.934263e-02 -2.335125e-02 -1.025000e-01
    endloop
  endfacet
  facet normal 0.000000e+00 0.000000e+00 -1.000000e+00
    outer loop
      vertex   2.934263e-02 -2.335125e-02 -1.025000e-01
      vertex   2.502380e-02 2.792910e-02 -1.025000e-01
      vertex   2.934263e-02 2.335036e-02 -1.025000e-01
    endloop
  endfacet
  facet normal 0.000000e+00 0.000000e+00 -1.000000e+00
    outer loop
      vertex   2.934263e-02 -2.335125e-02 -1.025000e-01
      vertex   2.934263e-02 2.335036e-02 -1.025000e-01
      vertex   3.283481e-02 -1.811466e-02 -1.025000e-01
    endloop
  endfacet
  facet normal 0.000000e+00 0.000000e+00 -1.000000e+00
    outer loop
      vertex   3.283481e-02 -1.811466e-02 -1.025000e-01
      vertex   2.934263e-02 2.335036e-02 -1.025000e-01
      vertex   3.283481e-02 1.811378e-02 -1.025000e-01
    endloop
  endfacet
  facet normal 0.000000e+00 0.000000e+00 -1.000000e+00
    outer loop
      vertex   3.283481e-02 -1.811466e-02 -1.025000e-01
      vertex   3.283481e-02 1.811378e-02 -1.025000e-01
      vertex   3.540197e-02 -1.236777e-02 -1.025000e-01
    endloop
  endfacet
  facet normal 0.000000e+00 0.000000e+00 -1.000000e+00
    outer loop
      vertex   3.540197e-02 -1.236777e-02 -1.025000e-01
      vertex   3.283481e-02 1.811378e-02 -1.025000e-01
      vertex   3.540197e-02 1.236688e-02 -1.025000e-01
    endloop
  endfacet
  facet normal 0.000000e+00 0.000000e+00 -1.000000e+00
    outer loop
      vertex   3.540197e-02 -1.236777e-02 -1.025000e-01
      vertex   3.540197e-02 1.236688e-02 -1.025000e-01
      vertex   3.697177e-02 -6.272453e-03 -1.025000e-01
    endloop
  endfacet
  facet normal 0.000000e+00 0.000000e+00 -1.000000e+00
    outer loop
      vertex   3.697177e-02 -6.272453e-03 -1.025000e-01
      vertex   3.540197e-02 1.236688e-02 -1.025000e-01
      vertex   3.697177e-02 6.271565e-03 -1.025000e-01
    endloop
  endfacet
  facet normal 0.000000e+00 0.000000e+00 -1.000000e+00
    outer loop
      vertex   3.697177e-02 -6.272453e-03 -1.025000e-01
      vertex   3.697177e-02 6.271565e-03 -1.025000e-01
      vertex   3.750000e-02 -4.438511e-07 -1.025000e-01
    endloop
  endfacet
  facet normal 0.000000e+00 0.000000e+00 -1.000000e+00
    outer loop
      vertex   -2.528096e-02 -2.769743e-02 -1.025000e-01
      vertex   -2.205882e-02 3.032542e-02 -1.025000e-01
      vertex   -2.000000e-02 -3.172189e-02 -1.025000e-01
    endloop
  endfacet
  facet normal 0.000000e+00 0.000000e+00 -1.000000e+00
    outer loop
      vertex   -2.000000e-02 -3.172189e-02 -1.025000e-01
      vertex   -2.205882e-02 3.032542e-02 -1.025000e-01
      vertex   -2.095383e-02 3.143145e-02 -1.025000e-01
    endloop
  endfacet
  facet normal 3.388281e-16 5.117430e-18 -1.000000e+00
    outer loop
      vertex   -2.000000e-02 -3.172189e-02 -1.025000e-01
      vertex   -2.095383e-02 3.143145e-02 -1.025000e-01
      vertex   2.000000e-02 3.172100e-02 -1.025000e-01
    endloop
  endfacet
  facet normal 3.400886e-16 -1.731646e-16 -1.000000e+00
    outer loop
      vertex   2.000000e-02 3.172100e-02 -1.025000e-01
      vertex   -2.095383e-02 3.143145e-02 -1.025000e-01
      vertex   -2.024443e-02 3.282467e-02 -1.025000e-01
    endloop
  endfacet
  facet normal 8.341401e-16 1.784201e-14 -1.000000e+00
    outer loop
      vertex   2.000000e-02 3.172100e-02 -1.025000e-01
      vertex   -2.024443e-02 3.282467e-02 -1.025000e-01
      vertex   -2.000000e-02 3.436887e-02 -1.025000e-01
    endloop
  endfacet
  facet normal 0.000000e+00 0.000000e+00 -1.000000e+00
    outer loop
      vertex   -2.205882e-02 3.032542e-02 -1.025000e-01
      vertex   -2.528096e-02 -2.769743e-02 -1.025000e-01
      vertex   -2.706139e-02 2.595974e-02 -1.025000e-01
    endloop
  endfacet
  facet normal 0.000000e+00 -0.000000e+00 -1.000000e+00
    outer loop
      vertex   -2.706139e-02 2.595974e-02 -1.025000e-01
      vertex   -2.528096e-02 -2.769743e-02 -1.025000e-01
      vertex   -2.976939e-02 -2.280469e-02 -1.025000e-01
    endloop
  endfacet
  facet normal 0.000000e+00 0.000000e+00 -1.000000e+00
    outer loop
      vertex   -2.706139e-02 2.595974e-02 -1.025000e-01
      vertex   -2.976939e-02 -2.280469e-02 -1.025000e-01
      vertex   -3.121560e-02 2.078023e-02 -1.025000e-01
    endloop
  endfacet
  facet normal 0.000000e+00 -0.000000e+00 -1.000000e+00
    outer loop
      vertex   -3.121560e-02 2.078023e-02 -1.025000e-01
      vertex   -2.976939e-02 -2.280469e-02 -1.025000e-01
      vertex   -3.332456e-02 -1.719705e-02 -1.025000e-01
    endloop
  endfacet
  facet normal 0.000000e+00 0.000000e+00 -1.000000e+00
    outer loop
      vertex   -3.121560e-02 2.078023e-02 -1.025000e-01
      vertex   -3.332456e-02 -1.719705e-02 -1.025000e-01
      vertex   -3.439123e-02 1.494925e-02 -1.025000e-01
    endloop
  endfacet
  facet normal 0.000000e+00 -0.000000e+00 -1.000000e+00
    outer loop
      vertex   -3.439123e-02 1.494925e-02 -1.025000e-01
      vertex   -3.332456e-02 -1.719705e-02 -1.025000e-01
      vertex   -3.583504e-02 -1.105032e-02 -1.025000e-01
    endloop
  endfacet
  facet normal 0.000000e+00 0.000000e+00 -1.000000e+00
    outer loop
      vertex   -3.439123e-02 1.494925e-02 -1.025000e-01
      vertex   -3.583504e-02 -1.105032e-02 -1.025000e-01
      vertex   -3.648872e-02 8.649619e-03 -1.025000e-01
    endloop
  endfacet
  facet normal 0.000000e+00 -0.000000e+00 -1.000000e+00
    outer loop
      vertex   -3.648872e-02 8.649619e-03 -1.025000e-01
      vertex   -3.583504e-02 -1.105032e-02 -1.025000e-01
      vertex   -3.722212e-02 -4.557178e-03 -1.025000e-01
    endloop
  endfacet
  facet normal 0.000000e+00 0.000000e+00 -1.000000e+00
    outer loop
      vertex   -3.648872e-02 8.649619e-03 -1.025000e-01
      vertex   -3.722212e-02 -4.557178e-03 -1.025000e-01
      vertex   -3.744231e-02 2.078812e-03 -1.025000e-01
    endloop
  endfacet
  facet normal 6.938894e-16 0.000000e+00 -1.000000e+00
    outer loop
      vertex   -2.000000e-02 4.749956e-02 -1.025000e-01
      vertex   2.000000e-02 4.749956e-02 -1.025000e-01
      vertex   -2.000000e-02 3.436887e-02 -1.025000e-01
    endloop
  endfacet
  facet normal -1.722774e-16 2.638604e-15 -1.000000e+00
    outer loop
      vertex   -2.000000e-02 3.436887e-02 -1.025000e-01
      vertex   2.000000e-02 4.749956e-02 -1.025000e-01
      vertex   2.000000e-02 3.172100e-02 -1.025000e-01
    endloop
  endfacet
  facet normal 1.000000e+00 0.000000e+00 0.000000e+00
    outer loop
      vertex   2.000000e-02 3.755026e-02 -9.528453e-02
      vertex   2.000000e-02 3.172100e-02 -1.025000e-01
      vertex   2.000000e-02 3.976449e-02 -9.550000e-02
    endloop
  endfacet
  facet normal 1.000000e+00 0.000000e+00 0.000000e+00
    outer loop
      vertex   2.000000e-02 3.976449e-02 -9.550000e-02
      vertex   2.000000e-02 3.172100e-02 -1.025000e-01
      vertex   2.000000e-02 4.749956e-02 -1.025000e-01
    endloop
  endfacet
  facet normal 1.000000e+00 -0.000000e+00 0.000000e+00
    outer loop
      vertex   2.000000e-02 3.976449e-02 -9.550000e-02
      vertex   2.000000e-02 4.749956e-02 -1.025000e-01
      vertex   2.000000e-02 6.249956e-02 -9.550000e-02
    endloop
  endfacet
  facet normal 1.000000e+00 -1.059704e-16 2.270795e-16
    outer loop
      vertex   2.000000e-02 6.249956e-02 -9.550000e-02
      vertex   2.000000e-02 4.749956e-02 -1.025000e-01
      vertex   2.000000e-02 6.249956e-02 -1.107786e-01
    endloop
  endfacet
  facet normal 1.000000e+00 0.000000e+00 4.190884e-16
    outer loop
      vertex   2.000000e-02 6.249956e-02 -1.107786e-01
      vertex   2.000000e-02 4.749956e-02 -1.025000e-01
      vertex   2.000000e-02 4.749956e-02 -1.107786e-01
    endloop
  endfacet
  facet normal 1.000000e+00 0.000000e+00 0.000000e+00
    outer loop
      vertex   2.000000e-02 3.755026e-02 -9.528453e-02
      vertex   2.000000e-02 3.541795e-02 -9.464900e-02
      vertex   2.000000e-02 3.172100e-02 -1.025000e-01
    endloop
  endfacet
  facet normal 1.000000e+00 -1.411934e-15 6.648638e-16
    outer loop
      vertex   2.000000e-02 3.172100e-02 -1.025000e-01
      vertex   2.000000e-02 3.541795e-02 -9.464900e-02
      vertex   2.000000e-02 3.344757e-02 -9.361511e-02
    endloop
  endfacet
  facet normal 1.000000e+00 2.736941e-16 3.373025e-16
    outer loop
      vertex   2.000000e-02 3.172100e-02 -1.025000e-01
      vertex   2.000000e-02 3.344757e-02 -9.361511e-02
      vertex   2.000000e-02 3.172100e-02 -9.221414e-02
    endloop
  endfacet
  facet normal -1.000000e+00 0.000000e+00 -4.956353e-16
    outer loop
      vertex   -2.000000e-02 3.436887e-02 -9.550000e-02
      vertex   -2.000000e-02 6.249956e-02 -9.550000e-02
      vertex   -2.000000e-02 4.749956e-02 -1.025000e-01
    endloop
  endfacet
  facet normal -1.000000e+00 -1.935559e-17 -4.541590e-16
    outer loop
      vertex   -2.000000e-02 4.749956e-02 -1.025000e-01
      vertex   -2.000000e-02 6.249956e-02 -9.550000e-02
      vertex   -2.000000e-02 6.249956e-02 -1.107786e-01
    endloop
  endfacet
  facet normal -1.000000e+00 0.000000e+00 -4.190884e-16
    outer loop
      vertex   -2.000000e-02 4.749956e-02 -1.025000e-01
      vertex   -2.000000e-02 6.249956e-02 -1.107786e-01
      vertex   -2.000000e-02 4.749956e-02 -1.107786e-01
    endloop
  endfacet
  facet normal -1.000000e+00 -0.000000e+00 -4.956353e-16
    outer loop
      vertex   -2.000000e-02 4.749956e-02 -1.025000e-01
      vertex   -2.000000e-02 3.436887e-02 -1.025000e-01
      vertex   -2.000000e-02 3.436887e-02 -9.550000e-02
    endloop
  endfacet
  facet normal -1.000000e+00 4.338059e-17 -4.457879e-16
    outer loop
      vertex   -2.000000e-02 -3.755115e-02 -9.528453e-02
      vertex   -2.000000e-02 -3.172189e-02 -1.025000e-01
      vertex   -2.000000e-02 -3.976538e-02 -9.550000e-02
    endloop
  endfacet
  facet normal -1.000000e+00 0.000000e+00 -4.956353e-16
    outer loop
      vertex   -2.000000e-02 -3.976538e-02 -9.550000e-02
      vertex   -2.000000e-02 -3.172189e-02 -1.025000e-01
      vertex   -2.000000e-02 -4.750044e-02 -1.025000e-01
    endloop
  endfacet
  facet normal -1.000000e+00 -0.000000e+00 -4.956353e-16
    outer loop
      vertex   -2.000000e-02 -3.976538e-02 -9.550000e-02
      vertex   -2.000000e-02 -4.750044e-02 -1.025000e-01
      vertex   -2.000000e-02 -6.250044e-02 -9.550000e-02
    endloop
  endfacet
  facet normal -1.000000e+00 1.935559e-17 -4.541590e-16
    outer loop
      vertex   -2.000000e-02 -6.250044e-02 -9.550000e-02
      vertex   -2.000000e-02 -4.750044e-02 -1.025000e-01
      vertex   -2.000000e-02 -6.250044e-02 -1.107786e-01
    endloop
  endfacet
  facet normal -1.000000e+00 0.000000e+00 -4.190884e-16
    outer loop
      vertex   -2.000000e-02 -6.250044e-02 -1.107786e-01
      vertex   -2.000000e-02 -4.750044e-02 -1.025000e-01
      vertex   -2.000000e-02 -4.750044e-02 -1.107786e-01
    endloop
  endfacet
  facet normal -1.000000e+00 1.155004e-16 -3.875235e-16
    outer loop
      vertex   -2.000000e-02 -3.755115e-02 -9.528453e-02
      vertex   -2.000000e-02 -3.541884e-02 -9.464900e-02
      vertex   -2.000000e-02 -3.172189e-02 -1.025000e-01
    endloop
  endfacet
  facet normal -1.000000e+00 1.859360e-16 -3.543561e-16
    outer loop
      vertex   -2.000000e-02 -3.172189e-02 -1.025000e-01
      vertex   -2.000000e-02 -3.541884e-02 -9.464900e-02
      vertex   -2.000000e-02 -3.344845e-02 -9.361511e-02
    endloop
  endfacet
  facet normal -1.000000e+00 2.736941e-16 -3.373025e-16
    outer loop
      vertex   -2.000000e-02 -3.172189e-02 -1.025000e-01
      vertex   -2.000000e-02 -3.344845e-02 -9.361511e-02
      vertex   -2.000000e-02 -3.172189e-02 -9.221414e-02
    endloop
  endfacet
  facet normal 6.063554e-01 0.000000e+00 7.951938e-01
    outer loop
      vertex   2.000000e-02 -4.750044e-02 -1.107786e-01
      vertex   2.000000e-02 -6.250044e-02 -1.107786e-01
      vertex   2.529693e-02 -4.750044e-02 -1.148176e-01
    endloop
  endfacet
  facet normal 6.063554e-01 5.954542e-16 7.951938e-01
    outer loop
      vertex   2.529693e-02 -4.750044e-02 -1.148176e-01
      vertex   2.000000e-02 -6.250044e-02 -1.107786e-01
      vertex   2.529693e-02 -6.250044e-02 -1.148176e-01
    endloop
  endfacet
  facet normal 7.374825e-01 4.542622e-16 6.753662e-01
    outer loop
      vertex   2.529693e-02 -4.750044e-02 -1.148176e-01
      vertex   2.529693e-02 -6.250044e-02 -1.148176e-01
      vertex   2.979567e-02 -4.750044e-02 -1.197301e-01
    endloop
  endfacet
  facet normal 7.374825e-01 -6.248393e-16 6.753662e-01
    outer loop
      vertex   2.979567e-02 -4.750044e-02 -1.197301e-01
      vertex   2.529693e-02 -6.250044e-02 -1.148176e-01
      vertex   2.979567e-02 -6.250044e-02 -1.197301e-01
    endloop
  endfacet
  facet normal 8.453399e-01 -4.942609e-16 5.342288e-01
    outer loop
      vertex   2.979567e-02 -4.750044e-02 -1.197301e-01
      vertex   2.979567e-02 -6.250044e-02 -1.197301e-01
      vertex   3.335427e-02 -4.750044e-02 -1.253611e-01
    endloop
  endfacet
  facet normal 8.453399e-01 0.000000e+00 5.342288e-01
    outer loop
      vertex   3.335427e-02 -4.750044e-02 -1.253611e-01
      vertex   2.979567e-02 -6.250044e-02 -1.197301e-01
      vertex   3.335427e-02 -6.250044e-02 -1.253611e-01
    endloop
  endfacet
  facet normal 9.265243e-01 0.000000e+00 3.762349e-01
    outer loop
      vertex   3.335427e-02 -4.750044e-02 -1.253611e-01
      vertex   3.335427e-02 -6.250044e-02 -1.253611e-01
      vertex   3.586044e-02 -4.750044e-02 -1.315328e-01
    endloop
  endfacet
  facet normal 9.265243e-01 0.000000e+00 3.762349e-01
    outer loop
      vertex   3.586044e-02 -4.750044e-02 -1.315328e-01
      vertex   3.335427e-02 -6.250044e-02 -1.253611e-01
      vertex   3.586044e-02 -6.250044e-02 -1.315328e-01
    endloop
  endfacet
  facet normal 9.784741e-01 0.000000e+00 2.063696e-01
    outer loop
      vertex   3.586044e-02 -4.750044e-02 -1.315328e-01
      vertex   3.586044e-02 -6.250044e-02 -1.315328e-01
      vertex   3.723510e-02 -4.750044e-02 -1.380506e-01
    endloop
  endfacet
  facet normal 9.784741e-01 -4.526352e-16 2.063696e-01
    outer loop
      vertex   3.723510e-02 -4.750044e-02 -1.380506e-01
      vertex   3.586044e-02 -6.250044e-02 -1.315328e-01
      vertex   3.723510e-02 -6.250044e-02 -1.380506e-01
    endloop
  endfacet
  facet normal 9.995501e-01 -4.623848e-16 2.999281e-02
    outer loop
      vertex   3.723510e-02 -4.750044e-02 -1.380506e-01
      vertex   3.723510e-02 -6.250044e-02 -1.380506e-01
      vertex   3.743489e-02 -4.750044e-02 -1.447088e-01
    endloop
  endfacet
  facet normal 9.995501e-01 0.000000e+00 2.999281e-02
    outer loop
      vertex   3.743489e-02 -4.750044e-02 -1.447088e-01
      vertex   3.723510e-02 -6.250044e-02 -1.380506e-01
      vertex   3.743489e-02 -6.250044e-02 -1.447088e-01
    endloop
  endfacet
  facet normal 9.890873e-01 0.000000e+00 -1.473304e-01
    outer loop
      vertex   3.743489e-02 -4.750044e-02 -1.447088e-01
      vertex   3.743489e-02 -6.250044e-02 -1.447088e-01
      vertex   3.645350e-02 -4.750044e-02 -1.512973e-01
    endloop
  endfacet
  facet normal 9.890873e-01 0.000000e+00 -1.473304e-01
    outer loop
      vertex   3.645350e-02 -4.750044e-02 -1.512973e-01
      vertex   3.743489e-02 -6.250044e-02 -1.447088e-01
      vertex   3.645350e-02 -6.250044e-02 -1.512973e-01
    endloop
  endfacet
  facet normal 9.474159e-01 0.000000e+00 -3.200049e-01
    outer loop
      vertex   3.645350e-02 -4.750044e-02 -1.512973e-01
      vertex   3.645350e-02 -6.250044e-02 -1.512973e-01
      vertex   3.432189e-02 -4.750044e-02 -1.576082e-01
    endloop
  endfacet
  facet normal 9.474159e-01 0.000000e+00 -3.200049e-01
    outer loop
      vertex   3.432189e-02 -4.750044e-02 -1.576082e-01
      vertex   3.645350e-02 -6.250044e-02 -1.512973e-01
      vertex   3.432189e-02 -6.250044e-02 -1.576082e-01
    endloop
  endfacet
  facet normal 8.758507e-01 0.000000e+00 -4.825822e-01
    outer loop
      vertex   3.432189e-02 -4.750044e-02 -1.576082e-01
      vertex   3.432189e-02 -6.250044e-02 -1.576082e-01
      vertex   3.110732e-02 -4.750044e-02 -1.634424e-01
    endloop
  endfacet
  facet normal 8.758507e-01 -2.852130e-16 -4.825822e-01
    outer loop
      vertex   3.110732e-02 -4.750044e-02 -1.634424e-01
      vertex   3.432189e-02 -6.250044e-02 -1.576082e-01
      vertex   3.110732e-02 -6.250044e-02 -1.634424e-01
    endloop
  endfacet
  facet normal 7.766497e-01 -6.267006e-16 -6.299327e-01
    outer loop
      vertex   3.110732e-02 -4.750044e-02 -1.634424e-01
      vertex   3.110732e-02 -6.250044e-02 -1.634424e-01
      vertex   2.691122e-02 -4.750044e-02 -1.686158e-01
    endloop
  endfacet
  facet normal 7.766497e-01 3.592727e-16 -6.299327e-01
    outer loop
      vertex   2.691122e-02 -4.750044e-02 -1.686158e-01
      vertex   3.110732e-02 -6.250044e-02 -1.634424e-01
      vertex   2.691122e-02 -6.250044e-02 -1.686158e-01
    endloop
  endfacet
  facet normal 6.529432e-01 3.020469e-16 -7.574069e-01
    outer loop
      vertex   2.691122e-02 -4.750044e-02 -1.686158e-01
      vertex   2.691122e-02 -6.250044e-02 -1.686158e-01
      vertex   2.186599e-02 -4.750044e-02 -1.729652e-01
    endloop
  endfacet
  facet normal 6.529432e-01 -9.484139e-16 -7.574069e-01
    outer loop
      vertex   2.186599e-02 -4.750044e-02 -1.729652e-01
      vertex   2.691122e-02 -6.250044e-02 -1.686158e-01
      vertex   2.186599e-02 -6.250044e-02 -1.729652e-01
    endloop
  endfacet
  facet normal 5.086343e-01 -1.240202e-15 -8.609826e-01
    outer loop
      vertex   2.186599e-02 -4.750044e-02 -1.729652e-01
      vertex   2.186599e-02 -6.250044e-02 -1.729652e-01
      vertex   1.613083e-02 -4.750044e-02 -1.763533e-01
    endloop
  endfacet
  facet normal 5.086343e-01 -3.068631e-15 -8.609826e-01
    outer loop
      vertex   1.613083e-02 -4.750044e-02 -1.763533e-01
      vertex   2.186599e-02 -6.250044e-02 -1.729652e-01
      vertex   1.613083e-02 -6.250044e-02 -1.763533e-01
    endloop
  endfacet
  facet normal 3.482766e-01 -3.388492e-15 -9.373918e-01
    outer loop
      vertex   1.613083e-02 -4.750044e-02 -1.763533e-01
      vertex   1.613083e-02 -6.250044e-02 -1.763533e-01
      vertex   9.886687e-03 -4.750044e-02 -1.786732e-01
    endloop
  endfacet
  facet normal 3.482766e-01 1.611103e-16 -9.373918e-01
    outer loop
      vertex   9.886687e-03 -4.750044e-02 -1.786732e-01
      vertex   1.613083e-02 -6.250044e-02 -1.763533e-01
      vertex   9.886687e-03 -6.250044e-02 -1.786732e-01
    endloop
  endfacet
  facet normal 1.769296e-01 8.184638e-17 -9.842235e-01
    outer loop
      vertex   9.886687e-03 -4.750044e-02 -1.786732e-01
      vertex   9.886687e-03 -6.250044e-02 -1.786732e-01
      vertex   3.330592e-03 -4.750044e-02 -1.798518e-01
    endloop
  endfacet
  facet normal 1.769296e-01 8.696178e-17 -9.842235e-01
    outer loop
      vertex   3.330592e-03 -4.750044e-02 -1.798518e-01
      vertex   9.886687e-03 -6.250044e-02 -1.786732e-01
      vertex   3.330592e-03 -6.250044e-02 -1.798518e-01
    endloop
  endfacet
  facet normal -0.000000e+00 -0.000000e+00 -1.000000e+00
    outer loop
      vertex   3.330592e-03 -4.750044e-02 -1.798518e-01
      vertex   3.330592e-03 -6.250044e-02 -1.798518e-01
      vertex   -3.330592e-03 -4.750044e-02 -1.798518e-01
    endloop
  endfacet
  facet normal 0.000000e+00 0.000000e+00 -1.000000e+00
    outer loop
      vertex   -3.330592e-03 -4.750044e-02 -1.798518e-01
      vertex   3.330592e-03 -6.250044e-02 -1.798518e-01
      vertex   -3.330592e-03 -6.250044e-02 -1.798518e-01
    endloop
  endfacet
  facet normal -1.769296e-01 -8.696178e-17 -9.842235e-01
    outer loop
      vertex   -3.330592e-03 -4.750044e-02 -1.798518e-01
      vertex   -3.330592e-03 -6.250044e-02 -1.798518e-01
      vertex   -9.886687e-03 -4.750044e-02 -1.786732e-01
    endloop
  endfacet
  facet normal -1.769296e-01 -1.023080e-16 -9.842235e-01
    outer loop
      vertex   -9.886687e-03 -4.750044e-02 -1.786732e-01
      vertex   -3.330592e-03 -6.250044e-02 -1.798518e-01
      vertex   -9.886687e-03 -6.250044e-02 -1.786732e-01
    endloop
  endfacet
  facet normal -3.482766e-01 -2.013878e-16 -9.373918e-01
    outer loop
      vertex   -9.886687e-03 -4.750044e-02 -1.786732e-01
      vertex   -9.886687e-03 -6.250044e-02 -1.786732e-01
      vertex   -1.613083e-02 -4.750044e-02 -1.763533e-01
    endloop
  endfacet
  facet normal -3.482766e-01 3.388492e-15 -9.373918e-01
    outer loop
      vertex   -1.613083e-02 -4.750044e-02 -1.763533e-01
      vertex   -9.886687e-03 -6.250044e-02 -1.786732e-01
      vertex   -1.613083e-02 -6.250044e-02 -1.763533e-01
    endloop
  endfacet
  facet normal -5.086343e-01 3.068631e-15 -8.609826e-01
    outer loop
      vertex   -1.613083e-02 -4.750044e-02 -1.763533e-01
      vertex   -1.613083e-02 -6.250044e-02 -1.763533e-01
      vertex   -2.186599e-02 -4.750044e-02 -1.729652e-01
    endloop
  endfacet
  facet normal -5.086343e-01 1.357847e-15 -8.609826e-01
    outer loop
      vertex   -2.186599e-02 -4.750044e-02 -1.729652e-01
      vertex   -1.613083e-02 -6.250044e-02 -1.763533e-01
      vertex   -2.186599e-02 -6.250044e-02 -1.729652e-01
    endloop
  endfacet
  facet normal -6.529432e-01 1.099437e-15 -7.574069e-01
    outer loop
      vertex   -2.186599e-02 -4.750044e-02 -1.729652e-01
      vertex   -2.186599e-02 -6.250044e-02 -1.729652e-01
      vertex   -2.691122e-02 -4.750044e-02 -1.686158e-01
    endloop
  endfacet
  facet normal -6.529432e-01 1.099437e-15 -7.574069e-01
    outer loop
      vertex   -2.691122e-02 -4.750044e-02 -1.686158e-01
      vertex   -2.186599e-02 -6.250044e-02 -1.729652e-01
      vertex   -2.691122e-02 -6.250044e-02 -1.686158e-01
    endloop
  endfacet
  facet normal -7.766497e-01 8.063369e-16 -6.299327e-01
    outer loop
      vertex   -2.691122e-02 -4.750044e-02 -1.686158e-01
      vertex   -2.691122e-02 -6.250044e-02 -1.686158e-01
      vertex   -3.110732e-02 -4.750044e-02 -1.634424e-01
    endloop
  endfacet
  facet normal -7.766497e-01 9.859733e-16 -6.299327e-01
    outer loop
      vertex   -3.110732e-02 -4.750044e-02 -1.634424e-01
      vertex   -2.691122e-02 -6.250044e-02 -1.686158e-01
      vertex   -3.110732e-02 -6.250044e-02 -1.634424e-01
    endloop
  endfacet
  facet normal -8.758507e-01 6.903753e-16 -4.825822e-01
    outer loop
      vertex   -3.110732e-02 -4.750044e-02 -1.634424e-01
      vertex   -3.110732e-02 -6.250044e-02 -1.634424e-01
      vertex   -3.432189e-02 -4.750044e-02 -1.576082e-01
    endloop
  endfacet
  facet normal -8.758507e-01 -0.000000e+00 -4.825822e-01
    outer loop
      vertex   -3.432189e-02 -4.750044e-02 -1.576082e-01
      vertex   -3.110732e-02 -6.250044e-02 -1.634424e-01
      vertex   -3.432189e-02 -6.250044e-02 -1.576082e-01
    endloop
  endfacet
  facet normal -9.474159e-01 -0.000000e+00 -3.200049e-01
    outer loop
      vertex   -3.432189e-02 -4.750044e-02 -1.576082e-01
      vertex   -3.432189e-02 -6.250044e-02 -1.576082e-01
      vertex   -3.645350e-02 -4.750044e-02 -1.512973e-01
    endloop
  endfacet
  facet normal -9.474159e-01 -0.000000e+00 -3.200049e-01
    outer loop
      vertex   -3.645350e-02 -4.750044e-02 -1.512973e-01
      vertex   -3.432189e-02 -6.250044e-02 -1.576082e-01
      vertex   -3.645350e-02 -6.250044e-02 -1.512973e-01
    endloop
  endfacet
  facet normal -9.890873e-01 -0.000000e+00 -1.473304e-01
    outer loop
      vertex   -3.645350e-02 -4.750044e-02 -1.512973e-01
      vertex   -3.645350e-02 -6.250044e-02 -1.512973e-01
      vertex   -3.743489e-02 -4.750044e-02 -1.447088e-01
    endloop
  endfacet
  facet normal -9.890873e-01 -0.000000e+00 -1.473304e-01
    outer loop
      vertex   -3.743489e-02 -4.750044e-02 -1.447088e-01
      vertex   -3.645350e-02 -6.250044e-02 -1.512973e-01
      vertex   -3.743489e-02 -6.250044e-02 -1.447088e-01
    endloop
  endfacet
  facet normal -9.995501e-01 0.000000e+00 2.999281e-02
    outer loop
      vertex   -3.743489e-02 -4.750044e-02 -1.447088e-01
      vertex   -3.743489e-02 -6.250044e-02 -1.447088e-01
      vertex   -3.723510e-02 -4.750044e-02 -1.380506e-01
    endloop
  endfacet
  facet normal -9.995501e-01 4.623848e-16 2.999281e-02
    outer loop
      vertex   -3.723510e-02 -4.750044e-02 -1.380506e-01
      vertex   -3.743489e-02 -6.250044e-02 -1.447088e-01
      vertex   -3.723510e-02 -6.250044e-02 -1.380506e-01
    endloop
  endfacet
  facet normal -9.784741e-01 4.526352e-16 2.063696e-01
    outer loop
      vertex   -3.723510e-02 -4.750044e-02 -1.380506e-01
      vertex   -3.723510e-02 -6.250044e-02 -1.380506e-01
      vertex   -3.586044e-02 -4.750044e-02 -1.315328e-01
    endloop
  endfacet
  facet normal -9.784741e-01 0.000000e+00 2.063696e-01
    outer loop
      vertex   -3.586044e-02 -4.750044e-02 -1.315328e-01
      vertex   -3.723510e-02 -6.250044e-02 -1.380506e-01
      vertex   -3.586044e-02 -6.250044e-02 -1.315328e-01
    endloop
  endfacet
  facet normal -9.265243e-01 0.000000e+00 3.762349e-01
    outer loop
      vertex   -3.586044e-02 -4.750044e-02 -1.315328e-01
      vertex   -3.586044e-02 -6.250044e-02 -1.315328e-01
      vertex   -3.335427e-02 -4.750044e-02 -1.253611e-01
    endloop
  endfacet
  facet normal -9.265243e-01 0.000000e+00 3.762349e-01
    outer loop
      vertex   -3.335427e-02 -4.750044e-02 -1.253611e-01
      vertex   -3.586044e-02 -6.250044e-02 -1.315328e-01
      vertex   -3.335427e-02 -6.250044e-02 -1.253611e-01
    endloop
  endfacet
  facet normal -8.453399e-01 0.000000e+00 5.342288e-01
    outer loop
      vertex   -3.335427e-02 -4.750044e-02 -1.253611e-01
      vertex   -3.335427e-02 -6.250044e-02 -1.253611e-01
      vertex   -2.979567e-02 -4.750044e-02 -1.197301e-01
    endloop
  endfacet
  facet normal -8.453399e-01 -1.032127e-16 5.342288e-01
    outer loop
      vertex   -2.979567e-02 -4.750044e-02 -1.197301e-01
      vertex   -3.335427e-02 -6.250044e-02 -1.253611e-01
      vertex   -2.979567e-02 -6.250044e-02 -1.197301e-01
    endloop
  endfacet
  facet normal -7.374825e-01 -2.836850e-16 6.753662e-01
    outer loop
      vertex   -2.979567e-02 -4.750044e-02 -1.197301e-01
      vertex   -2.979567e-02 -6.250044e-02 -1.197301e-01
      vertex   -2.529693e-02 -4.750044e-02 -1.148176e-01
    endloop
  endfacet
  facet normal -7.374825e-01 -2.836850e-16 6.753662e-01
    outer loop
      vertex   -2.529693e-02 -4.750044e-02 -1.148176e-01
      vertex   -2.979567e-02 -6.250044e-02 -1.197301e-01
      vertex   -2.529693e-02 -6.250044e-02 -1.148176e-01
    endloop
  endfacet
  facet normal -6.063554e-01 -4.552063e-16 7.951938e-01
    outer loop
      vertex   -2.529693e-02 -4.750044e-02 -1.148176e-01
      vertex   -2.529693e-02 -6.250044e-02 -1.148176e-01
      vertex   -2.000000e-02 -4.750044e-02 -1.107786e-01
    endloop
  endfacet
  facet normal -6.063554e-01 0.000000e+00 7.951938e-01
    outer loop
      vertex   -2.000000e-02 -4.750044e-02 -1.107786e-01
      vertex   -2.529693e-02 -6.250044e-02 -1.148176e-01
      vertex   -2.000000e-02 -6.250044e-02 -1.107786e-01
    endloop
  endfacet
  facet normal 9.709162e-01 7.264354e-03 2.393093e-01
    outer loop
      vertex   -4.427280e-03 4.749956e-02 -1.448236e-01
      vertex   -4.854709e-03 6.749956e-02 -1.436966e-01
      vertex   -5.000000e-03 4.749956e-02 -1.425000e-01
    endloop
  endfacet
  facet normal 9.999736e-01 -7.264354e-03 -7.255571e-16
    outer loop
      vertex   -5.000000e-03 4.749956e-02 -1.425000e-01
      vertex   -4.854709e-03 6.749956e-02 -1.436966e-01
      vertex   -4.854709e-03 6.749956e-02 -1.413034e-01
    endloop
  endfacet
  facet normal 9.709162e-01 7.264354e-03 -2.393093e-01
    outer loop
      vertex   -5.000000e-03 4.749956e-02 -1.425000e-01
      vertex   -4.854709e-03 6.749956e-02 -1.413034e-01
      vertex   -4.427280e-03 4.749956e-02 -1.401764e-01
    endloop
  endfacet
  facet normal 8.854327e-01 -7.264354e-03 -4.647109e-01
    outer loop
      vertex   -4.427280e-03 4.749956e-02 -1.401764e-01
      vertex   -4.854709e-03 6.749956e-02 -1.413034e-01
      vertex   -3.742554e-03 6.749956e-02 -1.391844e-01
    endloop
  endfacet
  facet normal 7.484910e-01 7.264354e-03 -6.631052e-01
    outer loop
      vertex   -4.427280e-03 4.749956e-02 -1.401764e-01
      vertex   -3.742554e-03 6.749956e-02 -1.391844e-01
      vertex   -2.840324e-03 4.749956e-02 -1.383851e-01
    endloop
  endfacet
  facet normal 5.680498e-01 -7.264354e-03 -8.229622e-01
    outer loop
      vertex   -2.840324e-03 4.749956e-02 -1.383851e-01
      vertex   -3.742554e-03 6.749956e-02 -1.391844e-01
      vertex   -1.773024e-03 6.749956e-02 -1.378249e-01
    endloop
  endfacet
  facet normal 3.545955e-01 7.264354e-03 -9.349916e-01
    outer loop
      vertex   -2.840324e-03 4.749956e-02 -1.383851e-01
      vertex   -1.773024e-03 6.749956e-02 -1.378249e-01
      vertex   -6.026834e-04 4.749956e-02 -1.375365e-01
    endloop
  endfacet
  facet normal 1.205335e-01 -7.264354e-03 -9.926827e-01
    outer loop
      vertex   -6.026834e-04 4.749956e-02 -1.375365e-01
      vertex   -1.773024e-03 6.749956e-02 -1.378249e-01
      vertex   6.026834e-04 6.749956e-02 -1.375365e-01
    endloop
  endfacet
  facet normal -1.205335e-01 7.264354e-03 -9.926827e-01
    outer loop
      vertex   -6.026834e-04 4.749956e-02 -1.375365e-01
      vertex   6.026834e-04 6.749956e-02 -1.375365e-01
      vertex   1.773024e-03 4.749956e-02 -1.378249e-01
    endloop
  endfacet
  facet normal -3.545955e-01 -7.264354e-03 -9.349916e-01
    outer loop
      vertex   1.773024e-03 4.749956e-02 -1.378249e-01
      vertex   6.026834e-04 6.749956e-02 -1.375365e-01
      vertex   2.840324e-03 6.749956e-02 -1.383851e-01
    endloop
  endfacet
  facet normal -5.680498e-01 7.264354e-03 -8.229622e-01
    outer loop
      vertex   1.773024e-03 4.749956e-02 -1.378249e-01
      vertex   2.840324e-03 6.749956e-02 -1.383851e-01
      vertex   3.742554e-03 4.749956e-02 -1.391844e-01
    endloop
  endfacet
  facet normal -7.484910e-01 -7.264354e-03 -6.631052e-01
    outer loop
      vertex   3.742554e-03 4.749956e-02 -1.391844e-01
      vertex   2.840324e-03 6.749956e-02 -1.383851e-01
      vertex   4.427280e-03 6.749956e-02 -1.401764e-01
    endloop
  endfacet
  facet normal -8.854327e-01 7.264354e-03 -4.647109e-01
    outer loop
      vertex   3.742554e-03 4.749956e-02 -1.391844e-01
      vertex   4.427280e-03 6.749956e-02 -1.401764e-01
      vertex   4.854709e-03 4.749956e-02 -1.413034e-01
    endloop
  endfacet
  facet normal -9.709162e-01 -7.264354e-03 -2.393093e-01
    outer loop
      vertex   4.854709e-03 4.749956e-02 -1.413034e-01
      vertex   4.427280e-03 6.749956e-02 -1.401764e-01
      vertex   5.000000e-03 6.749956e-02 -1.425000e-01
    endloop
  endfacet
  facet normal -9.999736e-01 7.264354e-03 3.624246e-16
    outer loop
      vertex   4.854709e-03 4.749956e-02 -1.413034e-01
      vertex   5.000000e-03 6.749956e-02 -1.425000e-01
      vertex   4.854709e-03 4.749956e-02 -1.436966e-01
    endloop
  endfacet
  facet normal -9.709162e-01 -7.264354e-03 2.393093e-01
    outer loop
      vertex   4.854709e-03 4.749956e-02 -1.436966e-01
      vertex   5.000000e-03 6.749956e-02 -1.425000e-01
      vertex   4.427280e-03 6.749956e-02 -1.448236e-01
    endloop
  endfacet
  facet normal -8.854327e-01 7.264354e-03 4.647109e-01
    outer loop
      vertex   4.854709e-03 4.749956e-02 -1.436966e-01
      vertex   4.427280e-03 6.749956e-02 -1.448236e-01
      vertex   3.742554e-03 4.749956e-02 -1.458156e-01
    endloop
  endfacet
  facet normal -7.484910e-01 -7.264354e-03 6.631052e-01
    outer loop
      vertex   3.742554e-03 4.749956e-02 -1.458156e-01
      vertex   4.427280e-03 6.749956e-02 -1.448236e-01
      vertex   2.840324e-03 6.749956e-02 -1.466149e-01
    endloop
  endfacet
  facet normal -5.680498e-01 7.264354e-03 8.229622e-01
    outer loop
      vertex   3.742554e-03 4.749956e-02 -1.458156e-01
      vertex   2.840324e-03 6.749956e-02 -1.466149e-01
      vertex   1.773024e-03 4.749956e-02 -1.471751e-01
    endloop
  endfacet
  facet normal -3.545955e-01 -7.264354e-03 9.349916e-01
    outer loop
      vertex   1.773024e-03 4.749956e-02 -1.471751e-01
      vertex   2.840324e-03 6.749956e-02 -1.466149e-01
      vertex   6.026834e-04 6.749956e-02 -1.474635e-01
    endloop
  endfacet
  facet normal -1.205335e-01 7.264354e-03 9.926827e-01
    outer loop
      vertex   1.773024e-03 4.749956e-02 -1.471751e-01
      vertex   6.026834e-04 6.749956e-02 -1.474635e-01
      vertex   -6.026834e-04 4.749956e-02 -1.474635e-01
    endloop
  endfacet
  facet normal 1.205335e-01 -7.264354e-03 9.926827e-01
    outer loop
      vertex   -6.026834e-04 4.749956e-02 -1.474635e-01
      vertex   6.026834e-04 6.749956e-02 -1.474635e-01
      vertex   -1.773024e-03 6.749956e-02 -1.471751e-01
    endloop
  endfacet
  facet normal 3.545955e-01 7.264354e-03 9.349916e-01
    outer loop
      vertex   -6.026834e-04 4.749956e-02 -1.474635e-01
      vertex   -1.773024e-03 6.749956e-02 -1.471751e-01
      vertex   -2.840324e-03 4.749956e-02 -1.466149e-01
    endloop
  endfacet
  facet normal 5.680498e-01 -7.264354e-03 8.229622e-01
    outer loop
      vertex   -2.840324e-03 4.749956e-02 -1.466149e-01
      vertex   -1.773024e-03 6.749956e-02 -1.471751e-01
      vertex   -3.742554e-03 6.749956e-02 -1.458156e-01
    endloop
  endfacet
  facet normal 7.484910e-01 7.264354e-03 6.631052e-01
    outer loop
      vertex   -2.840324e-03 4.749956e-02 -1.466149e-01
      vertex   -3.742554e-03 6.749956e-02 -1.458156e-01
      vertex   -4.427280e-03 4.749956e-02 -1.448236e-01
    endloop
  endfacet
  facet normal 8.854327e-01 -7.264354e-03 4.647109e-01
    outer loop
      vertex   -4.427280e-03 4.749956e-02 -1.448236e-01
      vertex   -3.742554e-03 6.749956e-02 -1.458156e-01
      vertex   -4.854709e-03 6.749956e-02 -1.436966e-01
    endloop
  endfacet
  facet normal 9.709418e-01 -0.000000e+00 2.393157e-01
    outer loop
      vertex   -4.427280e-03 -6.750044e-02 -1.448236e-01
      vertex   -4.427280e-03 -4.750044e-02 -1.448236e-01
      vertex   -5.000000e-03 -6.750044e-02 -1.425000e-01
    endloop
  endfacet
  facet normal 9.709418e-01 -0.000000e+00 2.393157e-01
    outer loop
      vertex   -5.000000e-03 -6.750044e-02 -1.425000e-01
      vertex   -4.427280e-03 -4.750044e-02 -1.448236e-01
      vertex   -5.000000e-03 -4.750044e-02 -1.425000e-01
    endloop
  endfacet
  facet normal 9.709418e-01 0.000000e+00 -2.393157e-01
    outer loop
      vertex   -5.000000e-03 -6.750044e-02 -1.425000e-01
      vertex   -5.000000e-03 -4.750044e-02 -1.425000e-01
      vertex   -4.427280e-03 -6.750044e-02 -1.401764e-01
    endloop
  endfacet
  facet normal 9.709418e-01 0.000000e+00 -2.393157e-01
    outer loop
      vertex   -4.427280e-03 -6.750044e-02 -1.401764e-01
      vertex   -5.000000e-03 -4.750044e-02 -1.425000e-01
      vertex   -4.427280e-03 -4.750044e-02 -1.401764e-01
    endloop
  endfacet
  facet normal 7.485107e-01 0.000000e+00 -6.631227e-01
    outer loop
      vertex   -4.427280e-03 -6.750044e-02 -1.401764e-01
      vertex   -4.427280e-03 -4.750044e-02 -1.401764e-01
      vertex   -2.840324e-03 -6.750044e-02 -1.383851e-01
    endloop
  endfacet
  facet normal 7.485107e-01 0.000000e+00 -6.631227e-01
    outer loop
      vertex   -2.840324e-03 -6.750044e-02 -1.383851e-01
      vertex   -4.427280e-03 -4.750044e-02 -1.401764e-01
      vertex   -2.840324e-03 -4.750044e-02 -1.383851e-01
    endloop
  endfacet
  facet normal 3.546049e-01 0.000000e+00 -9.350162e-01
    outer loop
      vertex   -2.840324e-03 -6.750044e-02 -1.383851e-01
      vertex   -2.840324e-03 -4.750044e-02 -1.383851e-01
      vertex   -6.026834e-04 -6.750044e-02 -1.375365e-01
    endloop
  endfacet
  facet normal 3.546049e-01 0.000000e+00 -9.350162e-01
    outer loop
      vertex   -6.026834e-04 -6.750044e-02 -1.375365e-01
      vertex   -2.840324e-03 -4.750044e-02 -1.383851e-01
      vertex   -6.026834e-04 -4.750044e-02 -1.375365e-01
    endloop
  endfacet
  facet normal -1.205367e-01 0.000000e+00 -9.927089e-01
    outer loop
      vertex   -6.026834e-04 -6.750044e-02 -1.375365e-01
      vertex   -6.026834e-04 -4.750044e-02 -1.375365e-01
      vertex   1.773024e-03 -6.750044e-02 -1.378249e-01
    endloop
  endfacet
  facet normal -1.205367e-01 0.000000e+00 -9.927089e-01
    outer loop
      vertex   1.773024e-03 -6.750044e-02 -1.378249e-01
      vertex   -6.026834e-04 -4.750044e-02 -1.375365e-01
      vertex   1.773024e-03 -4.750044e-02 -1.378249e-01
    endloop
  endfacet
  facet normal -5.680647e-01 0.000000e+00 -8.229839e-01
    outer loop
      vertex   1.773024e-03 -6.750044e-02 -1.378249e-01
      vertex   1.773024e-03 -4.750044e-02 -1.378249e-01
      vertex   3.742554e-03 -6.750044e-02 -1.391844e-01
    endloop
  endfacet
  facet normal -5.680647e-01 0.000000e+00 -8.229839e-01
    outer loop
      vertex   3.742554e-03 -6.750044e-02 -1.391844e-01
      vertex   1.773024e-03 -4.750044e-02 -1.378249e-01
      vertex   3.742554e-03 -4.750044e-02 -1.391844e-01
    endloop
  endfacet
  facet normal -8.854560e-01 0.000000e+00 -4.647232e-01
    outer loop
      vertex   3.742554e-03 -6.750044e-02 -1.391844e-01
      vertex   3.742554e-03 -4.750044e-02 -1.391844e-01
      vertex   4.854709e-03 -6.750044e-02 -1.413034e-01
    endloop
  endfacet
  facet normal -8.854560e-01 0.000000e+00 -4.647232e-01
    outer loop
      vertex   4.854709e-03 -6.750044e-02 -1.413034e-01
      vertex   3.742554e-03 -4.750044e-02 -1.391844e-01
      vertex   4.854709e-03 -4.750044e-02 -1.413034e-01
    endloop
  endfacet
  facet normal -1.000000e+00 0.000000e+00 -3.624342e-16
    outer loop
      vertex   4.854709e-03 -6.750044e-02 -1.413034e-01
      vertex   4.854709e-03 -4.750044e-02 -1.413034e-01
      vertex   4.854709e-03 -6.750044e-02 -1.436966e-01
    endloop
  endfacet
  facet normal -1.000000e+00 0.000000e+00 -3.624342e-16
    outer loop
      vertex   4.854709e-03 -6.750044e-02 -1.436966e-01
      vertex   4.854709e-03 -4.750044e-02 -1.413034e-01
      vertex   4.854709e-03 -4.750044e-02 -1.436966e-01
    endloop
  endfacet
  facet normal -8.854560e-01 0.000000e+00 4.647232e-01
    outer loop
      vertex   4.854709e-03 -6.750044e-02 -1.436966e-01
      vertex   4.854709e-03 -4.750044e-02 -1.436966e-01
      vertex   3.742554e-03 -6.750044e-02 -1.458156e-01
    endloop
  endfacet
  facet normal -8.854560e-01 0.000000e+00 4.647232e-01
    outer loop
      vertex   3.742554e-03 -6.750044e-02 -1.458156e-01
      vertex   4.854709e-03 -4.750044e-02 -1.436966e-01
      vertex   3.742554e-03 -4.750044e-02 -1.458156e-01
    endloop
  endfacet
  facet normal -5.680647e-01 0.000000e+00 8.229839e-01
    outer loop
      vertex   3.742554e-03 -6.750044e-02 -1.458156e-01
      vertex   3.742554e-03 -4.750044e-02 -1.458156e-01
      vertex   1.773024e-03 -6.750044e-02 -1.471751e-01
    endloop
  endfacet
  facet normal -5.680647e-01 0.000000e+00 8.229839e-01
    outer loop
      vertex   1.773024e-03 -6.750044e-02 -1.471751e-01
      vertex   3.742554e-03 -4.750044e-02 -1.458156e-01
      vertex   1.773024e-03 -4.750044e-02 -1.471751e-01
    endloop
  endfacet
  facet normal -1.205367e-01 0.000000e+00 9.927089e-01
    outer loop
      vertex   1.773024e-03 -6.750044e-02 -1.471751e-01
      vertex   1.773024e-03 -4.750044e-02 -1.471751e-01
      vertex   -6.026834e-04 -6.750044e-02 -1.474635e-01
    endloop
  endfacet
  facet normal -1.205367e-01 0.000000e+00 9.927089e-01
    outer loop
      vertex   -6.026834e-04 -6.750044e-02 -1.474635e-01
      vertex   1.773024e-03 -4.750044e-02 -1.471751e-01
      vertex   -6.026834e-04 -4.750044e-02 -1.474635e-01
    endloop
  endfacet
  facet normal 3.546049e-01 -0.000000e+00 9.350162e-01
    outer loop
      vertex   -6.026834e-04 -6.750044e-02 -1.474635e-01
      vertex   -6.026834e-04 -4.750044e-02 -1.474635e-01
      vertex   -2.840324e-03 -6.750044e-02 -1.466149e-01
    endloop
  endfacet
  facet normal 3.546049e-01 -0.000000e+00 9.350162e-01
    outer loop
      vertex   -2.840324e-03 -6.750044e-02 -1.466149e-01
      vertex   -6.026834e-04 -4.750044e-02 -1.474635e-01
      vertex   -2.840324e-03 -4.750044e-02 -1.466149e-01
    endloop
  endfacet
  facet normal 7.485107e-01 -0.000000e+00 6.631227e-01
    outer loop
      vertex   -2.840324e-03 -6.750044e-02 -1.466149e-01
      vertex   -2.840324e-03 -4.750044e-02 -1.466149e-01
      vertex   -4.427280e-03 -6.750044e-02 -1.448236e-01
    endloop
  endfacet
  facet normal 7.485107e-01 -0.000000e+00 6.631227e-01
    outer loop
      vertex   -4.427280e-03 -6.750044e-02 -1.448236e-01
      vertex   -2.840324e-03 -4.750044e-02 -1.466149e-01
      vertex   -4.427280e-03 -4.750044e-02 -1.448236e-01
    endloop
  endfacet
  facet normal -0.000000e+00 1.000000e+00 0.000000e+00
    outer loop
      vertex   -2.000000e-02 -4.750044e-02 -1.025000e-01
      vertex   2.000000e-02 -4.750044e-02 -1.025000e-01
      vertex   -2.000000e-02 -4.750044e-02 -1.107786e-01
    endloop
  endfacet
  facet normal -0.000000e+00 1.000000e+00 0.000000e+00
    outer loop
      vertex   -2.000000e-02 -4.750044e-02 -1.107786e-01
      vertex   2.000000e-02 -4.750044e-02 -1.025000e-01
      vertex   2.000000e-02 -4.750044e-02 -1.107786e-01
    endloop
  endfacet
  facet normal 0.000000e+00 1.000000e+00 0.000000e+00
    outer loop
      vertex   -2.000000e-02 -4.750044e-02 -1.107786e-01
      vertex   2.000000e-02 -4.750044e-02 -1.107786e-01
      vertex   -6.026834e-04 -4.750044e-02 -1.375365e-01
    endloop
  endfacet
  facet normal -0.000000e+00 1.000000e+00 0.000000e+00
    outer loop
      vertex   -6.026834e-04 -4.750044e-02 -1.375365e-01
      vertex   2.000000e-02 -4.750044e-02 -1.107786e-01
      vertex   1.773024e-03 -4.750044e-02 -1.378249e-01
    endloop
  endfacet
  facet normal -0.000000e+00 1.000000e+00 0.000000e+00
    outer loop
      vertex   1.773024e-03 -4.750044e-02 -1.378249e-01
      vertex   2.000000e-02 -4.750044e-02 -1.107786e-01
      vertex   3.742554e-03 -4.750044e-02 -1.391844e-01
    endloop
  endfacet
  facet normal 1.823963e-15 1.000000e+00 -1.043905e-15
    outer loop
      vertex   3.742554e-03 -4.750044e-02 -1.391844e-01
      vertex   2.000000e-02 -4.750044e-02 -1.107786e-01
      vertex   2.529693e-02 -4.750044e-02 -1.148176e-01
    endloop
  endfacet
  facet normal 3.163475e-16 1.000000e+00 2.897023e-16
    outer loop
      vertex   3.742554e-03 -4.750044e-02 -1.391844e-01
      vertex   2.529693e-02 -4.750044e-02 -1.148176e-01
      vertex   2.979567e-02 -4.750044e-02 -1.197301e-01
    endloop
  endfacet
  facet normal -8.884052e-16 1.000000e+00 1.903104e-15
    outer loop
      vertex   2.979567e-02 -4.750044e-02 -1.197301e-01
      vertex   3.335427e-02 -4.750044e-02 -1.253611e-01
      vertex   3.742554e-03 -4.750044e-02 -1.391844e-01
    endloop
  endfacet
  facet normal -0.000000e+00 1.000000e+00 0.000000e+00
    outer loop
      vertex   3.742554e-03 -4.750044e-02 -1.391844e-01
      vertex   3.335427e-02 -4.750044e-02 -1.253611e-01
      vertex   4.854709e-03 -4.750044e-02 -1.413034e-01
    endloop
  endfacet
  facet normal 0.000000e+00 1.000000e+00 0.000000e+00
    outer loop
      vertex   4.854709e-03 -4.750044e-02 -1.413034e-01
      vertex   3.335427e-02 -4.750044e-02 -1.253611e-01
      vertex   3.586044e-02 -4.750044e-02 -1.315328e-01
    endloop
  endfacet
  facet normal 0.000000e+00 1.000000e+00 0.000000e+00
    outer loop
      vertex   4.854709e-03 -4.750044e-02 -1.413034e-01
      vertex   3.586044e-02 -4.750044e-02 -1.315328e-01
      vertex   3.723510e-02 -4.750044e-02 -1.380506e-01
    endloop
  endfacet
  facet normal 0.000000e+00 1.000000e+00 0.000000e+00
    outer loop
      vertex   3.723510e-02 -4.750044e-02 -1.380506e-01
      vertex   3.743489e-02 -4.750044e-02 -1.447088e-01
      vertex   4.854709e-03 -4.750044e-02 -1.413034e-01
    endloop
  endfacet
  facet normal 0.000000e+00 1.000000e+00 0.000000e+00
    outer loop
      vertex   4.854709e-03 -4.750044e-02 -1.413034e-01
      vertex   3.743489e-02 -4.750044e-02 -1.447088e-01
      vertex   4.854709e-03 -4.750044e-02 -1.436966e-01
    endloop
  endfacet
  facet normal 0.000000e+00 1.000000e+00 0.000000e+00
    outer loop
      vertex   4.854709e-03 -4.750044e-02 -1.436966e-01
      vertex   3.743489e-02 -4.750044e-02 -1.447088e-01
      vertex   3.645350e-02 -4.750044e-02 -1.512973e-01
    endloop
  endfacet
  facet normal 0.000000e+00 1.000000e+00 0.000000e+00
    outer loop
      vertex   4.854709e-03 -4.750044e-02 -1.436966e-01
      vertex   3.645350e-02 -4.750044e-02 -1.512973e-01
      vertex   3.432189e-02 -4.750044e-02 -1.576082e-01
    endloop
  endfacet
  facet normal 4.455895e-16 1.000000e+00 9.438333e-16
    outer loop
      vertex   3.432189e-02 -4.750044e-02 -1.576082e-01
      vertex   3.110732e-02 -4.750044e-02 -1.634424e-01
      vertex   4.854709e-03 -4.750044e-02 -1.436966e-01
    endloop
  endfacet
  facet normal -1.895043e-16 1.000000e+00 9.945953e-17
    outer loop
      vertex   4.854709e-03 -4.750044e-02 -1.436966e-01
      vertex   3.110732e-02 -4.750044e-02 -1.634424e-01
      vertex   3.742554e-03 -4.750044e-02 -1.458156e-01
    endloop
  endfacet
  facet normal -1.665534e-16 1.000000e+00 1.350897e-16
    outer loop
      vertex   3.742554e-03 -4.750044e-02 -1.458156e-01
      vertex   3.110732e-02 -4.750044e-02 -1.634424e-01
      vertex   2.691122e-02 -4.750044e-02 -1.686158e-01
    endloop
  endfacet
  facet normal -1.398501e-16 1.000000e+00 1.622246e-16
    outer loop
      vertex   3.742554e-03 -4.750044e-02 -1.458156e-01
      vertex   2.691122e-02 -4.750044e-02 -1.686158e-01
      vertex   2.186599e-02 -4.750044e-02 -1.729652e-01
    endloop
  endfacet
  facet normal -1.207680e-16 1.000000e+00 1.749626e-16
    outer loop
      vertex   3.742554e-03 -4.750044e-02 -1.458156e-01
      vertex   2.186599e-02 -4.750044e-02 -1.729652e-01
      vertex   1.773024e-03 -4.750044e-02 -1.471751e-01
    endloop
  endfacet
  facet normal -1.088475e-16 1.000000e+00 1.842498e-16
    outer loop
      vertex   1.773024e-03 -4.750044e-02 -1.471751e-01
      vertex   2.186599e-02 -4.750044e-02 -1.729652e-01
      vertex   1.613083e-02 -4.750044e-02 -1.763533e-01
    endloop
  endfacet
  facet normal -7.469894e-17 1.000000e+00 2.010534e-16
    outer loop
      vertex   1.773024e-03 -4.750044e-02 -1.471751e-01
      vertex   1.613083e-02 -4.750044e-02 -1.763533e-01
      vertex   9.886687e-03 -4.750044e-02 -1.786732e-01
    endloop
  endfacet
  facet normal -3.784888e-17 1.000000e+00 2.105457e-16
    outer loop
      vertex   9.886687e-03 -4.750044e-02 -1.786732e-01
      vertex   3.330592e-03 -4.750044e-02 -1.798518e-01
      vertex   1.773024e-03 -4.750044e-02 -1.471751e-01
    endloop
  endfacet
  facet normal -2.563556e-17 1.000000e+00 2.111278e-16
    outer loop
      vertex   1.773024e-03 -4.750044e-02 -1.471751e-01
      vertex   3.330592e-03 -4.750044e-02 -1.798518e-01
      vertex   -6.026834e-04 -4.750044e-02 -1.474635e-01
    endloop
  endfacet
  facet normal 0.000000e+00 1.000000e+00 2.142410e-16
    outer loop
      vertex   -6.026834e-04 -4.750044e-02 -1.474635e-01
      vertex   3.330592e-03 -4.750044e-02 -1.798518e-01
      vertex   -3.330592e-03 -4.750044e-02 -1.798518e-01
    endloop
  endfacet
  facet normal 3.793876e-17 1.000000e+00 2.110456e-16
    outer loop
      vertex   -6.026834e-04 -4.750044e-02 -1.474635e-01
      vertex   -3.330592e-03 -4.750044e-02 -1.798518e-01
      vertex   -9.886687e-03 -4.750044e-02 -1.786732e-01
    endloop
  endfacet
  facet normal 7.577097e-17 1.000000e+00 1.997916e-16
    outer loop
      vertex   -6.026834e-04 -4.750044e-02 -1.474635e-01
      vertex   -9.886687e-03 -4.750044e-02 -1.786732e-01
      vertex   -2.840324e-03 -4.750044e-02 -1.466149e-01
    endloop
  endfacet
  facet normal 7.434648e-17 1.000000e+00 2.001047e-16
    outer loop
      vertex   -2.840324e-03 -4.750044e-02 -1.466149e-01
      vertex   -9.886687e-03 -4.750044e-02 -1.786732e-01
      vertex   -1.613083e-02 -4.750044e-02 -1.763533e-01
    endloop
  endfacet
  facet normal 1.090512e-16 1.000000e+00 1.845947e-16
    outer loop
      vertex   -2.840324e-03 -4.750044e-02 -1.466149e-01
      vertex   -1.613083e-02 -4.750044e-02 -1.763533e-01
      vertex   -2.186599e-02 -4.750044e-02 -1.729652e-01
    endloop
  endfacet
  facet normal 1.399205e-16 1.000000e+00 1.623062e-16
    outer loop
      vertex   -2.186599e-02 -4.750044e-02 -1.729652e-01
      vertex   -2.691122e-02 -4.750044e-02 -1.686158e-01
      vertex   -2.840324e-03 -4.750044e-02 -1.466149e-01
    endloop
  endfacet
  facet normal 1.592878e-16 1.000000e+00 1.411167e-16
    outer loop
      vertex   -2.840324e-03 -4.750044e-02 -1.466149e-01
      vertex   -2.691122e-02 -4.750044e-02 -1.686158e-01
      vertex   -4.427280e-03 -4.750044e-02 -1.448236e-01
    endloop
  endfacet
  facet normal 1.660755e-16 1.000000e+00 1.347022e-16
    outer loop
      vertex   -4.427280e-03 -4.750044e-02 -1.448236e-01
      vertex   -2.691122e-02 -4.750044e-02 -1.686158e-01
      vertex   -3.110732e-02 -4.750044e-02 -1.634424e-01
    endloop
  endfacet
  facet normal -4.116362e-16 1.000000e+00 9.625412e-16
    outer loop
      vertex   -4.427280e-03 -4.750044e-02 -1.448236e-01
      vertex   -3.110732e-02 -4.750044e-02 -1.634424e-01
      vertex   -3.432189e-02 -4.750044e-02 -1.576082e-01
    endloop
  endfacet
  facet normal 0.000000e+00 1.000000e+00 -0.000000e+00
    outer loop
      vertex   -3.432189e-02 -4.750044e-02 -1.576082e-01
      vertex   -3.645350e-02 -4.750044e-02 -1.512973e-01
      vertex   -4.427280e-03 -4.750044e-02 -1.448236e-01
    endloop
  endfacet
  facet normal 0.000000e+00 1.000000e+00 0.000000e+00
    outer loop
      vertex   -4.427280e-03 -4.750044e-02 -1.448236e-01
      vertex   -3.645350e-02 -4.750044e-02 -1.512973e-01
      vertex   -5.000000e-03 -4.750044e-02 -1.425000e-01
    endloop
  endfacet
  facet normal 0.000000e+00 1.000000e+00 0.000000e+00
    outer loop
      vertex   -5.000000e-03 -4.750044e-02 -1.425000e-01
      vertex   -3.645350e-02 -4.750044e-02 -1.512973e-01
      vertex   -3.743489e-02 -4.750044e-02 -1.447088e-01
    endloop
  endfacet
  facet normal 0.000000e+00 1.000000e+00 0.000000e+00
    outer loop
      vertex   -5.000000e-03 -4.750044e-02 -1.425000e-01
      vertex   -3.743489e-02 -4.750044e-02 -1.447088e-01
      vertex   -3.723510e-02 -4.750044e-02 -1.380506e-01
    endloop
  endfacet
  facet normal -0.000000e+00 1.000000e+00 0.000000e+00
    outer loop
      vertex   -3.723510e-02 -4.750044e-02 -1.380506e-01
      vertex   -3.586044e-02 -4.750044e-02 -1.315328e-01
      vertex   -5.000000e-03 -4.750044e-02 -1.425000e-01
    endloop
  endfacet
  facet normal 0.000000e+00 1.000000e+00 -0.000000e+00
    outer loop
      vertex   -5.000000e-03 -4.750044e-02 -1.425000e-01
      vertex   -3.586044e-02 -4.750044e-02 -1.315328e-01
      vertex   -4.427280e-03 -4.750044e-02 -1.401764e-01
    endloop
  endfacet
  facet normal 0.000000e+00 1.000000e+00 0.000000e+00
    outer loop
      vertex   -4.427280e-03 -4.750044e-02 -1.401764e-01
      vertex   -3.586044e-02 -4.750044e-02 -1.315328e-01
      vertex   -3.335427e-02 -4.750044e-02 -1.253611e-01
    endloop
  endfacet
  facet normal 9.535971e-16 1.000000e+00 1.861905e-15
    outer loop
      vertex   -4.427280e-03 -4.750044e-02 -1.401764e-01
      vertex   -3.335427e-02 -4.750044e-02 -1.253611e-01
      vertex   -2.979567e-02 -4.750044e-02 -1.197301e-01
    endloop
  endfacet
  facet normal -3.147424e-16 1.000000e+00 2.882324e-16
    outer loop
      vertex   -2.979567e-02 -4.750044e-02 -1.197301e-01
      vertex   -2.529693e-02 -4.750044e-02 -1.148176e-01
      vertex   -4.427280e-03 -4.750044e-02 -1.401764e-01
    endloop
  endfacet
  facet normal -3.202401e-16 1.000000e+00 2.837080e-16
    outer loop
      vertex   -4.427280e-03 -4.750044e-02 -1.401764e-01
      vertex   -2.529693e-02 -4.750044e-02 -1.148176e-01
      vertex   -2.840324e-03 -4.750044e-02 -1.383851e-01
    endloop
  endfacet
  facet normal -1.777489e-15 1.000000e+00 -1.104852e-15
    outer loop
      vertex   -2.840324e-03 -4.750044e-02 -1.383851e-01
      vertex   -2.529693e-02 -4.750044e-02 -1.148176e-01
      vertex   -2.000000e-02 -4.750044e-02 -1.107786e-01
    endloop
  endfacet
  facet normal 0.000000e+00 1.000000e+00 -0.000000e+00
    outer loop
      vertex   -2.840324e-03 -4.750044e-02 -1.383851e-01
      vertex   -2.000000e-02 -4.750044e-02 -1.107786e-01
      vertex   -6.026834e-04 -4.750044e-02 -1.375365e-01
    endloop
  endfacet
  facet normal -0.000000e+00 -1.000000e+00 0.000000e+00
    outer loop
      vertex   -4.427280e-03 4.749956e-02 -1.401764e-01
      vertex   -3.586044e-02 4.749956e-02 -1.315328e-01
      vertex   -5.000000e-03 4.749956e-02 -1.425000e-01
    endloop
  endfacet
  facet normal 0.000000e+00 -1.000000e+00 0.000000e+00
    outer loop
      vertex   -5.000000e-03 4.749956e-02 -1.425000e-01
      vertex   -3.586044e-02 4.749956e-02 -1.315328e-01
      vertex   -3.723510e-02 4.749956e-02 -1.380506e-01
    endloop
  endfacet
  facet normal -0.000000e+00 -1.000000e+00 0.000000e+00
    outer loop
      vertex   -5.000000e-03 4.749956e-02 -1.425000e-01
      vertex   -3.723510e-02 4.749956e-02 -1.380506e-01
      vertex   -3.743489e-02 4.749956e-02 -1.447088e-01
    endloop
  endfacet
  facet normal -0.000000e+00 -1.000000e+00 0.000000e+00
    outer loop
      vertex   -2.840324e-03 4.749956e-02 -1.383851e-01
      vertex   -2.529693e-02 4.749956e-02 -1.148176e-01
      vertex   -4.427280e-03 4.749956e-02 -1.401764e-01
    endloop
  endfacet
  facet normal 0.000000e+00 -1.000000e+00 0.000000e+00
    outer loop
      vertex   -4.427280e-03 4.749956e-02 -1.401764e-01
      vertex   -2.529693e-02 4.749956e-02 -1.148176e-01
      vertex   -2.979567e-02 4.749956e-02 -1.197301e-01
    endloop
  endfacet
  facet normal 0.000000e+00 -1.000000e+00 0.000000e+00
    outer loop
      vertex   -4.427280e-03 4.749956e-02 -1.401764e-01
      vertex   -2.979567e-02 4.749956e-02 -1.197301e-01
      vertex   -3.335427e-02 4.749956e-02 -1.253611e-01
    endloop
  endfacet
  facet normal 0.000000e+00 -1.000000e+00 0.000000e+00
    outer loop
      vertex   -2.529693e-02 4.749956e-02 -1.148176e-01
      vertex   -2.840324e-03 4.749956e-02 -1.383851e-01
      vertex   -2.000000e-02 4.749956e-02 -1.107786e-01
    endloop
  endfacet
  facet normal 0.000000e+00 -1.000000e+00 0.000000e+00
    outer loop
      vertex   -2.000000e-02 4.749956e-02 -1.107786e-01
      vertex   -2.840324e-03 4.749956e-02 -1.383851e-01
      vertex   -6.026834e-04 4.749956e-02 -1.375365e-01
    endloop
  endfacet
  facet normal 0.000000e+00 -1.000000e+00 0.000000e+00
    outer loop
      vertex   -2.000000e-02 4.749956e-02 -1.107786e-01
      vertex   -6.026834e-04 4.749956e-02 -1.375365e-01
      vertex   2.000000e-02 4.749956e-02 -1.107786e-01
    endloop
  endfacet
  facet normal 0.000000e+00 -1.000000e+00 0.000000e+00
    outer loop
      vertex   2.000000e-02 4.749956e-02 -1.107786e-01
      vertex   -6.026834e-04 4.749956e-02 -1.375365e-01
      vertex   1.773024e-03 4.749956e-02 -1.378249e-01
    endloop
  endfacet
  facet normal 0.000000e+00 -1.000000e+00 0.000000e+00
    outer loop
      vertex   2.000000e-02 4.749956e-02 -1.107786e-01
      vertex   1.773024e-03 4.749956e-02 -1.378249e-01
      vertex   3.742554e-03 4.749956e-02 -1.391844e-01
    endloop
  endfacet
  facet normal 0.000000e+00 -1.000000e+00 0.000000e+00
    outer loop
      vertex   4.854709e-03 4.749956e-02 -1.413034e-01
      vertex   3.335427e-02 4.749956e-02 -1.253611e-01
      vertex   3.742554e-03 4.749956e-02 -1.391844e-01
    endloop
  endfacet
  facet normal 0.000000e+00 -1.000000e+00 0.000000e+00
    outer loop
      vertex   3.742554e-03 4.749956e-02 -1.391844e-01
      vertex   3.335427e-02 4.749956e-02 -1.253611e-01
      vertex   2.979567e-02 4.749956e-02 -1.197301e-01
    endloop
  endfacet
  facet normal 0.000000e+00 -1.000000e+00 0.000000e+00
    outer loop
      vertex   3.742554e-03 4.749956e-02 -1.391844e-01
      vertex   2.979567e-02 4.749956e-02 -1.197301e-01
      vertex   2.529693e-02 4.749956e-02 -1.148176e-01
    endloop
  endfacet
  facet normal 0.000000e+00 -1.000000e+00 0.000000e+00
    outer loop
      vertex   4.854709e-03 4.749956e-02 -1.436966e-01
      vertex   3.743489e-02 4.749956e-02 -1.447088e-01
      vertex   4.854709e-03 4.749956e-02 -1.413034e-01
    endloop
  endfacet
  facet normal 0.000000e+00 -1.000000e+00 0.000000e+00
    outer loop
      vertex   4.854709e-03 4.749956e-02 -1.413034e-01
      vertex   3.743489e-02 4.749956e-02 -1.447088e-01
      vertex   3.723510e-02 4.749956e-02 -1.380506e-01
    endloop
  endfacet
  facet normal 0.000000e+00 -1.000000e+00 0.000000e+00
    outer loop
      vertex   4.854709e-03 4.749956e-02 -1.413034e-01
      vertex   3.723510e-02 4.749956e-02 -1.380506e-01
      vertex   3.586044e-02 4.749956e-02 -1.315328e-01
    endloop
  endfacet
  facet normal 0.000000e+00 -1.000000e+00 0.000000e+00
    outer loop
      vertex   3.742554e-03 4.749956e-02 -1.458156e-01
      vertex   3.110732e-02 4.749956e-02 -1.634424e-01
      vertex   4.854709e-03 4.749956e-02 -1.436966e-01
    endloop
  endfacet
  facet normal 0.000000e+00 -1.000000e+00 0.000000e+00
    outer loop
      vertex   4.854709e-03 4.749956e-02 -1.436966e-01
      vertex   3.110732e-02 4.749956e-02 -1.634424e-01
      vertex   3.432189e-02 4.749956e-02 -1.576082e-01
    endloop
  endfacet
  facet normal 0.000000e+00 -1.000000e+00 0.000000e+00
    outer loop
      vertex   4.854709e-03 4.749956e-02 -1.436966e-01
      vertex   3.432189e-02 4.749956e-02 -1.576082e-01
      vertex   3.645350e-02 4.749956e-02 -1.512973e-01
    endloop
  endfacet
  facet normal 0.000000e+00 -1.000000e+00 0.000000e+00
    outer loop
      vertex   1.773024e-03 4.749956e-02 -1.471751e-01
      vertex   2.186599e-02 4.749956e-02 -1.729652e-01
      vertex   3.742554e-03 4.749956e-02 -1.458156e-01
    endloop
  endfacet
  facet normal 0.000000e+00 -1.000000e+00 0.000000e+00
    outer loop
      vertex   3.742554e-03 4.749956e-02 -1.458156e-01
      vertex   2.186599e-02 4.749956e-02 -1.729652e-01
      vertex   2.691122e-02 4.749956e-02 -1.686158e-01
    endloop
  endfacet
  facet normal 0.000000e+00 -1.000000e+00 0.000000e+00
    outer loop
      vertex   3.742554e-03 4.749956e-02 -1.458156e-01
      vertex   2.691122e-02 4.749956e-02 -1.686158e-01
      vertex   3.110732e-02 4.749956e-02 -1.634424e-01
    endloop
  endfacet
  facet normal 0.000000e+00 -1.000000e+00 0.000000e+00
    outer loop
      vertex   -6.026834e-04 4.749956e-02 -1.474635e-01
      vertex   3.330592e-03 4.749956e-02 -1.798518e-01
      vertex   1.773024e-03 4.749956e-02 -1.471751e-01
    endloop
  endfacet
  facet normal 0.000000e+00 -1.000000e+00 0.000000e+00
    outer loop
      vertex   1.773024e-03 4.749956e-02 -1.471751e-01
      vertex   3.330592e-03 4.749956e-02 -1.798518e-01
      vertex   9.886687e-03 4.749956e-02 -1.786732e-01
    endloop
  endfacet
  facet normal 0.000000e+00 -1.000000e+00 0.000000e+00
    outer loop
      vertex   1.773024e-03 4.749956e-02 -1.471751e-01
      vertex   9.886687e-03 4.749956e-02 -1.786732e-01
      vertex   1.613083e-02 4.749956e-02 -1.763533e-01
    endloop
  endfacet
  facet normal 0.000000e+00 -1.000000e+00 -0.000000e+00
    outer loop
      vertex   -2.840324e-03 4.749956e-02 -1.466149e-01
      vertex   -9.886687e-03 4.749956e-02 -1.786732e-01
      vertex   -6.026834e-04 4.749956e-02 -1.474635e-01
    endloop
  endfacet
  facet normal 0.000000e+00 -1.000000e+00 0.000000e+00
    outer loop
      vertex   -6.026834e-04 4.749956e-02 -1.474635e-01
      vertex   -9.886687e-03 4.749956e-02 -1.786732e-01
      vertex   -3.330592e-03 4.749956e-02 -1.798518e-01
    endloop
  endfacet
  facet normal 0.000000e+00 -1.000000e+00 -0.000000e+00
    outer loop
      vertex   -6.026834e-04 4.749956e-02 -1.474635e-01
      vertex   -3.330592e-03 4.749956e-02 -1.798518e-01
      vertex   3.330592e-03 4.749956e-02 -1.798518e-01
    endloop
  endfacet
  facet normal 0.000000e+00 -1.000000e+00 -0.000000e+00
    outer loop
      vertex   -4.427280e-03 4.749956e-02 -1.448236e-01
      vertex   -2.691122e-02 4.749956e-02 -1.686158e-01
      vertex   -2.840324e-03 4.749956e-02 -1.466149e-01
    endloop
  endfacet
  facet normal 0.000000e+00 -1.000000e+00 0.000000e+00
    outer loop
      vertex   -2.840324e-03 4.749956e-02 -1.466149e-01
      vertex   -2.691122e-02 4.749956e-02 -1.686158e-01
      vertex   -2.186599e-02 4.749956e-02 -1.729652e-01
    endloop
  endfacet
  facet normal 0.000000e+00 -1.000000e+00 0.000000e+00
    outer loop
      vertex   -2.840324e-03 4.749956e-02 -1.466149e-01
      vertex   -2.186599e-02 4.749956e-02 -1.729652e-01
      vertex   -1.613083e-02 4.749956e-02 -1.763533e-01
    endloop
  endfacet
  facet normal 0.000000e+00 -1.000000e+00 -0.000000e+00
    outer loop
      vertex   -5.000000e-03 4.749956e-02 -1.425000e-01
      vertex   -3.645350e-02 4.749956e-02 -1.512973e-01
      vertex   -4.427280e-03 4.749956e-02 -1.448236e-01
    endloop
  endfacet
  facet normal 0.000000e+00 -1.000000e+00 0.000000e+00
    outer loop
      vertex   -4.427280e-03 4.749956e-02 -1.448236e-01
      vertex   -3.645350e-02 4.749956e-02 -1.512973e-01
      vertex   -3.432189e-02 4.749956e-02 -1.576082e-01
    endloop
  endfacet
  facet normal 0.000000e+00 -1.000000e+00 0.000000e+00
    outer loop
      vertex   -4.427280e-03 4.749956e-02 -1.448236e-01
      vertex   -3.432189e-02 4.749956e-02 -1.576082e-01
      vertex   -3.110732e-02 4.749956e-02 -1.634424e-01
    endloop
  endfacet
  facet normal 0.000000e+00 -1.000000e+00 0.000000e+00
    outer loop
      vertex   2.000000e-02 4.749956e-02 -1.107786e-01
      vertex   2.000000e-02 4.749956e-02 -1.025000e-01
      vertex   -2.000000e-02 4.749956e-02 -1.107786e-01
    endloop
  endfacet
  facet normal 0.000000e+00 -1.000000e+00 0.000000e+00
    outer loop
      vertex   -2.000000e-02 4.749956e-02 -1.107786e-01
      vertex   2.000000e-02 4.749956e-02 -1.025000e-01
      vertex   -2.000000e-02 4.749956e-02 -1.025000e-01
    endloop
  endfacet
  facet normal 0.000000e+00 -1.000000e+00 -0.000000e+00
    outer loop
      vertex   -3.335427e-02 4.749956e-02 -1.253611e-01
      vertex   -3.586044e-02 4.749956e-02 -1.315328e-01
      vertex   -4.427280e-03 4.749956e-02 -1.401764e-01
    endloop
  endfacet
  facet normal 0.000000e+00 -1.000000e+00 0.000000e+00
    outer loop
      vertex   -3.743489e-02 4.749956e-02 -1.447088e-01
      vertex   -3.645350e-02 4.749956e-02 -1.512973e-01
      vertex   -5.000000e-03 4.749956e-02 -1.425000e-01
    endloop
  endfacet
  facet normal 0.000000e+00 -1.000000e+00 0.000000e+00
    outer loop
      vertex   -3.110732e-02 4.749956e-02 -1.634424e-01
      vertex   -2.691122e-02 4.749956e-02 -1.686158e-01
      vertex   -4.427280e-03 4.749956e-02 -1.448236e-01
    endloop
  endfacet
  facet normal 0.000000e+00 -1.000000e+00 0.000000e+00
    outer loop
      vertex   -1.613083e-02 4.749956e-02 -1.763533e-01
      vertex   -9.886687e-03 4.749956e-02 -1.786732e-01
      vertex   -2.840324e-03 4.749956e-02 -1.466149e-01
    endloop
  endfacet
  facet normal 0.000000e+00 -1.000000e+00 0.000000e+00
    outer loop
      vertex   1.613083e-02 4.749956e-02 -1.763533e-01
      vertex   2.186599e-02 4.749956e-02 -1.729652e-01
      vertex   1.773024e-03 4.749956e-02 -1.471751e-01
    endloop
  endfacet
  facet normal 0.000000e+00 -1.000000e+00 0.000000e+00
    outer loop
      vertex   3.645350e-02 4.749956e-02 -1.512973e-01
      vertex   3.743489e-02 4.749956e-02 -1.447088e-01
      vertex   4.854709e-03 4.749956e-02 -1.436966e-01
    endloop
  endfacet
  facet normal -0.000000e+00 -1.000000e+00 0.000000e+00
    outer loop
      vertex   3.586044e-02 4.749956e-02 -1.315328e-01
      vertex   3.335427e-02 4.749956e-02 -1.253611e-01
      vertex   4.854709e-03 4.749956e-02 -1.413034e-01
    endloop
  endfacet
  facet normal -0.000000e+00 -1.000000e+00 0.000000e+00
    outer loop
      vertex   2.529693e-02 4.749956e-02 -1.148176e-01
      vertex   2.000000e-02 4.749956e-02 -1.107786e-01
      vertex   3.742554e-03 4.749956e-02 -1.391844e-01
    endloop
  endfacet
  facet normal -6.063554e-01 0.000000e+00 7.951938e-01
    outer loop
      vertex   -2.000000e-02 4.749956e-02 -1.107786e-01
      vertex   -2.000000e-02 6.249956e-02 -1.107786e-01
      vertex   -2.529693e-02 4.749956e-02 -1.148176e-01
    endloop
  endfacet
  facet normal -6.063554e-01 -7.701648e-16 7.951938e-01
    outer loop
      vertex   -2.529693e-02 4.749956e-02 -1.148176e-01
      vertex   -2.000000e-02 6.249956e-02 -1.107786e-01
      vertex   -2.529693e-02 6.249956e-02 -1.148176e-01
    endloop
  endfacet
  facet normal -7.374825e-01 -3.967930e-16 6.753662e-01
    outer loop
      vertex   -2.529693e-02 4.749956e-02 -1.148176e-01
      vertex   -2.529693e-02 6.249956e-02 -1.148176e-01
      vertex   -2.979567e-02 4.749956e-02 -1.197301e-01
    endloop
  endfacet
  facet normal -7.374825e-01 2.280463e-16 6.753662e-01
    outer loop
      vertex   -2.979567e-02 4.749956e-02 -1.197301e-01
      vertex   -2.529693e-02 6.249956e-02 -1.148176e-01
      vertex   -2.979567e-02 6.249956e-02 -1.197301e-01
    endloop
  endfacet
  facet normal -8.453399e-01 4.833598e-16 5.342288e-01
    outer loop
      vertex   -2.979567e-02 4.749956e-02 -1.197301e-01
      vertex   -2.979567e-02 6.249956e-02 -1.197301e-01
      vertex   -3.335427e-02 4.749956e-02 -1.253611e-01
    endloop
  endfacet
  facet normal -8.453399e-01 -3.910483e-16 5.342288e-01
    outer loop
      vertex   -3.335427e-02 4.749956e-02 -1.253611e-01
      vertex   -2.979567e-02 6.249956e-02 -1.197301e-01
      vertex   -3.335427e-02 6.249956e-02 -1.253611e-01
    endloop
  endfacet
  facet normal -9.265243e-01 -4.286036e-16 3.762349e-01
    outer loop
      vertex   -3.335427e-02 4.749956e-02 -1.253611e-01
      vertex   -3.335427e-02 6.249956e-02 -1.253611e-01
      vertex   -3.586044e-02 4.749956e-02 -1.315328e-01
    endloop
  endfacet
  facet normal -9.265243e-01 -4.286036e-16 3.762349e-01
    outer loop
      vertex   -3.586044e-02 4.749956e-02 -1.315328e-01
      vertex   -3.335427e-02 6.249956e-02 -1.253611e-01
      vertex   -3.586044e-02 6.249956e-02 -1.315328e-01
    endloop
  endfacet
  facet normal -9.784741e-01 -4.526352e-16 2.063696e-01
    outer loop
      vertex   -3.586044e-02 4.749956e-02 -1.315328e-01
      vertex   -3.586044e-02 6.249956e-02 -1.315328e-01
      vertex   -3.723510e-02 4.749956e-02 -1.380506e-01
    endloop
  endfacet
  facet normal -9.784741e-01 3.818605e-16 2.063696e-01
    outer loop
      vertex   -3.723510e-02 4.749956e-02 -1.380506e-01
      vertex   -3.586044e-02 6.249956e-02 -1.315328e-01
      vertex   -3.723510e-02 6.249956e-02 -1.380506e-01
    endloop
  endfacet
  facet normal -9.995501e-01 5.549784e-17 2.999281e-02
    outer loop
      vertex   -3.723510e-02 4.749956e-02 -1.380506e-01
      vertex   -3.723510e-02 6.249956e-02 -1.380506e-01
      vertex   -3.743489e-02 4.749956e-02 -1.447088e-01
    endloop
  endfacet
  facet normal -9.995501e-01 -5.549784e-17 2.999281e-02
    outer loop
      vertex   -3.743489e-02 4.749956e-02 -1.447088e-01
      vertex   -3.723510e-02 6.249956e-02 -1.380506e-01
      vertex   -3.743489e-02 6.249956e-02 -1.447088e-01
    endloop
  endfacet
  facet normal -9.890873e-01 2.726160e-16 -1.473304e-01
    outer loop
      vertex   -3.743489e-02 4.749956e-02 -1.447088e-01
      vertex   -3.743489e-02 6.249956e-02 -1.447088e-01
      vertex   -3.645350e-02 4.749956e-02 -1.512973e-01
    endloop
  endfacet
  facet normal -9.890873e-01 -1.849288e-16 -1.473304e-01
    outer loop
      vertex   -3.645350e-02 4.749956e-02 -1.512973e-01
      vertex   -3.743489e-02 6.249956e-02 -1.447088e-01
      vertex   -3.645350e-02 6.249956e-02 -1.512973e-01
    endloop
  endfacet
  facet normal -9.474159e-01 1.538600e-16 -3.200049e-01
    outer loop
      vertex   -3.645350e-02 4.749956e-02 -1.512973e-01
      vertex   -3.645350e-02 6.249956e-02 -1.512973e-01
      vertex   -3.432189e-02 4.749956e-02 -1.576082e-01
    endloop
  endfacet
  facet normal -9.474159e-01 -8.765358e-16 -3.200049e-01
    outer loop
      vertex   -3.432189e-02 4.749956e-02 -1.576082e-01
      vertex   -3.645350e-02 6.249956e-02 -1.512973e-01
      vertex   -3.432189e-02 6.249956e-02 -1.576082e-01
    endloop
  endfacet
  facet normal -8.758507e-01 -8.103247e-16 -4.825822e-01
    outer loop
      vertex   -3.432189e-02 4.749956e-02 -1.576082e-01
      vertex   -3.432189e-02 6.249956e-02 -1.576082e-01
      vertex   -3.110732e-02 4.749956e-02 -1.634424e-01
    endloop
  endfacet
  facet normal -8.758507e-01 -8.103247e-16 -4.825822e-01
    outer loop
      vertex   -3.110732e-02 4.749956e-02 -1.634424e-01
      vertex   -3.432189e-02 6.249956e-02 -1.576082e-01
      vertex   -3.110732e-02 6.249956e-02 -1.634424e-01
    endloop
  endfacet
  facet normal -7.766497e-01 -7.185454e-16 -6.299327e-01
    outer loop
      vertex   -3.110732e-02 4.749956e-02 -1.634424e-01
      vertex   -3.110732e-02 6.249956e-02 -1.634424e-01
      vertex   -2.691122e-02 4.749956e-02 -1.686158e-01
    endloop
  endfacet
  facet normal -7.766497e-01 2.674279e-16 -6.299327e-01
    outer loop
      vertex   -2.691122e-02 4.749956e-02 -1.686158e-01
      vertex   -3.110732e-02 6.249956e-02 -1.634424e-01
      vertex   -2.691122e-02 6.249956e-02 -1.686158e-01
    endloop
  endfacet
  facet normal -6.529432e-01 6.463670e-16 -7.574069e-01
    outer loop
      vertex   -2.691122e-02 4.749956e-02 -1.686158e-01
      vertex   -2.691122e-02 6.249956e-02 -1.686158e-01
      vertex   -2.186599e-02 4.749956e-02 -1.729652e-01
    endloop
  endfacet
  facet normal -6.529432e-01 3.020469e-16 -7.574069e-01
    outer loop
      vertex   -2.186599e-02 4.749956e-02 -1.729652e-01
      vertex   -2.691122e-02 6.249956e-02 -1.686158e-01
      vertex   -2.186599e-02 6.249956e-02 -1.729652e-01
    endloop
  endfacet
  facet normal -5.086343e-01 2.352906e-16 -8.609826e-01
    outer loop
      vertex   -2.186599e-02 4.749956e-02 -1.729652e-01
      vertex   -2.186599e-02 6.249956e-02 -1.729652e-01
      vertex   -1.613083e-02 4.749956e-02 -1.763533e-01
    endloop
  endfacet
  facet normal -5.086343e-01 1.176453e-16 -8.609826e-01
    outer loop
      vertex   -1.613083e-02 4.749956e-02 -1.763533e-01
      vertex   -2.186599e-02 6.249956e-02 -1.729652e-01
      vertex   -1.613083e-02 6.249956e-02 -1.763533e-01
    endloop
  endfacet
  facet normal -3.482766e-01 8.055513e-17 -9.373918e-01
    outer loop
      vertex   -1.613083e-02 4.749956e-02 -1.763533e-01
      vertex   -1.613083e-02 6.249956e-02 -1.763533e-01
      vertex   -9.886687e-03 4.749956e-02 -1.786732e-01
    endloop
  endfacet
  facet normal -3.482766e-01 1.611103e-16 -9.373918e-01
    outer loop
      vertex   -9.886687e-03 4.749956e-02 -1.786732e-01
      vertex   -1.613083e-02 6.249956e-02 -1.763533e-01
      vertex   -9.886687e-03 6.249956e-02 -1.786732e-01
    endloop
  endfacet
  facet normal -1.769296e-01 8.184638e-17 -9.842235e-01
    outer loop
      vertex   -9.886687e-03 4.749956e-02 -1.786732e-01
      vertex   -9.886687e-03 6.249956e-02 -1.786732e-01
      vertex   -3.330592e-03 4.749956e-02 -1.798518e-01
    endloop
  endfacet
  facet normal -1.769296e-01 8.696178e-17 -9.842235e-01
    outer loop
      vertex   -3.330592e-03 4.749956e-02 -1.798518e-01
      vertex   -9.886687e-03 6.249956e-02 -1.786732e-01
      vertex   -3.330592e-03 6.249956e-02 -1.798518e-01
    endloop
  endfacet
  facet normal 0.000000e+00 0.000000e+00 -1.000000e+00
    outer loop
      vertex   -3.330592e-03 4.749956e-02 -1.798518e-01
      vertex   -3.330592e-03 6.249956e-02 -1.798518e-01
      vertex   3.330592e-03 4.749956e-02 -1.798518e-01
    endloop
  endfacet
  facet normal 0.000000e+00 0.000000e+00 -1.000000e+00
    outer loop
      vertex   3.330592e-03 4.749956e-02 -1.798518e-01
      vertex   -3.330592e-03 6.249956e-02 -1.798518e-01
      vertex   3.330592e-03 6.249956e-02 -1.798518e-01
    endloop
  endfacet
  facet normal 1.769296e-01 -8.696178e-17 -9.842235e-01
    outer loop
      vertex   3.330592e-03 4.749956e-02 -1.798518e-01
      vertex   3.330592e-03 6.249956e-02 -1.798518e-01
      vertex   9.886687e-03 4.749956e-02 -1.786732e-01
    endloop
  endfacet
  facet normal 1.769296e-01 -8.184638e-17 -9.842235e-01
    outer loop
      vertex   9.886687e-03 4.749956e-02 -1.786732e-01
      vertex   3.330592e-03 6.249956e-02 -1.798518e-01
      vertex   9.886687e-03 6.249956e-02 -1.786732e-01
    endloop
  endfacet
  facet normal 3.482766e-01 -1.611103e-16 -9.373918e-01
    outer loop
      vertex   9.886687e-03 4.749956e-02 -1.786732e-01
      vertex   9.886687e-03 6.249956e-02 -1.786732e-01
      vertex   1.613083e-02 4.749956e-02 -1.763533e-01
    endloop
  endfacet
  facet normal 3.482766e-01 3.388492e-15 -9.373918e-01
    outer loop
      vertex   1.613083e-02 4.749956e-02 -1.763533e-01
      vertex   9.886687e-03 6.249956e-02 -1.786732e-01
      vertex   1.613083e-02 6.249956e-02 -1.763533e-01
    endloop
  endfacet
  facet normal 5.086343e-01 3.068631e-15 -8.609826e-01
    outer loop
      vertex   1.613083e-02 4.749956e-02 -1.763533e-01
      vertex   1.613083e-02 6.249956e-02 -1.763533e-01
      vertex   2.186599e-02 4.749956e-02 -1.729652e-01
    endloop
  endfacet
  facet normal 5.086343e-01 1.593138e-15 -8.609826e-01
    outer loop
      vertex   2.186599e-02 4.749956e-02 -1.729652e-01
      vertex   1.613083e-02 6.249956e-02 -1.763533e-01
      vertex   2.186599e-02 6.249956e-02 -1.729652e-01
    endloop
  endfacet
  facet normal 6.529432e-01 1.401484e-15 -7.574069e-01
    outer loop
      vertex   2.186599e-02 4.749956e-02 -1.729652e-01
      vertex   2.186599e-02 6.249956e-02 -1.729652e-01
      vertex   2.691122e-02 4.749956e-02 -1.686158e-01
    endloop
  endfacet
  facet normal 6.529432e-01 4.530704e-16 -7.574069e-01
    outer loop
      vertex   2.691122e-02 4.749956e-02 -1.686158e-01
      vertex   2.186599e-02 6.249956e-02 -1.729652e-01
      vertex   2.691122e-02 6.249956e-02 -1.686158e-01
    endloop
  endfacet
  facet normal 7.766497e-01 5.389090e-16 -6.299327e-01
    outer loop
      vertex   2.691122e-02 4.749956e-02 -1.686158e-01
      vertex   2.691122e-02 6.249956e-02 -1.686158e-01
      vertex   3.110732e-02 4.749956e-02 -1.634424e-01
    endloop
  endfacet
  facet normal 7.766497e-01 1.165610e-15 -6.299327e-01
    outer loop
      vertex   3.110732e-02 4.749956e-02 -1.634424e-01
      vertex   2.691122e-02 6.249956e-02 -1.686158e-01
      vertex   3.110732e-02 6.249956e-02 -1.634424e-01
    endloop
  endfacet
  facet normal 8.758507e-01 8.929565e-16 -4.825822e-01
    outer loop
      vertex   3.110732e-02 4.749956e-02 -1.634424e-01
      vertex   3.110732e-02 6.249956e-02 -1.634424e-01
      vertex   3.432189e-02 4.749956e-02 -1.576082e-01
    endloop
  endfacet
  facet normal 8.758507e-01 4.051623e-16 -4.825822e-01
    outer loop
      vertex   3.432189e-02 4.749956e-02 -1.576082e-01
      vertex   3.110732e-02 6.249956e-02 -1.634424e-01
      vertex   3.432189e-02 6.249956e-02 -1.576082e-01
    endloop
  endfacet
  facet normal 9.474159e-01 4.382679e-16 -3.200049e-01
    outer loop
      vertex   3.432189e-02 4.749956e-02 -1.576082e-01
      vertex   3.432189e-02 6.249956e-02 -1.576082e-01
      vertex   3.645350e-02 4.749956e-02 -1.512973e-01
    endloop
  endfacet
  facet normal 9.474159e-01 0.000000e+00 -3.200049e-01
    outer loop
      vertex   3.645350e-02 4.749956e-02 -1.512973e-01
      vertex   3.432189e-02 6.249956e-02 -1.576082e-01
      vertex   3.645350e-02 6.249956e-02 -1.512973e-01
    endloop
  endfacet
  facet normal 9.890873e-01 0.000000e+00 -1.473304e-01
    outer loop
      vertex   3.645350e-02 4.749956e-02 -1.512973e-01
      vertex   3.645350e-02 6.249956e-02 -1.512973e-01
      vertex   3.743489e-02 4.749956e-02 -1.447088e-01
    endloop
  endfacet
  facet normal 9.890873e-01 2.726160e-16 -1.473304e-01
    outer loop
      vertex   3.743489e-02 4.749956e-02 -1.447088e-01
      vertex   3.645350e-02 6.249956e-02 -1.512973e-01
      vertex   3.743489e-02 6.249956e-02 -1.447088e-01
    endloop
  endfacet
  facet normal 9.995501e-01 -5.549784e-17 2.999281e-02
    outer loop
      vertex   3.743489e-02 4.749956e-02 -1.447088e-01
      vertex   3.743489e-02 6.249956e-02 -1.447088e-01
      vertex   3.723510e-02 4.749956e-02 -1.380506e-01
    endloop
  endfacet
  facet normal 9.995501e-01 -0.000000e+00 2.999281e-02
    outer loop
      vertex   3.723510e-02 4.749956e-02 -1.380506e-01
      vertex   3.743489e-02 6.249956e-02 -1.447088e-01
      vertex   3.723510e-02 6.249956e-02 -1.380506e-01
    endloop
  endfacet
  facet normal 9.784741e-01 -0.000000e+00 2.063696e-01
    outer loop
      vertex   3.723510e-02 4.749956e-02 -1.380506e-01
      vertex   3.723510e-02 6.249956e-02 -1.380506e-01
      vertex   3.586044e-02 4.749956e-02 -1.315328e-01
    endloop
  endfacet
  facet normal 9.784741e-01 -0.000000e+00 2.063696e-01
    outer loop
      vertex   3.586044e-02 4.749956e-02 -1.315328e-01
      vertex   3.723510e-02 6.249956e-02 -1.380506e-01
      vertex   3.586044e-02 6.249956e-02 -1.315328e-01
    endloop
  endfacet
  facet normal 9.265243e-01 -0.000000e+00 3.762349e-01
    outer loop
      vertex   3.586044e-02 4.749956e-02 -1.315328e-01
      vertex   3.586044e-02 6.249956e-02 -1.315328e-01
      vertex   3.335427e-02 4.749956e-02 -1.253611e-01
    endloop
  endfacet
  facet normal 9.265243e-01 -0.000000e+00 3.762349e-01
    outer loop
      vertex   3.335427e-02 4.749956e-02 -1.253611e-01
      vertex   3.586044e-02 6.249956e-02 -1.315328e-01
      vertex   3.335427e-02 6.249956e-02 -1.253611e-01
    endloop
  endfacet
  facet normal 8.453399e-01 -0.000000e+00 5.342288e-01
    outer loop
      vertex   3.335427e-02 4.749956e-02 -1.253611e-01
      vertex   3.335427e-02 6.249956e-02 -1.253611e-01
      vertex   2.979567e-02 4.749956e-02 -1.197301e-01
    endloop
  endfacet
  facet normal 8.453399e-01 -0.000000e+00 5.342288e-01
    outer loop
      vertex   2.979567e-02 4.749956e-02 -1.197301e-01
      vertex   3.335427e-02 6.249956e-02 -1.253611e-01
      vertex   2.979567e-02 6.249956e-02 -1.197301e-01
    endloop
  endfacet
  facet normal 7.374825e-01 -0.000000e+00 6.753662e-01
    outer loop
      vertex   2.979567e-02 4.749956e-02 -1.197301e-01
      vertex   2.979567e-02 6.249956e-02 -1.197301e-01
      vertex   2.529693e-02 4.749956e-02 -1.148176e-01
    endloop
  endfacet
  facet normal 7.374825e-01 5.117313e-16 6.753662e-01
    outer loop
      vertex   2.529693e-02 4.749956e-02 -1.148176e-01
      vertex   2.979567e-02 6.249956e-02 -1.197301e-01
      vertex   2.529693e-02 6.249956e-02 -1.148176e-01
    endloop
  endfacet
  facet normal 6.063554e-01 4.207436e-16 7.951938e-01
    outer loop
      vertex   2.529693e-02 4.749956e-02 -1.148176e-01
      vertex   2.529693e-02 6.249956e-02 -1.148176e-01
      vertex   2.000000e-02 4.749956e-02 -1.107786e-01
    endloop
  endfacet
  facet normal 6.063554e-01 -0.000000e+00 7.951938e-01
    outer loop
      vertex   2.000000e-02 4.749956e-02 -1.107786e-01
      vertex   2.529693e-02 6.249956e-02 -1.148176e-01
      vertex   2.000000e-02 6.249956e-02 -1.107786e-01
    endloop
  endfacet
  facet normal 3.750489e-01 8.978572e-01 2.306311e-01
    outer loop
      vertex   1.149827e-02 3.569325e-02 -8.550000e-02
      vertex   1.730769e-02 3.326656e-02 -8.550000e-02
      vertex   1.262037e-02 3.571603e-02 -8.741342e-02
    endloop
  endfacet
  facet normal 4.260409e-01 8.984210e-01 1.064371e-01
    outer loop
      vertex   1.262037e-02 3.571603e-02 -8.741342e-02
      vertex   1.730769e-02 3.326656e-02 -8.550000e-02
      vertex   1.724501e-02 3.341677e-02 -8.651693e-02
    endloop
  endfacet
  facet normal 3.701288e-01 8.707173e-01 3.238148e-01
    outer loop
      vertex   1.262037e-02 3.571603e-02 -8.741342e-02
      vertex   1.724501e-02 3.341677e-02 -8.651693e-02
      vertex   1.706613e-02 3.385107e-02 -8.748029e-02
    endloop
  endfacet
  facet normal 3.209424e-01 7.440647e-01 5.859725e-01
    outer loop
      vertex   1.706613e-02 3.385107e-02 -8.748029e-02
      vertex   1.646501e-02 3.538403e-02 -8.909759e-02
      vertex   1.262037e-02 3.571603e-02 -8.741342e-02
    endloop
  endfacet
  facet normal 3.098715e-01 7.718161e-01 5.552293e-01
    outer loop
      vertex   1.262037e-02 3.571603e-02 -8.741342e-02
      vertex   1.646501e-02 3.538403e-02 -8.909759e-02
      vertex   1.298148e-02 3.673797e-02 -8.903553e-02
    endloop
  endfacet
  facet normal 2.216408e-01 8.020372e-01 5.546275e-01
    outer loop
      vertex   1.262037e-02 3.571603e-02 -8.741342e-02
      vertex   1.298148e-02 3.673797e-02 -8.903553e-02
      vertex   7.510177e-03 3.712821e-02 -8.741342e-02
    endloop
  endfacet
  facet normal 2.216408e-01 8.020372e-01 5.546275e-01
    outer loop
      vertex   7.510177e-03 3.712821e-02 -8.741342e-02
      vertex   1.298148e-02 3.673797e-02 -8.903553e-02
      vertex   7.725063e-03 3.819056e-02 -8.903553e-02
    endloop
  endfacet
  facet normal 1.074928e-01 8.251264e-01 5.546275e-01
    outer loop
      vertex   7.510177e-03 3.712821e-02 -8.741342e-02
      vertex   7.725063e-03 3.819056e-02 -8.903553e-02
      vertex   2.252867e-03 3.781311e-02 -8.741342e-02
    endloop
  endfacet
  facet normal 1.074928e-01 8.251264e-01 5.546275e-01
    outer loop
      vertex   2.252867e-03 3.781311e-02 -8.741342e-02
      vertex   7.725063e-03 3.819056e-02 -8.903553e-02
      vertex   2.317328e-03 3.889505e-02 -8.903553e-02
    endloop
  endfacet
  facet normal -8.760857e-03 8.320526e-01 5.546275e-01
    outer loop
      vertex   2.252867e-03 3.781311e-02 -8.741342e-02
      vertex   2.317328e-03 3.889505e-02 -8.903553e-02
      vertex   -3.048573e-03 3.775729e-02 -8.741342e-02
    endloop
  endfacet
  facet normal -8.760857e-03 8.320526e-01 5.546275e-01
    outer loop
      vertex   -3.048573e-03 3.775729e-02 -8.741342e-02
      vertex   2.317328e-03 3.889505e-02 -8.903553e-02
      vertex   -3.135801e-03 3.883764e-02 -8.903553e-02
    endloop
  endfacet
  facet normal -1.248429e-01 8.226801e-01 5.546275e-01
    outer loop
      vertex   -3.048573e-03 3.775729e-02 -8.741342e-02
      vertex   -3.135801e-03 3.883764e-02 -8.903553e-02
      vertex   -8.290296e-03 3.696185e-02 -8.741342e-02
    endloop
  endfacet
  facet normal -1.248429e-01 8.226801e-01 5.546275e-01
    outer loop
      vertex   -8.290296e-03 3.696185e-02 -8.741342e-02
      vertex   -3.135801e-03 3.883764e-02 -8.903553e-02
      vertex   -8.527503e-03 3.801944e-02 -8.903553e-02
    endloop
  endfacet
  facet normal -2.384794e-01 7.971925e-01 5.546275e-01
    outer loop
      vertex   -8.290296e-03 3.696185e-02 -8.741342e-02
      vertex   -8.527503e-03 3.801944e-02 -8.903553e-02
      vertex   -1.336962e-02 3.544237e-02 -8.741342e-02
    endloop
  endfacet
  facet normal -2.384794e-01 7.971925e-01 5.546275e-01
    outer loop
      vertex   -1.336962e-02 3.544237e-02 -8.741342e-02
      vertex   -8.527503e-03 3.801944e-02 -8.903553e-02
      vertex   -1.375216e-02 3.645648e-02 -8.903553e-02
    endloop
  endfacet
  facet normal -1.594966e-01 5.331676e-01 8.308388e-01
    outer loop
      vertex   -1.375216e-02 3.645648e-02 -8.903553e-02
      vertex   -8.527503e-03 3.801944e-02 -8.903553e-02
      vertex   -8.882509e-03 3.960223e-02 -9.011940e-02
    endloop
  endfacet
  facet normal -1.594966e-01 5.331676e-01 8.308388e-01
    outer loop
      vertex   -1.375216e-02 3.645648e-02 -8.903553e-02
      vertex   -8.882509e-03 3.960223e-02 -9.011940e-02
      vertex   -1.432468e-02 3.797421e-02 -9.011940e-02
    endloop
  endfacet
  facet normal -5.604502e-02 1.873482e-01 9.806934e-01
    outer loop
      vertex   -1.432468e-02 3.797421e-02 -9.011940e-02
      vertex   -8.882509e-03 3.960223e-02 -9.011940e-02
      vertex   -1.500000e-02 3.976449e-02 -9.050000e-02
    endloop
  endfacet
  facet normal -5.599592e-02 1.886297e-01 9.804506e-01
    outer loop
      vertex   -1.500000e-02 3.976449e-02 -9.050000e-02
      vertex   -8.882509e-03 3.960223e-02 -9.011940e-02
      vertex   -9.126534e-03 4.150807e-02 -9.050000e-02
    endloop
  endfacet
  facet normal -2.916077e-02 1.921615e-01 9.809300e-01
    outer loop
      vertex   -9.126534e-03 4.150807e-02 -9.050000e-02
      vertex   -8.882509e-03 3.960223e-02 -9.011940e-02
      vertex   -3.266346e-03 4.045449e-02 -9.011940e-02
    endloop
  endfacet
  facet normal -2.845409e-02 1.958370e-01 9.802236e-01
    outer loop
      vertex   -9.126534e-03 4.150807e-02 -9.050000e-02
      vertex   -3.266346e-03 4.045449e-02 -9.011940e-02
      vertex   -3.063399e-03 4.238901e-02 -9.050000e-02
    endloop
  endfacet
  facet normal -2.034741e-03 1.932473e-01 9.811480e-01
    outer loop
      vertex   -3.063399e-03 4.238901e-02 -9.050000e-02
      vertex   -3.266346e-03 4.045449e-02 -9.011940e-02
      vertex   2.413799e-03 4.051430e-02 -9.011940e-02
    endloop
  endfacet
  facet normal -2.523722e-14 1.989605e-01 9.800075e-01
    outer loop
      vertex   -3.063399e-03 4.238901e-02 -9.050000e-02
      vertex   2.413799e-03 4.051430e-02 -9.011940e-02
      vertex   3.063399e-03 4.238901e-02 -9.050000e-02
    endloop
  endfacet
  facet normal 2.483387e-02 1.906276e-01 9.813483e-01
    outer loop
      vertex   3.063399e-03 4.238901e-02 -9.050000e-02
      vertex   2.413799e-03 4.051430e-02 -9.011940e-02
      vertex   8.046662e-03 3.978048e-02 -9.011940e-02
    endloop
  endfacet
  facet normal 2.875196e-02 1.978871e-01 9.798030e-01
    outer loop
      vertex   3.063399e-03 4.238901e-02 -9.050000e-02
      vertex   8.046662e-03 3.978048e-02 -9.011940e-02
      vertex   9.126534e-03 4.150807e-02 -9.050000e-02
    endloop
  endfacet
  facet normal 5.095541e-02 1.843891e-01 9.815316e-01
    outer loop
      vertex   9.126534e-03 4.150807e-02 -9.050000e-02
      vertex   8.046662e-03 3.978048e-02 -9.011940e-02
      vertex   1.352190e-02 3.826741e-02 -9.011940e-02
    endloop
  endfacet
  facet normal 5.717383e-02 1.925977e-01 9.796108e-01
    outer loop
      vertex   9.126534e-03 4.150807e-02 -9.050000e-02
      vertex   1.352190e-02 3.826741e-02 -9.011940e-02
      vertex   1.500000e-02 3.976449e-02 -9.050000e-02
    endloop
  endfacet
  facet normal 7.296712e-02 1.774642e-01 9.814185e-01
    outer loop
      vertex   1.500000e-02 3.976449e-02 -9.050000e-02
      vertex   1.352190e-02 3.826741e-02 -9.011940e-02
      vertex   1.572240e-02 3.746779e-02 -9.013841e-02
    endloop
  endfacet
  facet normal 1.961056e-01 5.198994e-01 8.314128e-01
    outer loop
      vertex   1.572240e-02 3.746779e-02 -9.013841e-02
      vertex   1.352190e-02 3.826741e-02 -9.011940e-02
      vertex   1.298148e-02 3.673797e-02 -8.903553e-02
    endloop
  endfacet
  facet normal 2.075398e-01 4.953126e-01 8.435595e-01
    outer loop
      vertex   1.572240e-02 3.746779e-02 -9.013841e-02
      vertex   1.298148e-02 3.673797e-02 -8.903553e-02
      vertex   1.646501e-02 3.538403e-02 -8.909759e-02
    endloop
  endfacet
  facet normal -2.811191e-01 9.397293e-01 1.946302e-01
    outer loop
      vertex   -1.336962e-02 3.544237e-02 -8.741342e-02
      vertex   -1.323529e-02 3.508626e-02 -8.550000e-02
      vertex   -8.290296e-03 3.696185e-02 -8.741342e-02
    endloop
  endfacet
  facet normal -2.657886e-01 9.360372e-01 2.306311e-01
    outer loop
      vertex   -8.290296e-03 3.696185e-02 -8.741342e-02
      vertex   -1.323529e-02 3.508626e-02 -8.550000e-02
      vertex   -7.178830e-03 3.680600e-02 -8.550000e-02
    endloop
  endfacet
  facet normal -1.479680e-01 9.750682e-01 1.653705e-01
    outer loop
      vertex   -8.290296e-03 3.696185e-02 -8.741342e-02
      vertex   -7.178830e-03 3.680600e-02 -8.550000e-02
      vertex   -3.048573e-03 3.775729e-02 -8.741342e-02
    endloop
  endfacet
  facet normal -1.048719e-01 9.620481e-01 2.519234e-01
    outer loop
      vertex   -3.048573e-03 3.775729e-02 -8.741342e-02
      vertex   -7.178830e-03 3.680600e-02 -8.550000e-02
      vertex   -9.200143e-04 3.748827e-02 -8.550000e-02
    endloop
  endfacet
  facet normal -1.040860e-02 9.885454e-01 1.505642e-01
    outer loop
      vertex   -3.048573e-03 3.775729e-02 -8.741342e-02
      vertex   -9.200143e-04 3.748827e-02 -8.550000e-02
      vertex   2.252867e-03 3.781311e-02 -8.741342e-02
    endloop
  endfacet
  facet normal 5.744437e-02 9.641827e-01 2.589438e-01
    outer loop
      vertex   2.252867e-03 3.781311e-02 -8.741342e-02
      vertex   -9.200143e-04 3.748827e-02 -8.550000e-02
      vertex   5.364734e-03 3.711383e-02 -8.550000e-02
    endloop
  endfacet
  facet normal 1.277101e-01 9.803166e-01 1.505642e-01
    outer loop
      vertex   2.252867e-03 3.781311e-02 -8.741342e-02
      vertex   5.364734e-03 3.711383e-02 -8.550000e-02
      vertex   7.510177e-03 3.712821e-02 -8.741342e-02
    endloop
  endfacet
  facet normal 2.183590e-01 9.427905e-01 2.519234e-01
    outer loop
      vertex   7.510177e-03 3.712821e-02 -8.741342e-02
      vertex   5.364734e-03 3.711383e-02 -8.550000e-02
      vertex   1.149827e-02 3.569325e-02 -8.550000e-02
    endloop
  endfacet
  facet normal 2.626961e-01 9.506016e-01 1.653705e-01
    outer loop
      vertex   7.510177e-03 3.712821e-02 -8.741342e-02
      vertex   1.149827e-02 3.569325e-02 -8.550000e-02
      vertex   1.262037e-02 3.571603e-02 -8.741342e-02
    endloop
  endfacet
  facet normal 1.482348e-01 5.364077e-01 8.308388e-01
    outer loop
      vertex   7.725063e-03 3.819056e-02 -8.903553e-02
      vertex   1.298148e-02 3.673797e-02 -8.903553e-02
      vertex   1.352190e-02 3.826741e-02 -9.011940e-02
    endloop
  endfacet
  facet normal 7.189187e-02 5.518500e-01 8.308388e-01
    outer loop
      vertex   2.317328e-03 3.889505e-02 -8.903553e-02
      vertex   7.725063e-03 3.819056e-02 -8.903553e-02
      vertex   8.046662e-03 3.978048e-02 -9.011940e-02
    endloop
  endfacet
  facet normal 1.482348e-01 5.364077e-01 8.308388e-01
    outer loop
      vertex   8.046662e-03 3.978048e-02 -9.011940e-02
      vertex   7.725063e-03 3.819056e-02 -8.903553e-02
      vertex   1.352190e-02 3.826741e-02 -9.011940e-02
    endloop
  endfacet
  facet normal -5.859319e-03 5.564822e-01 8.308388e-01
    outer loop
      vertex   -3.135801e-03 3.883764e-02 -8.903553e-02
      vertex   2.317328e-03 3.889505e-02 -8.903553e-02
      vertex   2.413799e-03 4.051430e-02 -9.011940e-02
    endloop
  endfacet
  facet normal 7.189187e-02 5.518500e-01 8.308388e-01
    outer loop
      vertex   2.413799e-03 4.051430e-02 -9.011940e-02
      vertex   2.317328e-03 3.889505e-02 -8.903553e-02
      vertex   8.046662e-03 3.978048e-02 -9.011940e-02
    endloop
  endfacet
  facet normal -8.349573e-02 5.502139e-01 8.308388e-01
    outer loop
      vertex   -8.527503e-03 3.801944e-02 -8.903553e-02
      vertex   -3.135801e-03 3.883764e-02 -8.903553e-02
      vertex   -3.266346e-03 4.045449e-02 -9.011940e-02
    endloop
  endfacet
  facet normal -5.859319e-03 5.564822e-01 8.308388e-01
    outer loop
      vertex   -3.266346e-03 4.045449e-02 -9.011940e-02
      vertex   -3.135801e-03 3.883764e-02 -8.903553e-02
      vertex   2.413799e-03 4.051430e-02 -9.011940e-02
    endloop
  endfacet
  facet normal -8.349573e-02 5.502139e-01 8.308388e-01
    outer loop
      vertex   -8.882509e-03 3.960223e-02 -9.011940e-02
      vertex   -8.527503e-03 3.801944e-02 -8.903553e-02
      vertex   -3.266346e-03 4.045449e-02 -9.011940e-02
    endloop
  endfacet
  facet normal -9.877028e-01 1.563429e-01 -4.895404e-16
    outer loop
      vertex   -2.000000e-02 3.436887e-02 -9.550000e-02
      vertex   -2.000000e-02 3.436887e-02 -1.025000e-01
      vertex   -2.024443e-02 3.282467e-02 -9.550000e-02
    endloop
  endfacet
  facet normal -9.877028e-01 1.563429e-01 4.895404e-16
    outer loop
      vertex   -2.024443e-02 3.282467e-02 -9.550000e-02
      vertex   -2.000000e-02 3.436887e-02 -1.025000e-01
      vertex   -2.024443e-02 3.282467e-02 -1.025000e-01
    endloop
  endfacet
  facet normal -8.911328e-01 4.537426e-01 4.416768e-16
    outer loop
      vertex   -2.024443e-02 3.282467e-02 -9.550000e-02
      vertex   -2.024443e-02 3.282467e-02 -1.025000e-01
      vertex   -2.095383e-02 3.143145e-02 -1.025000e-01
    endloop
  endfacet
  facet normal -7.074346e-01 7.067788e-01 -7.006091e-16
    outer loop
      vertex   -2.205882e-02 3.032542e-02 -1.025000e-01
      vertex   -2.205882e-02 3.032542e-02 -9.550000e-02
      vertex   -2.095383e-02 3.143145e-02 -1.025000e-01
    endloop
  endfacet
  facet normal -7.074346e-01 7.067788e-01 0.000000e+00
    outer loop
      vertex   -2.095383e-02 3.143145e-02 -1.025000e-01
      vertex   -2.205882e-02 3.032542e-02 -9.550000e-02
      vertex   -2.095383e-02 3.143145e-02 -9.550000e-02
    endloop
  endfacet
  facet normal -8.911328e-01 4.537426e-01 0.000000e+00
    outer loop
      vertex   -2.095383e-02 3.143145e-02 -1.025000e-01
      vertex   -2.095383e-02 3.143145e-02 -9.550000e-02
      vertex   -2.024443e-02 3.282467e-02 -9.550000e-02
    endloop
  endfacet
  facet normal -1.733797e-01 1.417910e-01 9.745947e-01
    outer loop
      vertex   -1.432468e-02 3.797421e-02 -9.011940e-02
      vertex   -1.500000e-02 3.976449e-02 -9.050000e-02
      vertex   -1.544493e-02 3.764185e-02 -9.027034e-02
    endloop
  endfacet
  facet normal -3.279722e-01 1.693051e-01 9.293923e-01
    outer loop
      vertex   -1.544493e-02 3.764185e-02 -9.027034e-02
      vertex   -1.500000e-02 3.976449e-02 -9.050000e-02
      vertex   -1.687851e-02 3.813629e-02 -9.086630e-02
    endloop
  endfacet
  facet normal -3.268223e-01 1.724342e-01 9.292221e-01
    outer loop
      vertex   -1.544493e-02 3.764185e-02 -9.027034e-02
      vertex   -1.687851e-02 3.813629e-02 -9.086630e-02
      vertex   -1.642324e-02 3.688729e-02 -9.047440e-02
    endloop
  endfacet
  facet normal -4.640395e-01 1.067707e-01 8.793562e-01
    outer loop
      vertex   -1.642324e-02 3.688729e-02 -9.047440e-02
      vertex   -1.687851e-02 3.813629e-02 -9.086630e-02
      vertex   -1.736155e-02 3.609993e-02 -9.087395e-02
    endloop
  endfacet
  facet normal -6.048103e-01 3.603891e-01 7.101579e-01
    outer loop
      vertex   -1.642324e-02 3.688729e-02 -9.047440e-02
      vertex   -1.736155e-02 3.609993e-02 -9.087395e-02
      vertex   -1.720816e-02 3.501551e-02 -9.019299e-02
    endloop
  endfacet
  facet normal -6.793978e-01 3.188812e-01 6.608581e-01
    outer loop
      vertex   -1.720816e-02 3.501551e-02 -9.019299e-02
      vertex   -1.736155e-02 3.609993e-02 -9.087395e-02
      vertex   -1.819382e-02 3.429650e-02 -9.085936e-02
    endloop
  endfacet
  facet normal -7.046263e-01 4.925917e-01 5.107399e-01
    outer loop
      vertex   -1.720816e-02 3.501551e-02 -9.019299e-02
      vertex   -1.819382e-02 3.429650e-02 -9.085936e-02
      vertex   -1.826260e-02 3.380412e-02 -9.047937e-02
    endloop
  endfacet
  facet normal -7.805091e-01 4.466125e-01 4.374275e-01
    outer loop
      vertex   -1.826260e-02 3.380412e-02 -9.047937e-02
      vertex   -1.819382e-02 3.429650e-02 -9.085936e-02
      vertex   -1.917822e-02 3.315257e-02 -9.144791e-02
    endloop
  endfacet
  facet normal -7.485089e-01 5.834756e-01 3.151043e-01
    outer loop
      vertex   -1.826260e-02 3.380412e-02 -9.047937e-02
      vertex   -1.917822e-02 3.315257e-02 -9.144791e-02
      vertex   -1.951079e-02 3.241940e-02 -9.088029e-02
    endloop
  endfacet
  facet normal -7.989658e-01 5.502566e-01 2.426341e-01
    outer loop
      vertex   -1.951079e-02 3.241940e-02 -9.088029e-02
      vertex   -1.917822e-02 3.315257e-02 -9.144791e-02
      vertex   -2.029653e-02 3.188307e-02 -9.225134e-02
    endloop
  endfacet
  facet normal -7.113713e-01 6.891119e-01 1.381148e-01
    outer loop
      vertex   -1.951079e-02 3.241940e-02 -9.088029e-02
      vertex   -2.029653e-02 3.188307e-02 -9.225134e-02
      vertex   -2.081689e-02 3.126265e-02 -9.183594e-02
    endloop
  endfacet
  facet normal -7.358216e-01 6.721700e-01 8.218301e-02
    outer loop
      vertex   -2.081689e-02 3.126265e-02 -9.183594e-02
      vertex   -2.029653e-02 3.188307e-02 -9.225134e-02
      vertex   -2.135343e-02 3.089165e-02 -9.360540e-02
    endloop
  endfacet
  facet normal -6.334743e-01 7.731831e-01 2.996949e-02
    outer loop
      vertex   -2.081689e-02 3.126265e-02 -9.183594e-02
      vertex   -2.135343e-02 3.089165e-02 -9.360540e-02
      vertex   -2.186801e-02 3.046330e-02 -9.343160e-02
    endloop
  endfacet
  facet normal -6.382320e-01 7.698069e-01 7.561401e-03
    outer loop
      vertex   -2.186801e-02 3.046330e-02 -9.343160e-02
      vertex   -2.135343e-02 3.089165e-02 -9.360540e-02
      vertex   -2.205882e-02 3.032542e-02 -9.550000e-02
    endloop
  endfacet
  facet normal -7.064740e-01 7.058192e-01 5.209267e-02
    outer loop
      vertex   -2.205882e-02 3.032542e-02 -9.550000e-02
      vertex   -2.135343e-02 3.089165e-02 -9.360540e-02
      vertex   -2.095383e-02 3.143145e-02 -9.550000e-02
    endloop
  endfacet
  facet normal -7.484506e-01 6.624708e-01 3.088852e-02
    outer loop
      vertex   -2.095383e-02 3.143145e-02 -9.550000e-02
      vertex   -2.135343e-02 3.089165e-02 -9.360540e-02
      vertex   -2.080748e-02 3.151827e-02 -9.381591e-02
    endloop
  endfacet
  facet normal -8.507017e-01 5.235490e-01 4.693614e-02
    outer loop
      vertex   -2.095383e-02 3.143145e-02 -9.550000e-02
      vertex   -2.080748e-02 3.151827e-02 -9.381591e-02
      vertex   -2.037841e-02 3.223330e-02 -9.401514e-02
    endloop
  endfacet
  facet normal -8.310551e-01 5.379951e-01 1.410983e-01
    outer loop
      vertex   -2.037841e-02 3.223330e-02 -9.401514e-02
      vertex   -2.080748e-02 3.151827e-02 -9.381591e-02
      vertex   -1.990421e-02 3.260557e-02 -9.264152e-02
    endloop
  endfacet
  facet normal -8.910428e-01 4.090625e-01 1.967500e-01
    outer loop
      vertex   -2.037841e-02 3.223330e-02 -9.401514e-02
      vertex   -1.990421e-02 3.260557e-02 -9.264152e-02
      vertex   -1.973992e-02 3.306479e-02 -9.285226e-02
    endloop
  endfacet
  facet normal -8.458731e-01 4.405799e-01 3.006462e-01
    outer loop
      vertex   -1.973992e-02 3.306479e-02 -9.285226e-02
      vertex   -1.990421e-02 3.260557e-02 -9.264152e-02
      vertex   -1.905563e-02 3.362643e-02 -9.175005e-02
    endloop
  endfacet
  facet normal -8.730571e-01 2.792977e-01 3.997050e-01
    outer loop
      vertex   -1.973992e-02 3.306479e-02 -9.285226e-02
      vertex   -1.905563e-02 3.362643e-02 -9.175005e-02
      vertex   -1.897408e-02 3.459669e-02 -9.224990e-02
    endloop
  endfacet
  facet normal -8.140656e-01 3.185869e-01 4.855920e-01
    outer loop
      vertex   -1.897408e-02 3.459669e-02 -9.224990e-02
      vertex   -1.905563e-02 3.362643e-02 -9.175005e-02
      vertex   -1.822477e-02 3.531912e-02 -9.146771e-02
    endloop
  endfacet
  facet normal -7.581956e-01 8.670530e-02 6.462365e-01
    outer loop
      vertex   -1.897408e-02 3.459669e-02 -9.224990e-02
      vertex   -1.822477e-02 3.531912e-02 -9.146771e-02
      vertex   -1.846579e-02 3.640326e-02 -9.189594e-02
    endloop
  endfacet
  facet normal -6.489712e-01 1.503210e-01 7.458149e-01
    outer loop
      vertex   -1.846579e-02 3.640326e-02 -9.189594e-02
      vertex   -1.822477e-02 3.531912e-02 -9.146771e-02
      vertex   -1.736155e-02 3.609993e-02 -9.087395e-02
    endloop
  endfacet
  facet normal -6.487741e-01 1.510919e-01 7.458307e-01
    outer loop
      vertex   -1.846579e-02 3.640326e-02 -9.189594e-02
      vertex   -1.736155e-02 3.609993e-02 -9.087395e-02
      vertex   -1.687851e-02 3.813629e-02 -9.086630e-02
    endloop
  endfacet
  facet normal -8.701335e-01 1.530326e-01 4.684535e-01
    outer loop
      vertex   -1.846579e-02 3.640326e-02 -9.189594e-02
      vertex   -1.958028e-02 3.496424e-02 -9.349597e-02
      vertex   -1.897408e-02 3.459669e-02 -9.224990e-02
    endloop
  endfacet
  facet normal -8.773751e-01 1.241639e-01 4.634612e-01
    outer loop
      vertex   -1.897408e-02 3.459669e-02 -9.224990e-02
      vertex   -1.958028e-02 3.496424e-02 -9.349597e-02
      vertex   -1.956609e-02 3.399467e-02 -9.320935e-02
    endloop
  endfacet
  facet normal -8.842816e-01 3.020535e-01 3.561035e-01
    outer loop
      vertex   -1.897408e-02 3.459669e-02 -9.224990e-02
      vertex   -1.956609e-02 3.399467e-02 -9.320935e-02
      vertex   -1.973992e-02 3.306479e-02 -9.285226e-02
    endloop
  endfacet
  facet normal -9.310070e-01 2.688433e-01 2.468789e-01
    outer loop
      vertex   -1.973992e-02 3.306479e-02 -9.285226e-02
      vertex   -1.956609e-02 3.399467e-02 -9.320935e-02
      vertex   -2.018734e-02 3.268298e-02 -9.412377e-02
    endloop
  endfacet
  facet normal -8.874400e-01 4.219103e-01 1.855853e-01
    outer loop
      vertex   -1.973992e-02 3.306479e-02 -9.285226e-02
      vertex   -2.018734e-02 3.268298e-02 -9.412377e-02
      vertex   -2.037841e-02 3.223330e-02 -9.401514e-02
    endloop
  endfacet
  facet normal -9.103821e-01 4.060459e-01 7.956806e-02
    outer loop
      vertex   -2.037841e-02 3.223330e-02 -9.401514e-02
      vertex   -2.018734e-02 3.268298e-02 -9.412377e-02
      vertex   -2.024443e-02 3.282467e-02 -9.550000e-02
    endloop
  endfacet
  facet normal -8.866838e-01 4.514773e-01 9.980004e-02
    outer loop
      vertex   -2.037841e-02 3.223330e-02 -9.401514e-02
      vertex   -2.024443e-02 3.282467e-02 -9.550000e-02
      vertex   -2.095383e-02 3.143145e-02 -9.550000e-02
    endloop
  endfacet
  facet normal -9.494916e-01 7.609421e-02 3.044262e-01
    outer loop
      vertex   -1.956609e-02 3.399467e-02 -9.320935e-02
      vertex   -1.958028e-02 3.496424e-02 -9.349597e-02
      vertex   -1.995189e-02 3.358702e-02 -9.431075e-02
    endloop
  endfacet
  facet normal -9.596636e-01 1.045329e-01 2.609956e-01
    outer loop
      vertex   -1.995189e-02 3.358702e-02 -9.431075e-02
      vertex   -1.958028e-02 3.496424e-02 -9.349597e-02
      vertex   -1.989187e-02 3.452514e-02 -9.446580e-02
    endloop
  endfacet
  facet normal -9.926546e-01 7.869334e-02 9.189194e-02
    outer loop
      vertex   -1.995189e-02 3.358702e-02 -9.431075e-02
      vertex   -1.989187e-02 3.452514e-02 -9.446580e-02
      vertex   -2.000000e-02 3.436887e-02 -9.550000e-02
    endloop
  endfacet
  facet normal -9.777918e-01 1.547741e-01 1.413086e-01
    outer loop
      vertex   -2.000000e-02 3.436887e-02 -9.550000e-02
      vertex   -2.024443e-02 3.282467e-02 -9.550000e-02
      vertex   -1.995189e-02 3.358702e-02 -9.431075e-02
    endloop
  endfacet
  facet normal -9.620602e-01 2.644491e-01 6.713361e-02
    outer loop
      vertex   -1.995189e-02 3.358702e-02 -9.431075e-02
      vertex   -2.024443e-02 3.282467e-02 -9.550000e-02
      vertex   -2.018734e-02 3.268298e-02 -9.412377e-02
    endloop
  endfacet
  facet normal -9.320046e-01 2.881952e-01 2.197974e-01
    outer loop
      vertex   -1.995189e-02 3.358702e-02 -9.431075e-02
      vertex   -2.018734e-02 3.268298e-02 -9.412377e-02
      vertex   -1.956609e-02 3.399467e-02 -9.320935e-02
    endloop
  endfacet
  facet normal -6.258133e-01 7.796718e-01 2.167236e-02
    outer loop
      vertex   -2.186801e-02 3.046330e-02 -9.343160e-02
      vertex   -2.131815e-02 3.085074e-02 -9.149195e-02
      vertex   -2.081689e-02 3.126265e-02 -9.183594e-02
    endloop
  endfacet
  facet normal -6.134672e-01 7.881477e-01 4.981212e-02
    outer loop
      vertex   -2.081689e-02 3.126265e-02 -9.183594e-02
      vertex   -2.131815e-02 3.085074e-02 -9.149195e-02
      vertex   -1.998608e-02 3.181031e-02 -9.026926e-02
    endloop
  endfacet
  facet normal -7.106076e-01 6.904201e-01 1.354876e-01
    outer loop
      vertex   -2.081689e-02 3.126265e-02 -9.183594e-02
      vertex   -1.998608e-02 3.181031e-02 -9.026926e-02
      vertex   -1.951079e-02 3.241940e-02 -9.088029e-02
    endloop
  endfacet
  facet normal -6.728358e-01 7.151139e-01 1.894835e-01
    outer loop
      vertex   -1.951079e-02 3.241940e-02 -9.088029e-02
      vertex   -1.998608e-02 3.181031e-02 -9.026926e-02
      vertex   -1.851333e-02 3.305883e-02 -8.975164e-02
    endloop
  endfacet
  facet normal -7.463008e-01 5.762864e-01 3.330602e-01
    outer loop
      vertex   -1.951079e-02 3.241940e-02 -9.088029e-02
      vertex   -1.851333e-02 3.305883e-02 -8.975164e-02
      vertex   -1.826260e-02 3.380412e-02 -9.047937e-02
    endloop
  endfacet
  facet normal -6.830063e-01 6.148213e-01 3.943313e-01
    outer loop
      vertex   -1.826260e-02 3.380412e-02 -9.047937e-02
      vertex   -1.851333e-02 3.305883e-02 -8.975164e-02
      vertex   -1.721347e-02 3.450191e-02 -8.975018e-02
    endloop
  endfacet
  facet normal -6.929329e-01 4.749042e-01 5.425034e-01
    outer loop
      vertex   -1.826260e-02 3.380412e-02 -9.047937e-02
      vertex   -1.721347e-02 3.450191e-02 -8.975018e-02
      vertex   -1.720816e-02 3.501551e-02 -9.019299e-02
    endloop
  endfacet
  facet normal -6.027873e-01 5.245876e-01 6.012116e-01
    outer loop
      vertex   -1.720816e-02 3.501551e-02 -9.019299e-02
      vertex   -1.721347e-02 3.450191e-02 -8.975018e-02
      vertex   -1.614727e-02 3.573437e-02 -8.975657e-02
    endloop
  endfacet
  facet normal -5.470943e-01 3.441393e-01 7.630570e-01
    outer loop
      vertex   -1.720816e-02 3.501551e-02 -9.019299e-02
      vertex   -1.614727e-02 3.573437e-02 -8.975657e-02
      vertex   -1.642324e-02 3.688729e-02 -9.047440e-02
    endloop
  endfacet
  facet normal -4.637898e-01 3.856034e-01 7.976271e-01
    outer loop
      vertex   -1.642324e-02 3.688729e-02 -9.047440e-02
      vertex   -1.614727e-02 3.573437e-02 -8.975657e-02
      vertex   -1.544493e-02 3.764185e-02 -9.027034e-02
    endloop
  endfacet
  facet normal -6.055730e-01 7.949820e-01 3.584807e-02
    outer loop
      vertex   -2.131815e-02 3.085074e-02 -9.149195e-02
      vertex   -2.046093e-02 3.142567e-02 -8.976095e-02
      vertex   -1.998608e-02 3.181031e-02 -9.026926e-02
    endloop
  endfacet
  facet normal -5.830190e-01 8.096090e-01 6.798575e-02
    outer loop
      vertex   -1.998608e-02 3.181031e-02 -9.026926e-02
      vertex   -2.046093e-02 3.142567e-02 -8.976095e-02
      vertex   -1.892095e-02 3.246713e-02 -8.895688e-02
    endloop
  endfacet
  facet normal -6.727159e-01 7.156710e-01 1.877987e-01
    outer loop
      vertex   -1.998608e-02 3.181031e-02 -9.026926e-02
      vertex   -1.892095e-02 3.246713e-02 -8.895688e-02
      vertex   -1.851333e-02 3.305883e-02 -8.975164e-02
    endloop
  endfacet
  facet normal -6.220928e-01 7.463397e-01 2.365958e-01
    outer loop
      vertex   -1.851333e-02 3.305883e-02 -8.975164e-02
      vertex   -1.892095e-02 3.246713e-02 -8.895688e-02
      vertex   -1.736027e-02 3.374449e-02 -8.888275e-02
    endloop
  endfacet
  facet normal -6.756452e-01 6.081682e-01 4.166954e-01
    outer loop
      vertex   -1.851333e-02 3.305883e-02 -8.975164e-02
      vertex   -1.736027e-02 3.374449e-02 -8.888275e-02
      vertex   -1.721347e-02 3.450191e-02 -8.975018e-02
    endloop
  endfacet
  facet normal -5.992091e-01 6.505416e-01 4.666305e-01
    outer loop
      vertex   -1.721347e-02 3.450191e-02 -8.975018e-02
      vertex   -1.736027e-02 3.374449e-02 -8.888275e-02
      vertex   -1.608179e-02 3.519793e-02 -8.926730e-02
    endloop
  endfacet
  facet normal -5.829035e-01 5.075589e-01 6.345135e-01
    outer loop
      vertex   -1.721347e-02 3.450191e-02 -8.975018e-02
      vertex   -1.608179e-02 3.519793e-02 -8.926730e-02
      vertex   -1.614727e-02 3.573437e-02 -8.975657e-02
    endloop
  endfacet
  facet normal -4.784764e-01 5.591289e-01 6.770785e-01
    outer loop
      vertex   -1.614727e-02 3.573437e-02 -8.975657e-02
      vertex   -1.608179e-02 3.519793e-02 -8.926730e-02
      vertex   -1.505499e-02 3.641739e-02 -8.954871e-02
    endloop
  endfacet
  facet normal -3.922359e-01 3.711215e-01 8.416768e-01
    outer loop
      vertex   -1.614727e-02 3.573437e-02 -8.975657e-02
      vertex   -1.505499e-02 3.641739e-02 -8.954871e-02
      vertex   -1.544493e-02 3.764185e-02 -9.027034e-02
    endloop
  endfacet
  facet normal -2.453345e-01 4.330326e-01 8.673487e-01
    outer loop
      vertex   -1.544493e-02 3.764185e-02 -9.027034e-02
      vertex   -1.505499e-02 3.641739e-02 -8.954871e-02
      vertex   -1.432468e-02 3.797421e-02 -9.011940e-02
    endloop
  endfacet
  facet normal -5.775655e-01 8.147577e-01 5.087214e-02
    outer loop
      vertex   -2.046093e-02 3.142567e-02 -8.976095e-02
      vertex   -1.935140e-02 3.212047e-02 -8.829189e-02
      vertex   -1.892095e-02 3.246713e-02 -8.895688e-02
    endloop
  endfacet
  facet normal -5.439128e-01 8.350058e-01 8.321119e-02
    outer loop
      vertex   -1.892095e-02 3.246713e-02 -8.895688e-02
      vertex   -1.935140e-02 3.212047e-02 -8.829189e-02
      vertex   -1.767300e-02 3.317668e-02 -8.791976e-02
    endloop
  endfacet
  facet normal -6.219232e-01 7.460548e-01 2.379365e-01
    outer loop
      vertex   -1.892095e-02 3.246713e-02 -8.895688e-02
      vertex   -1.767300e-02 3.317668e-02 -8.791976e-02
      vertex   -1.736027e-02 3.374449e-02 -8.888275e-02
    endloop
  endfacet
  facet normal -5.582322e-01 7.812375e-01 2.793649e-01
    outer loop
      vertex   -1.736027e-02 3.374449e-02 -8.888275e-02
      vertex   -1.767300e-02 3.317668e-02 -8.791976e-02
      vertex   -1.610222e-02 3.442953e-02 -8.828458e-02
    endloop
  endfacet
  facet normal -5.850099e-01 6.447598e-01 4.919840e-01
    outer loop
      vertex   -1.736027e-02 3.374449e-02 -8.888275e-02
      vertex   -1.610222e-02 3.442953e-02 -8.828458e-02
      vertex   -1.608179e-02 3.519793e-02 -8.926730e-02
    endloop
  endfacet
  facet normal -4.961596e-01 6.889427e-01 5.283782e-01
    outer loop
      vertex   -1.608179e-02 3.519793e-02 -8.926730e-02
      vertex   -1.610222e-02 3.442953e-02 -8.828458e-02
      vertex   -1.491373e-02 3.585775e-02 -8.903080e-02
    endloop
  endfacet
  facet normal -4.501316e-01 5.426639e-01 7.091526e-01
    outer loop
      vertex   -1.608179e-02 3.519793e-02 -8.926730e-02
      vertex   -1.491373e-02 3.585775e-02 -8.903080e-02
      vertex   -1.505499e-02 3.641739e-02 -8.954871e-02
    endloop
  endfacet
  facet normal -3.079154e-01 6.031912e-01 7.357639e-01
    outer loop
      vertex   -1.505499e-02 3.641739e-02 -8.954871e-02
      vertex   -1.491373e-02 3.585775e-02 -8.903080e-02
      vertex   -1.375216e-02 3.645648e-02 -8.903553e-02
    endloop
  endfacet
  facet normal -3.374167e-01 4.594628e-01 8.216105e-01
    outer loop
      vertex   -1.505499e-02 3.641739e-02 -8.954871e-02
      vertex   -1.375216e-02 3.645648e-02 -8.903553e-02
      vertex   -1.432468e-02 3.797421e-02 -9.011940e-02
    endloop
  endfacet
  facet normal -5.419849e-01 8.377305e-01 6.678212e-02
    outer loop
      vertex   -1.935140e-02 3.212047e-02 -8.829189e-02
      vertex   -1.803481e-02 3.287794e-02 -8.710873e-02
      vertex   -1.767300e-02 3.317668e-02 -8.791976e-02
    endloop
  endfacet
  facet normal -4.969907e-01 8.624344e-01 9.595437e-02
    outer loop
      vertex   -1.767300e-02 3.317668e-02 -8.791976e-02
      vertex   -1.803481e-02 3.287794e-02 -8.710873e-02
      vertex   -1.628786e-02 3.389194e-02 -8.717423e-02
    endloop
  endfacet
  facet normal -5.563997e-01 7.805490e-01 2.848905e-01
    outer loop
      vertex   -1.767300e-02 3.317668e-02 -8.791976e-02
      vertex   -1.628786e-02 3.389194e-02 -8.717423e-02
      vertex   -1.610222e-02 3.442953e-02 -8.828458e-02
    endloop
  endfacet
  facet normal -4.812204e-01 8.178477e-01 3.155186e-01
    outer loop
      vertex   -1.610222e-02 3.442953e-02 -8.828458e-02
      vertex   -1.628786e-02 3.389194e-02 -8.717423e-02
      vertex   -1.478578e-02 3.508016e-02 -8.796326e-02
    endloop
  endfacet
  facet normal -4.734992e-01 6.839734e-01 5.549584e-01
    outer loop
      vertex   -1.610222e-02 3.442953e-02 -8.828458e-02
      vertex   -1.478578e-02 3.508016e-02 -8.796326e-02
      vertex   -1.491373e-02 3.585775e-02 -8.903080e-02
    endloop
  endfacet
  facet normal -3.729725e-01 7.281337e-01 5.750763e-01
    outer loop
      vertex   -1.491373e-02 3.585775e-02 -8.903080e-02
      vertex   -1.478578e-02 3.508016e-02 -8.796326e-02
      vertex   -1.375216e-02 3.645648e-02 -8.903553e-02
    endloop
  endfacet
  facet normal -4.979136e-01 8.632109e-01 8.335999e-02
    outer loop
      vertex   -1.803481e-02 3.287794e-02 -8.710873e-02
      vertex   -1.655032e-02 3.364961e-02 -8.623260e-02
      vertex   -1.628786e-02 3.389194e-02 -8.717423e-02
    endloop
  endfacet
  facet normal -4.436566e-01 8.899807e-01 1.053720e-01
    outer loop
      vertex   -1.628786e-02 3.389194e-02 -8.717423e-02
      vertex   -1.655032e-02 3.364961e-02 -8.623260e-02
      vertex   -1.480862e-02 3.457741e-02 -8.673566e-02
    endloop
  endfacet
  facet normal -4.753195e-01 8.172478e-01 3.258487e-01
    outer loop
      vertex   -1.628786e-02 3.389194e-02 -8.717423e-02
      vertex   -1.480862e-02 3.457741e-02 -8.673566e-02
      vertex   -1.478578e-02 3.508016e-02 -8.796326e-02
    endloop
  endfacet
  facet normal -3.569354e-01 8.667558e-01 3.483266e-01
    outer loop
      vertex   -1.478578e-02 3.508016e-02 -8.796326e-02
      vertex   -1.480862e-02 3.457741e-02 -8.673566e-02
      vertex   -1.336962e-02 3.544237e-02 -8.741342e-02
    endloop
  endfacet
  facet normal -4.012305e-01 7.311678e-01 5.517316e-01
    outer loop
      vertex   -1.478578e-02 3.508016e-02 -8.796326e-02
      vertex   -1.336962e-02 3.544237e-02 -8.741342e-02
      vertex   -1.375216e-02 3.645648e-02 -8.903553e-02
    endloop
  endfacet
  facet normal -4.453453e-01 8.898394e-01 9.926472e-02
    outer loop
      vertex   -1.655032e-02 3.364961e-02 -8.623260e-02
      vertex   -1.493605e-02 3.439671e-02 -8.568752e-02
      vertex   -1.480862e-02 3.457741e-02 -8.673566e-02
    endloop
  endfacet
  facet normal -3.839138e-01 9.166302e-01 1.113520e-01
    outer loop
      vertex   -1.480862e-02 3.457741e-02 -8.673566e-02
      vertex   -1.493605e-02 3.439671e-02 -8.568752e-02
      vertex   -1.323529e-02 3.508626e-02 -8.550000e-02
    endloop
  endfacet
  facet normal -4.365917e-01 8.784625e-01 1.941426e-01
    outer loop
      vertex   -1.480862e-02 3.457741e-02 -8.673566e-02
      vertex   -1.323529e-02 3.508626e-02 -8.550000e-02
      vertex   -1.336962e-02 3.544237e-02 -8.741342e-02
    endloop
  endfacet
  facet normal -7.213894e-01 3.378048e-01 6.045538e-01
    outer loop
      vertex   -1.819382e-02 3.429650e-02 -9.085936e-02
      vertex   -1.736155e-02 3.609993e-02 -9.087395e-02
      vertex   -1.822477e-02 3.531912e-02 -9.146771e-02
    endloop
  endfacet
  facet normal -7.881084e-01 2.969049e-01 5.391963e-01
    outer loop
      vertex   -1.819382e-02 3.429650e-02 -9.085936e-02
      vertex   -1.822477e-02 3.531912e-02 -9.146771e-02
      vertex   -1.905563e-02 3.362643e-02 -9.175005e-02
    endloop
  endfacet
  facet normal -7.849257e-01 4.645114e-01 4.100254e-01
    outer loop
      vertex   -1.819382e-02 3.429650e-02 -9.085936e-02
      vertex   -1.905563e-02 3.362643e-02 -9.175005e-02
      vertex   -1.917822e-02 3.315257e-02 -9.144791e-02
    endloop
  endfacet
  facet normal -8.469950e-01 4.237777e-01 3.209548e-01
    outer loop
      vertex   -1.917822e-02 3.315257e-02 -9.144791e-02
      vertex   -1.905563e-02 3.362643e-02 -9.175005e-02
      vertex   -1.990421e-02 3.260557e-02 -9.264152e-02
    endloop
  endfacet
  facet normal -7.978291e-01 5.573541e-01 2.298370e-01
    outer loop
      vertex   -1.917822e-02 3.315257e-02 -9.144791e-02
      vertex   -1.990421e-02 3.260557e-02 -9.264152e-02
      vertex   -2.029653e-02 3.188307e-02 -9.225134e-02
    endloop
  endfacet
  facet normal -8.334018e-01 5.324797e-01 1.480096e-01
    outer loop
      vertex   -2.029653e-02 3.188307e-02 -9.225134e-02
      vertex   -1.990421e-02 3.260557e-02 -9.264152e-02
      vertex   -2.080748e-02 3.151827e-02 -9.381591e-02
    endloop
  endfacet
  facet normal -7.370745e-01 6.705250e-01 8.436535e-02
    outer loop
      vertex   -2.029653e-02 3.188307e-02 -9.225134e-02
      vertex   -2.080748e-02 3.151827e-02 -9.381591e-02
      vertex   -2.135343e-02 3.089165e-02 -9.360540e-02
    endloop
  endfacet
  facet normal -5.156369e-04 9.999996e-01 7.960373e-04
    outer loop
      vertex   -1.500000e-02 6.749956e-02 -1.136686e-01
      vertex   -2.017852e-02 6.749956e-02 -1.170230e-01
      vertex   -1.500999e-02 6.749955e-02 -1.136625e-01
    endloop
  endfacet
  facet normal -9.651153e-02 9.842005e-01 1.484413e-01
    outer loop
      vertex   -1.500999e-02 6.749955e-02 -1.136625e-01
      vertex   -2.017852e-02 6.749956e-02 -1.170230e-01
      vertex   -1.680582e-02 6.716207e-02 -1.125926e-01
    endloop
  endfacet
  facet normal -1.101262e-01 9.811860e-01 1.585759e-01
    outer loop
      vertex   -1.680582e-02 6.716207e-02 -1.125926e-01
      vertex   -2.017852e-02 6.749956e-02 -1.170230e-01
      vertex   -2.102287e-02 6.711895e-02 -1.152544e-01
    endloop
  endfacet
  facet normal -2.841509e-01 8.537346e-01 4.363432e-01
    outer loop
      vertex   -1.680582e-02 6.716207e-02 -1.125926e-01
      vertex   -2.102287e-02 6.711895e-02 -1.152544e-01
      vertex   -1.841215e-02 6.615436e-02 -1.116670e-01
    endloop
  endfacet
  facet normal -3.188071e-01 8.311916e-01 4.555026e-01
    outer loop
      vertex   -1.841215e-02 6.615436e-02 -1.116670e-01
      vertex   -2.102287e-02 6.711895e-02 -1.152544e-01
      vertex   -2.201380e-02 6.603509e-02 -1.139702e-01
    endloop
  endfacet
  facet normal -4.492146e-01 5.887618e-01 6.719865e-01
    outer loop
      vertex   -1.841215e-02 6.615436e-02 -1.116670e-01
      vertex   -2.201380e-02 6.603509e-02 -1.139702e-01
      vertex   -1.956938e-02 6.452956e-02 -1.110170e-01
    endloop
  endfacet
  facet normal -4.792519e-01 5.552137e-01 6.797465e-01
    outer loop
      vertex   -1.956938e-02 6.452956e-02 -1.110170e-01
      vertex   -2.201380e-02 6.603509e-02 -1.139702e-01
      vertex   -2.267593e-02 6.441297e-02 -1.131120e-01
    endloop
  endfacet
  facet normal -5.518909e-01 2.118167e-01 8.065669e-01
    outer loop
      vertex   -1.956938e-02 6.452956e-02 -1.110170e-01
      vertex   -2.267593e-02 6.441297e-02 -1.131120e-01
      vertex   -2.000000e-02 6.249956e-02 -1.107786e-01
    endloop
  endfacet
  facet normal -6.019087e-01 1.208846e-01 7.893623e-01
    outer loop
      vertex   -2.000000e-02 6.249956e-02 -1.107786e-01
      vertex   -2.267593e-02 6.441297e-02 -1.131120e-01
      vertex   -2.529693e-02 6.249956e-02 -1.148176e-01
    endloop
  endfacet
  facet normal -6.543643e-01 2.650926e-01 7.081902e-01
    outer loop
      vertex   -2.529693e-02 6.249956e-02 -1.148176e-01
      vertex   -2.267593e-02 6.441297e-02 -1.131120e-01
      vertex   -2.750760e-02 6.441297e-02 -1.175765e-01
    endloop
  endfacet
  facet normal -7.320781e-01 1.208419e-01 6.704170e-01
    outer loop
      vertex   -2.529693e-02 6.249956e-02 -1.148176e-01
      vertex   -2.750760e-02 6.441297e-02 -1.175765e-01
      vertex   -2.979567e-02 6.249956e-02 -1.197301e-01
    endloop
  endfacet
  facet normal -7.690947e-01 2.651307e-01 5.815488e-01
    outer loop
      vertex   -2.979567e-02 6.249956e-02 -1.197301e-01
      vertex   -2.750760e-02 6.441297e-02 -1.175765e-01
      vertex   -3.147531e-02 6.441297e-02 -1.228238e-01
    endloop
  endfacet
  facet normal -8.391491e-01 1.208024e-01 5.303164e-01
    outer loop
      vertex   -2.979567e-02 6.249956e-02 -1.197301e-01
      vertex   -3.147531e-02 6.441297e-02 -1.228238e-01
      vertex   -3.335427e-02 6.249956e-02 -1.253611e-01
    endloop
  endfacet
  facet normal -8.596675e-01 2.651659e-01 4.366451e-01
    outer loop
      vertex   -3.335427e-02 6.249956e-02 -1.253611e-01
      vertex   -3.147531e-02 6.441297e-02 -1.228238e-01
      vertex   -3.445441e-02 6.441297e-02 -1.286890e-01
    endloop
  endfacet
  facet normal -9.197431e-01 1.207660e-01 3.734812e-01
    outer loop
      vertex   -3.335427e-02 6.249956e-02 -1.253611e-01
      vertex   -3.445441e-02 6.441297e-02 -1.286890e-01
      vertex   -3.586044e-02 6.249956e-02 -1.315328e-01
    endloop
  endfacet
  facet normal -9.232384e-01 2.651981e-01 2.780302e-01
    outer loop
      vertex   -3.586044e-02 6.249956e-02 -1.315328e-01
      vertex   -3.445441e-02 6.441297e-02 -1.286890e-01
      vertex   -3.635135e-02 6.441297e-02 -1.349881e-01
    endloop
  endfacet
  facet normal -9.713166e-01 1.207327e-01 2.048600e-01
    outer loop
      vertex   -3.586044e-02 6.249956e-02 -1.315328e-01
      vertex   -3.635135e-02 6.441297e-02 -1.349881e-01
      vertex   -3.723510e-02 6.249956e-02 -1.380506e-01
    endloop
  endfacet
  facet normal -9.578116e-01 2.652274e-01 1.106859e-01
    outer loop
      vertex   -3.723510e-02 6.249956e-02 -1.380506e-01
      vertex   -3.635135e-02 6.441297e-02 -1.349881e-01
      vertex   -3.710654e-02 6.441297e-02 -1.415231e-01
    endloop
  endfacet
  facet normal -9.922421e-01 1.207027e-01 2.977352e-02
    outer loop
      vertex   -3.723510e-02 6.249956e-02 -1.380506e-01
      vertex   -3.710654e-02 6.441297e-02 -1.415231e-01
      vertex   -3.743489e-02 6.249956e-02 -1.447088e-01
    endloop
  endfacet
  facet normal -9.623017e-01 2.652538e-01 -6.013217e-02
    outer loop
      vertex   -3.743489e-02 6.249956e-02 -1.447088e-01
      vertex   -3.710654e-02 6.441297e-02 -1.415231e-01
      vertex   -3.669626e-02 6.441297e-02 -1.480887e-01
    endloop
  endfacet
  facet normal -9.818591e-01 1.206758e-01 -1.462537e-01
    outer loop
      vertex   -3.743489e-02 6.249956e-02 -1.447088e-01
      vertex   -3.669626e-02 6.441297e-02 -1.480887e-01
      vertex   -3.645350e-02 6.249956e-02 -1.512973e-01
    endloop
  endfacet
  facet normal -9.365681e-01 2.652772e-01 -2.290592e-01
    outer loop
      vertex   -3.645350e-02 6.249956e-02 -1.512973e-01
      vertex   -3.669626e-02 6.441297e-02 -1.480887e-01
      vertex   -3.513341e-02 6.441297e-02 -1.544789e-01
    endloop
  endfacet
  facet normal -9.404949e-01 1.206520e-01 -3.176672e-01
    outer loop
      vertex   -3.645350e-02 6.249956e-02 -1.512973e-01
      vertex   -3.513341e-02 6.441297e-02 -1.544789e-01
      vertex   -3.432189e-02 6.249956e-02 -1.576082e-01
    endloop
  endfacet
  facet normal -8.814195e-01 2.652977e-01 -3.907899e-01
    outer loop
      vertex   -3.432189e-02 6.249956e-02 -1.576082e-01
      vertex   -3.513341e-02 6.441297e-02 -1.544789e-01
      vertex   -3.246706e-02 6.441297e-02 -1.604928e-01
    endloop
  endfacet
  facet normal -8.694546e-01 1.206315e-01 -4.790581e-01
    outer loop
      vertex   -3.432189e-02 6.249956e-02 -1.576082e-01
      vertex   -3.246706e-02 6.441297e-02 -1.604928e-01
      vertex   -3.110732e-02 6.249956e-02 -1.634424e-01
    endloop
  endfacet
  facet normal -7.985882e-01 2.653153e-01 -5.402450e-01
    outer loop
      vertex   -3.110732e-02 6.249956e-02 -1.634424e-01
      vertex   -3.246706e-02 6.441297e-02 -1.604928e-01
      vertex   -2.878097e-02 6.441297e-02 -1.659415e-01
    endloop
  endfacet
  facet normal -7.709798e-01 1.206141e-01 -6.253338e-01
    outer loop
      vertex   -3.110732e-02 6.249956e-02 -1.634424e-01
      vertex   -2.878097e-02 6.441297e-02 -1.659415e-01
      vertex   -2.691122e-02 6.249956e-02 -1.686158e-01
    endloop
  endfacet
  facet normal -6.906758e-01 2.653299e-01 -6.727309e-01
    outer loop
      vertex   -2.691122e-02 6.249956e-02 -1.686158e-01
      vertex   -2.878097e-02 6.441297e-02 -1.659415e-01
      vertex   -2.419090e-02 6.441297e-02 -1.706540e-01
    endloop
  endfacet
  facet normal -6.481775e-01 1.205998e-01 -7.518787e-01
    outer loop
      vertex   -2.691122e-02 6.249956e-02 -1.686158e-01
      vertex   -2.419090e-02 6.441297e-02 -1.706540e-01
      vertex   -2.186599e-02 6.249956e-02 -1.729652e-01
    endloop
  endfacet
  facet normal -5.610717e-01 2.653417e-01 -7.840869e-01
    outer loop
      vertex   -2.186599e-02 6.249956e-02 -1.729652e-01
      vertex   -2.419090e-02 6.441297e-02 -1.706540e-01
      vertex   -1.884103e-02 6.441297e-02 -1.744823e-01
    endloop
  endfacet
  facet normal -5.049226e-01 1.205888e-01 -8.546997e-01
    outer loop
      vertex   -2.186599e-02 6.249956e-02 -1.729652e-01
      vertex   -1.884103e-02 6.441297e-02 -1.744823e-01
      vertex   -1.613083e-02 6.249956e-02 -1.763533e-01
    endloop
  endfacet
  facet normal -4.138464e-01 2.653504e-01 -8.708159e-01
    outer loop
      vertex   -1.613083e-02 6.249956e-02 -1.763533e-01
      vertex   -1.884103e-02 6.441297e-02 -1.744823e-01
      vertex   -1.289939e-02 6.441297e-02 -1.773060e-01
    endloop
  endfacet
  facet normal -3.457354e-01 1.205808e-01 -9.305522e-01
    outer loop
      vertex   -1.613083e-02 6.249956e-02 -1.763533e-01
      vertex   -1.289939e-02 6.441297e-02 -1.773060e-01
      vertex   -9.886687e-03 6.249956e-02 -1.786732e-01
    endloop
  endfacet
  facet normal -2.536237e-01 2.653563e-01 -9.301941e-01
    outer loop
      vertex   -9.886687e-03 6.249956e-02 -1.786732e-01
      vertex   -1.289939e-02 6.441297e-02 -1.773060e-01
      vertex   -6.552601e-03 6.441297e-02 -1.790365e-01
    endloop
  endfacet
  facet normal -1.756387e-01 1.205761e-01 -9.770427e-01
    outer loop
      vertex   -9.886687e-03 6.249956e-02 -1.786732e-01
      vertex   -6.552601e-03 6.441297e-02 -1.790365e-01
      vertex   -3.330592e-03 6.249956e-02 -1.798518e-01
    endloop
  endfacet
  facet normal -8.543563e-02 2.653592e-01 -9.603568e-01
    outer loop
      vertex   -3.330592e-03 6.249956e-02 -1.798518e-01
      vertex   -6.552601e-03 6.441297e-02 -1.790365e-01
      vertex   -1.705255e-17 6.441297e-02 -1.796194e-01
    endloop
  endfacet
  facet normal 0.000000e+00 1.205745e-01 -9.927043e-01
    outer loop
      vertex   -3.330592e-03 6.249956e-02 -1.798518e-01
      vertex   -1.705255e-17 6.441297e-02 -1.796194e-01
      vertex   3.330592e-03 6.249956e-02 -1.798518e-01
    endloop
  endfacet
  facet normal 8.543563e-02 2.653592e-01 -9.603568e-01
    outer loop
      vertex   3.330592e-03 6.249956e-02 -1.798518e-01
      vertex   -1.705255e-17 6.441297e-02 -1.796194e-01
      vertex   6.552601e-03 6.441297e-02 -1.790365e-01
    endloop
  endfacet
  facet normal 1.756387e-01 1.205761e-01 -9.770427e-01
    outer loop
      vertex   3.330592e-03 6.249956e-02 -1.798518e-01
      vertex   6.552601e-03 6.441297e-02 -1.790365e-01
      vertex   9.886687e-03 6.249956e-02 -1.786732e-01
    endloop
  endfacet
  facet normal 2.536237e-01 2.653563e-01 -9.301941e-01
    outer loop
      vertex   9.886687e-03 6.249956e-02 -1.786732e-01
      vertex   6.552601e-03 6.441297e-02 -1.790365e-01
      vertex   1.289939e-02 6.441297e-02 -1.773060e-01
    endloop
  endfacet
  facet normal 3.457354e-01 1.205808e-01 -9.305522e-01
    outer loop
      vertex   9.886687e-03 6.249956e-02 -1.786732e-01
      vertex   1.289939e-02 6.441297e-02 -1.773060e-01
      vertex   1.613083e-02 6.249956e-02 -1.763533e-01
    endloop
  endfacet
  facet normal 4.138464e-01 2.653504e-01 -8.708159e-01
    outer loop
      vertex   1.613083e-02 6.249956e-02 -1.763533e-01
      vertex   1.289939e-02 6.441297e-02 -1.773060e-01
      vertex   1.884103e-02 6.441297e-02 -1.744823e-01
    endloop
  endfacet
  facet normal 5.049226e-01 1.205888e-01 -8.546997e-01
    outer loop
      vertex   1.613083e-02 6.249956e-02 -1.763533e-01
      vertex   1.884103e-02 6.441297e-02 -1.744823e-01
      vertex   2.186599e-02 6.249956e-02 -1.729652e-01
    endloop
  endfacet
  facet normal 5.610717e-01 2.653417e-01 -7.840869e-01
    outer loop
      vertex   2.186599e-02 6.249956e-02 -1.729652e-01
      vertex   1.884103e-02 6.441297e-02 -1.744823e-01
      vertex   2.419090e-02 6.441297e-02 -1.706540e-01
    endloop
  endfacet
  facet normal 6.481775e-01 1.205998e-01 -7.518787e-01
    outer loop
      vertex   2.186599e-02 6.249956e-02 -1.729652e-01
      vertex   2.419090e-02 6.441297e-02 -1.706540e-01
      vertex   2.691122e-02 6.249956e-02 -1.686158e-01
    endloop
  endfacet
  facet normal 6.906758e-01 2.653299e-01 -6.727309e-01
    outer loop
      vertex   2.691122e-02 6.249956e-02 -1.686158e-01
      vertex   2.419090e-02 6.441297e-02 -1.706540e-01
      vertex   2.878097e-02 6.441297e-02 -1.659415e-01
    endloop
  endfacet
  facet normal 7.709798e-01 1.206141e-01 -6.253338e-01
    outer loop
      vertex   2.691122e-02 6.249956e-02 -1.686158e-01
      vertex   2.878097e-02 6.441297e-02 -1.659415e-01
      vertex   3.110732e-02 6.249956e-02 -1.634424e-01
    endloop
  endfacet
  facet normal 7.985882e-01 2.653153e-01 -5.402450e-01
    outer loop
      vertex   3.110732e-02 6.249956e-02 -1.634424e-01
      vertex   2.878097e-02 6.441297e-02 -1.659415e-01
      vertex   3.246706e-02 6.441297e-02 -1.604928e-01
    endloop
  endfacet
  facet normal 8.694546e-01 1.206315e-01 -4.790581e-01
    outer loop
      vertex   3.110732e-02 6.249956e-02 -1.634424e-01
      vertex   3.246706e-02 6.441297e-02 -1.604928e-01
      vertex   3.432189e-02 6.249956e-02 -1.576082e-01
    endloop
  endfacet
  facet normal 8.814195e-01 2.652977e-01 -3.907899e-01
    outer loop
      vertex   3.432189e-02 6.249956e-02 -1.576082e-01
      vertex   3.246706e-02 6.441297e-02 -1.604928e-01
      vertex   3.513341e-02 6.441297e-02 -1.544789e-01
    endloop
  endfacet
  facet normal 9.404949e-01 1.206520e-01 -3.176672e-01
    outer loop
      vertex   3.432189e-02 6.249956e-02 -1.576082e-01
      vertex   3.513341e-02 6.441297e-02 -1.544789e-01
      vertex   3.645350e-02 6.249956e-02 -1.512973e-01
    endloop
  endfacet
  facet normal 9.365681e-01 2.652772e-01 -2.290592e-01
    outer loop
      vertex   3.645350e-02 6.249956e-02 -1.512973e-01
      vertex   3.513341e-02 6.441297e-02 -1.544789e-01
      vertex   3.669626e-02 6.441297e-02 -1.480887e-01
    endloop
  endfacet
  facet normal 9.818591e-01 1.206758e-01 -1.462537e-01
    outer loop
      vertex   3.645350e-02 6.249956e-02 -1.512973e-01
      vertex   3.669626e-02 6.441297e-02 -1.480887e-01
      vertex   3.743489e-02 6.249956e-02 -1.447088e-01
    endloop
  endfacet
  facet normal 9.623017e-01 2.652538e-01 -6.013217e-02
    outer loop
      vertex   3.743489e-02 6.249956e-02 -1.447088e-01
      vertex   3.669626e-02 6.441297e-02 -1.480887e-01
      vertex   3.710654e-02 6.441297e-02 -1.415231e-01
    endloop
  endfacet
  facet normal 9.922421e-01 1.207027e-01 2.977352e-02
    outer loop
      vertex   3.743489e-02 6.249956e-02 -1.447088e-01
      vertex   3.710654e-02 6.441297e-02 -1.415231e-01
      vertex   3.723510e-02 6.249956e-02 -1.380506e-01
    endloop
  endfacet
  facet normal 9.578116e-01 2.652274e-01 1.106859e-01
    outer loop
      vertex   3.723510e-02 6.249956e-02 -1.380506e-01
      vertex   3.710654e-02 6.441297e-02 -1.415231e-01
      vertex   3.635135e-02 6.441297e-02 -1.349881e-01
    endloop
  endfacet
  facet normal 9.713166e-01 1.207327e-01 2.048600e-01
    outer loop
      vertex   3.723510e-02 6.249956e-02 -1.380506e-01
      vertex   3.635135e-02 6.441297e-02 -1.349881e-01
      vertex   3.586044e-02 6.249956e-02 -1.315328e-01
    endloop
  endfacet
  facet normal 9.232384e-01 2.651981e-01 2.780302e-01
    outer loop
      vertex   3.586044e-02 6.249956e-02 -1.315328e-01
      vertex   3.635135e-02 6.441297e-02 -1.349881e-01
      vertex   3.445441e-02 6.441297e-02 -1.286890e-01
    endloop
  endfacet
  facet normal 9.197431e-01 1.207660e-01 3.734812e-01
    outer loop
      vertex   3.586044e-02 6.249956e-02 -1.315328e-01
      vertex   3.445441e-02 6.441297e-02 -1.286890e-01
      vertex   3.335427e-02 6.249956e-02 -1.253611e-01
    endloop
  endfacet
  facet normal 8.596675e-01 2.651659e-01 4.366451e-01
    outer loop
      vertex   3.335427e-02 6.249956e-02 -1.253611e-01
      vertex   3.445441e-02 6.441297e-02 -1.286890e-01
      vertex   3.147531e-02 6.441297e-02 -1.228238e-01
    endloop
  endfacet
  facet normal 8.391491e-01 1.208024e-01 5.303164e-01
    outer loop
      vertex   3.335427e-02 6.249956e-02 -1.253611e-01
      vertex   3.147531e-02 6.441297e-02 -1.228238e-01
      vertex   2.979567e-02 6.249956e-02 -1.197301e-01
    endloop
  endfacet
  facet normal 7.690947e-01 2.651307e-01 5.815488e-01
    outer loop
      vertex   2.979567e-02 6.249956e-02 -1.197301e-01
      vertex   3.147531e-02 6.441297e-02 -1.228238e-01
      vertex   2.750760e-02 6.441297e-02 -1.175765e-01
    endloop
  endfacet
  facet normal 7.320781e-01 1.208419e-01 6.704170e-01
    outer loop
      vertex   2.979567e-02 6.249956e-02 -1.197301e-01
      vertex   2.750760e-02 6.441297e-02 -1.175765e-01
      vertex   2.529693e-02 6.249956e-02 -1.148176e-01
    endloop
  endfacet
  facet normal 6.543643e-01 2.650926e-01 7.081902e-01
    outer loop
      vertex   2.529693e-02 6.249956e-02 -1.148176e-01
      vertex   2.750760e-02 6.441297e-02 -1.175765e-01
      vertex   2.267593e-02 6.441297e-02 -1.131120e-01
    endloop
  endfacet
  facet normal 6.019087e-01 1.208846e-01 7.893623e-01
    outer loop
      vertex   2.529693e-02 6.249956e-02 -1.148176e-01
      vertex   2.267593e-02 6.441297e-02 -1.131120e-01
      vertex   2.000000e-02 6.249956e-02 -1.107786e-01
    endloop
  endfacet
  facet normal 5.518965e-01 2.118072e-01 8.065656e-01
    outer loop
      vertex   2.000000e-02 6.249956e-02 -1.107786e-01
      vertex   2.267593e-02 6.441297e-02 -1.131120e-01
      vertex   1.956942e-02 6.452946e-02 -1.110170e-01
    endloop
  endfacet
  facet normal 4.792481e-01 5.552136e-01 6.797493e-01
    outer loop
      vertex   1.956942e-02 6.452946e-02 -1.110170e-01
      vertex   2.267593e-02 6.441297e-02 -1.131120e-01
      vertex   2.201380e-02 6.603509e-02 -1.139702e-01
    endloop
  endfacet
  facet normal 4.492244e-01 5.887457e-01 6.719940e-01
    outer loop
      vertex   1.956942e-02 6.452946e-02 -1.110170e-01
      vertex   2.201380e-02 6.603509e-02 -1.139702e-01
      vertex   1.841223e-02 6.615428e-02 -1.116669e-01
    endloop
  endfacet
  facet normal 3.188031e-01 8.311915e-01 4.555055e-01
    outer loop
      vertex   1.841223e-02 6.615428e-02 -1.116669e-01
      vertex   2.201380e-02 6.603509e-02 -1.139702e-01
      vertex   2.102287e-02 6.711895e-02 -1.152544e-01
    endloop
  endfacet
  facet normal 2.841829e-01 8.537115e-01 4.363677e-01
    outer loop
      vertex   1.841223e-02 6.615428e-02 -1.116669e-01
      vertex   2.102287e-02 6.711895e-02 -1.152544e-01
      vertex   1.680616e-02 6.716194e-02 -1.125924e-01
    endloop
  endfacet
  facet normal 1.101154e-01 9.811863e-01 1.585811e-01
    outer loop
      vertex   1.680616e-02 6.716194e-02 -1.125924e-01
      vertex   2.102287e-02 6.711895e-02 -1.152544e-01
      vertex   2.017852e-02 6.749956e-02 -1.170230e-01
    endloop
  endfacet
  facet normal 9.659849e-02 9.841800e-01 1.485208e-01
    outer loop
      vertex   1.680616e-02 6.716194e-02 -1.125924e-01
      vertex   2.017852e-02 6.749956e-02 -1.170230e-01
      vertex   1.501097e-02 6.749954e-02 -1.136619e-01
    endloop
  endfacet
  facet normal 5.665709e-04 9.999995e-01 8.746688e-04
    outer loop
      vertex   1.501097e-02 6.749954e-02 -1.136619e-01
      vertex   2.017852e-02 6.749956e-02 -1.170230e-01
      vertex   1.500000e-02 6.749956e-02 -1.136686e-01
    endloop
  endfacet
  facet normal -1.352119e-01 9.799511e-01 1.463340e-01
    outer loop
      vertex   -2.102287e-02 6.711895e-02 -1.152544e-01
      vertex   -2.017852e-02 6.749956e-02 -1.170230e-01
      vertex   -2.550232e-02 6.711895e-02 -1.193934e-01
    endloop
  endfacet
  facet normal -1.309373e-01 9.819611e-01 1.364106e-01
    outer loop
      vertex   -2.550232e-02 6.711895e-02 -1.193934e-01
      vertex   -2.017852e-02 6.749956e-02 -1.170230e-01
      vertex   -2.462978e-02 6.749956e-02 -1.212957e-01
    endloop
  endfacet
  facet normal -1.612942e-01 9.793413e-01 1.219621e-01
    outer loop
      vertex   -2.550232e-02 6.711895e-02 -1.193934e-01
      vertex   -2.462978e-02 6.749956e-02 -1.212957e-01
      vertex   -2.918078e-02 6.711895e-02 -1.242581e-01
    endloop
  endfacet
  facet normal -1.523047e-01 9.824420e-01 1.077540e-01
    outer loop
      vertex   -2.918078e-02 6.711895e-02 -1.242581e-01
      vertex   -2.462978e-02 6.749956e-02 -1.212957e-01
      vertex   -2.819333e-02 6.749956e-02 -1.263326e-01
    endloop
  endfacet
  facet normal -1.825206e-01 9.788216e-01 9.270647e-02
    outer loop
      vertex   -2.918078e-02 6.711895e-02 -1.242581e-01
      vertex   -2.819333e-02 6.749956e-02 -1.263326e-01
      vertex   -3.194271e-02 6.711895e-02 -1.296958e-01
    endloop
  endfacet
  facet normal -1.681340e-01 9.828133e-01 7.621654e-02
    outer loop
      vertex   -3.194271e-02 6.711895e-02 -1.296958e-01
      vertex   -2.819333e-02 6.749956e-02 -1.263326e-01
      vertex   -3.074074e-02 6.749956e-02 -1.319522e-01
    endloop
  endfacet
  facet normal -1.979229e-01 9.784038e-01 5.960383e-02
    outer loop
      vertex   -3.194271e-02 6.711895e-02 -1.296958e-01
      vertex   -3.074074e-02 6.749956e-02 -1.319522e-01
      vertex   -3.370136e-02 6.711895e-02 -1.355357e-01
    endloop
  endfacet
  facet normal -1.781001e-01 9.830842e-01 4.272963e-02
    outer loop
      vertex   -3.370136e-02 6.711895e-02 -1.355357e-01
      vertex   -3.074074e-02 6.749956e-02 -1.319522e-01
      vertex   -3.218019e-02 6.749956e-02 -1.379519e-01
    endloop
  endfacet
  facet normal -2.067702e-01 9.780977e-01 2.389462e-02
    outer loop
      vertex   -3.370136e-02 6.711895e-02 -1.355357e-01
      vertex   -3.218019e-02 6.749956e-02 -1.379519e-01
      vertex   -3.440150e-02 6.711895e-02 -1.415943e-01
    endloop
  endfacet
  facet normal -1.820138e-01 9.832613e-01 8.257328e-03
    outer loop
      vertex   -3.440150e-02 6.711895e-02 -1.415943e-01
      vertex   -3.218019e-02 6.749956e-02 -1.379519e-01
      vertex   -3.245982e-02 6.749956e-02 -1.441156e-01
    endloop
  endfacet
  facet normal -2.086150e-01 9.779110e-01 -1.303590e-02
    outer loop
      vertex   -3.440150e-02 6.711895e-02 -1.415943e-01
      vertex   -3.245982e-02 6.749956e-02 -1.441156e-01
      vertex   -3.402113e-02 6.711895e-02 -1.476813e-01
    endloop
  endfacet
  facet normal -1.798263e-01 9.833488e-01 -2.622196e-02
    outer loop
      vertex   -3.402113e-02 6.711895e-02 -1.476813e-01
      vertex   -3.245982e-02 6.749956e-02 -1.441156e-01
      vertex   -3.156953e-02 6.749956e-02 -1.502211e-01
    endloop
  endfacet
  facet normal -2.033227e-01 9.778482e-01 -4.972723e-02
    outer loop
      vertex   -3.402113e-02 6.711895e-02 -1.476813e-01
      vertex   -3.156953e-02 6.749956e-02 -1.502211e-01
      vertex   -3.257221e-02 6.711895e-02 -1.536056e-01
    endloop
  endfacet
  facet normal -1.716300e-01 9.833488e-01 -5.973473e-02
    outer loop
      vertex   -3.257221e-02 6.711895e-02 -1.536056e-01
      vertex   -3.156953e-02 6.749956e-02 -1.502211e-01
      vertex   -2.954142e-02 6.749956e-02 -1.560482e-01
    endloop
  endfacet
  facet normal -1.910831e-01 9.779110e-01 -8.471942e-02
    outer loop
      vertex   -3.257221e-02 6.711895e-02 -1.536056e-01
      vertex   -2.954142e-02 6.749956e-02 -1.560482e-01
      vertex   -3.010023e-02 6.711895e-02 -1.591811e-01
    endloop
  endfacet
  facet normal -1.576571e-01 9.832613e-01 -9.133163e-02
    outer loop
      vertex   -3.010023e-02 6.711895e-02 -1.591811e-01
      vertex   -2.954142e-02 6.749956e-02 -1.560482e-01
      vertex   -2.644858e-02 6.749956e-02 -1.613871e-01
    endloop
  endfacet
  facet normal -1.724017e-01 9.780977e-01 -1.166298e-01
    outer loop
      vertex   -3.010023e-02 6.711895e-02 -1.591811e-01
      vertex   -2.644858e-02 6.749956e-02 -1.613871e-01
      vertex   -2.668285e-02 6.711895e-02 -1.642327e-01
    endloop
  endfacet
  facet normal -1.382748e-01 9.830842e-01 -1.201064e-01
    outer loop
      vertex   -2.668285e-02 6.711895e-02 -1.642327e-01
      vertex   -2.644858e-02 6.749956e-02 -1.613871e-01
      vertex   -2.240249e-02 6.749956e-02 -1.660452e-01
    endloop
  endfacet
  facet normal -1.480719e-01 9.784038e-01 -1.442248e-01
    outer loop
      vertex   -2.668285e-02 6.711895e-02 -1.642327e-01
      vertex   -2.240249e-02 6.749956e-02 -1.660452e-01
      vertex   -2.242740e-02 6.711895e-02 -1.686016e-01
    endloop
  endfacet
  facet normal -1.139782e-01 9.828133e-01 -1.452135e-01
    outer loop
      vertex   -2.242740e-02 6.711895e-02 -1.686016e-01
      vertex   -2.240249e-02 6.749956e-02 -1.660452e-01
      vertex   -1.754897e-02 6.749956e-02 -1.698548e-01
    endloop
  endfacet
  facet normal -1.191301e-01 9.788216e-01 -1.664821e-01
    outer loop
      vertex   -2.242740e-02 6.711895e-02 -1.686016e-01
      vertex   -1.754897e-02 6.749956e-02 -1.698548e-01
      vertex   -1.746753e-02 6.711895e-02 -1.721508e-01
    endloop
  endfacet
  facet normal -8.537995e-02 9.824420e-01 -1.658852e-01
    outer loop
      vertex   -1.746753e-02 6.711895e-02 -1.721508e-01
      vertex   -1.754897e-02 6.749956e-02 -1.698548e-01
      vertex   -1.206295e-02 6.749956e-02 -1.726784e-01
    endloop
  endfacet
  facet normal -8.679711e-02 9.793413e-01 -1.826385e-01
    outer loop
      vertex   -1.746753e-02 6.711895e-02 -1.721508e-01
      vertex   -1.206295e-02 6.749956e-02 -1.726784e-01
      vertex   -1.195904e-02 6.711895e-02 -1.747686e-01
    endloop
  endfacet
  facet normal -5.319837e-02 9.819611e-01 -1.814452e-01
    outer loop
      vertex   -1.195904e-02 6.711895e-02 -1.747686e-01
      vertex   -1.206295e-02 6.749956e-02 -1.726784e-01
      vertex   -6.142163e-03 6.749956e-02 -1.744143e-01
    endloop
  endfacet
  facet normal -5.241046e-02 9.799511e-01 -1.922214e-01
    outer loop
      vertex   -1.195904e-02 6.711895e-02 -1.747686e-01
      vertex   -6.142163e-03 6.749956e-02 -1.744143e-01
      vertex   -6.074920e-03 6.711895e-02 -1.763730e-01
    endloop
  endfacet
  facet normal -1.824330e-02 9.813578e-01 -1.913218e-01
    outer loop
      vertex   -6.074920e-03 6.711895e-02 -1.763730e-01
      vertex   -6.142163e-03 6.749956e-02 -1.744143e-01
      vertex   -1.642295e-17 6.749956e-02 -1.750000e-01
    endloop
  endfacet
  facet normal -1.735309e-02 9.806376e-01 -1.950609e-01
    outer loop
      vertex   -6.074920e-03 6.711895e-02 -1.763730e-01
      vertex   -1.642295e-17 6.749956e-02 -1.750000e-01
      vertex   -1.686304e-17 6.711895e-02 -1.769134e-01
    endloop
  endfacet
  facet normal 1.735309e-02 9.806376e-01 -1.950609e-01
    outer loop
      vertex   -1.686304e-17 6.711895e-02 -1.769134e-01
      vertex   -1.642295e-17 6.749956e-02 -1.750000e-01
      vertex   6.074920e-03 6.711895e-02 -1.763730e-01
    endloop
  endfacet
  facet normal 4.936459e-02 8.304559e-01 -5.548929e-01
    outer loop
      vertex   -1.686304e-17 6.711895e-02 -1.769134e-01
      vertex   6.074920e-03 6.711895e-02 -1.763730e-01
      vertex   6.361269e-03 6.603509e-02 -1.779696e-01
    endloop
  endfacet
  facet normal 1.465433e-01 8.304559e-01 -5.374645e-01
    outer loop
      vertex   6.361269e-03 6.603509e-02 -1.779696e-01
      vertex   6.074920e-03 6.711895e-02 -1.763730e-01
      vertex   1.252274e-02 6.603509e-02 -1.762897e-01
    endloop
  endfacet
  facet normal 2.189870e-01 5.540565e-01 -8.031600e-01
    outer loop
      vertex   6.361269e-03 6.603509e-02 -1.779696e-01
      vertex   1.252274e-02 6.603509e-02 -1.762897e-01
      vertex   1.289939e-02 6.441297e-02 -1.773060e-01
    endloop
  endfacet
  facet normal 3.573279e-01 5.540565e-01 -7.518897e-01
    outer loop
      vertex   1.289939e-02 6.441297e-02 -1.773060e-01
      vertex   1.252274e-02 6.603509e-02 -1.762897e-01
      vertex   1.884103e-02 6.441297e-02 -1.744823e-01
    endloop
  endfacet
  facet normal 1.824330e-02 9.813578e-01 -1.913218e-01
    outer loop
      vertex   -1.642295e-17 6.749956e-02 -1.750000e-01
      vertex   6.142163e-03 6.749956e-02 -1.744143e-01
      vertex   6.074920e-03 6.711895e-02 -1.763730e-01
    endloop
  endfacet
  facet normal 5.241046e-02 9.799511e-01 -1.922214e-01
    outer loop
      vertex   6.074920e-03 6.711895e-02 -1.763730e-01
      vertex   6.142163e-03 6.749956e-02 -1.744143e-01
      vertex   1.195904e-02 6.711895e-02 -1.747686e-01
    endloop
  endfacet
  facet normal 1.465433e-01 8.304559e-01 -5.374645e-01
    outer loop
      vertex   6.074920e-03 6.711895e-02 -1.763730e-01
      vertex   1.195904e-02 6.711895e-02 -1.747686e-01
      vertex   1.252274e-02 6.603509e-02 -1.762897e-01
    endloop
  endfacet
  facet normal 2.391193e-01 8.304559e-01 -5.031550e-01
    outer loop
      vertex   1.252274e-02 6.603509e-02 -1.762897e-01
      vertex   1.195904e-02 6.711895e-02 -1.747686e-01
      vertex   1.829089e-02 6.603509e-02 -1.735484e-01
    endloop
  endfacet
  facet normal 3.573279e-01 5.540565e-01 -7.518897e-01
    outer loop
      vertex   1.252274e-02 6.603509e-02 -1.762897e-01
      vertex   1.829089e-02 6.603509e-02 -1.735484e-01
      vertex   1.884103e-02 6.441297e-02 -1.744823e-01
    endloop
  endfacet
  facet normal 4.844457e-01 5.540565e-01 -6.770035e-01
    outer loop
      vertex   1.884103e-02 6.441297e-02 -1.744823e-01
      vertex   1.829089e-02 6.603509e-02 -1.735484e-01
      vertex   2.419090e-02 6.441297e-02 -1.706540e-01
    endloop
  endfacet
  facet normal 5.319837e-02 9.819611e-01 -1.814452e-01
    outer loop
      vertex   6.142163e-03 6.749956e-02 -1.744143e-01
      vertex   1.206295e-02 6.749956e-02 -1.726784e-01
      vertex   1.195904e-02 6.711895e-02 -1.747686e-01
    endloop
  endfacet
  facet normal 8.679711e-02 9.793413e-01 -1.826385e-01
    outer loop
      vertex   1.195904e-02 6.711895e-02 -1.747686e-01
      vertex   1.206295e-02 6.749956e-02 -1.726784e-01
      vertex   1.746753e-02 6.711895e-02 -1.721508e-01
    endloop
  endfacet
  facet normal 2.391193e-01 8.304559e-01 -5.031550e-01
    outer loop
      vertex   1.195904e-02 6.711895e-02 -1.747686e-01
      vertex   1.746753e-02 6.711895e-02 -1.721508e-01
      vertex   1.829089e-02 6.603509e-02 -1.735484e-01
    endloop
  endfacet
  facet normal 3.241849e-01 8.304559e-01 -4.530421e-01
    outer loop
      vertex   1.829089e-02 6.603509e-02 -1.735484e-01
      vertex   1.746753e-02 6.711895e-02 -1.721508e-01
      vertex   2.348454e-02 6.603509e-02 -1.698320e-01
    endloop
  endfacet
  facet normal 4.844457e-01 5.540565e-01 -6.770035e-01
    outer loop
      vertex   1.829089e-02 6.603509e-02 -1.735484e-01
      vertex   2.348454e-02 6.603509e-02 -1.698320e-01
      vertex   2.419090e-02 6.441297e-02 -1.706540e-01
    endloop
  endfacet
  facet normal 5.963476e-01 5.540565e-01 -5.808535e-01
    outer loop
      vertex   2.419090e-02 6.441297e-02 -1.706540e-01
      vertex   2.348454e-02 6.603509e-02 -1.698320e-01
      vertex   2.878097e-02 6.441297e-02 -1.659415e-01
    endloop
  endfacet
  facet normal 8.537995e-02 9.824420e-01 -1.658852e-01
    outer loop
      vertex   1.206295e-02 6.749956e-02 -1.726784e-01
      vertex   1.754897e-02 6.749956e-02 -1.698548e-01
      vertex   1.746753e-02 6.711895e-02 -1.721508e-01
    endloop
  endfacet
  facet normal 1.191301e-01 9.788216e-01 -1.664821e-01
    outer loop
      vertex   1.746753e-02 6.711895e-02 -1.721508e-01
      vertex   1.754897e-02 6.749956e-02 -1.698548e-01
      vertex   2.242740e-02 6.711895e-02 -1.686016e-01
    endloop
  endfacet
  facet normal 3.241849e-01 8.304559e-01 -4.530421e-01
    outer loop
      vertex   1.746753e-02 6.711895e-02 -1.721508e-01
      vertex   2.242740e-02 6.711895e-02 -1.686016e-01
      vertex   2.348454e-02 6.603509e-02 -1.698320e-01
    endloop
  endfacet
  facet normal 3.990682e-01 8.304559e-01 -3.886998e-01
    outer loop
      vertex   2.348454e-02 6.603509e-02 -1.698320e-01
      vertex   2.242740e-02 6.711895e-02 -1.686016e-01
      vertex   2.794058e-02 6.603509e-02 -1.652571e-01
    endloop
  endfacet
  facet normal 5.963476e-01 5.540565e-01 -5.808535e-01
    outer loop
      vertex   2.348454e-02 6.603509e-02 -1.698320e-01
      vertex   2.794058e-02 6.603509e-02 -1.652571e-01
      vertex   2.878097e-02 6.441297e-02 -1.659415e-01
    endloop
  endfacet
  facet normal 6.895191e-01 5.540565e-01 -4.664598e-01
    outer loop
      vertex   2.878097e-02 6.441297e-02 -1.659415e-01
      vertex   2.794058e-02 6.603509e-02 -1.652571e-01
      vertex   3.246706e-02 6.441297e-02 -1.604928e-01
    endloop
  endfacet
  facet normal 1.139782e-01 9.828133e-01 -1.452135e-01
    outer loop
      vertex   1.754897e-02 6.749956e-02 -1.698548e-01
      vertex   2.240249e-02 6.749956e-02 -1.660452e-01
      vertex   2.242740e-02 6.711895e-02 -1.686016e-01
    endloop
  endfacet
  facet normal 1.480719e-01 9.784038e-01 -1.442248e-01
    outer loop
      vertex   2.242740e-02 6.711895e-02 -1.686016e-01
      vertex   2.240249e-02 6.749956e-02 -1.660452e-01
      vertex   2.668285e-02 6.711895e-02 -1.642327e-01
    endloop
  endfacet
  facet normal 3.990682e-01 8.304559e-01 -3.886998e-01
    outer loop
      vertex   2.242740e-02 6.711895e-02 -1.686016e-01
      vertex   2.668285e-02 6.711895e-02 -1.642327e-01
      vertex   2.794058e-02 6.603509e-02 -1.652571e-01
    endloop
  endfacet
  facet normal 4.614174e-01 8.304559e-01 -3.121489e-01
    outer loop
      vertex   2.794058e-02 6.603509e-02 -1.652571e-01
      vertex   2.668285e-02 6.711895e-02 -1.642327e-01
      vertex   3.151904e-02 6.603509e-02 -1.599674e-01
    endloop
  endfacet
  facet normal 6.895191e-01 5.540565e-01 -4.664598e-01
    outer loop
      vertex   2.794058e-02 6.603509e-02 -1.652571e-01
      vertex   3.151904e-02 6.603509e-02 -1.599674e-01
      vertex   3.246706e-02 6.441297e-02 -1.604928e-01
    endloop
  endfacet
  facet normal 7.610338e-01 5.540565e-01 -3.374151e-01
    outer loop
      vertex   3.246706e-02 6.441297e-02 -1.604928e-01
      vertex   3.151904e-02 6.603509e-02 -1.599674e-01
      vertex   3.513341e-02 6.441297e-02 -1.544789e-01
    endloop
  endfacet
  facet normal 1.382748e-01 9.830842e-01 -1.201064e-01
    outer loop
      vertex   2.240249e-02 6.749956e-02 -1.660452e-01
      vertex   2.644858e-02 6.749956e-02 -1.613871e-01
      vertex   2.668285e-02 6.711895e-02 -1.642327e-01
    endloop
  endfacet
  facet normal 1.724017e-01 9.780977e-01 -1.166298e-01
    outer loop
      vertex   2.668285e-02 6.711895e-02 -1.642327e-01
      vertex   2.644858e-02 6.749956e-02 -1.613871e-01
      vertex   3.010023e-02 6.711895e-02 -1.591811e-01
    endloop
  endfacet
  facet normal 4.614174e-01 8.304559e-01 -3.121489e-01
    outer loop
      vertex   2.668285e-02 6.711895e-02 -1.642327e-01
      vertex   3.010023e-02 6.711895e-02 -1.591811e-01
      vertex   3.151904e-02 6.603509e-02 -1.599674e-01
    endloop
  endfacet
  facet normal 5.092741e-01 8.304559e-01 -2.257939e-01
    outer loop
      vertex   3.151904e-02 6.603509e-02 -1.599674e-01
      vertex   3.010023e-02 6.711895e-02 -1.591811e-01
      vertex   3.410754e-02 6.603509e-02 -1.541291e-01
    endloop
  endfacet
  facet normal 7.610338e-01 5.540565e-01 -3.374151e-01
    outer loop
      vertex   3.151904e-02 6.603509e-02 -1.599674e-01
      vertex   3.410754e-02 6.603509e-02 -1.541291e-01
      vertex   3.513341e-02 6.441297e-02 -1.544789e-01
    endloop
  endfacet
  facet normal 8.086453e-01 5.540565e-01 -1.977727e-01
    outer loop
      vertex   3.513341e-02 6.441297e-02 -1.544789e-01
      vertex   3.410754e-02 6.603509e-02 -1.541291e-01
      vertex   3.669626e-02 6.441297e-02 -1.480887e-01
    endloop
  endfacet
  facet normal 1.576571e-01 9.832613e-01 -9.133163e-02
    outer loop
      vertex   2.644858e-02 6.749956e-02 -1.613871e-01
      vertex   2.954142e-02 6.749956e-02 -1.560482e-01
      vertex   3.010023e-02 6.711895e-02 -1.591811e-01
    endloop
  endfacet
  facet normal 1.910831e-01 9.779110e-01 -8.471942e-02
    outer loop
      vertex   3.010023e-02 6.711895e-02 -1.591811e-01
      vertex   2.954142e-02 6.749956e-02 -1.560482e-01
      vertex   3.257221e-02 6.711895e-02 -1.536056e-01
    endloop
  endfacet
  facet normal 5.092741e-01 8.304559e-01 -2.257939e-01
    outer loop
      vertex   3.010023e-02 6.711895e-02 -1.591811e-01
      vertex   3.257221e-02 6.711895e-02 -1.536056e-01
      vertex   3.410754e-02 6.603509e-02 -1.541291e-01
    endloop
  endfacet
  facet normal 5.411352e-01 8.304559e-01 -1.323470e-01
    outer loop
      vertex   3.410754e-02 6.603509e-02 -1.541291e-01
      vertex   3.257221e-02 6.711895e-02 -1.536056e-01
      vertex   3.562476e-02 6.603509e-02 -1.479255e-01
    endloop
  endfacet
  facet normal 8.086453e-01 5.540565e-01 -1.977727e-01
    outer loop
      vertex   3.410754e-02 6.603509e-02 -1.541291e-01
      vertex   3.562476e-02 6.603509e-02 -1.479255e-01
      vertex   3.669626e-02 6.441297e-02 -1.480887e-01
    endloop
  endfacet
  facet normal 8.308585e-01 5.540565e-01 -5.191857e-02
    outer loop
      vertex   3.669626e-02 6.441297e-02 -1.480887e-01
      vertex   3.562476e-02 6.603509e-02 -1.479255e-01
      vertex   3.710654e-02 6.441297e-02 -1.415231e-01
    endloop
  endfacet
  facet normal 1.716300e-01 9.833488e-01 -5.973473e-02
    outer loop
      vertex   2.954142e-02 6.749956e-02 -1.560482e-01
      vertex   3.156953e-02 6.749956e-02 -1.502211e-01
      vertex   3.257221e-02 6.711895e-02 -1.536056e-01
    endloop
  endfacet
  facet normal 2.033227e-01 9.778482e-01 -4.972723e-02
    outer loop
      vertex   3.257221e-02 6.711895e-02 -1.536056e-01
      vertex   3.156953e-02 6.749956e-02 -1.502211e-01
      vertex   3.402113e-02 6.711895e-02 -1.476813e-01
    endloop
  endfacet
  facet normal 5.411352e-01 8.304559e-01 -1.323470e-01
    outer loop
      vertex   3.257221e-02 6.711895e-02 -1.536056e-01
      vertex   3.402113e-02 6.711895e-02 -1.476813e-01
      vertex   3.562476e-02 6.603509e-02 -1.479255e-01
    endloop
  endfacet
  facet normal 5.559999e-01 8.304559e-01 -3.474324e-02
    outer loop
      vertex   3.562476e-02 6.603509e-02 -1.479255e-01
      vertex   3.402113e-02 6.711895e-02 -1.476813e-01
      vertex   3.602305e-02 6.603509e-02 -1.415516e-01
    endloop
  endfacet
  facet normal 8.308585e-01 5.540565e-01 -5.191857e-02
    outer loop
      vertex   3.562476e-02 6.603509e-02 -1.479255e-01
      vertex   3.602305e-02 6.603509e-02 -1.415516e-01
      vertex   3.710654e-02 6.441297e-02 -1.415231e-01
    endloop
  endfacet
  facet normal 8.269755e-01 5.540565e-01 9.556629e-02
    outer loop
      vertex   3.710654e-02 6.441297e-02 -1.415231e-01
      vertex   3.602305e-02 6.603509e-02 -1.415516e-01
      vertex   3.635135e-02 6.441297e-02 -1.349881e-01
    endloop
  endfacet
  facet normal 1.798263e-01 9.833488e-01 -2.622196e-02
    outer loop
      vertex   3.156953e-02 6.749956e-02 -1.502211e-01
      vertex   3.245982e-02 6.749956e-02 -1.441156e-01
      vertex   3.402113e-02 6.711895e-02 -1.476813e-01
    endloop
  endfacet
  facet normal 2.086150e-01 9.779110e-01 -1.303590e-02
    outer loop
      vertex   3.402113e-02 6.711895e-02 -1.476813e-01
      vertex   3.245982e-02 6.749956e-02 -1.441156e-01
      vertex   3.440150e-02 6.711895e-02 -1.415943e-01
    endloop
  endfacet
  facet normal 5.559999e-01 8.304559e-01 -3.474324e-02
    outer loop
      vertex   3.402113e-02 6.711895e-02 -1.476813e-01
      vertex   3.440150e-02 6.711895e-02 -1.415943e-01
      vertex   3.602305e-02 6.603509e-02 -1.415516e-01
    endloop
  endfacet
  facet normal 5.534014e-01 8.304559e-01 6.395174e-02
    outer loop
      vertex   3.602305e-02 6.603509e-02 -1.415516e-01
      vertex   3.440150e-02 6.711895e-02 -1.415943e-01
      vertex   3.528991e-02 6.603509e-02 -1.352074e-01
    endloop
  endfacet
  facet normal 8.269755e-01 5.540565e-01 9.556629e-02
    outer loop
      vertex   3.602305e-02 6.603509e-02 -1.415516e-01
      vertex   3.528991e-02 6.603509e-02 -1.352074e-01
      vertex   3.635135e-02 6.441297e-02 -1.349881e-01
    endloop
  endfacet
  facet normal 7.971183e-01 5.540565e-01 2.400495e-01
    outer loop
      vertex   3.635135e-02 6.441297e-02 -1.349881e-01
      vertex   3.528991e-02 6.603509e-02 -1.352074e-01
      vertex   3.445441e-02 6.441297e-02 -1.286890e-01
    endloop
  endfacet
  facet normal 1.820138e-01 9.832613e-01 8.257328e-03
    outer loop
      vertex   3.245982e-02 6.749956e-02 -1.441156e-01
      vertex   3.218019e-02 6.749956e-02 -1.379519e-01
      vertex   3.440150e-02 6.711895e-02 -1.415943e-01
    endloop
  endfacet
  facet normal 2.067702e-01 9.780977e-01 2.389462e-02
    outer loop
      vertex   3.440150e-02 6.711895e-02 -1.415943e-01
      vertex   3.218019e-02 6.749956e-02 -1.379519e-01
      vertex   3.370136e-02 6.711895e-02 -1.355357e-01
    endloop
  endfacet
  facet normal 5.534014e-01 8.304559e-01 6.395174e-02
    outer loop
      vertex   3.440150e-02 6.711895e-02 -1.415943e-01
      vertex   3.370136e-02 6.711895e-02 -1.355357e-01
      vertex   3.528991e-02 6.603509e-02 -1.352074e-01
    endloop
  endfacet
  facet normal 5.334214e-01 8.304559e-01 1.606381e-01
    outer loop
      vertex   3.528991e-02 6.603509e-02 -1.352074e-01
      vertex   3.370136e-02 6.711895e-02 -1.355357e-01
      vertex   3.344836e-02 6.603509e-02 -1.290923e-01
    endloop
  endfacet
  facet normal 7.971183e-01 5.540565e-01 2.400495e-01
    outer loop
      vertex   3.528991e-02 6.603509e-02 -1.352074e-01
      vertex   3.344836e-02 6.603509e-02 -1.290923e-01
      vertex   3.445441e-02 6.441297e-02 -1.286890e-01
    endloop
  endfacet
  facet normal 7.422247e-01 5.540565e-01 3.769932e-01
    outer loop
      vertex   3.445441e-02 6.441297e-02 -1.286890e-01
      vertex   3.344836e-02 6.603509e-02 -1.290923e-01
      vertex   3.147531e-02 6.441297e-02 -1.228238e-01
    endloop
  endfacet
  facet normal 1.781001e-01 9.830842e-01 4.272963e-02
    outer loop
      vertex   3.218019e-02 6.749956e-02 -1.379519e-01
      vertex   3.074074e-02 6.749956e-02 -1.319522e-01
      vertex   3.370136e-02 6.711895e-02 -1.355357e-01
    endloop
  endfacet
  facet normal 1.979229e-01 9.784038e-01 5.960383e-02
    outer loop
      vertex   3.370136e-02 6.711895e-02 -1.355357e-01
      vertex   3.074074e-02 6.749956e-02 -1.319522e-01
      vertex   3.194271e-02 6.711895e-02 -1.296958e-01
    endloop
  endfacet
  facet normal 5.334214e-01 8.304559e-01 1.606381e-01
    outer loop
      vertex   3.370136e-02 6.711895e-02 -1.355357e-01
      vertex   3.194271e-02 6.711895e-02 -1.296958e-01
      vertex   3.344836e-02 6.603509e-02 -1.290923e-01
    endloop
  endfacet
  facet normal 4.966873e-01 8.304559e-01 2.522790e-01
    outer loop
      vertex   3.344836e-02 6.603509e-02 -1.290923e-01
      vertex   3.194271e-02 6.711895e-02 -1.296958e-01
      vertex   3.055625e-02 6.603509e-02 -1.233983e-01
    endloop
  endfacet
  facet normal 7.422247e-01 5.540565e-01 3.769932e-01
    outer loop
      vertex   3.344836e-02 6.603509e-02 -1.290923e-01
      vertex   3.055625e-02 6.603509e-02 -1.233983e-01
      vertex   3.147531e-02 6.441297e-02 -1.228238e-01
    endloop
  endfacet
  facet normal 6.640188e-01 5.540565e-01 5.020959e-01
    outer loop
      vertex   3.147531e-02 6.441297e-02 -1.228238e-01
      vertex   3.055625e-02 6.603509e-02 -1.233983e-01
      vertex   2.750760e-02 6.441297e-02 -1.175765e-01
    endloop
  endfacet
  facet normal 1.681340e-01 9.828133e-01 7.621654e-02
    outer loop
      vertex   3.074074e-02 6.749956e-02 -1.319522e-01
      vertex   2.819333e-02 6.749956e-02 -1.263326e-01
      vertex   3.194271e-02 6.711895e-02 -1.296958e-01
    endloop
  endfacet
  facet normal 1.825206e-01 9.788216e-01 9.270647e-02
    outer loop
      vertex   3.194271e-02 6.711895e-02 -1.296958e-01
      vertex   2.819333e-02 6.749956e-02 -1.263326e-01
      vertex   2.918078e-02 6.711895e-02 -1.242581e-01
    endloop
  endfacet
  facet normal 4.966873e-01 8.304559e-01 2.522790e-01
    outer loop
      vertex   3.194271e-02 6.711895e-02 -1.296958e-01
      vertex   2.918078e-02 6.711895e-02 -1.242581e-01
      vertex   3.055625e-02 6.603509e-02 -1.233983e-01
    endloop
  endfacet
  facet normal 4.443529e-01 8.304559e-01 3.359962e-01
    outer loop
      vertex   3.055625e-02 6.603509e-02 -1.233983e-01
      vertex   2.918078e-02 6.711895e-02 -1.242581e-01
      vertex   2.670440e-02 6.603509e-02 -1.183042e-01
    endloop
  endfacet
  facet normal 6.640188e-01 5.540565e-01 5.020959e-01
    outer loop
      vertex   3.055625e-02 6.603509e-02 -1.233983e-01
      vertex   2.670440e-02 6.603509e-02 -1.183042e-01
      vertex   2.750760e-02 6.441297e-02 -1.175765e-01
    endloop
  endfacet
  facet normal 5.649570e-01 5.540565e-01 6.114286e-01
    outer loop
      vertex   2.750760e-02 6.441297e-02 -1.175765e-01
      vertex   2.670440e-02 6.603509e-02 -1.183042e-01
      vertex   2.267593e-02 6.441297e-02 -1.131120e-01
    endloop
  endfacet
  facet normal 1.523047e-01 9.824420e-01 1.077540e-01
    outer loop
      vertex   2.819333e-02 6.749956e-02 -1.263326e-01
      vertex   2.462978e-02 6.749956e-02 -1.212957e-01
      vertex   2.918078e-02 6.711895e-02 -1.242581e-01
    endloop
  endfacet
  facet normal 1.612942e-01 9.793413e-01 1.219621e-01
    outer loop
      vertex   2.918078e-02 6.711895e-02 -1.242581e-01
      vertex   2.462978e-02 6.749956e-02 -1.212957e-01
      vertex   2.550232e-02 6.711895e-02 -1.193934e-01
    endloop
  endfacet
  facet normal 4.443529e-01 8.304559e-01 3.359962e-01
    outer loop
      vertex   2.918078e-02 6.711895e-02 -1.242581e-01
      vertex   2.550232e-02 6.711895e-02 -1.193934e-01
      vertex   2.670440e-02 6.603509e-02 -1.183042e-01
    endloop
  endfacet
  facet normal 3.780621e-01 8.304559e-01 4.091602e-01
    outer loop
      vertex   2.670440e-02 6.603509e-02 -1.183042e-01
      vertex   2.550232e-02 6.711895e-02 -1.193934e-01
      vertex   2.201380e-02 6.603509e-02 -1.139702e-01
    endloop
  endfacet
  facet normal 5.649570e-01 5.540565e-01 6.114286e-01
    outer loop
      vertex   2.670440e-02 6.603509e-02 -1.183042e-01
      vertex   2.201380e-02 6.603509e-02 -1.139702e-01
      vertex   2.267593e-02 6.441297e-02 -1.131120e-01
    endloop
  endfacet
  facet normal 1.309373e-01 9.819611e-01 1.364106e-01
    outer loop
      vertex   2.462978e-02 6.749956e-02 -1.212957e-01
      vertex   2.017852e-02 6.749956e-02 -1.170230e-01
      vertex   2.550232e-02 6.711895e-02 -1.193934e-01
    endloop
  endfacet
  facet normal 1.352119e-01 9.799511e-01 1.463340e-01
    outer loop
      vertex   2.550232e-02 6.711895e-02 -1.193934e-01
      vertex   2.017852e-02 6.749956e-02 -1.170230e-01
      vertex   2.102287e-02 6.711895e-02 -1.152544e-01
    endloop
  endfacet
  facet normal 3.780621e-01 8.304559e-01 4.091602e-01
    outer loop
      vertex   2.550232e-02 6.711895e-02 -1.193934e-01
      vertex   2.102287e-02 6.711895e-02 -1.152544e-01
      vertex   2.201380e-02 6.603509e-02 -1.139702e-01
    endloop
  endfacet
  facet normal -5.649570e-01 5.540565e-01 6.114286e-01
    outer loop
      vertex   -2.750760e-02 6.441297e-02 -1.175765e-01
      vertex   -2.267593e-02 6.441297e-02 -1.131120e-01
      vertex   -2.201380e-02 6.603509e-02 -1.139702e-01
    endloop
  endfacet
  facet normal -3.780621e-01 8.304559e-01 4.091602e-01
    outer loop
      vertex   -2.201380e-02 6.603509e-02 -1.139702e-01
      vertex   -2.102287e-02 6.711895e-02 -1.152544e-01
      vertex   -2.670440e-02 6.603509e-02 -1.183042e-01
    endloop
  endfacet
  facet normal -3.780621e-01 8.304559e-01 4.091602e-01
    outer loop
      vertex   -2.670440e-02 6.603509e-02 -1.183042e-01
      vertex   -2.102287e-02 6.711895e-02 -1.152544e-01
      vertex   -2.550232e-02 6.711895e-02 -1.193934e-01
    endloop
  endfacet
  facet normal -4.443529e-01 8.304559e-01 3.359962e-01
    outer loop
      vertex   -2.670440e-02 6.603509e-02 -1.183042e-01
      vertex   -2.550232e-02 6.711895e-02 -1.193934e-01
      vertex   -3.055625e-02 6.603509e-02 -1.233983e-01
    endloop
  endfacet
  facet normal -4.443529e-01 8.304559e-01 3.359962e-01
    outer loop
      vertex   -3.055625e-02 6.603509e-02 -1.233983e-01
      vertex   -2.550232e-02 6.711895e-02 -1.193934e-01
      vertex   -2.918078e-02 6.711895e-02 -1.242581e-01
    endloop
  endfacet
  facet normal -4.966873e-01 8.304559e-01 2.522790e-01
    outer loop
      vertex   -3.055625e-02 6.603509e-02 -1.233983e-01
      vertex   -2.918078e-02 6.711895e-02 -1.242581e-01
      vertex   -3.344836e-02 6.603509e-02 -1.290923e-01
    endloop
  endfacet
  facet normal -4.966873e-01 8.304559e-01 2.522790e-01
    outer loop
      vertex   -3.344836e-02 6.603509e-02 -1.290923e-01
      vertex   -2.918078e-02 6.711895e-02 -1.242581e-01
      vertex   -3.194271e-02 6.711895e-02 -1.296958e-01
    endloop
  endfacet
  facet normal -5.334214e-01 8.304559e-01 1.606381e-01
    outer loop
      vertex   -3.344836e-02 6.603509e-02 -1.290923e-01
      vertex   -3.194271e-02 6.711895e-02 -1.296958e-01
      vertex   -3.528991e-02 6.603509e-02 -1.352074e-01
    endloop
  endfacet
  facet normal -5.334214e-01 8.304559e-01 1.606381e-01
    outer loop
      vertex   -3.528991e-02 6.603509e-02 -1.352074e-01
      vertex   -3.194271e-02 6.711895e-02 -1.296958e-01
      vertex   -3.370136e-02 6.711895e-02 -1.355357e-01
    endloop
  endfacet
  facet normal -5.534014e-01 8.304559e-01 6.395174e-02
    outer loop
      vertex   -3.528991e-02 6.603509e-02 -1.352074e-01
      vertex   -3.370136e-02 6.711895e-02 -1.355357e-01
      vertex   -3.602305e-02 6.603509e-02 -1.415516e-01
    endloop
  endfacet
  facet normal -5.534014e-01 8.304559e-01 6.395174e-02
    outer loop
      vertex   -3.602305e-02 6.603509e-02 -1.415516e-01
      vertex   -3.370136e-02 6.711895e-02 -1.355357e-01
      vertex   -3.440150e-02 6.711895e-02 -1.415943e-01
    endloop
  endfacet
  facet normal -5.559999e-01 8.304559e-01 -3.474324e-02
    outer loop
      vertex   -3.602305e-02 6.603509e-02 -1.415516e-01
      vertex   -3.440150e-02 6.711895e-02 -1.415943e-01
      vertex   -3.562476e-02 6.603509e-02 -1.479255e-01
    endloop
  endfacet
  facet normal -5.559999e-01 8.304559e-01 -3.474324e-02
    outer loop
      vertex   -3.562476e-02 6.603509e-02 -1.479255e-01
      vertex   -3.440150e-02 6.711895e-02 -1.415943e-01
      vertex   -3.402113e-02 6.711895e-02 -1.476813e-01
    endloop
  endfacet
  facet normal -5.411352e-01 8.304559e-01 -1.323470e-01
    outer loop
      vertex   -3.562476e-02 6.603509e-02 -1.479255e-01
      vertex   -3.402113e-02 6.711895e-02 -1.476813e-01
      vertex   -3.410754e-02 6.603509e-02 -1.541291e-01
    endloop
  endfacet
  facet normal -5.411352e-01 8.304559e-01 -1.323470e-01
    outer loop
      vertex   -3.410754e-02 6.603509e-02 -1.541291e-01
      vertex   -3.402113e-02 6.711895e-02 -1.476813e-01
      vertex   -3.257221e-02 6.711895e-02 -1.536056e-01
    endloop
  endfacet
  facet normal -5.092741e-01 8.304559e-01 -2.257939e-01
    outer loop
      vertex   -3.410754e-02 6.603509e-02 -1.541291e-01
      vertex   -3.257221e-02 6.711895e-02 -1.536056e-01
      vertex   -3.151904e-02 6.603509e-02 -1.599674e-01
    endloop
  endfacet
  facet normal -5.092741e-01 8.304559e-01 -2.257939e-01
    outer loop
      vertex   -3.151904e-02 6.603509e-02 -1.599674e-01
      vertex   -3.257221e-02 6.711895e-02 -1.536056e-01
      vertex   -3.010023e-02 6.711895e-02 -1.591811e-01
    endloop
  endfacet
  facet normal -4.614174e-01 8.304559e-01 -3.121489e-01
    outer loop
      vertex   -3.151904e-02 6.603509e-02 -1.599674e-01
      vertex   -3.010023e-02 6.711895e-02 -1.591811e-01
      vertex   -2.794058e-02 6.603509e-02 -1.652571e-01
    endloop
  endfacet
  facet normal -4.614174e-01 8.304559e-01 -3.121489e-01
    outer loop
      vertex   -2.794058e-02 6.603509e-02 -1.652571e-01
      vertex   -3.010023e-02 6.711895e-02 -1.591811e-01
      vertex   -2.668285e-02 6.711895e-02 -1.642327e-01
    endloop
  endfacet
  facet normal -3.990682e-01 8.304559e-01 -3.886998e-01
    outer loop
      vertex   -2.794058e-02 6.603509e-02 -1.652571e-01
      vertex   -2.668285e-02 6.711895e-02 -1.642327e-01
      vertex   -2.348454e-02 6.603509e-02 -1.698320e-01
    endloop
  endfacet
  facet normal -3.990682e-01 8.304559e-01 -3.886998e-01
    outer loop
      vertex   -2.348454e-02 6.603509e-02 -1.698320e-01
      vertex   -2.668285e-02 6.711895e-02 -1.642327e-01
      vertex   -2.242740e-02 6.711895e-02 -1.686016e-01
    endloop
  endfacet
  facet normal -3.241849e-01 8.304559e-01 -4.530421e-01
    outer loop
      vertex   -2.348454e-02 6.603509e-02 -1.698320e-01
      vertex   -2.242740e-02 6.711895e-02 -1.686016e-01
      vertex   -1.829089e-02 6.603509e-02 -1.735484e-01
    endloop
  endfacet
  facet normal -3.241849e-01 8.304559e-01 -4.530421e-01
    outer loop
      vertex   -1.829089e-02 6.603509e-02 -1.735484e-01
      vertex   -2.242740e-02 6.711895e-02 -1.686016e-01
      vertex   -1.746753e-02 6.711895e-02 -1.721508e-01
    endloop
  endfacet
  facet normal -2.391193e-01 8.304559e-01 -5.031550e-01
    outer loop
      vertex   -1.829089e-02 6.603509e-02 -1.735484e-01
      vertex   -1.746753e-02 6.711895e-02 -1.721508e-01
      vertex   -1.252274e-02 6.603509e-02 -1.762897e-01
    endloop
  endfacet
  facet normal -2.391193e-01 8.304559e-01 -5.031550e-01
    outer loop
      vertex   -1.252274e-02 6.603509e-02 -1.762897e-01
      vertex   -1.746753e-02 6.711895e-02 -1.721508e-01
      vertex   -1.195904e-02 6.711895e-02 -1.747686e-01
    endloop
  endfacet
  facet normal -1.465433e-01 8.304559e-01 -5.374645e-01
    outer loop
      vertex   -1.252274e-02 6.603509e-02 -1.762897e-01
      vertex   -1.195904e-02 6.711895e-02 -1.747686e-01
      vertex   -6.361269e-03 6.603509e-02 -1.779696e-01
    endloop
  endfacet
  facet normal -1.465433e-01 8.304559e-01 -5.374645e-01
    outer loop
      vertex   -6.361269e-03 6.603509e-02 -1.779696e-01
      vertex   -1.195904e-02 6.711895e-02 -1.747686e-01
      vertex   -6.074920e-03 6.711895e-02 -1.763730e-01
    endloop
  endfacet
  facet normal -4.936459e-02 8.304559e-01 -5.548929e-01
    outer loop
      vertex   -6.361269e-03 6.603509e-02 -1.779696e-01
      vertex   -6.074920e-03 6.711895e-02 -1.763730e-01
      vertex   -1.710626e-17 6.603509e-02 -1.785355e-01
    endloop
  endfacet
  facet normal -4.936459e-02 8.304559e-01 -5.548929e-01
    outer loop
      vertex   -1.710626e-17 6.603509e-02 -1.785355e-01
      vertex   -6.074920e-03 6.711895e-02 -1.763730e-01
      vertex   -1.686304e-17 6.711895e-02 -1.769134e-01
    endloop
  endfacet
  facet normal 4.936459e-02 8.304559e-01 -5.548929e-01
    outer loop
      vertex   -1.710626e-17 6.603509e-02 -1.785355e-01
      vertex   -1.686304e-17 6.711895e-02 -1.769134e-01
      vertex   6.361269e-03 6.603509e-02 -1.779696e-01
    endloop
  endfacet
  facet normal -6.640188e-01 5.540565e-01 5.020959e-01
    outer loop
      vertex   -3.147531e-02 6.441297e-02 -1.228238e-01
      vertex   -2.750760e-02 6.441297e-02 -1.175765e-01
      vertex   -2.670440e-02 6.603509e-02 -1.183042e-01
    endloop
  endfacet
  facet normal -5.649570e-01 5.540565e-01 6.114286e-01
    outer loop
      vertex   -2.670440e-02 6.603509e-02 -1.183042e-01
      vertex   -2.750760e-02 6.441297e-02 -1.175765e-01
      vertex   -2.201380e-02 6.603509e-02 -1.139702e-01
    endloop
  endfacet
  facet normal -6.640188e-01 5.540565e-01 5.020959e-01
    outer loop
      vertex   -3.147531e-02 6.441297e-02 -1.228238e-01
      vertex   -2.670440e-02 6.603509e-02 -1.183042e-01
      vertex   -3.055625e-02 6.603509e-02 -1.233983e-01
    endloop
  endfacet
  facet normal -7.422247e-01 5.540565e-01 3.769932e-01
    outer loop
      vertex   -3.445441e-02 6.441297e-02 -1.286890e-01
      vertex   -3.147531e-02 6.441297e-02 -1.228238e-01
      vertex   -3.055625e-02 6.603509e-02 -1.233983e-01
    endloop
  endfacet
  facet normal -7.422247e-01 5.540565e-01 3.769932e-01
    outer loop
      vertex   -3.445441e-02 6.441297e-02 -1.286890e-01
      vertex   -3.055625e-02 6.603509e-02 -1.233983e-01
      vertex   -3.344836e-02 6.603509e-02 -1.290923e-01
    endloop
  endfacet
  facet normal -7.971183e-01 5.540565e-01 2.400495e-01
    outer loop
      vertex   -3.635135e-02 6.441297e-02 -1.349881e-01
      vertex   -3.445441e-02 6.441297e-02 -1.286890e-01
      vertex   -3.344836e-02 6.603509e-02 -1.290923e-01
    endloop
  endfacet
  facet normal -7.971183e-01 5.540565e-01 2.400495e-01
    outer loop
      vertex   -3.635135e-02 6.441297e-02 -1.349881e-01
      vertex   -3.344836e-02 6.603509e-02 -1.290923e-01
      vertex   -3.528991e-02 6.603509e-02 -1.352074e-01
    endloop
  endfacet
  facet normal -8.269755e-01 5.540565e-01 9.556629e-02
    outer loop
      vertex   -3.710654e-02 6.441297e-02 -1.415231e-01
      vertex   -3.635135e-02 6.441297e-02 -1.349881e-01
      vertex   -3.528991e-02 6.603509e-02 -1.352074e-01
    endloop
  endfacet
  facet normal -8.269755e-01 5.540565e-01 9.556629e-02
    outer loop
      vertex   -3.710654e-02 6.441297e-02 -1.415231e-01
      vertex   -3.528991e-02 6.603509e-02 -1.352074e-01
      vertex   -3.602305e-02 6.603509e-02 -1.415516e-01
    endloop
  endfacet
  facet normal -8.308585e-01 5.540565e-01 -5.191857e-02
    outer loop
      vertex   -3.669626e-02 6.441297e-02 -1.480887e-01
      vertex   -3.710654e-02 6.441297e-02 -1.415231e-01
      vertex   -3.602305e-02 6.603509e-02 -1.415516e-01
    endloop
  endfacet
  facet normal -8.308585e-01 5.540565e-01 -5.191857e-02
    outer loop
      vertex   -3.669626e-02 6.441297e-02 -1.480887e-01
      vertex   -3.602305e-02 6.603509e-02 -1.415516e-01
      vertex   -3.562476e-02 6.603509e-02 -1.479255e-01
    endloop
  endfacet
  facet normal -8.086453e-01 5.540565e-01 -1.977727e-01
    outer loop
      vertex   -3.513341e-02 6.441297e-02 -1.544789e-01
      vertex   -3.669626e-02 6.441297e-02 -1.480887e-01
      vertex   -3.562476e-02 6.603509e-02 -1.479255e-01
    endloop
  endfacet
  facet normal -8.086453e-01 5.540565e-01 -1.977727e-01
    outer loop
      vertex   -3.513341e-02 6.441297e-02 -1.544789e-01
      vertex   -3.562476e-02 6.603509e-02 -1.479255e-01
      vertex   -3.410754e-02 6.603509e-02 -1.541291e-01
    endloop
  endfacet
  facet normal -7.610338e-01 5.540565e-01 -3.374151e-01
    outer loop
      vertex   -3.246706e-02 6.441297e-02 -1.604928e-01
      vertex   -3.513341e-02 6.441297e-02 -1.544789e-01
      vertex   -3.410754e-02 6.603509e-02 -1.541291e-01
    endloop
  endfacet
  facet normal -7.610338e-01 5.540565e-01 -3.374151e-01
    outer loop
      vertex   -3.246706e-02 6.441297e-02 -1.604928e-01
      vertex   -3.410754e-02 6.603509e-02 -1.541291e-01
      vertex   -3.151904e-02 6.603509e-02 -1.599674e-01
    endloop
  endfacet
  facet normal -6.895191e-01 5.540565e-01 -4.664598e-01
    outer loop
      vertex   -2.878097e-02 6.441297e-02 -1.659415e-01
      vertex   -3.246706e-02 6.441297e-02 -1.604928e-01
      vertex   -3.151904e-02 6.603509e-02 -1.599674e-01
    endloop
  endfacet
  facet normal -6.895191e-01 5.540565e-01 -4.664598e-01
    outer loop
      vertex   -2.878097e-02 6.441297e-02 -1.659415e-01
      vertex   -3.151904e-02 6.603509e-02 -1.599674e-01
      vertex   -2.794058e-02 6.603509e-02 -1.652571e-01
    endloop
  endfacet
  facet normal -5.963476e-01 5.540565e-01 -5.808535e-01
    outer loop
      vertex   -2.419090e-02 6.441297e-02 -1.706540e-01
      vertex   -2.878097e-02 6.441297e-02 -1.659415e-01
      vertex   -2.794058e-02 6.603509e-02 -1.652571e-01
    endloop
  endfacet
  facet normal -5.963476e-01 5.540565e-01 -5.808535e-01
    outer loop
      vertex   -2.419090e-02 6.441297e-02 -1.706540e-01
      vertex   -2.794058e-02 6.603509e-02 -1.652571e-01
      vertex   -2.348454e-02 6.603509e-02 -1.698320e-01
    endloop
  endfacet
  facet normal -4.844457e-01 5.540565e-01 -6.770035e-01
    outer loop
      vertex   -1.884103e-02 6.441297e-02 -1.744823e-01
      vertex   -2.419090e-02 6.441297e-02 -1.706540e-01
      vertex   -2.348454e-02 6.603509e-02 -1.698320e-01
    endloop
  endfacet
  facet normal -4.844457e-01 5.540565e-01 -6.770035e-01
    outer loop
      vertex   -1.884103e-02 6.441297e-02 -1.744823e-01
      vertex   -2.348454e-02 6.603509e-02 -1.698320e-01
      vertex   -1.829089e-02 6.603509e-02 -1.735484e-01
    endloop
  endfacet
  facet normal -3.573279e-01 5.540565e-01 -7.518897e-01
    outer loop
      vertex   -1.289939e-02 6.441297e-02 -1.773060e-01
      vertex   -1.884103e-02 6.441297e-02 -1.744823e-01
      vertex   -1.829089e-02 6.603509e-02 -1.735484e-01
    endloop
  endfacet
  facet normal -3.573279e-01 5.540565e-01 -7.518897e-01
    outer loop
      vertex   -1.289939e-02 6.441297e-02 -1.773060e-01
      vertex   -1.829089e-02 6.603509e-02 -1.735484e-01
      vertex   -1.252274e-02 6.603509e-02 -1.762897e-01
    endloop
  endfacet
  facet normal -2.189870e-01 5.540565e-01 -8.031600e-01
    outer loop
      vertex   -6.552601e-03 6.441297e-02 -1.790365e-01
      vertex   -1.289939e-02 6.441297e-02 -1.773060e-01
      vertex   -1.252274e-02 6.603509e-02 -1.762897e-01
    endloop
  endfacet
  facet normal -2.189870e-01 5.540565e-01 -8.031600e-01
    outer loop
      vertex   -6.552601e-03 6.441297e-02 -1.790365e-01
      vertex   -1.252274e-02 6.603509e-02 -1.762897e-01
      vertex   -6.361269e-03 6.603509e-02 -1.779696e-01
    endloop
  endfacet
  facet normal -7.376798e-02 5.540565e-01 -8.292042e-01
    outer loop
      vertex   -1.705255e-17 6.441297e-02 -1.796194e-01
      vertex   -6.552601e-03 6.441297e-02 -1.790365e-01
      vertex   -6.361269e-03 6.603509e-02 -1.779696e-01
    endloop
  endfacet
  facet normal -7.376798e-02 5.540565e-01 -8.292042e-01
    outer loop
      vertex   -1.705255e-17 6.441297e-02 -1.796194e-01
      vertex   -6.361269e-03 6.603509e-02 -1.779696e-01
      vertex   -1.710626e-17 6.603509e-02 -1.785355e-01
    endloop
  endfacet
  facet normal 7.376798e-02 5.540565e-01 -8.292042e-01
    outer loop
      vertex   -1.705255e-17 6.441297e-02 -1.796194e-01
      vertex   -1.710626e-17 6.603509e-02 -1.785355e-01
      vertex   6.552601e-03 6.441297e-02 -1.790365e-01
    endloop
  endfacet
  facet normal 7.376798e-02 5.540565e-01 -8.292042e-01
    outer loop
      vertex   6.552601e-03 6.441297e-02 -1.790365e-01
      vertex   -1.710626e-17 6.603509e-02 -1.785355e-01
      vertex   6.361269e-03 6.603509e-02 -1.779696e-01
    endloop
  endfacet
  facet normal 2.189870e-01 5.540565e-01 -8.031600e-01
    outer loop
      vertex   6.552601e-03 6.441297e-02 -1.790365e-01
      vertex   6.361269e-03 6.603509e-02 -1.779696e-01
      vertex   1.289939e-02 6.441297e-02 -1.773060e-01
    endloop
  endfacet
  facet normal -3.867889e-01 -9.154189e-01 1.113672e-01
    outer loop
      vertex   -1.730769e-02 -3.326745e-02 -8.550000e-02
      vertex   -1.724501e-02 -3.341766e-02 -8.651693e-02
      vertex   -1.178981e-02 -3.559891e-02 -8.550000e-02
    endloop
  endfacet
  facet normal -4.023492e-01 -8.602726e-01 3.131231e-01
    outer loop
      vertex   -1.178981e-02 -3.559891e-02 -8.550000e-02
      vertex   -1.724501e-02 -3.341766e-02 -8.651693e-02
      vertex   -1.706613e-02 -3.385196e-02 -8.748029e-02
    endloop
  endfacet
  facet normal -3.733588e-01 -9.070422e-01 1.946219e-01
    outer loop
      vertex   -1.178981e-02 -3.559891e-02 -8.550000e-02
      vertex   -1.706613e-02 -3.385196e-02 -8.748029e-02
      vertex   -1.190947e-02 -3.596021e-02 -8.741342e-02
    endloop
  endfacet
  facet normal -3.121243e-01 -7.447286e-01 5.898795e-01
    outer loop
      vertex   -1.190947e-02 -3.596021e-02 -8.741342e-02
      vertex   -1.706613e-02 -3.385196e-02 -8.748029e-02
      vertex   -1.646501e-02 -3.538492e-02 -8.909759e-02
    endloop
  endfacet
  facet normal -3.030220e-01 -7.746740e-01 5.550297e-01
    outer loop
      vertex   -1.190947e-02 -3.596021e-02 -8.741342e-02
      vertex   -1.646501e-02 -3.538492e-02 -8.909759e-02
      vertex   -1.225023e-02 -3.698911e-02 -8.903553e-02
    endloop
  endfacet
  facet normal -2.004887e-01 -4.940264e-01 8.460155e-01
    outer loop
      vertex   -1.225023e-02 -3.698911e-02 -8.903553e-02
      vertex   -1.646501e-02 -3.538492e-02 -8.909759e-02
      vertex   -1.572240e-02 -3.746868e-02 -9.013841e-02
    endloop
  endfacet
  facet normal -1.920223e-01 -5.215530e-01 8.313302e-01
    outer loop
      vertex   -1.225023e-02 -3.698911e-02 -8.903553e-02
      vertex   -1.572240e-02 -3.746868e-02 -9.013841e-02
      vertex   -1.276021e-02 -3.852897e-02 -9.011940e-02
    endloop
  endfacet
  facet normal -6.945359e-02 -1.764286e-01 9.818600e-01
    outer loop
      vertex   -1.276021e-02 -3.852897e-02 -9.011940e-02
      vertex   -1.572240e-02 -3.746868e-02 -9.013841e-02
      vertex   -1.500000e-02 -3.976538e-02 -9.050000e-02
    endloop
  endfacet
  facet normal -5.817008e-02 -1.959537e-01 9.788863e-01
    outer loop
      vertex   -1.276021e-02 -3.852897e-02 -9.011940e-02
      vertex   -1.500000e-02 -3.976538e-02 -9.050000e-02
      vertex   -9.126534e-03 -4.150895e-02 -9.050000e-02
    endloop
  endfacet
  facet normal -4.374977e-02 -1.788823e-01 9.828973e-01
    outer loop
      vertex   -1.276021e-02 -3.852897e-02 -9.011940e-02
      vertex   -9.126534e-03 -4.150895e-02 -9.050000e-02
      vertex   -6.462557e-03 -4.006921e-02 -9.011940e-02
    endloop
  endfacet
  facet normal -2.962182e-02 -2.038740e-01 9.785489e-01
    outer loop
      vertex   -6.462557e-03 -4.006921e-02 -9.011940e-02
      vertex   -9.126534e-03 -4.150895e-02 -9.050000e-02
      vertex   -3.063399e-03 -4.238990e-02 -9.050000e-02
    endloop
  endfacet
  facet normal -1.463614e-02 -1.826650e-01 9.830663e-01
    outer loop
      vertex   -6.462557e-03 -4.006921e-02 -9.011940e-02
      vertex   -3.063399e-03 -4.238990e-02 -9.050000e-02
      vertex   -1.553885e-17 -4.058703e-02 -9.011940e-02
    endloop
  endfacet
  facet normal 0.000000e+00 -2.065567e-01 9.784346e-01
    outer loop
      vertex   -1.553885e-17 -4.058703e-02 -9.011940e-02
      vertex   -3.063399e-03 -4.238990e-02 -9.050000e-02
      vertex   3.063399e-03 -4.238990e-02 -9.050000e-02
    endloop
  endfacet
  facet normal 1.463614e-02 -1.826650e-01 9.830663e-01
    outer loop
      vertex   -1.553885e-17 -4.058703e-02 -9.011940e-02
      vertex   3.063399e-03 -4.238990e-02 -9.050000e-02
      vertex   6.462557e-03 -4.006921e-02 -9.011940e-02
    endloop
  endfacet
  facet normal 2.962182e-02 -2.038740e-01 9.785489e-01
    outer loop
      vertex   6.462557e-03 -4.006921e-02 -9.011940e-02
      vertex   3.063399e-03 -4.238990e-02 -9.050000e-02
      vertex   9.126534e-03 -4.150895e-02 -9.050000e-02
    endloop
  endfacet
  facet normal 4.374977e-02 -1.788823e-01 9.828973e-01
    outer loop
      vertex   6.462557e-03 -4.006921e-02 -9.011940e-02
      vertex   9.126534e-03 -4.150895e-02 -9.050000e-02
      vertex   1.276021e-02 -3.852897e-02 -9.011940e-02
    endloop
  endfacet
  facet normal 5.817008e-02 -1.959537e-01 9.788863e-01
    outer loop
      vertex   1.276021e-02 -3.852897e-02 -9.011940e-02
      vertex   9.126534e-03 -4.150895e-02 -9.050000e-02
      vertex   1.500000e-02 -3.976538e-02 -9.050000e-02
    endloop
  endfacet
  facet normal 6.945724e-02 -1.764223e-01 9.818609e-01
    outer loop
      vertex   1.276021e-02 -3.852897e-02 -9.011940e-02
      vertex   1.500000e-02 -3.976538e-02 -9.050000e-02
      vertex   1.572237e-02 -3.746876e-02 -9.013844e-02
    endloop
  endfacet
  facet normal 1.809972e-01 -4.903778e-01 8.525078e-01
    outer loop
      vertex   1.572237e-02 -3.746876e-02 -9.013844e-02
      vertex   1.646521e-02 -3.538465e-02 -8.909734e-02
      vertex   1.276021e-02 -3.852897e-02 -9.011940e-02
    endloop
  endfacet
  facet normal 2.085304e-01 -5.158089e-01 8.309370e-01
    outer loop
      vertex   1.276021e-02 -3.852897e-02 -9.011940e-02
      vertex   1.646521e-02 -3.538465e-02 -8.909734e-02
      vertex   1.225023e-02 -3.698911e-02 -8.903553e-02
    endloop
  endfacet
  facet normal 1.322793e-01 -5.408583e-01 8.306470e-01
    outer loop
      vertex   1.276021e-02 -3.852897e-02 -9.011940e-02
      vertex   1.225023e-02 -3.698911e-02 -8.903553e-02
      vertex   6.462557e-03 -4.006921e-02 -9.011940e-02
    endloop
  endfacet
  facet normal 1.322793e-01 -5.408583e-01 8.306470e-01
    outer loop
      vertex   6.462557e-03 -4.006921e-02 -9.011940e-02
      vertex   1.225023e-02 -3.698911e-02 -8.903553e-02
      vertex   6.204269e-03 -3.846779e-02 -8.903553e-02
    endloop
  endfacet
  facet normal 4.447135e-02 -5.550206e-01 8.306470e-01
    outer loop
      vertex   6.462557e-03 -4.006921e-02 -9.011940e-02
      vertex   6.204269e-03 -3.846779e-02 -8.903553e-02
      vertex   -1.553885e-17 -4.058703e-02 -9.011940e-02
    endloop
  endfacet
  facet normal 4.447135e-02 -5.550206e-01 8.306470e-01
    outer loop
      vertex   -1.553885e-17 -4.058703e-02 -9.011940e-02
      vertex   6.204269e-03 -3.846779e-02 -8.903553e-02
      vertex   -1.491781e-17 -3.896491e-02 -8.903553e-02
    endloop
  endfacet
  facet normal -4.447135e-02 -5.550206e-01 8.306470e-01
    outer loop
      vertex   -1.553885e-17 -4.058703e-02 -9.011940e-02
      vertex   -1.491781e-17 -3.896491e-02 -8.903553e-02
      vertex   -6.462557e-03 -4.006921e-02 -9.011940e-02
    endloop
  endfacet
  facet normal -4.447135e-02 -5.550206e-01 8.306470e-01
    outer loop
      vertex   -6.462557e-03 -4.006921e-02 -9.011940e-02
      vertex   -1.491781e-17 -3.896491e-02 -8.903553e-02
      vertex   -6.204269e-03 -3.846779e-02 -8.903553e-02
    endloop
  endfacet
  facet normal -1.322793e-01 -5.408583e-01 8.306470e-01
    outer loop
      vertex   -6.462557e-03 -4.006921e-02 -9.011940e-02
      vertex   -6.204269e-03 -3.846779e-02 -8.903553e-02
      vertex   -1.276021e-02 -3.852897e-02 -9.011940e-02
    endloop
  endfacet
  facet normal -1.322793e-01 -5.408583e-01 8.306470e-01
    outer loop
      vertex   -1.276021e-02 -3.852897e-02 -9.011940e-02
      vertex   -6.204269e-03 -3.846779e-02 -8.903553e-02
      vertex   -1.225023e-02 -3.698911e-02 -8.903553e-02
    endloop
  endfacet
  facet normal 2.926668e-01 -7.457935e-01 5.984465e-01
    outer loop
      vertex   1.646521e-02 -3.538465e-02 -8.909734e-02
      vertex   1.706615e-02 -3.385187e-02 -8.748105e-02
      vertex   1.225023e-02 -3.698911e-02 -8.903553e-02
    endloop
  endfacet
  facet normal 3.211701e-01 -7.677476e-01 5.544487e-01
    outer loop
      vertex   1.225023e-02 -3.698911e-02 -8.903553e-02
      vertex   1.706615e-02 -3.385187e-02 -8.748105e-02
      vertex   1.190947e-02 -3.596021e-02 -8.741342e-02
    endloop
  endfacet
  facet normal 1.977277e-01 -8.084611e-01 5.543414e-01
    outer loop
      vertex   1.225023e-02 -3.698911e-02 -8.903553e-02
      vertex   1.190947e-02 -3.596021e-02 -8.741342e-02
      vertex   6.204269e-03 -3.846779e-02 -8.903553e-02
    endloop
  endfacet
  facet normal 1.977277e-01 -8.084611e-01 5.543414e-01
    outer loop
      vertex   6.204269e-03 -3.846779e-02 -8.903553e-02
      vertex   1.190947e-02 -3.596021e-02 -8.741342e-02
      vertex   6.031687e-03 -3.739775e-02 -8.741342e-02
    endloop
  endfacet
  facet normal 6.647463e-02 -8.296305e-01 5.543414e-01
    outer loop
      vertex   6.204269e-03 -3.846779e-02 -8.903553e-02
      vertex   6.031687e-03 -3.739775e-02 -8.741342e-02
      vertex   -1.491781e-17 -3.896491e-02 -8.903553e-02
    endloop
  endfacet
  facet normal 6.647463e-02 -8.296305e-01 5.543414e-01
    outer loop
      vertex   -1.491781e-17 -3.896491e-02 -8.903553e-02
      vertex   6.031687e-03 -3.739775e-02 -8.741342e-02
      vertex   -1.450285e-17 -3.788105e-02 -8.741342e-02
    endloop
  endfacet
  facet normal -6.647463e-02 -8.296305e-01 5.543414e-01
    outer loop
      vertex   -1.491781e-17 -3.896491e-02 -8.903553e-02
      vertex   -1.450285e-17 -3.788105e-02 -8.741342e-02
      vertex   -6.204269e-03 -3.846779e-02 -8.903553e-02
    endloop
  endfacet
  facet normal -6.647463e-02 -8.296305e-01 5.543414e-01
    outer loop
      vertex   -6.204269e-03 -3.846779e-02 -8.903553e-02
      vertex   -1.450285e-17 -3.788105e-02 -8.741342e-02
      vertex   -6.031687e-03 -3.739775e-02 -8.741342e-02
    endloop
  endfacet
  facet normal -1.977277e-01 -8.084611e-01 5.543414e-01
    outer loop
      vertex   -6.204269e-03 -3.846779e-02 -8.903553e-02
      vertex   -6.031687e-03 -3.739775e-02 -8.741342e-02
      vertex   -1.225023e-02 -3.698911e-02 -8.903553e-02
    endloop
  endfacet
  facet normal -1.977277e-01 -8.084611e-01 5.543414e-01
    outer loop
      vertex   -1.225023e-02 -3.698911e-02 -8.903553e-02
      vertex   -6.031687e-03 -3.739775e-02 -8.741342e-02
      vertex   -1.190947e-02 -3.596021e-02 -8.741342e-02
    endloop
  endfacet
  facet normal 3.614139e-01 -8.735016e-01 3.261518e-01
    outer loop
      vertex   1.706615e-02 -3.385187e-02 -8.748105e-02
      vertex   1.724489e-02 -3.341786e-02 -8.651676e-02
      vertex   1.190947e-02 -3.596021e-02 -8.741342e-02
    endloop
  endfacet
  facet normal 3.951755e-01 -8.978331e-01 1.942473e-01
    outer loop
      vertex   1.190947e-02 -3.596021e-02 -8.741342e-02
      vertex   1.724489e-02 -3.341786e-02 -8.651676e-02
      vertex   1.178981e-02 -3.559891e-02 -8.550000e-02
    endloop
  endfacet
  facet normal 2.330343e-01 -9.528213e-01 1.944907e-01
    outer loop
      vertex   1.190947e-02 -3.596021e-02 -8.741342e-02
      vertex   1.178981e-02 -3.559891e-02 -8.550000e-02
      vertex   6.031687e-03 -3.739775e-02 -8.741342e-02
    endloop
  endfacet
  facet normal 2.330343e-01 -9.528213e-01 1.944907e-01
    outer loop
      vertex   6.031687e-03 -3.739775e-02 -8.741342e-02
      vertex   1.178981e-02 -3.559891e-02 -8.550000e-02
      vertex   5.971084e-03 -3.702201e-02 -8.550000e-02
    endloop
  endfacet
  facet normal 7.834445e-02 -9.777707e-01 1.944907e-01
    outer loop
      vertex   6.031687e-03 -3.739775e-02 -8.741342e-02
      vertex   5.971084e-03 -3.702201e-02 -8.550000e-02
      vertex   -1.450285e-17 -3.788105e-02 -8.741342e-02
    endloop
  endfacet
  facet normal 7.834445e-02 -9.777707e-01 1.944907e-01
    outer loop
      vertex   -1.450285e-17 -3.788105e-02 -8.741342e-02
      vertex   5.971084e-03 -3.702201e-02 -8.550000e-02
      vertex   -1.019380e-17 -3.750044e-02 -8.550000e-02
    endloop
  endfacet
  facet normal -7.834445e-02 -9.777707e-01 1.944907e-01
    outer loop
      vertex   -1.450285e-17 -3.788105e-02 -8.741342e-02
      vertex   -1.019380e-17 -3.750044e-02 -8.550000e-02
      vertex   -6.031687e-03 -3.739775e-02 -8.741342e-02
    endloop
  endfacet
  facet normal -7.834445e-02 -9.777707e-01 1.944907e-01
    outer loop
      vertex   -6.031687e-03 -3.739775e-02 -8.741342e-02
      vertex   -1.019380e-17 -3.750044e-02 -8.550000e-02
      vertex   -5.971084e-03 -3.702201e-02 -8.550000e-02
    endloop
  endfacet
  facet normal -2.330343e-01 -9.528213e-01 1.944907e-01
    outer loop
      vertex   -6.031687e-03 -3.739775e-02 -8.741342e-02
      vertex   -5.971084e-03 -3.702201e-02 -8.550000e-02
      vertex   -1.190947e-02 -3.596021e-02 -8.741342e-02
    endloop
  endfacet
  facet normal -2.330343e-01 -9.528213e-01 1.944907e-01
    outer loop
      vertex   -1.190947e-02 -3.596021e-02 -8.741342e-02
      vertex   -5.971084e-03 -3.702201e-02 -8.550000e-02
      vertex   -1.178981e-02 -3.559891e-02 -8.550000e-02
    endloop
  endfacet
  facet normal 3.867819e-01 -9.154024e-01 1.115268e-01
    outer loop
      vertex   1.724489e-02 -3.341786e-02 -8.651676e-02
      vertex   1.730769e-02 -3.326745e-02 -8.550000e-02
      vertex   1.178981e-02 -3.559891e-02 -8.550000e-02
    endloop
  endfacet
  facet normal 0.000000e+00 -1.000000e+00 0.000000e+00
    outer loop
      vertex   -2.017852e-02 -6.750044e-02 -1.170230e-01
      vertex   -4.427280e-03 -6.750044e-02 -1.401764e-01
      vertex   -1.500000e-02 -6.750044e-02 -1.136686e-01
    endloop
  endfacet
  facet normal 0.000000e+00 -1.000000e+00 0.000000e+00
    outer loop
      vertex   -1.500000e-02 -6.750044e-02 -1.136686e-01
      vertex   -4.427280e-03 -6.750044e-02 -1.401764e-01
      vertex   -2.840324e-03 -6.750044e-02 -1.383851e-01
    endloop
  endfacet
  facet normal 0.000000e+00 -1.000000e+00 0.000000e+00
    outer loop
      vertex   -1.500000e-02 -6.750044e-02 -1.136686e-01
      vertex   -2.840324e-03 -6.750044e-02 -1.383851e-01
      vertex   -6.026834e-04 -6.750044e-02 -1.375365e-01
    endloop
  endfacet
  facet normal 0.000000e+00 -1.000000e+00 -0.000000e+00
    outer loop
      vertex   -2.017852e-02 -6.750044e-02 -1.170230e-01
      vertex   -2.462978e-02 -6.750044e-02 -1.212957e-01
      vertex   -4.427280e-03 -6.750044e-02 -1.401764e-01
    endloop
  endfacet
  facet normal 0.000000e+00 -1.000000e+00 0.000000e+00
    outer loop
      vertex   -4.427280e-03 -6.750044e-02 -1.401764e-01
      vertex   -2.462978e-02 -6.750044e-02 -1.212957e-01
      vertex   -2.819333e-02 -6.750044e-02 -1.263326e-01
    endloop
  endfacet
  facet normal -0.000000e+00 -1.000000e+00 0.000000e+00
    outer loop
      vertex   -4.427280e-03 -6.750044e-02 -1.401764e-01
      vertex   -2.819333e-02 -6.750044e-02 -1.263326e-01
      vertex   -5.000000e-03 -6.750044e-02 -1.425000e-01
    endloop
  endfacet
  facet normal 0.000000e+00 -1.000000e+00 0.000000e+00
    outer loop
      vertex   -5.000000e-03 -6.750044e-02 -1.425000e-01
      vertex   -2.819333e-02 -6.750044e-02 -1.263326e-01
      vertex   -3.074074e-02 -6.750044e-02 -1.319522e-01
    endloop
  endfacet
  facet normal 0.000000e+00 -1.000000e+00 0.000000e+00
    outer loop
      vertex   -5.000000e-03 -6.750044e-02 -1.425000e-01
      vertex   -3.074074e-02 -6.750044e-02 -1.319522e-01
      vertex   -3.218019e-02 -6.750044e-02 -1.379519e-01
    endloop
  endfacet
  facet normal 0.000000e+00 -1.000000e+00 -0.000000e+00
    outer loop
      vertex   -3.218019e-02 -6.750044e-02 -1.379519e-01
      vertex   -3.245982e-02 -6.750044e-02 -1.441156e-01
      vertex   -5.000000e-03 -6.750044e-02 -1.425000e-01
    endloop
  endfacet
  facet normal 0.000000e+00 -1.000000e+00 0.000000e+00
    outer loop
      vertex   -5.000000e-03 -6.750044e-02 -1.425000e-01
      vertex   -3.245982e-02 -6.750044e-02 -1.441156e-01
      vertex   -3.156953e-02 -6.750044e-02 -1.502211e-01
    endloop
  endfacet
  facet normal 0.000000e+00 -1.000000e+00 0.000000e+00
    outer loop
      vertex   -5.000000e-03 -6.750044e-02 -1.425000e-01
      vertex   -3.156953e-02 -6.750044e-02 -1.502211e-01
      vertex   -2.954142e-02 -6.750044e-02 -1.560482e-01
    endloop
  endfacet
  facet normal 0.000000e+00 -1.000000e+00 -0.000000e+00
    outer loop
      vertex   -5.000000e-03 -6.750044e-02 -1.425000e-01
      vertex   -2.954142e-02 -6.750044e-02 -1.560482e-01
      vertex   -4.427280e-03 -6.750044e-02 -1.448236e-01
    endloop
  endfacet
  facet normal 0.000000e+00 -1.000000e+00 0.000000e+00
    outer loop
      vertex   -4.427280e-03 -6.750044e-02 -1.448236e-01
      vertex   -2.954142e-02 -6.750044e-02 -1.560482e-01
      vertex   -2.644858e-02 -6.750044e-02 -1.613871e-01
    endloop
  endfacet
  facet normal 0.000000e+00 -1.000000e+00 0.000000e+00
    outer loop
      vertex   -4.427280e-03 -6.750044e-02 -1.448236e-01
      vertex   -2.644858e-02 -6.750044e-02 -1.613871e-01
      vertex   -2.240249e-02 -6.750044e-02 -1.660452e-01
    endloop
  endfacet
  facet normal 0.000000e+00 -1.000000e+00 0.000000e+00
    outer loop
      vertex   -2.240249e-02 -6.750044e-02 -1.660452e-01
      vertex   -1.754897e-02 -6.750044e-02 -1.698548e-01
      vertex   -4.427280e-03 -6.750044e-02 -1.448236e-01
    endloop
  endfacet
  facet normal 0.000000e+00 -1.000000e+00 -0.000000e+00
    outer loop
      vertex   -4.427280e-03 -6.750044e-02 -1.448236e-01
      vertex   -1.754897e-02 -6.750044e-02 -1.698548e-01
      vertex   -2.840324e-03 -6.750044e-02 -1.466149e-01
    endloop
  endfacet
  facet normal 0.000000e+00 -1.000000e+00 0.000000e+00
    outer loop
      vertex   -2.840324e-03 -6.750044e-02 -1.466149e-01
      vertex   -1.754897e-02 -6.750044e-02 -1.698548e-01
      vertex   -1.206295e-02 -6.750044e-02 -1.726784e-01
    endloop
  endfacet
  facet normal 0.000000e+00 -1.000000e+00 0.000000e+00
    outer loop
      vertex   -2.840324e-03 -6.750044e-02 -1.466149e-01
      vertex   -1.206295e-02 -6.750044e-02 -1.726784e-01
      vertex   -6.142163e-03 -6.750044e-02 -1.744143e-01
    endloop
  endfacet
  facet normal 0.000000e+00 -1.000000e+00 -0.000000e+00
    outer loop
      vertex   -2.840324e-03 -6.750044e-02 -1.466149e-01
      vertex   -6.142163e-03 -6.750044e-02 -1.744143e-01
      vertex   -6.026834e-04 -6.750044e-02 -1.474635e-01
    endloop
  endfacet
  facet normal 0.000000e+00 -1.000000e+00 -0.000000e+00
    outer loop
      vertex   -6.026834e-04 -6.750044e-02 -1.474635e-01
      vertex   -6.142163e-03 -6.750044e-02 -1.744143e-01
      vertex   4.482644e-18 -6.750044e-02 -1.750000e-01
    endloop
  endfacet
  facet normal 0.000000e+00 -1.000000e+00 0.000000e+00
    outer loop
      vertex   -6.026834e-04 -6.750044e-02 -1.474635e-01
      vertex   4.482644e-18 -6.750044e-02 -1.750000e-01
      vertex   1.773024e-03 -6.750044e-02 -1.471751e-01
    endloop
  endfacet
  facet normal 0.000000e+00 -1.000000e+00 -0.000000e+00
    outer loop
      vertex   1.773024e-03 -6.750044e-02 -1.471751e-01
      vertex   4.482644e-18 -6.750044e-02 -1.750000e-01
      vertex   6.142163e-03 -6.750044e-02 -1.744143e-01
    endloop
  endfacet
  facet normal 0.000000e+00 -1.000000e+00 0.000000e+00
    outer loop
      vertex   1.773024e-03 -6.750044e-02 -1.471751e-01
      vertex   6.142163e-03 -6.750044e-02 -1.744143e-01
      vertex   1.206295e-02 -6.750044e-02 -1.726784e-01
    endloop
  endfacet
  facet normal 0.000000e+00 -1.000000e+00 0.000000e+00
    outer loop
      vertex   1.773024e-03 -6.750044e-02 -1.471751e-01
      vertex   1.206295e-02 -6.750044e-02 -1.726784e-01
      vertex   3.742554e-03 -6.750044e-02 -1.458156e-01
    endloop
  endfacet
  facet normal 0.000000e+00 -1.000000e+00 0.000000e+00
    outer loop
      vertex   3.742554e-03 -6.750044e-02 -1.458156e-01
      vertex   1.206295e-02 -6.750044e-02 -1.726784e-01
      vertex   1.754897e-02 -6.750044e-02 -1.698548e-01
    endloop
  endfacet
  facet normal 0.000000e+00 -1.000000e+00 0.000000e+00
    outer loop
      vertex   3.742554e-03 -6.750044e-02 -1.458156e-01
      vertex   1.754897e-02 -6.750044e-02 -1.698548e-01
      vertex   2.240249e-02 -6.750044e-02 -1.660452e-01
    endloop
  endfacet
  facet normal 0.000000e+00 -1.000000e+00 0.000000e+00
    outer loop
      vertex   3.742554e-03 -6.750044e-02 -1.458156e-01
      vertex   2.240249e-02 -6.750044e-02 -1.660452e-01
      vertex   4.854709e-03 -6.750044e-02 -1.436966e-01
    endloop
  endfacet
  facet normal 0.000000e+00 -1.000000e+00 0.000000e+00
    outer loop
      vertex   4.854709e-03 -6.750044e-02 -1.436966e-01
      vertex   2.240249e-02 -6.750044e-02 -1.660452e-01
      vertex   2.644858e-02 -6.750044e-02 -1.613871e-01
    endloop
  endfacet
  facet normal 0.000000e+00 -1.000000e+00 0.000000e+00
    outer loop
      vertex   4.854709e-03 -6.750044e-02 -1.436966e-01
      vertex   2.644858e-02 -6.750044e-02 -1.613871e-01
      vertex   2.954142e-02 -6.750044e-02 -1.560482e-01
    endloop
  endfacet
  facet normal 0.000000e+00 -1.000000e+00 0.000000e+00
    outer loop
      vertex   2.954142e-02 -6.750044e-02 -1.560482e-01
      vertex   3.156953e-02 -6.750044e-02 -1.502211e-01
      vertex   4.854709e-03 -6.750044e-02 -1.436966e-01
    endloop
  endfacet
  facet normal 0.000000e+00 -1.000000e+00 0.000000e+00
    outer loop
      vertex   4.854709e-03 -6.750044e-02 -1.436966e-01
      vertex   3.156953e-02 -6.750044e-02 -1.502211e-01
      vertex   3.245982e-02 -6.750044e-02 -1.441156e-01
    endloop
  endfacet
  facet normal 0.000000e+00 -1.000000e+00 0.000000e+00
    outer loop
      vertex   4.854709e-03 -6.750044e-02 -1.436966e-01
      vertex   3.245982e-02 -6.750044e-02 -1.441156e-01
      vertex   4.854709e-03 -6.750044e-02 -1.413034e-01
    endloop
  endfacet
  facet normal 0.000000e+00 -1.000000e+00 0.000000e+00
    outer loop
      vertex   4.854709e-03 -6.750044e-02 -1.413034e-01
      vertex   3.245982e-02 -6.750044e-02 -1.441156e-01
      vertex   3.218019e-02 -6.750044e-02 -1.379519e-01
    endloop
  endfacet
  facet normal 0.000000e+00 -1.000000e+00 0.000000e+00
    outer loop
      vertex   4.854709e-03 -6.750044e-02 -1.413034e-01
      vertex   3.218019e-02 -6.750044e-02 -1.379519e-01
      vertex   3.074074e-02 -6.750044e-02 -1.319522e-01
    endloop
  endfacet
  facet normal -0.000000e+00 -1.000000e+00 0.000000e+00
    outer loop
      vertex   3.074074e-02 -6.750044e-02 -1.319522e-01
      vertex   2.819333e-02 -6.750044e-02 -1.263326e-01
      vertex   4.854709e-03 -6.750044e-02 -1.413034e-01
    endloop
  endfacet
  facet normal 0.000000e+00 -1.000000e+00 0.000000e+00
    outer loop
      vertex   4.854709e-03 -6.750044e-02 -1.413034e-01
      vertex   2.819333e-02 -6.750044e-02 -1.263326e-01
      vertex   2.462978e-02 -6.750044e-02 -1.212957e-01
    endloop
  endfacet
  facet normal 0.000000e+00 -1.000000e+00 0.000000e+00
    outer loop
      vertex   4.854709e-03 -6.750044e-02 -1.413034e-01
      vertex   2.462978e-02 -6.750044e-02 -1.212957e-01
      vertex   3.742554e-03 -6.750044e-02 -1.391844e-01
    endloop
  endfacet
  facet normal 0.000000e+00 -1.000000e+00 0.000000e+00
    outer loop
      vertex   3.742554e-03 -6.750044e-02 -1.391844e-01
      vertex   2.462978e-02 -6.750044e-02 -1.212957e-01
      vertex   2.017852e-02 -6.750044e-02 -1.170230e-01
    endloop
  endfacet
  facet normal 0.000000e+00 -1.000000e+00 0.000000e+00
    outer loop
      vertex   3.742554e-03 -6.750044e-02 -1.391844e-01
      vertex   2.017852e-02 -6.750044e-02 -1.170230e-01
      vertex   1.500000e-02 -6.750044e-02 -1.136686e-01
    endloop
  endfacet
  facet normal -0.000000e+00 -1.000000e+00 -0.000000e+00
    outer loop
      vertex   1.500000e-02 -6.750044e-02 -9.550000e-02
      vertex   -1.500000e-02 -6.750044e-02 -9.550000e-02
      vertex   1.500000e-02 -6.750044e-02 -1.136686e-01
    endloop
  endfacet
  facet normal 0.000000e+00 -1.000000e+00 0.000000e+00
    outer loop
      vertex   1.500000e-02 -6.750044e-02 -1.136686e-01
      vertex   -1.500000e-02 -6.750044e-02 -9.550000e-02
      vertex   -1.500000e-02 -6.750044e-02 -1.136686e-01
    endloop
  endfacet
  facet normal -0.000000e+00 -1.000000e+00 0.000000e+00
    outer loop
      vertex   1.500000e-02 -6.750044e-02 -1.136686e-01
      vertex   -1.500000e-02 -6.750044e-02 -1.136686e-01
      vertex   -6.026834e-04 -6.750044e-02 -1.375365e-01
    endloop
  endfacet
  facet normal 0.000000e+00 -1.000000e+00 0.000000e+00
    outer loop
      vertex   -6.026834e-04 -6.750044e-02 -1.375365e-01
      vertex   1.773024e-03 -6.750044e-02 -1.378249e-01
      vertex   1.500000e-02 -6.750044e-02 -1.136686e-01
    endloop
  endfacet
  facet normal 0.000000e+00 -1.000000e+00 0.000000e+00
    outer loop
      vertex   1.500000e-02 -6.750044e-02 -1.136686e-01
      vertex   1.773024e-03 -6.750044e-02 -1.378249e-01
      vertex   3.742554e-03 -6.750044e-02 -1.391844e-01
    endloop
  endfacet
  facet normal 5.665709e-04 -9.999995e-01 8.746688e-04
    outer loop
      vertex   1.500000e-02 -6.750044e-02 -1.136686e-01
      vertex   2.017852e-02 -6.750044e-02 -1.170230e-01
      vertex   1.501097e-02 -6.750043e-02 -1.136619e-01
    endloop
  endfacet
  facet normal 9.659849e-02 -9.841800e-01 1.485208e-01
    outer loop
      vertex   1.501097e-02 -6.750043e-02 -1.136619e-01
      vertex   2.017852e-02 -6.750044e-02 -1.170230e-01
      vertex   1.680616e-02 -6.716283e-02 -1.125924e-01
    endloop
  endfacet
  facet normal 1.101154e-01 -9.811863e-01 1.585811e-01
    outer loop
      vertex   1.680616e-02 -6.716283e-02 -1.125924e-01
      vertex   2.017852e-02 -6.750044e-02 -1.170230e-01
      vertex   2.102287e-02 -6.711984e-02 -1.152544e-01
    endloop
  endfacet
  facet normal 2.841829e-01 -8.537115e-01 4.363677e-01
    outer loop
      vertex   1.680616e-02 -6.716283e-02 -1.125924e-01
      vertex   2.102287e-02 -6.711984e-02 -1.152544e-01
      vertex   1.841223e-02 -6.615517e-02 -1.116669e-01
    endloop
  endfacet
  facet normal 3.188031e-01 -8.311915e-01 4.555055e-01
    outer loop
      vertex   1.841223e-02 -6.615517e-02 -1.116669e-01
      vertex   2.102287e-02 -6.711984e-02 -1.152544e-01
      vertex   2.201380e-02 -6.603598e-02 -1.139702e-01
    endloop
  endfacet
  facet normal 4.492244e-01 -5.887457e-01 6.719940e-01
    outer loop
      vertex   1.841223e-02 -6.615517e-02 -1.116669e-01
      vertex   2.201380e-02 -6.603598e-02 -1.139702e-01
      vertex   1.956942e-02 -6.453035e-02 -1.110170e-01
    endloop
  endfacet
  facet normal 4.792481e-01 -5.552136e-01 6.797493e-01
    outer loop
      vertex   1.956942e-02 -6.453035e-02 -1.110170e-01
      vertex   2.201380e-02 -6.603598e-02 -1.139702e-01
      vertex   2.267593e-02 -6.441386e-02 -1.131120e-01
    endloop
  endfacet
  facet normal 5.518965e-01 -2.118072e-01 8.065656e-01
    outer loop
      vertex   1.956942e-02 -6.453035e-02 -1.110170e-01
      vertex   2.267593e-02 -6.441386e-02 -1.131120e-01
      vertex   2.000000e-02 -6.250044e-02 -1.107786e-01
    endloop
  endfacet
  facet normal 6.019087e-01 -1.208846e-01 7.893623e-01
    outer loop
      vertex   2.000000e-02 -6.250044e-02 -1.107786e-01
      vertex   2.267593e-02 -6.441386e-02 -1.131120e-01
      vertex   2.529693e-02 -6.250044e-02 -1.148176e-01
    endloop
  endfacet
  facet normal 6.543643e-01 -2.650926e-01 7.081902e-01
    outer loop
      vertex   2.529693e-02 -6.250044e-02 -1.148176e-01
      vertex   2.267593e-02 -6.441386e-02 -1.131120e-01
      vertex   2.750760e-02 -6.441386e-02 -1.175765e-01
    endloop
  endfacet
  facet normal 7.320781e-01 -1.208419e-01 6.704170e-01
    outer loop
      vertex   2.529693e-02 -6.250044e-02 -1.148176e-01
      vertex   2.750760e-02 -6.441386e-02 -1.175765e-01
      vertex   2.979567e-02 -6.250044e-02 -1.197301e-01
    endloop
  endfacet
  facet normal 7.690947e-01 -2.651307e-01 5.815488e-01
    outer loop
      vertex   2.979567e-02 -6.250044e-02 -1.197301e-01
      vertex   2.750760e-02 -6.441386e-02 -1.175765e-01
      vertex   3.147531e-02 -6.441386e-02 -1.228238e-01
    endloop
  endfacet
  facet normal 8.391491e-01 -1.208024e-01 5.303164e-01
    outer loop
      vertex   2.979567e-02 -6.250044e-02 -1.197301e-01
      vertex   3.147531e-02 -6.441386e-02 -1.228238e-01
      vertex   3.335427e-02 -6.250044e-02 -1.253611e-01
    endloop
  endfacet
  facet normal 8.596675e-01 -2.651659e-01 4.366451e-01
    outer loop
      vertex   3.335427e-02 -6.250044e-02 -1.253611e-01
      vertex   3.147531e-02 -6.441386e-02 -1.228238e-01
      vertex   3.445441e-02 -6.441386e-02 -1.286890e-01
    endloop
  endfacet
  facet normal 9.197431e-01 -1.207660e-01 3.734812e-01
    outer loop
      vertex   3.335427e-02 -6.250044e-02 -1.253611e-01
      vertex   3.445441e-02 -6.441386e-02 -1.286890e-01
      vertex   3.586044e-02 -6.250044e-02 -1.315328e-01
    endloop
  endfacet
  facet normal 9.232384e-01 -2.651981e-01 2.780302e-01
    outer loop
      vertex   3.586044e-02 -6.250044e-02 -1.315328e-01
      vertex   3.445441e-02 -6.441386e-02 -1.286890e-01
      vertex   3.635135e-02 -6.441386e-02 -1.349881e-01
    endloop
  endfacet
  facet normal 9.713166e-01 -1.207327e-01 2.048600e-01
    outer loop
      vertex   3.586044e-02 -6.250044e-02 -1.315328e-01
      vertex   3.635135e-02 -6.441386e-02 -1.349881e-01
      vertex   3.723510e-02 -6.250044e-02 -1.380506e-01
    endloop
  endfacet
  facet normal 9.578116e-01 -2.652274e-01 1.106859e-01
    outer loop
      vertex   3.723510e-02 -6.250044e-02 -1.380506e-01
      vertex   3.635135e-02 -6.441386e-02 -1.349881e-01
      vertex   3.710654e-02 -6.441386e-02 -1.415231e-01
    endloop
  endfacet
  facet normal 9.922421e-01 -1.207027e-01 2.977352e-02
    outer loop
      vertex   3.723510e-02 -6.250044e-02 -1.380506e-01
      vertex   3.710654e-02 -6.441386e-02 -1.415231e-01
      vertex   3.743489e-02 -6.250044e-02 -1.447088e-01
    endloop
  endfacet
  facet normal 9.623017e-01 -2.652538e-01 -6.013217e-02
    outer loop
      vertex   3.743489e-02 -6.250044e-02 -1.447088e-01
      vertex   3.710654e-02 -6.441386e-02 -1.415231e-01
      vertex   3.669626e-02 -6.441386e-02 -1.480887e-01
    endloop
  endfacet
  facet normal 9.818591e-01 -1.206758e-01 -1.462537e-01
    outer loop
      vertex   3.743489e-02 -6.250044e-02 -1.447088e-01
      vertex   3.669626e-02 -6.441386e-02 -1.480887e-01
      vertex   3.645350e-02 -6.250044e-02 -1.512973e-01
    endloop
  endfacet
  facet normal 9.365681e-01 -2.652772e-01 -2.290592e-01
    outer loop
      vertex   3.645350e-02 -6.250044e-02 -1.512973e-01
      vertex   3.669626e-02 -6.441386e-02 -1.480887e-01
      vertex   3.513341e-02 -6.441386e-02 -1.544789e-01
    endloop
  endfacet
  facet normal 9.404949e-01 -1.206520e-01 -3.176672e-01
    outer loop
      vertex   3.645350e-02 -6.250044e-02 -1.512973e-01
      vertex   3.513341e-02 -6.441386e-02 -1.544789e-01
      vertex   3.432189e-02 -6.250044e-02 -1.576082e-01
    endloop
  endfacet
  facet normal 8.814195e-01 -2.652977e-01 -3.907899e-01
    outer loop
      vertex   3.432189e-02 -6.250044e-02 -1.576082e-01
      vertex   3.513341e-02 -6.441386e-02 -1.544789e-01
      vertex   3.246706e-02 -6.441386e-02 -1.604928e-01
    endloop
  endfacet
  facet normal 8.694546e-01 -1.206315e-01 -4.790581e-01
    outer loop
      vertex   3.432189e-02 -6.250044e-02 -1.576082e-01
      vertex   3.246706e-02 -6.441386e-02 -1.604928e-01
      vertex   3.110732e-02 -6.250044e-02 -1.634424e-01
    endloop
  endfacet
  facet normal 7.985882e-01 -2.653153e-01 -5.402450e-01
    outer loop
      vertex   3.110732e-02 -6.250044e-02 -1.634424e-01
      vertex   3.246706e-02 -6.441386e-02 -1.604928e-01
      vertex   2.878097e-02 -6.441386e-02 -1.659415e-01
    endloop
  endfacet
  facet normal 7.709798e-01 -1.206141e-01 -6.253338e-01
    outer loop
      vertex   3.110732e-02 -6.250044e-02 -1.634424e-01
      vertex   2.878097e-02 -6.441386e-02 -1.659415e-01
      vertex   2.691122e-02 -6.250044e-02 -1.686158e-01
    endloop
  endfacet
  facet normal 6.906758e-01 -2.653299e-01 -6.727309e-01
    outer loop
      vertex   2.691122e-02 -6.250044e-02 -1.686158e-01
      vertex   2.878097e-02 -6.441386e-02 -1.659415e-01
      vertex   2.419090e-02 -6.441386e-02 -1.706540e-01
    endloop
  endfacet
  facet normal 6.481775e-01 -1.205998e-01 -7.518787e-01
    outer loop
      vertex   2.691122e-02 -6.250044e-02 -1.686158e-01
      vertex   2.419090e-02 -6.441386e-02 -1.706540e-01
      vertex   2.186599e-02 -6.250044e-02 -1.729652e-01
    endloop
  endfacet
  facet normal 5.610717e-01 -2.653417e-01 -7.840869e-01
    outer loop
      vertex   2.186599e-02 -6.250044e-02 -1.729652e-01
      vertex   2.419090e-02 -6.441386e-02 -1.706540e-01
      vertex   1.884103e-02 -6.441386e-02 -1.744823e-01
    endloop
  endfacet
  facet normal 5.049226e-01 -1.205888e-01 -8.546997e-01
    outer loop
      vertex   2.186599e-02 -6.250044e-02 -1.729652e-01
      vertex   1.884103e-02 -6.441386e-02 -1.744823e-01
      vertex   1.613083e-02 -6.250044e-02 -1.763533e-01
    endloop
  endfacet
  facet normal 4.138464e-01 -2.653504e-01 -8.708159e-01
    outer loop
      vertex   1.613083e-02 -6.250044e-02 -1.763533e-01
      vertex   1.884103e-02 -6.441386e-02 -1.744823e-01
      vertex   1.289939e-02 -6.441386e-02 -1.773060e-01
    endloop
  endfacet
  facet normal 3.457354e-01 -1.205808e-01 -9.305522e-01
    outer loop
      vertex   1.613083e-02 -6.250044e-02 -1.763533e-01
      vertex   1.289939e-02 -6.441386e-02 -1.773060e-01
      vertex   9.886687e-03 -6.250044e-02 -1.786732e-01
    endloop
  endfacet
  facet normal 2.536237e-01 -2.653563e-01 -9.301941e-01
    outer loop
      vertex   9.886687e-03 -6.250044e-02 -1.786732e-01
      vertex   1.289939e-02 -6.441386e-02 -1.773060e-01
      vertex   6.552601e-03 -6.441386e-02 -1.790365e-01
    endloop
  endfacet
  facet normal 1.756387e-01 -1.205761e-01 -9.770427e-01
    outer loop
      vertex   9.886687e-03 -6.250044e-02 -1.786732e-01
      vertex   6.552601e-03 -6.441386e-02 -1.790365e-01
      vertex   3.330592e-03 -6.250044e-02 -1.798518e-01
    endloop
  endfacet
  facet normal 8.543563e-02 -2.653592e-01 -9.603568e-01
    outer loop
      vertex   3.330592e-03 -6.250044e-02 -1.798518e-01
      vertex   6.552601e-03 -6.441386e-02 -1.790365e-01
      vertex   4.545815e-18 -6.441386e-02 -1.796194e-01
    endloop
  endfacet
  facet normal -0.000000e+00 -1.205745e-01 -9.927043e-01
    outer loop
      vertex   3.330592e-03 -6.250044e-02 -1.798518e-01
      vertex   4.545815e-18 -6.441386e-02 -1.796194e-01
      vertex   -3.330592e-03 -6.250044e-02 -1.798518e-01
    endloop
  endfacet
  facet normal -8.543563e-02 -2.653592e-01 -9.603568e-01
    outer loop
      vertex   -3.330592e-03 -6.250044e-02 -1.798518e-01
      vertex   4.545815e-18 -6.441386e-02 -1.796194e-01
      vertex   -6.552601e-03 -6.441386e-02 -1.790365e-01
    endloop
  endfacet
  facet normal -1.756387e-01 -1.205761e-01 -9.770427e-01
    outer loop
      vertex   -3.330592e-03 -6.250044e-02 -1.798518e-01
      vertex   -6.552601e-03 -6.441386e-02 -1.790365e-01
      vertex   -9.886687e-03 -6.250044e-02 -1.786732e-01
    endloop
  endfacet
  facet normal -2.536237e-01 -2.653563e-01 -9.301941e-01
    outer loop
      vertex   -9.886687e-03 -6.250044e-02 -1.786732e-01
      vertex   -6.552601e-03 -6.441386e-02 -1.790365e-01
      vertex   -1.289939e-02 -6.441386e-02 -1.773060e-01
    endloop
  endfacet
  facet normal -3.457354e-01 -1.205808e-01 -9.305522e-01
    outer loop
      vertex   -9.886687e-03 -6.250044e-02 -1.786732e-01
      vertex   -1.289939e-02 -6.441386e-02 -1.773060e-01
      vertex   -1.613083e-02 -6.250044e-02 -1.763533e-01
    endloop
  endfacet
  facet normal -4.138464e-01 -2.653504e-01 -8.708159e-01
    outer loop
      vertex   -1.613083e-02 -6.250044e-02 -1.763533e-01
      vertex   -1.289939e-02 -6.441386e-02 -1.773060e-01
      vertex   -1.884103e-02 -6.441386e-02 -1.744823e-01
    endloop
  endfacet
  facet normal -5.049226e-01 -1.205888e-01 -8.546997e-01
    outer loop
      vertex   -1.613083e-02 -6.250044e-02 -1.763533e-01
      vertex   -1.884103e-02 -6.441386e-02 -1.744823e-01
      vertex   -2.186599e-02 -6.250044e-02 -1.729652e-01
    endloop
  endfacet
  facet normal -5.610717e-01 -2.653417e-01 -7.840869e-01
    outer loop
      vertex   -2.186599e-02 -6.250044e-02 -1.729652e-01
      vertex   -1.884103e-02 -6.441386e-02 -1.744823e-01
      vertex   -2.419090e-02 -6.441386e-02 -1.706540e-01
    endloop
  endfacet
  facet normal -6.481775e-01 -1.205998e-01 -7.518787e-01
    outer loop
      vertex   -2.186599e-02 -6.250044e-02 -1.729652e-01
      vertex   -2.419090e-02 -6.441386e-02 -1.706540e-01
      vertex   -2.691122e-02 -6.250044e-02 -1.686158e-01
    endloop
  endfacet
  facet normal -6.906758e-01 -2.653299e-01 -6.727309e-01
    outer loop
      vertex   -2.691122e-02 -6.250044e-02 -1.686158e-01
      vertex   -2.419090e-02 -6.441386e-02 -1.706540e-01
      vertex   -2.878097e-02 -6.441386e-02 -1.659415e-01
    endloop
  endfacet
  facet normal -7.709798e-01 -1.206141e-01 -6.253338e-01
    outer loop
      vertex   -2.691122e-02 -6.250044e-02 -1.686158e-01
      vertex   -2.878097e-02 -6.441386e-02 -1.659415e-01
      vertex   -3.110732e-02 -6.250044e-02 -1.634424e-01
    endloop
  endfacet
  facet normal -7.985882e-01 -2.653153e-01 -5.402450e-01
    outer loop
      vertex   -3.110732e-02 -6.250044e-02 -1.634424e-01
      vertex   -2.878097e-02 -6.441386e-02 -1.659415e-01
      vertex   -3.246706e-02 -6.441386e-02 -1.604928e-01
    endloop
  endfacet
  facet normal -8.694546e-01 -1.206315e-01 -4.790581e-01
    outer loop
      vertex   -3.110732e-02 -6.250044e-02 -1.634424e-01
      vertex   -3.246706e-02 -6.441386e-02 -1.604928e-01
      vertex   -3.432189e-02 -6.250044e-02 -1.576082e-01
    endloop
  endfacet
  facet normal -8.814195e-01 -2.652977e-01 -3.907899e-01
    outer loop
      vertex   -3.432189e-02 -6.250044e-02 -1.576082e-01
      vertex   -3.246706e-02 -6.441386e-02 -1.604928e-01
      vertex   -3.513341e-02 -6.441386e-02 -1.544789e-01
    endloop
  endfacet
  facet normal -9.404949e-01 -1.206520e-01 -3.176672e-01
    outer loop
      vertex   -3.432189e-02 -6.250044e-02 -1.576082e-01
      vertex   -3.513341e-02 -6.441386e-02 -1.544789e-01
      vertex   -3.645350e-02 -6.250044e-02 -1.512973e-01
    endloop
  endfacet
  facet normal -9.365681e-01 -2.652772e-01 -2.290592e-01
    outer loop
      vertex   -3.645350e-02 -6.250044e-02 -1.512973e-01
      vertex   -3.513341e-02 -6.441386e-02 -1.544789e-01
      vertex   -3.669626e-02 -6.441386e-02 -1.480887e-01
    endloop
  endfacet
  facet normal -9.818591e-01 -1.206758e-01 -1.462537e-01
    outer loop
      vertex   -3.645350e-02 -6.250044e-02 -1.512973e-01
      vertex   -3.669626e-02 -6.441386e-02 -1.480887e-01
      vertex   -3.743489e-02 -6.250044e-02 -1.447088e-01
    endloop
  endfacet
  facet normal -9.623017e-01 -2.652538e-01 -6.013217e-02
    outer loop
      vertex   -3.743489e-02 -6.250044e-02 -1.447088e-01
      vertex   -3.669626e-02 -6.441386e-02 -1.480887e-01
      vertex   -3.710654e-02 -6.441386e-02 -1.415231e-01
    endloop
  endfacet
  facet normal -9.922421e-01 -1.207027e-01 2.977352e-02
    outer loop
      vertex   -3.743489e-02 -6.250044e-02 -1.447088e-01
      vertex   -3.710654e-02 -6.441386e-02 -1.415231e-01
      vertex   -3.723510e-02 -6.250044e-02 -1.380506e-01
    endloop
  endfacet
  facet normal -9.578116e-01 -2.652274e-01 1.106859e-01
    outer loop
      vertex   -3.723510e-02 -6.250044e-02 -1.380506e-01
      vertex   -3.710654e-02 -6.441386e-02 -1.415231e-01
      vertex   -3.635135e-02 -6.441386e-02 -1.349881e-01
    endloop
  endfacet
  facet normal -9.713166e-01 -1.207327e-01 2.048600e-01
    outer loop
      vertex   -3.723510e-02 -6.250044e-02 -1.380506e-01
      vertex   -3.635135e-02 -6.441386e-02 -1.349881e-01
      vertex   -3.586044e-02 -6.250044e-02 -1.315328e-01
    endloop
  endfacet
  facet normal -9.232384e-01 -2.651981e-01 2.780302e-01
    outer loop
      vertex   -3.586044e-02 -6.250044e-02 -1.315328e-01
      vertex   -3.635135e-02 -6.441386e-02 -1.349881e-01
      vertex   -3.445441e-02 -6.441386e-02 -1.286890e-01
    endloop
  endfacet
  facet normal -9.197431e-01 -1.207660e-01 3.734812e-01
    outer loop
      vertex   -3.586044e-02 -6.250044e-02 -1.315328e-01
      vertex   -3.445441e-02 -6.441386e-02 -1.286890e-01
      vertex   -3.335427e-02 -6.250044e-02 -1.253611e-01
    endloop
  endfacet
  facet normal -8.596675e-01 -2.651659e-01 4.366451e-01
    outer loop
      vertex   -3.335427e-02 -6.250044e-02 -1.253611e-01
      vertex   -3.445441e-02 -6.441386e-02 -1.286890e-01
      vertex   -3.147531e-02 -6.441386e-02 -1.228238e-01
    endloop
  endfacet
  facet normal -8.391491e-01 -1.208024e-01 5.303164e-01
    outer loop
      vertex   -3.335427e-02 -6.250044e-02 -1.253611e-01
      vertex   -3.147531e-02 -6.441386e-02 -1.228238e-01
      vertex   -2.979567e-02 -6.250044e-02 -1.197301e-01
    endloop
  endfacet
  facet normal -7.690947e-01 -2.651307e-01 5.815488e-01
    outer loop
      vertex   -2.979567e-02 -6.250044e-02 -1.197301e-01
      vertex   -3.147531e-02 -6.441386e-02 -1.228238e-01
      vertex   -2.750760e-02 -6.441386e-02 -1.175765e-01
    endloop
  endfacet
  facet normal -7.320781e-01 -1.208419e-01 6.704170e-01
    outer loop
      vertex   -2.979567e-02 -6.250044e-02 -1.197301e-01
      vertex   -2.750760e-02 -6.441386e-02 -1.175765e-01
      vertex   -2.529693e-02 -6.250044e-02 -1.148176e-01
    endloop
  endfacet
  facet normal -6.543643e-01 -2.650926e-01 7.081902e-01
    outer loop
      vertex   -2.529693e-02 -6.250044e-02 -1.148176e-01
      vertex   -2.750760e-02 -6.441386e-02 -1.175765e-01
      vertex   -2.267593e-02 -6.441386e-02 -1.131120e-01
    endloop
  endfacet
  facet normal -6.019087e-01 -1.208846e-01 7.893623e-01
    outer loop
      vertex   -2.529693e-02 -6.250044e-02 -1.148176e-01
      vertex   -2.267593e-02 -6.441386e-02 -1.131120e-01
      vertex   -2.000000e-02 -6.250044e-02 -1.107786e-01
    endloop
  endfacet
  facet normal -5.518965e-01 -2.118072e-01 8.065656e-01
    outer loop
      vertex   -2.000000e-02 -6.250044e-02 -1.107786e-01
      vertex   -2.267593e-02 -6.441386e-02 -1.131120e-01
      vertex   -1.956942e-02 -6.453035e-02 -1.110170e-01
    endloop
  endfacet
  facet normal -4.792481e-01 -5.552136e-01 6.797493e-01
    outer loop
      vertex   -1.956942e-02 -6.453035e-02 -1.110170e-01
      vertex   -2.267593e-02 -6.441386e-02 -1.131120e-01
      vertex   -2.201380e-02 -6.603598e-02 -1.139702e-01
    endloop
  endfacet
  facet normal -4.492244e-01 -5.887457e-01 6.719940e-01
    outer loop
      vertex   -1.956942e-02 -6.453035e-02 -1.110170e-01
      vertex   -2.201380e-02 -6.603598e-02 -1.139702e-01
      vertex   -1.841223e-02 -6.615517e-02 -1.116669e-01
    endloop
  endfacet
  facet normal -3.188031e-01 -8.311915e-01 4.555055e-01
    outer loop
      vertex   -1.841223e-02 -6.615517e-02 -1.116669e-01
      vertex   -2.201380e-02 -6.603598e-02 -1.139702e-01
      vertex   -2.102287e-02 -6.711984e-02 -1.152544e-01
    endloop
  endfacet
  facet normal -2.841829e-01 -8.537115e-01 4.363677e-01
    outer loop
      vertex   -1.841223e-02 -6.615517e-02 -1.116669e-01
      vertex   -2.102287e-02 -6.711984e-02 -1.152544e-01
      vertex   -1.680616e-02 -6.716283e-02 -1.125924e-01
    endloop
  endfacet
  facet normal -1.101154e-01 -9.811863e-01 1.585811e-01
    outer loop
      vertex   -1.680616e-02 -6.716283e-02 -1.125924e-01
      vertex   -2.102287e-02 -6.711984e-02 -1.152544e-01
      vertex   -2.017852e-02 -6.750044e-02 -1.170230e-01
    endloop
  endfacet
  facet normal -9.659849e-02 -9.841800e-01 1.485208e-01
    outer loop
      vertex   -1.680616e-02 -6.716283e-02 -1.125924e-01
      vertex   -2.017852e-02 -6.750044e-02 -1.170230e-01
      vertex   -1.501097e-02 -6.750043e-02 -1.136619e-01
    endloop
  endfacet
  facet normal -5.665709e-04 -9.999995e-01 8.746688e-04
    outer loop
      vertex   -1.501097e-02 -6.750043e-02 -1.136619e-01
      vertex   -2.017852e-02 -6.750044e-02 -1.170230e-01
      vertex   -1.500000e-02 -6.750044e-02 -1.136686e-01
    endloop
  endfacet
  facet normal 1.352119e-01 -9.799511e-01 1.463340e-01
    outer loop
      vertex   2.102287e-02 -6.711984e-02 -1.152544e-01
      vertex   2.017852e-02 -6.750044e-02 -1.170230e-01
      vertex   2.550232e-02 -6.711984e-02 -1.193934e-01
    endloop
  endfacet
  facet normal 1.309373e-01 -9.819611e-01 1.364106e-01
    outer loop
      vertex   2.550232e-02 -6.711984e-02 -1.193934e-01
      vertex   2.017852e-02 -6.750044e-02 -1.170230e-01
      vertex   2.462978e-02 -6.750044e-02 -1.212957e-01
    endloop
  endfacet
  facet normal 1.612942e-01 -9.793413e-01 1.219621e-01
    outer loop
      vertex   2.550232e-02 -6.711984e-02 -1.193934e-01
      vertex   2.462978e-02 -6.750044e-02 -1.212957e-01
      vertex   2.918078e-02 -6.711984e-02 -1.242581e-01
    endloop
  endfacet
  facet normal 1.523047e-01 -9.824420e-01 1.077540e-01
    outer loop
      vertex   2.918078e-02 -6.711984e-02 -1.242581e-01
      vertex   2.462978e-02 -6.750044e-02 -1.212957e-01
      vertex   2.819333e-02 -6.750044e-02 -1.263326e-01
    endloop
  endfacet
  facet normal 1.825206e-01 -9.788216e-01 9.270647e-02
    outer loop
      vertex   2.918078e-02 -6.711984e-02 -1.242581e-01
      vertex   2.819333e-02 -6.750044e-02 -1.263326e-01
      vertex   3.194271e-02 -6.711984e-02 -1.296958e-01
    endloop
  endfacet
  facet normal 1.681340e-01 -9.828133e-01 7.621654e-02
    outer loop
      vertex   3.194271e-02 -6.711984e-02 -1.296958e-01
      vertex   2.819333e-02 -6.750044e-02 -1.263326e-01
      vertex   3.074074e-02 -6.750044e-02 -1.319522e-01
    endloop
  endfacet
  facet normal 1.979229e-01 -9.784038e-01 5.960383e-02
    outer loop
      vertex   3.194271e-02 -6.711984e-02 -1.296958e-01
      vertex   3.074074e-02 -6.750044e-02 -1.319522e-01
      vertex   3.370136e-02 -6.711984e-02 -1.355357e-01
    endloop
  endfacet
  facet normal 1.781001e-01 -9.830842e-01 4.272963e-02
    outer loop
      vertex   3.370136e-02 -6.711984e-02 -1.355357e-01
      vertex   3.074074e-02 -6.750044e-02 -1.319522e-01
      vertex   3.218019e-02 -6.750044e-02 -1.379519e-01
    endloop
  endfacet
  facet normal 2.067702e-01 -9.780977e-01 2.389462e-02
    outer loop
      vertex   3.370136e-02 -6.711984e-02 -1.355357e-01
      vertex   3.218019e-02 -6.750044e-02 -1.379519e-01
      vertex   3.440150e-02 -6.711984e-02 -1.415943e-01
    endloop
  endfacet
  facet normal 1.820138e-01 -9.832613e-01 8.257328e-03
    outer loop
      vertex   3.440150e-02 -6.711984e-02 -1.415943e-01
      vertex   3.218019e-02 -6.750044e-02 -1.379519e-01
      vertex   3.245982e-02 -6.750044e-02 -1.441156e-01
    endloop
  endfacet
  facet normal 2.086150e-01 -9.779110e-01 -1.303590e-02
    outer loop
      vertex   3.440150e-02 -6.711984e-02 -1.415943e-01
      vertex   3.245982e-02 -6.750044e-02 -1.441156e-01
      vertex   3.402113e-02 -6.711984e-02 -1.476813e-01
    endloop
  endfacet
  facet normal 1.798263e-01 -9.833488e-01 -2.622196e-02
    outer loop
      vertex   3.402113e-02 -6.711984e-02 -1.476813e-01
      vertex   3.245982e-02 -6.750044e-02 -1.441156e-01
      vertex   3.156953e-02 -6.750044e-02 -1.502211e-01
    endloop
  endfacet
  facet normal 2.033227e-01 -9.778482e-01 -4.972723e-02
    outer loop
      vertex   3.402113e-02 -6.711984e-02 -1.476813e-01
      vertex   3.156953e-02 -6.750044e-02 -1.502211e-01
      vertex   3.257221e-02 -6.711984e-02 -1.536056e-01
    endloop
  endfacet
  facet normal 1.716300e-01 -9.833488e-01 -5.973473e-02
    outer loop
      vertex   3.257221e-02 -6.711984e-02 -1.536056e-01
      vertex   3.156953e-02 -6.750044e-02 -1.502211e-01
      vertex   2.954142e-02 -6.750044e-02 -1.560482e-01
    endloop
  endfacet
  facet normal 1.910831e-01 -9.779110e-01 -8.471942e-02
    outer loop
      vertex   3.257221e-02 -6.711984e-02 -1.536056e-01
      vertex   2.954142e-02 -6.750044e-02 -1.560482e-01
      vertex   3.010023e-02 -6.711984e-02 -1.591811e-01
    endloop
  endfacet
  facet normal 1.576571e-01 -9.832613e-01 -9.133163e-02
    outer loop
      vertex   3.010023e-02 -6.711984e-02 -1.591811e-01
      vertex   2.954142e-02 -6.750044e-02 -1.560482e-01
      vertex   2.644858e-02 -6.750044e-02 -1.613871e-01
    endloop
  endfacet
  facet normal 1.724017e-01 -9.780977e-01 -1.166298e-01
    outer loop
      vertex   3.010023e-02 -6.711984e-02 -1.591811e-01
      vertex   2.644858e-02 -6.750044e-02 -1.613871e-01
      vertex   2.668285e-02 -6.711984e-02 -1.642327e-01
    endloop
  endfacet
  facet normal 1.382748e-01 -9.830842e-01 -1.201064e-01
    outer loop
      vertex   2.668285e-02 -6.711984e-02 -1.642327e-01
      vertex   2.644858e-02 -6.750044e-02 -1.613871e-01
      vertex   2.240249e-02 -6.750044e-02 -1.660452e-01
    endloop
  endfacet
  facet normal 1.480719e-01 -9.784038e-01 -1.442248e-01
    outer loop
      vertex   2.668285e-02 -6.711984e-02 -1.642327e-01
      vertex   2.240249e-02 -6.750044e-02 -1.660452e-01
      vertex   2.242740e-02 -6.711984e-02 -1.686016e-01
    endloop
  endfacet
  facet normal 1.139782e-01 -9.828133e-01 -1.452135e-01
    outer loop
      vertex   2.242740e-02 -6.711984e-02 -1.686016e-01
      vertex   2.240249e-02 -6.750044e-02 -1.660452e-01
      vertex   1.754897e-02 -6.750044e-02 -1.698548e-01
    endloop
  endfacet
  facet normal 1.191301e-01 -9.788216e-01 -1.664821e-01
    outer loop
      vertex   2.242740e-02 -6.711984e-02 -1.686016e-01
      vertex   1.754897e-02 -6.750044e-02 -1.698548e-01
      vertex   1.746753e-02 -6.711984e-02 -1.721508e-01
    endloop
  endfacet
  facet normal 8.537995e-02 -9.824420e-01 -1.658852e-01
    outer loop
      vertex   1.746753e-02 -6.711984e-02 -1.721508e-01
      vertex   1.754897e-02 -6.750044e-02 -1.698548e-01
      vertex   1.206295e-02 -6.750044e-02 -1.726784e-01
    endloop
  endfacet
  facet normal 8.679711e-02 -9.793413e-01 -1.826385e-01
    outer loop
      vertex   1.746753e-02 -6.711984e-02 -1.721508e-01
      vertex   1.206295e-02 -6.750044e-02 -1.726784e-01
      vertex   1.195904e-02 -6.711984e-02 -1.747686e-01
    endloop
  endfacet
  facet normal 5.319837e-02 -9.819611e-01 -1.814452e-01
    outer loop
      vertex   1.195904e-02 -6.711984e-02 -1.747686e-01
      vertex   1.206295e-02 -6.750044e-02 -1.726784e-01
      vertex   6.142163e-03 -6.750044e-02 -1.744143e-01
    endloop
  endfacet
  facet normal 5.241046e-02 -9.799511e-01 -1.922214e-01
    outer loop
      vertex   1.195904e-02 -6.711984e-02 -1.747686e-01
      vertex   6.142163e-03 -6.750044e-02 -1.744143e-01
      vertex   6.074920e-03 -6.711984e-02 -1.763730e-01
    endloop
  endfacet
  facet normal 1.824330e-02 -9.813578e-01 -1.913218e-01
    outer loop
      vertex   6.074920e-03 -6.711984e-02 -1.763730e-01
      vertex   6.142163e-03 -6.750044e-02 -1.744143e-01
      vertex   4.482644e-18 -6.750044e-02 -1.750000e-01
    endloop
  endfacet
  facet normal 1.735309e-02 -9.806376e-01 -1.950609e-01
    outer loop
      vertex   6.074920e-03 -6.711984e-02 -1.763730e-01
      vertex   4.482644e-18 -6.750044e-02 -1.750000e-01
      vertex   4.214428e-18 -6.711984e-02 -1.769134e-01
    endloop
  endfacet
  facet normal -1.735309e-02 -9.806376e-01 -1.950609e-01
    outer loop
      vertex   4.214428e-18 -6.711984e-02 -1.769134e-01
      vertex   4.482644e-18 -6.750044e-02 -1.750000e-01
      vertex   -6.074920e-03 -6.711984e-02 -1.763730e-01
    endloop
  endfacet
  facet normal -4.936459e-02 -8.304559e-01 -5.548929e-01
    outer loop
      vertex   4.214428e-18 -6.711984e-02 -1.769134e-01
      vertex   -6.074920e-03 -6.711984e-02 -1.763730e-01
      vertex   -6.361269e-03 -6.603598e-02 -1.779696e-01
    endloop
  endfacet
  facet normal -1.465433e-01 -8.304559e-01 -5.374645e-01
    outer loop
      vertex   -6.361269e-03 -6.603598e-02 -1.779696e-01
      vertex   -6.074920e-03 -6.711984e-02 -1.763730e-01
      vertex   -1.252274e-02 -6.603598e-02 -1.762897e-01
    endloop
  endfacet
  facet normal -2.189870e-01 -5.540565e-01 -8.031600e-01
    outer loop
      vertex   -6.361269e-03 -6.603598e-02 -1.779696e-01
      vertex   -1.252274e-02 -6.603598e-02 -1.762897e-01
      vertex   -1.289939e-02 -6.441386e-02 -1.773060e-01
    endloop
  endfacet
  facet normal -3.573279e-01 -5.540565e-01 -7.518897e-01
    outer loop
      vertex   -1.289939e-02 -6.441386e-02 -1.773060e-01
      vertex   -1.252274e-02 -6.603598e-02 -1.762897e-01
      vertex   -1.884103e-02 -6.441386e-02 -1.744823e-01
    endloop
  endfacet
  facet normal -1.824330e-02 -9.813578e-01 -1.913218e-01
    outer loop
      vertex   4.482644e-18 -6.750044e-02 -1.750000e-01
      vertex   -6.142163e-03 -6.750044e-02 -1.744143e-01
      vertex   -6.074920e-03 -6.711984e-02 -1.763730e-01
    endloop
  endfacet
  facet normal -5.241046e-02 -9.799511e-01 -1.922214e-01
    outer loop
      vertex   -6.074920e-03 -6.711984e-02 -1.763730e-01
      vertex   -6.142163e-03 -6.750044e-02 -1.744143e-01
      vertex   -1.195904e-02 -6.711984e-02 -1.747686e-01
    endloop
  endfacet
  facet normal -1.465433e-01 -8.304559e-01 -5.374645e-01
    outer loop
      vertex   -6.074920e-03 -6.711984e-02 -1.763730e-01
      vertex   -1.195904e-02 -6.711984e-02 -1.747686e-01
      vertex   -1.252274e-02 -6.603598e-02 -1.762897e-01
    endloop
  endfacet
  facet normal -2.391193e-01 -8.304559e-01 -5.031550e-01
    outer loop
      vertex   -1.252274e-02 -6.603598e-02 -1.762897e-01
      vertex   -1.195904e-02 -6.711984e-02 -1.747686e-01
      vertex   -1.829089e-02 -6.603598e-02 -1.735484e-01
    endloop
  endfacet
  facet normal -3.573279e-01 -5.540565e-01 -7.518897e-01
    outer loop
      vertex   -1.252274e-02 -6.603598e-02 -1.762897e-01
      vertex   -1.829089e-02 -6.603598e-02 -1.735484e-01
      vertex   -1.884103e-02 -6.441386e-02 -1.744823e-01
    endloop
  endfacet
  facet normal -4.844457e-01 -5.540565e-01 -6.770035e-01
    outer loop
      vertex   -1.884103e-02 -6.441386e-02 -1.744823e-01
      vertex   -1.829089e-02 -6.603598e-02 -1.735484e-01
      vertex   -2.419090e-02 -6.441386e-02 -1.706540e-01
    endloop
  endfacet
  facet normal -5.319837e-02 -9.819611e-01 -1.814452e-01
    outer loop
      vertex   -6.142163e-03 -6.750044e-02 -1.744143e-01
      vertex   -1.206295e-02 -6.750044e-02 -1.726784e-01
      vertex   -1.195904e-02 -6.711984e-02 -1.747686e-01
    endloop
  endfacet
  facet normal -8.679711e-02 -9.793413e-01 -1.826385e-01
    outer loop
      vertex   -1.195904e-02 -6.711984e-02 -1.747686e-01
      vertex   -1.206295e-02 -6.750044e-02 -1.726784e-01
      vertex   -1.746753e-02 -6.711984e-02 -1.721508e-01
    endloop
  endfacet
  facet normal -2.391193e-01 -8.304559e-01 -5.031550e-01
    outer loop
      vertex   -1.195904e-02 -6.711984e-02 -1.747686e-01
      vertex   -1.746753e-02 -6.711984e-02 -1.721508e-01
      vertex   -1.829089e-02 -6.603598e-02 -1.735484e-01
    endloop
  endfacet
  facet normal -3.241849e-01 -8.304559e-01 -4.530421e-01
    outer loop
      vertex   -1.829089e-02 -6.603598e-02 -1.735484e-01
      vertex   -1.746753e-02 -6.711984e-02 -1.721508e-01
      vertex   -2.348454e-02 -6.603598e-02 -1.698320e-01
    endloop
  endfacet
  facet normal -4.844457e-01 -5.540565e-01 -6.770035e-01
    outer loop
      vertex   -1.829089e-02 -6.603598e-02 -1.735484e-01
      vertex   -2.348454e-02 -6.603598e-02 -1.698320e-01
      vertex   -2.419090e-02 -6.441386e-02 -1.706540e-01
    endloop
  endfacet
  facet normal -5.963476e-01 -5.540565e-01 -5.808535e-01
    outer loop
      vertex   -2.419090e-02 -6.441386e-02 -1.706540e-01
      vertex   -2.348454e-02 -6.603598e-02 -1.698320e-01
      vertex   -2.878097e-02 -6.441386e-02 -1.659415e-01
    endloop
  endfacet
  facet normal -8.537995e-02 -9.824420e-01 -1.658852e-01
    outer loop
      vertex   -1.206295e-02 -6.750044e-02 -1.726784e-01
      vertex   -1.754897e-02 -6.750044e-02 -1.698548e-01
      vertex   -1.746753e-02 -6.711984e-02 -1.721508e-01
    endloop
  endfacet
  facet normal -1.191301e-01 -9.788216e-01 -1.664821e-01
    outer loop
      vertex   -1.746753e-02 -6.711984e-02 -1.721508e-01
      vertex   -1.754897e-02 -6.750044e-02 -1.698548e-01
      vertex   -2.242740e-02 -6.711984e-02 -1.686016e-01
    endloop
  endfacet
  facet normal -3.241849e-01 -8.304559e-01 -4.530421e-01
    outer loop
      vertex   -1.746753e-02 -6.711984e-02 -1.721508e-01
      vertex   -2.242740e-02 -6.711984e-02 -1.686016e-01
      vertex   -2.348454e-02 -6.603598e-02 -1.698320e-01
    endloop
  endfacet
  facet normal -3.990682e-01 -8.304559e-01 -3.886998e-01
    outer loop
      vertex   -2.348454e-02 -6.603598e-02 -1.698320e-01
      vertex   -2.242740e-02 -6.711984e-02 -1.686016e-01
      vertex   -2.794058e-02 -6.603598e-02 -1.652571e-01
    endloop
  endfacet
  facet normal -5.963476e-01 -5.540565e-01 -5.808535e-01
    outer loop
      vertex   -2.348454e-02 -6.603598e-02 -1.698320e-01
      vertex   -2.794058e-02 -6.603598e-02 -1.652571e-01
      vertex   -2.878097e-02 -6.441386e-02 -1.659415e-01
    endloop
  endfacet
  facet normal -6.895191e-01 -5.540565e-01 -4.664598e-01
    outer loop
      vertex   -2.878097e-02 -6.441386e-02 -1.659415e-01
      vertex   -2.794058e-02 -6.603598e-02 -1.652571e-01
      vertex   -3.246706e-02 -6.441386e-02 -1.604928e-01
    endloop
  endfacet
  facet normal -1.139782e-01 -9.828133e-01 -1.452135e-01
    outer loop
      vertex   -1.754897e-02 -6.750044e-02 -1.698548e-01
      vertex   -2.240249e-02 -6.750044e-02 -1.660452e-01
      vertex   -2.242740e-02 -6.711984e-02 -1.686016e-01
    endloop
  endfacet
  facet normal -1.480719e-01 -9.784038e-01 -1.442248e-01
    outer loop
      vertex   -2.242740e-02 -6.711984e-02 -1.686016e-01
      vertex   -2.240249e-02 -6.750044e-02 -1.660452e-01
      vertex   -2.668285e-02 -6.711984e-02 -1.642327e-01
    endloop
  endfacet
  facet normal -3.990682e-01 -8.304559e-01 -3.886998e-01
    outer loop
      vertex   -2.242740e-02 -6.711984e-02 -1.686016e-01
      vertex   -2.668285e-02 -6.711984e-02 -1.642327e-01
      vertex   -2.794058e-02 -6.603598e-02 -1.652571e-01
    endloop
  endfacet
  facet normal -4.614174e-01 -8.304559e-01 -3.121489e-01
    outer loop
      vertex   -2.794058e-02 -6.603598e-02 -1.652571e-01
      vertex   -2.668285e-02 -6.711984e-02 -1.642327e-01
      vertex   -3.151904e-02 -6.603598e-02 -1.599674e-01
    endloop
  endfacet
  facet normal -6.895191e-01 -5.540565e-01 -4.664598e-01
    outer loop
      vertex   -2.794058e-02 -6.603598e-02 -1.652571e-01
      vertex   -3.151904e-02 -6.603598e-02 -1.599674e-01
      vertex   -3.246706e-02 -6.441386e-02 -1.604928e-01
    endloop
  endfacet
  facet normal -7.610338e-01 -5.540565e-01 -3.374151e-01
    outer loop
      vertex   -3.246706e-02 -6.441386e-02 -1.604928e-01
      vertex   -3.151904e-02 -6.603598e-02 -1.599674e-01
      vertex   -3.513341e-02 -6.441386e-02 -1.544789e-01
    endloop
  endfacet
  facet normal -1.382748e-01 -9.830842e-01 -1.201064e-01
    outer loop
      vertex   -2.240249e-02 -6.750044e-02 -1.660452e-01
      vertex   -2.644858e-02 -6.750044e-02 -1.613871e-01
      vertex   -2.668285e-02 -6.711984e-02 -1.642327e-01
    endloop
  endfacet
  facet normal -1.724017e-01 -9.780977e-01 -1.166298e-01
    outer loop
      vertex   -2.668285e-02 -6.711984e-02 -1.642327e-01
      vertex   -2.644858e-02 -6.750044e-02 -1.613871e-01
      vertex   -3.010023e-02 -6.711984e-02 -1.591811e-01
    endloop
  endfacet
  facet normal -4.614174e-01 -8.304559e-01 -3.121489e-01
    outer loop
      vertex   -2.668285e-02 -6.711984e-02 -1.642327e-01
      vertex   -3.010023e-02 -6.711984e-02 -1.591811e-01
      vertex   -3.151904e-02 -6.603598e-02 -1.599674e-01
    endloop
  endfacet
  facet normal -5.092741e-01 -8.304559e-01 -2.257939e-01
    outer loop
      vertex   -3.151904e-02 -6.603598e-02 -1.599674e-01
      vertex   -3.010023e-02 -6.711984e-02 -1.591811e-01
      vertex   -3.410754e-02 -6.603598e-02 -1.541291e-01
    endloop
  endfacet
  facet normal -7.610338e-01 -5.540565e-01 -3.374151e-01
    outer loop
      vertex   -3.151904e-02 -6.603598e-02 -1.599674e-01
      vertex   -3.410754e-02 -6.603598e-02 -1.541291e-01
      vertex   -3.513341e-02 -6.441386e-02 -1.544789e-01
    endloop
  endfacet
  facet normal -8.086453e-01 -5.540565e-01 -1.977727e-01
    outer loop
      vertex   -3.513341e-02 -6.441386e-02 -1.544789e-01
      vertex   -3.410754e-02 -6.603598e-02 -1.541291e-01
      vertex   -3.669626e-02 -6.441386e-02 -1.480887e-01
    endloop
  endfacet
  facet normal -1.576571e-01 -9.832613e-01 -9.133163e-02
    outer loop
      vertex   -2.644858e-02 -6.750044e-02 -1.613871e-01
      vertex   -2.954142e-02 -6.750044e-02 -1.560482e-01
      vertex   -3.010023e-02 -6.711984e-02 -1.591811e-01
    endloop
  endfacet
  facet normal -1.910831e-01 -9.779110e-01 -8.471942e-02
    outer loop
      vertex   -3.010023e-02 -6.711984e-02 -1.591811e-01
      vertex   -2.954142e-02 -6.750044e-02 -1.560482e-01
      vertex   -3.257221e-02 -6.711984e-02 -1.536056e-01
    endloop
  endfacet
  facet normal -5.092741e-01 -8.304559e-01 -2.257939e-01
    outer loop
      vertex   -3.010023e-02 -6.711984e-02 -1.591811e-01
      vertex   -3.257221e-02 -6.711984e-02 -1.536056e-01
      vertex   -3.410754e-02 -6.603598e-02 -1.541291e-01
    endloop
  endfacet
  facet normal -5.411352e-01 -8.304559e-01 -1.323470e-01
    outer loop
      vertex   -3.410754e-02 -6.603598e-02 -1.541291e-01
      vertex   -3.257221e-02 -6.711984e-02 -1.536056e-01
      vertex   -3.562476e-02 -6.603598e-02 -1.479255e-01
    endloop
  endfacet
  facet normal -8.086453e-01 -5.540565e-01 -1.977727e-01
    outer loop
      vertex   -3.410754e-02 -6.603598e-02 -1.541291e-01
      vertex   -3.562476e-02 -6.603598e-02 -1.479255e-01
      vertex   -3.669626e-02 -6.441386e-02 -1.480887e-01
    endloop
  endfacet
  facet normal -8.308585e-01 -5.540565e-01 -5.191857e-02
    outer loop
      vertex   -3.669626e-02 -6.441386e-02 -1.480887e-01
      vertex   -3.562476e-02 -6.603598e-02 -1.479255e-01
      vertex   -3.710654e-02 -6.441386e-02 -1.415231e-01
    endloop
  endfacet
  facet normal -1.716300e-01 -9.833488e-01 -5.973473e-02
    outer loop
      vertex   -2.954142e-02 -6.750044e-02 -1.560482e-01
      vertex   -3.156953e-02 -6.750044e-02 -1.502211e-01
      vertex   -3.257221e-02 -6.711984e-02 -1.536056e-01
    endloop
  endfacet
  facet normal -2.033227e-01 -9.778482e-01 -4.972723e-02
    outer loop
      vertex   -3.257221e-02 -6.711984e-02 -1.536056e-01
      vertex   -3.156953e-02 -6.750044e-02 -1.502211e-01
      vertex   -3.402113e-02 -6.711984e-02 -1.476813e-01
    endloop
  endfacet
  facet normal -5.411352e-01 -8.304559e-01 -1.323470e-01
    outer loop
      vertex   -3.257221e-02 -6.711984e-02 -1.536056e-01
      vertex   -3.402113e-02 -6.711984e-02 -1.476813e-01
      vertex   -3.562476e-02 -6.603598e-02 -1.479255e-01
    endloop
  endfacet
  facet normal -5.559999e-01 -8.304559e-01 -3.474324e-02
    outer loop
      vertex   -3.562476e-02 -6.603598e-02 -1.479255e-01
      vertex   -3.402113e-02 -6.711984e-02 -1.476813e-01
      vertex   -3.602305e-02 -6.603598e-02 -1.415516e-01
    endloop
  endfacet
  facet normal -8.308585e-01 -5.540565e-01 -5.191857e-02
    outer loop
      vertex   -3.562476e-02 -6.603598e-02 -1.479255e-01
      vertex   -3.602305e-02 -6.603598e-02 -1.415516e-01
      vertex   -3.710654e-02 -6.441386e-02 -1.415231e-01
    endloop
  endfacet
  facet normal -8.269755e-01 -5.540565e-01 9.556629e-02
    outer loop
      vertex   -3.710654e-02 -6.441386e-02 -1.415231e-01
      vertex   -3.602305e-02 -6.603598e-02 -1.415516e-01
      vertex   -3.635135e-02 -6.441386e-02 -1.349881e-01
    endloop
  endfacet
  facet normal -1.798263e-01 -9.833488e-01 -2.622196e-02
    outer loop
      vertex   -3.156953e-02 -6.750044e-02 -1.502211e-01
      vertex   -3.245982e-02 -6.750044e-02 -1.441156e-01
      vertex   -3.402113e-02 -6.711984e-02 -1.476813e-01
    endloop
  endfacet
  facet normal -2.086150e-01 -9.779110e-01 -1.303590e-02
    outer loop
      vertex   -3.402113e-02 -6.711984e-02 -1.476813e-01
      vertex   -3.245982e-02 -6.750044e-02 -1.441156e-01
      vertex   -3.440150e-02 -6.711984e-02 -1.415943e-01
    endloop
  endfacet
  facet normal -5.559999e-01 -8.304559e-01 -3.474324e-02
    outer loop
      vertex   -3.402113e-02 -6.711984e-02 -1.476813e-01
      vertex   -3.440150e-02 -6.711984e-02 -1.415943e-01
      vertex   -3.602305e-02 -6.603598e-02 -1.415516e-01
    endloop
  endfacet
  facet normal -5.534014e-01 -8.304559e-01 6.395174e-02
    outer loop
      vertex   -3.602305e-02 -6.603598e-02 -1.415516e-01
      vertex   -3.440150e-02 -6.711984e-02 -1.415943e-01
      vertex   -3.528991e-02 -6.603598e-02 -1.352074e-01
    endloop
  endfacet
  facet normal -8.269755e-01 -5.540565e-01 9.556629e-02
    outer loop
      vertex   -3.602305e-02 -6.603598e-02 -1.415516e-01
      vertex   -3.528991e-02 -6.603598e-02 -1.352074e-01
      vertex   -3.635135e-02 -6.441386e-02 -1.349881e-01
    endloop
  endfacet
  facet normal -7.971183e-01 -5.540565e-01 2.400495e-01
    outer loop
      vertex   -3.635135e-02 -6.441386e-02 -1.349881e-01
      vertex   -3.528991e-02 -6.603598e-02 -1.352074e-01
      vertex   -3.445441e-02 -6.441386e-02 -1.286890e-01
    endloop
  endfacet
  facet normal -1.820138e-01 -9.832613e-01 8.257328e-03
    outer loop
      vertex   -3.245982e-02 -6.750044e-02 -1.441156e-01
      vertex   -3.218019e-02 -6.750044e-02 -1.379519e-01
      vertex   -3.440150e-02 -6.711984e-02 -1.415943e-01
    endloop
  endfacet
  facet normal -2.067702e-01 -9.780977e-01 2.389462e-02
    outer loop
      vertex   -3.440150e-02 -6.711984e-02 -1.415943e-01
      vertex   -3.218019e-02 -6.750044e-02 -1.379519e-01
      vertex   -3.370136e-02 -6.711984e-02 -1.355357e-01
    endloop
  endfacet
  facet normal -5.534014e-01 -8.304559e-01 6.395174e-02
    outer loop
      vertex   -3.440150e-02 -6.711984e-02 -1.415943e-01
      vertex   -3.370136e-02 -6.711984e-02 -1.355357e-01
      vertex   -3.528991e-02 -6.603598e-02 -1.352074e-01
    endloop
  endfacet
  facet normal -5.334214e-01 -8.304559e-01 1.606381e-01
    outer loop
      vertex   -3.528991e-02 -6.603598e-02 -1.352074e-01
      vertex   -3.370136e-02 -6.711984e-02 -1.355357e-01
      vertex   -3.344836e-02 -6.603598e-02 -1.290923e-01
    endloop
  endfacet
  facet normal -7.971183e-01 -5.540565e-01 2.400495e-01
    outer loop
      vertex   -3.528991e-02 -6.603598e-02 -1.352074e-01
      vertex   -3.344836e-02 -6.603598e-02 -1.290923e-01
      vertex   -3.445441e-02 -6.441386e-02 -1.286890e-01
    endloop
  endfacet
  facet normal -7.422247e-01 -5.540565e-01 3.769932e-01
    outer loop
      vertex   -3.445441e-02 -6.441386e-02 -1.286890e-01
      vertex   -3.344836e-02 -6.603598e-02 -1.290923e-01
      vertex   -3.147531e-02 -6.441386e-02 -1.228238e-01
    endloop
  endfacet
  facet normal -1.781001e-01 -9.830842e-01 4.272963e-02
    outer loop
      vertex   -3.218019e-02 -6.750044e-02 -1.379519e-01
      vertex   -3.074074e-02 -6.750044e-02 -1.319522e-01
      vertex   -3.370136e-02 -6.711984e-02 -1.355357e-01
    endloop
  endfacet
  facet normal -1.979229e-01 -9.784038e-01 5.960383e-02
    outer loop
      vertex   -3.370136e-02 -6.711984e-02 -1.355357e-01
      vertex   -3.074074e-02 -6.750044e-02 -1.319522e-01
      vertex   -3.194271e-02 -6.711984e-02 -1.296958e-01
    endloop
  endfacet
  facet normal -5.334214e-01 -8.304559e-01 1.606381e-01
    outer loop
      vertex   -3.370136e-02 -6.711984e-02 -1.355357e-01
      vertex   -3.194271e-02 -6.711984e-02 -1.296958e-01
      vertex   -3.344836e-02 -6.603598e-02 -1.290923e-01
    endloop
  endfacet
  facet normal -4.966873e-01 -8.304559e-01 2.522790e-01
    outer loop
      vertex   -3.344836e-02 -6.603598e-02 -1.290923e-01
      vertex   -3.194271e-02 -6.711984e-02 -1.296958e-01
      vertex   -3.055625e-02 -6.603598e-02 -1.233983e-01
    endloop
  endfacet
  facet normal -7.422247e-01 -5.540565e-01 3.769932e-01
    outer loop
      vertex   -3.344836e-02 -6.603598e-02 -1.290923e-01
      vertex   -3.055625e-02 -6.603598e-02 -1.233983e-01
      vertex   -3.147531e-02 -6.441386e-02 -1.228238e-01
    endloop
  endfacet
  facet normal -6.640188e-01 -5.540565e-01 5.020959e-01
    outer loop
      vertex   -3.147531e-02 -6.441386e-02 -1.228238e-01
      vertex   -3.055625e-02 -6.603598e-02 -1.233983e-01
      vertex   -2.750760e-02 -6.441386e-02 -1.175765e-01
    endloop
  endfacet
  facet normal -1.681340e-01 -9.828133e-01 7.621654e-02
    outer loop
      vertex   -3.074074e-02 -6.750044e-02 -1.319522e-01
      vertex   -2.819333e-02 -6.750044e-02 -1.263326e-01
      vertex   -3.194271e-02 -6.711984e-02 -1.296958e-01
    endloop
  endfacet
  facet normal -1.825206e-01 -9.788216e-01 9.270647e-02
    outer loop
      vertex   -3.194271e-02 -6.711984e-02 -1.296958e-01
      vertex   -2.819333e-02 -6.750044e-02 -1.263326e-01
      vertex   -2.918078e-02 -6.711984e-02 -1.242581e-01
    endloop
  endfacet
  facet normal -4.966873e-01 -8.304559e-01 2.522790e-01
    outer loop
      vertex   -3.194271e-02 -6.711984e-02 -1.296958e-01
      vertex   -2.918078e-02 -6.711984e-02 -1.242581e-01
      vertex   -3.055625e-02 -6.603598e-02 -1.233983e-01
    endloop
  endfacet
  facet normal -4.443529e-01 -8.304559e-01 3.359962e-01
    outer loop
      vertex   -3.055625e-02 -6.603598e-02 -1.233983e-01
      vertex   -2.918078e-02 -6.711984e-02 -1.242581e-01
      vertex   -2.670440e-02 -6.603598e-02 -1.183042e-01
    endloop
  endfacet
  facet normal -6.640188e-01 -5.540565e-01 5.020959e-01
    outer loop
      vertex   -3.055625e-02 -6.603598e-02 -1.233983e-01
      vertex   -2.670440e-02 -6.603598e-02 -1.183042e-01
      vertex   -2.750760e-02 -6.441386e-02 -1.175765e-01
    endloop
  endfacet
  facet normal -5.649570e-01 -5.540565e-01 6.114286e-01
    outer loop
      vertex   -2.750760e-02 -6.441386e-02 -1.175765e-01
      vertex   -2.670440e-02 -6.603598e-02 -1.183042e-01
      vertex   -2.267593e-02 -6.441386e-02 -1.131120e-01
    endloop
  endfacet
  facet normal -1.523047e-01 -9.824420e-01 1.077540e-01
    outer loop
      vertex   -2.819333e-02 -6.750044e-02 -1.263326e-01
      vertex   -2.462978e-02 -6.750044e-02 -1.212957e-01
      vertex   -2.918078e-02 -6.711984e-02 -1.242581e-01
    endloop
  endfacet
  facet normal -1.612942e-01 -9.793413e-01 1.219621e-01
    outer loop
      vertex   -2.918078e-02 -6.711984e-02 -1.242581e-01
      vertex   -2.462978e-02 -6.750044e-02 -1.212957e-01
      vertex   -2.550232e-02 -6.711984e-02 -1.193934e-01
    endloop
  endfacet
  facet normal -4.443529e-01 -8.304559e-01 3.359962e-01
    outer loop
      vertex   -2.918078e-02 -6.711984e-02 -1.242581e-01
      vertex   -2.550232e-02 -6.711984e-02 -1.193934e-01
      vertex   -2.670440e-02 -6.603598e-02 -1.183042e-01
    endloop
  endfacet
  facet normal -3.780621e-01 -8.304559e-01 4.091602e-01
    outer loop
      vertex   -2.670440e-02 -6.603598e-02 -1.183042e-01
      vertex   -2.550232e-02 -6.711984e-02 -1.193934e-01
      vertex   -2.201380e-02 -6.603598e-02 -1.139702e-01
    endloop
  endfacet
  facet normal -5.649570e-01 -5.540565e-01 6.114286e-01
    outer loop
      vertex   -2.670440e-02 -6.603598e-02 -1.183042e-01
      vertex   -2.201380e-02 -6.603598e-02 -1.139702e-01
      vertex   -2.267593e-02 -6.441386e-02 -1.131120e-01
    endloop
  endfacet
  facet normal -1.309373e-01 -9.819611e-01 1.364106e-01
    outer loop
      vertex   -2.462978e-02 -6.750044e-02 -1.212957e-01
      vertex   -2.017852e-02 -6.750044e-02 -1.170230e-01
      vertex   -2.550232e-02 -6.711984e-02 -1.193934e-01
    endloop
  endfacet
  facet normal -1.352119e-01 -9.799511e-01 1.463340e-01
    outer loop
      vertex   -2.550232e-02 -6.711984e-02 -1.193934e-01
      vertex   -2.017852e-02 -6.750044e-02 -1.170230e-01
      vertex   -2.102287e-02 -6.711984e-02 -1.152544e-01
    endloop
  endfacet
  facet normal -3.780621e-01 -8.304559e-01 4.091602e-01
    outer loop
      vertex   -2.550232e-02 -6.711984e-02 -1.193934e-01
      vertex   -2.102287e-02 -6.711984e-02 -1.152544e-01
      vertex   -2.201380e-02 -6.603598e-02 -1.139702e-01
    endloop
  endfacet
  facet normal 5.649570e-01 -5.540565e-01 6.114286e-01
    outer loop
      vertex   2.750760e-02 -6.441386e-02 -1.175765e-01
      vertex   2.267593e-02 -6.441386e-02 -1.131120e-01
      vertex   2.201380e-02 -6.603598e-02 -1.139702e-01
    endloop
  endfacet
  facet normal 3.780621e-01 -8.304559e-01 4.091602e-01
    outer loop
      vertex   2.201380e-02 -6.603598e-02 -1.139702e-01
      vertex   2.102287e-02 -6.711984e-02 -1.152544e-01
      vertex   2.670440e-02 -6.603598e-02 -1.183042e-01
    endloop
  endfacet
  facet normal 3.780621e-01 -8.304559e-01 4.091602e-01
    outer loop
      vertex   2.670440e-02 -6.603598e-02 -1.183042e-01
      vertex   2.102287e-02 -6.711984e-02 -1.152544e-01
      vertex   2.550232e-02 -6.711984e-02 -1.193934e-01
    endloop
  endfacet
  facet normal 4.443529e-01 -8.304559e-01 3.359962e-01
    outer loop
      vertex   2.670440e-02 -6.603598e-02 -1.183042e-01
      vertex   2.550232e-02 -6.711984e-02 -1.193934e-01
      vertex   3.055625e-02 -6.603598e-02 -1.233983e-01
    endloop
  endfacet
  facet normal 4.443529e-01 -8.304559e-01 3.359962e-01
    outer loop
      vertex   3.055625e-02 -6.603598e-02 -1.233983e-01
      vertex   2.550232e-02 -6.711984e-02 -1.193934e-01
      vertex   2.918078e-02 -6.711984e-02 -1.242581e-01
    endloop
  endfacet
  facet normal 4.966873e-01 -8.304559e-01 2.522790e-01
    outer loop
      vertex   3.055625e-02 -6.603598e-02 -1.233983e-01
      vertex   2.918078e-02 -6.711984e-02 -1.242581e-01
      vertex   3.344836e-02 -6.603598e-02 -1.290923e-01
    endloop
  endfacet
  facet normal 4.966873e-01 -8.304559e-01 2.522790e-01
    outer loop
      vertex   3.344836e-02 -6.603598e-02 -1.290923e-01
      vertex   2.918078e-02 -6.711984e-02 -1.242581e-01
      vertex   3.194271e-02 -6.711984e-02 -1.296958e-01
    endloop
  endfacet
  facet normal 5.334214e-01 -8.304559e-01 1.606381e-01
    outer loop
      vertex   3.344836e-02 -6.603598e-02 -1.290923e-01
      vertex   3.194271e-02 -6.711984e-02 -1.296958e-01
      vertex   3.528991e-02 -6.603598e-02 -1.352074e-01
    endloop
  endfacet
  facet normal 5.334214e-01 -8.304559e-01 1.606381e-01
    outer loop
      vertex   3.528991e-02 -6.603598e-02 -1.352074e-01
      vertex   3.194271e-02 -6.711984e-02 -1.296958e-01
      vertex   3.370136e-02 -6.711984e-02 -1.355357e-01
    endloop
  endfacet
  facet normal 5.534014e-01 -8.304559e-01 6.395174e-02
    outer loop
      vertex   3.528991e-02 -6.603598e-02 -1.352074e-01
      vertex   3.370136e-02 -6.711984e-02 -1.355357e-01
      vertex   3.602305e-02 -6.603598e-02 -1.415516e-01
    endloop
  endfacet
  facet normal 5.534014e-01 -8.304559e-01 6.395174e-02
    outer loop
      vertex   3.602305e-02 -6.603598e-02 -1.415516e-01
      vertex   3.370136e-02 -6.711984e-02 -1.355357e-01
      vertex   3.440150e-02 -6.711984e-02 -1.415943e-01
    endloop
  endfacet
  facet normal 5.559999e-01 -8.304559e-01 -3.474324e-02
    outer loop
      vertex   3.602305e-02 -6.603598e-02 -1.415516e-01
      vertex   3.440150e-02 -6.711984e-02 -1.415943e-01
      vertex   3.562476e-02 -6.603598e-02 -1.479255e-01
    endloop
  endfacet
  facet normal 5.559999e-01 -8.304559e-01 -3.474324e-02
    outer loop
      vertex   3.562476e-02 -6.603598e-02 -1.479255e-01
      vertex   3.440150e-02 -6.711984e-02 -1.415943e-01
      vertex   3.402113e-02 -6.711984e-02 -1.476813e-01
    endloop
  endfacet
  facet normal 5.411352e-01 -8.304559e-01 -1.323470e-01
    outer loop
      vertex   3.562476e-02 -6.603598e-02 -1.479255e-01
      vertex   3.402113e-02 -6.711984e-02 -1.476813e-01
      vertex   3.410754e-02 -6.603598e-02 -1.541291e-01
    endloop
  endfacet
  facet normal 5.411352e-01 -8.304559e-01 -1.323470e-01
    outer loop
      vertex   3.410754e-02 -6.603598e-02 -1.541291e-01
      vertex   3.402113e-02 -6.711984e-02 -1.476813e-01
      vertex   3.257221e-02 -6.711984e-02 -1.536056e-01
    endloop
  endfacet
  facet normal 5.092741e-01 -8.304559e-01 -2.257939e-01
    outer loop
      vertex   3.410754e-02 -6.603598e-02 -1.541291e-01
      vertex   3.257221e-02 -6.711984e-02 -1.536056e-01
      vertex   3.151904e-02 -6.603598e-02 -1.599674e-01
    endloop
  endfacet
  facet normal 5.092741e-01 -8.304559e-01 -2.257939e-01
    outer loop
      vertex   3.151904e-02 -6.603598e-02 -1.599674e-01
      vertex   3.257221e-02 -6.711984e-02 -1.536056e-01
      vertex   3.010023e-02 -6.711984e-02 -1.591811e-01
    endloop
  endfacet
  facet normal 4.614174e-01 -8.304559e-01 -3.121489e-01
    outer loop
      vertex   3.151904e-02 -6.603598e-02 -1.599674e-01
      vertex   3.010023e-02 -6.711984e-02 -1.591811e-01
      vertex   2.794058e-02 -6.603598e-02 -1.652571e-01
    endloop
  endfacet
  facet normal 4.614174e-01 -8.304559e-01 -3.121489e-01
    outer loop
      vertex   2.794058e-02 -6.603598e-02 -1.652571e-01
      vertex   3.010023e-02 -6.711984e-02 -1.591811e-01
      vertex   2.668285e-02 -6.711984e-02 -1.642327e-01
    endloop
  endfacet
  facet normal 3.990682e-01 -8.304559e-01 -3.886998e-01
    outer loop
      vertex   2.794058e-02 -6.603598e-02 -1.652571e-01
      vertex   2.668285e-02 -6.711984e-02 -1.642327e-01
      vertex   2.348454e-02 -6.603598e-02 -1.698320e-01
    endloop
  endfacet
  facet normal 3.990682e-01 -8.304559e-01 -3.886998e-01
    outer loop
      vertex   2.348454e-02 -6.603598e-02 -1.698320e-01
      vertex   2.668285e-02 -6.711984e-02 -1.642327e-01
      vertex   2.242740e-02 -6.711984e-02 -1.686016e-01
    endloop
  endfacet
  facet normal 3.241849e-01 -8.304559e-01 -4.530421e-01
    outer loop
      vertex   2.348454e-02 -6.603598e-02 -1.698320e-01
      vertex   2.242740e-02 -6.711984e-02 -1.686016e-01
      vertex   1.829089e-02 -6.603598e-02 -1.735484e-01
    endloop
  endfacet
  facet normal 3.241849e-01 -8.304559e-01 -4.530421e-01
    outer loop
      vertex   1.829089e-02 -6.603598e-02 -1.735484e-01
      vertex   2.242740e-02 -6.711984e-02 -1.686016e-01
      vertex   1.746753e-02 -6.711984e-02 -1.721508e-01
    endloop
  endfacet
  facet normal 2.391193e-01 -8.304559e-01 -5.031550e-01
    outer loop
      vertex   1.829089e-02 -6.603598e-02 -1.735484e-01
      vertex   1.746753e-02 -6.711984e-02 -1.721508e-01
      vertex   1.252274e-02 -6.603598e-02 -1.762897e-01
    endloop
  endfacet
  facet normal 2.391193e-01 -8.304559e-01 -5.031550e-01
    outer loop
      vertex   1.252274e-02 -6.603598e-02 -1.762897e-01
      vertex   1.746753e-02 -6.711984e-02 -1.721508e-01
      vertex   1.195904e-02 -6.711984e-02 -1.747686e-01
    endloop
  endfacet
  facet normal 1.465433e-01 -8.304559e-01 -5.374645e-01
    outer loop
      vertex   1.252274e-02 -6.603598e-02 -1.762897e-01
      vertex   1.195904e-02 -6.711984e-02 -1.747686e-01
      vertex   6.361269e-03 -6.603598e-02 -1.779696e-01
    endloop
  endfacet
  facet normal 1.465433e-01 -8.304559e-01 -5.374645e-01
    outer loop
      vertex   6.361269e-03 -6.603598e-02 -1.779696e-01
      vertex   1.195904e-02 -6.711984e-02 -1.747686e-01
      vertex   6.074920e-03 -6.711984e-02 -1.763730e-01
    endloop
  endfacet
  facet normal 4.936459e-02 -8.304559e-01 -5.548929e-01
    outer loop
      vertex   6.361269e-03 -6.603598e-02 -1.779696e-01
      vertex   6.074920e-03 -6.711984e-02 -1.763730e-01
      vertex   4.413080e-18 -6.603598e-02 -1.785355e-01
    endloop
  endfacet
  facet normal 4.936459e-02 -8.304559e-01 -5.548929e-01
    outer loop
      vertex   4.413080e-18 -6.603598e-02 -1.785355e-01
      vertex   6.074920e-03 -6.711984e-02 -1.763730e-01
      vertex   4.214428e-18 -6.711984e-02 -1.769134e-01
    endloop
  endfacet
  facet normal -4.936459e-02 -8.304559e-01 -5.548929e-01
    outer loop
      vertex   4.413080e-18 -6.603598e-02 -1.785355e-01
      vertex   4.214428e-18 -6.711984e-02 -1.769134e-01
      vertex   -6.361269e-03 -6.603598e-02 -1.779696e-01
    endloop
  endfacet
  facet normal 6.640188e-01 -5.540565e-01 5.020959e-01
    outer loop
      vertex   3.147531e-02 -6.441386e-02 -1.228238e-01
      vertex   2.750760e-02 -6.441386e-02 -1.175765e-01
      vertex   2.670440e-02 -6.603598e-02 -1.183042e-01
    endloop
  endfacet
  facet normal 5.649570e-01 -5.540565e-01 6.114286e-01
    outer loop
      vertex   2.670440e-02 -6.603598e-02 -1.183042e-01
      vertex   2.750760e-02 -6.441386e-02 -1.175765e-01
      vertex   2.201380e-02 -6.603598e-02 -1.139702e-01
    endloop
  endfacet
  facet normal 6.640188e-01 -5.540565e-01 5.020959e-01
    outer loop
      vertex   3.147531e-02 -6.441386e-02 -1.228238e-01
      vertex   2.670440e-02 -6.603598e-02 -1.183042e-01
      vertex   3.055625e-02 -6.603598e-02 -1.233983e-01
    endloop
  endfacet
  facet normal 7.422247e-01 -5.540565e-01 3.769932e-01
    outer loop
      vertex   3.445441e-02 -6.441386e-02 -1.286890e-01
      vertex   3.147531e-02 -6.441386e-02 -1.228238e-01
      vertex   3.055625e-02 -6.603598e-02 -1.233983e-01
    endloop
  endfacet
  facet normal 7.422247e-01 -5.540565e-01 3.769932e-01
    outer loop
      vertex   3.445441e-02 -6.441386e-02 -1.286890e-01
      vertex   3.055625e-02 -6.603598e-02 -1.233983e-01
      vertex   3.344836e-02 -6.603598e-02 -1.290923e-01
    endloop
  endfacet
  facet normal 7.971183e-01 -5.540565e-01 2.400495e-01
    outer loop
      vertex   3.635135e-02 -6.441386e-02 -1.349881e-01
      vertex   3.445441e-02 -6.441386e-02 -1.286890e-01
      vertex   3.344836e-02 -6.603598e-02 -1.290923e-01
    endloop
  endfacet
  facet normal 7.971183e-01 -5.540565e-01 2.400495e-01
    outer loop
      vertex   3.635135e-02 -6.441386e-02 -1.349881e-01
      vertex   3.344836e-02 -6.603598e-02 -1.290923e-01
      vertex   3.528991e-02 -6.603598e-02 -1.352074e-01
    endloop
  endfacet
  facet normal 8.269755e-01 -5.540565e-01 9.556629e-02
    outer loop
      vertex   3.710654e-02 -6.441386e-02 -1.415231e-01
      vertex   3.635135e-02 -6.441386e-02 -1.349881e-01
      vertex   3.528991e-02 -6.603598e-02 -1.352074e-01
    endloop
  endfacet
  facet normal 8.269755e-01 -5.540565e-01 9.556629e-02
    outer loop
      vertex   3.710654e-02 -6.441386e-02 -1.415231e-01
      vertex   3.528991e-02 -6.603598e-02 -1.352074e-01
      vertex   3.602305e-02 -6.603598e-02 -1.415516e-01
    endloop
  endfacet
  facet normal 8.308585e-01 -5.540565e-01 -5.191857e-02
    outer loop
      vertex   3.669626e-02 -6.441386e-02 -1.480887e-01
      vertex   3.710654e-02 -6.441386e-02 -1.415231e-01
      vertex   3.602305e-02 -6.603598e-02 -1.415516e-01
    endloop
  endfacet
  facet normal 8.308585e-01 -5.540565e-01 -5.191857e-02
    outer loop
      vertex   3.669626e-02 -6.441386e-02 -1.480887e-01
      vertex   3.602305e-02 -6.603598e-02 -1.415516e-01
      vertex   3.562476e-02 -6.603598e-02 -1.479255e-01
    endloop
  endfacet
  facet normal 8.086453e-01 -5.540565e-01 -1.977727e-01
    outer loop
      vertex   3.513341e-02 -6.441386e-02 -1.544789e-01
      vertex   3.669626e-02 -6.441386e-02 -1.480887e-01
      vertex   3.562476e-02 -6.603598e-02 -1.479255e-01
    endloop
  endfacet
  facet normal 8.086453e-01 -5.540565e-01 -1.977727e-01
    outer loop
      vertex   3.513341e-02 -6.441386e-02 -1.544789e-01
      vertex   3.562476e-02 -6.603598e-02 -1.479255e-01
      vertex   3.410754e-02 -6.603598e-02 -1.541291e-01
    endloop
  endfacet
  facet normal 7.610338e-01 -5.540565e-01 -3.374151e-01
    outer loop
      vertex   3.246706e-02 -6.441386e-02 -1.604928e-01
      vertex   3.513341e-02 -6.441386e-02 -1.544789e-01
      vertex   3.410754e-02 -6.603598e-02 -1.541291e-01
    endloop
  endfacet
  facet normal 7.610338e-01 -5.540565e-01 -3.374151e-01
    outer loop
      vertex   3.246706e-02 -6.441386e-02 -1.604928e-01
      vertex   3.410754e-02 -6.603598e-02 -1.541291e-01
      vertex   3.151904e-02 -6.603598e-02 -1.599674e-01
    endloop
  endfacet
  facet normal 6.895191e-01 -5.540565e-01 -4.664598e-01
    outer loop
      vertex   2.878097e-02 -6.441386e-02 -1.659415e-01
      vertex   3.246706e-02 -6.441386e-02 -1.604928e-01
      vertex   3.151904e-02 -6.603598e-02 -1.599674e-01
    endloop
  endfacet
  facet normal 6.895191e-01 -5.540565e-01 -4.664598e-01
    outer loop
      vertex   2.878097e-02 -6.441386e-02 -1.659415e-01
      vertex   3.151904e-02 -6.603598e-02 -1.599674e-01
      vertex   2.794058e-02 -6.603598e-02 -1.652571e-01
    endloop
  endfacet
  facet normal 5.963476e-01 -5.540565e-01 -5.808535e-01
    outer loop
      vertex   2.419090e-02 -6.441386e-02 -1.706540e-01
      vertex   2.878097e-02 -6.441386e-02 -1.659415e-01
      vertex   2.794058e-02 -6.603598e-02 -1.652571e-01
    endloop
  endfacet
  facet normal 5.963476e-01 -5.540565e-01 -5.808535e-01
    outer loop
      vertex   2.419090e-02 -6.441386e-02 -1.706540e-01
      vertex   2.794058e-02 -6.603598e-02 -1.652571e-01
      vertex   2.348454e-02 -6.603598e-02 -1.698320e-01
    endloop
  endfacet
  facet normal 4.844457e-01 -5.540565e-01 -6.770035e-01
    outer loop
      vertex   1.884103e-02 -6.441386e-02 -1.744823e-01
      vertex   2.419090e-02 -6.441386e-02 -1.706540e-01
      vertex   2.348454e-02 -6.603598e-02 -1.698320e-01
    endloop
  endfacet
  facet normal 4.844457e-01 -5.540565e-01 -6.770035e-01
    outer loop
      vertex   1.884103e-02 -6.441386e-02 -1.744823e-01
      vertex   2.348454e-02 -6.603598e-02 -1.698320e-01
      vertex   1.829089e-02 -6.603598e-02 -1.735484e-01
    endloop
  endfacet
  facet normal 3.573279e-01 -5.540565e-01 -7.518897e-01
    outer loop
      vertex   1.289939e-02 -6.441386e-02 -1.773060e-01
      vertex   1.884103e-02 -6.441386e-02 -1.744823e-01
      vertex   1.829089e-02 -6.603598e-02 -1.735484e-01
    endloop
  endfacet
  facet normal 3.573279e-01 -5.540565e-01 -7.518897e-01
    outer loop
      vertex   1.289939e-02 -6.441386e-02 -1.773060e-01
      vertex   1.829089e-02 -6.603598e-02 -1.735484e-01
      vertex   1.252274e-02 -6.603598e-02 -1.762897e-01
    endloop
  endfacet
  facet normal 2.189870e-01 -5.540565e-01 -8.031600e-01
    outer loop
      vertex   6.552601e-03 -6.441386e-02 -1.790365e-01
      vertex   1.289939e-02 -6.441386e-02 -1.773060e-01
      vertex   1.252274e-02 -6.603598e-02 -1.762897e-01
    endloop
  endfacet
  facet normal 2.189870e-01 -5.540565e-01 -8.031600e-01
    outer loop
      vertex   6.552601e-03 -6.441386e-02 -1.790365e-01
      vertex   1.252274e-02 -6.603598e-02 -1.762897e-01
      vertex   6.361269e-03 -6.603598e-02 -1.779696e-01
    endloop
  endfacet
  facet normal 7.376798e-02 -5.540565e-01 -8.292042e-01
    outer loop
      vertex   4.545815e-18 -6.441386e-02 -1.796194e-01
      vertex   6.552601e-03 -6.441386e-02 -1.790365e-01
      vertex   6.361269e-03 -6.603598e-02 -1.779696e-01
    endloop
  endfacet
  facet normal 7.376798e-02 -5.540565e-01 -8.292042e-01
    outer loop
      vertex   4.545815e-18 -6.441386e-02 -1.796194e-01
      vertex   6.361269e-03 -6.603598e-02 -1.779696e-01
      vertex   4.413080e-18 -6.603598e-02 -1.785355e-01
    endloop
  endfacet
  facet normal -7.376798e-02 -5.540565e-01 -8.292042e-01
    outer loop
      vertex   4.545815e-18 -6.441386e-02 -1.796194e-01
      vertex   4.413080e-18 -6.603598e-02 -1.785355e-01
      vertex   -6.552601e-03 -6.441386e-02 -1.790365e-01
    endloop
  endfacet
  facet normal -7.376798e-02 -5.540565e-01 -8.292042e-01
    outer loop
      vertex   -6.552601e-03 -6.441386e-02 -1.790365e-01
      vertex   4.413080e-18 -6.603598e-02 -1.785355e-01
      vertex   -6.361269e-03 -6.603598e-02 -1.779696e-01
    endloop
  endfacet
  facet normal -2.189870e-01 -5.540565e-01 -8.031600e-01
    outer loop
      vertex   -6.552601e-03 -6.441386e-02 -1.790365e-01
      vertex   -6.361269e-03 -6.603598e-02 -1.779696e-01
      vertex   -1.289939e-02 -6.441386e-02 -1.773060e-01
    endloop
  endfacet
  facet normal -0.000000e+00 1.000000e+00 0.000000e+00
    outer loop
      vertex   4.427280e-03 6.749956e-02 -1.401764e-01
      vertex   2.819333e-02 6.749956e-02 -1.263326e-01
      vertex   5.000000e-03 6.749956e-02 -1.425000e-01
    endloop
  endfacet
  facet normal 0.000000e+00 1.000000e+00 0.000000e+00
    outer loop
      vertex   5.000000e-03 6.749956e-02 -1.425000e-01
      vertex   2.819333e-02 6.749956e-02 -1.263326e-01
      vertex   3.074074e-02 6.749956e-02 -1.319522e-01
    endloop
  endfacet
  facet normal 0.000000e+00 1.000000e+00 0.000000e+00
    outer loop
      vertex   5.000000e-03 6.749956e-02 -1.425000e-01
      vertex   3.074074e-02 6.749956e-02 -1.319522e-01
      vertex   3.218019e-02 6.749956e-02 -1.379519e-01
    endloop
  endfacet
  facet normal -0.000000e+00 1.000000e+00 0.000000e+00
    outer loop
      vertex   2.840324e-03 6.749956e-02 -1.383851e-01
      vertex   1.500000e-02 6.749956e-02 -1.136686e-01
      vertex   4.427280e-03 6.749956e-02 -1.401764e-01
    endloop
  endfacet
  facet normal 0.000000e+00 1.000000e+00 0.000000e+00
    outer loop
      vertex   4.427280e-03 6.749956e-02 -1.401764e-01
      vertex   1.500000e-02 6.749956e-02 -1.136686e-01
      vertex   2.017852e-02 6.749956e-02 -1.170230e-01
    endloop
  endfacet
  facet normal 0.000000e+00 1.000000e+00 0.000000e+00
    outer loop
      vertex   4.427280e-03 6.749956e-02 -1.401764e-01
      vertex   2.017852e-02 6.749956e-02 -1.170230e-01
      vertex   2.462978e-02 6.749956e-02 -1.212957e-01
    endloop
  endfacet
  facet normal 0.000000e+00 1.000000e+00 -0.000000e+00
    outer loop
      vertex   2.840324e-03 6.749956e-02 -1.383851e-01
      vertex   6.026834e-04 6.749956e-02 -1.375365e-01
      vertex   1.500000e-02 6.749956e-02 -1.136686e-01
    endloop
  endfacet
  facet normal 0.000000e+00 1.000000e+00 0.000000e+00
    outer loop
      vertex   1.500000e-02 6.749956e-02 -1.136686e-01
      vertex   6.026834e-04 6.749956e-02 -1.375365e-01
      vertex   -1.500000e-02 6.749956e-02 -1.136686e-01
    endloop
  endfacet
  facet normal 0.000000e+00 1.000000e+00 0.000000e+00
    outer loop
      vertex   1.500000e-02 6.749956e-02 -1.136686e-01
      vertex   -1.500000e-02 6.749956e-02 -1.136686e-01
      vertex   -1.500000e-02 6.749956e-02 -9.550000e-02
    endloop
  endfacet
  facet normal 0.000000e+00 1.000000e+00 0.000000e+00
    outer loop
      vertex   6.026834e-04 6.749956e-02 -1.375365e-01
      vertex   -1.773024e-03 6.749956e-02 -1.378249e-01
      vertex   -1.500000e-02 6.749956e-02 -1.136686e-01
    endloop
  endfacet
  facet normal 0.000000e+00 1.000000e+00 0.000000e+00
    outer loop
      vertex   -1.500000e-02 6.749956e-02 -1.136686e-01
      vertex   -1.773024e-03 6.749956e-02 -1.378249e-01
      vertex   -3.742554e-03 6.749956e-02 -1.391844e-01
    endloop
  endfacet
  facet normal 0.000000e+00 1.000000e+00 0.000000e+00
    outer loop
      vertex   -1.500000e-02 6.749956e-02 -1.136686e-01
      vertex   -3.742554e-03 6.749956e-02 -1.391844e-01
      vertex   -2.017852e-02 6.749956e-02 -1.170230e-01
    endloop
  endfacet
  facet normal 0.000000e+00 1.000000e+00 0.000000e+00
    outer loop
      vertex   -2.017852e-02 6.749956e-02 -1.170230e-01
      vertex   -3.742554e-03 6.749956e-02 -1.391844e-01
      vertex   -2.462978e-02 6.749956e-02 -1.212957e-01
    endloop
  endfacet
  facet normal 0.000000e+00 1.000000e+00 0.000000e+00
    outer loop
      vertex   -2.462978e-02 6.749956e-02 -1.212957e-01
      vertex   -3.742554e-03 6.749956e-02 -1.391844e-01
      vertex   -4.854709e-03 6.749956e-02 -1.413034e-01
    endloop
  endfacet
  facet normal 0.000000e+00 1.000000e+00 0.000000e+00
    outer loop
      vertex   -2.462978e-02 6.749956e-02 -1.212957e-01
      vertex   -4.854709e-03 6.749956e-02 -1.413034e-01
      vertex   -2.819333e-02 6.749956e-02 -1.263326e-01
    endloop
  endfacet
  facet normal 0.000000e+00 1.000000e+00 0.000000e+00
    outer loop
      vertex   -2.819333e-02 6.749956e-02 -1.263326e-01
      vertex   -4.854709e-03 6.749956e-02 -1.413034e-01
      vertex   -3.074074e-02 6.749956e-02 -1.319522e-01
    endloop
  endfacet
  facet normal 0.000000e+00 1.000000e+00 0.000000e+00
    outer loop
      vertex   -3.074074e-02 6.749956e-02 -1.319522e-01
      vertex   -4.854709e-03 6.749956e-02 -1.413034e-01
      vertex   -3.218019e-02 6.749956e-02 -1.379519e-01
    endloop
  endfacet
  facet normal 0.000000e+00 1.000000e+00 0.000000e+00
    outer loop
      vertex   -3.218019e-02 6.749956e-02 -1.379519e-01
      vertex   -4.854709e-03 6.749956e-02 -1.413034e-01
      vertex   -3.245982e-02 6.749956e-02 -1.441156e-01
    endloop
  endfacet
  facet normal 0.000000e+00 1.000000e+00 0.000000e+00
    outer loop
      vertex   -3.245982e-02 6.749956e-02 -1.441156e-01
      vertex   -4.854709e-03 6.749956e-02 -1.413034e-01
      vertex   -4.854709e-03 6.749956e-02 -1.436966e-01
    endloop
  endfacet
  facet normal -0.000000e+00 1.000000e+00 0.000000e+00
    outer loop
      vertex   -3.245982e-02 6.749956e-02 -1.441156e-01
      vertex   -4.854709e-03 6.749956e-02 -1.436966e-01
      vertex   -3.156953e-02 6.749956e-02 -1.502211e-01
    endloop
  endfacet
  facet normal -0.000000e+00 1.000000e+00 0.000000e+00
    outer loop
      vertex   -3.156953e-02 6.749956e-02 -1.502211e-01
      vertex   -4.854709e-03 6.749956e-02 -1.436966e-01
      vertex   -2.954142e-02 6.749956e-02 -1.560482e-01
    endloop
  endfacet
  facet normal -0.000000e+00 1.000000e+00 0.000000e+00
    outer loop
      vertex   -2.954142e-02 6.749956e-02 -1.560482e-01
      vertex   -4.854709e-03 6.749956e-02 -1.436966e-01
      vertex   -2.644858e-02 6.749956e-02 -1.613871e-01
    endloop
  endfacet
  facet normal -0.000000e+00 1.000000e+00 0.000000e+00
    outer loop
      vertex   -2.644858e-02 6.749956e-02 -1.613871e-01
      vertex   -4.854709e-03 6.749956e-02 -1.436966e-01
      vertex   -2.240249e-02 6.749956e-02 -1.660452e-01
    endloop
  endfacet
  facet normal 0.000000e+00 1.000000e+00 0.000000e+00
    outer loop
      vertex   -2.240249e-02 6.749956e-02 -1.660452e-01
      vertex   -4.854709e-03 6.749956e-02 -1.436966e-01
      vertex   -3.742554e-03 6.749956e-02 -1.458156e-01
    endloop
  endfacet
  facet normal -0.000000e+00 1.000000e+00 0.000000e+00
    outer loop
      vertex   -2.240249e-02 6.749956e-02 -1.660452e-01
      vertex   -3.742554e-03 6.749956e-02 -1.458156e-01
      vertex   -1.754897e-02 6.749956e-02 -1.698548e-01
    endloop
  endfacet
  facet normal -0.000000e+00 1.000000e+00 0.000000e+00
    outer loop
      vertex   -1.754897e-02 6.749956e-02 -1.698548e-01
      vertex   -3.742554e-03 6.749956e-02 -1.458156e-01
      vertex   -1.206295e-02 6.749956e-02 -1.726784e-01
    endloop
  endfacet
  facet normal 0.000000e+00 1.000000e+00 0.000000e+00
    outer loop
      vertex   -1.206295e-02 6.749956e-02 -1.726784e-01
      vertex   -3.742554e-03 6.749956e-02 -1.458156e-01
      vertex   -1.773024e-03 6.749956e-02 -1.471751e-01
    endloop
  endfacet
  facet normal -0.000000e+00 1.000000e+00 0.000000e+00
    outer loop
      vertex   -1.206295e-02 6.749956e-02 -1.726784e-01
      vertex   -1.773024e-03 6.749956e-02 -1.471751e-01
      vertex   -6.142163e-03 6.749956e-02 -1.744143e-01
    endloop
  endfacet
  facet normal -0.000000e+00 1.000000e+00 0.000000e+00
    outer loop
      vertex   -6.142163e-03 6.749956e-02 -1.744143e-01
      vertex   -1.773024e-03 6.749956e-02 -1.471751e-01
      vertex   -1.642295e-17 6.749956e-02 -1.750000e-01
    endloop
  endfacet
  facet normal 0.000000e+00 1.000000e+00 -0.000000e+00
    outer loop
      vertex   -1.642295e-17 6.749956e-02 -1.750000e-01
      vertex   -1.773024e-03 6.749956e-02 -1.471751e-01
      vertex   6.026834e-04 6.749956e-02 -1.474635e-01
    endloop
  endfacet
  facet normal 0.000000e+00 1.000000e+00 0.000000e+00
    outer loop
      vertex   -1.642295e-17 6.749956e-02 -1.750000e-01
      vertex   6.026834e-04 6.749956e-02 -1.474635e-01
      vertex   6.142163e-03 6.749956e-02 -1.744143e-01
    endloop
  endfacet
  facet normal 0.000000e+00 1.000000e+00 0.000000e+00
    outer loop
      vertex   6.142163e-03 6.749956e-02 -1.744143e-01
      vertex   6.026834e-04 6.749956e-02 -1.474635e-01
      vertex   2.840324e-03 6.749956e-02 -1.466149e-01
    endloop
  endfacet
  facet normal 0.000000e+00 1.000000e+00 -0.000000e+00
    outer loop
      vertex   6.142163e-03 6.749956e-02 -1.744143e-01
      vertex   2.840324e-03 6.749956e-02 -1.466149e-01
      vertex   1.206295e-02 6.749956e-02 -1.726784e-01
    endloop
  endfacet
  facet normal 0.000000e+00 1.000000e+00 -0.000000e+00
    outer loop
      vertex   1.206295e-02 6.749956e-02 -1.726784e-01
      vertex   2.840324e-03 6.749956e-02 -1.466149e-01
      vertex   1.754897e-02 6.749956e-02 -1.698548e-01
    endloop
  endfacet
  facet normal 0.000000e+00 1.000000e+00 0.000000e+00
    outer loop
      vertex   1.754897e-02 6.749956e-02 -1.698548e-01
      vertex   2.840324e-03 6.749956e-02 -1.466149e-01
      vertex   4.427280e-03 6.749956e-02 -1.448236e-01
    endloop
  endfacet
  facet normal 0.000000e+00 1.000000e+00 -0.000000e+00
    outer loop
      vertex   1.754897e-02 6.749956e-02 -1.698548e-01
      vertex   4.427280e-03 6.749956e-02 -1.448236e-01
      vertex   2.240249e-02 6.749956e-02 -1.660452e-01
    endloop
  endfacet
  facet normal 0.000000e+00 1.000000e+00 -0.000000e+00
    outer loop
      vertex   2.240249e-02 6.749956e-02 -1.660452e-01
      vertex   4.427280e-03 6.749956e-02 -1.448236e-01
      vertex   2.644858e-02 6.749956e-02 -1.613871e-01
    endloop
  endfacet
  facet normal 0.000000e+00 1.000000e+00 -0.000000e+00
    outer loop
      vertex   2.644858e-02 6.749956e-02 -1.613871e-01
      vertex   4.427280e-03 6.749956e-02 -1.448236e-01
      vertex   2.954142e-02 6.749956e-02 -1.560482e-01
    endloop
  endfacet
  facet normal 0.000000e+00 1.000000e+00 0.000000e+00
    outer loop
      vertex   2.954142e-02 6.749956e-02 -1.560482e-01
      vertex   4.427280e-03 6.749956e-02 -1.448236e-01
      vertex   5.000000e-03 6.749956e-02 -1.425000e-01
    endloop
  endfacet
  facet normal 0.000000e+00 1.000000e+00 -0.000000e+00
    outer loop
      vertex   2.954142e-02 6.749956e-02 -1.560482e-01
      vertex   5.000000e-03 6.749956e-02 -1.425000e-01
      vertex   3.156953e-02 6.749956e-02 -1.502211e-01
    endloop
  endfacet
  facet normal 0.000000e+00 1.000000e+00 -0.000000e+00
    outer loop
      vertex   3.156953e-02 6.749956e-02 -1.502211e-01
      vertex   5.000000e-03 6.749956e-02 -1.425000e-01
      vertex   3.245982e-02 6.749956e-02 -1.441156e-01
    endloop
  endfacet
  facet normal 0.000000e+00 1.000000e+00 0.000000e+00
    outer loop
      vertex   3.245982e-02 6.749956e-02 -1.441156e-01
      vertex   5.000000e-03 6.749956e-02 -1.425000e-01
      vertex   3.218019e-02 6.749956e-02 -1.379519e-01
    endloop
  endfacet
  facet normal -0.000000e+00 1.000000e+00 0.000000e+00
    outer loop
      vertex   -1.500000e-02 6.749956e-02 -9.550000e-02
      vertex   1.500000e-02 6.749956e-02 -9.550000e-02
      vertex   1.500000e-02 6.749956e-02 -1.136686e-01
    endloop
  endfacet
  facet normal 0.000000e+00 1.000000e+00 0.000000e+00
    outer loop
      vertex   2.462978e-02 6.749956e-02 -1.212957e-01
      vertex   2.819333e-02 6.749956e-02 -1.263326e-01
      vertex   4.427280e-03 6.749956e-02 -1.401764e-01
    endloop
  endfacet
  facet normal -9.807853e-01 1.950903e-01 -4.454325e-16
    outer loop
      vertex   -2.000000e-02 6.249956e-02 -9.550000e-02
      vertex   -1.961940e-02 6.441297e-02 -9.550000e-02
      vertex   -2.000000e-02 6.249956e-02 -1.107786e-01
    endloop
  endfacet
  facet normal -9.782693e-01 2.073323e-01 -1.595802e-03
    outer loop
      vertex   -2.000000e-02 6.249956e-02 -1.107786e-01
      vertex   -1.961940e-02 6.441297e-02 -9.550000e-02
      vertex   -1.956938e-02 6.452956e-02 -1.110170e-01
    endloop
  endfacet
  facet normal -8.314687e-01 5.555696e-01 1.493938e-03
    outer loop
      vertex   -1.956938e-02 6.452956e-02 -1.110170e-01
      vertex   -1.961940e-02 6.441297e-02 -9.550000e-02
      vertex   -1.853553e-02 6.603509e-02 -9.550000e-02
    endloop
  endfacet
  facet normal -8.148911e-01 5.796109e-01 -1.943158e-03
    outer loop
      vertex   -1.956938e-02 6.452956e-02 -1.110170e-01
      vertex   -1.853553e-02 6.603509e-02 -9.550000e-02
      vertex   -1.841215e-02 6.615436e-02 -1.116670e-01
    endloop
  endfacet
  facet normal -5.555692e-01 8.314681e-01 1.894021e-03
    outer loop
      vertex   -1.841215e-02 6.615436e-02 -1.116670e-01
      vertex   -1.853553e-02 6.603509e-02 -9.550000e-02
      vertex   -1.691342e-02 6.711895e-02 -9.550000e-02
    endloop
  endfacet
  facet normal -5.319232e-01 8.467918e-01 -1.212319e-03
    outer loop
      vertex   -1.841215e-02 6.615436e-02 -1.116670e-01
      vertex   -1.691342e-02 6.711895e-02 -9.550000e-02
      vertex   -1.680582e-02 6.716207e-02 -1.125926e-01
    endloop
  endfacet
  facet normal -1.950902e-01 9.807845e-01 1.246057e-03
    outer loop
      vertex   -1.680582e-02 6.716207e-02 -1.125926e-01
      vertex   -1.691342e-02 6.711895e-02 -9.550000e-02
      vertex   -1.500000e-02 6.749956e-02 -9.550000e-02
    endloop
  endfacet
  facet normal -1.846300e-01 9.828081e-01 1.009887e-04
    outer loop
      vertex   -1.680582e-02 6.716207e-02 -1.125926e-01
      vertex   -1.500000e-02 6.749956e-02 -9.550000e-02
      vertex   -1.500999e-02 6.749955e-02 -1.136625e-01
    endloop
  endfacet
  facet normal -9.987624e-04 9.999995e-01 -6.675325e-19
    outer loop
      vertex   -1.500999e-02 6.749955e-02 -1.136625e-01
      vertex   -1.500000e-02 6.749956e-02 -9.550000e-02
      vertex   -1.500000e-02 6.749956e-02 -1.136686e-01
    endloop
  endfacet
  facet normal -1.913903e-01 0.000000e+00 9.815140e-01
    outer loop
      vertex   -1.500000e-02 3.976449e-02 -9.050000e-02
      vertex   -1.500000e-02 6.249956e-02 -9.050000e-02
      vertex   -1.687851e-02 3.813629e-02 -9.086630e-02
    endloop
  endfacet
  facet normal -1.950903e-01 2.962434e-04 9.807852e-01
    outer loop
      vertex   -1.687851e-02 3.813629e-02 -9.086630e-02
      vertex   -1.500000e-02 6.249956e-02 -9.050000e-02
      vertex   -1.691342e-02 6.249956e-02 -9.088060e-02
    endloop
  endfacet
  facet normal -5.439915e-01 -2.867917e-04 8.390907e-01
    outer loop
      vertex   -1.687851e-02 3.813629e-02 -9.086630e-02
      vertex   -1.691342e-02 6.249956e-02 -9.088060e-02
      vertex   -1.846579e-02 3.640326e-02 -9.189594e-02
    endloop
  endfacet
  facet normal -5.555701e-01 6.985030e-04 8.314694e-01
    outer loop
      vertex   -1.846579e-02 3.640326e-02 -9.189594e-02
      vertex   -1.691342e-02 6.249956e-02 -9.088060e-02
      vertex   -1.853553e-02 6.249956e-02 -9.196447e-02
    endloop
  endfacet
  facet normal -8.202704e-01 -6.902524e-04 5.719756e-01
    outer loop
      vertex   -1.846579e-02 3.640326e-02 -9.189594e-02
      vertex   -1.853553e-02 6.249956e-02 -9.196447e-02
      vertex   -1.958028e-02 3.496424e-02 -9.349597e-02
    endloop
  endfacet
  facet normal -8.314694e-01 6.471323e-04 5.555701e-01
    outer loop
      vertex   -1.958028e-02 3.496424e-02 -9.349597e-02
      vertex   -1.853553e-02 6.249956e-02 -9.196447e-02
      vertex   -1.961940e-02 6.249956e-02 -9.358658e-02
    endloop
  endfacet
  facet normal -9.520233e-01 -3.452860e-04 3.060253e-01
    outer loop
      vertex   -1.958028e-02 3.496424e-02 -9.349597e-02
      vertex   -1.961940e-02 6.249956e-02 -9.358658e-02
      vertex   -1.989187e-02 3.452514e-02 -9.446580e-02
    endloop
  endfacet
  facet normal -9.807795e-01 3.421462e-03 1.950892e-01
    outer loop
      vertex   -1.989187e-02 3.452514e-02 -9.446580e-02
      vertex   -1.961940e-02 6.249956e-02 -9.358658e-02
      vertex   -2.000000e-02 6.249956e-02 -9.550000e-02
    endloop
  endfacet
  facet normal -9.945790e-01 0.000000e+00 1.039835e-01
    outer loop
      vertex   -1.989187e-02 3.452514e-02 -9.446580e-02
      vertex   -2.000000e-02 6.249956e-02 -9.550000e-02
      vertex   -2.000000e-02 3.436887e-02 -9.550000e-02
    endloop
  endfacet
  facet normal 0.000000e+00 -0.000000e+00 1.000000e+00
    outer loop
      vertex   1.500000e-02 3.976449e-02 -9.050000e-02
      vertex   1.500000e-02 6.249956e-02 -9.050000e-02
      vertex   9.126534e-03 4.150807e-02 -9.050000e-02
    endloop
  endfacet
  facet normal 0.000000e+00 -0.000000e+00 1.000000e+00
    outer loop
      vertex   9.126534e-03 4.150807e-02 -9.050000e-02
      vertex   1.500000e-02 6.249956e-02 -9.050000e-02
      vertex   3.063399e-03 4.238901e-02 -9.050000e-02
    endloop
  endfacet
  facet normal 0.000000e+00 -0.000000e+00 1.000000e+00
    outer loop
      vertex   3.063399e-03 4.238901e-02 -9.050000e-02
      vertex   1.500000e-02 6.249956e-02 -9.050000e-02
      vertex   -1.500000e-02 6.249956e-02 -9.050000e-02
    endloop
  endfacet
  facet normal 0.000000e+00 0.000000e+00 1.000000e+00
    outer loop
      vertex   3.063399e-03 4.238901e-02 -9.050000e-02
      vertex   -1.500000e-02 6.249956e-02 -9.050000e-02
      vertex   -3.063399e-03 4.238901e-02 -9.050000e-02
    endloop
  endfacet
  facet normal 0.000000e+00 0.000000e+00 1.000000e+00
    outer loop
      vertex   -3.063399e-03 4.238901e-02 -9.050000e-02
      vertex   -1.500000e-02 6.249956e-02 -9.050000e-02
      vertex   -9.126534e-03 4.150807e-02 -9.050000e-02
    endloop
  endfacet
  facet normal 0.000000e+00 0.000000e+00 1.000000e+00
    outer loop
      vertex   -9.126534e-03 4.150807e-02 -9.050000e-02
      vertex   -1.500000e-02 6.249956e-02 -9.050000e-02
      vertex   -1.500000e-02 3.976449e-02 -9.050000e-02
    endloop
  endfacet
  facet normal -1.933420e-01 1.335778e-01 9.719958e-01
    outer loop
      vertex   -1.691342e-02 6.249956e-02 -9.088060e-02
      vertex   -1.500000e-02 6.249956e-02 -9.050000e-02
      vertex   -1.651641e-02 6.414115e-02 -9.102723e-02
    endloop
  endfacet
  facet normal -1.287272e-01 1.934672e-01 9.726252e-01
    outer loop
      vertex   -1.651641e-02 6.414115e-02 -9.102723e-02
      vertex   -1.500000e-02 6.249956e-02 -9.050000e-02
      vertex   -1.500000e-02 6.441297e-02 -9.088060e-02
    endloop
  endfacet
  facet normal -1.695469e-01 4.822211e-01 8.594863e-01
    outer loop
      vertex   -1.651641e-02 6.414115e-02 -9.102723e-02
      vertex   -1.500000e-02 6.441297e-02 -9.088060e-02
      vertex   -1.573150e-02 6.576040e-02 -9.178088e-02
    endloop
  endfacet
  facet normal 4.364969e-05 5.555702e-01 8.314696e-01
    outer loop
      vertex   -1.573150e-02 6.576040e-02 -9.178088e-02
      vertex   -1.500000e-02 6.441297e-02 -9.088060e-02
      vertex   -1.500000e-02 6.603509e-02 -9.196447e-02
    endloop
  endfacet
  facet normal -1.702803e-01 8.193266e-01 5.474565e-01
    outer loop
      vertex   -1.573150e-02 6.576040e-02 -9.178088e-02
      vertex   -1.500000e-02 6.603509e-02 -9.196447e-02
      vertex   -1.500000e-02 6.711895e-02 -9.358658e-02
    endloop
  endfacet
  facet normal -8.054650e-02 9.775986e-01 1.944564e-01
    outer loop
      vertex   -1.500000e-02 6.749956e-02 -9.550000e-02
      vertex   -1.635299e-02 6.711895e-02 -9.414701e-02
      vertex   -1.500000e-02 6.711895e-02 -9.358658e-02
    endloop
  endfacet
  facet normal -2.242631e-01 8.102909e-01 5.414191e-01
    outer loop
      vertex   -1.500000e-02 6.711895e-02 -9.358658e-02
      vertex   -1.635299e-02 6.711895e-02 -9.414701e-02
      vertex   -1.750000e-02 6.603509e-02 -9.300000e-02
    endloop
  endfacet
  facet normal -2.329173e-01 8.201033e-01 5.226663e-01
    outer loop
      vertex   -1.500000e-02 6.711895e-02 -9.358658e-02
      vertex   -1.750000e-02 6.603509e-02 -9.300000e-02
      vertex   -1.573150e-02 6.576040e-02 -9.178088e-02
    endloop
  endfacet
  facet normal -4.182729e-01 5.420039e-01 7.288893e-01
    outer loop
      vertex   -1.573150e-02 6.576040e-02 -9.178088e-02
      vertex   -1.750000e-02 6.603509e-02 -9.300000e-02
      vertex   -1.826641e-02 6.441297e-02 -9.223359e-02
    endloop
  endfacet
  facet normal -4.182729e-01 5.420039e-01 7.288893e-01
    outer loop
      vertex   -1.573150e-02 6.576040e-02 -9.178088e-02
      vertex   -1.826641e-02 6.441297e-02 -9.223359e-02
      vertex   -1.651641e-02 6.414115e-02 -9.102723e-02
    endloop
  endfacet
  facet normal -5.342843e-01 2.025172e-01 8.206869e-01
    outer loop
      vertex   -1.651641e-02 6.414115e-02 -9.102723e-02
      vertex   -1.826641e-02 6.441297e-02 -9.223359e-02
      vertex   -1.691342e-02 6.249956e-02 -9.088060e-02
    endloop
  endfacet
  facet normal -1.944564e-01 9.775986e-01 8.054650e-02
    outer loop
      vertex   -1.500000e-02 6.749956e-02 -9.550000e-02
      vertex   -1.691342e-02 6.711895e-02 -9.550000e-02
      vertex   -1.635299e-02 6.711895e-02 -9.414701e-02
    endloop
  endfacet
  facet normal -5.414191e-01 8.102909e-01 2.242631e-01
    outer loop
      vertex   -1.635299e-02 6.711895e-02 -9.414701e-02
      vertex   -1.691342e-02 6.711895e-02 -9.550000e-02
      vertex   -1.853553e-02 6.603509e-02 -9.550000e-02
    endloop
  endfacet
  facet normal -5.414191e-01 8.102909e-01 2.242631e-01
    outer loop
      vertex   -1.635299e-02 6.711895e-02 -9.414701e-02
      vertex   -1.853553e-02 6.603509e-02 -9.550000e-02
      vertex   -1.750000e-02 6.603509e-02 -9.300000e-02
    endloop
  endfacet
  facet normal -4.817234e-01 8.533040e-01 1.995364e-01
    outer loop
      vertex   -1.750000e-02 6.603509e-02 -9.300000e-02
      vertex   -1.853553e-02 6.603509e-02 -9.550000e-02
      vertex   -1.871912e-02 6.576040e-02 -9.476850e-02
    endloop
  endfacet
  facet normal -7.288893e-01 5.420039e-01 4.182729e-01
    outer loop
      vertex   -1.750000e-02 6.603509e-02 -9.300000e-02
      vertex   -1.871912e-02 6.576040e-02 -9.476850e-02
      vertex   -1.947277e-02 6.414115e-02 -9.398359e-02
    endloop
  endfacet
  facet normal -8.594863e-01 4.822211e-01 1.695469e-01
    outer loop
      vertex   -1.947277e-02 6.414115e-02 -9.398359e-02
      vertex   -1.871912e-02 6.576040e-02 -9.476850e-02
      vertex   -1.961940e-02 6.441297e-02 -9.550000e-02
    endloop
  endfacet
  facet normal -9.726252e-01 1.934672e-01 1.287272e-01
    outer loop
      vertex   -1.947277e-02 6.414115e-02 -9.398359e-02
      vertex   -1.961940e-02 6.441297e-02 -9.550000e-02
      vertex   -2.000000e-02 6.249956e-02 -9.550000e-02
    endloop
  endfacet
  facet normal -8.314696e-01 5.555702e-01 -4.364969e-05
    outer loop
      vertex   -1.853553e-02 6.603509e-02 -9.550000e-02
      vertex   -1.961940e-02 6.441297e-02 -9.550000e-02
      vertex   -1.871912e-02 6.576040e-02 -9.476850e-02
    endloop
  endfacet
  facet normal -9.719958e-01 1.335778e-01 1.933420e-01
    outer loop
      vertex   -2.000000e-02 6.249956e-02 -9.550000e-02
      vertex   -1.961940e-02 6.249956e-02 -9.358658e-02
      vertex   -1.947277e-02 6.414115e-02 -9.398359e-02
    endloop
  endfacet
  facet normal -8.206869e-01 2.025172e-01 5.342843e-01
    outer loop
      vertex   -1.947277e-02 6.414115e-02 -9.398359e-02
      vertex   -1.961940e-02 6.249956e-02 -9.358658e-02
      vertex   -1.826641e-02 6.441297e-02 -9.223359e-02
    endloop
  endfacet
  facet normal -7.288893e-01 5.420039e-01 4.182729e-01
    outer loop
      vertex   -1.947277e-02 6.414115e-02 -9.398359e-02
      vertex   -1.826641e-02 6.441297e-02 -9.223359e-02
      vertex   -1.750000e-02 6.603509e-02 -9.300000e-02
    endloop
  endfacet
  facet normal -8.160845e-01 1.914805e-01 5.452902e-01
    outer loop
      vertex   -1.961940e-02 6.249956e-02 -9.358658e-02
      vertex   -1.853553e-02 6.249956e-02 -9.196447e-02
      vertex   -1.826641e-02 6.441297e-02 -9.223359e-02
    endloop
  endfacet
  facet normal -5.452902e-01 1.914805e-01 8.160845e-01
    outer loop
      vertex   -1.826641e-02 6.441297e-02 -9.223359e-02
      vertex   -1.853553e-02 6.249956e-02 -9.196447e-02
      vertex   -1.691342e-02 6.249956e-02 -9.088060e-02
    endloop
  endfacet
  facet normal 0.000000e+00 9.807853e-01 1.950903e-01
    outer loop
      vertex   1.500000e-02 6.749956e-02 -9.550000e-02
      vertex   -1.500000e-02 6.749956e-02 -9.550000e-02
      vertex   1.500000e-02 6.711895e-02 -9.358658e-02
    endloop
  endfacet
  facet normal 5.439517e-16 9.807853e-01 1.950903e-01
    outer loop
      vertex   1.500000e-02 6.711895e-02 -9.358658e-02
      vertex   -1.500000e-02 6.749956e-02 -9.550000e-02
      vertex   -1.500000e-02 6.711895e-02 -9.358658e-02
    endloop
  endfacet
  facet normal 6.416348e-16 8.314696e-01 5.555702e-01
    outer loop
      vertex   1.500000e-02 6.711895e-02 -9.358658e-02
      vertex   -1.500000e-02 6.711895e-02 -9.358658e-02
      vertex   1.500000e-02 6.603509e-02 -9.196447e-02
    endloop
  endfacet
  facet normal 3.846320e-16 8.314696e-01 5.555702e-01
    outer loop
      vertex   1.500000e-02 6.603509e-02 -9.196447e-02
      vertex   -1.500000e-02 6.711895e-02 -9.358658e-02
      vertex   -1.500000e-02 6.603509e-02 -9.196447e-02
    endloop
  endfacet
  facet normal 2.570029e-16 5.555702e-01 8.314696e-01
    outer loop
      vertex   1.500000e-02 6.603509e-02 -9.196447e-02
      vertex   -1.500000e-02 6.603509e-02 -9.196447e-02
      vertex   1.500000e-02 6.441297e-02 -9.088060e-02
    endloop
  endfacet
  facet normal 7.692639e-16 5.555702e-01 8.314696e-01
    outer loop
      vertex   1.500000e-02 6.441297e-02 -9.088060e-02
      vertex   -1.500000e-02 6.603509e-02 -9.196447e-02
      vertex   -1.500000e-02 6.441297e-02 -9.088060e-02
    endloop
  endfacet
  facet normal 9.074087e-16 1.950903e-01 9.807853e-01
    outer loop
      vertex   1.500000e-02 6.441297e-02 -9.088060e-02
      vertex   -1.500000e-02 6.441297e-02 -9.088060e-02
      vertex   1.500000e-02 6.249956e-02 -9.050000e-02
    endloop
  endfacet
  facet normal 0.000000e+00 1.950903e-01 9.807853e-01
    outer loop
      vertex   1.500000e-02 6.249956e-02 -9.050000e-02
      vertex   -1.500000e-02 6.441297e-02 -9.088060e-02
      vertex   -1.500000e-02 6.249956e-02 -9.050000e-02
    endloop
  endfacet
  facet normal 9.807853e-01 1.950903e-01 2.227162e-16
    outer loop
      vertex   2.000000e-02 6.249956e-02 -9.550000e-02
      vertex   2.000000e-02 6.249956e-02 -1.107786e-01
      vertex   1.961940e-02 6.441297e-02 -9.550000e-02
    endloop
  endfacet
  facet normal 9.782713e-01 2.073226e-01 -1.594537e-03
    outer loop
      vertex   1.961940e-02 6.441297e-02 -9.550000e-02
      vertex   2.000000e-02 6.249956e-02 -1.107786e-01
      vertex   1.956942e-02 6.452946e-02 -1.110170e-01
    endloop
  endfacet
  facet normal 8.314687e-01 5.555696e-01 1.492718e-03
    outer loop
      vertex   1.961940e-02 6.441297e-02 -9.550000e-02
      vertex   1.956942e-02 6.452946e-02 -1.110170e-01
      vertex   1.853553e-02 6.603509e-02 -9.550000e-02
    endloop
  endfacet
  facet normal 8.149026e-01 5.795947e-01 -1.942241e-03
    outer loop
      vertex   1.853553e-02 6.603509e-02 -9.550000e-02
      vertex   1.956942e-02 6.452946e-02 -1.110170e-01
      vertex   1.841223e-02 6.615428e-02 -1.116669e-01
    endloop
  endfacet
  facet normal 5.555692e-01 8.314681e-01 1.892574e-03
    outer loop
      vertex   1.853553e-02 6.603509e-02 -9.550000e-02
      vertex   1.841223e-02 6.615428e-02 -1.116669e-01
      vertex   1.691342e-02 6.711895e-02 -9.550000e-02
    endloop
  endfacet
  facet normal 5.319645e-01 8.467658e-01 -1.208587e-03
    outer loop
      vertex   1.691342e-02 6.711895e-02 -9.550000e-02
      vertex   1.841223e-02 6.615428e-02 -1.116669e-01
      vertex   1.680616e-02 6.716194e-02 -1.125924e-01
    endloop
  endfacet
  facet normal 1.950902e-01 9.807845e-01 1.242478e-03
    outer loop
      vertex   1.691342e-02 6.711895e-02 -9.550000e-02
      vertex   1.680616e-02 6.716194e-02 -1.125924e-01
      vertex   1.500000e-02 6.749956e-02 -9.550000e-02
    endloop
  endfacet
  facet normal 1.847562e-01 9.827844e-01 1.109850e-04
    outer loop
      vertex   1.500000e-02 6.749956e-02 -9.550000e-02
      vertex   1.680616e-02 6.716194e-02 -1.125924e-01
      vertex   1.501097e-02 6.749954e-02 -1.136619e-01
    endloop
  endfacet
  facet normal 1.097413e-03 9.999994e-01 4.191208e-19
    outer loop
      vertex   1.500000e-02 6.749956e-02 -9.550000e-02
      vertex   1.501097e-02 6.749954e-02 -1.136619e-01
      vertex   1.500000e-02 6.749956e-02 -1.136686e-01
    endloop
  endfacet
  facet normal 9.807853e-01 -0.000000e+00 1.950903e-01
    outer loop
      vertex   2.000000e-02 3.976449e-02 -9.550000e-02
      vertex   2.000000e-02 6.249956e-02 -9.550000e-02
      vertex   1.961940e-02 3.976449e-02 -9.358658e-02
    endloop
  endfacet
  facet normal 9.807853e-01 -1.639554e-14 1.950903e-01
    outer loop
      vertex   1.961940e-02 3.976449e-02 -9.358658e-02
      vertex   2.000000e-02 6.249956e-02 -9.550000e-02
      vertex   1.961940e-02 6.249956e-02 -9.358658e-02
    endloop
  endfacet
  facet normal 8.314696e-01 1.587196e-14 5.555702e-01
    outer loop
      vertex   1.961940e-02 3.976449e-02 -9.358658e-02
      vertex   1.961940e-02 6.249956e-02 -9.358658e-02
      vertex   1.853553e-02 3.976449e-02 -9.196447e-02
    endloop
  endfacet
  facet normal 8.314696e-01 -3.237676e-14 5.555702e-01
    outer loop
      vertex   1.853553e-02 3.976449e-02 -9.196447e-02
      vertex   1.961940e-02 6.249956e-02 -9.358658e-02
      vertex   1.853553e-02 6.249956e-02 -9.196447e-02
    endloop
  endfacet
  facet normal 5.555702e-01 3.258843e-14 8.314696e-01
    outer loop
      vertex   1.853553e-02 3.976449e-02 -9.196447e-02
      vertex   1.853553e-02 6.249956e-02 -9.196447e-02
      vertex   1.691342e-02 3.976449e-02 -9.088060e-02
    endloop
  endfacet
  facet normal 5.555702e-01 -4.799885e-14 8.314696e-01
    outer loop
      vertex   1.691342e-02 3.976449e-02 -9.088060e-02
      vertex   1.853553e-02 6.249956e-02 -9.196447e-02
      vertex   1.691342e-02 6.249956e-02 -9.088060e-02
    endloop
  endfacet
  facet normal 1.950903e-01 4.957773e-14 9.807853e-01
    outer loop
      vertex   1.691342e-02 3.976449e-02 -9.088060e-02
      vertex   1.691342e-02 6.249956e-02 -9.088060e-02
      vertex   1.500000e-02 3.976449e-02 -9.050000e-02
    endloop
  endfacet
  facet normal 1.950903e-01 -6.496127e-14 9.807853e-01
    outer loop
      vertex   1.500000e-02 3.976449e-02 -9.050000e-02
      vertex   1.691342e-02 6.249956e-02 -9.088060e-02
      vertex   1.500000e-02 6.249956e-02 -9.050000e-02
    endloop
  endfacet
  facet normal 9.933664e-01 1.113751e-02 1.144513e-01
    outer loop
      vertex   2.000000e-02 3.755026e-02 -9.528453e-02
      vertex   2.000000e-02 3.976449e-02 -9.550000e-02
      vertex   1.988067e-02 3.873183e-02 -9.436377e-02
    endloop
  endfacet
  facet normal 9.757897e-01 1.008019e-01 1.940966e-01
    outer loop
      vertex   1.988067e-02 3.873183e-02 -9.436377e-02
      vertex   2.000000e-02 3.976449e-02 -9.550000e-02
      vertex   1.961940e-02 3.976449e-02 -9.358658e-02
    endloop
  endfacet
  facet normal 9.356262e-01 -2.810288e-02 3.518719e-01
    outer loop
      vertex   1.988067e-02 3.873183e-02 -9.436377e-02
      vertex   1.961940e-02 3.976449e-02 -9.358658e-02
      vertex   1.940588e-02 3.885886e-02 -9.309117e-02
    endloop
  endfacet
  facet normal 8.266729e-01 1.072601e-01 5.523651e-01
    outer loop
      vertex   1.940588e-02 3.885886e-02 -9.309117e-02
      vertex   1.961940e-02 3.976449e-02 -9.358658e-02
      vertex   1.853553e-02 3.976449e-02 -9.196447e-02
    endloop
  endfacet
  facet normal 8.085034e-01 4.721351e-02 5.865945e-01
    outer loop
      vertex   1.940588e-02 3.885886e-02 -9.309117e-02
      vertex   1.853553e-02 3.976449e-02 -9.196447e-02
      vertex   1.860306e-02 3.896844e-02 -9.199346e-02
    endloop
  endfacet
  facet normal 6.626515e-01 2.894831e-02 7.483682e-01
    outer loop
      vertex   1.860306e-02 3.896844e-02 -9.199346e-02
      vertex   1.853553e-02 3.976449e-02 -9.196447e-02
      vertex   1.801209e-02 3.902048e-02 -9.147220e-02
    endloop
  endfacet
  facet normal 6.619186e-01 1.392854e-01 7.365211e-01
    outer loop
      vertex   1.860306e-02 3.896844e-02 -9.199346e-02
      vertex   1.801209e-02 3.902048e-02 -9.147220e-02
      vertex   1.874883e-02 3.726993e-02 -9.180326e-02
    endloop
  endfacet
  facet normal 6.969640e-01 1.611760e-01 6.987585e-01
    outer loop
      vertex   1.874883e-02 3.726993e-02 -9.180326e-02
      vertex   1.801209e-02 3.902048e-02 -9.147220e-02
      vertex   1.821510e-02 3.742756e-02 -9.130726e-02
    endloop
  endfacet
  facet normal 6.967688e-01 2.761413e-01 6.620116e-01
    outer loop
      vertex   1.874883e-02 3.726993e-02 -9.180326e-02
      vertex   1.821510e-02 3.742756e-02 -9.130726e-02
      vertex   1.889369e-02 3.561380e-02 -9.126491e-02
    endloop
  endfacet
  facet normal 7.316673e-01 2.881648e-01 6.177573e-01
    outer loop
      vertex   1.889369e-02 3.561380e-02 -9.126491e-02
      vertex   1.821510e-02 3.742756e-02 -9.130726e-02
      vertex   1.841793e-02 3.586715e-02 -9.081960e-02
    endloop
  endfacet
  facet normal 7.314009e-01 3.891000e-01 5.600482e-01
    outer loop
      vertex   1.889369e-02 3.561380e-02 -9.126491e-02
      vertex   1.841793e-02 3.586715e-02 -9.081960e-02
      vertex   1.902904e-02 3.409584e-02 -9.038706e-02
    endloop
  endfacet
  facet normal 7.640702e-01 3.892430e-01 5.144771e-01
    outer loop
      vertex   1.902904e-02 3.409584e-02 -9.038706e-02
      vertex   1.841793e-02 3.586715e-02 -9.081960e-02
      vertex   1.860836e-02 3.443088e-02 -9.001576e-02
    endloop
  endfacet
  facet normal 7.636797e-01 4.780033e-01 4.339426e-01
    outer loop
      vertex   1.902904e-02 3.409584e-02 -9.038706e-02
      vertex   1.860836e-02 3.443088e-02 -9.001576e-02
      vertex   1.914498e-02 3.282063e-02 -8.918639e-02
    endloop
  endfacet
  facet normal 7.916999e-01 4.668100e-01 3.940809e-01
    outer loop
      vertex   1.914498e-02 3.282063e-02 -8.918639e-02
      vertex   1.860836e-02 3.443088e-02 -9.001576e-02
      vertex   1.877219e-02 3.321954e-02 -8.891001e-02
    endloop
  endfacet
  facet normal 7.926560e-01 5.181721e-01 3.212385e-01
    outer loop
      vertex   1.914498e-02 3.282063e-02 -8.918639e-02
      vertex   1.877219e-02 3.321954e-02 -8.891001e-02
      vertex   1.922519e-02 3.219659e-02 -8.837773e-02
    endloop
  endfacet
  facet normal 7.811147e-01 5.232124e-01 3.407472e-01
    outer loop
      vertex   1.922519e-02 3.219659e-02 -8.837773e-02
      vertex   1.877219e-02 3.321954e-02 -8.891001e-02
      vertex   1.812534e-02 3.298457e-02 -8.706639e-02
    endloop
  endfacet
  facet normal 6.924952e-01 7.039495e-01 1.578148e-01
    outer loop
      vertex   1.922519e-02 3.219659e-02 -8.837773e-02
      vertex   1.812534e-02 3.298457e-02 -8.706639e-02
      vertex   1.831802e-02 3.272070e-02 -8.673489e-02
    endloop
  endfacet
  facet normal 5.615917e-01 7.748129e-01 2.903097e-01
    outer loop
      vertex   1.831802e-02 3.272070e-02 -8.673489e-02
      vertex   1.812534e-02 3.298457e-02 -8.706639e-02
      vertex   1.724501e-02 3.341677e-02 -8.651693e-02
    endloop
  endfacet
  facet normal 5.546058e-01 8.274746e-01 8.773936e-02
    outer loop
      vertex   1.831802e-02 3.272070e-02 -8.673489e-02
      vertex   1.724501e-02 3.341677e-02 -8.651693e-02
      vertex   1.731710e-02 3.326167e-02 -8.550988e-02
    endloop
  endfacet
  facet normal 5.335373e-01 8.408337e-01 9.130503e-02
    outer loop
      vertex   1.731710e-02 3.326167e-02 -8.550988e-02
      vertex   1.724501e-02 3.341677e-02 -8.651693e-02
      vertex   1.730769e-02 3.326656e-02 -8.550000e-02
    endloop
  endfacet
  facet normal 5.486552e-01 1.572851e-01 8.211205e-01
    outer loop
      vertex   1.853553e-02 3.976449e-02 -9.196447e-02
      vertex   1.691342e-02 3.976449e-02 -9.088060e-02
      vertex   1.801209e-02 3.902048e-02 -9.147220e-02
    endloop
  endfacet
  facet normal 4.728105e-01 -2.455609e-03 8.811607e-01
    outer loop
      vertex   1.801209e-02 3.902048e-02 -9.147220e-02
      vertex   1.691342e-02 3.976449e-02 -9.088060e-02
      vertex   1.667956e-02 3.909191e-02 -9.075699e-02
    endloop
  endfacet
  facet normal 4.737871e-01 1.502307e-01 8.677307e-01
    outer loop
      vertex   1.801209e-02 3.902048e-02 -9.147220e-02
      vertex   1.667956e-02 3.909191e-02 -9.075699e-02
      vertex   1.821510e-02 3.742756e-02 -9.130726e-02
    endloop
  endfacet
  facet normal 5.264754e-01 2.136614e-01 8.229049e-01
    outer loop
      vertex   1.821510e-02 3.742756e-02 -9.130726e-02
      vertex   1.667956e-02 3.909191e-02 -9.075699e-02
      vertex   1.700012e-02 3.765577e-02 -9.058920e-02
    endloop
  endfacet
  facet normal 5.260367e-01 3.152282e-01 7.898839e-01
    outer loop
      vertex   1.821510e-02 3.742756e-02 -9.130726e-02
      vertex   1.700012e-02 3.765577e-02 -9.058920e-02
      vertex   1.841793e-02 3.586715e-02 -9.081960e-02
    endloop
  endfacet
  facet normal 5.789510e-01 3.650022e-01 7.291016e-01
    outer loop
      vertex   1.841793e-02 3.586715e-02 -9.081960e-02
      vertex   1.700012e-02 3.765577e-02 -9.058920e-02
      vertex   1.732493e-02 3.625161e-02 -9.014416e-02
    endloop
  endfacet
  facet normal 5.784175e-01 4.554505e-01 6.767556e-01
    outer loop
      vertex   1.841793e-02 3.586715e-02 -9.081960e-02
      vertex   1.732493e-02 3.625161e-02 -9.014416e-02
      vertex   1.860836e-02 3.443088e-02 -9.001576e-02
    endloop
  endfacet
  facet normal 6.285488e-01 4.858914e-01 6.073186e-01
    outer loop
      vertex   1.860836e-02 3.443088e-02 -9.001576e-02
      vertex   1.732493e-02 3.625161e-02 -9.014416e-02
      vertex   1.763370e-02 3.495950e-02 -8.942996e-02
    endloop
  endfacet
  facet normal 6.277985e-01 5.693812e-01 5.307298e-01
    outer loop
      vertex   1.860836e-02 3.443088e-02 -9.001576e-02
      vertex   1.763370e-02 3.495950e-02 -8.942996e-02
      vertex   1.877219e-02 3.321954e-02 -8.891001e-02
    endloop
  endfacet
  facet normal 6.710443e-01 5.778831e-01 4.644897e-01
    outer loop
      vertex   1.877219e-02 3.321954e-02 -8.891001e-02
      vertex   1.763370e-02 3.495950e-02 -8.942996e-02
      vertex   1.790240e-02 3.386836e-02 -8.846064e-02
    endloop
  endfacet
  facet normal 6.671135e-01 6.728133e-01 3.198153e-01
    outer loop
      vertex   1.877219e-02 3.321954e-02 -8.891001e-02
      vertex   1.790240e-02 3.386836e-02 -8.846064e-02
      vertex   1.812534e-02 3.298457e-02 -8.706639e-02
    endloop
  endfacet
  facet normal 4.724714e-01 7.766011e-01 4.167272e-01
    outer loop
      vertex   1.812534e-02 3.298457e-02 -8.706639e-02
      vertex   1.790240e-02 3.386836e-02 -8.846064e-02
      vertex   1.706613e-02 3.385107e-02 -8.748029e-02
    endloop
  endfacet
  facet normal 5.501143e-01 7.948245e-01 2.561801e-01
    outer loop
      vertex   1.812534e-02 3.298457e-02 -8.706639e-02
      vertex   1.706613e-02 3.385107e-02 -8.748029e-02
      vertex   1.724501e-02 3.341677e-02 -8.651693e-02
    endloop
  endfacet
  facet normal 1.938691e-01 1.117141e-01 9.746459e-01
    outer loop
      vertex   1.691342e-02 3.976449e-02 -9.088060e-02
      vertex   1.500000e-02 3.976449e-02 -9.050000e-02
      vertex   1.667956e-02 3.909191e-02 -9.075699e-02
    endloop
  endfacet
  facet normal 2.339513e-01 2.225905e-01 9.464250e-01
    outer loop
      vertex   1.667956e-02 3.909191e-02 -9.075699e-02
      vertex   1.500000e-02 3.976449e-02 -9.050000e-02
      vertex   1.572240e-02 3.746779e-02 -9.013841e-02
    endloop
  endfacet
  facet normal 3.041453e-01 1.772481e-01 9.359908e-01
    outer loop
      vertex   1.667956e-02 3.909191e-02 -9.075699e-02
      vertex   1.572240e-02 3.746779e-02 -9.013841e-02
      vertex   1.700012e-02 3.765577e-02 -9.058920e-02
    endloop
  endfacet
  facet normal 2.663105e-01 3.466559e-01 8.993933e-01
    outer loop
      vertex   1.700012e-02 3.765577e-02 -9.058920e-02
      vertex   1.572240e-02 3.746779e-02 -9.013841e-02
      vertex   1.732493e-02 3.625161e-02 -9.014416e-02
    endloop
  endfacet
  facet normal 3.969235e-01 5.194344e-01 7.567296e-01
    outer loop
      vertex   1.572240e-02 3.746779e-02 -9.013841e-02
      vertex   1.646501e-02 3.538403e-02 -8.909759e-02
      vertex   1.732493e-02 3.625161e-02 -9.014416e-02
    endloop
  endfacet
  facet normal 4.022854e-01 5.146486e-01 7.571679e-01
    outer loop
      vertex   1.732493e-02 3.625161e-02 -9.014416e-02
      vertex   1.646501e-02 3.538403e-02 -8.909759e-02
      vertex   1.763370e-02 3.495950e-02 -8.942996e-02
    endloop
  endfacet
  facet normal 4.173329e-01 6.588211e-01 6.259297e-01
    outer loop
      vertex   1.763370e-02 3.495950e-02 -8.942996e-02
      vertex   1.646501e-02 3.538403e-02 -8.909759e-02
      vertex   1.790240e-02 3.386836e-02 -8.846064e-02
    endloop
  endfacet
  facet normal 5.344295e-01 7.036243e-01 4.682925e-01
    outer loop
      vertex   1.790240e-02 3.386836e-02 -8.846064e-02
      vertex   1.646501e-02 3.538403e-02 -8.909759e-02
      vertex   1.706613e-02 3.385107e-02 -8.748029e-02
    endloop
  endfacet
  facet normal 8.826174e-01 4.104418e-01 2.291812e-01
    outer loop
      vertex   1.914498e-02 3.282063e-02 -8.918639e-02
      vertex   1.922519e-02 3.219659e-02 -8.837773e-02
      vertex   1.964059e-02 3.205220e-02 -8.971890e-02
    endloop
  endfacet
  facet normal 9.553674e-01 4.853438e-03 2.953804e-01
    outer loop
      vertex   1.964059e-02 3.205220e-02 -8.971890e-02
      vertex   1.922519e-02 3.219659e-02 -8.837773e-02
      vertex   1.980274e-02 3.184452e-02 -9.023995e-02
    endloop
  endfacet
  facet normal 9.504573e-01 2.367807e-01 2.014094e-01
    outer loop
      vertex   1.964059e-02 3.205220e-02 -8.971890e-02
      vertex   1.980274e-02 3.184452e-02 -9.023995e-02
      vertex   1.959085e-02 3.343921e-02 -9.111478e-02
    endloop
  endfacet
  facet normal 9.560614e-01 2.280794e-01 1.841910e-01
    outer loop
      vertex   1.959085e-02 3.343921e-02 -9.111478e-02
      vertex   1.980274e-02 3.184452e-02 -9.023995e-02
      vertex   1.991830e-02 3.271490e-02 -9.191752e-02
    endloop
  endfacet
  facet normal 9.568289e-01 1.773840e-01 2.302463e-01
    outer loop
      vertex   1.959085e-02 3.343921e-02 -9.111478e-02
      vertex   1.991830e-02 3.271490e-02 -9.191752e-02
      vertex   1.953245e-02 3.510658e-02 -9.215667e-02
    endloop
  endfacet
  facet normal 9.504865e-01 1.787567e-01 2.542077e-01
    outer loop
      vertex   1.953245e-02 3.510658e-02 -9.215667e-02
      vertex   1.991830e-02 3.271490e-02 -9.191752e-02
      vertex   1.990646e-02 3.453848e-02 -9.315561e-02
    endloop
  endfacet
  facet normal 9.506695e-01 1.335472e-01 2.799867e-01
    outer loop
      vertex   1.953245e-02 3.510658e-02 -9.215667e-02
      vertex   1.990646e-02 3.453848e-02 -9.315561e-02
      vertex   1.946958e-02 3.694655e-02 -9.282079e-02
    endloop
  endfacet
  facet normal 9.437974e-01 1.289132e-01 3.043484e-01
    outer loop
      vertex   1.946958e-02 3.694655e-02 -9.282079e-02
      vertex   1.990646e-02 3.453848e-02 -9.315561e-02
      vertex   1.989367e-02 3.657818e-02 -9.397991e-02
    endloop
  endfacet
  facet normal 9.439698e-01 7.682291e-02 3.209661e-01
    outer loop
      vertex   1.946958e-02 3.694655e-02 -9.282079e-02
      vertex   1.989367e-02 3.657818e-02 -9.397991e-02
      vertex   1.940588e-02 3.885886e-02 -9.309117e-02
    endloop
  endfacet
  facet normal 9.369914e-01 6.677910e-02 3.429105e-01
    outer loop
      vertex   1.940588e-02 3.885886e-02 -9.309117e-02
      vertex   1.989367e-02 3.657818e-02 -9.397991e-02
      vertex   1.988067e-02 3.873183e-02 -9.436377e-02
    endloop
  endfacet
  facet normal 9.939664e-01 5.306127e-02 9.599677e-02
    outer loop
      vertex   1.980274e-02 3.184452e-02 -9.023995e-02
      vertex   2.000000e-02 3.172100e-02 -9.221414e-02
      vertex   1.991830e-02 3.271490e-02 -9.191752e-02
    endloop
  endfacet
  facet normal 9.954816e-01 5.982968e-02 7.373449e-02
    outer loop
      vertex   1.991830e-02 3.271490e-02 -9.191752e-02
      vertex   2.000000e-02 3.172100e-02 -9.221414e-02
      vertex   2.000000e-02 3.344757e-02 -9.361511e-02
    endloop
  endfacet
  facet normal 9.958961e-01 5.517094e-02 7.174376e-02
    outer loop
      vertex   1.991830e-02 3.271490e-02 -9.191752e-02
      vertex   2.000000e-02 3.344757e-02 -9.361511e-02
      vertex   1.990646e-02 3.453848e-02 -9.315561e-02
    endloop
  endfacet
  facet normal 9.948016e-01 4.731488e-02 9.017251e-02
    outer loop
      vertex   1.990646e-02 3.453848e-02 -9.315561e-02
      vertex   2.000000e-02 3.344757e-02 -9.361511e-02
      vertex   2.000000e-02 3.541795e-02 -9.464900e-02
    endloop
  endfacet
  facet normal 9.953851e-01 4.125454e-02 8.664009e-02
    outer loop
      vertex   1.990646e-02 3.453848e-02 -9.315561e-02
      vertex   2.000000e-02 3.541795e-02 -9.464900e-02
      vertex   1.989367e-02 3.657818e-02 -9.397991e-02
    endloop
  endfacet
  facet normal 9.940777e-01 3.104006e-02 1.041447e-01
    outer loop
      vertex   1.989367e-02 3.657818e-02 -9.397991e-02
      vertex   2.000000e-02 3.541795e-02 -9.464900e-02
      vertex   2.000000e-02 3.755026e-02 -9.528453e-02
    endloop
  endfacet
  facet normal 9.948416e-01 2.359345e-02 9.865838e-02
    outer loop
      vertex   1.989367e-02 3.657818e-02 -9.397991e-02
      vertex   2.000000e-02 3.755026e-02 -9.528453e-02
      vertex   1.988067e-02 3.873183e-02 -9.436377e-02
    endloop
  endfacet
  facet normal 8.075135e-01 1.088628e-01 5.797162e-01
    outer loop
      vertex   1.946958e-02 3.694655e-02 -9.282079e-02
      vertex   1.940588e-02 3.885886e-02 -9.309117e-02
      vertex   1.860306e-02 3.896844e-02 -9.199346e-02
    endloop
  endfacet
  facet normal 8.281924e-01 1.320695e-01 5.446604e-01
    outer loop
      vertex   1.946958e-02 3.694655e-02 -9.282079e-02
      vertex   1.860306e-02 3.896844e-02 -9.199346e-02
      vertex   1.874883e-02 3.726993e-02 -9.180326e-02
    endloop
  endfacet
  facet normal 8.278606e-01 2.152556e-01 5.179883e-01
    outer loop
      vertex   1.946958e-02 3.694655e-02 -9.282079e-02
      vertex   1.874883e-02 3.726993e-02 -9.180326e-02
      vertex   1.953245e-02 3.510658e-02 -9.215667e-02
    endloop
  endfacet
  facet normal 8.483319e-01 2.293307e-01 4.772215e-01
    outer loop
      vertex   1.953245e-02 3.510658e-02 -9.215667e-02
      vertex   1.874883e-02 3.726993e-02 -9.180326e-02
      vertex   1.889369e-02 3.561380e-02 -9.126491e-02
    endloop
  endfacet
  facet normal 8.479606e-01 3.019289e-01 4.356625e-01
    outer loop
      vertex   1.953245e-02 3.510658e-02 -9.215667e-02
      vertex   1.889369e-02 3.561380e-02 -9.126491e-02
      vertex   1.959085e-02 3.343921e-02 -9.111478e-02
    endloop
  endfacet
  facet normal 8.669852e-01 3.051503e-01 3.939796e-01
    outer loop
      vertex   1.959085e-02 3.343921e-02 -9.111478e-02
      vertex   1.889369e-02 3.561380e-02 -9.126491e-02
      vertex   1.902904e-02 3.409584e-02 -9.038706e-02
    endloop
  endfacet
  facet normal 8.665481e-01 3.691325e-01 3.359101e-01
    outer loop
      vertex   1.959085e-02 3.343921e-02 -9.111478e-02
      vertex   1.902904e-02 3.409584e-02 -9.038706e-02
      vertex   1.964059e-02 3.205220e-02 -8.971890e-02
    endloop
  endfacet
  facet normal 8.828301e-01 3.620200e-01 2.992534e-01
    outer loop
      vertex   1.964059e-02 3.205220e-02 -8.971890e-02
      vertex   1.902904e-02 3.409584e-02 -9.038706e-02
      vertex   1.914498e-02 3.282063e-02 -8.918639e-02
    endloop
  endfacet
  facet normal 1.944564e-01 9.775986e-01 8.054650e-02
    outer loop
      vertex   1.691342e-02 6.711895e-02 -9.550000e-02
      vertex   1.500000e-02 6.749956e-02 -9.550000e-02
      vertex   1.635299e-02 6.711895e-02 -9.414701e-02
    endloop
  endfacet
  facet normal 8.054650e-02 9.775986e-01 1.944564e-01
    outer loop
      vertex   1.635299e-02 6.711895e-02 -9.414701e-02
      vertex   1.500000e-02 6.749956e-02 -9.550000e-02
      vertex   1.500000e-02 6.711895e-02 -9.358658e-02
    endloop
  endfacet
  facet normal 2.242631e-01 8.102909e-01 5.414191e-01
    outer loop
      vertex   1.635299e-02 6.711895e-02 -9.414701e-02
      vertex   1.500000e-02 6.711895e-02 -9.358658e-02
      vertex   1.500000e-02 6.603509e-02 -9.196447e-02
    endloop
  endfacet
  facet normal -4.364969e-05 5.555702e-01 8.314696e-01
    outer loop
      vertex   1.500000e-02 6.441297e-02 -9.088060e-02
      vertex   1.573150e-02 6.576040e-02 -9.178088e-02
      vertex   1.500000e-02 6.603509e-02 -9.196447e-02
    endloop
  endfacet
  facet normal 1.995364e-01 8.533040e-01 4.817234e-01
    outer loop
      vertex   1.500000e-02 6.603509e-02 -9.196447e-02
      vertex   1.573150e-02 6.576040e-02 -9.178088e-02
      vertex   1.750000e-02 6.603509e-02 -9.300000e-02
    endloop
  endfacet
  facet normal 2.242631e-01 8.102909e-01 5.414191e-01
    outer loop
      vertex   1.500000e-02 6.603509e-02 -9.196447e-02
      vertex   1.750000e-02 6.603509e-02 -9.300000e-02
      vertex   1.635299e-02 6.711895e-02 -9.414701e-02
    endloop
  endfacet
  facet normal 5.414191e-01 8.102909e-01 2.242631e-01
    outer loop
      vertex   1.635299e-02 6.711895e-02 -9.414701e-02
      vertex   1.750000e-02 6.603509e-02 -9.300000e-02
      vertex   1.691342e-02 6.711895e-02 -9.550000e-02
    endloop
  endfacet
  facet normal 1.695469e-01 4.822211e-01 8.594863e-01
    outer loop
      vertex   1.573150e-02 6.576040e-02 -9.178088e-02
      vertex   1.500000e-02 6.441297e-02 -9.088060e-02
      vertex   1.651641e-02 6.414115e-02 -9.102723e-02
    endloop
  endfacet
  facet normal 1.287272e-01 1.934672e-01 9.726252e-01
    outer loop
      vertex   1.651641e-02 6.414115e-02 -9.102723e-02
      vertex   1.500000e-02 6.441297e-02 -9.088060e-02
      vertex   1.500000e-02 6.249956e-02 -9.050000e-02
    endloop
  endfacet
  facet normal 1.933420e-01 1.335778e-01 9.719958e-01
    outer loop
      vertex   1.651641e-02 6.414115e-02 -9.102723e-02
      vertex   1.500000e-02 6.249956e-02 -9.050000e-02
      vertex   1.691342e-02 6.249956e-02 -9.088060e-02
    endloop
  endfacet
  facet normal 5.342843e-01 2.025172e-01 8.206869e-01
    outer loop
      vertex   1.651641e-02 6.414115e-02 -9.102723e-02
      vertex   1.691342e-02 6.249956e-02 -9.088060e-02
      vertex   1.826641e-02 6.441297e-02 -9.223359e-02
    endloop
  endfacet
  facet normal 5.452902e-01 1.914805e-01 8.160845e-01
    outer loop
      vertex   1.826641e-02 6.441297e-02 -9.223359e-02
      vertex   1.691342e-02 6.249956e-02 -9.088060e-02
      vertex   1.853553e-02 6.249956e-02 -9.196447e-02
    endloop
  endfacet
  facet normal 8.160845e-01 1.914805e-01 5.452902e-01
    outer loop
      vertex   1.826641e-02 6.441297e-02 -9.223359e-02
      vertex   1.853553e-02 6.249956e-02 -9.196447e-02
      vertex   1.961940e-02 6.249956e-02 -9.358658e-02
    endloop
  endfacet
  facet normal 8.206869e-01 2.025172e-01 5.342843e-01
    outer loop
      vertex   1.826641e-02 6.441297e-02 -9.223359e-02
      vertex   1.961940e-02 6.249956e-02 -9.358658e-02
      vertex   1.947277e-02 6.414115e-02 -9.398359e-02
    endloop
  endfacet
  facet normal 9.719958e-01 1.335778e-01 1.933420e-01
    outer loop
      vertex   1.947277e-02 6.414115e-02 -9.398359e-02
      vertex   1.961940e-02 6.249956e-02 -9.358658e-02
      vertex   2.000000e-02 6.249956e-02 -9.550000e-02
    endloop
  endfacet
  facet normal 9.726252e-01 1.934672e-01 1.287272e-01
    outer loop
      vertex   1.947277e-02 6.414115e-02 -9.398359e-02
      vertex   2.000000e-02 6.249956e-02 -9.550000e-02
      vertex   1.961940e-02 6.441297e-02 -9.550000e-02
    endloop
  endfacet
  facet normal 8.594863e-01 4.822211e-01 1.695469e-01
    outer loop
      vertex   1.947277e-02 6.414115e-02 -9.398359e-02
      vertex   1.961940e-02 6.441297e-02 -9.550000e-02
      vertex   1.871912e-02 6.576040e-02 -9.476850e-02
    endloop
  endfacet
  facet normal 8.314696e-01 5.555702e-01 -4.364969e-05
    outer loop
      vertex   1.871912e-02 6.576040e-02 -9.476850e-02
      vertex   1.961940e-02 6.441297e-02 -9.550000e-02
      vertex   1.853553e-02 6.603509e-02 -9.550000e-02
    endloop
  endfacet
  facet normal 5.474565e-01 8.193266e-01 1.702803e-01
    outer loop
      vertex   1.871912e-02 6.576040e-02 -9.476850e-02
      vertex   1.853553e-02 6.603509e-02 -9.550000e-02
      vertex   1.691342e-02 6.711895e-02 -9.550000e-02
    endloop
  endfacet
  facet normal 4.182729e-01 5.420039e-01 7.288893e-01
    outer loop
      vertex   1.573150e-02 6.576040e-02 -9.178088e-02
      vertex   1.651641e-02 6.414115e-02 -9.102723e-02
      vertex   1.750000e-02 6.603509e-02 -9.300000e-02
    endloop
  endfacet
  facet normal 4.182729e-01 5.420039e-01 7.288893e-01
    outer loop
      vertex   1.750000e-02 6.603509e-02 -9.300000e-02
      vertex   1.651641e-02 6.414115e-02 -9.102723e-02
      vertex   1.826641e-02 6.441297e-02 -9.223359e-02
    endloop
  endfacet
  facet normal 7.288893e-01 5.420039e-01 4.182729e-01
    outer loop
      vertex   1.750000e-02 6.603509e-02 -9.300000e-02
      vertex   1.826641e-02 6.441297e-02 -9.223359e-02
      vertex   1.871912e-02 6.576040e-02 -9.476850e-02
    endloop
  endfacet
  facet normal 7.288893e-01 5.420039e-01 4.182729e-01
    outer loop
      vertex   1.871912e-02 6.576040e-02 -9.476850e-02
      vertex   1.826641e-02 6.441297e-02 -9.223359e-02
      vertex   1.947277e-02 6.414115e-02 -9.398359e-02
    endloop
  endfacet
  facet normal 5.226663e-01 8.201033e-01 2.329173e-01
    outer loop
      vertex   1.691342e-02 6.711895e-02 -9.550000e-02
      vertex   1.750000e-02 6.603509e-02 -9.300000e-02
      vertex   1.871912e-02 6.576040e-02 -9.476850e-02
    endloop
  endfacet
  facet normal 1.000000e+00 1.735266e-15 3.373025e-16
    outer loop
      vertex   2.000000e-02 -3.172189e-02 -9.221414e-02
      vertex   2.000000e-02 -3.344880e-02 -9.361586e-02
      vertex   2.000000e-02 -3.172189e-02 -1.025000e-01
    endloop
  endfacet
  facet normal 1.000000e+00 0.000000e+00 0.000000e+00
    outer loop
      vertex   2.000000e-02 -3.172189e-02 -1.025000e-01
      vertex   2.000000e-02 -3.344880e-02 -9.361586e-02
      vertex   2.000000e-02 -3.541900e-02 -9.464923e-02
    endloop
  endfacet
  facet normal 1.000000e+00 0.000000e+00 0.000000e+00
    outer loop
      vertex   2.000000e-02 -3.172189e-02 -1.025000e-01
      vertex   2.000000e-02 -3.541900e-02 -9.464923e-02
      vertex   2.000000e-02 -3.755112e-02 -9.528463e-02
    endloop
  endfacet
  facet normal 1.000000e+00 0.000000e+00 0.000000e+00
    outer loop
      vertex   2.000000e-02 -3.755112e-02 -9.528463e-02
      vertex   2.000000e-02 -3.976538e-02 -9.550000e-02
      vertex   2.000000e-02 -3.172189e-02 -1.025000e-01
    endloop
  endfacet
  facet normal 1.000000e+00 0.000000e+00 0.000000e+00
    outer loop
      vertex   2.000000e-02 -3.172189e-02 -1.025000e-01
      vertex   2.000000e-02 -3.976538e-02 -9.550000e-02
      vertex   2.000000e-02 -4.750044e-02 -1.025000e-01
    endloop
  endfacet
  facet normal 1.000000e+00 0.000000e+00 -0.000000e+00
    outer loop
      vertex   2.000000e-02 -4.750044e-02 -1.025000e-01
      vertex   2.000000e-02 -3.976538e-02 -9.550000e-02
      vertex   2.000000e-02 -6.250044e-02 -9.550000e-02
    endloop
  endfacet
  facet normal 1.000000e+00 1.059704e-16 2.270795e-16
    outer loop
      vertex   2.000000e-02 -4.750044e-02 -1.025000e-01
      vertex   2.000000e-02 -6.250044e-02 -9.550000e-02
      vertex   2.000000e-02 -6.250044e-02 -1.107786e-01
    endloop
  endfacet
  facet normal 1.000000e+00 -0.000000e+00 4.190884e-16
    outer loop
      vertex   2.000000e-02 -6.250044e-02 -1.107786e-01
      vertex   2.000000e-02 -4.750044e-02 -1.107786e-01
      vertex   2.000000e-02 -4.750044e-02 -1.025000e-01
    endloop
  endfacet
  facet normal 0.000000e+00 0.000000e+00 1.000000e+00
    outer loop
      vertex   -1.500000e-02 -3.976538e-02 -9.050000e-02
      vertex   -1.500000e-02 -6.250044e-02 -9.050000e-02
      vertex   -9.126534e-03 -4.150895e-02 -9.050000e-02
    endloop
  endfacet
  facet normal 0.000000e+00 0.000000e+00 1.000000e+00
    outer loop
      vertex   -9.126534e-03 -4.150895e-02 -9.050000e-02
      vertex   -1.500000e-02 -6.250044e-02 -9.050000e-02
      vertex   -3.063399e-03 -4.238990e-02 -9.050000e-02
    endloop
  endfacet
  facet normal 0.000000e+00 0.000000e+00 1.000000e+00
    outer loop
      vertex   -3.063399e-03 -4.238990e-02 -9.050000e-02
      vertex   -1.500000e-02 -6.250044e-02 -9.050000e-02
      vertex   1.500000e-02 -6.250044e-02 -9.050000e-02
    endloop
  endfacet
  facet normal -0.000000e+00 0.000000e+00 1.000000e+00
    outer loop
      vertex   -3.063399e-03 -4.238990e-02 -9.050000e-02
      vertex   1.500000e-02 -6.250044e-02 -9.050000e-02
      vertex   3.063399e-03 -4.238990e-02 -9.050000e-02
    endloop
  endfacet
  facet normal -0.000000e+00 0.000000e+00 1.000000e+00
    outer loop
      vertex   3.063399e-03 -4.238990e-02 -9.050000e-02
      vertex   1.500000e-02 -6.250044e-02 -9.050000e-02
      vertex   9.126534e-03 -4.150895e-02 -9.050000e-02
    endloop
  endfacet
  facet normal -0.000000e+00 0.000000e+00 1.000000e+00
    outer loop
      vertex   9.126534e-03 -4.150895e-02 -9.050000e-02
      vertex   1.500000e-02 -6.250044e-02 -9.050000e-02
      vertex   1.500000e-02 -3.976538e-02 -9.050000e-02
    endloop
  endfacet
  facet normal 1.097413e-03 -9.999994e-01 4.191208e-19
    outer loop
      vertex   1.500000e-02 -6.750044e-02 -1.136686e-01
      vertex   1.501097e-02 -6.750043e-02 -1.136619e-01
      vertex   1.500000e-02 -6.750044e-02 -9.550000e-02
    endloop
  endfacet
  facet normal 1.847562e-01 -9.827844e-01 1.109850e-04
    outer loop
      vertex   1.500000e-02 -6.750044e-02 -9.550000e-02
      vertex   1.501097e-02 -6.750043e-02 -1.136619e-01
      vertex   1.680616e-02 -6.716283e-02 -1.125924e-01
    endloop
  endfacet
  facet normal 1.950902e-01 -9.807845e-01 1.242478e-03
    outer loop
      vertex   1.500000e-02 -6.750044e-02 -9.550000e-02
      vertex   1.680616e-02 -6.716283e-02 -1.125924e-01
      vertex   1.691342e-02 -6.711984e-02 -9.550000e-02
    endloop
  endfacet
  facet normal 5.319645e-01 -8.467658e-01 -1.208587e-03
    outer loop
      vertex   1.691342e-02 -6.711984e-02 -9.550000e-02
      vertex   1.680616e-02 -6.716283e-02 -1.125924e-01
      vertex   1.841223e-02 -6.615517e-02 -1.116669e-01
    endloop
  endfacet
  facet normal 5.555692e-01 -8.314681e-01 1.892574e-03
    outer loop
      vertex   1.691342e-02 -6.711984e-02 -9.550000e-02
      vertex   1.841223e-02 -6.615517e-02 -1.116669e-01
      vertex   1.853553e-02 -6.603598e-02 -9.550000e-02
    endloop
  endfacet
  facet normal 8.149026e-01 -5.795947e-01 -1.942241e-03
    outer loop
      vertex   1.853553e-02 -6.603598e-02 -9.550000e-02
      vertex   1.841223e-02 -6.615517e-02 -1.116669e-01
      vertex   1.956942e-02 -6.453035e-02 -1.110170e-01
    endloop
  endfacet
  facet normal 8.314687e-01 -5.555696e-01 1.492718e-03
    outer loop
      vertex   1.853553e-02 -6.603598e-02 -9.550000e-02
      vertex   1.956942e-02 -6.453035e-02 -1.110170e-01
      vertex   1.961940e-02 -6.441386e-02 -9.550000e-02
    endloop
  endfacet
  facet normal 9.782713e-01 -2.073226e-01 -1.594537e-03
    outer loop
      vertex   1.961940e-02 -6.441386e-02 -9.550000e-02
      vertex   1.956942e-02 -6.453035e-02 -1.110170e-01
      vertex   2.000000e-02 -6.250044e-02 -1.107786e-01
    endloop
  endfacet
  facet normal 9.807853e-01 -1.950903e-01 2.202338e-16
    outer loop
      vertex   1.961940e-02 -6.441386e-02 -9.550000e-02
      vertex   2.000000e-02 -6.250044e-02 -1.107786e-01
      vertex   2.000000e-02 -6.250044e-02 -9.550000e-02
    endloop
  endfacet
  facet normal 0.000000e+00 -9.807853e-01 1.950903e-01
    outer loop
      vertex   -1.500000e-02 -6.750044e-02 -9.550000e-02
      vertex   1.500000e-02 -6.750044e-02 -9.550000e-02
      vertex   -1.500000e-02 -6.711984e-02 -9.358658e-02
    endloop
  endfacet
  facet normal -9.976561e-16 -9.807853e-01 1.950903e-01
    outer loop
      vertex   -1.500000e-02 -6.711984e-02 -9.358658e-02
      vertex   1.500000e-02 -6.750044e-02 -9.550000e-02
      vertex   1.500000e-02 -6.711984e-02 -9.358658e-02
    endloop
  endfacet
  facet normal -1.026267e-15 -8.314696e-01 5.555702e-01
    outer loop
      vertex   -1.500000e-02 -6.711984e-02 -9.358658e-02
      vertex   1.500000e-02 -6.711984e-02 -9.358658e-02
      vertex   -1.500000e-02 -6.603598e-02 -9.196447e-02
    endloop
  endfacet
  facet normal -3.846320e-16 -8.314696e-01 5.555702e-01
    outer loop
      vertex   -1.500000e-02 -6.603598e-02 -9.196447e-02
      vertex   1.500000e-02 -6.711984e-02 -9.358658e-02
      vertex   1.500000e-02 -6.603598e-02 -9.196447e-02
    endloop
  endfacet
  facet normal -2.570029e-16 -5.555702e-01 8.314696e-01
    outer loop
      vertex   -1.500000e-02 -6.603598e-02 -9.196447e-02
      vertex   1.500000e-02 -6.603598e-02 -9.196447e-02
      vertex   -1.500000e-02 -6.441386e-02 -9.088060e-02
    endloop
  endfacet
  facet normal -1.026267e-15 -5.555702e-01 8.314696e-01
    outer loop
      vertex   -1.500000e-02 -6.441386e-02 -9.088060e-02
      vertex   1.500000e-02 -6.603598e-02 -9.196447e-02
      vertex   1.500000e-02 -6.441386e-02 -9.088060e-02
    endloop
  endfacet
  facet normal -9.976561e-16 -1.950903e-01 9.807853e-01
    outer loop
      vertex   -1.500000e-02 -6.441386e-02 -9.088060e-02
      vertex   1.500000e-02 -6.441386e-02 -9.088060e-02
      vertex   -1.500000e-02 -6.250044e-02 -9.050000e-02
    endloop
  endfacet
  facet normal 0.000000e+00 -1.950903e-01 9.807853e-01
    outer loop
      vertex   -1.500000e-02 -6.250044e-02 -9.050000e-02
      vertex   1.500000e-02 -6.441386e-02 -9.088060e-02
      vertex   1.500000e-02 -6.250044e-02 -9.050000e-02
    endloop
  endfacet
  facet normal 9.909643e-01 8.986431e-02 9.957026e-02
    outer loop
      vertex   1.982110e-02 -3.183422e-02 -9.033227e-02
      vertex   1.992321e-02 -3.197866e-02 -9.121818e-02
      vertex   2.000000e-02 -3.172189e-02 -9.221414e-02
    endloop
  endfacet
  facet normal 9.963417e-01 -5.931293e-02 6.152465e-02
    outer loop
      vertex   2.000000e-02 -3.172189e-02 -9.221414e-02
      vertex   1.992321e-02 -3.197866e-02 -9.121818e-02
      vertex   1.991319e-02 -3.349812e-02 -9.252065e-02
    endloop
  endfacet
  facet normal 9.951847e-01 -6.177205e-02 7.610275e-02
    outer loop
      vertex   2.000000e-02 -3.172189e-02 -9.221414e-02
      vertex   1.991319e-02 -3.349812e-02 -9.252065e-02
      vertex   2.000000e-02 -3.344880e-02 -9.361586e-02
    endloop
  endfacet
  facet normal 9.958326e-01 -4.931835e-02 7.671501e-02
    outer loop
      vertex   2.000000e-02 -3.344880e-02 -9.361586e-02
      vertex   1.991319e-02 -3.349812e-02 -9.252065e-02
      vertex   1.990201e-02 -3.524307e-02 -9.349741e-02
    endloop
  endfacet
  facet normal 9.945917e-01 -4.824298e-02 9.197853e-02
    outer loop
      vertex   2.000000e-02 -3.344880e-02 -9.361586e-02
      vertex   1.990201e-02 -3.524307e-02 -9.349741e-02
      vertex   2.000000e-02 -3.541900e-02 -9.464923e-02
    endloop
  endfacet
  facet normal 9.952756e-01 -3.600381e-02 9.016731e-02
    outer loop
      vertex   2.000000e-02 -3.541900e-02 -9.464923e-02
      vertex   1.990201e-02 -3.524307e-02 -9.349741e-02
      vertex   1.989030e-02 -3.713468e-02 -9.412338e-02
    endloop
  endfacet
  facet normal 9.939641e-01 -3.133200e-02 1.051362e-01
    outer loop
      vertex   2.000000e-02 -3.541900e-02 -9.464923e-02
      vertex   1.989030e-02 -3.713468e-02 -9.412338e-02
      vertex   2.000000e-02 -3.755112e-02 -9.528463e-02
    endloop
  endfacet
  facet normal 9.947066e-01 -1.936549e-02 1.009150e-01
    outer loop
      vertex   2.000000e-02 -3.755112e-02 -9.528463e-02
      vertex   1.989030e-02 -3.713468e-02 -9.412338e-02
      vertex   1.987852e-02 -3.909953e-02 -9.438439e-02
    endloop
  endfacet
  facet normal 9.933227e-01 -1.116850e-02 1.148270e-01
    outer loop
      vertex   2.000000e-02 -3.755112e-02 -9.528463e-02
      vertex   1.987852e-02 -3.909953e-02 -9.438439e-02
      vertex   2.000000e-02 -3.976538e-02 -9.550000e-02
    endloop
  endfacet
  facet normal 9.702261e-01 -1.463424e-01 1.929900e-01
    outer loop
      vertex   2.000000e-02 -3.976538e-02 -9.550000e-02
      vertex   1.987852e-02 -3.909953e-02 -9.438439e-02
      vertex   1.961940e-02 -3.976538e-02 -9.358658e-02
    endloop
  endfacet
  facet normal 9.330337e-01 6.161740e-02 3.544734e-01
    outer loop
      vertex   1.961940e-02 -3.976538e-02 -9.358658e-02
      vertex   1.987852e-02 -3.909953e-02 -9.438439e-02
      vertex   1.939531e-02 -3.918232e-02 -9.309810e-02
    endloop
  endfacet
  facet normal 8.227597e-01 -1.443641e-01 5.497504e-01
    outer loop
      vertex   1.961940e-02 -3.976538e-02 -9.358658e-02
      vertex   1.939531e-02 -3.918232e-02 -9.309810e-02
      vertex   1.853553e-02 -3.976538e-02 -9.196447e-02
    endloop
  endfacet
  facet normal 8.051913e-01 -3.652846e-02 5.918890e-01
    outer loop
      vertex   1.853553e-02 -3.976538e-02 -9.196447e-02
      vertex   1.939531e-02 -3.918232e-02 -9.309810e-02
      vertex   1.857890e-02 -3.925352e-02 -9.199187e-02
    endloop
  endfacet
  facet normal 6.572448e-01 -1.534140e-02 7.535210e-01
    outer loop
      vertex   1.853553e-02 -3.976538e-02 -9.196447e-02
      vertex   1.857890e-02 -3.925352e-02 -9.199187e-02
      vertex   1.797878e-02 -3.928717e-02 -9.146911e-02
    endloop
  endfacet
  facet normal 6.554748e-01 -1.284910e-01 7.442061e-01
    outer loop
      vertex   1.797878e-02 -3.928717e-02 -9.146911e-02
      vertex   1.857890e-02 -3.925352e-02 -9.199187e-02
      vertex   1.816190e-02 -3.784469e-02 -9.138135e-02
    endloop
  endfacet
  facet normal 5.106636e-01 -1.166550e-01 8.518300e-01
    outer loop
      vertex   1.797878e-02 -3.928717e-02 -9.146911e-02
      vertex   1.816190e-02 -3.784469e-02 -9.138135e-02
      vertex   1.691548e-02 -3.803157e-02 -9.065972e-02
    endloop
  endfacet
  facet normal 5.102601e-01 -3.185498e-01 7.988496e-01
    outer loop
      vertex   1.691548e-02 -3.803157e-02 -9.065972e-02
      vertex   1.816190e-02 -3.784469e-02 -9.138135e-02
      vertex   1.721035e-02 -3.674217e-02 -9.033391e-02
    endloop
  endfacet
  facet normal 2.636052e-01 -2.925523e-01 9.191983e-01
    outer loop
      vertex   1.691548e-02 -3.803157e-02 -9.065972e-02
      vertex   1.721035e-02 -3.674217e-02 -9.033391e-02
      vertex   1.572237e-02 -3.746876e-02 -9.013844e-02
    endloop
  endfacet
  facet normal 3.295443e-01 -4.518595e-01 8.289895e-01
    outer loop
      vertex   1.572237e-02 -3.746876e-02 -9.013844e-02
      vertex   1.721035e-02 -3.674217e-02 -9.033391e-02
      vertex   1.749898e-02 -3.551929e-02 -8.978209e-02
    endloop
  endfacet
  facet normal 4.231140e-01 -5.210927e-01 7.412401e-01
    outer loop
      vertex   1.572237e-02 -3.746876e-02 -9.013844e-02
      vertex   1.749898e-02 -3.551929e-02 -8.978209e-02
      vertex   1.646521e-02 -3.538465e-02 -8.909734e-02
    endloop
  endfacet
  facet normal 3.906028e-01 -5.908967e-01 7.058828e-01
    outer loop
      vertex   1.646521e-02 -3.538465e-02 -8.909734e-02
      vertex   1.749898e-02 -3.551929e-02 -8.978209e-02
      vertex   1.776418e-02 -3.442728e-02 -8.901471e-02
    endloop
  endfacet
  facet normal 4.953979e-01 -7.147679e-01 4.936474e-01
    outer loop
      vertex   1.646521e-02 -3.538465e-02 -8.909734e-02
      vertex   1.776418e-02 -3.442728e-02 -8.901471e-02
      vertex   1.706615e-02 -3.385187e-02 -8.748105e-02
    endloop
  endfacet
  facet normal 4.734988e-01 -7.318539e-01 4.900906e-01
    outer loop
      vertex   1.706615e-02 -3.385187e-02 -8.748105e-02
      vertex   1.776418e-02 -3.442728e-02 -8.901471e-02
      vertex   1.808486e-02 -3.314468e-02 -8.740923e-02
    endloop
  endfacet
  facet normal 5.380056e-01 -8.015109e-01 2.610177e-01
    outer loop
      vertex   1.706615e-02 -3.385187e-02 -8.748105e-02
      vertex   1.808486e-02 -3.314468e-02 -8.740923e-02
      vertex   1.724489e-02 -3.341786e-02 -8.651676e-02
    endloop
  endfacet
  facet normal 5.839819e-01 -7.454033e-01 3.214639e-01
    outer loop
      vertex   1.724489e-02 -3.341786e-02 -8.651676e-02
      vertex   1.808486e-02 -3.314468e-02 -8.740923e-02
      vertex   1.843976e-02 -3.265355e-02 -8.691514e-02
    endloop
  endfacet
  facet normal 5.573016e-01 -8.256981e-01 8.739341e-02
    outer loop
      vertex   1.724489e-02 -3.341786e-02 -8.651676e-02
      vertex   1.843976e-02 -3.265355e-02 -8.691514e-02
      vertex   1.731710e-02 -3.326256e-02 -8.550988e-02
    endloop
  endfacet
  facet normal 9.583925e-01 -2.428299e-01 1.500578e-01
    outer loop
      vertex   1.992321e-02 -3.197866e-02 -9.121818e-02
      vertex   1.982110e-02 -3.183422e-02 -9.033227e-02
      vertex   1.961512e-02 -3.276007e-02 -9.051496e-02
    endloop
  endfacet
  facet normal 9.390463e-01 -2.545192e-01 2.311106e-01
    outer loop
      vertex   1.961512e-02 -3.276007e-02 -9.051496e-02
      vertex   1.982110e-02 -3.183422e-02 -9.033227e-02
      vertex   1.929205e-02 -3.215738e-02 -8.853855e-02
    endloop
  endfacet
  facet normal 8.729437e-01 -4.081620e-01 2.671572e-01
    outer loop
      vertex   1.961512e-02 -3.276007e-02 -9.051496e-02
      vertex   1.929205e-02 -3.215738e-02 -8.853855e-02
      vertex   1.908550e-02 -3.347290e-02 -8.987348e-02
    endloop
  endfacet
  facet normal 7.775445e-01 -5.038626e-01 3.762273e-01
    outer loop
      vertex   1.908550e-02 -3.347290e-02 -8.987348e-02
      vertex   1.929205e-02 -3.215738e-02 -8.853855e-02
      vertex   1.868822e-02 -3.383960e-02 -8.954351e-02
    endloop
  endfacet
  facet normal 7.769237e-01 -4.183739e-01 4.704815e-01
    outer loop
      vertex   1.908550e-02 -3.347290e-02 -8.987348e-02
      vertex   1.868822e-02 -3.383960e-02 -8.954351e-02
      vertex   1.897023e-02 -3.475246e-02 -9.082096e-02
    endloop
  endfacet
  facet normal 7.491645e-01 -4.494541e-01 4.865630e-01
    outer loop
      vertex   1.897023e-02 -3.475246e-02 -9.082096e-02
      vertex   1.868822e-02 -3.383960e-02 -8.954351e-02
      vertex   1.852567e-02 -3.505285e-02 -9.041396e-02
    endloop
  endfacet
  facet normal 7.492915e-01 -3.344535e-01 5.715794e-01
    outer loop
      vertex   1.897023e-02 -3.475246e-02 -9.082096e-02
      vertex   1.852567e-02 -3.505285e-02 -9.041396e-02
      vertex   1.884287e-02 -3.619146e-02 -9.149603e-02
    endloop
  endfacet
  facet normal 7.186553e-01 -3.632772e-01 5.929285e-01
    outer loop
      vertex   1.884287e-02 -3.619146e-02 -9.149603e-02
      vertex   1.852567e-02 -3.505285e-02 -9.041396e-02
      vertex   1.834684e-02 -3.641226e-02 -9.103009e-02
    endloop
  endfacet
  facet normal 7.187552e-01 -2.306016e-01 6.559069e-01
    outer loop
      vertex   1.884287e-02 -3.619146e-02 -9.149603e-02
      vertex   1.834684e-02 -3.641226e-02 -9.103009e-02
      vertex   1.871055e-02 -3.771394e-02 -9.188630e-02
    endloop
  endfacet
  facet normal 6.869783e-01 -2.555099e-01 6.802760e-01
    outer loop
      vertex   1.871055e-02 -3.771394e-02 -9.188630e-02
      vertex   1.834684e-02 -3.641226e-02 -9.103009e-02
      vertex   1.816190e-02 -3.784469e-02 -9.138135e-02
    endloop
  endfacet
  facet normal 6.870453e-01 -1.080239e-01 7.185399e-01
    outer loop
      vertex   1.871055e-02 -3.771394e-02 -9.188630e-02
      vertex   1.816190e-02 -3.784469e-02 -9.138135e-02
      vertex   1.857890e-02 -3.925352e-02 -9.199187e-02
    endloop
  endfacet
  facet normal 8.440572e-01 -4.637933e-01 2.691899e-01
    outer loop
      vertex   1.868822e-02 -3.383960e-02 -8.954351e-02
      vertex   1.929205e-02 -3.215738e-02 -8.853855e-02
      vertex   1.888259e-02 -3.241720e-02 -8.770230e-02
    endloop
  endfacet
  facet normal 1.323701e-01 9.263565e-01 3.526212e-01
    outer loop
      vertex   1.888259e-02 -3.241720e-02 -8.770230e-02
      vertex   1.929205e-02 -3.215738e-02 -8.853855e-02
      vertex   1.843976e-02 -3.265355e-02 -8.691514e-02
    endloop
  endfacet
  facet normal 6.984580e-01 -6.912240e-01 1.853801e-01
    outer loop
      vertex   1.888259e-02 -3.241720e-02 -8.770230e-02
      vertex   1.843976e-02 -3.265355e-02 -8.691514e-02
      vertex   1.808486e-02 -3.314468e-02 -8.740923e-02
    endloop
  endfacet
  facet normal 5.336204e-01 -8.407689e-01 9.141628e-02
    outer loop
      vertex   1.731710e-02 -3.326256e-02 -8.550988e-02
      vertex   1.730769e-02 -3.326745e-02 -8.550000e-02
      vertex   1.724489e-02 -3.341786e-02 -8.651676e-02
    endloop
  endfacet
  facet normal 2.924948e-01 -2.378160e-01 9.262237e-01
    outer loop
      vertex   1.572237e-02 -3.746876e-02 -9.013844e-02
      vertex   1.500000e-02 -3.976538e-02 -9.050000e-02
      vertex   1.691548e-02 -3.803157e-02 -9.065972e-02
    endloop
  endfacet
  facet normal 1.855330e-01 -1.150724e-01 9.758770e-01
    outer loop
      vertex   1.691548e-02 -3.803157e-02 -9.065972e-02
      vertex   1.500000e-02 -3.976538e-02 -9.050000e-02
      vertex   1.662715e-02 -3.933292e-02 -9.075836e-02
    endloop
  endfacet
  facet normal 4.632267e-01 -1.685776e-01 8.700590e-01
    outer loop
      vertex   1.691548e-02 -3.803157e-02 -9.065972e-02
      vertex   1.662715e-02 -3.933292e-02 -9.075836e-02
      vertex   1.797878e-02 -3.928717e-02 -9.146911e-02
    endloop
  endfacet
  facet normal 4.631764e-01 5.658675e-02 8.844578e-01
    outer loop
      vertex   1.797878e-02 -3.928717e-02 -9.146911e-02
      vertex   1.662715e-02 -3.933292e-02 -9.075836e-02
      vertex   1.691342e-02 -3.976538e-02 -9.088060e-02
    endloop
  endfacet
  facet normal 5.432187e-01 -2.096908e-01 8.129842e-01
    outer loop
      vertex   1.797878e-02 -3.928717e-02 -9.146911e-02
      vertex   1.691342e-02 -3.976538e-02 -9.088060e-02
      vertex   1.853553e-02 -3.976538e-02 -9.196447e-02
    endloop
  endfacet
  facet normal 1.929854e-01 -1.465024e-01 9.702029e-01
    outer loop
      vertex   1.500000e-02 -3.976538e-02 -9.050000e-02
      vertex   1.691342e-02 -3.976538e-02 -9.088060e-02
      vertex   1.662715e-02 -3.933292e-02 -9.075836e-02
    endloop
  endfacet
  facet normal 6.044303e-01 -5.510712e-01 5.753126e-01
    outer loop
      vertex   1.749898e-02 -3.551929e-02 -8.978209e-02
      vertex   1.852567e-02 -3.505285e-02 -9.041396e-02
      vertex   1.776418e-02 -3.442728e-02 -8.901471e-02
    endloop
  endfacet
  facet normal 6.472377e-01 -4.997128e-01 5.756479e-01
    outer loop
      vertex   1.776418e-02 -3.442728e-02 -8.901471e-02
      vertex   1.852567e-02 -3.505285e-02 -9.041396e-02
      vertex   1.868822e-02 -3.383960e-02 -8.954351e-02
    endloop
  endfacet
  facet normal 6.432548e-01 -6.556911e-01 3.953385e-01
    outer loop
      vertex   1.776418e-02 -3.442728e-02 -8.901471e-02
      vertex   1.868822e-02 -3.383960e-02 -8.954351e-02
      vertex   1.808486e-02 -3.314468e-02 -8.740923e-02
    endloop
  endfacet
  facet normal 6.942865e-01 -6.031474e-01 3.926570e-01
    outer loop
      vertex   1.808486e-02 -3.314468e-02 -8.740923e-02
      vertex   1.868822e-02 -3.383960e-02 -8.954351e-02
      vertex   1.888259e-02 -3.241720e-02 -8.770230e-02
    endloop
  endfacet
  facet normal 6.048480e-01 -3.933858e-01 6.923919e-01
    outer loop
      vertex   1.852567e-02 -3.505285e-02 -9.041396e-02
      vertex   1.749898e-02 -3.551929e-02 -8.978209e-02
      vertex   1.834684e-02 -3.641226e-02 -9.103009e-02
    endloop
  endfacet
  facet normal 5.580217e-01 -4.471497e-01 6.990486e-01
    outer loop
      vertex   1.834684e-02 -3.641226e-02 -9.103009e-02
      vertex   1.749898e-02 -3.551929e-02 -8.978209e-02
      vertex   1.721035e-02 -3.674217e-02 -9.033391e-02
    endloop
  endfacet
  facet normal 5.584440e-01 -2.648701e-01 7.861196e-01
    outer loop
      vertex   1.834684e-02 -3.641226e-02 -9.103009e-02
      vertex   1.721035e-02 -3.674217e-02 -9.033391e-02
      vertex   1.816190e-02 -3.784469e-02 -9.138135e-02
    endloop
  endfacet
  facet normal 8.739770e-01 -3.210283e-01 3.648356e-01
    outer loop
      vertex   1.961512e-02 -3.276007e-02 -9.051496e-02
      vertex   1.908550e-02 -3.347290e-02 -8.987348e-02
      vertex   1.956554e-02 -3.415809e-02 -9.162634e-02
    endloop
  endfacet
  facet normal 8.577765e-01 -3.535597e-01 3.731153e-01
    outer loop
      vertex   1.956554e-02 -3.415809e-02 -9.162634e-02
      vertex   1.908550e-02 -3.347290e-02 -8.987348e-02
      vertex   1.897023e-02 -3.475246e-02 -9.082096e-02
    endloop
  endfacet
  facet normal 8.580647e-01 -2.568861e-01 4.446736e-01
    outer loop
      vertex   1.956554e-02 -3.415809e-02 -9.162634e-02
      vertex   1.897023e-02 -3.475246e-02 -9.082096e-02
      vertex   1.951047e-02 -3.574550e-02 -9.243712e-02
    endloop
  endfacet
  facet normal 8.400764e-01 -2.895486e-01 4.587301e-01
    outer loop
      vertex   1.951047e-02 -3.574550e-02 -9.243712e-02
      vertex   1.897023e-02 -3.475246e-02 -9.082096e-02
      vertex   1.884287e-02 -3.619146e-02 -9.149603e-02
    endloop
  endfacet
  facet normal 8.403819e-01 -1.770139e-01 5.122737e-01
    outer loop
      vertex   1.951047e-02 -3.574550e-02 -9.243712e-02
      vertex   1.884287e-02 -3.619146e-02 -9.149603e-02
      vertex   1.945292e-02 -3.744380e-02 -9.292954e-02
    endloop
  endfacet
  facet normal 8.216198e-01 -2.075045e-01 5.309263e-01
    outer loop
      vertex   1.945292e-02 -3.744380e-02 -9.292954e-02
      vertex   1.884287e-02 -3.619146e-02 -9.149603e-02
      vertex   1.871055e-02 -3.771394e-02 -9.188630e-02
    endloop
  endfacet
  facet normal 8.219287e-01 -8.188698e-02 5.636734e-01
    outer loop
      vertex   1.945292e-02 -3.744380e-02 -9.292954e-02
      vertex   1.871055e-02 -3.771394e-02 -9.188630e-02
      vertex   1.939531e-02 -3.918232e-02 -9.309810e-02
    endloop
  endfacet
  facet normal 8.031603e-01 -1.088465e-01 5.857354e-01
    outer loop
      vertex   1.939531e-02 -3.918232e-02 -9.309810e-02
      vertex   1.871055e-02 -3.771394e-02 -9.188630e-02
      vertex   1.857890e-02 -3.925352e-02 -9.199187e-02
    endloop
  endfacet
  facet normal 9.591534e-01 -1.877283e-01 2.116196e-01
    outer loop
      vertex   1.992321e-02 -3.197866e-02 -9.121818e-02
      vertex   1.961512e-02 -3.276007e-02 -9.051496e-02
      vertex   1.991319e-02 -3.349812e-02 -9.252065e-02
    endloop
  endfacet
  facet normal 9.537421e-01 -2.070758e-01 2.179349e-01
    outer loop
      vertex   1.991319e-02 -3.349812e-02 -9.252065e-02
      vertex   1.961512e-02 -3.276007e-02 -9.051496e-02
      vertex   1.956554e-02 -3.415809e-02 -9.162634e-02
    endloop
  endfacet
  facet normal 9.539066e-01 -1.512118e-01 2.592243e-01
    outer loop
      vertex   1.991319e-02 -3.349812e-02 -9.252065e-02
      vertex   1.956554e-02 -3.415809e-02 -9.162634e-02
      vertex   1.990201e-02 -3.524307e-02 -9.349741e-02
    endloop
  endfacet
  facet normal 9.478662e-01 -1.704154e-01 2.692737e-01
    outer loop
      vertex   1.990201e-02 -3.524307e-02 -9.349741e-02
      vertex   1.956554e-02 -3.415809e-02 -9.162634e-02
      vertex   1.951047e-02 -3.574550e-02 -9.243712e-02
    endloop
  endfacet
  facet normal 9.480449e-01 -1.052253e-01 3.002309e-01
    outer loop
      vertex   1.990201e-02 -3.524307e-02 -9.349741e-02
      vertex   1.951047e-02 -3.574550e-02 -9.243712e-02
      vertex   1.989030e-02 -3.713468e-02 -9.412338e-02
    endloop
  endfacet
  facet normal 9.417133e-01 -1.227343e-01 3.132289e-01
    outer loop
      vertex   1.989030e-02 -3.713468e-02 -9.412338e-02
      vertex   1.951047e-02 -3.574550e-02 -9.243712e-02
      vertex   1.945292e-02 -3.744380e-02 -9.292954e-02
    endloop
  endfacet
  facet normal 9.418986e-01 -4.977129e-02 3.321894e-01
    outer loop
      vertex   1.989030e-02 -3.713468e-02 -9.412338e-02
      vertex   1.945292e-02 -3.744380e-02 -9.292954e-02
      vertex   1.987852e-02 -3.909953e-02 -9.438439e-02
    endloop
  endfacet
  facet normal 9.355280e-01 -6.467057e-02 3.472823e-01
    outer loop
      vertex   1.987852e-02 -3.909953e-02 -9.438439e-02
      vertex   1.945292e-02 -3.744380e-02 -9.292954e-02
      vertex   1.939531e-02 -3.918232e-02 -9.309810e-02
    endloop
  endfacet
  facet normal 9.807853e-01 -0.000000e+00 1.950903e-01
    outer loop
      vertex   2.000000e-02 -6.250044e-02 -9.550000e-02
      vertex   2.000000e-02 -3.976538e-02 -9.550000e-02
      vertex   1.961940e-02 -6.250044e-02 -9.358658e-02
    endloop
  endfacet
  facet normal 9.807853e-01 -0.000000e+00 1.950903e-01
    outer loop
      vertex   1.961940e-02 -6.250044e-02 -9.358658e-02
      vertex   2.000000e-02 -3.976538e-02 -9.550000e-02
      vertex   1.961940e-02 -3.976538e-02 -9.358658e-02
    endloop
  endfacet
  facet normal 8.314696e-01 -0.000000e+00 5.555702e-01
    outer loop
      vertex   1.961940e-02 -6.250044e-02 -9.358658e-02
      vertex   1.961940e-02 -3.976538e-02 -9.358658e-02
      vertex   1.853553e-02 -6.250044e-02 -9.196447e-02
    endloop
  endfacet
  facet normal 8.314696e-01 -0.000000e+00 5.555702e-01
    outer loop
      vertex   1.853553e-02 -6.250044e-02 -9.196447e-02
      vertex   1.961940e-02 -3.976538e-02 -9.358658e-02
      vertex   1.853553e-02 -3.976538e-02 -9.196447e-02
    endloop
  endfacet
  facet normal 5.555702e-01 -0.000000e+00 8.314696e-01
    outer loop
      vertex   1.853553e-02 -6.250044e-02 -9.196447e-02
      vertex   1.853553e-02 -3.976538e-02 -9.196447e-02
      vertex   1.691342e-02 -6.250044e-02 -9.088060e-02
    endloop
  endfacet
  facet normal 5.555702e-01 -0.000000e+00 8.314696e-01
    outer loop
      vertex   1.691342e-02 -6.250044e-02 -9.088060e-02
      vertex   1.853553e-02 -3.976538e-02 -9.196447e-02
      vertex   1.691342e-02 -3.976538e-02 -9.088060e-02
    endloop
  endfacet
  facet normal 1.950903e-01 -0.000000e+00 9.807853e-01
    outer loop
      vertex   1.691342e-02 -6.250044e-02 -9.088060e-02
      vertex   1.691342e-02 -3.976538e-02 -9.088060e-02
      vertex   1.500000e-02 -6.250044e-02 -9.050000e-02
    endloop
  endfacet
  facet normal 1.950903e-01 -0.000000e+00 9.807853e-01
    outer loop
      vertex   1.500000e-02 -6.250044e-02 -9.050000e-02
      vertex   1.691342e-02 -3.976538e-02 -9.088060e-02
      vertex   1.500000e-02 -3.976538e-02 -9.050000e-02
    endloop
  endfacet
  facet normal 8.054650e-02 -9.775986e-01 1.944564e-01
    outer loop
      vertex   1.500000e-02 -6.711984e-02 -9.358658e-02
      vertex   1.500000e-02 -6.750044e-02 -9.550000e-02
      vertex   1.635299e-02 -6.711984e-02 -9.414701e-02
    endloop
  endfacet
  facet normal 1.944564e-01 -9.775986e-01 8.054650e-02
    outer loop
      vertex   1.635299e-02 -6.711984e-02 -9.414701e-02
      vertex   1.500000e-02 -6.750044e-02 -9.550000e-02
      vertex   1.691342e-02 -6.711984e-02 -9.550000e-02
    endloop
  endfacet
  facet normal 5.284596e-01 -8.202533e-01 2.188951e-01
    outer loop
      vertex   1.635299e-02 -6.711984e-02 -9.414701e-02
      vertex   1.691342e-02 -6.711984e-02 -9.550000e-02
      vertex   1.871912e-02 -6.576129e-02 -9.476850e-02
    endloop
  endfacet
  facet normal 5.474565e-01 -8.193266e-01 1.702803e-01
    outer loop
      vertex   1.871912e-02 -6.576129e-02 -9.476850e-02
      vertex   1.691342e-02 -6.711984e-02 -9.550000e-02
      vertex   1.853553e-02 -6.603598e-02 -9.550000e-02
    endloop
  endfacet
  facet normal 8.314696e-01 -5.555702e-01 -4.364969e-05
    outer loop
      vertex   1.871912e-02 -6.576129e-02 -9.476850e-02
      vertex   1.853553e-02 -6.603598e-02 -9.550000e-02
      vertex   1.961940e-02 -6.441386e-02 -9.550000e-02
    endloop
  endfacet
  facet normal 8.594863e-01 -4.822211e-01 1.695469e-01
    outer loop
      vertex   1.871912e-02 -6.576129e-02 -9.476850e-02
      vertex   1.961940e-02 -6.441386e-02 -9.550000e-02
      vertex   1.947277e-02 -6.414204e-02 -9.398359e-02
    endloop
  endfacet
  facet normal 9.726252e-01 -1.934672e-01 1.287272e-01
    outer loop
      vertex   1.947277e-02 -6.414204e-02 -9.398359e-02
      vertex   1.961940e-02 -6.441386e-02 -9.550000e-02
      vertex   2.000000e-02 -6.250044e-02 -9.550000e-02
    endloop
  endfacet
  facet normal 9.719958e-01 -1.335778e-01 1.933420e-01
    outer loop
      vertex   1.947277e-02 -6.414204e-02 -9.398359e-02
      vertex   2.000000e-02 -6.250044e-02 -9.550000e-02
      vertex   1.961940e-02 -6.250044e-02 -9.358658e-02
    endloop
  endfacet
  facet normal 8.206869e-01 -2.025172e-01 5.342843e-01
    outer loop
      vertex   1.947277e-02 -6.414204e-02 -9.398359e-02
      vertex   1.961940e-02 -6.250044e-02 -9.358658e-02
      vertex   1.826641e-02 -6.441386e-02 -9.223359e-02
    endloop
  endfacet
  facet normal 8.160845e-01 -1.914805e-01 5.452902e-01
    outer loop
      vertex   1.826641e-02 -6.441386e-02 -9.223359e-02
      vertex   1.961940e-02 -6.250044e-02 -9.358658e-02
      vertex   1.853553e-02 -6.250044e-02 -9.196447e-02
    endloop
  endfacet
  facet normal 5.452902e-01 -1.914805e-01 8.160845e-01
    outer loop
      vertex   1.826641e-02 -6.441386e-02 -9.223359e-02
      vertex   1.853553e-02 -6.250044e-02 -9.196447e-02
      vertex   1.691342e-02 -6.250044e-02 -9.088060e-02
    endloop
  endfacet
  facet normal 5.342843e-01 -2.025172e-01 8.206869e-01
    outer loop
      vertex   1.826641e-02 -6.441386e-02 -9.223359e-02
      vertex   1.691342e-02 -6.250044e-02 -9.088060e-02
      vertex   1.651641e-02 -6.414204e-02 -9.102723e-02
    endloop
  endfacet
  facet normal 1.933420e-01 -1.335778e-01 9.719958e-01
    outer loop
      vertex   1.651641e-02 -6.414204e-02 -9.102723e-02
      vertex   1.691342e-02 -6.250044e-02 -9.088060e-02
      vertex   1.500000e-02 -6.250044e-02 -9.050000e-02
    endloop
  endfacet
  facet normal 1.287272e-01 -1.934672e-01 9.726252e-01
    outer loop
      vertex   1.651641e-02 -6.414204e-02 -9.102723e-02
      vertex   1.500000e-02 -6.250044e-02 -9.050000e-02
      vertex   1.500000e-02 -6.441386e-02 -9.088060e-02
    endloop
  endfacet
  facet normal 1.695469e-01 -4.822211e-01 8.594863e-01
    outer loop
      vertex   1.651641e-02 -6.414204e-02 -9.102723e-02
      vertex   1.500000e-02 -6.441386e-02 -9.088060e-02
      vertex   1.573150e-02 -6.576129e-02 -9.178088e-02
    endloop
  endfacet
  facet normal -4.364969e-05 -5.555702e-01 8.314696e-01
    outer loop
      vertex   1.573150e-02 -6.576129e-02 -9.178088e-02
      vertex   1.500000e-02 -6.441386e-02 -9.088060e-02
      vertex   1.500000e-02 -6.603598e-02 -9.196447e-02
    endloop
  endfacet
  facet normal 1.702803e-01 -8.193266e-01 5.474565e-01
    outer loop
      vertex   1.573150e-02 -6.576129e-02 -9.178088e-02
      vertex   1.500000e-02 -6.603598e-02 -9.196447e-02
      vertex   1.500000e-02 -6.711984e-02 -9.358658e-02
    endloop
  endfacet
  facet normal 7.288893e-01 -5.420039e-01 4.182729e-01
    outer loop
      vertex   1.871912e-02 -6.576129e-02 -9.476850e-02
      vertex   1.947277e-02 -6.414204e-02 -9.398359e-02
      vertex   1.750000e-02 -6.603598e-02 -9.300000e-02
    endloop
  endfacet
  facet normal 7.288893e-01 -5.420039e-01 4.182729e-01
    outer loop
      vertex   1.750000e-02 -6.603598e-02 -9.300000e-02
      vertex   1.947277e-02 -6.414204e-02 -9.398359e-02
      vertex   1.826641e-02 -6.441386e-02 -9.223359e-02
    endloop
  endfacet
  facet normal 4.182729e-01 -5.420039e-01 7.288893e-01
    outer loop
      vertex   1.750000e-02 -6.603598e-02 -9.300000e-02
      vertex   1.826641e-02 -6.441386e-02 -9.223359e-02
      vertex   1.573150e-02 -6.576129e-02 -9.178088e-02
    endloop
  endfacet
  facet normal 4.182729e-01 -5.420039e-01 7.288893e-01
    outer loop
      vertex   1.573150e-02 -6.576129e-02 -9.178088e-02
      vertex   1.826641e-02 -6.441386e-02 -9.223359e-02
      vertex   1.651641e-02 -6.414204e-02 -9.102723e-02
    endloop
  endfacet
  facet normal 2.242631e-01 -8.102909e-01 5.414191e-01
    outer loop
      vertex   1.500000e-02 -6.711984e-02 -9.358658e-02
      vertex   1.635299e-02 -6.711984e-02 -9.414701e-02
      vertex   1.750000e-02 -6.603598e-02 -9.300000e-02
    endloop
  endfacet
  facet normal 5.299462e-01 -8.136753e-01 2.389341e-01
    outer loop
      vertex   1.750000e-02 -6.603598e-02 -9.300000e-02
      vertex   1.635299e-02 -6.711984e-02 -9.414701e-02
      vertex   1.871912e-02 -6.576129e-02 -9.476850e-02
    endloop
  endfacet
  facet normal 2.329173e-01 -8.201033e-01 5.226663e-01
    outer loop
      vertex   1.500000e-02 -6.711984e-02 -9.358658e-02
      vertex   1.750000e-02 -6.603598e-02 -9.300000e-02
      vertex   1.573150e-02 -6.576129e-02 -9.178088e-02
    endloop
  endfacet
  facet normal -9.807853e-01 -1.950903e-01 -4.454325e-16
    outer loop
      vertex   -2.000000e-02 -6.250044e-02 -9.550000e-02
      vertex   -2.000000e-02 -6.250044e-02 -1.107786e-01
      vertex   -1.961940e-02 -6.441386e-02 -9.550000e-02
    endloop
  endfacet
  facet normal -9.782713e-01 -2.073226e-01 -1.594537e-03
    outer loop
      vertex   -1.961940e-02 -6.441386e-02 -9.550000e-02
      vertex   -2.000000e-02 -6.250044e-02 -1.107786e-01
      vertex   -1.956942e-02 -6.453035e-02 -1.110170e-01
    endloop
  endfacet
  facet normal -8.314687e-01 -5.555696e-01 1.492718e-03
    outer loop
      vertex   -1.961940e-02 -6.441386e-02 -9.550000e-02
      vertex   -1.956942e-02 -6.453035e-02 -1.110170e-01
      vertex   -1.853553e-02 -6.603598e-02 -9.550000e-02
    endloop
  endfacet
  facet normal -8.149026e-01 -5.795947e-01 -1.942241e-03
    outer loop
      vertex   -1.853553e-02 -6.603598e-02 -9.550000e-02
      vertex   -1.956942e-02 -6.453035e-02 -1.110170e-01
      vertex   -1.841223e-02 -6.615517e-02 -1.116669e-01
    endloop
  endfacet
  facet normal -5.555692e-01 -8.314681e-01 1.892574e-03
    outer loop
      vertex   -1.853553e-02 -6.603598e-02 -9.550000e-02
      vertex   -1.841223e-02 -6.615517e-02 -1.116669e-01
      vertex   -1.691342e-02 -6.711984e-02 -9.550000e-02
    endloop
  endfacet
  facet normal -5.319645e-01 -8.467658e-01 -1.208587e-03
    outer loop
      vertex   -1.691342e-02 -6.711984e-02 -9.550000e-02
      vertex   -1.841223e-02 -6.615517e-02 -1.116669e-01
      vertex   -1.680616e-02 -6.716283e-02 -1.125924e-01
    endloop
  endfacet
  facet normal -1.950902e-01 -9.807845e-01 1.242478e-03
    outer loop
      vertex   -1.691342e-02 -6.711984e-02 -9.550000e-02
      vertex   -1.680616e-02 -6.716283e-02 -1.125924e-01
      vertex   -1.500000e-02 -6.750044e-02 -9.550000e-02
    endloop
  endfacet
  facet normal -1.847562e-01 -9.827844e-01 1.109850e-04
    outer loop
      vertex   -1.500000e-02 -6.750044e-02 -9.550000e-02
      vertex   -1.680616e-02 -6.716283e-02 -1.125924e-01
      vertex   -1.501097e-02 -6.750043e-02 -1.136619e-01
    endloop
  endfacet
  facet normal -1.097413e-03 -9.999994e-01 -2.095604e-19
    outer loop
      vertex   -1.500000e-02 -6.750044e-02 -9.550000e-02
      vertex   -1.501097e-02 -6.750043e-02 -1.136619e-01
      vertex   -1.500000e-02 -6.750044e-02 -1.136686e-01
    endloop
  endfacet
  facet normal -5.335373e-01 -8.408337e-01 9.130501e-02
    outer loop
      vertex   -1.730769e-02 -3.326745e-02 -8.550000e-02
      vertex   -1.731710e-02 -3.326256e-02 -8.550988e-02
      vertex   -1.724501e-02 -3.341766e-02 -8.651693e-02
    endloop
  endfacet
  facet normal -5.546059e-01 -8.274745e-01 8.773934e-02
    outer loop
      vertex   -1.724501e-02 -3.341766e-02 -8.651693e-02
      vertex   -1.731710e-02 -3.326256e-02 -8.550988e-02
      vertex   -1.831803e-02 -3.272159e-02 -8.673490e-02
    endloop
  endfacet
  facet normal -5.615937e-01 -7.748348e-01 2.902474e-01
    outer loop
      vertex   -1.724501e-02 -3.341766e-02 -8.651693e-02
      vertex   -1.831803e-02 -3.272159e-02 -8.673490e-02
      vertex   -1.812559e-02 -3.298527e-02 -8.706648e-02
    endloop
  endfacet
  facet normal -6.925334e-01 -7.039040e-01 1.578503e-01
    outer loop
      vertex   -1.812559e-02 -3.298527e-02 -8.706648e-02
      vertex   -1.831803e-02 -3.272159e-02 -8.673490e-02
      vertex   -1.922519e-02 -3.219748e-02 -8.837773e-02
    endloop
  endfacet
  facet normal -7.811403e-01 -5.231854e-01 3.407300e-01
    outer loop
      vertex   -1.812559e-02 -3.298527e-02 -8.706648e-02
      vertex   -1.922519e-02 -3.219748e-02 -8.837773e-02
      vertex   -1.877264e-02 -3.322003e-02 -8.891035e-02
    endloop
  endfacet
  facet normal -7.926974e-01 -5.181298e-01 3.212045e-01
    outer loop
      vertex   -1.877264e-02 -3.322003e-02 -8.891035e-02
      vertex   -1.922519e-02 -3.219748e-02 -8.837773e-02
      vertex   -1.914497e-02 -3.282155e-02 -8.918644e-02
    endloop
  endfacet
  facet normal -7.917411e-01 -4.667577e-01 3.940600e-01
    outer loop
      vertex   -1.877264e-02 -3.322003e-02 -8.891035e-02
      vertex   -1.914497e-02 -3.282155e-02 -8.918644e-02
      vertex   -1.860887e-02 -3.443144e-02 -9.001619e-02
    endloop
  endfacet
  facet normal -7.637267e-01 -4.779641e-01 4.339031e-01
    outer loop
      vertex   -1.860887e-02 -3.443144e-02 -9.001619e-02
      vertex   -1.914497e-02 -3.282155e-02 -8.918644e-02
      vertex   -1.902904e-02 -3.409676e-02 -9.038709e-02
    endloop
  endfacet
  facet normal -7.641168e-01 -3.891946e-01 5.144445e-01
    outer loop
      vertex   -1.860887e-02 -3.443144e-02 -9.001619e-02
      vertex   -1.902904e-02 -3.409676e-02 -9.038709e-02
      vertex   -1.841851e-02 -3.586779e-02 -9.082009e-02
    endloop
  endfacet
  facet normal -7.314542e-01 -3.890721e-01 5.599978e-01
    outer loop
      vertex   -1.841851e-02 -3.586779e-02 -9.082009e-02
      vertex   -1.902904e-02 -3.409676e-02 -9.038709e-02
      vertex   -1.889369e-02 -3.561471e-02 -9.126493e-02
    endloop
  endfacet
  facet normal -7.317203e-01 -2.881235e-01 6.177137e-01
    outer loop
      vertex   -1.841851e-02 -3.586779e-02 -9.082009e-02
      vertex   -1.889369e-02 -3.561471e-02 -9.126493e-02
      vertex   -1.821575e-02 -3.742830e-02 -9.130778e-02
    endloop
  endfacet
  facet normal -6.968289e-01 -2.761261e-01 6.619545e-01
    outer loop
      vertex   -1.821575e-02 -3.742830e-02 -9.130778e-02
      vertex   -1.889369e-02 -3.561471e-02 -9.126493e-02
      vertex   -1.874882e-02 -3.727083e-02 -9.180326e-02
    endloop
  endfacet
  facet normal -6.970239e-01 -1.611449e-01 6.987059e-01
    outer loop
      vertex   -1.821575e-02 -3.742830e-02 -9.130778e-02
      vertex   -1.874882e-02 -3.727083e-02 -9.180326e-02
      vertex   -1.801281e-02 -3.902132e-02 -9.147274e-02
    endloop
  endfacet
  facet normal -6.619855e-01 -1.392838e-01 7.364612e-01
    outer loop
      vertex   -1.801281e-02 -3.902132e-02 -9.147274e-02
      vertex   -1.874882e-02 -3.727083e-02 -9.180326e-02
      vertex   -1.860306e-02 -3.896933e-02 -9.199346e-02
    endloop
  endfacet
  facet normal -6.627191e-01 -2.895625e-02 7.483080e-01
    outer loop
      vertex   -1.801281e-02 -3.902132e-02 -9.147274e-02
      vertex   -1.860306e-02 -3.896933e-02 -9.199346e-02
      vertex   -1.853553e-02 -3.976538e-02 -9.196447e-02
    endloop
  endfacet
  facet normal -8.085209e-01 -4.721588e-02 5.865702e-01
    outer loop
      vertex   -1.853553e-02 -3.976538e-02 -9.196447e-02
      vertex   -1.860306e-02 -3.896933e-02 -9.199346e-02
      vertex   -1.940602e-02 -3.885972e-02 -9.309144e-02
    endloop
  endfacet
  facet normal -8.266758e-01 -1.072268e-01 5.523671e-01
    outer loop
      vertex   -1.853553e-02 -3.976538e-02 -9.196447e-02
      vertex   -1.940602e-02 -3.885972e-02 -9.309144e-02
      vertex   -1.961940e-02 -3.976538e-02 -9.358658e-02
    endloop
  endfacet
  facet normal -9.356573e-01 2.811085e-02 3.517886e-01
    outer loop
      vertex   -1.961940e-02 -3.976538e-02 -9.358658e-02
      vertex   -1.940602e-02 -3.885972e-02 -9.309144e-02
      vertex   -1.988080e-02 -3.873266e-02 -9.436435e-02
    endloop
  endfacet
  facet normal -9.757889e-01 -1.008094e-01 1.940965e-01
    outer loop
      vertex   -1.961940e-02 -3.976538e-02 -9.358658e-02
      vertex   -1.988080e-02 -3.873266e-02 -9.436435e-02
      vertex   -2.000000e-02 -3.976538e-02 -9.550000e-02
    endloop
  endfacet
  facet normal -9.933732e-01 -1.113182e-02 1.143929e-01
    outer loop
      vertex   -2.000000e-02 -3.976538e-02 -9.550000e-02
      vertex   -1.988080e-02 -3.873266e-02 -9.436435e-02
      vertex   -2.000000e-02 -3.755115e-02 -9.528453e-02
    endloop
  endfacet
  facet normal -9.948475e-01 -2.357829e-02 9.860260e-02
    outer loop
      vertex   -2.000000e-02 -3.755115e-02 -9.528453e-02
      vertex   -1.988080e-02 -3.873266e-02 -9.436435e-02
      vertex   -1.989379e-02 -3.657892e-02 -9.398044e-02
    endloop
  endfacet
  facet normal -9.940837e-01 -3.102423e-02 1.040915e-01
    outer loop
      vertex   -2.000000e-02 -3.755115e-02 -9.528453e-02
      vertex   -1.989379e-02 -3.657892e-02 -9.398044e-02
      vertex   -2.000000e-02 -3.541884e-02 -9.464900e-02
    endloop
  endfacet
  facet normal -9.953904e-01 -4.122928e-02 8.659141e-02
    outer loop
      vertex   -2.000000e-02 -3.541884e-02 -9.464900e-02
      vertex   -1.989379e-02 -3.657892e-02 -9.398044e-02
      vertex   -1.990656e-02 -3.453915e-02 -9.315608e-02
    endloop
  endfacet
  facet normal -9.948069e-01 -4.729077e-02 9.012655e-02
    outer loop
      vertex   -2.000000e-02 -3.541884e-02 -9.464900e-02
      vertex   -1.990656e-02 -3.453915e-02 -9.315608e-02
      vertex   -2.000000e-02 -3.344845e-02 -9.361511e-02
    endloop
  endfacet
  facet normal -9.959008e-01 -5.513785e-02 7.170381e-02
    outer loop
      vertex   -2.000000e-02 -3.344845e-02 -9.361511e-02
      vertex   -1.990656e-02 -3.453915e-02 -9.315608e-02
      vertex   -1.991838e-02 -3.271550e-02 -9.191792e-02
    endloop
  endfacet
  facet normal -9.954862e-01 -5.979921e-02 7.369693e-02
    outer loop
      vertex   -2.000000e-02 -3.344845e-02 -9.361511e-02
      vertex   -1.991838e-02 -3.271550e-02 -9.191792e-02
      vertex   -2.000000e-02 -3.172189e-02 -9.221414e-02
    endloop
  endfacet
  facet normal -9.939680e-01 -5.302577e-02 9.599909e-02
    outer loop
      vertex   -2.000000e-02 -3.172189e-02 -9.221414e-02
      vertex   -1.991838e-02 -3.271550e-02 -9.191792e-02
      vertex   -1.980274e-02 -3.184540e-02 -9.023995e-02
    endloop
  endfacet
  facet normal -9.560825e-01 -2.280342e-01 1.841375e-01
    outer loop
      vertex   -1.980274e-02 -3.184540e-02 -9.023995e-02
      vertex   -1.991838e-02 -3.271550e-02 -9.191792e-02
      vertex   -1.959095e-02 -3.343998e-02 -9.111498e-02
    endloop
  endfacet
  facet normal -9.504657e-01 -2.367588e-01 2.013958e-01
    outer loop
      vertex   -1.980274e-02 -3.184540e-02 -9.023995e-02
      vertex   -1.959095e-02 -3.343998e-02 -9.111498e-02
      vertex   -1.964067e-02 -3.205295e-02 -8.971908e-02
    endloop
  endfacet
  facet normal -8.665600e-01 -3.691143e-01 3.358993e-01
    outer loop
      vertex   -1.964067e-02 -3.205295e-02 -8.971908e-02
      vertex   -1.959095e-02 -3.343998e-02 -9.111498e-02
      vertex   -1.902904e-02 -3.409676e-02 -9.038709e-02
    endloop
  endfacet
  facet normal -8.828405e-01 -3.620048e-01 2.992409e-01
    outer loop
      vertex   -1.964067e-02 -3.205295e-02 -8.971908e-02
      vertex   -1.902904e-02 -3.409676e-02 -9.038709e-02
      vertex   -1.914497e-02 -3.282155e-02 -8.918644e-02
    endloop
  endfacet
  facet normal -8.826276e-01 -4.104261e-01 2.291702e-01
    outer loop
      vertex   -1.914497e-02 -3.282155e-02 -8.918644e-02
      vertex   -1.922519e-02 -3.219748e-02 -8.837773e-02
      vertex   -1.964067e-02 -3.205295e-02 -8.971908e-02
    endloop
  endfacet
  facet normal -9.553549e-01 -4.596462e-03 2.954249e-01
    outer loop
      vertex   -1.964067e-02 -3.205295e-02 -8.971908e-02
      vertex   -1.922519e-02 -3.219748e-02 -8.837773e-02
      vertex   -1.980274e-02 -3.184540e-02 -9.023995e-02
    endloop
  endfacet
  facet normal -5.486618e-01 -1.572100e-01 8.211305e-01
    outer loop
      vertex   -1.853553e-02 -3.976538e-02 -9.196447e-02
      vertex   -1.691342e-02 -3.976538e-02 -9.088060e-02
      vertex   -1.801281e-02 -3.902132e-02 -9.147274e-02
    endloop
  endfacet
  facet normal -4.729312e-01 2.408054e-03 8.810961e-01
    outer loop
      vertex   -1.801281e-02 -3.902132e-02 -9.147274e-02
      vertex   -1.691342e-02 -3.976538e-02 -9.088060e-02
      vertex   -1.667998e-02 -3.909279e-02 -9.075714e-02
    endloop
  endfacet
  facet normal -4.739059e-01 -1.502182e-01 8.676679e-01
    outer loop
      vertex   -1.801281e-02 -3.902132e-02 -9.147274e-02
      vertex   -1.667998e-02 -3.909279e-02 -9.075714e-02
      vertex   -1.821575e-02 -3.742830e-02 -9.130778e-02
    endloop
  endfacet
  facet normal -5.265835e-01 -2.136523e-01 8.228381e-01
    outer loop
      vertex   -1.821575e-02 -3.742830e-02 -9.130778e-02
      vertex   -1.667998e-02 -3.909279e-02 -9.075714e-02
      vertex   -1.700051e-02 -3.765662e-02 -9.058936e-02
    endloop
  endfacet
  facet normal -5.261446e-01 -3.152006e-01 7.898230e-01
    outer loop
      vertex   -1.821575e-02 -3.742830e-02 -9.130778e-02
      vertex   -1.700051e-02 -3.765662e-02 -9.058936e-02
      vertex   -1.841851e-02 -3.586779e-02 -9.082009e-02
    endloop
  endfacet
  facet normal -5.790478e-01 -3.649772e-01 7.290372e-01
    outer loop
      vertex   -1.841851e-02 -3.586779e-02 -9.082009e-02
      vertex   -1.700051e-02 -3.765662e-02 -9.058936e-02
      vertex   -1.732527e-02 -3.625243e-02 -9.014433e-02
    endloop
  endfacet
  facet normal -5.785141e-01 -4.554084e-01 6.767012e-01
    outer loop
      vertex   -1.841851e-02 -3.586779e-02 -9.082009e-02
      vertex   -1.732527e-02 -3.625243e-02 -9.014433e-02
      vertex   -1.860887e-02 -3.443144e-02 -9.001619e-02
    endloop
  endfacet
  facet normal -6.286348e-01 -4.858515e-01 6.072616e-01
    outer loop
      vertex   -1.860887e-02 -3.443144e-02 -9.001619e-02
      vertex   -1.732527e-02 -3.625243e-02 -9.014433e-02
      vertex   -1.763401e-02 -3.496028e-02 -8.943013e-02
    endloop
  endfacet
  facet normal -6.278843e-01 -5.693262e-01 5.306873e-01
    outer loop
      vertex   -1.860887e-02 -3.443144e-02 -9.001619e-02
      vertex   -1.763401e-02 -3.496028e-02 -8.943013e-02
      vertex   -1.877264e-02 -3.322003e-02 -8.891035e-02
    endloop
  endfacet
  facet normal -6.711210e-01 -5.778302e-01 4.644447e-01
    outer loop
      vertex   -1.877264e-02 -3.322003e-02 -8.891035e-02
      vertex   -1.763401e-02 -3.496028e-02 -8.943013e-02
      vertex   -1.790268e-02 -3.386911e-02 -8.846080e-02
    endloop
  endfacet
  facet normal -6.671896e-01 -6.727523e-01 3.197850e-01
    outer loop
      vertex   -1.877264e-02 -3.322003e-02 -8.891035e-02
      vertex   -1.790268e-02 -3.386911e-02 -8.846080e-02
      vertex   -1.812559e-02 -3.298527e-02 -8.706648e-02
    endloop
  endfacet
  facet normal -4.725113e-01 -7.765788e-01 4.167234e-01
    outer loop
      vertex   -1.812559e-02 -3.298527e-02 -8.706648e-02
      vertex   -1.790268e-02 -3.386911e-02 -8.846080e-02
      vertex   -1.706613e-02 -3.385196e-02 -8.748029e-02
    endloop
  endfacet
  facet normal -5.501366e-01 -7.948123e-01 2.561703e-01
    outer loop
      vertex   -1.812559e-02 -3.298527e-02 -8.706648e-02
      vertex   -1.706613e-02 -3.385196e-02 -8.748029e-02
      vertex   -1.724501e-02 -3.341766e-02 -8.651693e-02
    endloop
  endfacet
  facet normal -1.938713e-01 -1.116173e-01 9.746566e-01
    outer loop
      vertex   -1.691342e-02 -3.976538e-02 -9.088060e-02
      vertex   -1.500000e-02 -3.976538e-02 -9.050000e-02
      vertex   -1.667998e-02 -3.909279e-02 -9.075714e-02
    endloop
  endfacet
  facet normal -2.339806e-01 -2.225983e-01 9.464159e-01
    outer loop
      vertex   -1.667998e-02 -3.909279e-02 -9.075714e-02
      vertex   -1.500000e-02 -3.976538e-02 -9.050000e-02
      vertex   -1.572240e-02 -3.746868e-02 -9.013841e-02
    endloop
  endfacet
  facet normal -3.041783e-01 -1.772344e-01 9.359826e-01
    outer loop
      vertex   -1.667998e-02 -3.909279e-02 -9.075714e-02
      vertex   -1.572240e-02 -3.746868e-02 -9.013841e-02
      vertex   -1.700051e-02 -3.765662e-02 -9.058936e-02
    endloop
  endfacet
  facet normal -2.663549e-01 -3.466447e-01 8.993845e-01
    outer loop
      vertex   -1.700051e-02 -3.765662e-02 -9.058936e-02
      vertex   -1.572240e-02 -3.746868e-02 -9.013841e-02
      vertex   -1.732527e-02 -3.625243e-02 -9.014433e-02
    endloop
  endfacet
  facet normal -3.969411e-01 -5.194357e-01 7.567195e-01
    outer loop
      vertex   -1.572240e-02 -3.746868e-02 -9.013841e-02
      vertex   -1.646501e-02 -3.538492e-02 -8.909759e-02
      vertex   -1.732527e-02 -3.625243e-02 -9.014433e-02
    endloop
  endfacet
  facet normal -4.023228e-01 -5.146307e-01 7.571602e-01
    outer loop
      vertex   -1.732527e-02 -3.625243e-02 -9.014433e-02
      vertex   -1.646501e-02 -3.538492e-02 -8.909759e-02
      vertex   -1.763401e-02 -3.496028e-02 -8.943013e-02
    endloop
  endfacet
  facet normal -4.173620e-01 -6.588033e-01 6.259291e-01
    outer loop
      vertex   -1.763401e-02 -3.496028e-02 -8.943013e-02
      vertex   -1.646501e-02 -3.538492e-02 -8.909759e-02
      vertex   -1.790268e-02 -3.386911e-02 -8.846080e-02
    endloop
  endfacet
  facet normal -5.344415e-01 -7.036205e-01 4.682846e-01
    outer loop
      vertex   -1.790268e-02 -3.386911e-02 -8.846080e-02
      vertex   -1.646501e-02 -3.538492e-02 -8.909759e-02
      vertex   -1.706613e-02 -3.385196e-02 -8.748029e-02
    endloop
  endfacet
  facet normal -8.669972e-01 -3.051388e-01 3.939622e-01
    outer loop
      vertex   -1.889369e-02 -3.561471e-02 -9.126493e-02
      vertex   -1.902904e-02 -3.409676e-02 -9.038709e-02
      vertex   -1.959095e-02 -3.343998e-02 -9.111498e-02
    endloop
  endfacet
  facet normal -9.568504e-01 -1.773418e-01 2.301895e-01
    outer loop
      vertex   -1.959095e-02 -3.343998e-02 -9.111498e-02
      vertex   -1.991838e-02 -3.271550e-02 -9.191792e-02
      vertex   -1.953256e-02 -3.510738e-02 -9.215689e-02
    endloop
  endfacet
  facet normal -9.505110e-01 -1.787128e-01 2.541467e-01
    outer loop
      vertex   -1.953256e-02 -3.510738e-02 -9.215689e-02
      vertex   -1.991838e-02 -3.271550e-02 -9.191792e-02
      vertex   -1.990656e-02 -3.453915e-02 -9.315608e-02
    endloop
  endfacet
  facet normal -9.506941e-01 -1.335166e-01 2.799179e-01
    outer loop
      vertex   -1.953256e-02 -3.510738e-02 -9.215689e-02
      vertex   -1.990656e-02 -3.453915e-02 -9.315608e-02
      vertex   -1.946970e-02 -3.694738e-02 -9.282104e-02
    endloop
  endfacet
  facet normal -9.438253e-01 -1.288819e-01 3.042750e-01
    outer loop
      vertex   -1.946970e-02 -3.694738e-02 -9.282104e-02
      vertex   -1.990656e-02 -3.453915e-02 -9.315608e-02
      vertex   -1.989379e-02 -3.657892e-02 -9.398044e-02
    endloop
  endfacet
  facet normal -9.439977e-01 -7.680679e-02 3.208878e-01
    outer loop
      vertex   -1.946970e-02 -3.694738e-02 -9.282104e-02
      vertex   -1.989379e-02 -3.657892e-02 -9.398044e-02
      vertex   -1.940602e-02 -3.885972e-02 -9.309144e-02
    endloop
  endfacet
  facet normal -9.370228e-01 -6.676342e-02 3.428279e-01
    outer loop
      vertex   -1.940602e-02 -3.885972e-02 -9.309144e-02
      vertex   -1.989379e-02 -3.657892e-02 -9.398044e-02
      vertex   -1.988080e-02 -3.873266e-02 -9.436435e-02
    endloop
  endfacet
  facet normal -8.483457e-01 -2.293236e-01 4.772005e-01
    outer loop
      vertex   -1.874882e-02 -3.727083e-02 -9.180326e-02
      vertex   -1.889369e-02 -3.561471e-02 -9.126493e-02
      vertex   -1.953256e-02 -3.510738e-02 -9.215689e-02
    endloop
  endfacet
  facet normal -8.479743e-01 -3.019138e-01 4.356463e-01
    outer loop
      vertex   -1.953256e-02 -3.510738e-02 -9.215689e-02
      vertex   -1.889369e-02 -3.561471e-02 -9.126493e-02
      vertex   -1.959095e-02 -3.343998e-02 -9.111498e-02
    endloop
  endfacet
  facet normal -8.278762e-01 -2.152446e-01 5.179679e-01
    outer loop
      vertex   -1.874882e-02 -3.727083e-02 -9.180326e-02
      vertex   -1.953256e-02 -3.510738e-02 -9.215689e-02
      vertex   -1.946970e-02 -3.694738e-02 -9.282104e-02
    endloop
  endfacet
  facet normal -8.282081e-01 -1.320677e-01 5.446370e-01
    outer loop
      vertex   -1.860306e-02 -3.896933e-02 -9.199346e-02
      vertex   -1.874882e-02 -3.727083e-02 -9.180326e-02
      vertex   -1.946970e-02 -3.694738e-02 -9.282104e-02
    endloop
  endfacet
  facet normal -8.075310e-01 -1.088570e-01 5.796928e-01
    outer loop
      vertex   -1.860306e-02 -3.896933e-02 -9.199346e-02
      vertex   -1.946970e-02 -3.694738e-02 -9.282104e-02
      vertex   -1.940602e-02 -3.885972e-02 -9.309144e-02
    endloop
  endfacet
  facet normal -1.950903e-01 0.000000e+00 9.807853e-01
    outer loop
      vertex   -1.500000e-02 -6.250044e-02 -9.050000e-02
      vertex   -1.500000e-02 -3.976538e-02 -9.050000e-02
      vertex   -1.691342e-02 -6.250044e-02 -9.088060e-02
    endloop
  endfacet
  facet normal -1.950903e-01 0.000000e+00 9.807853e-01
    outer loop
      vertex   -1.691342e-02 -6.250044e-02 -9.088060e-02
      vertex   -1.500000e-02 -3.976538e-02 -9.050000e-02
      vertex   -1.691342e-02 -3.976538e-02 -9.088060e-02
    endloop
  endfacet
  facet normal -5.555702e-01 0.000000e+00 8.314696e-01
    outer loop
      vertex   -1.691342e-02 -6.250044e-02 -9.088060e-02
      vertex   -1.691342e-02 -3.976538e-02 -9.088060e-02
      vertex   -1.853553e-02 -6.250044e-02 -9.196447e-02
    endloop
  endfacet
  facet normal -5.555702e-01 0.000000e+00 8.314696e-01
    outer loop
      vertex   -1.853553e-02 -6.250044e-02 -9.196447e-02
      vertex   -1.691342e-02 -3.976538e-02 -9.088060e-02
      vertex   -1.853553e-02 -3.976538e-02 -9.196447e-02
    endloop
  endfacet
  facet normal -8.314696e-01 0.000000e+00 5.555702e-01
    outer loop
      vertex   -1.853553e-02 -6.250044e-02 -9.196447e-02
      vertex   -1.853553e-02 -3.976538e-02 -9.196447e-02
      vertex   -1.961940e-02 -6.250044e-02 -9.358658e-02
    endloop
  endfacet
  facet normal -8.314696e-01 0.000000e+00 5.555702e-01
    outer loop
      vertex   -1.961940e-02 -6.250044e-02 -9.358658e-02
      vertex   -1.853553e-02 -3.976538e-02 -9.196447e-02
      vertex   -1.961940e-02 -3.976538e-02 -9.358658e-02
    endloop
  endfacet
  facet normal -9.807853e-01 0.000000e+00 1.950903e-01
    outer loop
      vertex   -1.961940e-02 -6.250044e-02 -9.358658e-02
      vertex   -1.961940e-02 -3.976538e-02 -9.358658e-02
      vertex   -2.000000e-02 -6.250044e-02 -9.550000e-02
    endloop
  endfacet
  facet normal -9.807853e-01 0.000000e+00 1.950903e-01
    outer loop
      vertex   -2.000000e-02 -6.250044e-02 -9.550000e-02
      vertex   -1.961940e-02 -3.976538e-02 -9.358658e-02
      vertex   -2.000000e-02 -3.976538e-02 -9.550000e-02
    endloop
  endfacet
  facet normal -1.944564e-01 -9.775986e-01 8.054650e-02
    outer loop
      vertex   -1.691342e-02 -6.711984e-02 -9.550000e-02
      vertex   -1.500000e-02 -6.750044e-02 -9.550000e-02
      vertex   -1.635299e-02 -6.711984e-02 -9.414701e-02
    endloop
  endfacet
  facet normal -8.054650e-02 -9.775986e-01 1.944564e-01
    outer loop
      vertex   -1.635299e-02 -6.711984e-02 -9.414701e-02
      vertex   -1.500000e-02 -6.750044e-02 -9.550000e-02
      vertex   -1.500000e-02 -6.711984e-02 -9.358658e-02
    endloop
  endfacet
  facet normal -2.188951e-01 -8.202533e-01 5.284596e-01
    outer loop
      vertex   -1.635299e-02 -6.711984e-02 -9.414701e-02
      vertex   -1.500000e-02 -6.711984e-02 -9.358658e-02
      vertex   -1.573150e-02 -6.576129e-02 -9.178088e-02
    endloop
  endfacet
  facet normal -1.702803e-01 -8.193266e-01 5.474565e-01
    outer loop
      vertex   -1.573150e-02 -6.576129e-02 -9.178088e-02
      vertex   -1.500000e-02 -6.711984e-02 -9.358658e-02
      vertex   -1.500000e-02 -6.603598e-02 -9.196447e-02
    endloop
  endfacet
  facet normal 4.364969e-05 -5.555702e-01 8.314696e-01
    outer loop
      vertex   -1.573150e-02 -6.576129e-02 -9.178088e-02
      vertex   -1.500000e-02 -6.603598e-02 -9.196447e-02
      vertex   -1.500000e-02 -6.441386e-02 -9.088060e-02
    endloop
  endfacet
  facet normal -1.695469e-01 -4.822211e-01 8.594863e-01
    outer loop
      vertex   -1.573150e-02 -6.576129e-02 -9.178088e-02
      vertex   -1.500000e-02 -6.441386e-02 -9.088060e-02
      vertex   -1.651641e-02 -6.414204e-02 -9.102723e-02
    endloop
  endfacet
  facet normal -1.287272e-01 -1.934672e-01 9.726252e-01
    outer loop
      vertex   -1.651641e-02 -6.414204e-02 -9.102723e-02
      vertex   -1.500000e-02 -6.441386e-02 -9.088060e-02
      vertex   -1.500000e-02 -6.250044e-02 -9.050000e-02
    endloop
  endfacet
  facet normal -1.933420e-01 -1.335778e-01 9.719958e-01
    outer loop
      vertex   -1.651641e-02 -6.414204e-02 -9.102723e-02
      vertex   -1.500000e-02 -6.250044e-02 -9.050000e-02
      vertex   -1.691342e-02 -6.250044e-02 -9.088060e-02
    endloop
  endfacet
  facet normal -5.342843e-01 -2.025172e-01 8.206869e-01
    outer loop
      vertex   -1.651641e-02 -6.414204e-02 -9.102723e-02
      vertex   -1.691342e-02 -6.250044e-02 -9.088060e-02
      vertex   -1.826641e-02 -6.441386e-02 -9.223359e-02
    endloop
  endfacet
  facet normal -5.452902e-01 -1.914805e-01 8.160845e-01
    outer loop
      vertex   -1.826641e-02 -6.441386e-02 -9.223359e-02
      vertex   -1.691342e-02 -6.250044e-02 -9.088060e-02
      vertex   -1.853553e-02 -6.250044e-02 -9.196447e-02
    endloop
  endfacet
  facet normal -8.160845e-01 -1.914805e-01 5.452902e-01
    outer loop
      vertex   -1.826641e-02 -6.441386e-02 -9.223359e-02
      vertex   -1.853553e-02 -6.250044e-02 -9.196447e-02
      vertex   -1.961940e-02 -6.250044e-02 -9.358658e-02
    endloop
  endfacet
  facet normal -8.206869e-01 -2.025172e-01 5.342843e-01
    outer loop
      vertex   -1.826641e-02 -6.441386e-02 -9.223359e-02
      vertex   -1.961940e-02 -6.250044e-02 -9.358658e-02
      vertex   -1.947277e-02 -6.414204e-02 -9.398359e-02
    endloop
  endfacet
  facet normal -9.719958e-01 -1.335778e-01 1.933420e-01
    outer loop
      vertex   -1.947277e-02 -6.414204e-02 -9.398359e-02
      vertex   -1.961940e-02 -6.250044e-02 -9.358658e-02
      vertex   -2.000000e-02 -6.250044e-02 -9.550000e-02
    endloop
  endfacet
  facet normal -9.726252e-01 -1.934672e-01 1.287272e-01
    outer loop
      vertex   -1.947277e-02 -6.414204e-02 -9.398359e-02
      vertex   -2.000000e-02 -6.250044e-02 -9.550000e-02
      vertex   -1.961940e-02 -6.441386e-02 -9.550000e-02
    endloop
  endfacet
  facet normal -8.594863e-01 -4.822211e-01 1.695469e-01
    outer loop
      vertex   -1.947277e-02 -6.414204e-02 -9.398359e-02
      vertex   -1.961940e-02 -6.441386e-02 -9.550000e-02
      vertex   -1.871912e-02 -6.576129e-02 -9.476850e-02
    endloop
  endfacet
  facet normal -8.314696e-01 -5.555702e-01 -4.364969e-05
    outer loop
      vertex   -1.871912e-02 -6.576129e-02 -9.476850e-02
      vertex   -1.961940e-02 -6.441386e-02 -9.550000e-02
      vertex   -1.853553e-02 -6.603598e-02 -9.550000e-02
    endloop
  endfacet
  facet normal -5.474565e-01 -8.193266e-01 1.702803e-01
    outer loop
      vertex   -1.871912e-02 -6.576129e-02 -9.476850e-02
      vertex   -1.853553e-02 -6.603598e-02 -9.550000e-02
      vertex   -1.691342e-02 -6.711984e-02 -9.550000e-02
    endloop
  endfacet
  facet normal -4.182729e-01 -5.420039e-01 7.288893e-01
    outer loop
      vertex   -1.573150e-02 -6.576129e-02 -9.178088e-02
      vertex   -1.651641e-02 -6.414204e-02 -9.102723e-02
      vertex   -1.750000e-02 -6.603598e-02 -9.300000e-02
    endloop
  endfacet
  facet normal -4.182729e-01 -5.420039e-01 7.288893e-01
    outer loop
      vertex   -1.750000e-02 -6.603598e-02 -9.300000e-02
      vertex   -1.651641e-02 -6.414204e-02 -9.102723e-02
      vertex   -1.826641e-02 -6.441386e-02 -9.223359e-02
    endloop
  endfacet
  facet normal -7.288893e-01 -5.420039e-01 4.182729e-01
    outer loop
      vertex   -1.750000e-02 -6.603598e-02 -9.300000e-02
      vertex   -1.826641e-02 -6.441386e-02 -9.223359e-02
      vertex   -1.871912e-02 -6.576129e-02 -9.476850e-02
    endloop
  endfacet
  facet normal -7.288893e-01 -5.420039e-01 4.182729e-01
    outer loop
      vertex   -1.871912e-02 -6.576129e-02 -9.476850e-02
      vertex   -1.826641e-02 -6.441386e-02 -9.223359e-02
      vertex   -1.947277e-02 -6.414204e-02 -9.398359e-02
    endloop
  endfacet
  facet normal -5.414191e-01 -8.102909e-01 2.242631e-01
    outer loop
      vertex   -1.691342e-02 -6.711984e-02 -9.550000e-02
      vertex   -1.635299e-02 -6.711984e-02 -9.414701e-02
      vertex   -1.750000e-02 -6.603598e-02 -9.300000e-02
    endloop
  endfacet
  facet normal -2.389341e-01 -8.136753e-01 5.299462e-01
    outer loop
      vertex   -1.750000e-02 -6.603598e-02 -9.300000e-02
      vertex   -1.635299e-02 -6.711984e-02 -9.414701e-02
      vertex   -1.573150e-02 -6.576129e-02 -9.178088e-02
    endloop
  endfacet
  facet normal -5.226663e-01 -8.201033e-01 2.329173e-01
    outer loop
      vertex   -1.691342e-02 -6.711984e-02 -9.550000e-02
      vertex   -1.750000e-02 -6.603598e-02 -9.300000e-02
      vertex   -1.871912e-02 -6.576129e-02 -9.476850e-02
    endloop
  endfacet
  facet normal 5.325174e-01 -8.464191e-01 9.703012e-05
    outer loop
      vertex   1.982110e-02 -3.183422e-02 -9.033227e-02
      vertex   2.000000e-02 -3.172189e-02 -9.221414e-02
      vertex   2.065864e-02 -3.129694e-02 8.881784e-18
    endloop
  endfacet
  facet normal 5.421448e-01 -8.402851e-01 -8.096450e-11
    outer loop
      vertex   2.065864e-02 -3.129694e-02 8.881784e-18
      vertex   2.000000e-02 -3.172189e-02 -9.221414e-02
      vertex   2.000000e-02 -3.172189e-02 -1.025000e-01
    endloop
  endfacet
  facet normal 6.024425e-01 -7.981621e-01 -5.620916e-04
    outer loop
      vertex   2.065864e-02 -3.129694e-02 8.881784e-18
      vertex   2.000000e-02 -3.172189e-02 -1.025000e-01
      vertex   2.502380e-02 -2.792999e-02 -1.025000e-01
    endloop
  endfacet
  facet normal 6.234896e-01 -7.818312e-01 8.706796e-04
    outer loop
      vertex   2.065864e-02 -3.129694e-02 8.881784e-18
      vertex   2.502380e-02 -2.792999e-02 -1.025000e-01
      vertex   2.591485e-02 -2.710525e-02 8.881784e-18
    endloop
  endfacet
  facet normal 7.274518e-01 -6.861583e-01 -8.028798e-04
    outer loop
      vertex   2.591485e-02 -2.710525e-02 8.881784e-18
      vertex   2.502380e-02 -2.792999e-02 -1.025000e-01
      vertex   2.934263e-02 -2.335125e-02 -1.025000e-01
    endloop
  endfacet
  facet normal 7.530710e-01 -6.579383e-01 1.087411e-03
    outer loop
      vertex   2.591485e-02 -2.710525e-02 8.881784e-18
      vertex   2.934263e-02 -2.335125e-02 -1.025000e-01
      vertex   3.033814e-02 -2.204239e-02 8.881784e-18
    endloop
  endfacet
  facet normal 8.319672e-01 -5.548240e-01 -9.955483e-04
    outer loop
      vertex   3.033814e-02 -2.204239e-02 8.881784e-18
      vertex   2.934263e-02 -2.335125e-02 -1.025000e-01
      vertex   3.283481e-02 -1.811466e-02 -1.025000e-01
    endloop
  endfacet
  facet normal 8.584481e-01 -5.128989e-01 1.256010e-03
    outer loop
      vertex   3.033814e-02 -2.204239e-02 8.881784e-18
      vertex   3.283481e-02 -1.811466e-02 -1.025000e-01
      vertex   3.378633e-02 -1.627108e-02 8.881784e-18
    endloop
  endfacet
  facet normal 9.130442e-01 -4.078591e-01 -1.140072e-03
    outer loop
      vertex   3.378633e-02 -1.627108e-02 8.881784e-18
      vertex   3.283481e-02 -1.811466e-02 -1.025000e-01
      vertex   3.540197e-02 -1.236777e-02 -1.025000e-01
    endloop
  endfacet
  facet normal 9.362340e-01 -3.513745e-01 1.376453e-03
    outer loop
      vertex   3.378633e-02 -1.627108e-02 8.881784e-18
      vertex   3.540197e-02 -1.236777e-02 -1.025000e-01
      vertex   3.614861e-02 -9.976826e-03 8.881784e-18
    endloop
  endfacet
  facet normal 9.683987e-01 -2.494041e-01 -1.236431e-03
    outer loop
      vertex   3.614861e-02 -9.976826e-03 8.881784e-18
      vertex   3.540197e-02 -1.236777e-02 -1.025000e-01
      vertex   3.697177e-02 -6.272453e-03 -1.025000e-01
    endloop
  endfacet
  facet normal 9.839286e-01 -1.785567e-01 1.448726e-03
    outer loop
      vertex   3.614861e-02 -9.976826e-03 8.881784e-18
      vertex   3.697177e-02 -6.272453e-03 -1.025000e-01
      vertex   3.734904e-02 -3.361918e-03 8.881784e-18
    endloop
  endfacet
  facet normal 9.964714e-01 -8.392278e-02 -1.284614e-03
    outer loop
      vertex   3.734904e-02 -3.361918e-03 8.881784e-18
      vertex   3.697177e-02 -6.272453e-03 -1.025000e-01
      vertex   3.750000e-02 -4.438511e-07 -1.025000e-01
    endloop
  endfacet
  facet normal 9.999989e-01 -0.000000e+00 1.472818e-03
    outer loop
      vertex   3.734904e-02 -3.361918e-03 8.881784e-18
      vertex   3.750000e-02 -4.438511e-07 -1.025000e-01
      vertex   3.734904e-02 3.361030e-03 8.881784e-18
    endloop
  endfacet
  facet normal 9.964714e-01 8.392278e-02 -1.284614e-03
    outer loop
      vertex   3.734904e-02 3.361030e-03 8.881784e-18
      vertex   3.750000e-02 -4.438511e-07 -1.025000e-01
      vertex   3.697177e-02 6.271565e-03 -1.025000e-01
    endloop
  endfacet
  facet normal 9.839286e-01 1.785567e-01 1.448726e-03
    outer loop
      vertex   3.734904e-02 3.361030e-03 8.881784e-18
      vertex   3.697177e-02 6.271565e-03 -1.025000e-01
      vertex   3.614861e-02 9.975938e-03 8.881784e-18
    endloop
  endfacet
  facet normal 9.683987e-01 2.494041e-01 -1.236431e-03
    outer loop
      vertex   3.614861e-02 9.975938e-03 8.881784e-18
      vertex   3.697177e-02 6.271565e-03 -1.025000e-01
      vertex   3.540197e-02 1.236688e-02 -1.025000e-01
    endloop
  endfacet
  facet normal 9.362340e-01 3.513745e-01 1.376453e-03
    outer loop
      vertex   3.614861e-02 9.975938e-03 8.881784e-18
      vertex   3.540197e-02 1.236688e-02 -1.025000e-01
      vertex   3.378633e-02 1.627020e-02 8.881784e-18
    endloop
  endfacet
  facet normal 9.130442e-01 4.078591e-01 -1.140072e-03
    outer loop
      vertex   3.378633e-02 1.627020e-02 8.881784e-18
      vertex   3.540197e-02 1.236688e-02 -1.025000e-01
      vertex   3.283481e-02 1.811378e-02 -1.025000e-01
    endloop
  endfacet
  facet normal 8.584481e-01 5.128989e-01 1.256010e-03
    outer loop
      vertex   3.378633e-02 1.627020e-02 8.881784e-18
      vertex   3.283481e-02 1.811378e-02 -1.025000e-01
      vertex   3.033814e-02 2.204150e-02 8.881784e-18
    endloop
  endfacet
  facet normal 8.319672e-01 5.548240e-01 -9.955483e-04
    outer loop
      vertex   3.033814e-02 2.204150e-02 8.881784e-18
      vertex   3.283481e-02 1.811378e-02 -1.025000e-01
      vertex   2.934263e-02 2.335036e-02 -1.025000e-01
    endloop
  endfacet
  facet normal 7.530710e-01 6.579383e-01 1.087411e-03
    outer loop
      vertex   3.033814e-02 2.204150e-02 8.881784e-18
      vertex   2.934263e-02 2.335036e-02 -1.025000e-01
      vertex   2.591485e-02 2.710436e-02 8.881784e-18
    endloop
  endfacet
  facet normal 7.274518e-01 6.861583e-01 -8.028798e-04
    outer loop
      vertex   2.591485e-02 2.710436e-02 8.881784e-18
      vertex   2.934263e-02 2.335036e-02 -1.025000e-01
      vertex   2.502380e-02 2.792910e-02 -1.025000e-01
    endloop
  endfacet
  facet normal 6.234896e-01 7.818312e-01 8.706796e-04
    outer loop
      vertex   2.591485e-02 2.710436e-02 8.881784e-18
      vertex   2.502380e-02 2.792910e-02 -1.025000e-01
      vertex   2.065864e-02 3.129605e-02 8.881784e-18
    endloop
  endfacet
  facet normal 6.024425e-01 7.981621e-01 -5.620916e-04
    outer loop
      vertex   2.065864e-02 3.129605e-02 8.881784e-18
      vertex   2.502380e-02 2.792910e-02 -1.025000e-01
      vertex   2.000000e-02 3.172100e-02 -1.025000e-01
    endloop
  endfacet
  facet normal 5.421448e-01 8.402851e-01 -2.652782e-15
    outer loop
      vertex   2.065864e-02 3.129605e-02 8.881784e-18
      vertex   2.000000e-02 3.172100e-02 -1.025000e-01
      vertex   2.000000e-02 3.172100e-02 -9.221414e-02
    endloop
  endfacet
  facet normal 5.314802e-01 8.470707e-01 1.074417e-04
    outer loop
      vertex   2.000000e-02 3.172100e-02 -9.221414e-02
      vertex   1.980274e-02 3.184452e-02 -9.023995e-02
      vertex   2.065864e-02 3.129605e-02 8.881784e-18
    endloop
  endfacet
  facet normal 5.210877e-01 8.535031e-01 2.451055e-04
    outer loop
      vertex   2.065864e-02 3.129605e-02 8.881784e-18
      vertex   1.980274e-02 3.184452e-02 -9.023995e-02
      vertex   1.922519e-02 3.219659e-02 -8.837773e-02
    endloop
  endfacet
  facet normal 5.011882e-01 8.653381e-01 6.884613e-04
    outer loop
      vertex   2.065864e-02 3.129605e-02 8.881784e-18
      vertex   1.922519e-02 3.219659e-02 -8.837773e-02
      vertex   1.831802e-02 3.272070e-02 -8.673489e-02
    endloop
  endfacet
  facet normal 4.769495e-01 8.789293e-01 1.565801e-03
    outer loop
      vertex   1.831802e-02 3.272070e-02 -8.673489e-02
      vertex   1.731710e-02 3.326167e-02 -8.550988e-02
      vertex   2.065864e-02 3.129605e-02 8.881784e-18
    endloop
  endfacet
  facet normal 4.738680e-01 8.805942e-01 1.724494e-03
    outer loop
      vertex   2.065864e-02 3.129605e-02 8.881784e-18
      vertex   1.731710e-02 3.326167e-02 -8.550988e-02
      vertex   1.473844e-02 3.448185e-02 8.881784e-18
    endloop
  endfacet
  facet normal 4.738680e-01 8.805942e-01 -1.724494e-03
    outer loop
      vertex   2.065864e-02 3.129605e-02 8.881784e-18
      vertex   1.473844e-02 3.448185e-02 8.881784e-18
      vertex   1.731710e-02 3.326167e-02 8.550988e-02
    endloop
  endfacet
  facet normal 4.627418e-01 8.864921e-01 -1.304812e-03
    outer loop
      vertex   1.731710e-02 3.326167e-02 8.550988e-02
      vertex   1.473844e-02 3.448185e-02 8.881784e-18
      vertex   1.730769e-02 3.326656e-02 8.550000e-02
    endloop
  endfacet
  facet normal 3.854394e-01 9.227319e-01 1.533211e-03
    outer loop
      vertex   1.730769e-02 3.326656e-02 8.550000e-02
      vertex   1.473844e-02 3.448185e-02 8.881784e-18
      vertex   1.149827e-02 3.569325e-02 8.550000e-02
    endloop
  endfacet
  facet normal 3.090165e-01 9.510550e-01 -1.764266e-03
    outer loop
      vertex   1.149827e-02 3.569325e-02 8.550000e-02
      vertex   1.473844e-02 3.448185e-02 8.881784e-18
      vertex   8.344535e-03 3.655935e-02 8.881784e-18
    endloop
  endfacet
  facet normal 2.256361e-01 9.742104e-01 1.545840e-03
    outer loop
      vertex   1.149827e-02 3.569325e-02 8.550000e-02
      vertex   8.344535e-03 3.655935e-02 8.881784e-18
      vertex   5.364734e-03 3.711383e-02 8.550000e-02
    endloop
  endfacet
  facet normal 1.342331e-01 9.909482e-01 -1.748239e-03
    outer loop
      vertex   5.364734e-03 3.711383e-02 8.550000e-02
      vertex   8.344535e-03 3.655935e-02 8.881784e-18
      vertex   1.682431e-03 3.746180e-02 8.881784e-18
    endloop
  endfacet
  facet normal 5.947278e-02 9.982288e-01 1.501157e-03
    outer loop
      vertex   5.364734e-03 3.711383e-02 8.550000e-02
      vertex   1.682431e-03 3.746180e-02 8.881784e-18
      vertex   -9.200143e-04 3.748827e-02 8.550000e-02
    endloop
  endfacet
  facet normal -4.486477e-02 9.989917e-01 -1.674901e-03
    outer loop
      vertex   -9.200143e-04 3.748827e-02 8.550000e-02
      vertex   1.682431e-03 3.746180e-02 8.881784e-18
      vertex   -5.033747e-03 3.716017e-02 8.881784e-18
    endloop
  endfacet
  facet normal -1.083670e-01 9.941100e-01 1.399167e-03
    outer loop
      vertex   -9.200143e-04 3.748827e-02 8.550000e-02
      vertex   -5.033747e-03 3.716017e-02 8.881784e-18
      vertex   -7.178830e-03 3.680600e-02 8.550000e-02
    endloop
  endfacet
  facet normal -2.225207e-01 9.749267e-01 -1.544262e-03
    outer loop
      vertex   -7.178830e-03 3.680600e-02 8.550000e-02
      vertex   -5.033747e-03 3.716017e-02 8.881784e-18
      vertex   -1.158814e-02 3.566418e-02 8.881784e-18
    endloop
  endfacet
  facet normal -2.731522e-01 9.619700e-01 1.239884e-03
    outer loop
      vertex   -7.178830e-03 3.680600e-02 8.550000e-02
      vertex   -1.158814e-02 3.566418e-02 8.881784e-18
      vertex   -1.323529e-02 3.508626e-02 8.550000e-02
    endloop
  endfacet
  facet normal -3.761389e-01 9.265628e-01 -9.834790e-04
    outer loop
      vertex   -1.323529e-02 3.508626e-02 8.550000e-02
      vertex   -1.158814e-02 3.566418e-02 8.881784e-18
      vertex   -1.493518e-02 3.439639e-02 8.568758e-02
    endloop
  endfacet
  facet normal -3.930244e-01 9.195264e-01 -1.747152e-03
    outer loop
      vertex   -1.493518e-02 3.439639e-02 8.568758e-02
      vertex   -1.158814e-02 3.566418e-02 8.881784e-18
      vertex   -1.777007e-02 3.302189e-02 8.881784e-18
    endloop
  endfacet
  facet normal -4.198374e-01 9.075991e-01 -6.687472e-04
    outer loop
      vertex   -1.493518e-02 3.439639e-02 8.568758e-02
      vertex   -1.777007e-02 3.302189e-02 8.881784e-18
      vertex   -1.655023e-02 3.364970e-02 8.623261e-02
    endloop
  endfacet
  facet normal -4.612892e-01 8.872498e-01 6.577944e-05
    outer loop
      vertex   -1.655023e-02 3.364970e-02 8.623261e-02
      vertex   -1.777007e-02 3.302189e-02 8.881784e-18
      vertex   -1.803472e-02 3.287784e-02 8.710858e-02
    endloop
  endfacet
  facet normal -4.985249e-01 8.668754e-01 -8.104192e-05
    outer loop
      vertex   -1.803472e-02 3.287784e-02 8.710858e-02
      vertex   -1.777007e-02 3.302189e-02 8.881784e-18
      vertex   -1.935105e-02 3.212095e-02 8.829173e-02
    endloop
  endfacet
  facet normal -5.317638e-01 8.468922e-01 -8.801344e-04
    outer loop
      vertex   -1.935105e-02 3.212095e-02 8.829173e-02
      vertex   -1.777007e-02 3.302189e-02 8.881784e-18
      vertex   -2.046102e-02 3.142553e-02 8.976095e-02
    endloop
  endfacet
  facet normal -5.508962e-01 8.345721e-01 -1.672814e-03
    outer loop
      vertex   -2.046102e-02 3.142553e-02 8.976095e-02
      vertex   -1.777007e-02 3.302189e-02 8.881784e-18
      vertex   -2.338087e-02 2.931824e-02 8.881784e-18
    endloop
  endfacet
  facet normal -5.588427e-01 8.292727e-01 -1.289908e-03
    outer loop
      vertex   -2.046102e-02 3.142553e-02 8.976095e-02
      vertex   -2.338087e-02 2.931824e-02 8.881784e-18
      vertex   -2.131805e-02 3.085067e-02 9.148933e-02
    endloop
  endfacet
  facet normal -5.773756e-01 8.164784e-01 -6.577450e-04
    outer loop
      vertex   -2.131805e-02 3.085067e-02 9.148933e-02
      vertex   -2.338087e-02 2.931824e-02 8.881784e-18
      vertex   -2.186794e-02 3.046338e-02 9.343146e-02
    endloop
  endfacet
  facet normal -5.884531e-01 8.085312e-01 -3.809635e-04
    outer loop
      vertex   -2.186794e-02 3.046338e-02 9.343146e-02
      vertex   -2.338087e-02 2.931824e-02 8.881784e-18
      vertex   -2.205882e-02 3.032542e-02 9.550000e-02
    endloop
  endfacet
  facet normal -6.566151e-01 7.542250e-01 1.135368e-03
    outer loop
      vertex   -2.205882e-02 3.032542e-02 9.550000e-02
      vertex   -2.338087e-02 2.931824e-02 8.881784e-18
      vertex   -2.706139e-02 2.595974e-02 1.025000e-01
    endloop
  endfacet
  facet normal -6.575178e-01 7.534390e-01 7.468619e-16
    outer loop
      vertex   -2.205882e-02 3.032542e-02 9.550000e-02
      vertex   -2.706139e-02 2.595974e-02 1.025000e-01
      vertex   -2.205882e-02 3.032542e-02 1.025000e-01
    endloop
  endfacet
  facet normal 4.627418e-01 8.864921e-01 1.304812e-03
    outer loop
      vertex   1.731710e-02 3.326167e-02 -8.550988e-02
      vertex   1.730769e-02 3.326656e-02 -8.550000e-02
      vertex   1.473844e-02 3.448185e-02 8.881784e-18
    endloop
  endfacet
  facet normal 3.854394e-01 9.227319e-01 -1.533211e-03
    outer loop
      vertex   1.473844e-02 3.448185e-02 8.881784e-18
      vertex   1.730769e-02 3.326656e-02 -8.550000e-02
      vertex   1.149827e-02 3.569325e-02 -8.550000e-02
    endloop
  endfacet
  facet normal 3.090165e-01 9.510550e-01 1.764266e-03
    outer loop
      vertex   1.473844e-02 3.448185e-02 8.881784e-18
      vertex   1.149827e-02 3.569325e-02 -8.550000e-02
      vertex   8.344535e-03 3.655935e-02 8.881784e-18
    endloop
  endfacet
  facet normal 2.256361e-01 9.742104e-01 -1.545840e-03
    outer loop
      vertex   8.344535e-03 3.655935e-02 8.881784e-18
      vertex   1.149827e-02 3.569325e-02 -8.550000e-02
      vertex   5.364734e-03 3.711383e-02 -8.550000e-02
    endloop
  endfacet
  facet normal 1.342331e-01 9.909482e-01 1.748239e-03
    outer loop
      vertex   8.344535e-03 3.655935e-02 8.881784e-18
      vertex   5.364734e-03 3.711383e-02 -8.550000e-02
      vertex   1.682431e-03 3.746180e-02 8.881784e-18
    endloop
  endfacet
  facet normal 5.947278e-02 9.982288e-01 -1.501157e-03
    outer loop
      vertex   1.682431e-03 3.746180e-02 8.881784e-18
      vertex   5.364734e-03 3.711383e-02 -8.550000e-02
      vertex   -9.200143e-04 3.748827e-02 -8.550000e-02
    endloop
  endfacet
  facet normal -4.486477e-02 9.989917e-01 1.674901e-03
    outer loop
      vertex   1.682431e-03 3.746180e-02 8.881784e-18
      vertex   -9.200143e-04 3.748827e-02 -8.550000e-02
      vertex   -5.033747e-03 3.716017e-02 8.881784e-18
    endloop
  endfacet
  facet normal -1.083670e-01 9.941100e-01 -1.399167e-03
    outer loop
      vertex   -5.033747e-03 3.716017e-02 8.881784e-18
      vertex   -9.200143e-04 3.748827e-02 -8.550000e-02
      vertex   -7.178830e-03 3.680600e-02 -8.550000e-02
    endloop
  endfacet
  facet normal -2.225207e-01 9.749267e-01 1.544262e-03
    outer loop
      vertex   -5.033747e-03 3.716017e-02 8.881784e-18
      vertex   -7.178830e-03 3.680600e-02 -8.550000e-02
      vertex   -1.158814e-02 3.566418e-02 8.881784e-18
    endloop
  endfacet
  facet normal -2.731522e-01 9.619700e-01 -1.239884e-03
    outer loop
      vertex   -1.158814e-02 3.566418e-02 8.881784e-18
      vertex   -7.178830e-03 3.680600e-02 -8.550000e-02
      vertex   -1.323529e-02 3.508626e-02 -8.550000e-02
    endloop
  endfacet
  facet normal -3.758228e-01 9.266910e-01 9.765219e-04
    outer loop
      vertex   -1.158814e-02 3.566418e-02 8.881784e-18
      vertex   -1.323529e-02 3.508626e-02 -8.550000e-02
      vertex   -1.493605e-02 3.439671e-02 -8.568752e-02
    endloop
  endfacet
  facet normal -3.930244e-01 9.195264e-01 1.754587e-03
    outer loop
      vertex   -1.158814e-02 3.566418e-02 8.881784e-18
      vertex   -1.493605e-02 3.439671e-02 -8.568752e-02
      vertex   -1.777007e-02 3.302189e-02 8.881784e-18
    endloop
  endfacet
  facet normal -4.201940e-01 9.074341e-01 6.619648e-04
    outer loop
      vertex   -1.777007e-02 3.302189e-02 8.881784e-18
      vertex   -1.493605e-02 3.439671e-02 -8.568752e-02
      vertex   -1.655032e-02 3.364961e-02 -8.623260e-02
    endloop
  endfacet
  facet normal -4.611981e-01 8.872972e-01 -6.462150e-05
    outer loop
      vertex   -1.777007e-02 3.302189e-02 8.881784e-18
      vertex   -1.655032e-02 3.364961e-02 -8.623260e-02
      vertex   -1.803481e-02 3.287794e-02 -8.710873e-02
    endloop
  endfacet
  facet normal -4.987420e-01 8.667505e-01 8.343430e-05
    outer loop
      vertex   -1.803481e-02 3.287794e-02 -8.710873e-02
      vertex   -1.935140e-02 3.212047e-02 -8.829189e-02
      vertex   -1.777007e-02 3.302189e-02 8.881784e-18
    endloop
  endfacet
  facet normal -5.315654e-01 8.470168e-01 8.727799e-04
    outer loop
      vertex   -1.777007e-02 3.302189e-02 8.881784e-18
      vertex   -1.935140e-02 3.212047e-02 -8.829189e-02
      vertex   -2.046093e-02 3.142567e-02 -8.976095e-02
    endloop
  endfacet
  facet normal -5.508962e-01 8.345721e-01 1.673585e-03
    outer loop
      vertex   -1.777007e-02 3.302189e-02 8.881784e-18
      vertex   -2.046093e-02 3.142567e-02 -8.976095e-02
      vertex   -2.338087e-02 2.931824e-02 8.881784e-18
    endloop
  endfacet
  facet normal -5.588080e-01 8.292960e-01 1.292339e-03
    outer loop
      vertex   -2.338087e-02 2.931824e-02 8.881784e-18
      vertex   -2.046093e-02 3.142567e-02 -8.976095e-02
      vertex   -2.131815e-02 3.085074e-02 -9.149195e-02
    endloop
  endfacet
  facet normal -5.775281e-01 8.163706e-01 6.537856e-04
    outer loop
      vertex   -2.338087e-02 2.931824e-02 8.881784e-18
      vertex   -2.131815e-02 3.085074e-02 -9.149195e-02
      vertex   -2.186801e-02 3.046330e-02 -9.343160e-02
    endloop
  endfacet
  facet normal -5.884103e-01 8.085624e-01 3.818846e-04
    outer loop
      vertex   -2.186801e-02 3.046330e-02 -9.343160e-02
      vertex   -2.205882e-02 3.032542e-02 -9.550000e-02
      vertex   -2.338087e-02 2.931824e-02 8.881784e-18
    endloop
  endfacet
  facet normal -6.060114e-01 7.954560e-01 -7.826741e-16
    outer loop
      vertex   -2.338087e-02 2.931824e-02 8.881784e-18
      vertex   -2.205882e-02 3.032542e-02 -9.550000e-02
      vertex   -2.205882e-02 3.032542e-02 -1.025000e-01
    endloop
  endfacet
  facet normal -6.575174e-01 7.534386e-01 -1.077198e-03
    outer loop
      vertex   -2.338087e-02 2.931824e-02 8.881784e-18
      vertex   -2.205882e-02 3.032542e-02 -1.025000e-01
      vertex   -2.706139e-02 2.595974e-02 -1.025000e-01
    endloop
  endfacet
  facet normal -6.910622e-01 7.227944e-01 1.131392e-03
    outer loop
      vertex   -2.338087e-02 2.931824e-02 8.881784e-18
      vertex   -2.706139e-02 2.595974e-02 -1.025000e-01
      vertex   -2.824018e-02 2.467226e-02 8.881784e-18
    endloop
  endfacet
  facet normal -7.800890e-01 6.256676e-01 -1.112442e-03
    outer loop
      vertex   -2.824018e-02 2.467226e-02 8.881784e-18
      vertex   -2.706139e-02 2.595974e-02 -1.025000e-01
      vertex   -3.121560e-02 2.078023e-02 -1.025000e-01
    endloop
  endfacet
  facet normal -8.090164e-01 5.877849e-01 1.165728e-03
    outer loop
      vertex   -2.824018e-02 2.467226e-02 8.881784e-18
      vertex   -3.121560e-02 2.078023e-02 -1.025000e-01
      vertex   -3.219183e-02 1.923328e-02 8.881784e-18
    endloop
  endfacet
  facet normal -8.782053e-01 4.782825e-01 -1.145868e-03
    outer loop
      vertex   -3.219183e-02 1.923328e-02 8.881784e-18
      vertex   -3.121560e-02 2.078023e-02 -1.025000e-01
      vertex   -3.439123e-02 1.494925e-02 -1.025000e-01
    endloop
  endfacet
  facet normal -9.009682e-01 4.338834e-01 1.198244e-03
    outer loop
      vertex   -3.219183e-02 1.923328e-02 8.881784e-18
      vertex   -3.439123e-02 1.494925e-02 -1.025000e-01
      vertex   -3.510881e-02 1.317611e-02 8.881784e-18
    endloop
  endfacet
  facet normal -9.487906e-01 3.159036e-01 -1.177475e-03
    outer loop
      vertex   -3.510881e-02 1.317611e-02 8.881784e-18
      vertex   -3.439123e-02 1.494925e-02 -1.025000e-01
      vertex   -3.648872e-02 8.649619e-03 -1.025000e-01
    endloop
  endfacet
  facet normal -9.639621e-01 2.660366e-01 1.228943e-03
    outer loop
      vertex   -3.510881e-02 1.317611e-02 8.881784e-18
      vertex   -3.648872e-02 8.649619e-03 -1.025000e-01
      vertex   -3.689736e-02 6.695440e-03 8.881784e-18
    endloop
  endfacet
  facet normal -9.896320e-01 1.436214e-01 -1.207264e-03
    outer loop
      vertex   -3.689736e-02 6.695440e-03 8.881784e-18
      vertex   -3.648872e-02 8.649619e-03 -1.025000e-01
      vertex   -3.744231e-02 2.078812e-03 -1.025000e-01
    endloop
  endfacet
  facet normal -9.959735e-01 8.963924e-02 1.257822e-03
    outer loop
      vertex   -3.689736e-02 6.695440e-03 8.881784e-18
      vertex   -3.744231e-02 2.078812e-03 -1.025000e-01
      vertex   -3.750000e-02 -4.438511e-07 8.881784e-18
    endloop
  endfacet
  facet normal -9.994492e-01 -3.316323e-02 -1.235234e-03
    outer loop
      vertex   -3.750000e-02 -4.438511e-07 8.881784e-18
      vertex   -3.744231e-02 2.078812e-03 -1.025000e-01
      vertex   -3.722212e-02 -4.557178e-03 -1.025000e-01
    endloop
  endfacet
  facet normal -9.959735e-01 -8.963923e-02 1.284883e-03
    outer loop
      vertex   -3.750000e-02 -4.438511e-07 8.881784e-18
      vertex   -3.722212e-02 -4.557178e-03 -1.025000e-01
      vertex   -3.689736e-02 -6.696327e-03 8.881784e-18
    endloop
  endfacet
  facet normal -9.779344e-01 -2.089082e-01 -1.261385e-03
    outer loop
      vertex   -3.689736e-02 -6.696327e-03 8.881784e-18
      vertex   -3.722212e-02 -4.557178e-03 -1.025000e-01
      vertex   -3.583504e-02 -1.105032e-02 -1.025000e-01
    endloop
  endfacet
  facet normal -9.639620e-01 -2.660366e-01 1.310124e-03
    outer loop
      vertex   -3.689736e-02 -6.696327e-03 8.881784e-18
      vertex   -3.583504e-02 -1.105032e-02 -1.025000e-01
      vertex   -3.510881e-02 -1.317700e-02 8.881784e-18
    endloop
  endfacet
  facet normal -9.257622e-01 -3.781041e-01 -1.285717e-03
    outer loop
      vertex   -3.510881e-02 -1.317700e-02 8.881784e-18
      vertex   -3.583504e-02 -1.105032e-02 -1.025000e-01
      vertex   -3.332456e-02 -1.719705e-02 -1.025000e-01
    endloop
  endfacet
  facet normal -9.009681e-01 -4.338834e-01 1.333547e-03
    outer loop
      vertex   -3.510881e-02 -1.317700e-02 8.881784e-18
      vertex   -3.332456e-02 -1.719705e-02 -1.025000e-01
      vertex   -3.219183e-02 -1.923417e-02 8.881784e-18
    endloop
  endfacet
  facet normal -8.445681e-01 -5.354466e-01 -1.308230e-03
    outer loop
      vertex   -3.219183e-02 -1.923417e-02 8.881784e-18
      vertex   -3.332456e-02 -1.719705e-02 -1.025000e-01
      vertex   -2.976939e-02 -2.280469e-02 -1.025000e-01
    endloop
  endfacet
  facet normal -8.090163e-01 -5.877847e-01 1.355150e-03
    outer loop
      vertex   -3.219183e-02 -1.923417e-02 8.881784e-18
      vertex   -2.976939e-02 -2.280469e-02 -1.025000e-01
      vertex   -2.824018e-02 -2.467315e-02 8.881784e-18
    endloop
  endfacet
  facet normal -7.368974e-01 -6.760033e-01 -1.328924e-03
    outer loop
      vertex   -2.824018e-02 -2.467315e-02 8.881784e-18
      vertex   -2.976939e-02 -2.280469e-02 -1.025000e-01
      vertex   -2.528096e-02 -2.769743e-02 -1.025000e-01
    endloop
  endfacet
  facet normal -6.910620e-01 -7.227942e-01 1.374934e-03
    outer loop
      vertex   -2.824018e-02 -2.467315e-02 8.881784e-18
      vertex   -2.528096e-02 -2.769743e-02 -1.025000e-01
      vertex   -2.338087e-02 -2.931912e-02 8.881784e-18
    endloop
  endfacet
  facet normal -6.061255e-01 -7.953679e-01 -1.347798e-03
    outer loop
      vertex   -2.338087e-02 -2.931912e-02 8.881784e-18
      vertex   -2.528096e-02 -2.769743e-02 -1.025000e-01
      vertex   -2.000000e-02 -3.172189e-02 -1.025000e-01
    endloop
  endfacet
  facet normal -5.792981e-01 -8.151158e-01 1.985412e-15
    outer loop
      vertex   -2.338087e-02 -2.931912e-02 8.881784e-18
      vertex   -2.000000e-02 -3.172189e-02 -1.025000e-01
      vertex   -2.000000e-02 -3.172189e-02 -9.221414e-02
    endloop
  endfacet
  facet normal -5.443116e-01 -8.388810e-01 1.901953e-03
    outer loop
      vertex   -2.000000e-02 -3.172189e-02 -9.221414e-02
      vertex   -1.980274e-02 -3.184540e-02 -9.023995e-02
      vertex   -2.338087e-02 -2.931912e-02 8.881784e-18
    endloop
  endfacet
  facet normal -5.508963e-01 -8.345723e-01 1.520237e-03
    outer loop
      vertex   -2.338087e-02 -2.931912e-02 8.881784e-18
      vertex   -1.980274e-02 -3.184540e-02 -9.023995e-02
      vertex   -1.777007e-02 -3.302278e-02 8.881784e-18
    endloop
  endfacet
  facet normal -5.508963e-01 -8.345723e-01 -1.527368e-03
    outer loop
      vertex   -2.338087e-02 -2.931912e-02 8.881784e-18
      vertex   -1.777007e-02 -3.302278e-02 8.881784e-18
      vertex   -1.982110e-02 -3.183422e-02 9.033227e-02
    endloop
  endfacet
  facet normal -5.228998e-01 -8.523939e-01 -6.572073e-04
    outer loop
      vertex   -1.982110e-02 -3.183422e-02 9.033227e-02
      vertex   -1.777007e-02 -3.302278e-02 8.881784e-18
      vertex   -1.929205e-02 -3.215738e-02 8.853855e-02
    endloop
  endfacet
  facet normal -5.034094e-01 -8.640480e-01 -2.082590e-04
    outer loop
      vertex   -1.929205e-02 -3.215738e-02 8.853855e-02
      vertex   -1.777007e-02 -3.302278e-02 8.881784e-18
      vertex   -1.843976e-02 -3.265355e-02 8.691514e-02
    endloop
  endfacet
  facet normal -4.767648e-01 -8.790309e-01 6.068882e-05
    outer loop
      vertex   -1.843976e-02 -3.265355e-02 8.691514e-02
      vertex   -1.777007e-02 -3.302278e-02 8.881784e-18
      vertex   -1.731710e-02 -3.326256e-02 8.550988e-02
    endloop
  endfacet
  facet normal -4.616982e-01 -8.870371e-01 -4.157461e-05
    outer loop
      vertex   -1.731710e-02 -3.326256e-02 8.550988e-02
      vertex   -1.777007e-02 -3.302278e-02 8.881784e-18
      vertex   -1.730769e-02 -3.326745e-02 8.550000e-02
    endloop
  endfacet
  facet normal -3.930250e-01 -9.195277e-01 -5.059366e-04
    outer loop
      vertex   -1.730769e-02 -3.326745e-02 8.550000e-02
      vertex   -1.777007e-02 -3.302278e-02 8.881784e-18
      vertex   -1.158814e-02 -3.566506e-02 8.881784e-18
    endloop
  endfacet
  facet normal -3.892100e-01 -9.211490e-01 -2.052681e-04
    outer loop
      vertex   -1.730769e-02 -3.326745e-02 8.550000e-02
      vertex   -1.158814e-02 -3.566506e-02 8.881784e-18
      vertex   -1.178981e-02 -3.559891e-02 8.550000e-02
    endloop
  endfacet
  facet normal -2.375708e-01 -9.713702e-01 1.912632e-04
    outer loop
      vertex   -1.178981e-02 -3.559891e-02 8.550000e-02
      vertex   -1.158814e-02 -3.566506e-02 8.881784e-18
      vertex   -5.971084e-03 -3.702201e-02 8.550000e-02
    endloop
  endfacet
  facet normal -2.225209e-01 -9.749276e-01 -8.539256e-04
    outer loop
      vertex   -5.971084e-03 -3.702201e-02 8.550000e-02
      vertex   -1.158814e-02 -3.566506e-02 8.881784e-18
      vertex   -5.033747e-03 -3.716106e-02 8.881784e-18
    endloop
  endfacet
  facet normal -7.986959e-02 -9.968050e-01 7.455407e-04
    outer loop
      vertex   -5.971084e-03 -3.702201e-02 8.550000e-02
      vertex   -5.033747e-03 -3.716106e-02 8.881784e-18
      vertex   -6.030460e-18 -3.750044e-02 8.550000e-02
    endloop
  endfacet
  facet normal -4.486479e-02 -9.989922e-01 -1.324022e-03
    outer loop
      vertex   -6.030460e-18 -3.750044e-02 8.550000e-02
      vertex   -5.033747e-03 -3.716106e-02 8.881784e-18
      vertex   1.682431e-03 -3.746268e-02 8.881784e-18
    endloop
  endfacet
  facet normal 7.986956e-02 -9.968047e-01 1.131412e-03
    outer loop
      vertex   -6.030460e-18 -3.750044e-02 8.550000e-02
      vertex   1.682431e-03 -3.746268e-02 8.881784e-18
      vertex   5.971084e-03 -3.702201e-02 8.550000e-02
    endloop
  endfacet
  facet normal 1.342331e-01 -9.909485e-01 -1.625629e-03
    outer loop
      vertex   5.971084e-03 -3.702201e-02 8.550000e-02
      vertex   1.682431e-03 -3.746268e-02 8.881784e-18
      vertex   8.344535e-03 -3.656024e-02 8.881784e-18
    endloop
  endfacet
  facet normal 2.375706e-01 -9.713693e-01 1.348728e-03
    outer loop
      vertex   5.971084e-03 -3.702201e-02 8.550000e-02
      vertex   8.344535e-03 -3.656024e-02 8.881784e-18
      vertex   1.178981e-02 -3.559891e-02 8.550000e-02
    endloop
  endfacet
  facet normal 3.090165e-01 -9.510550e-01 -1.758633e-03
    outer loop
      vertex   1.178981e-02 -3.559891e-02 8.550000e-02
      vertex   8.344535e-03 -3.656024e-02 8.881784e-18
      vertex   1.473844e-02 -3.448274e-02 8.881784e-18
    endloop
  endfacet
  facet normal 3.892097e-01 -9.211481e-01 1.397406e-03
    outer loop
      vertex   1.178981e-02 -3.559891e-02 8.550000e-02
      vertex   1.473844e-02 -3.448274e-02 8.881784e-18
      vertex   1.730769e-02 -3.326745e-02 8.550000e-02
    endloop
  endfacet
  facet normal 4.627418e-01 -8.864921e-01 -1.304812e-03
    outer loop
      vertex   1.730769e-02 -3.326745e-02 8.550000e-02
      vertex   1.473844e-02 -3.448274e-02 8.881784e-18
      vertex   1.731710e-02 -3.326256e-02 8.550988e-02
    endloop
  endfacet
  facet normal 4.738680e-01 -8.805942e-01 -1.724494e-03
    outer loop
      vertex   1.731710e-02 -3.326256e-02 8.550988e-02
      vertex   1.473844e-02 -3.448274e-02 8.881784e-18
      vertex   2.065864e-02 -3.129694e-02 8.881784e-18
    endloop
  endfacet
  facet normal 4.769496e-01 -8.789293e-01 -1.565800e-03
    outer loop
      vertex   1.731710e-02 -3.326256e-02 8.550988e-02
      vertex   2.065864e-02 -3.129694e-02 8.881784e-18
      vertex   1.831802e-02 -3.272159e-02 8.673489e-02
    endloop
  endfacet
  facet normal 5.011882e-01 -8.653380e-01 -6.884607e-04
    outer loop
      vertex   1.831802e-02 -3.272159e-02 8.673489e-02
      vertex   2.065864e-02 -3.129694e-02 8.881784e-18
      vertex   1.922519e-02 -3.219748e-02 8.837773e-02
    endloop
  endfacet
  facet normal 5.210877e-01 -8.535031e-01 -2.451053e-04
    outer loop
      vertex   1.922519e-02 -3.219748e-02 8.837773e-02
      vertex   2.065864e-02 -3.129694e-02 8.881784e-18
      vertex   1.980274e-02 -3.184540e-02 9.023995e-02
    endloop
  endfacet
  facet normal 5.314802e-01 -8.470707e-01 -1.074416e-04
    outer loop
      vertex   1.980274e-02 -3.184540e-02 9.023995e-02
      vertex   2.065864e-02 -3.129694e-02 8.881784e-18
      vertex   2.000000e-02 -3.172189e-02 9.221414e-02
    endloop
  endfacet
  facet normal 6.016384e-01 -7.987683e-01 6.162519e-04
    outer loop
      vertex   2.000000e-02 -3.172189e-02 9.221414e-02
      vertex   2.065864e-02 -3.129694e-02 8.881784e-18
      vertex   2.502380e-02 -2.792999e-02 1.025000e-01
    endloop
  endfacet
  facet normal 6.024426e-01 -7.981622e-01 3.027459e-15
    outer loop
      vertex   2.000000e-02 -3.172189e-02 9.221414e-02
      vertex   2.502380e-02 -2.792999e-02 1.025000e-01
      vertex   2.000000e-02 -3.172189e-02 1.025000e-01
    endloop
  endfacet
  facet normal -5.219902e-01 -8.529512e-01 6.293306e-04
    outer loop
      vertex   -1.980274e-02 -3.184540e-02 -9.023995e-02
      vertex   -1.922519e-02 -3.219748e-02 -8.837773e-02
      vertex   -1.777007e-02 -3.302278e-02 8.881784e-18
    endloop
  endfacet
  facet normal -5.004648e-01 -8.657569e-01 1.553367e-04
    outer loop
      vertex   -1.777007e-02 -3.302278e-02 8.881784e-18
      vertex   -1.922519e-02 -3.219748e-02 -8.837773e-02
      vertex   -1.831803e-02 -3.272159e-02 -8.673490e-02
    endloop
  endfacet
  facet normal -4.754189e-01 -8.797596e-01 -5.151597e-05
    outer loop
      vertex   -1.777007e-02 -3.302278e-02 8.881784e-18
      vertex   -1.831803e-02 -3.272159e-02 -8.673490e-02
      vertex   -1.731710e-02 -3.326256e-02 -8.550988e-02
    endloop
  endfacet
  facet normal -4.616982e-01 -8.870371e-01 4.157461e-05
    outer loop
      vertex   -1.731710e-02 -3.326256e-02 -8.550988e-02
      vertex   -1.730769e-02 -3.326745e-02 -8.550000e-02
      vertex   -1.777007e-02 -3.302278e-02 8.881784e-18
    endloop
  endfacet
  facet normal -3.930250e-01 -9.195277e-01 5.059366e-04
    outer loop
      vertex   -1.777007e-02 -3.302278e-02 8.881784e-18
      vertex   -1.730769e-02 -3.326745e-02 -8.550000e-02
      vertex   -1.158814e-02 -3.566506e-02 8.881784e-18
    endloop
  endfacet
  facet normal -3.892100e-01 -9.211490e-01 2.052681e-04
    outer loop
      vertex   -1.730769e-02 -3.326745e-02 -8.550000e-02
      vertex   -1.178981e-02 -3.559891e-02 -8.550000e-02
      vertex   -1.158814e-02 -3.566506e-02 8.881784e-18
    endloop
  endfacet
  facet normal -2.375708e-01 -9.713702e-01 -1.912632e-04
    outer loop
      vertex   -1.158814e-02 -3.566506e-02 8.881784e-18
      vertex   -1.178981e-02 -3.559891e-02 -8.550000e-02
      vertex   -5.971084e-03 -3.702201e-02 -8.550000e-02
    endloop
  endfacet
  facet normal -2.225209e-01 -9.749276e-01 8.539256e-04
    outer loop
      vertex   -1.158814e-02 -3.566506e-02 8.881784e-18
      vertex   -5.971084e-03 -3.702201e-02 -8.550000e-02
      vertex   -5.033747e-03 -3.716106e-02 8.881784e-18
    endloop
  endfacet
  facet normal -7.986959e-02 -9.968050e-01 -7.455407e-04
    outer loop
      vertex   -5.033747e-03 -3.716106e-02 8.881784e-18
      vertex   -5.971084e-03 -3.702201e-02 -8.550000e-02
      vertex   -1.019380e-17 -3.750044e-02 -8.550000e-02
    endloop
  endfacet
  facet normal -4.486479e-02 -9.989922e-01 1.324022e-03
    outer loop
      vertex   -5.033747e-03 -3.716106e-02 8.881784e-18
      vertex   -1.019380e-17 -3.750044e-02 -8.550000e-02
      vertex   1.682431e-03 -3.746268e-02 8.881784e-18
    endloop
  endfacet
  facet normal 7.986956e-02 -9.968047e-01 -1.131412e-03
    outer loop
      vertex   1.682431e-03 -3.746268e-02 8.881784e-18
      vertex   -1.019380e-17 -3.750044e-02 -8.550000e-02
      vertex   5.971084e-03 -3.702201e-02 -8.550000e-02
    endloop
  endfacet
  facet normal 1.342331e-01 -9.909485e-01 1.625629e-03
    outer loop
      vertex   1.682431e-03 -3.746268e-02 8.881784e-18
      vertex   5.971084e-03 -3.702201e-02 -8.550000e-02
      vertex   8.344535e-03 -3.656024e-02 8.881784e-18
    endloop
  endfacet
  facet normal 2.375706e-01 -9.713693e-01 -1.348728e-03
    outer loop
      vertex   8.344535e-03 -3.656024e-02 8.881784e-18
      vertex   5.971084e-03 -3.702201e-02 -8.550000e-02
      vertex   1.178981e-02 -3.559891e-02 -8.550000e-02
    endloop
  endfacet
  facet normal 3.090165e-01 -9.510550e-01 1.758633e-03
    outer loop
      vertex   8.344535e-03 -3.656024e-02 8.881784e-18
      vertex   1.178981e-02 -3.559891e-02 -8.550000e-02
      vertex   1.473844e-02 -3.448274e-02 8.881784e-18
    endloop
  endfacet
  facet normal 3.892097e-01 -9.211481e-01 -1.397406e-03
    outer loop
      vertex   1.473844e-02 -3.448274e-02 8.881784e-18
      vertex   1.178981e-02 -3.559891e-02 -8.550000e-02
      vertex   1.730769e-02 -3.326745e-02 -8.550000e-02
    endloop
  endfacet
  facet normal 4.627418e-01 -8.864921e-01 1.304812e-03
    outer loop
      vertex   1.473844e-02 -3.448274e-02 8.881784e-18
      vertex   1.730769e-02 -3.326745e-02 -8.550000e-02
      vertex   1.731710e-02 -3.326256e-02 -8.550988e-02
    endloop
  endfacet
  facet normal 4.738680e-01 -8.805942e-01 1.724494e-03
    outer loop
      vertex   1.473844e-02 -3.448274e-02 8.881784e-18
      vertex   1.731710e-02 -3.326256e-02 -8.550988e-02
      vertex   2.065864e-02 -3.129694e-02 8.881784e-18
    endloop
  endfacet
  facet normal 4.782707e-01 -8.782112e-01 1.497665e-03
    outer loop
      vertex   2.065864e-02 -3.129694e-02 8.881784e-18
      vertex   1.731710e-02 -3.326256e-02 -8.550988e-02
      vertex   1.843976e-02 -3.265355e-02 -8.691514e-02
    endloop
  endfacet
  facet normal 5.039875e-01 -8.637107e-01 6.148065e-04
    outer loop
      vertex   2.065864e-02 -3.129694e-02 8.881784e-18
      vertex   1.843976e-02 -3.265355e-02 -8.691514e-02
      vertex   1.929205e-02 -3.215738e-02 -8.853855e-02
    endloop
  endfacet
  facet normal 5.218587e-01 -8.530319e-01 2.351876e-04
    outer loop
      vertex   1.929205e-02 -3.215738e-02 -8.853855e-02
      vertex   1.982110e-02 -3.183422e-02 -9.033227e-02
      vertex   2.065864e-02 -3.129694e-02 8.881784e-18
    endloop
  endfacet
  facet normal -5.455585e-01 -8.380708e-01 -1.835127e-03
    outer loop
      vertex   -1.982110e-02 -3.183422e-02 9.033227e-02
      vertex   -2.000000e-02 -3.172189e-02 9.221414e-02
      vertex   -2.338087e-02 -2.931912e-02 8.881784e-18
    endloop
  endfacet
  facet normal -5.792981e-01 -8.151158e-01 7.853477e-11
    outer loop
      vertex   -2.338087e-02 -2.931912e-02 8.881784e-18
      vertex   -2.000000e-02 -3.172189e-02 9.221414e-02
      vertex   -2.000000e-02 -3.172189e-02 1.025000e-01
    endloop
  endfacet
  facet normal -6.061255e-01 -7.953679e-01 1.347798e-03
    outer loop
      vertex   -2.338087e-02 -2.931912e-02 8.881784e-18
      vertex   -2.000000e-02 -3.172189e-02 1.025000e-01
      vertex   -2.528096e-02 -2.769743e-02 1.025000e-01
    endloop
  endfacet
  facet normal -6.910620e-01 -7.227942e-01 -1.374934e-03
    outer loop
      vertex   -2.338087e-02 -2.931912e-02 8.881784e-18
      vertex   -2.528096e-02 -2.769743e-02 1.025000e-01
      vertex   -2.824018e-02 -2.467315e-02 8.881784e-18
    endloop
  endfacet
  facet normal -7.368974e-01 -6.760033e-01 1.328924e-03
    outer loop
      vertex   -2.824018e-02 -2.467315e-02 8.881784e-18
      vertex   -2.528096e-02 -2.769743e-02 1.025000e-01
      vertex   -2.976939e-02 -2.280469e-02 1.025000e-01
    endloop
  endfacet
  facet normal -8.090163e-01 -5.877847e-01 -1.355150e-03
    outer loop
      vertex   -2.824018e-02 -2.467315e-02 8.881784e-18
      vertex   -2.976939e-02 -2.280469e-02 1.025000e-01
      vertex   -3.219183e-02 -1.923417e-02 8.881784e-18
    endloop
  endfacet
  facet normal -8.445681e-01 -5.354466e-01 1.308230e-03
    outer loop
      vertex   -3.219183e-02 -1.923417e-02 8.881784e-18
      vertex   -2.976939e-02 -2.280469e-02 1.025000e-01
      vertex   -3.332456e-02 -1.719705e-02 1.025000e-01
    endloop
  endfacet
  facet normal -9.009681e-01 -4.338834e-01 -1.333547e-03
    outer loop
      vertex   -3.219183e-02 -1.923417e-02 8.881784e-18
      vertex   -3.332456e-02 -1.719705e-02 1.025000e-01
      vertex   -3.510881e-02 -1.317700e-02 8.881784e-18
    endloop
  endfacet
  facet normal -9.257622e-01 -3.781041e-01 1.285717e-03
    outer loop
      vertex   -3.510881e-02 -1.317700e-02 8.881784e-18
      vertex   -3.332456e-02 -1.719705e-02 1.025000e-01
      vertex   -3.583504e-02 -1.105032e-02 1.025000e-01
    endloop
  endfacet
  facet normal -9.639620e-01 -2.660366e-01 -1.310124e-03
    outer loop
      vertex   -3.510881e-02 -1.317700e-02 8.881784e-18
      vertex   -3.583504e-02 -1.105032e-02 1.025000e-01
      vertex   -3.689736e-02 -6.696327e-03 8.881784e-18
    endloop
  endfacet
  facet normal -9.779344e-01 -2.089082e-01 1.261385e-03
    outer loop
      vertex   -3.689736e-02 -6.696327e-03 8.881784e-18
      vertex   -3.583504e-02 -1.105032e-02 1.025000e-01
      vertex   -3.722212e-02 -4.557178e-03 1.025000e-01
    endloop
  endfacet
  facet normal -9.959735e-01 -8.963923e-02 -1.284883e-03
    outer loop
      vertex   -3.689736e-02 -6.696327e-03 8.881784e-18
      vertex   -3.722212e-02 -4.557178e-03 1.025000e-01
      vertex   -3.750000e-02 -4.438511e-07 8.881784e-18
    endloop
  endfacet
  facet normal -9.994492e-01 -3.316323e-02 1.235234e-03
    outer loop
      vertex   -3.750000e-02 -4.438511e-07 8.881784e-18
      vertex   -3.722212e-02 -4.557178e-03 1.025000e-01
      vertex   -3.744231e-02 2.078812e-03 1.025000e-01
    endloop
  endfacet
  facet normal -9.959735e-01 8.963924e-02 -1.257822e-03
    outer loop
      vertex   -3.750000e-02 -4.438511e-07 8.881784e-18
      vertex   -3.744231e-02 2.078812e-03 1.025000e-01
      vertex   -3.689736e-02 6.695440e-03 8.881784e-18
    endloop
  endfacet
  facet normal -9.896320e-01 1.436214e-01 1.207264e-03
    outer loop
      vertex   -3.689736e-02 6.695440e-03 8.881784e-18
      vertex   -3.744231e-02 2.078812e-03 1.025000e-01
      vertex   -3.648872e-02 8.649619e-03 1.025000e-01
    endloop
  endfacet
  facet normal -9.639621e-01 2.660366e-01 -1.228943e-03
    outer loop
      vertex   -3.689736e-02 6.695440e-03 8.881784e-18
      vertex   -3.648872e-02 8.649619e-03 1.025000e-01
      vertex   -3.510881e-02 1.317611e-02 8.881784e-18
    endloop
  endfacet
  facet normal -9.487906e-01 3.159036e-01 1.177475e-03
    outer loop
      vertex   -3.510881e-02 1.317611e-02 8.881784e-18
      vertex   -3.648872e-02 8.649619e-03 1.025000e-01
      vertex   -3.439123e-02 1.494925e-02 1.025000e-01
    endloop
  endfacet
  facet normal -9.009682e-01 4.338834e-01 -1.198244e-03
    outer loop
      vertex   -3.510881e-02 1.317611e-02 8.881784e-18
      vertex   -3.439123e-02 1.494925e-02 1.025000e-01
      vertex   -3.219183e-02 1.923328e-02 8.881784e-18
    endloop
  endfacet
  facet normal -8.782053e-01 4.782825e-01 1.145868e-03
    outer loop
      vertex   -3.219183e-02 1.923328e-02 8.881784e-18
      vertex   -3.439123e-02 1.494925e-02 1.025000e-01
      vertex   -3.121560e-02 2.078023e-02 1.025000e-01
    endloop
  endfacet
  facet normal -8.090164e-01 5.877849e-01 -1.165728e-03
    outer loop
      vertex   -3.219183e-02 1.923328e-02 8.881784e-18
      vertex   -3.121560e-02 2.078023e-02 1.025000e-01
      vertex   -2.824018e-02 2.467226e-02 8.881784e-18
    endloop
  endfacet
  facet normal -7.800890e-01 6.256676e-01 1.112442e-03
    outer loop
      vertex   -2.824018e-02 2.467226e-02 8.881784e-18
      vertex   -3.121560e-02 2.078023e-02 1.025000e-01
      vertex   -2.706139e-02 2.595974e-02 1.025000e-01
    endloop
  endfacet
  facet normal -6.910622e-01 7.227944e-01 -1.131392e-03
    outer loop
      vertex   -2.824018e-02 2.467226e-02 8.881784e-18
      vertex   -2.706139e-02 2.595974e-02 1.025000e-01
      vertex   -2.338087e-02 2.931824e-02 8.881784e-18
    endloop
  endfacet
  facet normal 4.782707e-01 8.782112e-01 -1.497665e-03
    outer loop
      vertex   1.731710e-02 3.326167e-02 8.550988e-02
      vertex   1.843976e-02 3.265267e-02 8.691514e-02
      vertex   2.065864e-02 3.129605e-02 8.881784e-18
    endloop
  endfacet
  facet normal 5.039875e-01 8.637107e-01 -6.148065e-04
    outer loop
      vertex   2.065864e-02 3.129605e-02 8.881784e-18
      vertex   1.843976e-02 3.265267e-02 8.691514e-02
      vertex   1.929205e-02 3.215650e-02 8.853855e-02
    endloop
  endfacet
  facet normal 5.218587e-01 8.530319e-01 -2.351876e-04
    outer loop
      vertex   2.065864e-02 3.129605e-02 8.881784e-18
      vertex   1.929205e-02 3.215650e-02 8.853855e-02
      vertex   1.982110e-02 3.183334e-02 9.033227e-02
    endloop
  endfacet
  facet normal 5.325174e-01 8.464191e-01 -9.703011e-05
    outer loop
      vertex   1.982110e-02 3.183334e-02 9.033227e-02
      vertex   2.000000e-02 3.172100e-02 9.221414e-02
      vertex   2.065864e-02 3.129605e-02 8.881784e-18
    endloop
  endfacet
  facet normal 5.421448e-01 8.402851e-01 7.779405e-11
    outer loop
      vertex   2.065864e-02 3.129605e-02 8.881784e-18
      vertex   2.000000e-02 3.172100e-02 9.221414e-02
      vertex   2.000000e-02 3.172100e-02 1.025000e-01
    endloop
  endfacet
  facet normal 6.024425e-01 7.981621e-01 5.620916e-04
    outer loop
      vertex   2.065864e-02 3.129605e-02 8.881784e-18
      vertex   2.000000e-02 3.172100e-02 1.025000e-01
      vertex   2.502380e-02 2.792910e-02 1.025000e-01
    endloop
  endfacet
  facet normal 6.234896e-01 7.818312e-01 -8.706796e-04
    outer loop
      vertex   2.065864e-02 3.129605e-02 8.881784e-18
      vertex   2.502380e-02 2.792910e-02 1.025000e-01
      vertex   2.591485e-02 2.710436e-02 8.881784e-18
    endloop
  endfacet
  facet normal 7.274518e-01 6.861583e-01 8.028798e-04
    outer loop
      vertex   2.591485e-02 2.710436e-02 8.881784e-18
      vertex   2.502380e-02 2.792910e-02 1.025000e-01
      vertex   2.934263e-02 2.335036e-02 1.025000e-01
    endloop
  endfacet
  facet normal 7.530710e-01 6.579383e-01 -1.087411e-03
    outer loop
      vertex   2.591485e-02 2.710436e-02 8.881784e-18
      vertex   2.934263e-02 2.335036e-02 1.025000e-01
      vertex   3.033814e-02 2.204150e-02 8.881784e-18
    endloop
  endfacet
  facet normal 8.319672e-01 5.548240e-01 9.955483e-04
    outer loop
      vertex   3.033814e-02 2.204150e-02 8.881784e-18
      vertex   2.934263e-02 2.335036e-02 1.025000e-01
      vertex   3.283481e-02 1.811378e-02 1.025000e-01
    endloop
  endfacet
  facet normal 8.584481e-01 5.128989e-01 -1.256010e-03
    outer loop
      vertex   3.033814e-02 2.204150e-02 8.881784e-18
      vertex   3.283481e-02 1.811378e-02 1.025000e-01
      vertex   3.378633e-02 1.627020e-02 8.881784e-18
    endloop
  endfacet
  facet normal 9.130442e-01 4.078591e-01 1.140072e-03
    outer loop
      vertex   3.378633e-02 1.627020e-02 8.881784e-18
      vertex   3.283481e-02 1.811378e-02 1.025000e-01
      vertex   3.540197e-02 1.236688e-02 1.025000e-01
    endloop
  endfacet
  facet normal 9.362340e-01 3.513745e-01 -1.376453e-03
    outer loop
      vertex   3.378633e-02 1.627020e-02 8.881784e-18
      vertex   3.540197e-02 1.236688e-02 1.025000e-01
      vertex   3.614861e-02 9.975938e-03 8.881784e-18
    endloop
  endfacet
  facet normal 9.683987e-01 2.494041e-01 1.236431e-03
    outer loop
      vertex   3.614861e-02 9.975938e-03 8.881784e-18
      vertex   3.540197e-02 1.236688e-02 1.025000e-01
      vertex   3.697177e-02 6.271565e-03 1.025000e-01
    endloop
  endfacet
  facet normal 9.839286e-01 1.785567e-01 -1.448726e-03
    outer loop
      vertex   3.614861e-02 9.975938e-03 8.881784e-18
      vertex   3.697177e-02 6.271565e-03 1.025000e-01
      vertex   3.734904e-02 3.361030e-03 8.881784e-18
    endloop
  endfacet
  facet normal 9.964714e-01 8.392278e-02 1.284614e-03
    outer loop
      vertex   3.734904e-02 3.361030e-03 8.881784e-18
      vertex   3.697177e-02 6.271565e-03 1.025000e-01
      vertex   3.750000e-02 -4.438511e-07 1.025000e-01
    endloop
  endfacet
  facet normal 9.999989e-01 0.000000e+00 -1.472818e-03
    outer loop
      vertex   3.734904e-02 3.361030e-03 8.881784e-18
      vertex   3.750000e-02 -4.438511e-07 1.025000e-01
      vertex   3.734904e-02 -3.361918e-03 8.881784e-18
    endloop
  endfacet
  facet normal 9.964714e-01 -8.392278e-02 1.284614e-03
    outer loop
      vertex   3.734904e-02 -3.361918e-03 8.881784e-18
      vertex   3.750000e-02 -4.438511e-07 1.025000e-01
      vertex   3.697177e-02 -6.272453e-03 1.025000e-01
    endloop
  endfacet
  facet normal 9.839286e-01 -1.785567e-01 -1.448726e-03
    outer loop
      vertex   3.734904e-02 -3.361918e-03 8.881784e-18
      vertex   3.697177e-02 -6.272453e-03 1.025000e-01
      vertex   3.614861e-02 -9.976826e-03 8.881784e-18
    endloop
  endfacet
  facet normal 9.683987e-01 -2.494041e-01 1.236431e-03
    outer loop
      vertex   3.614861e-02 -9.976826e-03 8.881784e-18
      vertex   3.697177e-02 -6.272453e-03 1.025000e-01
      vertex   3.540197e-02 -1.236777e-02 1.025000e-01
    endloop
  endfacet
  facet normal 9.362340e-01 -3.513745e-01 -1.376453e-03
    outer loop
      vertex   3.614861e-02 -9.976826e-03 8.881784e-18
      vertex   3.540197e-02 -1.236777e-02 1.025000e-01
      vertex   3.378633e-02 -1.627108e-02 8.881784e-18
    endloop
  endfacet
  facet normal 9.130442e-01 -4.078591e-01 1.140072e-03
    outer loop
      vertex   3.378633e-02 -1.627108e-02 8.881784e-18
      vertex   3.540197e-02 -1.236777e-02 1.025000e-01
      vertex   3.283481e-02 -1.811466e-02 1.025000e-01
    endloop
  endfacet
  facet normal 8.584481e-01 -5.128989e-01 -1.256010e-03
    outer loop
      vertex   3.378633e-02 -1.627108e-02 8.881784e-18
      vertex   3.283481e-02 -1.811466e-02 1.025000e-01
      vertex   3.033814e-02 -2.204239e-02 8.881784e-18
    endloop
  endfacet
  facet normal 8.319672e-01 -5.548240e-01 9.955483e-04
    outer loop
      vertex   3.033814e-02 -2.204239e-02 8.881784e-18
      vertex   3.283481e-02 -1.811466e-02 1.025000e-01
      vertex   2.934263e-02 -2.335125e-02 1.025000e-01
    endloop
  endfacet
  facet normal 7.530710e-01 -6.579383e-01 -1.087411e-03
    outer loop
      vertex   3.033814e-02 -2.204239e-02 8.881784e-18
      vertex   2.934263e-02 -2.335125e-02 1.025000e-01
      vertex   2.591485e-02 -2.710525e-02 8.881784e-18
    endloop
  endfacet
  facet normal 7.274518e-01 -6.861583e-01 8.028798e-04
    outer loop
      vertex   2.591485e-02 -2.710525e-02 8.881784e-18
      vertex   2.934263e-02 -2.335125e-02 1.025000e-01
      vertex   2.502380e-02 -2.792999e-02 1.025000e-01
    endloop
  endfacet
  facet normal 6.234896e-01 -7.818312e-01 -8.706796e-04
    outer loop
      vertex   2.591485e-02 -2.710525e-02 8.881784e-18
      vertex   2.502380e-02 -2.792999e-02 1.025000e-01
      vertex   2.065864e-02 -3.129694e-02 8.881784e-18
    endloop
  endfacet
  facet normal -1.287272e-01 -9.726252e-01 -1.934672e-01
    outer loop
      vertex   -1.500000e-02 -6.711984e-02 9.358658e-02
      vertex   -1.500000e-02 -6.750044e-02 9.550000e-02
      vertex   -1.651641e-02 -6.697321e-02 9.385840e-02
    endloop
  endfacet
  facet normal -1.933420e-01 -9.719958e-01 -1.335778e-01
    outer loop
      vertex   -1.651641e-02 -6.697321e-02 9.385840e-02
      vertex   -1.500000e-02 -6.750044e-02 9.550000e-02
      vertex   -1.691342e-02 -6.711984e-02 9.550000e-02
    endloop
  endfacet
  facet normal -5.342843e-01 -8.206869e-01 -2.025172e-01
    outer loop
      vertex   -1.651641e-02 -6.697321e-02 9.385840e-02
      vertex   -1.691342e-02 -6.711984e-02 9.550000e-02
      vertex   -1.826641e-02 -6.576685e-02 9.358658e-02
    endloop
  endfacet
  facet normal -5.452902e-01 -8.160845e-01 -1.914805e-01
    outer loop
      vertex   -1.826641e-02 -6.576685e-02 9.358658e-02
      vertex   -1.691342e-02 -6.711984e-02 9.550000e-02
      vertex   -1.853553e-02 -6.603598e-02 9.550000e-02
    endloop
  endfacet
  facet normal -8.160845e-01 -5.452902e-01 -1.914805e-01
    outer loop
      vertex   -1.826641e-02 -6.576685e-02 9.358658e-02
      vertex   -1.853553e-02 -6.603598e-02 9.550000e-02
      vertex   -1.961940e-02 -6.441386e-02 9.550000e-02
    endloop
  endfacet
  facet normal -8.206869e-01 -5.342843e-01 -2.025172e-01
    outer loop
      vertex   -1.826641e-02 -6.576685e-02 9.358658e-02
      vertex   -1.961940e-02 -6.441386e-02 9.550000e-02
      vertex   -1.947277e-02 -6.401685e-02 9.385840e-02
    endloop
  endfacet
  facet normal -9.719958e-01 -1.933420e-01 -1.335778e-01
    outer loop
      vertex   -1.947277e-02 -6.401685e-02 9.385840e-02
      vertex   -1.961940e-02 -6.441386e-02 9.550000e-02
      vertex   -2.000000e-02 -6.250044e-02 9.550000e-02
    endloop
  endfacet
  facet normal -9.726252e-01 -1.287272e-01 -1.934672e-01
    outer loop
      vertex   -1.947277e-02 -6.401685e-02 9.385840e-02
      vertex   -2.000000e-02 -6.250044e-02 9.550000e-02
      vertex   -1.961940e-02 -6.250044e-02 9.358658e-02
    endloop
  endfacet
  facet normal -8.594863e-01 -1.695469e-01 -4.822211e-01
    outer loop
      vertex   -1.947277e-02 -6.401685e-02 9.385840e-02
      vertex   -1.961940e-02 -6.250044e-02 9.358658e-02
      vertex   -1.871912e-02 -6.323194e-02 9.223916e-02
    endloop
  endfacet
  facet normal -8.314696e-01 4.364969e-05 -5.555702e-01
    outer loop
      vertex   -1.871912e-02 -6.323194e-02 9.223916e-02
      vertex   -1.961940e-02 -6.250044e-02 9.358658e-02
      vertex   -1.853553e-02 -6.250044e-02 9.196447e-02
    endloop
  endfacet
  facet normal -5.474565e-01 -1.702803e-01 -8.193266e-01
    outer loop
      vertex   -1.871912e-02 -6.323194e-02 9.223916e-02
      vertex   -1.853553e-02 -6.250044e-02 9.196447e-02
      vertex   -1.691342e-02 -6.250044e-02 9.088060e-02
    endloop
  endfacet
  facet normal -1.944564e-01 -8.054650e-02 -9.775986e-01
    outer loop
      vertex   -1.500000e-02 -6.250044e-02 9.050000e-02
      vertex   -1.635299e-02 -6.385343e-02 9.088060e-02
      vertex   -1.691342e-02 -6.250044e-02 9.088060e-02
    endloop
  endfacet
  facet normal -5.414191e-01 -2.242631e-01 -8.102909e-01
    outer loop
      vertex   -1.691342e-02 -6.250044e-02 9.088060e-02
      vertex   -1.635299e-02 -6.385343e-02 9.088060e-02
      vertex   -1.750000e-02 -6.500044e-02 9.196447e-02
    endloop
  endfacet
  facet normal -5.226663e-01 -2.329173e-01 -8.201033e-01
    outer loop
      vertex   -1.691342e-02 -6.250044e-02 9.088060e-02
      vertex   -1.750000e-02 -6.500044e-02 9.196447e-02
      vertex   -1.871912e-02 -6.323194e-02 9.223916e-02
    endloop
  endfacet
  facet normal -7.288893e-01 -4.182729e-01 -5.420039e-01
    outer loop
      vertex   -1.871912e-02 -6.323194e-02 9.223916e-02
      vertex   -1.750000e-02 -6.500044e-02 9.196447e-02
      vertex   -1.826641e-02 -6.576685e-02 9.358658e-02
    endloop
  endfacet
  facet normal -7.288893e-01 -4.182729e-01 -5.420039e-01
    outer loop
      vertex   -1.871912e-02 -6.323194e-02 9.223916e-02
      vertex   -1.826641e-02 -6.576685e-02 9.358658e-02
      vertex   -1.947277e-02 -6.401685e-02 9.385840e-02
    endloop
  endfacet
  facet normal -8.054650e-02 -1.944564e-01 -9.775986e-01
    outer loop
      vertex   -1.500000e-02 -6.250044e-02 9.050000e-02
      vertex   -1.500000e-02 -6.441386e-02 9.088060e-02
      vertex   -1.635299e-02 -6.385343e-02 9.088060e-02
    endloop
  endfacet
  facet normal -2.188951e-01 -5.284596e-01 -8.202533e-01
    outer loop
      vertex   -1.635299e-02 -6.385343e-02 9.088060e-02
      vertex   -1.500000e-02 -6.441386e-02 9.088060e-02
      vertex   -1.573150e-02 -6.621956e-02 9.223916e-02
    endloop
  endfacet
  facet normal -2.389341e-01 -5.299462e-01 -8.136753e-01
    outer loop
      vertex   -1.635299e-02 -6.385343e-02 9.088060e-02
      vertex   -1.573150e-02 -6.621956e-02 9.223916e-02
      vertex   -1.750000e-02 -6.500044e-02 9.196447e-02
    endloop
  endfacet
  facet normal -4.182729e-01 -7.288893e-01 -5.420039e-01
    outer loop
      vertex   -1.750000e-02 -6.500044e-02 9.196447e-02
      vertex   -1.573150e-02 -6.621956e-02 9.223916e-02
      vertex   -1.651641e-02 -6.697321e-02 9.385840e-02
    endloop
  endfacet
  facet normal -4.182729e-01 -7.288893e-01 -5.420039e-01
    outer loop
      vertex   -1.750000e-02 -6.500044e-02 9.196447e-02
      vertex   -1.651641e-02 -6.697321e-02 9.385840e-02
      vertex   -1.826641e-02 -6.576685e-02 9.358658e-02
    endloop
  endfacet
  facet normal -1.702803e-01 -5.474565e-01 -8.193266e-01
    outer loop
      vertex   -1.500000e-02 -6.441386e-02 9.088060e-02
      vertex   -1.500000e-02 -6.603598e-02 9.196447e-02
      vertex   -1.573150e-02 -6.621956e-02 9.223916e-02
    endloop
  endfacet
  facet normal 4.364969e-05 -8.314696e-01 -5.555702e-01
    outer loop
      vertex   -1.573150e-02 -6.621956e-02 9.223916e-02
      vertex   -1.500000e-02 -6.603598e-02 9.196447e-02
      vertex   -1.500000e-02 -6.711984e-02 9.358658e-02
    endloop
  endfacet
  facet normal -1.695469e-01 -8.594863e-01 -4.822211e-01
    outer loop
      vertex   -1.573150e-02 -6.621956e-02 9.223916e-02
      vertex   -1.500000e-02 -6.711984e-02 9.358658e-02
      vertex   -1.651641e-02 -6.697321e-02 9.385840e-02
    endloop
  endfacet
  facet normal -9.807853e-01 0.000000e+00 -1.950903e-01
    outer loop
      vertex   -2.000000e-02 -6.250044e-02 9.550000e-02
      vertex   -2.000000e-02 -3.976538e-02 9.550000e-02
      vertex   -1.961940e-02 -6.250044e-02 9.358658e-02
    endloop
  endfacet
  facet normal -9.807853e-01 0.000000e+00 -1.950903e-01
    outer loop
      vertex   -1.961940e-02 -6.250044e-02 9.358658e-02
      vertex   -2.000000e-02 -3.976538e-02 9.550000e-02
      vertex   -1.961940e-02 -3.976538e-02 9.358658e-02
    endloop
  endfacet
  facet normal -8.314696e-01 0.000000e+00 -5.555702e-01
    outer loop
      vertex   -1.961940e-02 -6.250044e-02 9.358658e-02
      vertex   -1.961940e-02 -3.976538e-02 9.358658e-02
      vertex   -1.853553e-02 -6.250044e-02 9.196447e-02
    endloop
  endfacet
  facet normal -8.314696e-01 0.000000e+00 -5.555702e-01
    outer loop
      vertex   -1.853553e-02 -6.250044e-02 9.196447e-02
      vertex   -1.961940e-02 -3.976538e-02 9.358658e-02
      vertex   -1.853553e-02 -3.976538e-02 9.196447e-02
    endloop
  endfacet
  facet normal -5.555702e-01 0.000000e+00 -8.314696e-01
    outer loop
      vertex   -1.853553e-02 -6.250044e-02 9.196447e-02
      vertex   -1.853553e-02 -3.976538e-02 9.196447e-02
      vertex   -1.691342e-02 -6.250044e-02 9.088060e-02
    endloop
  endfacet
  facet normal -5.555702e-01 0.000000e+00 -8.314696e-01
    outer loop
      vertex   -1.691342e-02 -6.250044e-02 9.088060e-02
      vertex   -1.853553e-02 -3.976538e-02 9.196447e-02
      vertex   -1.691342e-02 -3.976538e-02 9.088060e-02
    endloop
  endfacet
  facet normal -1.950903e-01 0.000000e+00 -9.807853e-01
    outer loop
      vertex   -1.691342e-02 -6.250044e-02 9.088060e-02
      vertex   -1.691342e-02 -3.976538e-02 9.088060e-02
      vertex   -1.500000e-02 -6.250044e-02 9.050000e-02
    endloop
  endfacet
  facet normal -1.950903e-01 0.000000e+00 -9.807853e-01
    outer loop
      vertex   -1.500000e-02 -6.250044e-02 9.050000e-02
      vertex   -1.691342e-02 -3.976538e-02 9.088060e-02
      vertex   -1.500000e-02 -3.976538e-02 9.050000e-02
    endloop
  endfacet
  facet normal -9.909643e-01 8.986431e-02 -9.957026e-02
    outer loop
      vertex   -1.982110e-02 -3.183422e-02 9.033227e-02
      vertex   -1.992321e-02 -3.197866e-02 9.121818e-02
      vertex   -2.000000e-02 -3.172189e-02 9.221414e-02
    endloop
  endfacet
  facet normal -9.963417e-01 -5.931293e-02 -6.152465e-02
    outer loop
      vertex   -2.000000e-02 -3.172189e-02 9.221414e-02
      vertex   -1.992321e-02 -3.197866e-02 9.121818e-02
      vertex   -1.991319e-02 -3.349812e-02 9.252065e-02
    endloop
  endfacet
  facet normal -9.951847e-01 -6.177205e-02 -7.610275e-02
    outer loop
      vertex   -2.000000e-02 -3.172189e-02 9.221414e-02
      vertex   -1.991319e-02 -3.349812e-02 9.252065e-02
      vertex   -2.000000e-02 -3.344880e-02 9.361586e-02
    endloop
  endfacet
  facet normal -9.958326e-01 -4.931835e-02 -7.671501e-02
    outer loop
      vertex   -2.000000e-02 -3.344880e-02 9.361586e-02
      vertex   -1.991319e-02 -3.349812e-02 9.252065e-02
      vertex   -1.990201e-02 -3.524307e-02 9.349741e-02
    endloop
  endfacet
  facet normal -9.945917e-01 -4.824298e-02 -9.197853e-02
    outer loop
      vertex   -2.000000e-02 -3.344880e-02 9.361586e-02
      vertex   -1.990201e-02 -3.524307e-02 9.349741e-02
      vertex   -2.000000e-02 -3.541900e-02 9.464923e-02
    endloop
  endfacet
  facet normal -9.952756e-01 -3.600381e-02 -9.016731e-02
    outer loop
      vertex   -2.000000e-02 -3.541900e-02 9.464923e-02
      vertex   -1.990201e-02 -3.524307e-02 9.349741e-02
      vertex   -1.989030e-02 -3.713468e-02 9.412338e-02
    endloop
  endfacet
  facet normal -9.939641e-01 -3.133200e-02 -1.051362e-01
    outer loop
      vertex   -2.000000e-02 -3.541900e-02 9.464923e-02
      vertex   -1.989030e-02 -3.713468e-02 9.412338e-02
      vertex   -2.000000e-02 -3.755112e-02 9.528463e-02
    endloop
  endfacet
  facet normal -9.947066e-01 -1.936549e-02 -1.009150e-01
    outer loop
      vertex   -2.000000e-02 -3.755112e-02 9.528463e-02
      vertex   -1.989030e-02 -3.713468e-02 9.412338e-02
      vertex   -1.987852e-02 -3.909953e-02 9.438439e-02
    endloop
  endfacet
  facet normal -9.933227e-01 -1.116850e-02 -1.148270e-01
    outer loop
      vertex   -2.000000e-02 -3.755112e-02 9.528463e-02
      vertex   -1.987852e-02 -3.909953e-02 9.438439e-02
      vertex   -2.000000e-02 -3.976538e-02 9.550000e-02
    endloop
  endfacet
  facet normal -9.702261e-01 -1.463424e-01 -1.929900e-01
    outer loop
      vertex   -2.000000e-02 -3.976538e-02 9.550000e-02
      vertex   -1.987852e-02 -3.909953e-02 9.438439e-02
      vertex   -1.961940e-02 -3.976538e-02 9.358658e-02
    endloop
  endfacet
  facet normal -9.330337e-01 6.161740e-02 -3.544734e-01
    outer loop
      vertex   -1.961940e-02 -3.976538e-02 9.358658e-02
      vertex   -1.987852e-02 -3.909953e-02 9.438439e-02
      vertex   -1.939531e-02 -3.918232e-02 9.309810e-02
    endloop
  endfacet
  facet normal -8.227597e-01 -1.443641e-01 -5.497504e-01
    outer loop
      vertex   -1.961940e-02 -3.976538e-02 9.358658e-02
      vertex   -1.939531e-02 -3.918232e-02 9.309810e-02
      vertex   -1.853553e-02 -3.976538e-02 9.196447e-02
    endloop
  endfacet
  facet normal -8.051913e-01 -3.652846e-02 -5.918890e-01
    outer loop
      vertex   -1.853553e-02 -3.976538e-02 9.196447e-02
      vertex   -1.939531e-02 -3.918232e-02 9.309810e-02
      vertex   -1.857890e-02 -3.925352e-02 9.199187e-02
    endloop
  endfacet
  facet normal -6.572448e-01 -1.534140e-02 -7.535210e-01
    outer loop
      vertex   -1.853553e-02 -3.976538e-02 9.196447e-02
      vertex   -1.857890e-02 -3.925352e-02 9.199187e-02
      vertex   -1.797878e-02 -3.928717e-02 9.146911e-02
    endloop
  endfacet
  facet normal -6.554748e-01 -1.284910e-01 -7.442061e-01
    outer loop
      vertex   -1.797878e-02 -3.928717e-02 9.146911e-02
      vertex   -1.857890e-02 -3.925352e-02 9.199187e-02
      vertex   -1.816190e-02 -3.784469e-02 9.138135e-02
    endloop
  endfacet
  facet normal -5.106636e-01 -1.166550e-01 -8.518300e-01
    outer loop
      vertex   -1.797878e-02 -3.928717e-02 9.146911e-02
      vertex   -1.816190e-02 -3.784469e-02 9.138135e-02
      vertex   -1.691548e-02 -3.803157e-02 9.065972e-02
    endloop
  endfacet
  facet normal -5.102601e-01 -3.185498e-01 -7.988496e-01
    outer loop
      vertex   -1.691548e-02 -3.803157e-02 9.065972e-02
      vertex   -1.816190e-02 -3.784469e-02 9.138135e-02
      vertex   -1.721035e-02 -3.674217e-02 9.033391e-02
    endloop
  endfacet
  facet normal -2.636052e-01 -2.925523e-01 -9.191983e-01
    outer loop
      vertex   -1.691548e-02 -3.803157e-02 9.065972e-02
      vertex   -1.721035e-02 -3.674217e-02 9.033391e-02
      vertex   -1.572237e-02 -3.746876e-02 9.013844e-02
    endloop
  endfacet
  facet normal -3.295443e-01 -4.518595e-01 -8.289895e-01
    outer loop
      vertex   -1.572237e-02 -3.746876e-02 9.013844e-02
      vertex   -1.721035e-02 -3.674217e-02 9.033391e-02
      vertex   -1.749898e-02 -3.551929e-02 8.978209e-02
    endloop
  endfacet
  facet normal -4.231140e-01 -5.210927e-01 -7.412401e-01
    outer loop
      vertex   -1.572237e-02 -3.746876e-02 9.013844e-02
      vertex   -1.749898e-02 -3.551929e-02 8.978209e-02
      vertex   -1.646521e-02 -3.538465e-02 8.909734e-02
    endloop
  endfacet
  facet normal -3.906028e-01 -5.908967e-01 -7.058828e-01
    outer loop
      vertex   -1.646521e-02 -3.538465e-02 8.909734e-02
      vertex   -1.749898e-02 -3.551929e-02 8.978209e-02
      vertex   -1.776418e-02 -3.442728e-02 8.901471e-02
    endloop
  endfacet
  facet normal -4.953979e-01 -7.147679e-01 -4.936474e-01
    outer loop
      vertex   -1.646521e-02 -3.538465e-02 8.909734e-02
      vertex   -1.776418e-02 -3.442728e-02 8.901471e-02
      vertex   -1.706615e-02 -3.385187e-02 8.748105e-02
    endloop
  endfacet
  facet normal -4.734988e-01 -7.318539e-01 -4.900906e-01
    outer loop
      vertex   -1.706615e-02 -3.385187e-02 8.748105e-02
      vertex   -1.776418e-02 -3.442728e-02 8.901471e-02
      vertex   -1.808486e-02 -3.314468e-02 8.740923e-02
    endloop
  endfacet
  facet normal -5.380056e-01 -8.015109e-01 -2.610177e-01
    outer loop
      vertex   -1.706615e-02 -3.385187e-02 8.748105e-02
      vertex   -1.808486e-02 -3.314468e-02 8.740923e-02
      vertex   -1.724489e-02 -3.341786e-02 8.651676e-02
    endloop
  endfacet
  facet normal -5.839819e-01 -7.454033e-01 -3.214639e-01
    outer loop
      vertex   -1.724489e-02 -3.341786e-02 8.651676e-02
      vertex   -1.808486e-02 -3.314468e-02 8.740923e-02
      vertex   -1.843976e-02 -3.265355e-02 8.691514e-02
    endloop
  endfacet
  facet normal -5.573016e-01 -8.256981e-01 -8.739341e-02
    outer loop
      vertex   -1.724489e-02 -3.341786e-02 8.651676e-02
      vertex   -1.843976e-02 -3.265355e-02 8.691514e-02
      vertex   -1.731710e-02 -3.326256e-02 8.550988e-02
    endloop
  endfacet
  facet normal -9.583925e-01 -2.428299e-01 -1.500578e-01
    outer loop
      vertex   -1.992321e-02 -3.197866e-02 9.121818e-02
      vertex   -1.982110e-02 -3.183422e-02 9.033227e-02
      vertex   -1.961512e-02 -3.276007e-02 9.051496e-02
    endloop
  endfacet
  facet normal -9.390463e-01 -2.545192e-01 -2.311106e-01
    outer loop
      vertex   -1.961512e-02 -3.276007e-02 9.051496e-02
      vertex   -1.982110e-02 -3.183422e-02 9.033227e-02
      vertex   -1.929205e-02 -3.215738e-02 8.853855e-02
    endloop
  endfacet
  facet normal -8.729437e-01 -4.081620e-01 -2.671572e-01
    outer loop
      vertex   -1.961512e-02 -3.276007e-02 9.051496e-02
      vertex   -1.929205e-02 -3.215738e-02 8.853855e-02
      vertex   -1.908550e-02 -3.347290e-02 8.987348e-02
    endloop
  endfacet
  facet normal -7.775445e-01 -5.038626e-01 -3.762273e-01
    outer loop
      vertex   -1.908550e-02 -3.347290e-02 8.987348e-02
      vertex   -1.929205e-02 -3.215738e-02 8.853855e-02
      vertex   -1.868822e-02 -3.383960e-02 8.954351e-02
    endloop
  endfacet
  facet normal -7.769237e-01 -4.183739e-01 -4.704815e-01
    outer loop
      vertex   -1.908550e-02 -3.347290e-02 8.987348e-02
      vertex   -1.868822e-02 -3.383960e-02 8.954351e-02
      vertex   -1.897023e-02 -3.475246e-02 9.082096e-02
    endloop
  endfacet
  facet normal -7.491645e-01 -4.494541e-01 -4.865630e-01
    outer loop
      vertex   -1.897023e-02 -3.475246e-02 9.082096e-02
      vertex   -1.868822e-02 -3.383960e-02 8.954351e-02
      vertex   -1.852567e-02 -3.505285e-02 9.041396e-02
    endloop
  endfacet
  facet normal -7.492915e-01 -3.344535e-01 -5.715794e-01
    outer loop
      vertex   -1.897023e-02 -3.475246e-02 9.082096e-02
      vertex   -1.852567e-02 -3.505285e-02 9.041396e-02
      vertex   -1.884287e-02 -3.619146e-02 9.149603e-02
    endloop
  endfacet
  facet normal -7.186553e-01 -3.632772e-01 -5.929285e-01
    outer loop
      vertex   -1.884287e-02 -3.619146e-02 9.149603e-02
      vertex   -1.852567e-02 -3.505285e-02 9.041396e-02
      vertex   -1.834684e-02 -3.641226e-02 9.103009e-02
    endloop
  endfacet
  facet normal -7.187552e-01 -2.306016e-01 -6.559069e-01
    outer loop
      vertex   -1.884287e-02 -3.619146e-02 9.149603e-02
      vertex   -1.834684e-02 -3.641226e-02 9.103009e-02
      vertex   -1.871055e-02 -3.771394e-02 9.188630e-02
    endloop
  endfacet
  facet normal -6.869783e-01 -2.555099e-01 -6.802760e-01
    outer loop
      vertex   -1.871055e-02 -3.771394e-02 9.188630e-02
      vertex   -1.834684e-02 -3.641226e-02 9.103009e-02
      vertex   -1.816190e-02 -3.784469e-02 9.138135e-02
    endloop
  endfacet
  facet normal -6.870453e-01 -1.080239e-01 -7.185399e-01
    outer loop
      vertex   -1.871055e-02 -3.771394e-02 9.188630e-02
      vertex   -1.816190e-02 -3.784469e-02 9.138135e-02
      vertex   -1.857890e-02 -3.925352e-02 9.199187e-02
    endloop
  endfacet
  facet normal -8.440572e-01 -4.637933e-01 -2.691899e-01
    outer loop
      vertex   -1.868822e-02 -3.383960e-02 8.954351e-02
      vertex   -1.929205e-02 -3.215738e-02 8.853855e-02
      vertex   -1.888259e-02 -3.241720e-02 8.770230e-02
    endloop
  endfacet
  facet normal -1.323701e-01 9.263565e-01 -3.526212e-01
    outer loop
      vertex   -1.888259e-02 -3.241720e-02 8.770230e-02
      vertex   -1.929205e-02 -3.215738e-02 8.853855e-02
      vertex   -1.843976e-02 -3.265355e-02 8.691514e-02
    endloop
  endfacet
  facet normal -6.984580e-01 -6.912240e-01 -1.853801e-01
    outer loop
      vertex   -1.888259e-02 -3.241720e-02 8.770230e-02
      vertex   -1.843976e-02 -3.265355e-02 8.691514e-02
      vertex   -1.808486e-02 -3.314468e-02 8.740923e-02
    endloop
  endfacet
  facet normal -5.336204e-01 -8.407689e-01 -9.141628e-02
    outer loop
      vertex   -1.731710e-02 -3.326256e-02 8.550988e-02
      vertex   -1.730769e-02 -3.326745e-02 8.550000e-02
      vertex   -1.724489e-02 -3.341786e-02 8.651676e-02
    endloop
  endfacet
  facet normal -2.924948e-01 -2.378160e-01 -9.262237e-01
    outer loop
      vertex   -1.572237e-02 -3.746876e-02 9.013844e-02
      vertex   -1.500000e-02 -3.976538e-02 9.050000e-02
      vertex   -1.691548e-02 -3.803157e-02 9.065972e-02
    endloop
  endfacet
  facet normal -1.855330e-01 -1.150724e-01 -9.758770e-01
    outer loop
      vertex   -1.691548e-02 -3.803157e-02 9.065972e-02
      vertex   -1.500000e-02 -3.976538e-02 9.050000e-02
      vertex   -1.662715e-02 -3.933292e-02 9.075836e-02
    endloop
  endfacet
  facet normal -4.632267e-01 -1.685776e-01 -8.700590e-01
    outer loop
      vertex   -1.691548e-02 -3.803157e-02 9.065972e-02
      vertex   -1.662715e-02 -3.933292e-02 9.075836e-02
      vertex   -1.797878e-02 -3.928717e-02 9.146911e-02
    endloop
  endfacet
  facet normal -4.631764e-01 5.658675e-02 -8.844578e-01
    outer loop
      vertex   -1.797878e-02 -3.928717e-02 9.146911e-02
      vertex   -1.662715e-02 -3.933292e-02 9.075836e-02
      vertex   -1.691342e-02 -3.976538e-02 9.088060e-02
    endloop
  endfacet
  facet normal -5.432187e-01 -2.096908e-01 -8.129842e-01
    outer loop
      vertex   -1.797878e-02 -3.928717e-02 9.146911e-02
      vertex   -1.691342e-02 -3.976538e-02 9.088060e-02
      vertex   -1.853553e-02 -3.976538e-02 9.196447e-02
    endloop
  endfacet
  facet normal -1.929854e-01 -1.465024e-01 -9.702029e-01
    outer loop
      vertex   -1.500000e-02 -3.976538e-02 9.050000e-02
      vertex   -1.691342e-02 -3.976538e-02 9.088060e-02
      vertex   -1.662715e-02 -3.933292e-02 9.075836e-02
    endloop
  endfacet
  facet normal -6.044303e-01 -5.510712e-01 -5.753126e-01
    outer loop
      vertex   -1.749898e-02 -3.551929e-02 8.978209e-02
      vertex   -1.852567e-02 -3.505285e-02 9.041396e-02
      vertex   -1.776418e-02 -3.442728e-02 8.901471e-02
    endloop
  endfacet
  facet normal -6.472377e-01 -4.997128e-01 -5.756479e-01
    outer loop
      vertex   -1.776418e-02 -3.442728e-02 8.901471e-02
      vertex   -1.852567e-02 -3.505285e-02 9.041396e-02
      vertex   -1.868822e-02 -3.383960e-02 8.954351e-02
    endloop
  endfacet
  facet normal -6.432548e-01 -6.556911e-01 -3.953385e-01
    outer loop
      vertex   -1.776418e-02 -3.442728e-02 8.901471e-02
      vertex   -1.868822e-02 -3.383960e-02 8.954351e-02
      vertex   -1.808486e-02 -3.314468e-02 8.740923e-02
    endloop
  endfacet
  facet normal -6.942865e-01 -6.031474e-01 -3.926570e-01
    outer loop
      vertex   -1.808486e-02 -3.314468e-02 8.740923e-02
      vertex   -1.868822e-02 -3.383960e-02 8.954351e-02
      vertex   -1.888259e-02 -3.241720e-02 8.770230e-02
    endloop
  endfacet
  facet normal -6.048480e-01 -3.933858e-01 -6.923919e-01
    outer loop
      vertex   -1.852567e-02 -3.505285e-02 9.041396e-02
      vertex   -1.749898e-02 -3.551929e-02 8.978209e-02
      vertex   -1.834684e-02 -3.641226e-02 9.103009e-02
    endloop
  endfacet
  facet normal -5.580217e-01 -4.471497e-01 -6.990486e-01
    outer loop
      vertex   -1.834684e-02 -3.641226e-02 9.103009e-02
      vertex   -1.749898e-02 -3.551929e-02 8.978209e-02
      vertex   -1.721035e-02 -3.674217e-02 9.033391e-02
    endloop
  endfacet
  facet normal -5.584440e-01 -2.648701e-01 -7.861196e-01
    outer loop
      vertex   -1.834684e-02 -3.641226e-02 9.103009e-02
      vertex   -1.721035e-02 -3.674217e-02 9.033391e-02
      vertex   -1.816190e-02 -3.784469e-02 9.138135e-02
    endloop
  endfacet
  facet normal -8.739770e-01 -3.210283e-01 -3.648356e-01
    outer loop
      vertex   -1.961512e-02 -3.276007e-02 9.051496e-02
      vertex   -1.908550e-02 -3.347290e-02 8.987348e-02
      vertex   -1.956554e-02 -3.415809e-02 9.162634e-02
    endloop
  endfacet
  facet normal -8.577765e-01 -3.535597e-01 -3.731153e-01
    outer loop
      vertex   -1.956554e-02 -3.415809e-02 9.162634e-02
      vertex   -1.908550e-02 -3.347290e-02 8.987348e-02
      vertex   -1.897023e-02 -3.475246e-02 9.082096e-02
    endloop
  endfacet
  facet normal -8.580647e-01 -2.568861e-01 -4.446736e-01
    outer loop
      vertex   -1.956554e-02 -3.415809e-02 9.162634e-02
      vertex   -1.897023e-02 -3.475246e-02 9.082096e-02
      vertex   -1.951047e-02 -3.574550e-02 9.243712e-02
    endloop
  endfacet
  facet normal -8.400764e-01 -2.895486e-01 -4.587301e-01
    outer loop
      vertex   -1.951047e-02 -3.574550e-02 9.243712e-02
      vertex   -1.897023e-02 -3.475246e-02 9.082096e-02
      vertex   -1.884287e-02 -3.619146e-02 9.149603e-02
    endloop
  endfacet
  facet normal -8.403819e-01 -1.770139e-01 -5.122737e-01
    outer loop
      vertex   -1.951047e-02 -3.574550e-02 9.243712e-02
      vertex   -1.884287e-02 -3.619146e-02 9.149603e-02
      vertex   -1.945292e-02 -3.744380e-02 9.292954e-02
    endloop
  endfacet
  facet normal -8.216198e-01 -2.075045e-01 -5.309263e-01
    outer loop
      vertex   -1.945292e-02 -3.744380e-02 9.292954e-02
      vertex   -1.884287e-02 -3.619146e-02 9.149603e-02
      vertex   -1.871055e-02 -3.771394e-02 9.188630e-02
    endloop
  endfacet
  facet normal -8.219287e-01 -8.188698e-02 -5.636734e-01
    outer loop
      vertex   -1.945292e-02 -3.744380e-02 9.292954e-02
      vertex   -1.871055e-02 -3.771394e-02 9.188630e-02
      vertex   -1.939531e-02 -3.918232e-02 9.309810e-02
    endloop
  endfacet
  facet normal -8.031603e-01 -1.088465e-01 -5.857354e-01
    outer loop
      vertex   -1.939531e-02 -3.918232e-02 9.309810e-02
      vertex   -1.871055e-02 -3.771394e-02 9.188630e-02
      vertex   -1.857890e-02 -3.925352e-02 9.199187e-02
    endloop
  endfacet
  facet normal -9.591534e-01 -1.877283e-01 -2.116196e-01
    outer loop
      vertex   -1.992321e-02 -3.197866e-02 9.121818e-02
      vertex   -1.961512e-02 -3.276007e-02 9.051496e-02
      vertex   -1.991319e-02 -3.349812e-02 9.252065e-02
    endloop
  endfacet
  facet normal -9.537421e-01 -2.070758e-01 -2.179349e-01
    outer loop
      vertex   -1.991319e-02 -3.349812e-02 9.252065e-02
      vertex   -1.961512e-02 -3.276007e-02 9.051496e-02
      vertex   -1.956554e-02 -3.415809e-02 9.162634e-02
    endloop
  endfacet
  facet normal -9.539066e-01 -1.512118e-01 -2.592243e-01
    outer loop
      vertex   -1.991319e-02 -3.349812e-02 9.252065e-02
      vertex   -1.956554e-02 -3.415809e-02 9.162634e-02
      vertex   -1.990201e-02 -3.524307e-02 9.349741e-02
    endloop
  endfacet
  facet normal -9.478662e-01 -1.704154e-01 -2.692737e-01
    outer loop
      vertex   -1.990201e-02 -3.524307e-02 9.349741e-02
      vertex   -1.956554e-02 -3.415809e-02 9.162634e-02
      vertex   -1.951047e-02 -3.574550e-02 9.243712e-02
    endloop
  endfacet
  facet normal -9.480449e-01 -1.052253e-01 -3.002309e-01
    outer loop
      vertex   -1.990201e-02 -3.524307e-02 9.349741e-02
      vertex   -1.951047e-02 -3.574550e-02 9.243712e-02
      vertex   -1.989030e-02 -3.713468e-02 9.412338e-02
    endloop
  endfacet
  facet normal -9.417133e-01 -1.227343e-01 -3.132289e-01
    outer loop
      vertex   -1.989030e-02 -3.713468e-02 9.412338e-02
      vertex   -1.951047e-02 -3.574550e-02 9.243712e-02
      vertex   -1.945292e-02 -3.744380e-02 9.292954e-02
    endloop
  endfacet
  facet normal -9.418986e-01 -4.977129e-02 -3.321894e-01
    outer loop
      vertex   -1.989030e-02 -3.713468e-02 9.412338e-02
      vertex   -1.945292e-02 -3.744380e-02 9.292954e-02
      vertex   -1.987852e-02 -3.909953e-02 9.438439e-02
    endloop
  endfacet
  facet normal -9.355280e-01 -6.467057e-02 -3.472823e-01
    outer loop
      vertex   -1.987852e-02 -3.909953e-02 9.438439e-02
      vertex   -1.945292e-02 -3.744380e-02 9.292954e-02
      vertex   -1.939531e-02 -3.918232e-02 9.309810e-02
    endloop
  endfacet
  facet normal 1.944564e-01 -9.775986e-01 -8.054650e-02
    outer loop
      vertex   1.691342e-02 -6.711984e-02 9.550000e-02
      vertex   1.500000e-02 -6.750044e-02 9.550000e-02
      vertex   1.635299e-02 -6.711984e-02 9.414701e-02
    endloop
  endfacet
  facet normal 8.054650e-02 -9.775986e-01 -1.944564e-01
    outer loop
      vertex   1.635299e-02 -6.711984e-02 9.414701e-02
      vertex   1.500000e-02 -6.750044e-02 9.550000e-02
      vertex   1.500000e-02 -6.711984e-02 9.358658e-02
    endloop
  endfacet
  facet normal 2.188951e-01 -8.202533e-01 -5.284596e-01
    outer loop
      vertex   1.635299e-02 -6.711984e-02 9.414701e-02
      vertex   1.500000e-02 -6.711984e-02 9.358658e-02
      vertex   1.573150e-02 -6.576129e-02 9.178088e-02
    endloop
  endfacet
  facet normal 1.702803e-01 -8.193266e-01 -5.474565e-01
    outer loop
      vertex   1.573150e-02 -6.576129e-02 9.178088e-02
      vertex   1.500000e-02 -6.711984e-02 9.358658e-02
      vertex   1.500000e-02 -6.603598e-02 9.196447e-02
    endloop
  endfacet
  facet normal -4.364969e-05 -5.555702e-01 -8.314696e-01
    outer loop
      vertex   1.573150e-02 -6.576129e-02 9.178088e-02
      vertex   1.500000e-02 -6.603598e-02 9.196447e-02
      vertex   1.500000e-02 -6.441386e-02 9.088060e-02
    endloop
  endfacet
  facet normal 1.695469e-01 -4.822211e-01 -8.594863e-01
    outer loop
      vertex   1.573150e-02 -6.576129e-02 9.178088e-02
      vertex   1.500000e-02 -6.441386e-02 9.088060e-02
      vertex   1.651641e-02 -6.414204e-02 9.102723e-02
    endloop
  endfacet
  facet normal 1.287272e-01 -1.934672e-01 -9.726252e-01
    outer loop
      vertex   1.651641e-02 -6.414204e-02 9.102723e-02
      vertex   1.500000e-02 -6.441386e-02 9.088060e-02
      vertex   1.500000e-02 -6.250044e-02 9.050000e-02
    endloop
  endfacet
  facet normal 1.933420e-01 -1.335778e-01 -9.719958e-01
    outer loop
      vertex   1.651641e-02 -6.414204e-02 9.102723e-02
      vertex   1.500000e-02 -6.250044e-02 9.050000e-02
      vertex   1.691342e-02 -6.250044e-02 9.088060e-02
    endloop
  endfacet
  facet normal 5.342843e-01 -2.025172e-01 -8.206869e-01
    outer loop
      vertex   1.651641e-02 -6.414204e-02 9.102723e-02
      vertex   1.691342e-02 -6.250044e-02 9.088060e-02
      vertex   1.826641e-02 -6.441386e-02 9.223359e-02
    endloop
  endfacet
  facet normal 5.452902e-01 -1.914805e-01 -8.160845e-01
    outer loop
      vertex   1.826641e-02 -6.441386e-02 9.223359e-02
      vertex   1.691342e-02 -6.250044e-02 9.088060e-02
      vertex   1.853553e-02 -6.250044e-02 9.196447e-02
    endloop
  endfacet
  facet normal 8.160845e-01 -1.914805e-01 -5.452902e-01
    outer loop
      vertex   1.826641e-02 -6.441386e-02 9.223359e-02
      vertex   1.853553e-02 -6.250044e-02 9.196447e-02
      vertex   1.961940e-02 -6.250044e-02 9.358658e-02
    endloop
  endfacet
  facet normal 8.206869e-01 -2.025172e-01 -5.342843e-01
    outer loop
      vertex   1.826641e-02 -6.441386e-02 9.223359e-02
      vertex   1.961940e-02 -6.250044e-02 9.358658e-02
      vertex   1.947277e-02 -6.414204e-02 9.398359e-02
    endloop
  endfacet
  facet normal 9.719958e-01 -1.335778e-01 -1.933420e-01
    outer loop
      vertex   1.947277e-02 -6.414204e-02 9.398359e-02
      vertex   1.961940e-02 -6.250044e-02 9.358658e-02
      vertex   2.000000e-02 -6.250044e-02 9.550000e-02
    endloop
  endfacet
  facet normal 9.726252e-01 -1.934672e-01 -1.287272e-01
    outer loop
      vertex   1.947277e-02 -6.414204e-02 9.398359e-02
      vertex   2.000000e-02 -6.250044e-02 9.550000e-02
      vertex   1.961940e-02 -6.441386e-02 9.550000e-02
    endloop
  endfacet
  facet normal 8.594863e-01 -4.822211e-01 -1.695469e-01
    outer loop
      vertex   1.947277e-02 -6.414204e-02 9.398359e-02
      vertex   1.961940e-02 -6.441386e-02 9.550000e-02
      vertex   1.871912e-02 -6.576129e-02 9.476850e-02
    endloop
  endfacet
  facet normal 8.314696e-01 -5.555702e-01 4.364969e-05
    outer loop
      vertex   1.871912e-02 -6.576129e-02 9.476850e-02
      vertex   1.961940e-02 -6.441386e-02 9.550000e-02
      vertex   1.853553e-02 -6.603598e-02 9.550000e-02
    endloop
  endfacet
  facet normal 5.474565e-01 -8.193266e-01 -1.702803e-01
    outer loop
      vertex   1.871912e-02 -6.576129e-02 9.476850e-02
      vertex   1.853553e-02 -6.603598e-02 9.550000e-02
      vertex   1.691342e-02 -6.711984e-02 9.550000e-02
    endloop
  endfacet
  facet normal 4.182729e-01 -5.420039e-01 -7.288893e-01
    outer loop
      vertex   1.573150e-02 -6.576129e-02 9.178088e-02
      vertex   1.651641e-02 -6.414204e-02 9.102723e-02
      vertex   1.750000e-02 -6.603598e-02 9.300000e-02
    endloop
  endfacet
  facet normal 4.182729e-01 -5.420039e-01 -7.288893e-01
    outer loop
      vertex   1.750000e-02 -6.603598e-02 9.300000e-02
      vertex   1.651641e-02 -6.414204e-02 9.102723e-02
      vertex   1.826641e-02 -6.441386e-02 9.223359e-02
    endloop
  endfacet
  facet normal 7.288893e-01 -5.420039e-01 -4.182729e-01
    outer loop
      vertex   1.750000e-02 -6.603598e-02 9.300000e-02
      vertex   1.826641e-02 -6.441386e-02 9.223359e-02
      vertex   1.871912e-02 -6.576129e-02 9.476850e-02
    endloop
  endfacet
  facet normal 7.288893e-01 -5.420039e-01 -4.182729e-01
    outer loop
      vertex   1.871912e-02 -6.576129e-02 9.476850e-02
      vertex   1.826641e-02 -6.441386e-02 9.223359e-02
      vertex   1.947277e-02 -6.414204e-02 9.398359e-02
    endloop
  endfacet
  facet normal 5.414191e-01 -8.102909e-01 -2.242631e-01
    outer loop
      vertex   1.691342e-02 -6.711984e-02 9.550000e-02
      vertex   1.635299e-02 -6.711984e-02 9.414701e-02
      vertex   1.750000e-02 -6.603598e-02 9.300000e-02
    endloop
  endfacet
  facet normal 2.389341e-01 -8.136753e-01 -5.299462e-01
    outer loop
      vertex   1.750000e-02 -6.603598e-02 9.300000e-02
      vertex   1.635299e-02 -6.711984e-02 9.414701e-02
      vertex   1.573150e-02 -6.576129e-02 9.178088e-02
    endloop
  endfacet
  facet normal 5.226663e-01 -8.201033e-01 -2.329173e-01
    outer loop
      vertex   1.691342e-02 -6.711984e-02 9.550000e-02
      vertex   1.750000e-02 -6.603598e-02 9.300000e-02
      vertex   1.871912e-02 -6.576129e-02 9.476850e-02
    endloop
  endfacet
  facet normal 1.950903e-01 0.000000e+00 -9.807853e-01
    outer loop
      vertex   1.500000e-02 -6.250044e-02 9.050000e-02
      vertex   1.500000e-02 -3.976538e-02 9.050000e-02
      vertex   1.691342e-02 -6.250044e-02 9.088060e-02
    endloop
  endfacet
  facet normal 1.950903e-01 0.000000e+00 -9.807853e-01
    outer loop
      vertex   1.691342e-02 -6.250044e-02 9.088060e-02
      vertex   1.500000e-02 -3.976538e-02 9.050000e-02
      vertex   1.691342e-02 -3.976538e-02 9.088060e-02
    endloop
  endfacet
  facet normal 5.555702e-01 0.000000e+00 -8.314696e-01
    outer loop
      vertex   1.691342e-02 -6.250044e-02 9.088060e-02
      vertex   1.691342e-02 -3.976538e-02 9.088060e-02
      vertex   1.853553e-02 -6.250044e-02 9.196447e-02
    endloop
  endfacet
  facet normal 5.555702e-01 0.000000e+00 -8.314696e-01
    outer loop
      vertex   1.853553e-02 -6.250044e-02 9.196447e-02
      vertex   1.691342e-02 -3.976538e-02 9.088060e-02
      vertex   1.853553e-02 -3.976538e-02 9.196447e-02
    endloop
  endfacet
  facet normal 8.314696e-01 0.000000e+00 -5.555702e-01
    outer loop
      vertex   1.853553e-02 -6.250044e-02 9.196447e-02
      vertex   1.853553e-02 -3.976538e-02 9.196447e-02
      vertex   1.961940e-02 -6.250044e-02 9.358658e-02
    endloop
  endfacet
  facet normal 8.314696e-01 0.000000e+00 -5.555702e-01
    outer loop
      vertex   1.961940e-02 -6.250044e-02 9.358658e-02
      vertex   1.853553e-02 -3.976538e-02 9.196447e-02
      vertex   1.961940e-02 -3.976538e-02 9.358658e-02
    endloop
  endfacet
  facet normal 9.807853e-01 0.000000e+00 -1.950903e-01
    outer loop
      vertex   1.961940e-02 -6.250044e-02 9.358658e-02
      vertex   1.961940e-02 -3.976538e-02 9.358658e-02
      vertex   2.000000e-02 -6.250044e-02 9.550000e-02
    endloop
  endfacet
  facet normal 9.807853e-01 0.000000e+00 -1.950903e-01
    outer loop
      vertex   2.000000e-02 -6.250044e-02 9.550000e-02
      vertex   1.961940e-02 -3.976538e-02 9.358658e-02
      vertex   2.000000e-02 -3.976538e-02 9.550000e-02
    endloop
  endfacet
  facet normal 5.335373e-01 -8.408337e-01 -9.130501e-02
    outer loop
      vertex   1.730769e-02 -3.326745e-02 8.550000e-02
      vertex   1.731710e-02 -3.326256e-02 8.550988e-02
      vertex   1.724501e-02 -3.341766e-02 8.651693e-02
    endloop
  endfacet
  facet normal 5.546059e-01 -8.274746e-01 -8.773934e-02
    outer loop
      vertex   1.724501e-02 -3.341766e-02 8.651693e-02
      vertex   1.731710e-02 -3.326256e-02 8.550988e-02
      vertex   1.831802e-02 -3.272159e-02 8.673489e-02
    endloop
  endfacet
  facet normal 5.615936e-01 -7.748351e-01 -2.902470e-01
    outer loop
      vertex   1.724501e-02 -3.341766e-02 8.651693e-02
      vertex   1.831802e-02 -3.272159e-02 8.673489e-02
      vertex   1.812559e-02 -3.298527e-02 8.706648e-02
    endloop
  endfacet
  facet normal 6.925334e-01 -7.039039e-01 -1.578504e-01
    outer loop
      vertex   1.812559e-02 -3.298527e-02 8.706648e-02
      vertex   1.831802e-02 -3.272159e-02 8.673489e-02
      vertex   1.922519e-02 -3.219748e-02 8.837773e-02
    endloop
  endfacet
  facet normal 7.811402e-01 -5.231855e-01 -3.407300e-01
    outer loop
      vertex   1.812559e-02 -3.298527e-02 8.706648e-02
      vertex   1.922519e-02 -3.219748e-02 8.837773e-02
      vertex   1.877264e-02 -3.322003e-02 8.891035e-02
    endloop
  endfacet
  facet normal 7.926974e-01 -5.181299e-01 -3.212044e-01
    outer loop
      vertex   1.877264e-02 -3.322003e-02 8.891035e-02
      vertex   1.922519e-02 -3.219748e-02 8.837773e-02
      vertex   1.914497e-02 -3.282155e-02 8.918644e-02
    endloop
  endfacet
  facet normal 7.917411e-01 -4.667577e-01 -3.940600e-01
    outer loop
      vertex   1.877264e-02 -3.322003e-02 8.891035e-02
      vertex   1.914497e-02 -3.282155e-02 8.918644e-02
      vertex   1.860887e-02 -3.443144e-02 9.001619e-02
    endloop
  endfacet
  facet normal 7.637267e-01 -4.779641e-01 -4.339031e-01
    outer loop
      vertex   1.860887e-02 -3.443144e-02 9.001619e-02
      vertex   1.914497e-02 -3.282155e-02 8.918644e-02
      vertex   1.902904e-02 -3.409676e-02 9.038709e-02
    endloop
  endfacet
  facet normal 7.641168e-01 -3.891946e-01 -5.144445e-01
    outer loop
      vertex   1.860887e-02 -3.443144e-02 9.001619e-02
      vertex   1.902904e-02 -3.409676e-02 9.038709e-02
      vertex   1.841851e-02 -3.586779e-02 9.082009e-02
    endloop
  endfacet
  facet normal 7.314542e-01 -3.890721e-01 -5.599978e-01
    outer loop
      vertex   1.841851e-02 -3.586779e-02 9.082009e-02
      vertex   1.902904e-02 -3.409676e-02 9.038709e-02
      vertex   1.889369e-02 -3.561471e-02 9.126493e-02
    endloop
  endfacet
  facet normal 7.317203e-01 -2.881235e-01 -6.177137e-01
    outer loop
      vertex   1.841851e-02 -3.586779e-02 9.082009e-02
      vertex   1.889369e-02 -3.561471e-02 9.126493e-02
      vertex   1.821575e-02 -3.742830e-02 9.130778e-02
    endloop
  endfacet
  facet normal 6.968289e-01 -2.761261e-01 -6.619545e-01
    outer loop
      vertex   1.821575e-02 -3.742830e-02 9.130778e-02
      vertex   1.889369e-02 -3.561471e-02 9.126493e-02
      vertex   1.874882e-02 -3.727083e-02 9.180326e-02
    endloop
  endfacet
  facet normal 6.970239e-01 -1.611449e-01 -6.987059e-01
    outer loop
      vertex   1.821575e-02 -3.742830e-02 9.130778e-02
      vertex   1.874882e-02 -3.727083e-02 9.180326e-02
      vertex   1.801281e-02 -3.902132e-02 9.147274e-02
    endloop
  endfacet
  facet normal 6.619855e-01 -1.392838e-01 -7.364612e-01
    outer loop
      vertex   1.801281e-02 -3.902132e-02 9.147274e-02
      vertex   1.874882e-02 -3.727083e-02 9.180326e-02
      vertex   1.860306e-02 -3.896933e-02 9.199346e-02
    endloop
  endfacet
  facet normal 6.627191e-01 -2.895625e-02 -7.483080e-01
    outer loop
      vertex   1.801281e-02 -3.902132e-02 9.147274e-02
      vertex   1.860306e-02 -3.896933e-02 9.199346e-02
      vertex   1.853553e-02 -3.976538e-02 9.196447e-02
    endloop
  endfacet
  facet normal 8.085209e-01 -4.721588e-02 -5.865702e-01
    outer loop
      vertex   1.853553e-02 -3.976538e-02 9.196447e-02
      vertex   1.860306e-02 -3.896933e-02 9.199346e-02
      vertex   1.940602e-02 -3.885972e-02 9.309144e-02
    endloop
  endfacet
  facet normal 8.266758e-01 -1.072268e-01 -5.523671e-01
    outer loop
      vertex   1.853553e-02 -3.976538e-02 9.196447e-02
      vertex   1.940602e-02 -3.885972e-02 9.309144e-02
      vertex   1.961940e-02 -3.976538e-02 9.358658e-02
    endloop
  endfacet
  facet normal 9.356573e-01 2.811085e-02 -3.517886e-01
    outer loop
      vertex   1.961940e-02 -3.976538e-02 9.358658e-02
      vertex   1.940602e-02 -3.885972e-02 9.309144e-02
      vertex   1.988080e-02 -3.873266e-02 9.436435e-02
    endloop
  endfacet
  facet normal 9.757889e-01 -1.008094e-01 -1.940965e-01
    outer loop
      vertex   1.961940e-02 -3.976538e-02 9.358658e-02
      vertex   1.988080e-02 -3.873266e-02 9.436435e-02
      vertex   2.000000e-02 -3.976538e-02 9.550000e-02
    endloop
  endfacet
  facet normal 9.933732e-01 -1.113182e-02 -1.143929e-01
    outer loop
      vertex   2.000000e-02 -3.976538e-02 9.550000e-02
      vertex   1.988080e-02 -3.873266e-02 9.436435e-02
      vertex   2.000000e-02 -3.755115e-02 9.528453e-02
    endloop
  endfacet
  facet normal 9.948475e-01 -2.357829e-02 -9.860260e-02
    outer loop
      vertex   2.000000e-02 -3.755115e-02 9.528453e-02
      vertex   1.988080e-02 -3.873266e-02 9.436435e-02
      vertex   1.989379e-02 -3.657892e-02 9.398044e-02
    endloop
  endfacet
  facet normal 9.940837e-01 -3.102423e-02 -1.040915e-01
    outer loop
      vertex   2.000000e-02 -3.755115e-02 9.528453e-02
      vertex   1.989379e-02 -3.657892e-02 9.398044e-02
      vertex   2.000000e-02 -3.541884e-02 9.464900e-02
    endloop
  endfacet
  facet normal 9.953904e-01 -4.122928e-02 -8.659141e-02
    outer loop
      vertex   2.000000e-02 -3.541884e-02 9.464900e-02
      vertex   1.989379e-02 -3.657892e-02 9.398044e-02
      vertex   1.990656e-02 -3.453915e-02 9.315608e-02
    endloop
  endfacet
  facet normal 9.948069e-01 -4.729077e-02 -9.012655e-02
    outer loop
      vertex   2.000000e-02 -3.541884e-02 9.464900e-02
      vertex   1.990656e-02 -3.453915e-02 9.315608e-02
      vertex   2.000000e-02 -3.344845e-02 9.361511e-02
    endloop
  endfacet
  facet normal 9.959008e-01 -5.513785e-02 -7.170381e-02
    outer loop
      vertex   2.000000e-02 -3.344845e-02 9.361511e-02
      vertex   1.990656e-02 -3.453915e-02 9.315608e-02
      vertex   1.991838e-02 -3.271550e-02 9.191792e-02
    endloop
  endfacet
  facet normal 9.954862e-01 -5.979921e-02 -7.369693e-02
    outer loop
      vertex   2.000000e-02 -3.344845e-02 9.361511e-02
      vertex   1.991838e-02 -3.271550e-02 9.191792e-02
      vertex   2.000000e-02 -3.172189e-02 9.221414e-02
    endloop
  endfacet
  facet normal 9.939680e-01 -5.302576e-02 -9.599913e-02
    outer loop
      vertex   2.000000e-02 -3.172189e-02 9.221414e-02
      vertex   1.991838e-02 -3.271550e-02 9.191792e-02
      vertex   1.980274e-02 -3.184540e-02 9.023995e-02
    endloop
  endfacet
  facet normal 9.560825e-01 -2.280342e-01 -1.841375e-01
    outer loop
      vertex   1.980274e-02 -3.184540e-02 9.023995e-02
      vertex   1.991838e-02 -3.271550e-02 9.191792e-02
      vertex   1.959095e-02 -3.343998e-02 9.111498e-02
    endloop
  endfacet
  facet normal 9.504657e-01 -2.367588e-01 -2.013959e-01
    outer loop
      vertex   1.980274e-02 -3.184540e-02 9.023995e-02
      vertex   1.959095e-02 -3.343998e-02 9.111498e-02
      vertex   1.964067e-02 -3.205295e-02 8.971908e-02
    endloop
  endfacet
  facet normal 8.665600e-01 -3.691143e-01 -3.358993e-01
    outer loop
      vertex   1.964067e-02 -3.205295e-02 8.971908e-02
      vertex   1.959095e-02 -3.343998e-02 9.111498e-02
      vertex   1.902904e-02 -3.409676e-02 9.038709e-02
    endloop
  endfacet
  facet normal 8.828405e-01 -3.620048e-01 -2.992409e-01
    outer loop
      vertex   1.964067e-02 -3.205295e-02 8.971908e-02
      vertex   1.902904e-02 -3.409676e-02 9.038709e-02
      vertex   1.914497e-02 -3.282155e-02 8.918644e-02
    endloop
  endfacet
  facet normal 8.826276e-01 -4.104261e-01 -2.291703e-01
    outer loop
      vertex   1.914497e-02 -3.282155e-02 8.918644e-02
      vertex   1.922519e-02 -3.219748e-02 8.837773e-02
      vertex   1.964067e-02 -3.205295e-02 8.971908e-02
    endloop
  endfacet
  facet normal 9.553549e-01 -4.596565e-03 -2.954249e-01
    outer loop
      vertex   1.964067e-02 -3.205295e-02 8.971908e-02
      vertex   1.922519e-02 -3.219748e-02 8.837773e-02
      vertex   1.980274e-02 -3.184540e-02 9.023995e-02
    endloop
  endfacet
  facet normal 5.486618e-01 -1.572100e-01 -8.211305e-01
    outer loop
      vertex   1.853553e-02 -3.976538e-02 9.196447e-02
      vertex   1.691342e-02 -3.976538e-02 9.088060e-02
      vertex   1.801281e-02 -3.902132e-02 9.147274e-02
    endloop
  endfacet
  facet normal 4.729312e-01 2.408054e-03 -8.810961e-01
    outer loop
      vertex   1.801281e-02 -3.902132e-02 9.147274e-02
      vertex   1.691342e-02 -3.976538e-02 9.088060e-02
      vertex   1.667998e-02 -3.909279e-02 9.075714e-02
    endloop
  endfacet
  facet normal 4.739059e-01 -1.502182e-01 -8.676679e-01
    outer loop
      vertex   1.801281e-02 -3.902132e-02 9.147274e-02
      vertex   1.667998e-02 -3.909279e-02 9.075714e-02
      vertex   1.821575e-02 -3.742830e-02 9.130778e-02
    endloop
  endfacet
  facet normal 5.265835e-01 -2.136523e-01 -8.228381e-01
    outer loop
      vertex   1.821575e-02 -3.742830e-02 9.130778e-02
      vertex   1.667998e-02 -3.909279e-02 9.075714e-02
      vertex   1.700051e-02 -3.765662e-02 9.058936e-02
    endloop
  endfacet
  facet normal 5.261446e-01 -3.152006e-01 -7.898230e-01
    outer loop
      vertex   1.821575e-02 -3.742830e-02 9.130778e-02
      vertex   1.700051e-02 -3.765662e-02 9.058936e-02
      vertex   1.841851e-02 -3.586779e-02 9.082009e-02
    endloop
  endfacet
  facet normal 5.790478e-01 -3.649772e-01 -7.290372e-01
    outer loop
      vertex   1.841851e-02 -3.586779e-02 9.082009e-02
      vertex   1.700051e-02 -3.765662e-02 9.058936e-02
      vertex   1.732527e-02 -3.625243e-02 9.014433e-02
    endloop
  endfacet
  facet normal 5.785141e-01 -4.554084e-01 -6.767012e-01
    outer loop
      vertex   1.841851e-02 -3.586779e-02 9.082009e-02
      vertex   1.732527e-02 -3.625243e-02 9.014433e-02
      vertex   1.860887e-02 -3.443144e-02 9.001619e-02
    endloop
  endfacet
  facet normal 6.286348e-01 -4.858515e-01 -6.072616e-01
    outer loop
      vertex   1.860887e-02 -3.443144e-02 9.001619e-02
      vertex   1.732527e-02 -3.625243e-02 9.014433e-02
      vertex   1.763401e-02 -3.496028e-02 8.943013e-02
    endloop
  endfacet
  facet normal 6.278843e-01 -5.693262e-01 -5.306873e-01
    outer loop
      vertex   1.860887e-02 -3.443144e-02 9.001619e-02
      vertex   1.763401e-02 -3.496028e-02 8.943013e-02
      vertex   1.877264e-02 -3.322003e-02 8.891035e-02
    endloop
  endfacet
  facet normal 6.711210e-01 -5.778302e-01 -4.644447e-01
    outer loop
      vertex   1.877264e-02 -3.322003e-02 8.891035e-02
      vertex   1.763401e-02 -3.496028e-02 8.943013e-02
      vertex   1.790268e-02 -3.386911e-02 8.846080e-02
    endloop
  endfacet
  facet normal 6.671896e-01 -6.727523e-01 -3.197850e-01
    outer loop
      vertex   1.877264e-02 -3.322003e-02 8.891035e-02
      vertex   1.790268e-02 -3.386911e-02 8.846080e-02
      vertex   1.812559e-02 -3.298527e-02 8.706648e-02
    endloop
  endfacet
  facet normal 4.725113e-01 -7.765788e-01 -4.167234e-01
    outer loop
      vertex   1.812559e-02 -3.298527e-02 8.706648e-02
      vertex   1.790268e-02 -3.386911e-02 8.846080e-02
      vertex   1.706613e-02 -3.385196e-02 8.748029e-02
    endloop
  endfacet
  facet normal 5.501366e-01 -7.948123e-01 -2.561703e-01
    outer loop
      vertex   1.812559e-02 -3.298527e-02 8.706648e-02
      vertex   1.706613e-02 -3.385196e-02 8.748029e-02
      vertex   1.724501e-02 -3.341766e-02 8.651693e-02
    endloop
  endfacet
  facet normal 1.938713e-01 -1.116173e-01 -9.746566e-01
    outer loop
      vertex   1.691342e-02 -3.976538e-02 9.088060e-02
      vertex   1.500000e-02 -3.976538e-02 9.050000e-02
      vertex   1.667998e-02 -3.909279e-02 9.075714e-02
    endloop
  endfacet
  facet normal 2.339806e-01 -2.225983e-01 -9.464159e-01
    outer loop
      vertex   1.667998e-02 -3.909279e-02 9.075714e-02
      vertex   1.500000e-02 -3.976538e-02 9.050000e-02
      vertex   1.572240e-02 -3.746868e-02 9.013841e-02
    endloop
  endfacet
  facet normal 3.041783e-01 -1.772344e-01 -9.359826e-01
    outer loop
      vertex   1.667998e-02 -3.909279e-02 9.075714e-02
      vertex   1.572240e-02 -3.746868e-02 9.013841e-02
      vertex   1.700051e-02 -3.765662e-02 9.058936e-02
    endloop
  endfacet
  facet normal 2.663549e-01 -3.466447e-01 -8.993845e-01
    outer loop
      vertex   1.700051e-02 -3.765662e-02 9.058936e-02
      vertex   1.572240e-02 -3.746868e-02 9.013841e-02
      vertex   1.732527e-02 -3.625243e-02 9.014433e-02
    endloop
  endfacet
  facet normal 3.969411e-01 -5.194357e-01 -7.567195e-01
    outer loop
      vertex   1.572240e-02 -3.746868e-02 9.013841e-02
      vertex   1.646501e-02 -3.538492e-02 8.909759e-02
      vertex   1.732527e-02 -3.625243e-02 9.014433e-02
    endloop
  endfacet
  facet normal 4.023228e-01 -5.146307e-01 -7.571602e-01
    outer loop
      vertex   1.732527e-02 -3.625243e-02 9.014433e-02
      vertex   1.646501e-02 -3.538492e-02 8.909759e-02
      vertex   1.763401e-02 -3.496028e-02 8.943013e-02
    endloop
  endfacet
  facet normal 4.173620e-01 -6.588033e-01 -6.259291e-01
    outer loop
      vertex   1.763401e-02 -3.496028e-02 8.943013e-02
      vertex   1.646501e-02 -3.538492e-02 8.909759e-02
      vertex   1.790268e-02 -3.386911e-02 8.846080e-02
    endloop
  endfacet
  facet normal 5.344415e-01 -7.036205e-01 -4.682846e-01
    outer loop
      vertex   1.790268e-02 -3.386911e-02 8.846080e-02
      vertex   1.646501e-02 -3.538492e-02 8.909759e-02
      vertex   1.706613e-02 -3.385196e-02 8.748029e-02
    endloop
  endfacet
  facet normal 8.669972e-01 -3.051388e-01 -3.939622e-01
    outer loop
      vertex   1.889369e-02 -3.561471e-02 9.126493e-02
      vertex   1.902904e-02 -3.409676e-02 9.038709e-02
      vertex   1.959095e-02 -3.343998e-02 9.111498e-02
    endloop
  endfacet
  facet normal 9.568504e-01 -1.773418e-01 -2.301895e-01
    outer loop
      vertex   1.959095e-02 -3.343998e-02 9.111498e-02
      vertex   1.991838e-02 -3.271550e-02 9.191792e-02
      vertex   1.953256e-02 -3.510738e-02 9.215689e-02
    endloop
  endfacet
  facet normal 9.505110e-01 -1.787128e-01 -2.541467e-01
    outer loop
      vertex   1.953256e-02 -3.510738e-02 9.215689e-02
      vertex   1.991838e-02 -3.271550e-02 9.191792e-02
      vertex   1.990656e-02 -3.453915e-02 9.315608e-02
    endloop
  endfacet
  facet normal 9.506941e-01 -1.335166e-01 -2.799179e-01
    outer loop
      vertex   1.953256e-02 -3.510738e-02 9.215689e-02
      vertex   1.990656e-02 -3.453915e-02 9.315608e-02
      vertex   1.946970e-02 -3.694738e-02 9.282104e-02
    endloop
  endfacet
  facet normal 9.438253e-01 -1.288819e-01 -3.042750e-01
    outer loop
      vertex   1.946970e-02 -3.694738e-02 9.282104e-02
      vertex   1.990656e-02 -3.453915e-02 9.315608e-02
      vertex   1.989379e-02 -3.657892e-02 9.398044e-02
    endloop
  endfacet
  facet normal 9.439977e-01 -7.680679e-02 -3.208878e-01
    outer loop
      vertex   1.946970e-02 -3.694738e-02 9.282104e-02
      vertex   1.989379e-02 -3.657892e-02 9.398044e-02
      vertex   1.940602e-02 -3.885972e-02 9.309144e-02
    endloop
  endfacet
  facet normal 9.370228e-01 -6.676342e-02 -3.428279e-01
    outer loop
      vertex   1.940602e-02 -3.885972e-02 9.309144e-02
      vertex   1.989379e-02 -3.657892e-02 9.398044e-02
      vertex   1.988080e-02 -3.873266e-02 9.436435e-02
    endloop
  endfacet
  facet normal 8.483457e-01 -2.293236e-01 -4.772005e-01
    outer loop
      vertex   1.874882e-02 -3.727083e-02 9.180326e-02
      vertex   1.889369e-02 -3.561471e-02 9.126493e-02
      vertex   1.953256e-02 -3.510738e-02 9.215689e-02
    endloop
  endfacet
  facet normal 8.479743e-01 -3.019138e-01 -4.356463e-01
    outer loop
      vertex   1.953256e-02 -3.510738e-02 9.215689e-02
      vertex   1.889369e-02 -3.561471e-02 9.126493e-02
      vertex   1.959095e-02 -3.343998e-02 9.111498e-02
    endloop
  endfacet
  facet normal 8.278762e-01 -2.152446e-01 -5.179679e-01
    outer loop
      vertex   1.874882e-02 -3.727083e-02 9.180326e-02
      vertex   1.953256e-02 -3.510738e-02 9.215689e-02
      vertex   1.946970e-02 -3.694738e-02 9.282104e-02
    endloop
  endfacet
  facet normal 8.282081e-01 -1.320677e-01 -5.446370e-01
    outer loop
      vertex   1.860306e-02 -3.896933e-02 9.199346e-02
      vertex   1.874882e-02 -3.727083e-02 9.180326e-02
      vertex   1.946970e-02 -3.694738e-02 9.282104e-02
    endloop
  endfacet
  facet normal 8.075310e-01 -1.088570e-01 -5.796928e-01
    outer loop
      vertex   1.860306e-02 -3.896933e-02 9.199346e-02
      vertex   1.946970e-02 -3.694738e-02 9.282104e-02
      vertex   1.940602e-02 -3.885972e-02 9.309144e-02
    endloop
  endfacet
  facet normal 9.807853e-01 -1.950903e-01 -2.227162e-16
    outer loop
      vertex   2.000000e-02 -6.250044e-02 9.550000e-02
      vertex   2.000000e-02 -6.250044e-02 1.107786e-01
      vertex   1.961940e-02 -6.441386e-02 9.550000e-02
    endloop
  endfacet
  facet normal 9.782713e-01 -2.073226e-01 1.594537e-03
    outer loop
      vertex   1.961940e-02 -6.441386e-02 9.550000e-02
      vertex   2.000000e-02 -6.250044e-02 1.107786e-01
      vertex   1.956942e-02 -6.453035e-02 1.110170e-01
    endloop
  endfacet
  facet normal 8.314687e-01 -5.555696e-01 -1.492718e-03
    outer loop
      vertex   1.961940e-02 -6.441386e-02 9.550000e-02
      vertex   1.956942e-02 -6.453035e-02 1.110170e-01
      vertex   1.853553e-02 -6.603598e-02 9.550000e-02
    endloop
  endfacet
  facet normal 8.149026e-01 -5.795947e-01 1.942241e-03
    outer loop
      vertex   1.853553e-02 -6.603598e-02 9.550000e-02
      vertex   1.956942e-02 -6.453035e-02 1.110170e-01
      vertex   1.841223e-02 -6.615517e-02 1.116669e-01
    endloop
  endfacet
  facet normal 5.555692e-01 -8.314681e-01 -1.892574e-03
    outer loop
      vertex   1.853553e-02 -6.603598e-02 9.550000e-02
      vertex   1.841223e-02 -6.615517e-02 1.116669e-01
      vertex   1.691342e-02 -6.711984e-02 9.550000e-02
    endloop
  endfacet
  facet normal 5.319645e-01 -8.467658e-01 1.208587e-03
    outer loop
      vertex   1.691342e-02 -6.711984e-02 9.550000e-02
      vertex   1.841223e-02 -6.615517e-02 1.116669e-01
      vertex   1.680616e-02 -6.716283e-02 1.125924e-01
    endloop
  endfacet
  facet normal 1.950902e-01 -9.807845e-01 -1.242478e-03
    outer loop
      vertex   1.691342e-02 -6.711984e-02 9.550000e-02
      vertex   1.680616e-02 -6.716283e-02 1.125924e-01
      vertex   1.500000e-02 -6.750044e-02 9.550000e-02
    endloop
  endfacet
  facet normal 1.847562e-01 -9.827844e-01 -1.109850e-04
    outer loop
      vertex   1.500000e-02 -6.750044e-02 9.550000e-02
      vertex   1.680616e-02 -6.716283e-02 1.125924e-01
      vertex   1.501097e-02 -6.750043e-02 1.136619e-01
    endloop
  endfacet
  facet normal 1.097413e-03 -9.999994e-01 -4.191208e-19
    outer loop
      vertex   1.500000e-02 -6.750044e-02 9.550000e-02
      vertex   1.501097e-02 -6.750043e-02 1.136619e-01
      vertex   1.500000e-02 -6.750044e-02 1.136686e-01
    endloop
  endfacet
  facet normal 0.000000e+00 -1.950903e-01 -9.807853e-01
    outer loop
      vertex   -1.500000e-02 -6.250044e-02 9.050000e-02
      vertex   1.500000e-02 -6.250044e-02 9.050000e-02
      vertex   -1.500000e-02 -6.441386e-02 9.088060e-02
    endloop
  endfacet
  facet normal 0.000000e+00 -1.950903e-01 -9.807853e-01
    outer loop
      vertex   -1.500000e-02 -6.441386e-02 9.088060e-02
      vertex   1.500000e-02 -6.250044e-02 9.050000e-02
      vertex   1.500000e-02 -6.441386e-02 9.088060e-02
    endloop
  endfacet
  facet normal 0.000000e+00 -5.555702e-01 -8.314696e-01
    outer loop
      vertex   -1.500000e-02 -6.441386e-02 9.088060e-02
      vertex   1.500000e-02 -6.441386e-02 9.088060e-02
      vertex   -1.500000e-02 -6.603598e-02 9.196447e-02
    endloop
  endfacet
  facet normal 0.000000e+00 -5.555702e-01 -8.314696e-01
    outer loop
      vertex   -1.500000e-02 -6.603598e-02 9.196447e-02
      vertex   1.500000e-02 -6.441386e-02 9.088060e-02
      vertex   1.500000e-02 -6.603598e-02 9.196447e-02
    endloop
  endfacet
  facet normal 0.000000e+00 -8.314696e-01 -5.555702e-01
    outer loop
      vertex   -1.500000e-02 -6.603598e-02 9.196447e-02
      vertex   1.500000e-02 -6.603598e-02 9.196447e-02
      vertex   -1.500000e-02 -6.711984e-02 9.358658e-02
    endloop
  endfacet
  facet normal 0.000000e+00 -8.314696e-01 -5.555702e-01
    outer loop
      vertex   -1.500000e-02 -6.711984e-02 9.358658e-02
      vertex   1.500000e-02 -6.603598e-02 9.196447e-02
      vertex   1.500000e-02 -6.711984e-02 9.358658e-02
    endloop
  endfacet
  facet normal 0.000000e+00 -9.807853e-01 -1.950903e-01
    outer loop
      vertex   -1.500000e-02 -6.711984e-02 9.358658e-02
      vertex   1.500000e-02 -6.711984e-02 9.358658e-02
      vertex   -1.500000e-02 -6.750044e-02 9.550000e-02
    endloop
  endfacet
  facet normal 0.000000e+00 -9.807853e-01 -1.950903e-01
    outer loop
      vertex   -1.500000e-02 -6.750044e-02 9.550000e-02
      vertex   1.500000e-02 -6.711984e-02 9.358658e-02
      vertex   1.500000e-02 -6.750044e-02 9.550000e-02
    endloop
  endfacet
  facet normal -1.097413e-03 -9.999994e-01 4.191208e-19
    outer loop
      vertex   -1.500000e-02 -6.750044e-02 1.136686e-01
      vertex   -1.501097e-02 -6.750043e-02 1.136619e-01
      vertex   -1.500000e-02 -6.750044e-02 9.550000e-02
    endloop
  endfacet
  facet normal -1.847562e-01 -9.827844e-01 -1.109850e-04
    outer loop
      vertex   -1.500000e-02 -6.750044e-02 9.550000e-02
      vertex   -1.501097e-02 -6.750043e-02 1.136619e-01
      vertex   -1.680616e-02 -6.716283e-02 1.125924e-01
    endloop
  endfacet
  facet normal -1.950902e-01 -9.807845e-01 -1.242478e-03
    outer loop
      vertex   -1.500000e-02 -6.750044e-02 9.550000e-02
      vertex   -1.680616e-02 -6.716283e-02 1.125924e-01
      vertex   -1.691342e-02 -6.711984e-02 9.550000e-02
    endloop
  endfacet
  facet normal -5.319645e-01 -8.467658e-01 1.208587e-03
    outer loop
      vertex   -1.691342e-02 -6.711984e-02 9.550000e-02
      vertex   -1.680616e-02 -6.716283e-02 1.125924e-01
      vertex   -1.841223e-02 -6.615517e-02 1.116669e-01
    endloop
  endfacet
  facet normal -5.555692e-01 -8.314681e-01 -1.892574e-03
    outer loop
      vertex   -1.691342e-02 -6.711984e-02 9.550000e-02
      vertex   -1.841223e-02 -6.615517e-02 1.116669e-01
      vertex   -1.853553e-02 -6.603598e-02 9.550000e-02
    endloop
  endfacet
  facet normal -8.149026e-01 -5.795947e-01 1.942241e-03
    outer loop
      vertex   -1.853553e-02 -6.603598e-02 9.550000e-02
      vertex   -1.841223e-02 -6.615517e-02 1.116669e-01
      vertex   -1.956942e-02 -6.453035e-02 1.110170e-01
    endloop
  endfacet
  facet normal -8.314687e-01 -5.555696e-01 -1.492718e-03
    outer loop
      vertex   -1.853553e-02 -6.603598e-02 9.550000e-02
      vertex   -1.956942e-02 -6.453035e-02 1.110170e-01
      vertex   -1.961940e-02 -6.441386e-02 9.550000e-02
    endloop
  endfacet
  facet normal -9.782713e-01 -2.073226e-01 1.594537e-03
    outer loop
      vertex   -1.961940e-02 -6.441386e-02 9.550000e-02
      vertex   -1.956942e-02 -6.453035e-02 1.110170e-01
      vertex   -2.000000e-02 -6.250044e-02 1.107786e-01
    endloop
  endfacet
  facet normal -9.807853e-01 -1.950903e-01 2.202338e-16
    outer loop
      vertex   -1.961940e-02 -6.441386e-02 9.550000e-02
      vertex   -2.000000e-02 -6.250044e-02 1.107786e-01
      vertex   -2.000000e-02 -6.250044e-02 9.550000e-02
    endloop
  endfacet
  facet normal 0.000000e+00 -0.000000e+00 -1.000000e+00
    outer loop
      vertex   1.500000e-02 -3.976538e-02 9.050000e-02
      vertex   1.500000e-02 -6.250044e-02 9.050000e-02
      vertex   9.126534e-03 -4.150895e-02 9.050000e-02
    endloop
  endfacet
  facet normal 0.000000e+00 -0.000000e+00 -1.000000e+00
    outer loop
      vertex   9.126534e-03 -4.150895e-02 9.050000e-02
      vertex   1.500000e-02 -6.250044e-02 9.050000e-02
      vertex   3.063399e-03 -4.238990e-02 9.050000e-02
    endloop
  endfacet
  facet normal 0.000000e+00 -0.000000e+00 -1.000000e+00
    outer loop
      vertex   3.063399e-03 -4.238990e-02 9.050000e-02
      vertex   1.500000e-02 -6.250044e-02 9.050000e-02
      vertex   -1.500000e-02 -6.250044e-02 9.050000e-02
    endloop
  endfacet
  facet normal -0.000000e+00 0.000000e+00 -1.000000e+00
    outer loop
      vertex   3.063399e-03 -4.238990e-02 9.050000e-02
      vertex   -1.500000e-02 -6.250044e-02 9.050000e-02
      vertex   -3.063399e-03 -4.238990e-02 9.050000e-02
    endloop
  endfacet
  facet normal -0.000000e+00 0.000000e+00 -1.000000e+00
    outer loop
      vertex   -3.063399e-03 -4.238990e-02 9.050000e-02
      vertex   -1.500000e-02 -6.250044e-02 9.050000e-02
      vertex   -9.126534e-03 -4.150895e-02 9.050000e-02
    endloop
  endfacet
  facet normal -0.000000e+00 0.000000e+00 -1.000000e+00
    outer loop
      vertex   -9.126534e-03 -4.150895e-02 9.050000e-02
      vertex   -1.500000e-02 -6.250044e-02 9.050000e-02
      vertex   -1.500000e-02 -3.976538e-02 9.050000e-02
    endloop
  endfacet
  facet normal 3.867889e-01 -9.154189e-01 -1.113672e-01
    outer loop
      vertex   1.730769e-02 -3.326745e-02 8.550000e-02
      vertex   1.724501e-02 -3.341766e-02 8.651693e-02
      vertex   1.178981e-02 -3.559891e-02 8.550000e-02
    endloop
  endfacet
  facet normal 4.023492e-01 -8.602726e-01 -3.131231e-01
    outer loop
      vertex   1.178981e-02 -3.559891e-02 8.550000e-02
      vertex   1.724501e-02 -3.341766e-02 8.651693e-02
      vertex   1.706613e-02 -3.385196e-02 8.748029e-02
    endloop
  endfacet
  facet normal 3.733588e-01 -9.070422e-01 -1.946219e-01
    outer loop
      vertex   1.178981e-02 -3.559891e-02 8.550000e-02
      vertex   1.706613e-02 -3.385196e-02 8.748029e-02
      vertex   1.190947e-02 -3.596021e-02 8.741342e-02
    endloop
  endfacet
  facet normal 3.121243e-01 -7.447286e-01 -5.898795e-01
    outer loop
      vertex   1.190947e-02 -3.596021e-02 8.741342e-02
      vertex   1.706613e-02 -3.385196e-02 8.748029e-02
      vertex   1.646501e-02 -3.538492e-02 8.909759e-02
    endloop
  endfacet
  facet normal 3.030220e-01 -7.746740e-01 -5.550297e-01
    outer loop
      vertex   1.190947e-02 -3.596021e-02 8.741342e-02
      vertex   1.646501e-02 -3.538492e-02 8.909759e-02
      vertex   1.225023e-02 -3.698911e-02 8.903553e-02
    endloop
  endfacet
  facet normal 2.004887e-01 -4.940264e-01 -8.460155e-01
    outer loop
      vertex   1.225023e-02 -3.698911e-02 8.903553e-02
      vertex   1.646501e-02 -3.538492e-02 8.909759e-02
      vertex   1.572240e-02 -3.746868e-02 9.013841e-02
    endloop
  endfacet
  facet normal 1.920223e-01 -5.215530e-01 -8.313302e-01
    outer loop
      vertex   1.225023e-02 -3.698911e-02 8.903553e-02
      vertex   1.572240e-02 -3.746868e-02 9.013841e-02
      vertex   1.276021e-02 -3.852897e-02 9.011940e-02
    endloop
  endfacet
  facet normal 6.945359e-02 -1.764286e-01 -9.818600e-01
    outer loop
      vertex   1.276021e-02 -3.852897e-02 9.011940e-02
      vertex   1.572240e-02 -3.746868e-02 9.013841e-02
      vertex   1.500000e-02 -3.976538e-02 9.050000e-02
    endloop
  endfacet
  facet normal 5.817008e-02 -1.959537e-01 -9.788863e-01
    outer loop
      vertex   1.276021e-02 -3.852897e-02 9.011940e-02
      vertex   1.500000e-02 -3.976538e-02 9.050000e-02
      vertex   9.126534e-03 -4.150895e-02 9.050000e-02
    endloop
  endfacet
  facet normal 4.374977e-02 -1.788823e-01 -9.828973e-01
    outer loop
      vertex   1.276021e-02 -3.852897e-02 9.011940e-02
      vertex   9.126534e-03 -4.150895e-02 9.050000e-02
      vertex   6.462557e-03 -4.006921e-02 9.011940e-02
    endloop
  endfacet
  facet normal 2.962182e-02 -2.038740e-01 -9.785489e-01
    outer loop
      vertex   6.462557e-03 -4.006921e-02 9.011940e-02
      vertex   9.126534e-03 -4.150895e-02 9.050000e-02
      vertex   3.063399e-03 -4.238990e-02 9.050000e-02
    endloop
  endfacet
  facet normal 1.463614e-02 -1.826650e-01 -9.830663e-01
    outer loop
      vertex   6.462557e-03 -4.006921e-02 9.011940e-02
      vertex   3.063399e-03 -4.238990e-02 9.050000e-02
      vertex   -2.485211e-18 -4.058703e-02 9.011940e-02
    endloop
  endfacet
  facet normal 0.000000e+00 -2.065567e-01 -9.784346e-01
    outer loop
      vertex   -2.485211e-18 -4.058703e-02 9.011940e-02
      vertex   3.063399e-03 -4.238990e-02 9.050000e-02
      vertex   -3.063399e-03 -4.238990e-02 9.050000e-02
    endloop
  endfacet
  facet normal -1.463614e-02 -1.826650e-01 -9.830663e-01
    outer loop
      vertex   -2.485211e-18 -4.058703e-02 9.011940e-02
      vertex   -3.063399e-03 -4.238990e-02 9.050000e-02
      vertex   -6.462557e-03 -4.006921e-02 9.011940e-02
    endloop
  endfacet
  facet normal -2.962182e-02 -2.038740e-01 -9.785489e-01
    outer loop
      vertex   -6.462557e-03 -4.006921e-02 9.011940e-02
      vertex   -3.063399e-03 -4.238990e-02 9.050000e-02
      vertex   -9.126534e-03 -4.150895e-02 9.050000e-02
    endloop
  endfacet
  facet normal -4.374977e-02 -1.788823e-01 -9.828973e-01
    outer loop
      vertex   -6.462557e-03 -4.006921e-02 9.011940e-02
      vertex   -9.126534e-03 -4.150895e-02 9.050000e-02
      vertex   -1.276021e-02 -3.852897e-02 9.011940e-02
    endloop
  endfacet
  facet normal -5.817008e-02 -1.959537e-01 -9.788863e-01
    outer loop
      vertex   -1.276021e-02 -3.852897e-02 9.011940e-02
      vertex   -9.126534e-03 -4.150895e-02 9.050000e-02
      vertex   -1.500000e-02 -3.976538e-02 9.050000e-02
    endloop
  endfacet
  facet normal -6.945724e-02 -1.764223e-01 -9.818609e-01
    outer loop
      vertex   -1.276021e-02 -3.852897e-02 9.011940e-02
      vertex   -1.500000e-02 -3.976538e-02 9.050000e-02
      vertex   -1.572237e-02 -3.746876e-02 9.013844e-02
    endloop
  endfacet
  facet normal -1.809972e-01 -4.903778e-01 -8.525078e-01
    outer loop
      vertex   -1.572237e-02 -3.746876e-02 9.013844e-02
      vertex   -1.646521e-02 -3.538465e-02 8.909734e-02
      vertex   -1.276021e-02 -3.852897e-02 9.011940e-02
    endloop
  endfacet
  facet normal -2.085304e-01 -5.158089e-01 -8.309370e-01
    outer loop
      vertex   -1.276021e-02 -3.852897e-02 9.011940e-02
      vertex   -1.646521e-02 -3.538465e-02 8.909734e-02
      vertex   -1.225023e-02 -3.698911e-02 8.903553e-02
    endloop
  endfacet
  facet normal -1.322793e-01 -5.408583e-01 -8.306470e-01
    outer loop
      vertex   -1.276021e-02 -3.852897e-02 9.011940e-02
      vertex   -1.225023e-02 -3.698911e-02 8.903553e-02
      vertex   -6.462557e-03 -4.006921e-02 9.011940e-02
    endloop
  endfacet
  facet normal -1.322793e-01 -5.408583e-01 -8.306470e-01
    outer loop
      vertex   -6.462557e-03 -4.006921e-02 9.011940e-02
      vertex   -1.225023e-02 -3.698911e-02 8.903553e-02
      vertex   -6.204269e-03 -3.846779e-02 8.903553e-02
    endloop
  endfacet
  facet normal -4.447135e-02 -5.550206e-01 -8.306470e-01
    outer loop
      vertex   -6.462557e-03 -4.006921e-02 9.011940e-02
      vertex   -6.204269e-03 -3.846779e-02 8.903553e-02
      vertex   -2.485211e-18 -4.058703e-02 9.011940e-02
    endloop
  endfacet
  facet normal -4.447135e-02 -5.550206e-01 -8.306470e-01
    outer loop
      vertex   -2.485211e-18 -4.058703e-02 9.011940e-02
      vertex   -6.204269e-03 -3.846779e-02 8.903553e-02
      vertex   -2.385885e-18 -3.896491e-02 8.903553e-02
    endloop
  endfacet
  facet normal 4.447135e-02 -5.550206e-01 -8.306470e-01
    outer loop
      vertex   -2.485211e-18 -4.058703e-02 9.011940e-02
      vertex   -2.385885e-18 -3.896491e-02 8.903553e-02
      vertex   6.462557e-03 -4.006921e-02 9.011940e-02
    endloop
  endfacet
  facet normal 4.447135e-02 -5.550206e-01 -8.306470e-01
    outer loop
      vertex   6.462557e-03 -4.006921e-02 9.011940e-02
      vertex   -2.385885e-18 -3.896491e-02 8.903553e-02
      vertex   6.204269e-03 -3.846779e-02 8.903553e-02
    endloop
  endfacet
  facet normal 1.322793e-01 -5.408583e-01 -8.306470e-01
    outer loop
      vertex   6.462557e-03 -4.006921e-02 9.011940e-02
      vertex   6.204269e-03 -3.846779e-02 8.903553e-02
      vertex   1.276021e-02 -3.852897e-02 9.011940e-02
    endloop
  endfacet
  facet normal 1.322793e-01 -5.408583e-01 -8.306470e-01
    outer loop
      vertex   1.276021e-02 -3.852897e-02 9.011940e-02
      vertex   6.204269e-03 -3.846779e-02 8.903553e-02
      vertex   1.225023e-02 -3.698911e-02 8.903553e-02
    endloop
  endfacet
  facet normal -2.926668e-01 -7.457935e-01 -5.984465e-01
    outer loop
      vertex   -1.646521e-02 -3.538465e-02 8.909734e-02
      vertex   -1.706615e-02 -3.385187e-02 8.748105e-02
      vertex   -1.225023e-02 -3.698911e-02 8.903553e-02
    endloop
  endfacet
  facet normal -3.211701e-01 -7.677476e-01 -5.544487e-01
    outer loop
      vertex   -1.225023e-02 -3.698911e-02 8.903553e-02
      vertex   -1.706615e-02 -3.385187e-02 8.748105e-02
      vertex   -1.190947e-02 -3.596021e-02 8.741342e-02
    endloop
  endfacet
  facet normal -1.977277e-01 -8.084611e-01 -5.543414e-01
    outer loop
      vertex   -1.225023e-02 -3.698911e-02 8.903553e-02
      vertex   -1.190947e-02 -3.596021e-02 8.741342e-02
      vertex   -6.204269e-03 -3.846779e-02 8.903553e-02
    endloop
  endfacet
  facet normal -1.977277e-01 -8.084611e-01 -5.543414e-01
    outer loop
      vertex   -6.204269e-03 -3.846779e-02 8.903553e-02
      vertex   -1.190947e-02 -3.596021e-02 8.741342e-02
      vertex   -6.031687e-03 -3.739775e-02 8.741342e-02
    endloop
  endfacet
  facet normal -6.647463e-02 -8.296305e-01 -5.543414e-01
    outer loop
      vertex   -6.204269e-03 -3.846779e-02 8.903553e-02
      vertex   -6.031687e-03 -3.739775e-02 8.741342e-02
      vertex   -2.385885e-18 -3.896491e-02 8.903553e-02
    endloop
  endfacet
  facet normal -6.647463e-02 -8.296305e-01 -5.543414e-01
    outer loop
      vertex   -2.385885e-18 -3.896491e-02 8.903553e-02
      vertex   -6.031687e-03 -3.739775e-02 8.741342e-02
      vertex   -2.319518e-18 -3.788105e-02 8.741342e-02
    endloop
  endfacet
  facet normal 6.647463e-02 -8.296305e-01 -5.543414e-01
    outer loop
      vertex   -2.385885e-18 -3.896491e-02 8.903553e-02
      vertex   -2.319518e-18 -3.788105e-02 8.741342e-02
      vertex   6.204269e-03 -3.846779e-02 8.903553e-02
    endloop
  endfacet
  facet normal 6.647463e-02 -8.296305e-01 -5.543414e-01
    outer loop
      vertex   6.204269e-03 -3.846779e-02 8.903553e-02
      vertex   -2.319518e-18 -3.788105e-02 8.741342e-02
      vertex   6.031687e-03 -3.739775e-02 8.741342e-02
    endloop
  endfacet
  facet normal 1.977277e-01 -8.084611e-01 -5.543414e-01
    outer loop
      vertex   6.204269e-03 -3.846779e-02 8.903553e-02
      vertex   6.031687e-03 -3.739775e-02 8.741342e-02
      vertex   1.225023e-02 -3.698911e-02 8.903553e-02
    endloop
  endfacet
  facet normal 1.977277e-01 -8.084611e-01 -5.543414e-01
    outer loop
      vertex   1.225023e-02 -3.698911e-02 8.903553e-02
      vertex   6.031687e-03 -3.739775e-02 8.741342e-02
      vertex   1.190947e-02 -3.596021e-02 8.741342e-02
    endloop
  endfacet
  facet normal -3.614139e-01 -8.735016e-01 -3.261518e-01
    outer loop
      vertex   -1.706615e-02 -3.385187e-02 8.748105e-02
      vertex   -1.724489e-02 -3.341786e-02 8.651676e-02
      vertex   -1.190947e-02 -3.596021e-02 8.741342e-02
    endloop
  endfacet
  facet normal -3.951755e-01 -8.978331e-01 -1.942473e-01
    outer loop
      vertex   -1.190947e-02 -3.596021e-02 8.741342e-02
      vertex   -1.724489e-02 -3.341786e-02 8.651676e-02
      vertex   -1.178981e-02 -3.559891e-02 8.550000e-02
    endloop
  endfacet
  facet normal -2.330343e-01 -9.528213e-01 -1.944907e-01
    outer loop
      vertex   -1.190947e-02 -3.596021e-02 8.741342e-02
      vertex   -1.178981e-02 -3.559891e-02 8.550000e-02
      vertex   -6.031687e-03 -3.739775e-02 8.741342e-02
    endloop
  endfacet
  facet normal -2.330343e-01 -9.528213e-01 -1.944907e-01
    outer loop
      vertex   -6.031687e-03 -3.739775e-02 8.741342e-02
      vertex   -1.178981e-02 -3.559891e-02 8.550000e-02
      vertex   -5.971084e-03 -3.702201e-02 8.550000e-02
    endloop
  endfacet
  facet normal -7.834445e-02 -9.777707e-01 -1.944907e-01
    outer loop
      vertex   -6.031687e-03 -3.739775e-02 8.741342e-02
      vertex   -5.971084e-03 -3.702201e-02 8.550000e-02
      vertex   -2.319518e-18 -3.788105e-02 8.741342e-02
    endloop
  endfacet
  facet normal -7.834445e-02 -9.777707e-01 -1.944907e-01
    outer loop
      vertex   -2.319518e-18 -3.788105e-02 8.741342e-02
      vertex   -5.971084e-03 -3.702201e-02 8.550000e-02
      vertex   -6.030460e-18 -3.750044e-02 8.550000e-02
    endloop
  endfacet
  facet normal 7.834445e-02 -9.777707e-01 -1.944907e-01
    outer loop
      vertex   -2.319518e-18 -3.788105e-02 8.741342e-02
      vertex   -6.030460e-18 -3.750044e-02 8.550000e-02
      vertex   6.031687e-03 -3.739775e-02 8.741342e-02
    endloop
  endfacet
  facet normal 7.834445e-02 -9.777707e-01 -1.944907e-01
    outer loop
      vertex   6.031687e-03 -3.739775e-02 8.741342e-02
      vertex   -6.030460e-18 -3.750044e-02 8.550000e-02
      vertex   5.971084e-03 -3.702201e-02 8.550000e-02
    endloop
  endfacet
  facet normal 2.330343e-01 -9.528213e-01 -1.944907e-01
    outer loop
      vertex   6.031687e-03 -3.739775e-02 8.741342e-02
      vertex   5.971084e-03 -3.702201e-02 8.550000e-02
      vertex   1.190947e-02 -3.596021e-02 8.741342e-02
    endloop
  endfacet
  facet normal 2.330343e-01 -9.528213e-01 -1.944907e-01
    outer loop
      vertex   1.190947e-02 -3.596021e-02 8.741342e-02
      vertex   5.971084e-03 -3.702201e-02 8.550000e-02
      vertex   1.178981e-02 -3.559891e-02 8.550000e-02
    endloop
  endfacet
  facet normal -3.867819e-01 -9.154024e-01 -1.115268e-01
    outer loop
      vertex   -1.724489e-02 -3.341786e-02 8.651676e-02
      vertex   -1.730769e-02 -3.326745e-02 8.550000e-02
      vertex   -1.178981e-02 -3.559891e-02 8.550000e-02
    endloop
  endfacet
  facet normal -1.000000e+00 2.737860e-16 3.373025e-16
    outer loop
      vertex   -2.000000e-02 -3.172189e-02 9.221414e-02
      vertex   -2.000000e-02 -3.344880e-02 9.361586e-02
      vertex   -2.000000e-02 -3.172189e-02 1.025000e-01
    endloop
  endfacet
  facet normal -1.000000e+00 -1.412155e-15 6.650171e-16
    outer loop
      vertex   -2.000000e-02 -3.172189e-02 1.025000e-01
      vertex   -2.000000e-02 -3.344880e-02 9.361586e-02
      vertex   -2.000000e-02 -3.541900e-02 9.464923e-02
    endloop
  endfacet
  facet normal -1.000000e+00 1.426966e-15 -6.719920e-16
    outer loop
      vertex   -2.000000e-02 -3.172189e-02 1.025000e-01
      vertex   -2.000000e-02 -3.541900e-02 9.464923e-02
      vertex   -2.000000e-02 -3.755112e-02 9.528463e-02
    endloop
  endfacet
  facet normal -1.000000e+00 -1.409353e-15 1.619445e-15
    outer loop
      vertex   -2.000000e-02 -3.755112e-02 9.528463e-02
      vertex   -2.000000e-02 -3.976538e-02 9.550000e-02
      vertex   -2.000000e-02 -3.172189e-02 1.025000e-01
    endloop
  endfacet
  facet normal -1.000000e+00 -0.000000e+00 0.000000e+00
    outer loop
      vertex   -2.000000e-02 -3.172189e-02 1.025000e-01
      vertex   -2.000000e-02 -3.976538e-02 9.550000e-02
      vertex   -2.000000e-02 -4.750044e-02 1.025000e-01
    endloop
  endfacet
  facet normal -1.000000e+00 0.000000e+00 -0.000000e+00
    outer loop
      vertex   -2.000000e-02 -4.750044e-02 1.025000e-01
      vertex   -2.000000e-02 -3.976538e-02 9.550000e-02
      vertex   -2.000000e-02 -6.250044e-02 9.550000e-02
    endloop
  endfacet
  facet normal -1.000000e+00 -1.059704e-16 2.270795e-16
    outer loop
      vertex   -2.000000e-02 -4.750044e-02 1.025000e-01
      vertex   -2.000000e-02 -6.250044e-02 9.550000e-02
      vertex   -2.000000e-02 -6.250044e-02 1.107786e-01
    endloop
  endfacet
  facet normal -1.000000e+00 0.000000e+00 4.190884e-16
    outer loop
      vertex   -2.000000e-02 -6.250044e-02 1.107786e-01
      vertex   -2.000000e-02 -4.750044e-02 1.107786e-01
      vertex   -2.000000e-02 -4.750044e-02 1.025000e-01
    endloop
  endfacet
  facet normal 8.054650e-02 9.775986e-01 -1.944564e-01
    outer loop
      vertex   1.500000e-02 6.711895e-02 9.358658e-02
      vertex   1.500000e-02 6.749956e-02 9.550000e-02
      vertex   1.635299e-02 6.711895e-02 9.414701e-02
    endloop
  endfacet
  facet normal 1.944564e-01 9.775986e-01 -8.054650e-02
    outer loop
      vertex   1.635299e-02 6.711895e-02 9.414701e-02
      vertex   1.500000e-02 6.749956e-02 9.550000e-02
      vertex   1.691342e-02 6.711895e-02 9.550000e-02
    endloop
  endfacet
  facet normal 5.414191e-01 8.102909e-01 -2.242631e-01
    outer loop
      vertex   1.635299e-02 6.711895e-02 9.414701e-02
      vertex   1.691342e-02 6.711895e-02 9.550000e-02
      vertex   1.853553e-02 6.603509e-02 9.550000e-02
    endloop
  endfacet
  facet normal 8.314696e-01 5.555702e-01 4.364969e-05
    outer loop
      vertex   1.961940e-02 6.441297e-02 9.550000e-02
      vertex   1.871912e-02 6.576040e-02 9.476850e-02
      vertex   1.853553e-02 6.603509e-02 9.550000e-02
    endloop
  endfacet
  facet normal 4.817234e-01 8.533040e-01 -1.995364e-01
    outer loop
      vertex   1.853553e-02 6.603509e-02 9.550000e-02
      vertex   1.871912e-02 6.576040e-02 9.476850e-02
      vertex   1.750000e-02 6.603509e-02 9.300000e-02
    endloop
  endfacet
  facet normal 5.414191e-01 8.102909e-01 -2.242631e-01
    outer loop
      vertex   1.853553e-02 6.603509e-02 9.550000e-02
      vertex   1.750000e-02 6.603509e-02 9.300000e-02
      vertex   1.635299e-02 6.711895e-02 9.414701e-02
    endloop
  endfacet
  facet normal 2.242631e-01 8.102909e-01 -5.414191e-01
    outer loop
      vertex   1.635299e-02 6.711895e-02 9.414701e-02
      vertex   1.750000e-02 6.603509e-02 9.300000e-02
      vertex   1.500000e-02 6.711895e-02 9.358658e-02
    endloop
  endfacet
  facet normal 8.594863e-01 4.822211e-01 -1.695469e-01
    outer loop
      vertex   1.871912e-02 6.576040e-02 9.476850e-02
      vertex   1.961940e-02 6.441297e-02 9.550000e-02
      vertex   1.947277e-02 6.414115e-02 9.398359e-02
    endloop
  endfacet
  facet normal 9.726252e-01 1.934672e-01 -1.287272e-01
    outer loop
      vertex   1.947277e-02 6.414115e-02 9.398359e-02
      vertex   1.961940e-02 6.441297e-02 9.550000e-02
      vertex   2.000000e-02 6.249956e-02 9.550000e-02
    endloop
  endfacet
  facet normal 9.719958e-01 1.335778e-01 -1.933420e-01
    outer loop
      vertex   1.947277e-02 6.414115e-02 9.398359e-02
      vertex   2.000000e-02 6.249956e-02 9.550000e-02
      vertex   1.961940e-02 6.249956e-02 9.358658e-02
    endloop
  endfacet
  facet normal 8.206869e-01 2.025172e-01 -5.342843e-01
    outer loop
      vertex   1.947277e-02 6.414115e-02 9.398359e-02
      vertex   1.961940e-02 6.249956e-02 9.358658e-02
      vertex   1.826641e-02 6.441297e-02 9.223359e-02
    endloop
  endfacet
  facet normal 8.160845e-01 1.914805e-01 -5.452902e-01
    outer loop
      vertex   1.826641e-02 6.441297e-02 9.223359e-02
      vertex   1.961940e-02 6.249956e-02 9.358658e-02
      vertex   1.853553e-02 6.249956e-02 9.196447e-02
    endloop
  endfacet
  facet normal 5.452902e-01 1.914805e-01 -8.160845e-01
    outer loop
      vertex   1.826641e-02 6.441297e-02 9.223359e-02
      vertex   1.853553e-02 6.249956e-02 9.196447e-02
      vertex   1.691342e-02 6.249956e-02 9.088060e-02
    endloop
  endfacet
  facet normal 5.342843e-01 2.025172e-01 -8.206869e-01
    outer loop
      vertex   1.826641e-02 6.441297e-02 9.223359e-02
      vertex   1.691342e-02 6.249956e-02 9.088060e-02
      vertex   1.651641e-02 6.414115e-02 9.102723e-02
    endloop
  endfacet
  facet normal 1.933420e-01 1.335778e-01 -9.719958e-01
    outer loop
      vertex   1.651641e-02 6.414115e-02 9.102723e-02
      vertex   1.691342e-02 6.249956e-02 9.088060e-02
      vertex   1.500000e-02 6.249956e-02 9.050000e-02
    endloop
  endfacet
  facet normal 1.287272e-01 1.934672e-01 -9.726252e-01
    outer loop
      vertex   1.651641e-02 6.414115e-02 9.102723e-02
      vertex   1.500000e-02 6.249956e-02 9.050000e-02
      vertex   1.500000e-02 6.441297e-02 9.088060e-02
    endloop
  endfacet
  facet normal 1.695469e-01 4.822211e-01 -8.594863e-01
    outer loop
      vertex   1.651641e-02 6.414115e-02 9.102723e-02
      vertex   1.500000e-02 6.441297e-02 9.088060e-02
      vertex   1.573150e-02 6.576040e-02 9.178088e-02
    endloop
  endfacet
  facet normal -4.364969e-05 5.555702e-01 -8.314696e-01
    outer loop
      vertex   1.573150e-02 6.576040e-02 9.178088e-02
      vertex   1.500000e-02 6.441297e-02 9.088060e-02
      vertex   1.500000e-02 6.603509e-02 9.196447e-02
    endloop
  endfacet
  facet normal 1.702803e-01 8.193266e-01 -5.474565e-01
    outer loop
      vertex   1.573150e-02 6.576040e-02 9.178088e-02
      vertex   1.500000e-02 6.603509e-02 9.196447e-02
      vertex   1.500000e-02 6.711895e-02 9.358658e-02
    endloop
  endfacet
  facet normal 7.288893e-01 5.420039e-01 -4.182729e-01
    outer loop
      vertex   1.871912e-02 6.576040e-02 9.476850e-02
      vertex   1.947277e-02 6.414115e-02 9.398359e-02
      vertex   1.750000e-02 6.603509e-02 9.300000e-02
    endloop
  endfacet
  facet normal 7.288893e-01 5.420039e-01 -4.182729e-01
    outer loop
      vertex   1.750000e-02 6.603509e-02 9.300000e-02
      vertex   1.947277e-02 6.414115e-02 9.398359e-02
      vertex   1.826641e-02 6.441297e-02 9.223359e-02
    endloop
  endfacet
  facet normal 4.182729e-01 5.420039e-01 -7.288893e-01
    outer loop
      vertex   1.750000e-02 6.603509e-02 9.300000e-02
      vertex   1.826641e-02 6.441297e-02 9.223359e-02
      vertex   1.573150e-02 6.576040e-02 9.178088e-02
    endloop
  endfacet
  facet normal 4.182729e-01 5.420039e-01 -7.288893e-01
    outer loop
      vertex   1.573150e-02 6.576040e-02 9.178088e-02
      vertex   1.826641e-02 6.441297e-02 9.223359e-02
      vertex   1.651641e-02 6.414115e-02 9.102723e-02
    endloop
  endfacet
  facet normal 2.329173e-01 8.201033e-01 -5.226663e-01
    outer loop
      vertex   1.500000e-02 6.711895e-02 9.358658e-02
      vertex   1.750000e-02 6.603509e-02 9.300000e-02
      vertex   1.573150e-02 6.576040e-02 9.178088e-02
    endloop
  endfacet
  facet normal 9.807853e-01 0.000000e+00 -1.950903e-01
    outer loop
      vertex   2.000000e-02 6.249956e-02 9.550000e-02
      vertex   2.000000e-02 3.976449e-02 9.550000e-02
      vertex   1.961940e-02 6.249956e-02 9.358658e-02
    endloop
  endfacet
  facet normal 9.807853e-01 0.000000e+00 -1.950903e-01
    outer loop
      vertex   1.961940e-02 6.249956e-02 9.358658e-02
      vertex   2.000000e-02 3.976449e-02 9.550000e-02
      vertex   1.961940e-02 3.976449e-02 9.358658e-02
    endloop
  endfacet
  facet normal 8.314696e-01 0.000000e+00 -5.555702e-01
    outer loop
      vertex   1.961940e-02 6.249956e-02 9.358658e-02
      vertex   1.961940e-02 3.976449e-02 9.358658e-02
      vertex   1.853553e-02 6.249956e-02 9.196447e-02
    endloop
  endfacet
  facet normal 8.314696e-01 0.000000e+00 -5.555702e-01
    outer loop
      vertex   1.853553e-02 6.249956e-02 9.196447e-02
      vertex   1.961940e-02 3.976449e-02 9.358658e-02
      vertex   1.853553e-02 3.976449e-02 9.196447e-02
    endloop
  endfacet
  facet normal 5.555702e-01 0.000000e+00 -8.314696e-01
    outer loop
      vertex   1.853553e-02 6.249956e-02 9.196447e-02
      vertex   1.853553e-02 3.976449e-02 9.196447e-02
      vertex   1.691342e-02 6.249956e-02 9.088060e-02
    endloop
  endfacet
  facet normal 5.555702e-01 0.000000e+00 -8.314696e-01
    outer loop
      vertex   1.691342e-02 6.249956e-02 9.088060e-02
      vertex   1.853553e-02 3.976449e-02 9.196447e-02
      vertex   1.691342e-02 3.976449e-02 9.088060e-02
    endloop
  endfacet
  facet normal 1.950903e-01 0.000000e+00 -9.807853e-01
    outer loop
      vertex   1.691342e-02 6.249956e-02 9.088060e-02
      vertex   1.691342e-02 3.976449e-02 9.088060e-02
      vertex   1.500000e-02 6.249956e-02 9.050000e-02
    endloop
  endfacet
  facet normal 1.950903e-01 0.000000e+00 -9.807853e-01
    outer loop
      vertex   1.500000e-02 6.249956e-02 9.050000e-02
      vertex   1.691342e-02 3.976449e-02 9.088060e-02
      vertex   1.500000e-02 3.976449e-02 9.050000e-02
    endloop
  endfacet
  facet normal 9.915030e-01 -8.406149e-02 -9.927507e-02
    outer loop
      vertex   1.982110e-02 3.183334e-02 9.033227e-02
      vertex   1.992298e-02 3.198353e-02 9.122261e-02
      vertex   2.000000e-02 3.172100e-02 9.221414e-02
    endloop
  endfacet
  facet normal 9.963286e-01 5.938096e-02 -6.167023e-02
    outer loop
      vertex   2.000000e-02 3.172100e-02 9.221414e-02
      vertex   1.992298e-02 3.198353e-02 9.122261e-02
      vertex   1.991293e-02 3.350254e-02 9.252288e-02
    endloop
  endfacet
  facet normal 9.951740e-01 6.184034e-02 -7.618693e-02
    outer loop
      vertex   2.000000e-02 3.172100e-02 9.221414e-02
      vertex   1.991293e-02 3.350254e-02 9.252288e-02
      vertex   2.000000e-02 3.344791e-02 9.361585e-02
    endloop
  endfacet
  facet normal 9.958189e-01 4.936598e-02 -7.686181e-02
    outer loop
      vertex   2.000000e-02 3.344791e-02 9.361585e-02
      vertex   1.991293e-02 3.350254e-02 9.252288e-02
      vertex   1.990174e-02 3.524641e-02 9.349788e-02
    endloop
  endfacet
  facet normal 9.945789e-01 4.829962e-02 -9.208632e-02
    outer loop
      vertex   2.000000e-02 3.344791e-02 9.361585e-02
      vertex   1.990174e-02 3.524641e-02 9.349788e-02
      vertex   2.000000e-02 3.541811e-02 9.464923e-02
    endloop
  endfacet
  facet normal 9.952611e-01 3.603434e-02 -9.031545e-02
    outer loop
      vertex   2.000000e-02 3.541811e-02 9.464923e-02
      vertex   1.990174e-02 3.524641e-02 9.349788e-02
      vertex   1.989000e-02 3.713653e-02 9.412264e-02
    endloop
  endfacet
  facet normal 9.939495e-01 3.136978e-02 -1.052631e-01
    outer loop
      vertex   2.000000e-02 3.541811e-02 9.464923e-02
      vertex   1.989000e-02 3.713653e-02 9.412264e-02
      vertex   2.000000e-02 3.755023e-02 9.528463e-02
    endloop
  endfacet
  facet normal 9.946910e-01 1.938098e-02 -1.010650e-01
    outer loop
      vertex   2.000000e-02 3.755023e-02 9.528463e-02
      vertex   1.989000e-02 3.713653e-02 9.412264e-02
      vertex   1.987820e-02 3.909966e-02 9.438302e-02
    endloop
  endfacet
  facet normal 9.933063e-01 1.118218e-02 -1.149676e-01
    outer loop
      vertex   2.000000e-02 3.755023e-02 9.528463e-02
      vertex   1.987820e-02 3.909966e-02 9.438302e-02
      vertex   2.000000e-02 3.976449e-02 9.550000e-02
    endloop
  endfacet
  facet normal 9.702045e-01 1.464912e-01 -1.929857e-01
    outer loop
      vertex   2.000000e-02 3.976449e-02 9.550000e-02
      vertex   1.987820e-02 3.909966e-02 9.438302e-02
      vertex   1.961940e-02 3.976449e-02 9.358658e-02
    endloop
  endfacet
  facet normal 9.329491e-01 -6.171230e-02 -3.546794e-01
    outer loop
      vertex   1.961940e-02 3.976449e-02 9.358658e-02
      vertex   1.987820e-02 3.909966e-02 9.438302e-02
      vertex   1.939494e-02 3.918228e-02 9.309748e-02
    endloop
  endfacet
  facet normal 8.227262e-01 1.446395e-01 -5.497281e-01
    outer loop
      vertex   1.961940e-02 3.976449e-02 9.358658e-02
      vertex   1.939494e-02 3.918228e-02 9.309748e-02
      vertex   1.853553e-02 3.976449e-02 9.196447e-02
    endloop
  endfacet
  facet normal 8.051404e-01 3.649467e-02 -5.919604e-01
    outer loop
      vertex   1.853553e-02 3.976449e-02 9.196447e-02
      vertex   1.939494e-02 3.918228e-02 9.309748e-02
      vertex   1.857884e-02 3.925334e-02 9.199185e-02
    endloop
  endfacet
  facet normal 6.571182e-01 1.529214e-02 -7.536324e-01
    outer loop
      vertex   1.853553e-02 3.976449e-02 9.196447e-02
      vertex   1.857884e-02 3.925334e-02 9.199185e-02
      vertex   1.797749e-02 3.928700e-02 9.146820e-02
    endloop
  endfacet
  facet normal 6.553492e-01 1.284174e-01 -7.443295e-01
    outer loop
      vertex   1.797749e-02 3.928700e-02 9.146820e-02
      vertex   1.857884e-02 3.925334e-02 9.199185e-02
      vertex   1.816057e-02 3.784583e-02 9.138075e-02
    endloop
  endfacet
  facet normal 5.104252e-01 1.165400e-01 -8.519886e-01
    outer loop
      vertex   1.797749e-02 3.928700e-02 9.146820e-02
      vertex   1.816057e-02 3.784583e-02 9.138075e-02
      vertex   1.691446e-02 3.803237e-02 9.065972e-02
    endloop
  endfacet
  facet normal 5.100224e-01 3.183471e-01 -7.990821e-01
    outer loop
      vertex   1.691446e-02 3.803237e-02 9.065972e-02
      vertex   1.816057e-02 3.784583e-02 9.138075e-02
      vertex   1.720916e-02 3.674396e-02 9.033453e-02
    endloop
  endfacet
  facet normal 2.635673e-01 2.923142e-01 -9.192849e-01
    outer loop
      vertex   1.691446e-02 3.803237e-02 9.065972e-02
      vertex   1.720916e-02 3.674396e-02 9.033453e-02
      vertex   1.572236e-02 3.746787e-02 9.013844e-02
    endloop
  endfacet
  facet normal 3.292128e-01 4.515123e-01 -8.293103e-01
    outer loop
      vertex   1.572236e-02 3.746787e-02 9.013844e-02
      vertex   1.720916e-02 3.674396e-02 9.033453e-02
      vertex   1.749765e-02 3.552185e-02 8.978368e-02
    endloop
  endfacet
  facet normal 4.230763e-01 5.210901e-01 -7.412635e-01
    outer loop
      vertex   1.572236e-02 3.746787e-02 9.013844e-02
      vertex   1.749765e-02 3.552185e-02 8.978368e-02
      vertex   1.646520e-02 3.538376e-02 8.909734e-02
    endloop
  endfacet
  facet normal 3.905255e-01 5.904952e-01 -7.062615e-01
    outer loop
      vertex   1.646520e-02 3.538376e-02 8.909734e-02
      vertex   1.749765e-02 3.552185e-02 8.978368e-02
      vertex   1.776280e-02 3.443021e-02 8.901760e-02
    endloop
  endfacet
  facet normal 4.949798e-01 7.148786e-01 -4.939064e-01
    outer loop
      vertex   1.646520e-02 3.538376e-02 8.909734e-02
      vertex   1.776280e-02 3.443021e-02 8.901760e-02
      vertex   1.706615e-02 3.385098e-02 8.748105e-02
    endloop
  endfacet
  facet normal 4.735424e-01 7.315662e-01 -4.904778e-01
    outer loop
      vertex   1.706615e-02 3.385098e-02 8.748105e-02
      vertex   1.776280e-02 3.443021e-02 8.901760e-02
      vertex   1.808417e-02 3.314514e-02 8.741112e-02
    endloop
  endfacet
  facet normal 5.378507e-01 8.015915e-01 -2.610892e-01
    outer loop
      vertex   1.706615e-02 3.385098e-02 8.748105e-02
      vertex   1.808417e-02 3.314514e-02 8.741112e-02
      vertex   1.724489e-02 3.341697e-02 8.651677e-02
    endloop
  endfacet
  facet normal 5.839784e-01 7.454115e-01 -3.214512e-01
    outer loop
      vertex   1.724489e-02 3.341697e-02 8.651677e-02
      vertex   1.808417e-02 3.314514e-02 8.741112e-02
      vertex   1.843976e-02 3.265267e-02 8.691514e-02
    endloop
  endfacet
  facet normal 5.572981e-01 8.257009e-01 -8.738933e-02
    outer loop
      vertex   1.724489e-02 3.341697e-02 8.651677e-02
      vertex   1.843976e-02 3.265267e-02 8.691514e-02
      vertex   1.731710e-02 3.326167e-02 8.550988e-02
    endloop
  endfacet
  facet normal 9.583409e-01 2.426970e-01 -1.506014e-01
    outer loop
      vertex   1.992298e-02 3.198353e-02 9.122261e-02
      vertex   1.982110e-02 3.183334e-02 9.033227e-02
      vertex   1.961474e-02 3.276413e-02 9.051908e-02
    endloop
  endfacet
  facet normal 9.390351e-01 2.545722e-01 -2.310977e-01
    outer loop
      vertex   1.961474e-02 3.276413e-02 9.051908e-02
      vertex   1.982110e-02 3.183334e-02 9.033227e-02
      vertex   1.929205e-02 3.215650e-02 8.853855e-02
    endloop
  endfacet
  facet normal 8.728540e-01 4.081696e-01 -2.674389e-01
    outer loop
      vertex   1.961474e-02 3.276413e-02 9.051908e-02
      vertex   1.929205e-02 3.215650e-02 8.853855e-02
      vertex   1.908512e-02 3.347620e-02 8.987732e-02
    endloop
  endfacet
  facet normal 7.773683e-01 5.038899e-01 -3.765548e-01
    outer loop
      vertex   1.908512e-02 3.347620e-02 8.987732e-02
      vertex   1.929205e-02 3.215650e-02 8.853855e-02
      vertex   1.868688e-02 3.384333e-02 8.954646e-02
    endloop
  endfacet
  facet normal 7.767596e-01 4.181929e-01 -4.709132e-01
    outer loop
      vertex   1.908512e-02 3.347620e-02 8.987732e-02
      vertex   1.868688e-02 3.384333e-02 8.954646e-02
      vertex   1.896989e-02 3.475540e-02 9.082324e-02
    endloop
  endfacet
  facet normal 7.490005e-01 4.492855e-01 -4.869711e-01
    outer loop
      vertex   1.896989e-02 3.475540e-02 9.082324e-02
      vertex   1.868688e-02 3.384333e-02 8.954646e-02
      vertex   1.852430e-02 3.505612e-02 9.041532e-02
    endloop
  endfacet
  facet normal 7.491276e-01 3.342653e-01 -5.719043e-01
    outer loop
      vertex   1.896989e-02 3.475540e-02 9.082324e-02
      vertex   1.852430e-02 3.505612e-02 9.041532e-02
      vertex   1.884261e-02 3.619358e-02 9.149710e-02
    endloop
  endfacet
  facet normal 7.185003e-01 3.631082e-01 -5.932198e-01
    outer loop
      vertex   1.884261e-02 3.619358e-02 9.149710e-02
      vertex   1.852430e-02 3.505612e-02 9.041532e-02
      vertex   1.834547e-02 3.641459e-02 9.103025e-02
    endloop
  endfacet
  facet normal 7.186004e-01 2.304347e-01 -6.561351e-01
    outer loop
      vertex   1.884261e-02 3.619358e-02 9.149710e-02
      vertex   1.834547e-02 3.641459e-02 9.103025e-02
      vertex   1.871039e-02 3.771497e-02 9.188660e-02
    endloop
  endfacet
  facet normal 6.868372e-01 2.553736e-01 -6.804697e-01
    outer loop
      vertex   1.871039e-02 3.771497e-02 9.188660e-02
      vertex   1.834547e-02 3.641459e-02 9.103025e-02
      vertex   1.816057e-02 3.784583e-02 9.138075e-02
    endloop
  endfacet
  facet normal 6.869046e-01 1.079090e-01 -7.186917e-01
    outer loop
      vertex   1.871039e-02 3.771497e-02 9.188660e-02
      vertex   1.816057e-02 3.784583e-02 9.138075e-02
      vertex   1.857884e-02 3.925334e-02 9.199185e-02
    endloop
  endfacet
  facet normal 8.439243e-01 4.638285e-01 -2.695459e-01
    outer loop
      vertex   1.868688e-02 3.384333e-02 8.954646e-02
      vertex   1.929205e-02 3.215650e-02 8.853855e-02
      vertex   1.888175e-02 3.241824e-02 8.770431e-02
    endloop
  endfacet
  facet normal 2.189554e-01 -8.950518e-01 -3.885109e-01
    outer loop
      vertex   1.888175e-02 3.241824e-02 8.770431e-02
      vertex   1.929205e-02 3.215650e-02 8.853855e-02
      vertex   1.843976e-02 3.265267e-02 8.691514e-02
    endloop
  endfacet
  facet normal 6.983015e-01 6.912848e-01 -1.857429e-01
    outer loop
      vertex   1.888175e-02 3.241824e-02 8.770431e-02
      vertex   1.843976e-02 3.265267e-02 8.691514e-02
      vertex   1.808417e-02 3.314514e-02 8.741112e-02
    endloop
  endfacet
  facet normal 5.336171e-01 8.407714e-01 -9.141188e-02
    outer loop
      vertex   1.731710e-02 3.326167e-02 8.550988e-02
      vertex   1.730769e-02 3.326656e-02 8.550000e-02
      vertex   1.724489e-02 3.341697e-02 8.651677e-02
    endloop
  endfacet
  facet normal 2.924277e-01 2.377988e-01 -9.262493e-01
    outer loop
      vertex   1.572236e-02 3.746787e-02 9.013844e-02
      vertex   1.500000e-02 3.976449e-02 9.050000e-02
      vertex   1.691446e-02 3.803237e-02 9.065972e-02
    endloop
  endfacet
  facet normal 1.854040e-01 1.149288e-01 -9.759184e-01
    outer loop
      vertex   1.691446e-02 3.803237e-02 9.065972e-02
      vertex   1.500000e-02 3.976449e-02 9.050000e-02
      vertex   1.662632e-02 3.933265e-02 9.075811e-02
    endloop
  endfacet
  facet normal 4.630113e-01 1.684476e-01 -8.701988e-01
    outer loop
      vertex   1.691446e-02 3.803237e-02 9.065972e-02
      vertex   1.662632e-02 3.933265e-02 9.075811e-02
      vertex   1.797749e-02 3.928700e-02 9.146820e-02
    endloop
  endfacet
  facet normal 4.629463e-01 -5.687554e-02 -8.845597e-01
    outer loop
      vertex   1.797749e-02 3.928700e-02 9.146820e-02
      vertex   1.662632e-02 3.933265e-02 9.075811e-02
      vertex   1.691342e-02 3.976449e-02 9.088060e-02
    endloop
  endfacet
  facet normal 5.431729e-01 2.100748e-01 -8.129156e-01
    outer loop
      vertex   1.797749e-02 3.928700e-02 9.146820e-02
      vertex   1.691342e-02 3.976449e-02 9.088060e-02
      vertex   1.853553e-02 3.976449e-02 9.196447e-02
    endloop
  endfacet
  facet normal 1.929742e-01 1.468880e-01 -9.701468e-01
    outer loop
      vertex   1.500000e-02 3.976449e-02 9.050000e-02
      vertex   1.691342e-02 3.976449e-02 9.088060e-02
      vertex   1.662632e-02 3.933265e-02 9.075811e-02
    endloop
  endfacet
  facet normal 6.041589e-01 5.508419e-01 -5.758170e-01
    outer loop
      vertex   1.749765e-02 3.552185e-02 8.978368e-02
      vertex   1.852430e-02 3.505612e-02 9.041532e-02
      vertex   1.776280e-02 3.443021e-02 8.901760e-02
    endloop
  endfacet
  facet normal 6.469657e-01 4.994928e-01 -5.761443e-01
    outer loop
      vertex   1.776280e-02 3.443021e-02 8.901760e-02
      vertex   1.852430e-02 3.505612e-02 9.041532e-02
      vertex   1.868688e-02 3.384333e-02 8.954646e-02
    endloop
  endfacet
  facet normal 6.429678e-01 6.556564e-01 -3.958625e-01
    outer loop
      vertex   1.776280e-02 3.443021e-02 8.901760e-02
      vertex   1.868688e-02 3.384333e-02 8.954646e-02
      vertex   1.808417e-02 3.314514e-02 8.741112e-02
    endloop
  endfacet
  facet normal 6.941148e-01 6.030563e-01 -3.931002e-01
    outer loop
      vertex   1.808417e-02 3.314514e-02 8.741112e-02
      vertex   1.868688e-02 3.384333e-02 8.954646e-02
      vertex   1.888175e-02 3.241824e-02 8.770431e-02
    endloop
  endfacet
  facet normal 6.045758e-01 3.931669e-01 -6.927539e-01
    outer loop
      vertex   1.852430e-02 3.505612e-02 9.041532e-02
      vertex   1.749765e-02 3.552185e-02 8.978368e-02
      vertex   1.834547e-02 3.641459e-02 9.103025e-02
    endloop
  endfacet
  facet normal 5.577636e-01 4.469124e-01 -6.994062e-01
    outer loop
      vertex   1.834547e-02 3.641459e-02 9.103025e-02
      vertex   1.749765e-02 3.552185e-02 8.978368e-02
      vertex   1.720916e-02 3.674396e-02 9.033453e-02
    endloop
  endfacet
  facet normal 5.581852e-01 2.646862e-01 -7.863654e-01
    outer loop
      vertex   1.834547e-02 3.641459e-02 9.103025e-02
      vertex   1.720916e-02 3.674396e-02 9.033453e-02
      vertex   1.816057e-02 3.784583e-02 9.138075e-02
    endloop
  endfacet
  facet normal 8.738987e-01 3.208864e-01 -3.651478e-01
    outer loop
      vertex   1.961474e-02 3.276413e-02 9.051908e-02
      vertex   1.908512e-02 3.347620e-02 8.987732e-02
      vertex   1.956514e-02 3.416173e-02 9.162859e-02
    endloop
  endfacet
  facet normal 8.577003e-01 3.534047e-01 -3.734371e-01
    outer loop
      vertex   1.956514e-02 3.416173e-02 9.162859e-02
      vertex   1.908512e-02 3.347620e-02 8.987732e-02
      vertex   1.896989e-02 3.475540e-02 9.082324e-02
    endloop
  endfacet
  facet normal 8.579880e-01 2.567444e-01 -4.449032e-01
    outer loop
      vertex   1.956514e-02 3.416173e-02 9.162859e-02
      vertex   1.896989e-02 3.475540e-02 9.082324e-02
      vertex   1.951008e-02 3.574820e-02 9.243791e-02
    endloop
  endfacet
  facet normal 8.400073e-01 2.893871e-01 -4.589585e-01
    outer loop
      vertex   1.951008e-02 3.574820e-02 9.243791e-02
      vertex   1.896989e-02 3.475540e-02 9.082324e-02
      vertex   1.884261e-02 3.619358e-02 9.149710e-02
    endloop
  endfacet
  facet normal 8.403123e-01 1.768934e-01 -5.124295e-01
    outer loop
      vertex   1.951008e-02 3.574820e-02 9.243791e-02
      vertex   1.884261e-02 3.619358e-02 9.149710e-02
      vertex   1.945254e-02 3.744521e-02 9.292936e-02
    endloop
  endfacet
  facet normal 8.215606e-01 2.073647e-01 -5.310725e-01
    outer loop
      vertex   1.945254e-02 3.744521e-02 9.292936e-02
      vertex   1.884261e-02 3.619358e-02 9.149710e-02
      vertex   1.871039e-02 3.771497e-02 9.188660e-02
    endloop
  endfacet
  facet normal 8.218690e-01 8.181078e-02 -5.637715e-01
    outer loop
      vertex   1.945254e-02 3.744521e-02 9.292936e-02
      vertex   1.871039e-02 3.771497e-02 9.188660e-02
      vertex   1.939494e-02 3.918228e-02 9.309748e-02
    endloop
  endfacet
  facet normal 8.031120e-01 1.087555e-01 -5.858185e-01
    outer loop
      vertex   1.939494e-02 3.918228e-02 9.309748e-02
      vertex   1.871039e-02 3.771497e-02 9.188660e-02
      vertex   1.857884e-02 3.925334e-02 9.199185e-02
    endloop
  endfacet
  facet normal 9.590879e-01 1.877381e-01 -2.119076e-01
    outer loop
      vertex   1.992298e-02 3.198353e-02 9.122261e-02
      vertex   1.961474e-02 3.276413e-02 9.051908e-02
      vertex   1.991293e-02 3.350254e-02 9.252288e-02
    endloop
  endfacet
  facet normal 9.536721e-01 2.070858e-01 -2.182314e-01
    outer loop
      vertex   1.991293e-02 3.350254e-02 9.252288e-02
      vertex   1.961474e-02 3.276413e-02 9.051908e-02
      vertex   1.956514e-02 3.416173e-02 9.162859e-02
    endloop
  endfacet
  facet normal 9.538365e-01 1.512023e-01 -2.594876e-01
    outer loop
      vertex   1.991293e-02 3.350254e-02 9.252288e-02
      vertex   1.956514e-02 3.416173e-02 9.162859e-02
      vertex   1.990174e-02 3.524641e-02 9.349788e-02
    endloop
  endfacet
  facet normal 9.477928e-01 1.704020e-01 -2.695402e-01
    outer loop
      vertex   1.990174e-02 3.524641e-02 9.349788e-02
      vertex   1.956514e-02 3.416173e-02 9.162859e-02
      vertex   1.951008e-02 3.574820e-02 9.243791e-02
    endloop
  endfacet
  facet normal 9.479713e-01 1.052044e-01 -3.004704e-01
    outer loop
      vertex   1.990174e-02 3.524641e-02 9.349788e-02
      vertex   1.951008e-02 3.574820e-02 9.243791e-02
      vertex   1.989000e-02 3.713653e-02 9.412264e-02
    endloop
  endfacet
  facet normal 9.416372e-01 1.227093e-01 -3.134673e-01
    outer loop
      vertex   1.989000e-02 3.713653e-02 9.412264e-02
      vertex   1.951008e-02 3.574820e-02 9.243791e-02
      vertex   1.945254e-02 3.744521e-02 9.292936e-02
    endloop
  endfacet
  facet normal 9.418224e-01 4.974839e-02 -3.324090e-01
    outer loop
      vertex   1.989000e-02 3.713653e-02 9.412264e-02
      vertex   1.945254e-02 3.744521e-02 9.292936e-02
      vertex   1.987820e-02 3.909966e-02 9.438302e-02
    endloop
  endfacet
  facet normal 9.354496e-01 6.464584e-02 -3.474980e-01
    outer loop
      vertex   1.987820e-02 3.909966e-02 9.438302e-02
      vertex   1.945254e-02 3.744521e-02 9.292936e-02
      vertex   1.939494e-02 3.918228e-02 9.309748e-02
    endloop
  endfacet
  facet normal 0.000000e+00 1.950903e-01 -9.807853e-01
    outer loop
      vertex   1.500000e-02 6.249956e-02 9.050000e-02
      vertex   -1.500000e-02 6.249956e-02 9.050000e-02
      vertex   1.500000e-02 6.441297e-02 9.088060e-02
    endloop
  endfacet
  facet normal 0.000000e+00 1.950903e-01 -9.807853e-01
    outer loop
      vertex   1.500000e-02 6.441297e-02 9.088060e-02
      vertex   -1.500000e-02 6.249956e-02 9.050000e-02
      vertex   -1.500000e-02 6.441297e-02 9.088060e-02
    endloop
  endfacet
  facet normal 0.000000e+00 5.555702e-01 -8.314696e-01
    outer loop
      vertex   1.500000e-02 6.441297e-02 9.088060e-02
      vertex   -1.500000e-02 6.441297e-02 9.088060e-02
      vertex   1.500000e-02 6.603509e-02 9.196447e-02
    endloop
  endfacet
  facet normal 0.000000e+00 5.555702e-01 -8.314696e-01
    outer loop
      vertex   1.500000e-02 6.603509e-02 9.196447e-02
      vertex   -1.500000e-02 6.441297e-02 9.088060e-02
      vertex   -1.500000e-02 6.603509e-02 9.196447e-02
    endloop
  endfacet
  facet normal 0.000000e+00 8.314696e-01 -5.555702e-01
    outer loop
      vertex   1.500000e-02 6.603509e-02 9.196447e-02
      vertex   -1.500000e-02 6.603509e-02 9.196447e-02
      vertex   1.500000e-02 6.711895e-02 9.358658e-02
    endloop
  endfacet
  facet normal 0.000000e+00 8.314696e-01 -5.555702e-01
    outer loop
      vertex   1.500000e-02 6.711895e-02 9.358658e-02
      vertex   -1.500000e-02 6.603509e-02 9.196447e-02
      vertex   -1.500000e-02 6.711895e-02 9.358658e-02
    endloop
  endfacet
  facet normal 0.000000e+00 9.807853e-01 -1.950903e-01
    outer loop
      vertex   1.500000e-02 6.711895e-02 9.358658e-02
      vertex   -1.500000e-02 6.711895e-02 9.358658e-02
      vertex   1.500000e-02 6.749956e-02 9.550000e-02
    endloop
  endfacet
  facet normal 0.000000e+00 9.807853e-01 -1.950903e-01
    outer loop
      vertex   1.500000e-02 6.749956e-02 9.550000e-02
      vertex   -1.500000e-02 6.711895e-02 9.358658e-02
      vertex   -1.500000e-02 6.749956e-02 9.550000e-02
    endloop
  endfacet
  facet normal -1.933420e-01 9.719958e-01 -1.335778e-01
    outer loop
      vertex   -1.691342e-02 6.711895e-02 9.550000e-02
      vertex   -1.500000e-02 6.749956e-02 9.550000e-02
      vertex   -1.651641e-02 6.697232e-02 9.385840e-02
    endloop
  endfacet
  facet normal -1.287272e-01 9.726252e-01 -1.934672e-01
    outer loop
      vertex   -1.651641e-02 6.697232e-02 9.385840e-02
      vertex   -1.500000e-02 6.749956e-02 9.550000e-02
      vertex   -1.500000e-02 6.711895e-02 9.358658e-02
    endloop
  endfacet
  facet normal -1.695469e-01 8.594863e-01 -4.822211e-01
    outer loop
      vertex   -1.651641e-02 6.697232e-02 9.385840e-02
      vertex   -1.500000e-02 6.711895e-02 9.358658e-02
      vertex   -1.573150e-02 6.621867e-02 9.223916e-02
    endloop
  endfacet
  facet normal 4.364969e-05 8.314696e-01 -5.555702e-01
    outer loop
      vertex   -1.573150e-02 6.621867e-02 9.223916e-02
      vertex   -1.500000e-02 6.711895e-02 9.358658e-02
      vertex   -1.500000e-02 6.603509e-02 9.196447e-02
    endloop
  endfacet
  facet normal -1.702803e-01 5.474565e-01 -8.193266e-01
    outer loop
      vertex   -1.573150e-02 6.621867e-02 9.223916e-02
      vertex   -1.500000e-02 6.603509e-02 9.196447e-02
      vertex   -1.500000e-02 6.441297e-02 9.088060e-02
    endloop
  endfacet
  facet normal -8.054650e-02 1.944564e-01 -9.775986e-01
    outer loop
      vertex   -1.500000e-02 6.249956e-02 9.050000e-02
      vertex   -1.635299e-02 6.385255e-02 9.088060e-02
      vertex   -1.500000e-02 6.441297e-02 9.088060e-02
    endloop
  endfacet
  facet normal -2.242631e-01 5.414191e-01 -8.102909e-01
    outer loop
      vertex   -1.500000e-02 6.441297e-02 9.088060e-02
      vertex   -1.635299e-02 6.385255e-02 9.088060e-02
      vertex   -1.750000e-02 6.499956e-02 9.196447e-02
    endloop
  endfacet
  facet normal -2.329173e-01 5.226663e-01 -8.201033e-01
    outer loop
      vertex   -1.500000e-02 6.441297e-02 9.088060e-02
      vertex   -1.750000e-02 6.499956e-02 9.196447e-02
      vertex   -1.573150e-02 6.621867e-02 9.223916e-02
    endloop
  endfacet
  facet normal -4.182729e-01 7.288893e-01 -5.420039e-01
    outer loop
      vertex   -1.573150e-02 6.621867e-02 9.223916e-02
      vertex   -1.750000e-02 6.499956e-02 9.196447e-02
      vertex   -1.826641e-02 6.576596e-02 9.358658e-02
    endloop
  endfacet
  facet normal -4.182729e-01 7.288893e-01 -5.420039e-01
    outer loop
      vertex   -1.573150e-02 6.621867e-02 9.223916e-02
      vertex   -1.826641e-02 6.576596e-02 9.358658e-02
      vertex   -1.651641e-02 6.697232e-02 9.385840e-02
    endloop
  endfacet
  facet normal -5.342843e-01 8.206869e-01 -2.025172e-01
    outer loop
      vertex   -1.651641e-02 6.697232e-02 9.385840e-02
      vertex   -1.826641e-02 6.576596e-02 9.358658e-02
      vertex   -1.691342e-02 6.711895e-02 9.550000e-02
    endloop
  endfacet
  facet normal -1.944564e-01 8.054650e-02 -9.775986e-01
    outer loop
      vertex   -1.500000e-02 6.249956e-02 9.050000e-02
      vertex   -1.691342e-02 6.249956e-02 9.088060e-02
      vertex   -1.635299e-02 6.385255e-02 9.088060e-02
    endloop
  endfacet
  facet normal -5.284596e-01 2.188951e-01 -8.202533e-01
    outer loop
      vertex   -1.635299e-02 6.385255e-02 9.088060e-02
      vertex   -1.691342e-02 6.249956e-02 9.088060e-02
      vertex   -1.871912e-02 6.323105e-02 9.223916e-02
    endloop
  endfacet
  facet normal -5.299462e-01 2.389341e-01 -8.136753e-01
    outer loop
      vertex   -1.635299e-02 6.385255e-02 9.088060e-02
      vertex   -1.871912e-02 6.323105e-02 9.223916e-02
      vertex   -1.750000e-02 6.499956e-02 9.196447e-02
    endloop
  endfacet
  facet normal -7.288893e-01 4.182729e-01 -5.420039e-01
    outer loop
      vertex   -1.750000e-02 6.499956e-02 9.196447e-02
      vertex   -1.871912e-02 6.323105e-02 9.223916e-02
      vertex   -1.947277e-02 6.401596e-02 9.385840e-02
    endloop
  endfacet
  facet normal -7.288893e-01 4.182729e-01 -5.420039e-01
    outer loop
      vertex   -1.750000e-02 6.499956e-02 9.196447e-02
      vertex   -1.947277e-02 6.401596e-02 9.385840e-02
      vertex   -1.826641e-02 6.576596e-02 9.358658e-02
    endloop
  endfacet
  facet normal -8.206869e-01 5.342843e-01 -2.025172e-01
    outer loop
      vertex   -1.826641e-02 6.576596e-02 9.358658e-02
      vertex   -1.947277e-02 6.401596e-02 9.385840e-02
      vertex   -1.961940e-02 6.441297e-02 9.550000e-02
    endloop
  endfacet
  facet normal -8.160845e-01 5.452902e-01 -1.914805e-01
    outer loop
      vertex   -1.826641e-02 6.576596e-02 9.358658e-02
      vertex   -1.961940e-02 6.441297e-02 9.550000e-02
      vertex   -1.853553e-02 6.603509e-02 9.550000e-02
    endloop
  endfacet
  facet normal -5.474565e-01 1.702803e-01 -8.193266e-01
    outer loop
      vertex   -1.691342e-02 6.249956e-02 9.088060e-02
      vertex   -1.853553e-02 6.249956e-02 9.196447e-02
      vertex   -1.871912e-02 6.323105e-02 9.223916e-02
    endloop
  endfacet
  facet normal -8.314696e-01 -4.364969e-05 -5.555702e-01
    outer loop
      vertex   -1.871912e-02 6.323105e-02 9.223916e-02
      vertex   -1.853553e-02 6.249956e-02 9.196447e-02
      vertex   -1.961940e-02 6.249956e-02 9.358658e-02
    endloop
  endfacet
  facet normal -8.594863e-01 1.695469e-01 -4.822211e-01
    outer loop
      vertex   -1.871912e-02 6.323105e-02 9.223916e-02
      vertex   -1.961940e-02 6.249956e-02 9.358658e-02
      vertex   -1.947277e-02 6.401596e-02 9.385840e-02
    endloop
  endfacet
  facet normal -9.726252e-01 1.287272e-01 -1.934672e-01
    outer loop
      vertex   -1.947277e-02 6.401596e-02 9.385840e-02
      vertex   -1.961940e-02 6.249956e-02 9.358658e-02
      vertex   -2.000000e-02 6.249956e-02 9.550000e-02
    endloop
  endfacet
  facet normal -9.719958e-01 1.933420e-01 -1.335778e-01
    outer loop
      vertex   -1.947277e-02 6.401596e-02 9.385840e-02
      vertex   -2.000000e-02 6.249956e-02 9.550000e-02
      vertex   -1.961940e-02 6.441297e-02 9.550000e-02
    endloop
  endfacet
  facet normal -5.452902e-01 8.160845e-01 -1.914805e-01
    outer loop
      vertex   -1.853553e-02 6.603509e-02 9.550000e-02
      vertex   -1.691342e-02 6.711895e-02 9.550000e-02
      vertex   -1.826641e-02 6.576596e-02 9.358658e-02
    endloop
  endfacet
  facet normal 1.097413e-03 9.999994e-01 -4.191208e-19
    outer loop
      vertex   1.500000e-02 6.749956e-02 1.136686e-01
      vertex   1.501097e-02 6.749954e-02 1.136619e-01
      vertex   1.500000e-02 6.749956e-02 9.550000e-02
    endloop
  endfacet
  facet normal 1.847562e-01 9.827844e-01 -1.109850e-04
    outer loop
      vertex   1.500000e-02 6.749956e-02 9.550000e-02
      vertex   1.501097e-02 6.749954e-02 1.136619e-01
      vertex   1.680616e-02 6.716194e-02 1.125924e-01
    endloop
  endfacet
  facet normal 1.950902e-01 9.807845e-01 -1.242478e-03
    outer loop
      vertex   1.500000e-02 6.749956e-02 9.550000e-02
      vertex   1.680616e-02 6.716194e-02 1.125924e-01
      vertex   1.691342e-02 6.711895e-02 9.550000e-02
    endloop
  endfacet
  facet normal 5.319645e-01 8.467658e-01 1.208587e-03
    outer loop
      vertex   1.691342e-02 6.711895e-02 9.550000e-02
      vertex   1.680616e-02 6.716194e-02 1.125924e-01
      vertex   1.841223e-02 6.615428e-02 1.116669e-01
    endloop
  endfacet
  facet normal 5.555692e-01 8.314681e-01 -1.892574e-03
    outer loop
      vertex   1.691342e-02 6.711895e-02 9.550000e-02
      vertex   1.841223e-02 6.615428e-02 1.116669e-01
      vertex   1.853553e-02 6.603509e-02 9.550000e-02
    endloop
  endfacet
  facet normal 8.149026e-01 5.795947e-01 1.942241e-03
    outer loop
      vertex   1.853553e-02 6.603509e-02 9.550000e-02
      vertex   1.841223e-02 6.615428e-02 1.116669e-01
      vertex   1.956942e-02 6.452946e-02 1.110170e-01
    endloop
  endfacet
  facet normal 8.314687e-01 5.555696e-01 -1.492718e-03
    outer loop
      vertex   1.853553e-02 6.603509e-02 9.550000e-02
      vertex   1.956942e-02 6.452946e-02 1.110170e-01
      vertex   1.961940e-02 6.441297e-02 9.550000e-02
    endloop
  endfacet
  facet normal 9.782713e-01 2.073226e-01 1.594537e-03
    outer loop
      vertex   1.961940e-02 6.441297e-02 9.550000e-02
      vertex   1.956942e-02 6.452946e-02 1.110170e-01
      vertex   2.000000e-02 6.249956e-02 1.107786e-01
    endloop
  endfacet
  facet normal 9.807853e-01 1.950903e-01 -2.202338e-16
    outer loop
      vertex   1.961940e-02 6.441297e-02 9.550000e-02
      vertex   2.000000e-02 6.249956e-02 1.107786e-01
      vertex   2.000000e-02 6.249956e-02 9.550000e-02
    endloop
  endfacet
  facet normal 5.717383e-02 1.925977e-01 -9.796108e-01
    outer loop
      vertex   9.126534e-03 4.150807e-02 9.050000e-02
      vertex   1.500000e-02 3.976449e-02 9.050000e-02
      vertex   1.352190e-02 3.826741e-02 9.011940e-02
    endloop
  endfacet
  facet normal 7.297313e-02 1.774584e-01 -9.814191e-01
    outer loop
      vertex   1.352190e-02 3.826741e-02 9.011940e-02
      vertex   1.500000e-02 3.976449e-02 9.050000e-02
      vertex   1.572236e-02 3.746787e-02 9.013844e-02
    endloop
  endfacet
  facet normal 1.858869e-01 4.913219e-01 -8.509106e-01
    outer loop
      vertex   1.352190e-02 3.826741e-02 9.011940e-02
      vertex   1.572236e-02 3.746787e-02 9.013844e-02
      vertex   1.646520e-02 3.538376e-02 8.909734e-02
    endloop
  endfacet
  facet normal 2.142539e-01 5.132434e-01 -8.310695e-01
    outer loop
      vertex   1.352190e-02 3.826741e-02 9.011940e-02
      vertex   1.646520e-02 3.538376e-02 8.909734e-02
      vertex   1.298148e-02 3.673797e-02 8.903553e-02
    endloop
  endfacet
  facet normal 3.002983e-01 7.453602e-01 -5.951967e-01
    outer loop
      vertex   1.298148e-02 3.673797e-02 8.903553e-02
      vertex   1.646520e-02 3.538376e-02 8.909734e-02
      vertex   1.706615e-02 3.385098e-02 8.748105e-02
    endloop
  endfacet
  facet normal 3.290360e-01 7.642200e-01 -5.547099e-01
    outer loop
      vertex   1.298148e-02 3.673797e-02 8.903553e-02
      vertex   1.706615e-02 3.385098e-02 8.748105e-02
      vertex   1.262037e-02 3.571603e-02 8.741342e-02
    endloop
  endfacet
  facet normal 3.702475e-01 8.708476e-01 -3.233283e-01
    outer loop
      vertex   1.262037e-02 3.571603e-02 8.741342e-02
      vertex   1.706615e-02 3.385098e-02 8.748105e-02
      vertex   1.724489e-02 3.341697e-02 8.651677e-02
    endloop
  endfacet
  facet normal 3.940102e-01 8.867786e-01 -2.416189e-01
    outer loop
      vertex   1.262037e-02 3.571603e-02 8.741342e-02
      vertex   1.724489e-02 3.341697e-02 8.651677e-02
      vertex   1.149827e-02 3.569325e-02 8.550000e-02
    endloop
  endfacet
  facet normal 3.830157e-01 9.169295e-01 -1.119789e-01
    outer loop
      vertex   1.149827e-02 3.569325e-02 8.550000e-02
      vertex   1.724489e-02 3.341697e-02 8.651677e-02
      vertex   1.730769e-02 3.326656e-02 8.550000e-02
    endloop
  endfacet
  facet normal 2.626961e-01 9.506016e-01 -1.653705e-01
    outer loop
      vertex   1.262037e-02 3.571603e-02 8.741342e-02
      vertex   1.149827e-02 3.569325e-02 8.550000e-02
      vertex   7.510177e-03 3.712821e-02 8.741342e-02
    endloop
  endfacet
  facet normal 2.183590e-01 9.427905e-01 -2.519234e-01
    outer loop
      vertex   7.510177e-03 3.712821e-02 8.741342e-02
      vertex   1.149827e-02 3.569325e-02 8.550000e-02
      vertex   5.364734e-03 3.711383e-02 8.550000e-02
    endloop
  endfacet
  facet normal 1.277101e-01 9.803166e-01 -1.505642e-01
    outer loop
      vertex   7.510177e-03 3.712821e-02 8.741342e-02
      vertex   5.364734e-03 3.711383e-02 8.550000e-02
      vertex   2.252867e-03 3.781311e-02 8.741342e-02
    endloop
  endfacet
  facet normal 5.744437e-02 9.641827e-01 -2.589438e-01
    outer loop
      vertex   2.252867e-03 3.781311e-02 8.741342e-02
      vertex   5.364734e-03 3.711383e-02 8.550000e-02
      vertex   -9.200143e-04 3.748827e-02 8.550000e-02
    endloop
  endfacet
  facet normal -1.040860e-02 9.885454e-01 -1.505642e-01
    outer loop
      vertex   2.252867e-03 3.781311e-02 8.741342e-02
      vertex   -9.200143e-04 3.748827e-02 8.550000e-02
      vertex   -3.048573e-03 3.775729e-02 8.741342e-02
    endloop
  endfacet
  facet normal -1.048719e-01 9.620481e-01 -2.519234e-01
    outer loop
      vertex   -3.048573e-03 3.775729e-02 8.741342e-02
      vertex   -9.200143e-04 3.748827e-02 8.550000e-02
      vertex   -7.178830e-03 3.680600e-02 8.550000e-02
    endloop
  endfacet
  facet normal -1.479680e-01 9.750682e-01 -1.653705e-01
    outer loop
      vertex   -3.048573e-03 3.775729e-02 8.741342e-02
      vertex   -7.178830e-03 3.680600e-02 8.550000e-02
      vertex   -8.290296e-03 3.696185e-02 8.741342e-02
    endloop
  endfacet
  facet normal -2.657886e-01 9.360372e-01 -2.306311e-01
    outer loop
      vertex   -8.290296e-03 3.696185e-02 8.741342e-02
      vertex   -7.178830e-03 3.680600e-02 8.550000e-02
      vertex   -1.323529e-02 3.508626e-02 8.550000e-02
    endloop
  endfacet
  facet normal -2.811191e-01 9.397293e-01 -1.946302e-01
    outer loop
      vertex   -8.290296e-03 3.696185e-02 8.741342e-02
      vertex   -1.323529e-02 3.508626e-02 8.550000e-02
      vertex   -1.336962e-02 3.544237e-02 8.741342e-02
    endloop
  endfacet
  facet normal -2.384794e-01 7.971925e-01 -5.546275e-01
    outer loop
      vertex   -1.336962e-02 3.544237e-02 8.741342e-02
      vertex   -1.375216e-02 3.645648e-02 8.903553e-02
      vertex   -8.290296e-03 3.696185e-02 8.741342e-02
    endloop
  endfacet
  facet normal -2.384794e-01 7.971925e-01 -5.546275e-01
    outer loop
      vertex   -8.290296e-03 3.696185e-02 8.741342e-02
      vertex   -1.375216e-02 3.645648e-02 8.903553e-02
      vertex   -8.527503e-03 3.801944e-02 8.903553e-02
    endloop
  endfacet
  facet normal -1.248429e-01 8.226801e-01 -5.546275e-01
    outer loop
      vertex   -8.290296e-03 3.696185e-02 8.741342e-02
      vertex   -8.527503e-03 3.801944e-02 8.903553e-02
      vertex   -3.048573e-03 3.775729e-02 8.741342e-02
    endloop
  endfacet
  facet normal -1.248429e-01 8.226801e-01 -5.546275e-01
    outer loop
      vertex   -3.048573e-03 3.775729e-02 8.741342e-02
      vertex   -8.527503e-03 3.801944e-02 8.903553e-02
      vertex   -3.135801e-03 3.883764e-02 8.903553e-02
    endloop
  endfacet
  facet normal -8.760857e-03 8.320526e-01 -5.546275e-01
    outer loop
      vertex   -3.048573e-03 3.775729e-02 8.741342e-02
      vertex   -3.135801e-03 3.883764e-02 8.903553e-02
      vertex   2.252867e-03 3.781311e-02 8.741342e-02
    endloop
  endfacet
  facet normal -8.760857e-03 8.320526e-01 -5.546275e-01
    outer loop
      vertex   2.252867e-03 3.781311e-02 8.741342e-02
      vertex   -3.135801e-03 3.883764e-02 8.903553e-02
      vertex   2.317328e-03 3.889505e-02 8.903553e-02
    endloop
  endfacet
  facet normal 1.074928e-01 8.251264e-01 -5.546275e-01
    outer loop
      vertex   2.252867e-03 3.781311e-02 8.741342e-02
      vertex   2.317328e-03 3.889505e-02 8.903553e-02
      vertex   7.510177e-03 3.712821e-02 8.741342e-02
    endloop
  endfacet
  facet normal 1.074928e-01 8.251264e-01 -5.546275e-01
    outer loop
      vertex   7.510177e-03 3.712821e-02 8.741342e-02
      vertex   2.317328e-03 3.889505e-02 8.903553e-02
      vertex   7.725063e-03 3.819056e-02 8.903553e-02
    endloop
  endfacet
  facet normal 2.216408e-01 8.020372e-01 -5.546275e-01
    outer loop
      vertex   7.510177e-03 3.712821e-02 8.741342e-02
      vertex   7.725063e-03 3.819056e-02 8.903553e-02
      vertex   1.262037e-02 3.571603e-02 8.741342e-02
    endloop
  endfacet
  facet normal 2.216408e-01 8.020372e-01 -5.546275e-01
    outer loop
      vertex   1.262037e-02 3.571603e-02 8.741342e-02
      vertex   7.725063e-03 3.819056e-02 8.903553e-02
      vertex   1.298148e-02 3.673797e-02 8.903553e-02
    endloop
  endfacet
  facet normal -1.594966e-01 5.331676e-01 -8.308388e-01
    outer loop
      vertex   -1.375216e-02 3.645648e-02 8.903553e-02
      vertex   -1.432468e-02 3.797421e-02 9.011940e-02
      vertex   -8.527503e-03 3.801944e-02 8.903553e-02
    endloop
  endfacet
  facet normal -1.594966e-01 5.331676e-01 -8.308388e-01
    outer loop
      vertex   -8.527503e-03 3.801944e-02 8.903553e-02
      vertex   -1.432468e-02 3.797421e-02 9.011940e-02
      vertex   -8.882509e-03 3.960223e-02 9.011940e-02
    endloop
  endfacet
  facet normal -8.349573e-02 5.502139e-01 -8.308388e-01
    outer loop
      vertex   -8.527503e-03 3.801944e-02 8.903553e-02
      vertex   -8.882509e-03 3.960223e-02 9.011940e-02
      vertex   -3.135801e-03 3.883764e-02 8.903553e-02
    endloop
  endfacet
  facet normal -8.349573e-02 5.502139e-01 -8.308388e-01
    outer loop
      vertex   -3.135801e-03 3.883764e-02 8.903553e-02
      vertex   -8.882509e-03 3.960223e-02 9.011940e-02
      vertex   -3.266346e-03 4.045449e-02 9.011940e-02
    endloop
  endfacet
  facet normal -5.859319e-03 5.564822e-01 -8.308388e-01
    outer loop
      vertex   -3.135801e-03 3.883764e-02 8.903553e-02
      vertex   -3.266346e-03 4.045449e-02 9.011940e-02
      vertex   2.317328e-03 3.889505e-02 8.903553e-02
    endloop
  endfacet
  facet normal -5.859319e-03 5.564822e-01 -8.308388e-01
    outer loop
      vertex   2.317328e-03 3.889505e-02 8.903553e-02
      vertex   -3.266346e-03 4.045449e-02 9.011940e-02
      vertex   2.413799e-03 4.051430e-02 9.011940e-02
    endloop
  endfacet
  facet normal 7.189187e-02 5.518500e-01 -8.308388e-01
    outer loop
      vertex   2.317328e-03 3.889505e-02 8.903553e-02
      vertex   2.413799e-03 4.051430e-02 9.011940e-02
      vertex   7.725063e-03 3.819056e-02 8.903553e-02
    endloop
  endfacet
  facet normal 7.189187e-02 5.518500e-01 -8.308388e-01
    outer loop
      vertex   7.725063e-03 3.819056e-02 8.903553e-02
      vertex   2.413799e-03 4.051430e-02 9.011940e-02
      vertex   8.046662e-03 3.978048e-02 9.011940e-02
    endloop
  endfacet
  facet normal 1.482348e-01 5.364077e-01 -8.308388e-01
    outer loop
      vertex   7.725063e-03 3.819056e-02 8.903553e-02
      vertex   8.046662e-03 3.978048e-02 9.011940e-02
      vertex   1.298148e-02 3.673797e-02 8.903553e-02
    endloop
  endfacet
  facet normal 1.482348e-01 5.364077e-01 -8.308388e-01
    outer loop
      vertex   1.298148e-02 3.673797e-02 8.903553e-02
      vertex   8.046662e-03 3.978048e-02 9.011940e-02
      vertex   1.352190e-02 3.826741e-02 9.011940e-02
    endloop
  endfacet
  facet normal -5.604502e-02 1.873482e-01 -9.806934e-01
    outer loop
      vertex   -1.432468e-02 3.797421e-02 9.011940e-02
      vertex   -1.500000e-02 3.976449e-02 9.050000e-02
      vertex   -8.882509e-03 3.960223e-02 9.011940e-02
    endloop
  endfacet
  facet normal -5.599592e-02 1.886297e-01 -9.804506e-01
    outer loop
      vertex   -8.882509e-03 3.960223e-02 9.011940e-02
      vertex   -1.500000e-02 3.976449e-02 9.050000e-02
      vertex   -9.126534e-03 4.150807e-02 9.050000e-02
    endloop
  endfacet
  facet normal -2.916077e-02 1.921615e-01 -9.809300e-01
    outer loop
      vertex   -8.882509e-03 3.960223e-02 9.011940e-02
      vertex   -9.126534e-03 4.150807e-02 9.050000e-02
      vertex   -3.266346e-03 4.045449e-02 9.011940e-02
    endloop
  endfacet
  facet normal -2.845409e-02 1.958370e-01 -9.802236e-01
    outer loop
      vertex   -3.266346e-03 4.045449e-02 9.011940e-02
      vertex   -9.126534e-03 4.150807e-02 9.050000e-02
      vertex   -3.063399e-03 4.238901e-02 9.050000e-02
    endloop
  endfacet
  facet normal -2.034741e-03 1.932473e-01 -9.811480e-01
    outer loop
      vertex   -3.266346e-03 4.045449e-02 9.011940e-02
      vertex   -3.063399e-03 4.238901e-02 9.050000e-02
      vertex   2.413799e-03 4.051430e-02 9.011940e-02
    endloop
  endfacet
  facet normal 0.000000e+00 1.989605e-01 -9.800075e-01
    outer loop
      vertex   2.413799e-03 4.051430e-02 9.011940e-02
      vertex   -3.063399e-03 4.238901e-02 9.050000e-02
      vertex   3.063399e-03 4.238901e-02 9.050000e-02
    endloop
  endfacet
  facet normal 2.483387e-02 1.906276e-01 -9.813483e-01
    outer loop
      vertex   2.413799e-03 4.051430e-02 9.011940e-02
      vertex   3.063399e-03 4.238901e-02 9.050000e-02
      vertex   8.046662e-03 3.978048e-02 9.011940e-02
    endloop
  endfacet
  facet normal 2.875196e-02 1.978871e-01 -9.798030e-01
    outer loop
      vertex   8.046662e-03 3.978048e-02 9.011940e-02
      vertex   3.063399e-03 4.238901e-02 9.050000e-02
      vertex   9.126534e-03 4.150807e-02 9.050000e-02
    endloop
  endfacet
  facet normal 5.095541e-02 1.843891e-01 -9.815316e-01
    outer loop
      vertex   8.046662e-03 3.978048e-02 9.011940e-02
      vertex   9.126534e-03 4.150807e-02 9.050000e-02
      vertex   1.352190e-02 3.826741e-02 9.011940e-02
    endloop
  endfacet
  facet normal 1.000000e+00 -1.735268e-15 -3.373025e-16
    outer loop
      vertex   2.000000e-02 3.172100e-02 9.221414e-02
      vertex   2.000000e-02 3.344791e-02 9.361585e-02
      vertex   2.000000e-02 3.172100e-02 1.025000e-01
    endloop
  endfacet
  facet normal 1.000000e+00 0.000000e+00 0.000000e+00
    outer loop
      vertex   2.000000e-02 3.172100e-02 1.025000e-01
      vertex   2.000000e-02 3.344791e-02 9.361585e-02
      vertex   2.000000e-02 3.541811e-02 9.464923e-02
    endloop
  endfacet
  facet normal 1.000000e+00 0.000000e+00 0.000000e+00
    outer loop
      vertex   2.000000e-02 3.172100e-02 1.025000e-01
      vertex   2.000000e-02 3.541811e-02 9.464923e-02
      vertex   2.000000e-02 3.755023e-02 9.528463e-02
    endloop
  endfacet
  facet normal 1.000000e+00 0.000000e+00 -0.000000e+00
    outer loop
      vertex   2.000000e-02 3.755023e-02 9.528463e-02
      vertex   2.000000e-02 3.976449e-02 9.550000e-02
      vertex   2.000000e-02 3.172100e-02 1.025000e-01
    endloop
  endfacet
  facet normal 1.000000e+00 0.000000e+00 0.000000e+00
    outer loop
      vertex   2.000000e-02 3.172100e-02 1.025000e-01
      vertex   2.000000e-02 3.976449e-02 9.550000e-02
      vertex   2.000000e-02 4.749956e-02 1.025000e-01
    endloop
  endfacet
  facet normal 1.000000e+00 0.000000e+00 0.000000e+00
    outer loop
      vertex   2.000000e-02 4.749956e-02 1.025000e-01
      vertex   2.000000e-02 3.976449e-02 9.550000e-02
      vertex   2.000000e-02 6.249956e-02 9.550000e-02
    endloop
  endfacet
  facet normal 1.000000e+00 -1.059704e-16 -2.270795e-16
    outer loop
      vertex   2.000000e-02 4.749956e-02 1.025000e-01
      vertex   2.000000e-02 6.249956e-02 9.550000e-02
      vertex   2.000000e-02 6.249956e-02 1.107786e-01
    endloop
  endfacet
  facet normal 1.000000e+00 0.000000e+00 -4.190884e-16
    outer loop
      vertex   2.000000e-02 6.249956e-02 1.107786e-01
      vertex   2.000000e-02 4.749956e-02 1.107786e-01
      vertex   2.000000e-02 4.749956e-02 1.025000e-01
    endloop
  endfacet
  facet normal 5.518965e-01 -2.118072e-01 -8.065656e-01
    outer loop
      vertex   1.956942e-02 -6.453035e-02 1.110170e-01
      vertex   2.000000e-02 -6.250044e-02 1.107786e-01
      vertex   2.267593e-02 -6.441386e-02 1.131120e-01
    endloop
  endfacet
  facet normal 6.019087e-01 -1.208846e-01 -7.893623e-01
    outer loop
      vertex   2.267593e-02 -6.441386e-02 1.131120e-01
      vertex   2.000000e-02 -6.250044e-02 1.107786e-01
      vertex   2.529693e-02 -6.250044e-02 1.148176e-01
    endloop
  endfacet
  facet normal 6.543643e-01 -2.650926e-01 -7.081902e-01
    outer loop
      vertex   2.267593e-02 -6.441386e-02 1.131120e-01
      vertex   2.529693e-02 -6.250044e-02 1.148176e-01
      vertex   2.750760e-02 -6.441386e-02 1.175765e-01
    endloop
  endfacet
  facet normal 7.320781e-01 -1.208419e-01 -6.704170e-01
    outer loop
      vertex   2.750760e-02 -6.441386e-02 1.175765e-01
      vertex   2.529693e-02 -6.250044e-02 1.148176e-01
      vertex   2.979567e-02 -6.250044e-02 1.197301e-01
    endloop
  endfacet
  facet normal 7.690947e-01 -2.651307e-01 -5.815488e-01
    outer loop
      vertex   2.750760e-02 -6.441386e-02 1.175765e-01
      vertex   2.979567e-02 -6.250044e-02 1.197301e-01
      vertex   3.147531e-02 -6.441386e-02 1.228238e-01
    endloop
  endfacet
  facet normal 8.391491e-01 -1.208024e-01 -5.303164e-01
    outer loop
      vertex   3.147531e-02 -6.441386e-02 1.228238e-01
      vertex   2.979567e-02 -6.250044e-02 1.197301e-01
      vertex   3.335427e-02 -6.250044e-02 1.253611e-01
    endloop
  endfacet
  facet normal 8.596675e-01 -2.651659e-01 -4.366451e-01
    outer loop
      vertex   3.147531e-02 -6.441386e-02 1.228238e-01
      vertex   3.335427e-02 -6.250044e-02 1.253611e-01
      vertex   3.445441e-02 -6.441386e-02 1.286890e-01
    endloop
  endfacet
  facet normal 9.197431e-01 -1.207660e-01 -3.734812e-01
    outer loop
      vertex   3.445441e-02 -6.441386e-02 1.286890e-01
      vertex   3.335427e-02 -6.250044e-02 1.253611e-01
      vertex   3.586044e-02 -6.250044e-02 1.315328e-01
    endloop
  endfacet
  facet normal 9.232384e-01 -2.651981e-01 -2.780302e-01
    outer loop
      vertex   3.445441e-02 -6.441386e-02 1.286890e-01
      vertex   3.586044e-02 -6.250044e-02 1.315328e-01
      vertex   3.635135e-02 -6.441386e-02 1.349881e-01
    endloop
  endfacet
  facet normal 9.713166e-01 -1.207327e-01 -2.048600e-01
    outer loop
      vertex   3.635135e-02 -6.441386e-02 1.349881e-01
      vertex   3.586044e-02 -6.250044e-02 1.315328e-01
      vertex   3.723510e-02 -6.250044e-02 1.380506e-01
    endloop
  endfacet
  facet normal 9.578116e-01 -2.652274e-01 -1.106859e-01
    outer loop
      vertex   3.635135e-02 -6.441386e-02 1.349881e-01
      vertex   3.723510e-02 -6.250044e-02 1.380506e-01
      vertex   3.710654e-02 -6.441386e-02 1.415231e-01
    endloop
  endfacet
  facet normal 9.922421e-01 -1.207027e-01 -2.977352e-02
    outer loop
      vertex   3.710654e-02 -6.441386e-02 1.415231e-01
      vertex   3.723510e-02 -6.250044e-02 1.380506e-01
      vertex   3.743489e-02 -6.250044e-02 1.447088e-01
    endloop
  endfacet
  facet normal 9.623017e-01 -2.652538e-01 6.013217e-02
    outer loop
      vertex   3.710654e-02 -6.441386e-02 1.415231e-01
      vertex   3.743489e-02 -6.250044e-02 1.447088e-01
      vertex   3.669626e-02 -6.441386e-02 1.480887e-01
    endloop
  endfacet
  facet normal 9.818591e-01 -1.206758e-01 1.462537e-01
    outer loop
      vertex   3.669626e-02 -6.441386e-02 1.480887e-01
      vertex   3.743489e-02 -6.250044e-02 1.447088e-01
      vertex   3.645350e-02 -6.250044e-02 1.512973e-01
    endloop
  endfacet
  facet normal 9.365681e-01 -2.652772e-01 2.290592e-01
    outer loop
      vertex   3.669626e-02 -6.441386e-02 1.480887e-01
      vertex   3.645350e-02 -6.250044e-02 1.512973e-01
      vertex   3.513341e-02 -6.441386e-02 1.544789e-01
    endloop
  endfacet
  facet normal 9.404949e-01 -1.206520e-01 3.176672e-01
    outer loop
      vertex   3.513341e-02 -6.441386e-02 1.544789e-01
      vertex   3.645350e-02 -6.250044e-02 1.512973e-01
      vertex   3.432189e-02 -6.250044e-02 1.576082e-01
    endloop
  endfacet
  facet normal 8.814195e-01 -2.652977e-01 3.907899e-01
    outer loop
      vertex   3.513341e-02 -6.441386e-02 1.544789e-01
      vertex   3.432189e-02 -6.250044e-02 1.576082e-01
      vertex   3.246706e-02 -6.441386e-02 1.604928e-01
    endloop
  endfacet
  facet normal 8.694546e-01 -1.206315e-01 4.790581e-01
    outer loop
      vertex   3.246706e-02 -6.441386e-02 1.604928e-01
      vertex   3.432189e-02 -6.250044e-02 1.576082e-01
      vertex   3.110732e-02 -6.250044e-02 1.634424e-01
    endloop
  endfacet
  facet normal 7.985882e-01 -2.653153e-01 5.402450e-01
    outer loop
      vertex   3.246706e-02 -6.441386e-02 1.604928e-01
      vertex   3.110732e-02 -6.250044e-02 1.634424e-01
      vertex   2.878097e-02 -6.441386e-02 1.659415e-01
    endloop
  endfacet
  facet normal 7.709798e-01 -1.206141e-01 6.253338e-01
    outer loop
      vertex   2.878097e-02 -6.441386e-02 1.659415e-01
      vertex   3.110732e-02 -6.250044e-02 1.634424e-01
      vertex   2.691122e-02 -6.250044e-02 1.686158e-01
    endloop
  endfacet
  facet normal 6.906758e-01 -2.653299e-01 6.727309e-01
    outer loop
      vertex   2.878097e-02 -6.441386e-02 1.659415e-01
      vertex   2.691122e-02 -6.250044e-02 1.686158e-01
      vertex   2.419090e-02 -6.441386e-02 1.706540e-01
    endloop
  endfacet
  facet normal 6.481775e-01 -1.205998e-01 7.518787e-01
    outer loop
      vertex   2.419090e-02 -6.441386e-02 1.706540e-01
      vertex   2.691122e-02 -6.250044e-02 1.686158e-01
      vertex   2.186599e-02 -6.250044e-02 1.729652e-01
    endloop
  endfacet
  facet normal 5.610717e-01 -2.653417e-01 7.840869e-01
    outer loop
      vertex   2.419090e-02 -6.441386e-02 1.706540e-01
      vertex   2.186599e-02 -6.250044e-02 1.729652e-01
      vertex   1.884103e-02 -6.441386e-02 1.744823e-01
    endloop
  endfacet
  facet normal 5.049226e-01 -1.205888e-01 8.546997e-01
    outer loop
      vertex   1.884103e-02 -6.441386e-02 1.744823e-01
      vertex   2.186599e-02 -6.250044e-02 1.729652e-01
      vertex   1.613083e-02 -6.250044e-02 1.763533e-01
    endloop
  endfacet
  facet normal 4.138464e-01 -2.653504e-01 8.708159e-01
    outer loop
      vertex   1.884103e-02 -6.441386e-02 1.744823e-01
      vertex   1.613083e-02 -6.250044e-02 1.763533e-01
      vertex   1.289939e-02 -6.441386e-02 1.773060e-01
    endloop
  endfacet
  facet normal 3.457354e-01 -1.205808e-01 9.305522e-01
    outer loop
      vertex   1.289939e-02 -6.441386e-02 1.773060e-01
      vertex   1.613083e-02 -6.250044e-02 1.763533e-01
      vertex   9.886687e-03 -6.250044e-02 1.786732e-01
    endloop
  endfacet
  facet normal 2.536237e-01 -2.653563e-01 9.301941e-01
    outer loop
      vertex   1.289939e-02 -6.441386e-02 1.773060e-01
      vertex   9.886687e-03 -6.250044e-02 1.786732e-01
      vertex   6.552601e-03 -6.441386e-02 1.790365e-01
    endloop
  endfacet
  facet normal 1.756387e-01 -1.205761e-01 9.770427e-01
    outer loop
      vertex   6.552601e-03 -6.441386e-02 1.790365e-01
      vertex   9.886687e-03 -6.250044e-02 1.786732e-01
      vertex   3.330592e-03 -6.250044e-02 1.798518e-01
    endloop
  endfacet
  facet normal 8.543563e-02 -2.653592e-01 9.603568e-01
    outer loop
      vertex   6.552601e-03 -6.441386e-02 1.790365e-01
      vertex   3.330592e-03 -6.250044e-02 1.798518e-01
      vertex   4.545815e-18 -6.441386e-02 1.796194e-01
    endloop
  endfacet
  facet normal 0.000000e+00 -1.205745e-01 9.927043e-01
    outer loop
      vertex   4.545815e-18 -6.441386e-02 1.796194e-01
      vertex   3.330592e-03 -6.250044e-02 1.798518e-01
      vertex   -3.330592e-03 -6.250044e-02 1.798518e-01
    endloop
  endfacet
  facet normal -8.543563e-02 -2.653592e-01 9.603568e-01
    outer loop
      vertex   4.545815e-18 -6.441386e-02 1.796194e-01
      vertex   -3.330592e-03 -6.250044e-02 1.798518e-01
      vertex   -6.552601e-03 -6.441386e-02 1.790365e-01
    endloop
  endfacet
  facet normal -1.756387e-01 -1.205761e-01 9.770427e-01
    outer loop
      vertex   -6.552601e-03 -6.441386e-02 1.790365e-01
      vertex   -3.330592e-03 -6.250044e-02 1.798518e-01
      vertex   -9.886687e-03 -6.250044e-02 1.786732e-01
    endloop
  endfacet
  facet normal -2.536237e-01 -2.653563e-01 9.301941e-01
    outer loop
      vertex   -6.552601e-03 -6.441386e-02 1.790365e-01
      vertex   -9.886687e-03 -6.250044e-02 1.786732e-01
      vertex   -1.289939e-02 -6.441386e-02 1.773060e-01
    endloop
  endfacet
  facet normal -3.457354e-01 -1.205808e-01 9.305522e-01
    outer loop
      vertex   -1.289939e-02 -6.441386e-02 1.773060e-01
      vertex   -9.886687e-03 -6.250044e-02 1.786732e-01
      vertex   -1.613083e-02 -6.250044e-02 1.763533e-01
    endloop
  endfacet
  facet normal -4.138464e-01 -2.653504e-01 8.708159e-01
    outer loop
      vertex   -1.289939e-02 -6.441386e-02 1.773060e-01
      vertex   -1.613083e-02 -6.250044e-02 1.763533e-01
      vertex   -1.884103e-02 -6.441386e-02 1.744823e-01
    endloop
  endfacet
  facet normal -5.049226e-01 -1.205888e-01 8.546997e-01
    outer loop
      vertex   -1.884103e-02 -6.441386e-02 1.744823e-01
      vertex   -1.613083e-02 -6.250044e-02 1.763533e-01
      vertex   -2.186599e-02 -6.250044e-02 1.729652e-01
    endloop
  endfacet
  facet normal -5.610717e-01 -2.653417e-01 7.840869e-01
    outer loop
      vertex   -1.884103e-02 -6.441386e-02 1.744823e-01
      vertex   -2.186599e-02 -6.250044e-02 1.729652e-01
      vertex   -2.419090e-02 -6.441386e-02 1.706540e-01
    endloop
  endfacet
  facet normal -6.481775e-01 -1.205998e-01 7.518787e-01
    outer loop
      vertex   -2.419090e-02 -6.441386e-02 1.706540e-01
      vertex   -2.186599e-02 -6.250044e-02 1.729652e-01
      vertex   -2.691122e-02 -6.250044e-02 1.686158e-01
    endloop
  endfacet
  facet normal -6.906758e-01 -2.653299e-01 6.727309e-01
    outer loop
      vertex   -2.419090e-02 -6.441386e-02 1.706540e-01
      vertex   -2.691122e-02 -6.250044e-02 1.686158e-01
      vertex   -2.878097e-02 -6.441386e-02 1.659415e-01
    endloop
  endfacet
  facet normal -7.709798e-01 -1.206141e-01 6.253338e-01
    outer loop
      vertex   -2.878097e-02 -6.441386e-02 1.659415e-01
      vertex   -2.691122e-02 -6.250044e-02 1.686158e-01
      vertex   -3.110732e-02 -6.250044e-02 1.634424e-01
    endloop
  endfacet
  facet normal -7.985882e-01 -2.653153e-01 5.402450e-01
    outer loop
      vertex   -2.878097e-02 -6.441386e-02 1.659415e-01
      vertex   -3.110732e-02 -6.250044e-02 1.634424e-01
      vertex   -3.246706e-02 -6.441386e-02 1.604928e-01
    endloop
  endfacet
  facet normal -8.694546e-01 -1.206315e-01 4.790581e-01
    outer loop
      vertex   -3.246706e-02 -6.441386e-02 1.604928e-01
      vertex   -3.110732e-02 -6.250044e-02 1.634424e-01
      vertex   -3.432189e-02 -6.250044e-02 1.576082e-01
    endloop
  endfacet
  facet normal -8.814195e-01 -2.652977e-01 3.907899e-01
    outer loop
      vertex   -3.246706e-02 -6.441386e-02 1.604928e-01
      vertex   -3.432189e-02 -6.250044e-02 1.576082e-01
      vertex   -3.513341e-02 -6.441386e-02 1.544789e-01
    endloop
  endfacet
  facet normal -9.404949e-01 -1.206520e-01 3.176672e-01
    outer loop
      vertex   -3.513341e-02 -6.441386e-02 1.544789e-01
      vertex   -3.432189e-02 -6.250044e-02 1.576082e-01
      vertex   -3.645350e-02 -6.250044e-02 1.512973e-01
    endloop
  endfacet
  facet normal -9.365681e-01 -2.652772e-01 2.290592e-01
    outer loop
      vertex   -3.513341e-02 -6.441386e-02 1.544789e-01
      vertex   -3.645350e-02 -6.250044e-02 1.512973e-01
      vertex   -3.669626e-02 -6.441386e-02 1.480887e-01
    endloop
  endfacet
  facet normal -9.818591e-01 -1.206758e-01 1.462537e-01
    outer loop
      vertex   -3.669626e-02 -6.441386e-02 1.480887e-01
      vertex   -3.645350e-02 -6.250044e-02 1.512973e-01
      vertex   -3.743489e-02 -6.250044e-02 1.447088e-01
    endloop
  endfacet
  facet normal -9.623017e-01 -2.652538e-01 6.013217e-02
    outer loop
      vertex   -3.669626e-02 -6.441386e-02 1.480887e-01
      vertex   -3.743489e-02 -6.250044e-02 1.447088e-01
      vertex   -3.710654e-02 -6.441386e-02 1.415231e-01
    endloop
  endfacet
  facet normal -9.922421e-01 -1.207027e-01 -2.977352e-02
    outer loop
      vertex   -3.710654e-02 -6.441386e-02 1.415231e-01
      vertex   -3.743489e-02 -6.250044e-02 1.447088e-01
      vertex   -3.723510e-02 -6.250044e-02 1.380506e-01
    endloop
  endfacet
  facet normal -9.578116e-01 -2.652274e-01 -1.106859e-01
    outer loop
      vertex   -3.710654e-02 -6.441386e-02 1.415231e-01
      vertex   -3.723510e-02 -6.250044e-02 1.380506e-01
      vertex   -3.635135e-02 -6.441386e-02 1.349881e-01
    endloop
  endfacet
  facet normal -9.713166e-01 -1.207327e-01 -2.048600e-01
    outer loop
      vertex   -3.635135e-02 -6.441386e-02 1.349881e-01
      vertex   -3.723510e-02 -6.250044e-02 1.380506e-01
      vertex   -3.586044e-02 -6.250044e-02 1.315328e-01
    endloop
  endfacet
  facet normal -9.232384e-01 -2.651981e-01 -2.780302e-01
    outer loop
      vertex   -3.635135e-02 -6.441386e-02 1.349881e-01
      vertex   -3.586044e-02 -6.250044e-02 1.315328e-01
      vertex   -3.445441e-02 -6.441386e-02 1.286890e-01
    endloop
  endfacet
  facet normal -9.197431e-01 -1.207660e-01 -3.734812e-01
    outer loop
      vertex   -3.445441e-02 -6.441386e-02 1.286890e-01
      vertex   -3.586044e-02 -6.250044e-02 1.315328e-01
      vertex   -3.335427e-02 -6.250044e-02 1.253611e-01
    endloop
  endfacet
  facet normal -8.596675e-01 -2.651659e-01 -4.366451e-01
    outer loop
      vertex   -3.445441e-02 -6.441386e-02 1.286890e-01
      vertex   -3.335427e-02 -6.250044e-02 1.253611e-01
      vertex   -3.147531e-02 -6.441386e-02 1.228238e-01
    endloop
  endfacet
  facet normal -8.391491e-01 -1.208024e-01 -5.303164e-01
    outer loop
      vertex   -3.147531e-02 -6.441386e-02 1.228238e-01
      vertex   -3.335427e-02 -6.250044e-02 1.253611e-01
      vertex   -2.979567e-02 -6.250044e-02 1.197301e-01
    endloop
  endfacet
  facet normal -7.690947e-01 -2.651307e-01 -5.815488e-01
    outer loop
      vertex   -3.147531e-02 -6.441386e-02 1.228238e-01
      vertex   -2.979567e-02 -6.250044e-02 1.197301e-01
      vertex   -2.750760e-02 -6.441386e-02 1.175765e-01
    endloop
  endfacet
  facet normal -7.320781e-01 -1.208419e-01 -6.704170e-01
    outer loop
      vertex   -2.750760e-02 -6.441386e-02 1.175765e-01
      vertex   -2.979567e-02 -6.250044e-02 1.197301e-01
      vertex   -2.529693e-02 -6.250044e-02 1.148176e-01
    endloop
  endfacet
  facet normal -6.543643e-01 -2.650926e-01 -7.081902e-01
    outer loop
      vertex   -2.750760e-02 -6.441386e-02 1.175765e-01
      vertex   -2.529693e-02 -6.250044e-02 1.148176e-01
      vertex   -2.267593e-02 -6.441386e-02 1.131120e-01
    endloop
  endfacet
  facet normal -6.019087e-01 -1.208846e-01 -7.893623e-01
    outer loop
      vertex   -2.267593e-02 -6.441386e-02 1.131120e-01
      vertex   -2.529693e-02 -6.250044e-02 1.148176e-01
      vertex   -2.000000e-02 -6.250044e-02 1.107786e-01
    endloop
  endfacet
  facet normal -5.518965e-01 -2.118072e-01 -8.065656e-01
    outer loop
      vertex   -2.267593e-02 -6.441386e-02 1.131120e-01
      vertex   -2.000000e-02 -6.250044e-02 1.107786e-01
      vertex   -1.956942e-02 -6.453035e-02 1.110170e-01
    endloop
  endfacet
  facet normal -4.792481e-01 -5.552136e-01 -6.797493e-01
    outer loop
      vertex   -2.267593e-02 -6.441386e-02 1.131120e-01
      vertex   -1.956942e-02 -6.453035e-02 1.110170e-01
      vertex   -2.201380e-02 -6.603598e-02 1.139702e-01
    endloop
  endfacet
  facet normal -4.492244e-01 -5.887457e-01 -6.719940e-01
    outer loop
      vertex   -2.201380e-02 -6.603598e-02 1.139702e-01
      vertex   -1.956942e-02 -6.453035e-02 1.110170e-01
      vertex   -1.841223e-02 -6.615517e-02 1.116669e-01
    endloop
  endfacet
  facet normal -3.188031e-01 -8.311915e-01 -4.555055e-01
    outer loop
      vertex   -2.201380e-02 -6.603598e-02 1.139702e-01
      vertex   -1.841223e-02 -6.615517e-02 1.116669e-01
      vertex   -2.102287e-02 -6.711984e-02 1.152544e-01
    endloop
  endfacet
  facet normal -2.841829e-01 -8.537115e-01 -4.363677e-01
    outer loop
      vertex   -2.102287e-02 -6.711984e-02 1.152544e-01
      vertex   -1.841223e-02 -6.615517e-02 1.116669e-01
      vertex   -1.680616e-02 -6.716283e-02 1.125924e-01
    endloop
  endfacet
  facet normal -1.101154e-01 -9.811863e-01 -1.585811e-01
    outer loop
      vertex   -2.102287e-02 -6.711984e-02 1.152544e-01
      vertex   -1.680616e-02 -6.716283e-02 1.125924e-01
      vertex   -2.017852e-02 -6.750044e-02 1.170230e-01
    endloop
  endfacet
  facet normal -9.659849e-02 -9.841800e-01 -1.485208e-01
    outer loop
      vertex   -2.017852e-02 -6.750044e-02 1.170230e-01
      vertex   -1.680616e-02 -6.716283e-02 1.125924e-01
      vertex   -1.501097e-02 -6.750043e-02 1.136619e-01
    endloop
  endfacet
  facet normal -5.665709e-04 -9.999995e-01 -8.746688e-04
    outer loop
      vertex   -2.017852e-02 -6.750044e-02 1.170230e-01
      vertex   -1.501097e-02 -6.750043e-02 1.136619e-01
      vertex   -1.500000e-02 -6.750044e-02 1.136686e-01
    endloop
  endfacet
  facet normal -1.352119e-01 -9.799511e-01 -1.463340e-01
    outer loop
      vertex   -2.102287e-02 -6.711984e-02 1.152544e-01
      vertex   -2.017852e-02 -6.750044e-02 1.170230e-01
      vertex   -2.550232e-02 -6.711984e-02 1.193934e-01
    endloop
  endfacet
  facet normal -1.309373e-01 -9.819611e-01 -1.364106e-01
    outer loop
      vertex   -2.550232e-02 -6.711984e-02 1.193934e-01
      vertex   -2.017852e-02 -6.750044e-02 1.170230e-01
      vertex   -2.462978e-02 -6.750044e-02 1.212957e-01
    endloop
  endfacet
  facet normal -1.612942e-01 -9.793413e-01 -1.219621e-01
    outer loop
      vertex   -2.550232e-02 -6.711984e-02 1.193934e-01
      vertex   -2.462978e-02 -6.750044e-02 1.212957e-01
      vertex   -2.918078e-02 -6.711984e-02 1.242581e-01
    endloop
  endfacet
  facet normal -1.523047e-01 -9.824420e-01 -1.077540e-01
    outer loop
      vertex   -2.918078e-02 -6.711984e-02 1.242581e-01
      vertex   -2.462978e-02 -6.750044e-02 1.212957e-01
      vertex   -2.819333e-02 -6.750044e-02 1.263326e-01
    endloop
  endfacet
  facet normal -1.825206e-01 -9.788216e-01 -9.270647e-02
    outer loop
      vertex   -2.918078e-02 -6.711984e-02 1.242581e-01
      vertex   -2.819333e-02 -6.750044e-02 1.263326e-01
      vertex   -3.194271e-02 -6.711984e-02 1.296958e-01
    endloop
  endfacet
  facet normal -1.681340e-01 -9.828133e-01 -7.621654e-02
    outer loop
      vertex   -3.194271e-02 -6.711984e-02 1.296958e-01
      vertex   -2.819333e-02 -6.750044e-02 1.263326e-01
      vertex   -3.074074e-02 -6.750044e-02 1.319522e-01
    endloop
  endfacet
  facet normal -1.979229e-01 -9.784038e-01 -5.960383e-02
    outer loop
      vertex   -3.194271e-02 -6.711984e-02 1.296958e-01
      vertex   -3.074074e-02 -6.750044e-02 1.319522e-01
      vertex   -3.370136e-02 -6.711984e-02 1.355357e-01
    endloop
  endfacet
  facet normal -1.781001e-01 -9.830842e-01 -4.272963e-02
    outer loop
      vertex   -3.370136e-02 -6.711984e-02 1.355357e-01
      vertex   -3.074074e-02 -6.750044e-02 1.319522e-01
      vertex   -3.218019e-02 -6.750044e-02 1.379519e-01
    endloop
  endfacet
  facet normal -2.067702e-01 -9.780977e-01 -2.389462e-02
    outer loop
      vertex   -3.370136e-02 -6.711984e-02 1.355357e-01
      vertex   -3.218019e-02 -6.750044e-02 1.379519e-01
      vertex   -3.440150e-02 -6.711984e-02 1.415943e-01
    endloop
  endfacet
  facet normal -1.820138e-01 -9.832613e-01 -8.257328e-03
    outer loop
      vertex   -3.440150e-02 -6.711984e-02 1.415943e-01
      vertex   -3.218019e-02 -6.750044e-02 1.379519e-01
      vertex   -3.245982e-02 -6.750044e-02 1.441156e-01
    endloop
  endfacet
  facet normal -2.086150e-01 -9.779110e-01 1.303590e-02
    outer loop
      vertex   -3.440150e-02 -6.711984e-02 1.415943e-01
      vertex   -3.245982e-02 -6.750044e-02 1.441156e-01
      vertex   -3.402113e-02 -6.711984e-02 1.476813e-01
    endloop
  endfacet
  facet normal -1.798263e-01 -9.833488e-01 2.622196e-02
    outer loop
      vertex   -3.402113e-02 -6.711984e-02 1.476813e-01
      vertex   -3.245982e-02 -6.750044e-02 1.441156e-01
      vertex   -3.156953e-02 -6.750044e-02 1.502211e-01
    endloop
  endfacet
  facet normal -2.033227e-01 -9.778482e-01 4.972723e-02
    outer loop
      vertex   -3.402113e-02 -6.711984e-02 1.476813e-01
      vertex   -3.156953e-02 -6.750044e-02 1.502211e-01
      vertex   -3.257221e-02 -6.711984e-02 1.536056e-01
    endloop
  endfacet
  facet normal -1.716300e-01 -9.833488e-01 5.973473e-02
    outer loop
      vertex   -3.257221e-02 -6.711984e-02 1.536056e-01
      vertex   -3.156953e-02 -6.750044e-02 1.502211e-01
      vertex   -2.954142e-02 -6.750044e-02 1.560482e-01
    endloop
  endfacet
  facet normal -1.910831e-01 -9.779110e-01 8.471942e-02
    outer loop
      vertex   -3.257221e-02 -6.711984e-02 1.536056e-01
      vertex   -2.954142e-02 -6.750044e-02 1.560482e-01
      vertex   -3.010023e-02 -6.711984e-02 1.591811e-01
    endloop
  endfacet
  facet normal -1.576571e-01 -9.832613e-01 9.133163e-02
    outer loop
      vertex   -3.010023e-02 -6.711984e-02 1.591811e-01
      vertex   -2.954142e-02 -6.750044e-02 1.560482e-01
      vertex   -2.644858e-02 -6.750044e-02 1.613871e-01
    endloop
  endfacet
  facet normal -1.724017e-01 -9.780977e-01 1.166298e-01
    outer loop
      vertex   -3.010023e-02 -6.711984e-02 1.591811e-01
      vertex   -2.644858e-02 -6.750044e-02 1.613871e-01
      vertex   -2.668285e-02 -6.711984e-02 1.642327e-01
    endloop
  endfacet
  facet normal -1.382748e-01 -9.830842e-01 1.201064e-01
    outer loop
      vertex   -2.668285e-02 -6.711984e-02 1.642327e-01
      vertex   -2.644858e-02 -6.750044e-02 1.613871e-01
      vertex   -2.240249e-02 -6.750044e-02 1.660452e-01
    endloop
  endfacet
  facet normal -1.480719e-01 -9.784038e-01 1.442248e-01
    outer loop
      vertex   -2.668285e-02 -6.711984e-02 1.642327e-01
      vertex   -2.240249e-02 -6.750044e-02 1.660452e-01
      vertex   -2.242740e-02 -6.711984e-02 1.686016e-01
    endloop
  endfacet
  facet normal -1.139782e-01 -9.828133e-01 1.452135e-01
    outer loop
      vertex   -2.242740e-02 -6.711984e-02 1.686016e-01
      vertex   -2.240249e-02 -6.750044e-02 1.660452e-01
      vertex   -1.754897e-02 -6.750044e-02 1.698548e-01
    endloop
  endfacet
  facet normal -1.191301e-01 -9.788216e-01 1.664821e-01
    outer loop
      vertex   -2.242740e-02 -6.711984e-02 1.686016e-01
      vertex   -1.754897e-02 -6.750044e-02 1.698548e-01
      vertex   -1.746753e-02 -6.711984e-02 1.721508e-01
    endloop
  endfacet
  facet normal -8.537995e-02 -9.824420e-01 1.658852e-01
    outer loop
      vertex   -1.746753e-02 -6.711984e-02 1.721508e-01
      vertex   -1.754897e-02 -6.750044e-02 1.698548e-01
      vertex   -1.206295e-02 -6.750044e-02 1.726784e-01
    endloop
  endfacet
  facet normal -8.679711e-02 -9.793413e-01 1.826385e-01
    outer loop
      vertex   -1.746753e-02 -6.711984e-02 1.721508e-01
      vertex   -1.206295e-02 -6.750044e-02 1.726784e-01
      vertex   -1.195904e-02 -6.711984e-02 1.747686e-01
    endloop
  endfacet
  facet normal -5.319837e-02 -9.819611e-01 1.814452e-01
    outer loop
      vertex   -1.195904e-02 -6.711984e-02 1.747686e-01
      vertex   -1.206295e-02 -6.750044e-02 1.726784e-01
      vertex   -6.142163e-03 -6.750044e-02 1.744143e-01
    endloop
  endfacet
  facet normal -5.241046e-02 -9.799511e-01 1.922214e-01
    outer loop
      vertex   -1.195904e-02 -6.711984e-02 1.747686e-01
      vertex   -6.142163e-03 -6.750044e-02 1.744143e-01
      vertex   -6.074920e-03 -6.711984e-02 1.763730e-01
    endloop
  endfacet
  facet normal -1.824330e-02 -9.813578e-01 1.913218e-01
    outer loop
      vertex   -6.074920e-03 -6.711984e-02 1.763730e-01
      vertex   -6.142163e-03 -6.750044e-02 1.744143e-01
      vertex   -9.950255e-18 -6.750044e-02 1.750000e-01
    endloop
  endfacet
  facet normal -1.735309e-02 -9.806376e-01 1.950609e-01
    outer loop
      vertex   -6.074920e-03 -6.711984e-02 1.763730e-01
      vertex   -9.950255e-18 -6.750044e-02 1.750000e-01
      vertex   4.214428e-18 -6.711984e-02 1.769134e-01
    endloop
  endfacet
  facet normal 1.735309e-02 -9.806376e-01 1.950609e-01
    outer loop
      vertex   4.214428e-18 -6.711984e-02 1.769134e-01
      vertex   -9.950255e-18 -6.750044e-02 1.750000e-01
      vertex   6.074920e-03 -6.711984e-02 1.763730e-01
    endloop
  endfacet
  facet normal 4.936459e-02 -8.304559e-01 5.548929e-01
    outer loop
      vertex   4.214428e-18 -6.711984e-02 1.769134e-01
      vertex   6.074920e-03 -6.711984e-02 1.763730e-01
      vertex   6.361269e-03 -6.603598e-02 1.779696e-01
    endloop
  endfacet
  facet normal 1.465433e-01 -8.304559e-01 5.374645e-01
    outer loop
      vertex   6.361269e-03 -6.603598e-02 1.779696e-01
      vertex   6.074920e-03 -6.711984e-02 1.763730e-01
      vertex   1.252274e-02 -6.603598e-02 1.762897e-01
    endloop
  endfacet
  facet normal 2.189870e-01 -5.540565e-01 8.031600e-01
    outer loop
      vertex   6.361269e-03 -6.603598e-02 1.779696e-01
      vertex   1.252274e-02 -6.603598e-02 1.762897e-01
      vertex   1.289939e-02 -6.441386e-02 1.773060e-01
    endloop
  endfacet
  facet normal 3.573279e-01 -5.540565e-01 7.518897e-01
    outer loop
      vertex   1.289939e-02 -6.441386e-02 1.773060e-01
      vertex   1.252274e-02 -6.603598e-02 1.762897e-01
      vertex   1.884103e-02 -6.441386e-02 1.744823e-01
    endloop
  endfacet
  facet normal 1.824330e-02 -9.813578e-01 1.913218e-01
    outer loop
      vertex   -9.950255e-18 -6.750044e-02 1.750000e-01
      vertex   6.142163e-03 -6.750044e-02 1.744143e-01
      vertex   6.074920e-03 -6.711984e-02 1.763730e-01
    endloop
  endfacet
  facet normal 5.241046e-02 -9.799511e-01 1.922214e-01
    outer loop
      vertex   6.074920e-03 -6.711984e-02 1.763730e-01
      vertex   6.142163e-03 -6.750044e-02 1.744143e-01
      vertex   1.195904e-02 -6.711984e-02 1.747686e-01
    endloop
  endfacet
  facet normal 1.465433e-01 -8.304559e-01 5.374645e-01
    outer loop
      vertex   6.074920e-03 -6.711984e-02 1.763730e-01
      vertex   1.195904e-02 -6.711984e-02 1.747686e-01
      vertex   1.252274e-02 -6.603598e-02 1.762897e-01
    endloop
  endfacet
  facet normal 2.391193e-01 -8.304559e-01 5.031550e-01
    outer loop
      vertex   1.252274e-02 -6.603598e-02 1.762897e-01
      vertex   1.195904e-02 -6.711984e-02 1.747686e-01
      vertex   1.829089e-02 -6.603598e-02 1.735484e-01
    endloop
  endfacet
  facet normal 3.573279e-01 -5.540565e-01 7.518897e-01
    outer loop
      vertex   1.252274e-02 -6.603598e-02 1.762897e-01
      vertex   1.829089e-02 -6.603598e-02 1.735484e-01
      vertex   1.884103e-02 -6.441386e-02 1.744823e-01
    endloop
  endfacet
  facet normal 4.844457e-01 -5.540565e-01 6.770035e-01
    outer loop
      vertex   1.884103e-02 -6.441386e-02 1.744823e-01
      vertex   1.829089e-02 -6.603598e-02 1.735484e-01
      vertex   2.419090e-02 -6.441386e-02 1.706540e-01
    endloop
  endfacet
  facet normal 5.319837e-02 -9.819611e-01 1.814452e-01
    outer loop
      vertex   6.142163e-03 -6.750044e-02 1.744143e-01
      vertex   1.206295e-02 -6.750044e-02 1.726784e-01
      vertex   1.195904e-02 -6.711984e-02 1.747686e-01
    endloop
  endfacet
  facet normal 8.679711e-02 -9.793413e-01 1.826385e-01
    outer loop
      vertex   1.195904e-02 -6.711984e-02 1.747686e-01
      vertex   1.206295e-02 -6.750044e-02 1.726784e-01
      vertex   1.746753e-02 -6.711984e-02 1.721508e-01
    endloop
  endfacet
  facet normal 2.391193e-01 -8.304559e-01 5.031550e-01
    outer loop
      vertex   1.195904e-02 -6.711984e-02 1.747686e-01
      vertex   1.746753e-02 -6.711984e-02 1.721508e-01
      vertex   1.829089e-02 -6.603598e-02 1.735484e-01
    endloop
  endfacet
  facet normal 3.241849e-01 -8.304559e-01 4.530421e-01
    outer loop
      vertex   1.829089e-02 -6.603598e-02 1.735484e-01
      vertex   1.746753e-02 -6.711984e-02 1.721508e-01
      vertex   2.348454e-02 -6.603598e-02 1.698320e-01
    endloop
  endfacet
  facet normal 4.844457e-01 -5.540565e-01 6.770035e-01
    outer loop
      vertex   1.829089e-02 -6.603598e-02 1.735484e-01
      vertex   2.348454e-02 -6.603598e-02 1.698320e-01
      vertex   2.419090e-02 -6.441386e-02 1.706540e-01
    endloop
  endfacet
  facet normal 5.963476e-01 -5.540565e-01 5.808535e-01
    outer loop
      vertex   2.419090e-02 -6.441386e-02 1.706540e-01
      vertex   2.348454e-02 -6.603598e-02 1.698320e-01
      vertex   2.878097e-02 -6.441386e-02 1.659415e-01
    endloop
  endfacet
  facet normal 8.537995e-02 -9.824420e-01 1.658852e-01
    outer loop
      vertex   1.206295e-02 -6.750044e-02 1.726784e-01
      vertex   1.754897e-02 -6.750044e-02 1.698548e-01
      vertex   1.746753e-02 -6.711984e-02 1.721508e-01
    endloop
  endfacet
  facet normal 1.191301e-01 -9.788216e-01 1.664821e-01
    outer loop
      vertex   1.746753e-02 -6.711984e-02 1.721508e-01
      vertex   1.754897e-02 -6.750044e-02 1.698548e-01
      vertex   2.242740e-02 -6.711984e-02 1.686016e-01
    endloop
  endfacet
  facet normal 3.241849e-01 -8.304559e-01 4.530421e-01
    outer loop
      vertex   1.746753e-02 -6.711984e-02 1.721508e-01
      vertex   2.242740e-02 -6.711984e-02 1.686016e-01
      vertex   2.348454e-02 -6.603598e-02 1.698320e-01
    endloop
  endfacet
  facet normal 3.990682e-01 -8.304559e-01 3.886998e-01
    outer loop
      vertex   2.348454e-02 -6.603598e-02 1.698320e-01
      vertex   2.242740e-02 -6.711984e-02 1.686016e-01
      vertex   2.794058e-02 -6.603598e-02 1.652571e-01
    endloop
  endfacet
  facet normal 5.963476e-01 -5.540565e-01 5.808535e-01
    outer loop
      vertex   2.348454e-02 -6.603598e-02 1.698320e-01
      vertex   2.794058e-02 -6.603598e-02 1.652571e-01
      vertex   2.878097e-02 -6.441386e-02 1.659415e-01
    endloop
  endfacet
  facet normal 6.895191e-01 -5.540565e-01 4.664598e-01
    outer loop
      vertex   2.878097e-02 -6.441386e-02 1.659415e-01
      vertex   2.794058e-02 -6.603598e-02 1.652571e-01
      vertex   3.246706e-02 -6.441386e-02 1.604928e-01
    endloop
  endfacet
  facet normal 1.139782e-01 -9.828133e-01 1.452135e-01
    outer loop
      vertex   1.754897e-02 -6.750044e-02 1.698548e-01
      vertex   2.240249e-02 -6.750044e-02 1.660452e-01
      vertex   2.242740e-02 -6.711984e-02 1.686016e-01
    endloop
  endfacet
  facet normal 1.480719e-01 -9.784038e-01 1.442248e-01
    outer loop
      vertex   2.242740e-02 -6.711984e-02 1.686016e-01
      vertex   2.240249e-02 -6.750044e-02 1.660452e-01
      vertex   2.668285e-02 -6.711984e-02 1.642327e-01
    endloop
  endfacet
  facet normal 3.990682e-01 -8.304559e-01 3.886998e-01
    outer loop
      vertex   2.242740e-02 -6.711984e-02 1.686016e-01
      vertex   2.668285e-02 -6.711984e-02 1.642327e-01
      vertex   2.794058e-02 -6.603598e-02 1.652571e-01
    endloop
  endfacet
  facet normal 4.614174e-01 -8.304559e-01 3.121489e-01
    outer loop
      vertex   2.794058e-02 -6.603598e-02 1.652571e-01
      vertex   2.668285e-02 -6.711984e-02 1.642327e-01
      vertex   3.151904e-02 -6.603598e-02 1.599674e-01
    endloop
  endfacet
  facet normal 6.895191e-01 -5.540565e-01 4.664598e-01
    outer loop
      vertex   2.794058e-02 -6.603598e-02 1.652571e-01
      vertex   3.151904e-02 -6.603598e-02 1.599674e-01
      vertex   3.246706e-02 -6.441386e-02 1.604928e-01
    endloop
  endfacet
  facet normal 7.610338e-01 -5.540565e-01 3.374151e-01
    outer loop
      vertex   3.246706e-02 -6.441386e-02 1.604928e-01
      vertex   3.151904e-02 -6.603598e-02 1.599674e-01
      vertex   3.513341e-02 -6.441386e-02 1.544789e-01
    endloop
  endfacet
  facet normal 1.382748e-01 -9.830842e-01 1.201064e-01
    outer loop
      vertex   2.240249e-02 -6.750044e-02 1.660452e-01
      vertex   2.644858e-02 -6.750044e-02 1.613871e-01
      vertex   2.668285e-02 -6.711984e-02 1.642327e-01
    endloop
  endfacet
  facet normal 1.724017e-01 -9.780977e-01 1.166298e-01
    outer loop
      vertex   2.668285e-02 -6.711984e-02 1.642327e-01
      vertex   2.644858e-02 -6.750044e-02 1.613871e-01
      vertex   3.010023e-02 -6.711984e-02 1.591811e-01
    endloop
  endfacet
  facet normal 4.614174e-01 -8.304559e-01 3.121489e-01
    outer loop
      vertex   2.668285e-02 -6.711984e-02 1.642327e-01
      vertex   3.010023e-02 -6.711984e-02 1.591811e-01
      vertex   3.151904e-02 -6.603598e-02 1.599674e-01
    endloop
  endfacet
  facet normal 5.092741e-01 -8.304559e-01 2.257939e-01
    outer loop
      vertex   3.151904e-02 -6.603598e-02 1.599674e-01
      vertex   3.010023e-02 -6.711984e-02 1.591811e-01
      vertex   3.410754e-02 -6.603598e-02 1.541291e-01
    endloop
  endfacet
  facet normal 7.610338e-01 -5.540565e-01 3.374151e-01
    outer loop
      vertex   3.151904e-02 -6.603598e-02 1.599674e-01
      vertex   3.410754e-02 -6.603598e-02 1.541291e-01
      vertex   3.513341e-02 -6.441386e-02 1.544789e-01
    endloop
  endfacet
  facet normal 8.086453e-01 -5.540565e-01 1.977727e-01
    outer loop
      vertex   3.513341e-02 -6.441386e-02 1.544789e-01
      vertex   3.410754e-02 -6.603598e-02 1.541291e-01
      vertex   3.669626e-02 -6.441386e-02 1.480887e-01
    endloop
  endfacet
  facet normal 1.576571e-01 -9.832613e-01 9.133163e-02
    outer loop
      vertex   2.644858e-02 -6.750044e-02 1.613871e-01
      vertex   2.954142e-02 -6.750044e-02 1.560482e-01
      vertex   3.010023e-02 -6.711984e-02 1.591811e-01
    endloop
  endfacet
  facet normal 1.910831e-01 -9.779110e-01 8.471942e-02
    outer loop
      vertex   3.010023e-02 -6.711984e-02 1.591811e-01
      vertex   2.954142e-02 -6.750044e-02 1.560482e-01
      vertex   3.257221e-02 -6.711984e-02 1.536056e-01
    endloop
  endfacet
  facet normal 5.092741e-01 -8.304559e-01 2.257939e-01
    outer loop
      vertex   3.010023e-02 -6.711984e-02 1.591811e-01
      vertex   3.257221e-02 -6.711984e-02 1.536056e-01
      vertex   3.410754e-02 -6.603598e-02 1.541291e-01
    endloop
  endfacet
  facet normal 5.411352e-01 -8.304559e-01 1.323470e-01
    outer loop
      vertex   3.410754e-02 -6.603598e-02 1.541291e-01
      vertex   3.257221e-02 -6.711984e-02 1.536056e-01
      vertex   3.562476e-02 -6.603598e-02 1.479255e-01
    endloop
  endfacet
  facet normal 8.086453e-01 -5.540565e-01 1.977727e-01
    outer loop
      vertex   3.410754e-02 -6.603598e-02 1.541291e-01
      vertex   3.562476e-02 -6.603598e-02 1.479255e-01
      vertex   3.669626e-02 -6.441386e-02 1.480887e-01
    endloop
  endfacet
  facet normal 8.308585e-01 -5.540565e-01 5.191857e-02
    outer loop
      vertex   3.669626e-02 -6.441386e-02 1.480887e-01
      vertex   3.562476e-02 -6.603598e-02 1.479255e-01
      vertex   3.710654e-02 -6.441386e-02 1.415231e-01
    endloop
  endfacet
  facet normal 1.716300e-01 -9.833488e-01 5.973473e-02
    outer loop
      vertex   2.954142e-02 -6.750044e-02 1.560482e-01
      vertex   3.156953e-02 -6.750044e-02 1.502211e-01
      vertex   3.257221e-02 -6.711984e-02 1.536056e-01
    endloop
  endfacet
  facet normal 2.033227e-01 -9.778482e-01 4.972723e-02
    outer loop
      vertex   3.257221e-02 -6.711984e-02 1.536056e-01
      vertex   3.156953e-02 -6.750044e-02 1.502211e-01
      vertex   3.402113e-02 -6.711984e-02 1.476813e-01
    endloop
  endfacet
  facet normal 5.411352e-01 -8.304559e-01 1.323470e-01
    outer loop
      vertex   3.257221e-02 -6.711984e-02 1.536056e-01
      vertex   3.402113e-02 -6.711984e-02 1.476813e-01
      vertex   3.562476e-02 -6.603598e-02 1.479255e-01
    endloop
  endfacet
  facet normal 5.559999e-01 -8.304559e-01 3.474324e-02
    outer loop
      vertex   3.562476e-02 -6.603598e-02 1.479255e-01
      vertex   3.402113e-02 -6.711984e-02 1.476813e-01
      vertex   3.602305e-02 -6.603598e-02 1.415516e-01
    endloop
  endfacet
  facet normal 8.308585e-01 -5.540565e-01 5.191857e-02
    outer loop
      vertex   3.562476e-02 -6.603598e-02 1.479255e-01
      vertex   3.602305e-02 -6.603598e-02 1.415516e-01
      vertex   3.710654e-02 -6.441386e-02 1.415231e-01
    endloop
  endfacet
  facet normal 8.269755e-01 -5.540565e-01 -9.556629e-02
    outer loop
      vertex   3.710654e-02 -6.441386e-02 1.415231e-01
      vertex   3.602305e-02 -6.603598e-02 1.415516e-01
      vertex   3.635135e-02 -6.441386e-02 1.349881e-01
    endloop
  endfacet
  facet normal 1.798263e-01 -9.833488e-01 2.622196e-02
    outer loop
      vertex   3.156953e-02 -6.750044e-02 1.502211e-01
      vertex   3.245982e-02 -6.750044e-02 1.441156e-01
      vertex   3.402113e-02 -6.711984e-02 1.476813e-01
    endloop
  endfacet
  facet normal 2.086150e-01 -9.779110e-01 1.303590e-02
    outer loop
      vertex   3.402113e-02 -6.711984e-02 1.476813e-01
      vertex   3.245982e-02 -6.750044e-02 1.441156e-01
      vertex   3.440150e-02 -6.711984e-02 1.415943e-01
    endloop
  endfacet
  facet normal 5.559999e-01 -8.304559e-01 3.474324e-02
    outer loop
      vertex   3.402113e-02 -6.711984e-02 1.476813e-01
      vertex   3.440150e-02 -6.711984e-02 1.415943e-01
      vertex   3.602305e-02 -6.603598e-02 1.415516e-01
    endloop
  endfacet
  facet normal 5.534014e-01 -8.304559e-01 -6.395174e-02
    outer loop
      vertex   3.602305e-02 -6.603598e-02 1.415516e-01
      vertex   3.440150e-02 -6.711984e-02 1.415943e-01
      vertex   3.528991e-02 -6.603598e-02 1.352074e-01
    endloop
  endfacet
  facet normal 8.269755e-01 -5.540565e-01 -9.556629e-02
    outer loop
      vertex   3.602305e-02 -6.603598e-02 1.415516e-01
      vertex   3.528991e-02 -6.603598e-02 1.352074e-01
      vertex   3.635135e-02 -6.441386e-02 1.349881e-01
    endloop
  endfacet
  facet normal 7.971183e-01 -5.540565e-01 -2.400495e-01
    outer loop
      vertex   3.635135e-02 -6.441386e-02 1.349881e-01
      vertex   3.528991e-02 -6.603598e-02 1.352074e-01
      vertex   3.445441e-02 -6.441386e-02 1.286890e-01
    endloop
  endfacet
  facet normal 1.820138e-01 -9.832613e-01 -8.257328e-03
    outer loop
      vertex   3.245982e-02 -6.750044e-02 1.441156e-01
      vertex   3.218019e-02 -6.750044e-02 1.379519e-01
      vertex   3.440150e-02 -6.711984e-02 1.415943e-01
    endloop
  endfacet
  facet normal 2.067702e-01 -9.780977e-01 -2.389462e-02
    outer loop
      vertex   3.440150e-02 -6.711984e-02 1.415943e-01
      vertex   3.218019e-02 -6.750044e-02 1.379519e-01
      vertex   3.370136e-02 -6.711984e-02 1.355357e-01
    endloop
  endfacet
  facet normal 5.534014e-01 -8.304559e-01 -6.395174e-02
    outer loop
      vertex   3.440150e-02 -6.711984e-02 1.415943e-01
      vertex   3.370136e-02 -6.711984e-02 1.355357e-01
      vertex   3.528991e-02 -6.603598e-02 1.352074e-01
    endloop
  endfacet
  facet normal 5.334214e-01 -8.304559e-01 -1.606381e-01
    outer loop
      vertex   3.528991e-02 -6.603598e-02 1.352074e-01
      vertex   3.370136e-02 -6.711984e-02 1.355357e-01
      vertex   3.344836e-02 -6.603598e-02 1.290923e-01
    endloop
  endfacet
  facet normal 7.971183e-01 -5.540565e-01 -2.400495e-01
    outer loop
      vertex   3.528991e-02 -6.603598e-02 1.352074e-01
      vertex   3.344836e-02 -6.603598e-02 1.290923e-01
      vertex   3.445441e-02 -6.441386e-02 1.286890e-01
    endloop
  endfacet
  facet normal 7.422247e-01 -5.540565e-01 -3.769932e-01
    outer loop
      vertex   3.445441e-02 -6.441386e-02 1.286890e-01
      vertex   3.344836e-02 -6.603598e-02 1.290923e-01
      vertex   3.147531e-02 -6.441386e-02 1.228238e-01
    endloop
  endfacet
  facet normal 1.781001e-01 -9.830842e-01 -4.272963e-02
    outer loop
      vertex   3.218019e-02 -6.750044e-02 1.379519e-01
      vertex   3.074074e-02 -6.750044e-02 1.319522e-01
      vertex   3.370136e-02 -6.711984e-02 1.355357e-01
    endloop
  endfacet
  facet normal 1.979229e-01 -9.784038e-01 -5.960383e-02
    outer loop
      vertex   3.370136e-02 -6.711984e-02 1.355357e-01
      vertex   3.074074e-02 -6.750044e-02 1.319522e-01
      vertex   3.194271e-02 -6.711984e-02 1.296958e-01
    endloop
  endfacet
  facet normal 5.334214e-01 -8.304559e-01 -1.606381e-01
    outer loop
      vertex   3.370136e-02 -6.711984e-02 1.355357e-01
      vertex   3.194271e-02 -6.711984e-02 1.296958e-01
      vertex   3.344836e-02 -6.603598e-02 1.290923e-01
    endloop
  endfacet
  facet normal 4.966873e-01 -8.304559e-01 -2.522790e-01
    outer loop
      vertex   3.344836e-02 -6.603598e-02 1.290923e-01
      vertex   3.194271e-02 -6.711984e-02 1.296958e-01
      vertex   3.055625e-02 -6.603598e-02 1.233983e-01
    endloop
  endfacet
  facet normal 7.422247e-01 -5.540565e-01 -3.769932e-01
    outer loop
      vertex   3.344836e-02 -6.603598e-02 1.290923e-01
      vertex   3.055625e-02 -6.603598e-02 1.233983e-01
      vertex   3.147531e-02 -6.441386e-02 1.228238e-01
    endloop
  endfacet
  facet normal 6.640188e-01 -5.540565e-01 -5.020959e-01
    outer loop
      vertex   3.147531e-02 -6.441386e-02 1.228238e-01
      vertex   3.055625e-02 -6.603598e-02 1.233983e-01
      vertex   2.750760e-02 -6.441386e-02 1.175765e-01
    endloop
  endfacet
  facet normal 1.681340e-01 -9.828133e-01 -7.621654e-02
    outer loop
      vertex   3.074074e-02 -6.750044e-02 1.319522e-01
      vertex   2.819333e-02 -6.750044e-02 1.263326e-01
      vertex   3.194271e-02 -6.711984e-02 1.296958e-01
    endloop
  endfacet
  facet normal 1.825206e-01 -9.788216e-01 -9.270647e-02
    outer loop
      vertex   3.194271e-02 -6.711984e-02 1.296958e-01
      vertex   2.819333e-02 -6.750044e-02 1.263326e-01
      vertex   2.918078e-02 -6.711984e-02 1.242581e-01
    endloop
  endfacet
  facet normal 4.966873e-01 -8.304559e-01 -2.522790e-01
    outer loop
      vertex   3.194271e-02 -6.711984e-02 1.296958e-01
      vertex   2.918078e-02 -6.711984e-02 1.242581e-01
      vertex   3.055625e-02 -6.603598e-02 1.233983e-01
    endloop
  endfacet
  facet normal 4.443529e-01 -8.304559e-01 -3.359962e-01
    outer loop
      vertex   3.055625e-02 -6.603598e-02 1.233983e-01
      vertex   2.918078e-02 -6.711984e-02 1.242581e-01
      vertex   2.670440e-02 -6.603598e-02 1.183042e-01
    endloop
  endfacet
  facet normal 6.640188e-01 -5.540565e-01 -5.020959e-01
    outer loop
      vertex   3.055625e-02 -6.603598e-02 1.233983e-01
      vertex   2.670440e-02 -6.603598e-02 1.183042e-01
      vertex   2.750760e-02 -6.441386e-02 1.175765e-01
    endloop
  endfacet
  facet normal 5.649570e-01 -5.540565e-01 -6.114286e-01
    outer loop
      vertex   2.750760e-02 -6.441386e-02 1.175765e-01
      vertex   2.670440e-02 -6.603598e-02 1.183042e-01
      vertex   2.267593e-02 -6.441386e-02 1.131120e-01
    endloop
  endfacet
  facet normal 1.523047e-01 -9.824420e-01 -1.077540e-01
    outer loop
      vertex   2.819333e-02 -6.750044e-02 1.263326e-01
      vertex   2.462978e-02 -6.750044e-02 1.212957e-01
      vertex   2.918078e-02 -6.711984e-02 1.242581e-01
    endloop
  endfacet
  facet normal 1.612942e-01 -9.793413e-01 -1.219621e-01
    outer loop
      vertex   2.918078e-02 -6.711984e-02 1.242581e-01
      vertex   2.462978e-02 -6.750044e-02 1.212957e-01
      vertex   2.550232e-02 -6.711984e-02 1.193934e-01
    endloop
  endfacet
  facet normal 4.443529e-01 -8.304559e-01 -3.359962e-01
    outer loop
      vertex   2.918078e-02 -6.711984e-02 1.242581e-01
      vertex   2.550232e-02 -6.711984e-02 1.193934e-01
      vertex   2.670440e-02 -6.603598e-02 1.183042e-01
    endloop
  endfacet
  facet normal 3.780621e-01 -8.304559e-01 -4.091602e-01
    outer loop
      vertex   2.670440e-02 -6.603598e-02 1.183042e-01
      vertex   2.550232e-02 -6.711984e-02 1.193934e-01
      vertex   2.201380e-02 -6.603598e-02 1.139702e-01
    endloop
  endfacet
  facet normal 5.649570e-01 -5.540565e-01 -6.114286e-01
    outer loop
      vertex   2.670440e-02 -6.603598e-02 1.183042e-01
      vertex   2.201380e-02 -6.603598e-02 1.139702e-01
      vertex   2.267593e-02 -6.441386e-02 1.131120e-01
    endloop
  endfacet
  facet normal 4.792481e-01 -5.552136e-01 -6.797493e-01
    outer loop
      vertex   2.267593e-02 -6.441386e-02 1.131120e-01
      vertex   2.201380e-02 -6.603598e-02 1.139702e-01
      vertex   1.956942e-02 -6.453035e-02 1.110170e-01
    endloop
  endfacet
  facet normal 1.309373e-01 -9.819611e-01 -1.364106e-01
    outer loop
      vertex   2.462978e-02 -6.750044e-02 1.212957e-01
      vertex   2.017852e-02 -6.750044e-02 1.170230e-01
      vertex   2.550232e-02 -6.711984e-02 1.193934e-01
    endloop
  endfacet
  facet normal 1.352119e-01 -9.799511e-01 -1.463340e-01
    outer loop
      vertex   2.550232e-02 -6.711984e-02 1.193934e-01
      vertex   2.017852e-02 -6.750044e-02 1.170230e-01
      vertex   2.102287e-02 -6.711984e-02 1.152544e-01
    endloop
  endfacet
  facet normal 3.780621e-01 -8.304559e-01 -4.091602e-01
    outer loop
      vertex   2.550232e-02 -6.711984e-02 1.193934e-01
      vertex   2.102287e-02 -6.711984e-02 1.152544e-01
      vertex   2.201380e-02 -6.603598e-02 1.139702e-01
    endloop
  endfacet
  facet normal 3.188031e-01 -8.311915e-01 -4.555055e-01
    outer loop
      vertex   2.201380e-02 -6.603598e-02 1.139702e-01
      vertex   2.102287e-02 -6.711984e-02 1.152544e-01
      vertex   1.841223e-02 -6.615517e-02 1.116669e-01
    endloop
  endfacet
  facet normal 4.492244e-01 -5.887457e-01 -6.719940e-01
    outer loop
      vertex   2.201380e-02 -6.603598e-02 1.139702e-01
      vertex   1.841223e-02 -6.615517e-02 1.116669e-01
      vertex   1.956942e-02 -6.453035e-02 1.110170e-01
    endloop
  endfacet
  facet normal 5.665709e-04 -9.999995e-01 -8.746688e-04
    outer loop
      vertex   1.500000e-02 -6.750044e-02 1.136686e-01
      vertex   1.501097e-02 -6.750043e-02 1.136619e-01
      vertex   2.017852e-02 -6.750044e-02 1.170230e-01
    endloop
  endfacet
  facet normal 9.659849e-02 -9.841800e-01 -1.485208e-01
    outer loop
      vertex   2.017852e-02 -6.750044e-02 1.170230e-01
      vertex   1.501097e-02 -6.750043e-02 1.136619e-01
      vertex   1.680616e-02 -6.716283e-02 1.125924e-01
    endloop
  endfacet
  facet normal 1.101154e-01 -9.811863e-01 -1.585811e-01
    outer loop
      vertex   2.017852e-02 -6.750044e-02 1.170230e-01
      vertex   1.680616e-02 -6.716283e-02 1.125924e-01
      vertex   2.102287e-02 -6.711984e-02 1.152544e-01
    endloop
  endfacet
  facet normal 2.841829e-01 -8.537115e-01 -4.363677e-01
    outer loop
      vertex   2.102287e-02 -6.711984e-02 1.152544e-01
      vertex   1.680616e-02 -6.716283e-02 1.125924e-01
      vertex   1.841223e-02 -6.615517e-02 1.116669e-01
    endloop
  endfacet
  facet normal 2.189870e-01 -5.540565e-01 8.031600e-01
    outer loop
      vertex   1.289939e-02 -6.441386e-02 1.773060e-01
      vertex   6.552601e-03 -6.441386e-02 1.790365e-01
      vertex   6.361269e-03 -6.603598e-02 1.779696e-01
    endloop
  endfacet
  facet normal 7.376798e-02 -5.540565e-01 8.292042e-01
    outer loop
      vertex   6.361269e-03 -6.603598e-02 1.779696e-01
      vertex   6.552601e-03 -6.441386e-02 1.790365e-01
      vertex   4.413080e-18 -6.603598e-02 1.785355e-01
    endloop
  endfacet
  facet normal 4.936459e-02 -8.304559e-01 5.548929e-01
    outer loop
      vertex   6.361269e-03 -6.603598e-02 1.779696e-01
      vertex   4.413080e-18 -6.603598e-02 1.785355e-01
      vertex   4.214428e-18 -6.711984e-02 1.769134e-01
    endloop
  endfacet
  facet normal -4.936459e-02 -8.304559e-01 5.548929e-01
    outer loop
      vertex   4.214428e-18 -6.711984e-02 1.769134e-01
      vertex   4.413080e-18 -6.603598e-02 1.785355e-01
      vertex   -6.074920e-03 -6.711984e-02 1.763730e-01
    endloop
  endfacet
  facet normal 7.376798e-02 -5.540565e-01 8.292042e-01
    outer loop
      vertex   6.552601e-03 -6.441386e-02 1.790365e-01
      vertex   4.545815e-18 -6.441386e-02 1.796194e-01
      vertex   4.413080e-18 -6.603598e-02 1.785355e-01
    endloop
  endfacet
  facet normal -7.376798e-02 -5.540565e-01 8.292042e-01
    outer loop
      vertex   4.413080e-18 -6.603598e-02 1.785355e-01
      vertex   4.545815e-18 -6.441386e-02 1.796194e-01
      vertex   -6.361269e-03 -6.603598e-02 1.779696e-01
    endloop
  endfacet
  facet normal -4.936459e-02 -8.304559e-01 5.548929e-01
    outer loop
      vertex   4.413080e-18 -6.603598e-02 1.785355e-01
      vertex   -6.361269e-03 -6.603598e-02 1.779696e-01
      vertex   -6.074920e-03 -6.711984e-02 1.763730e-01
    endloop
  endfacet
  facet normal -1.465433e-01 -8.304559e-01 5.374645e-01
    outer loop
      vertex   -6.074920e-03 -6.711984e-02 1.763730e-01
      vertex   -6.361269e-03 -6.603598e-02 1.779696e-01
      vertex   -1.195904e-02 -6.711984e-02 1.747686e-01
    endloop
  endfacet
  facet normal -7.376798e-02 -5.540565e-01 8.292042e-01
    outer loop
      vertex   4.545815e-18 -6.441386e-02 1.796194e-01
      vertex   -6.552601e-03 -6.441386e-02 1.790365e-01
      vertex   -6.361269e-03 -6.603598e-02 1.779696e-01
    endloop
  endfacet
  facet normal -2.189870e-01 -5.540565e-01 8.031600e-01
    outer loop
      vertex   -6.361269e-03 -6.603598e-02 1.779696e-01
      vertex   -6.552601e-03 -6.441386e-02 1.790365e-01
      vertex   -1.252274e-02 -6.603598e-02 1.762897e-01
    endloop
  endfacet
  facet normal -1.465433e-01 -8.304559e-01 5.374645e-01
    outer loop
      vertex   -6.361269e-03 -6.603598e-02 1.779696e-01
      vertex   -1.252274e-02 -6.603598e-02 1.762897e-01
      vertex   -1.195904e-02 -6.711984e-02 1.747686e-01
    endloop
  endfacet
  facet normal -2.391193e-01 -8.304559e-01 5.031550e-01
    outer loop
      vertex   -1.195904e-02 -6.711984e-02 1.747686e-01
      vertex   -1.252274e-02 -6.603598e-02 1.762897e-01
      vertex   -1.746753e-02 -6.711984e-02 1.721508e-01
    endloop
  endfacet
  facet normal -2.189870e-01 -5.540565e-01 8.031600e-01
    outer loop
      vertex   -6.552601e-03 -6.441386e-02 1.790365e-01
      vertex   -1.289939e-02 -6.441386e-02 1.773060e-01
      vertex   -1.252274e-02 -6.603598e-02 1.762897e-01
    endloop
  endfacet
  facet normal -3.573279e-01 -5.540565e-01 7.518897e-01
    outer loop
      vertex   -1.252274e-02 -6.603598e-02 1.762897e-01
      vertex   -1.289939e-02 -6.441386e-02 1.773060e-01
      vertex   -1.829089e-02 -6.603598e-02 1.735484e-01
    endloop
  endfacet
  facet normal -2.391193e-01 -8.304559e-01 5.031550e-01
    outer loop
      vertex   -1.252274e-02 -6.603598e-02 1.762897e-01
      vertex   -1.829089e-02 -6.603598e-02 1.735484e-01
      vertex   -1.746753e-02 -6.711984e-02 1.721508e-01
    endloop
  endfacet
  facet normal -3.241849e-01 -8.304559e-01 4.530421e-01
    outer loop
      vertex   -1.746753e-02 -6.711984e-02 1.721508e-01
      vertex   -1.829089e-02 -6.603598e-02 1.735484e-01
      vertex   -2.242740e-02 -6.711984e-02 1.686016e-01
    endloop
  endfacet
  facet normal -3.573279e-01 -5.540565e-01 7.518897e-01
    outer loop
      vertex   -1.289939e-02 -6.441386e-02 1.773060e-01
      vertex   -1.884103e-02 -6.441386e-02 1.744823e-01
      vertex   -1.829089e-02 -6.603598e-02 1.735484e-01
    endloop
  endfacet
  facet normal -4.844457e-01 -5.540565e-01 6.770035e-01
    outer loop
      vertex   -1.829089e-02 -6.603598e-02 1.735484e-01
      vertex   -1.884103e-02 -6.441386e-02 1.744823e-01
      vertex   -2.348454e-02 -6.603598e-02 1.698320e-01
    endloop
  endfacet
  facet normal -3.241849e-01 -8.304559e-01 4.530421e-01
    outer loop
      vertex   -1.829089e-02 -6.603598e-02 1.735484e-01
      vertex   -2.348454e-02 -6.603598e-02 1.698320e-01
      vertex   -2.242740e-02 -6.711984e-02 1.686016e-01
    endloop
  endfacet
  facet normal -3.990682e-01 -8.304559e-01 3.886998e-01
    outer loop
      vertex   -2.242740e-02 -6.711984e-02 1.686016e-01
      vertex   -2.348454e-02 -6.603598e-02 1.698320e-01
      vertex   -2.668285e-02 -6.711984e-02 1.642327e-01
    endloop
  endfacet
  facet normal -4.844457e-01 -5.540565e-01 6.770035e-01
    outer loop
      vertex   -1.884103e-02 -6.441386e-02 1.744823e-01
      vertex   -2.419090e-02 -6.441386e-02 1.706540e-01
      vertex   -2.348454e-02 -6.603598e-02 1.698320e-01
    endloop
  endfacet
  facet normal -5.963476e-01 -5.540565e-01 5.808535e-01
    outer loop
      vertex   -2.348454e-02 -6.603598e-02 1.698320e-01
      vertex   -2.419090e-02 -6.441386e-02 1.706540e-01
      vertex   -2.794058e-02 -6.603598e-02 1.652571e-01
    endloop
  endfacet
  facet normal -3.990682e-01 -8.304559e-01 3.886998e-01
    outer loop
      vertex   -2.348454e-02 -6.603598e-02 1.698320e-01
      vertex   -2.794058e-02 -6.603598e-02 1.652571e-01
      vertex   -2.668285e-02 -6.711984e-02 1.642327e-01
    endloop
  endfacet
  facet normal -4.614174e-01 -8.304559e-01 3.121489e-01
    outer loop
      vertex   -2.668285e-02 -6.711984e-02 1.642327e-01
      vertex   -2.794058e-02 -6.603598e-02 1.652571e-01
      vertex   -3.010023e-02 -6.711984e-02 1.591811e-01
    endloop
  endfacet
  facet normal -5.963476e-01 -5.540565e-01 5.808535e-01
    outer loop
      vertex   -2.419090e-02 -6.441386e-02 1.706540e-01
      vertex   -2.878097e-02 -6.441386e-02 1.659415e-01
      vertex   -2.794058e-02 -6.603598e-02 1.652571e-01
    endloop
  endfacet
  facet normal -6.895191e-01 -5.540565e-01 4.664598e-01
    outer loop
      vertex   -2.794058e-02 -6.603598e-02 1.652571e-01
      vertex   -2.878097e-02 -6.441386e-02 1.659415e-01
      vertex   -3.151904e-02 -6.603598e-02 1.599674e-01
    endloop
  endfacet
  facet normal -4.614174e-01 -8.304559e-01 3.121489e-01
    outer loop
      vertex   -2.794058e-02 -6.603598e-02 1.652571e-01
      vertex   -3.151904e-02 -6.603598e-02 1.599674e-01
      vertex   -3.010023e-02 -6.711984e-02 1.591811e-01
    endloop
  endfacet
  facet normal -5.092741e-01 -8.304559e-01 2.257939e-01
    outer loop
      vertex   -3.010023e-02 -6.711984e-02 1.591811e-01
      vertex   -3.151904e-02 -6.603598e-02 1.599674e-01
      vertex   -3.257221e-02 -6.711984e-02 1.536056e-01
    endloop
  endfacet
  facet normal -6.895191e-01 -5.540565e-01 4.664598e-01
    outer loop
      vertex   -2.878097e-02 -6.441386e-02 1.659415e-01
      vertex   -3.246706e-02 -6.441386e-02 1.604928e-01
      vertex   -3.151904e-02 -6.603598e-02 1.599674e-01
    endloop
  endfacet
  facet normal -7.610338e-01 -5.540565e-01 3.374151e-01
    outer loop
      vertex   -3.151904e-02 -6.603598e-02 1.599674e-01
      vertex   -3.246706e-02 -6.441386e-02 1.604928e-01
      vertex   -3.410754e-02 -6.603598e-02 1.541291e-01
    endloop
  endfacet
  facet normal -5.092741e-01 -8.304559e-01 2.257939e-01
    outer loop
      vertex   -3.151904e-02 -6.603598e-02 1.599674e-01
      vertex   -3.410754e-02 -6.603598e-02 1.541291e-01
      vertex   -3.257221e-02 -6.711984e-02 1.536056e-01
    endloop
  endfacet
  facet normal -5.411352e-01 -8.304559e-01 1.323470e-01
    outer loop
      vertex   -3.257221e-02 -6.711984e-02 1.536056e-01
      vertex   -3.410754e-02 -6.603598e-02 1.541291e-01
      vertex   -3.402113e-02 -6.711984e-02 1.476813e-01
    endloop
  endfacet
  facet normal -7.610338e-01 -5.540565e-01 3.374151e-01
    outer loop
      vertex   -3.246706e-02 -6.441386e-02 1.604928e-01
      vertex   -3.513341e-02 -6.441386e-02 1.544789e-01
      vertex   -3.410754e-02 -6.603598e-02 1.541291e-01
    endloop
  endfacet
  facet normal -8.086453e-01 -5.540565e-01 1.977727e-01
    outer loop
      vertex   -3.410754e-02 -6.603598e-02 1.541291e-01
      vertex   -3.513341e-02 -6.441386e-02 1.544789e-01
      vertex   -3.562476e-02 -6.603598e-02 1.479255e-01
    endloop
  endfacet
  facet normal -5.411352e-01 -8.304559e-01 1.323470e-01
    outer loop
      vertex   -3.410754e-02 -6.603598e-02 1.541291e-01
      vertex   -3.562476e-02 -6.603598e-02 1.479255e-01
      vertex   -3.402113e-02 -6.711984e-02 1.476813e-01
    endloop
  endfacet
  facet normal -5.559999e-01 -8.304559e-01 3.474324e-02
    outer loop
      vertex   -3.402113e-02 -6.711984e-02 1.476813e-01
      vertex   -3.562476e-02 -6.603598e-02 1.479255e-01
      vertex   -3.440150e-02 -6.711984e-02 1.415943e-01
    endloop
  endfacet
  facet normal -8.086453e-01 -5.540565e-01 1.977727e-01
    outer loop
      vertex   -3.513341e-02 -6.441386e-02 1.544789e-01
      vertex   -3.669626e-02 -6.441386e-02 1.480887e-01
      vertex   -3.562476e-02 -6.603598e-02 1.479255e-01
    endloop
  endfacet
  facet normal -8.308585e-01 -5.540565e-01 5.191857e-02
    outer loop
      vertex   -3.562476e-02 -6.603598e-02 1.479255e-01
      vertex   -3.669626e-02 -6.441386e-02 1.480887e-01
      vertex   -3.602305e-02 -6.603598e-02 1.415516e-01
    endloop
  endfacet
  facet normal -5.559999e-01 -8.304559e-01 3.474324e-02
    outer loop
      vertex   -3.562476e-02 -6.603598e-02 1.479255e-01
      vertex   -3.602305e-02 -6.603598e-02 1.415516e-01
      vertex   -3.440150e-02 -6.711984e-02 1.415943e-01
    endloop
  endfacet
  facet normal -5.534014e-01 -8.304559e-01 -6.395174e-02
    outer loop
      vertex   -3.440150e-02 -6.711984e-02 1.415943e-01
      vertex   -3.602305e-02 -6.603598e-02 1.415516e-01
      vertex   -3.370136e-02 -6.711984e-02 1.355357e-01
    endloop
  endfacet
  facet normal -8.308585e-01 -5.540565e-01 5.191857e-02
    outer loop
      vertex   -3.669626e-02 -6.441386e-02 1.480887e-01
      vertex   -3.710654e-02 -6.441386e-02 1.415231e-01
      vertex   -3.602305e-02 -6.603598e-02 1.415516e-01
    endloop
  endfacet
  facet normal -8.269755e-01 -5.540565e-01 -9.556629e-02
    outer loop
      vertex   -3.602305e-02 -6.603598e-02 1.415516e-01
      vertex   -3.710654e-02 -6.441386e-02 1.415231e-01
      vertex   -3.528991e-02 -6.603598e-02 1.352074e-01
    endloop
  endfacet
  facet normal -5.534014e-01 -8.304559e-01 -6.395174e-02
    outer loop
      vertex   -3.602305e-02 -6.603598e-02 1.415516e-01
      vertex   -3.528991e-02 -6.603598e-02 1.352074e-01
      vertex   -3.370136e-02 -6.711984e-02 1.355357e-01
    endloop
  endfacet
  facet normal -5.334214e-01 -8.304559e-01 -1.606381e-01
    outer loop
      vertex   -3.370136e-02 -6.711984e-02 1.355357e-01
      vertex   -3.528991e-02 -6.603598e-02 1.352074e-01
      vertex   -3.194271e-02 -6.711984e-02 1.296958e-01
    endloop
  endfacet
  facet normal -8.269755e-01 -5.540565e-01 -9.556629e-02
    outer loop
      vertex   -3.710654e-02 -6.441386e-02 1.415231e-01
      vertex   -3.635135e-02 -6.441386e-02 1.349881e-01
      vertex   -3.528991e-02 -6.603598e-02 1.352074e-01
    endloop
  endfacet
  facet normal -7.971183e-01 -5.540565e-01 -2.400495e-01
    outer loop
      vertex   -3.528991e-02 -6.603598e-02 1.352074e-01
      vertex   -3.635135e-02 -6.441386e-02 1.349881e-01
      vertex   -3.344836e-02 -6.603598e-02 1.290923e-01
    endloop
  endfacet
  facet normal -5.334214e-01 -8.304559e-01 -1.606381e-01
    outer loop
      vertex   -3.528991e-02 -6.603598e-02 1.352074e-01
      vertex   -3.344836e-02 -6.603598e-02 1.290923e-01
      vertex   -3.194271e-02 -6.711984e-02 1.296958e-01
    endloop
  endfacet
  facet normal -4.966873e-01 -8.304559e-01 -2.522790e-01
    outer loop
      vertex   -3.194271e-02 -6.711984e-02 1.296958e-01
      vertex   -3.344836e-02 -6.603598e-02 1.290923e-01
      vertex   -2.918078e-02 -6.711984e-02 1.242581e-01
    endloop
  endfacet
  facet normal -7.971183e-01 -5.540565e-01 -2.400495e-01
    outer loop
      vertex   -3.635135e-02 -6.441386e-02 1.349881e-01
      vertex   -3.445441e-02 -6.441386e-02 1.286890e-01
      vertex   -3.344836e-02 -6.603598e-02 1.290923e-01
    endloop
  endfacet
  facet normal -7.422247e-01 -5.540565e-01 -3.769932e-01
    outer loop
      vertex   -3.344836e-02 -6.603598e-02 1.290923e-01
      vertex   -3.445441e-02 -6.441386e-02 1.286890e-01
      vertex   -3.055625e-02 -6.603598e-02 1.233983e-01
    endloop
  endfacet
  facet normal -4.966873e-01 -8.304559e-01 -2.522790e-01
    outer loop
      vertex   -3.344836e-02 -6.603598e-02 1.290923e-01
      vertex   -3.055625e-02 -6.603598e-02 1.233983e-01
      vertex   -2.918078e-02 -6.711984e-02 1.242581e-01
    endloop
  endfacet
  facet normal -4.443529e-01 -8.304559e-01 -3.359962e-01
    outer loop
      vertex   -2.918078e-02 -6.711984e-02 1.242581e-01
      vertex   -3.055625e-02 -6.603598e-02 1.233983e-01
      vertex   -2.550232e-02 -6.711984e-02 1.193934e-01
    endloop
  endfacet
  facet normal -7.422247e-01 -5.540565e-01 -3.769932e-01
    outer loop
      vertex   -3.445441e-02 -6.441386e-02 1.286890e-01
      vertex   -3.147531e-02 -6.441386e-02 1.228238e-01
      vertex   -3.055625e-02 -6.603598e-02 1.233983e-01
    endloop
  endfacet
  facet normal -6.640188e-01 -5.540565e-01 -5.020959e-01
    outer loop
      vertex   -3.055625e-02 -6.603598e-02 1.233983e-01
      vertex   -3.147531e-02 -6.441386e-02 1.228238e-01
      vertex   -2.670440e-02 -6.603598e-02 1.183042e-01
    endloop
  endfacet
  facet normal -4.443529e-01 -8.304559e-01 -3.359962e-01
    outer loop
      vertex   -3.055625e-02 -6.603598e-02 1.233983e-01
      vertex   -2.670440e-02 -6.603598e-02 1.183042e-01
      vertex   -2.550232e-02 -6.711984e-02 1.193934e-01
    endloop
  endfacet
  facet normal -3.780621e-01 -8.304559e-01 -4.091602e-01
    outer loop
      vertex   -2.550232e-02 -6.711984e-02 1.193934e-01
      vertex   -2.670440e-02 -6.603598e-02 1.183042e-01
      vertex   -2.102287e-02 -6.711984e-02 1.152544e-01
    endloop
  endfacet
  facet normal -6.640188e-01 -5.540565e-01 -5.020959e-01
    outer loop
      vertex   -3.147531e-02 -6.441386e-02 1.228238e-01
      vertex   -2.750760e-02 -6.441386e-02 1.175765e-01
      vertex   -2.670440e-02 -6.603598e-02 1.183042e-01
    endloop
  endfacet
  facet normal -5.649570e-01 -5.540565e-01 -6.114286e-01
    outer loop
      vertex   -2.670440e-02 -6.603598e-02 1.183042e-01
      vertex   -2.750760e-02 -6.441386e-02 1.175765e-01
      vertex   -2.201380e-02 -6.603598e-02 1.139702e-01
    endloop
  endfacet
  facet normal -3.780621e-01 -8.304559e-01 -4.091602e-01
    outer loop
      vertex   -2.670440e-02 -6.603598e-02 1.183042e-01
      vertex   -2.201380e-02 -6.603598e-02 1.139702e-01
      vertex   -2.102287e-02 -6.711984e-02 1.152544e-01
    endloop
  endfacet
  facet normal -5.649570e-01 -5.540565e-01 -6.114286e-01
    outer loop
      vertex   -2.267593e-02 -6.441386e-02 1.131120e-01
      vertex   -2.201380e-02 -6.603598e-02 1.139702e-01
      vertex   -2.750760e-02 -6.441386e-02 1.175765e-01
    endloop
  endfacet
  facet normal -6.063554e-01 -0.000000e+00 -7.951938e-01
    outer loop
      vertex   -2.000000e-02 -4.750044e-02 1.107786e-01
      vertex   -2.000000e-02 -6.250044e-02 1.107786e-01
      vertex   -2.529693e-02 -4.750044e-02 1.148176e-01
    endloop
  endfacet
  facet normal -6.063554e-01 -7.357020e-16 -7.951938e-01
    outer loop
      vertex   -2.529693e-02 -4.750044e-02 1.148176e-01
      vertex   -2.000000e-02 -6.250044e-02 1.107786e-01
      vertex   -2.529693e-02 -6.250044e-02 1.148176e-01
    endloop
  endfacet
  facet normal -7.374825e-01 -6.248393e-16 -6.753662e-01
    outer loop
      vertex   -2.529693e-02 -4.750044e-02 1.148176e-01
      vertex   -2.529693e-02 -6.250044e-02 1.148176e-01
      vertex   -2.979567e-02 -4.750044e-02 1.197301e-01
    endloop
  endfacet
  facet normal -7.374825e-01 -1.705771e-16 -6.753662e-01
    outer loop
      vertex   -2.979567e-02 -4.750044e-02 1.197301e-01
      vertex   -2.529693e-02 -6.250044e-02 1.148176e-01
      vertex   -2.979567e-02 -6.250044e-02 1.197301e-01
    endloop
  endfacet
  facet normal -8.453399e-01 -1.955241e-16 -5.342288e-01
    outer loop
      vertex   -2.979567e-02 -4.750044e-02 1.197301e-01
      vertex   -2.979567e-02 -6.250044e-02 1.197301e-01
      vertex   -3.335427e-02 -4.750044e-02 1.253611e-01
    endloop
  endfacet
  facet normal -8.453399e-01 9.885219e-16 -5.342288e-01
    outer loop
      vertex   -3.335427e-02 -4.750044e-02 1.253611e-01
      vertex   -2.979567e-02 -6.250044e-02 1.197301e-01
      vertex   -3.335427e-02 -6.250044e-02 1.253611e-01
    endloop
  endfacet
  facet normal -9.265243e-01 6.961744e-16 -3.762349e-01
    outer loop
      vertex   -3.335427e-02 -4.750044e-02 1.253611e-01
      vertex   -3.335427e-02 -6.250044e-02 1.253611e-01
      vertex   -3.586044e-02 -4.750044e-02 1.315328e-01
    endloop
  endfacet
  facet normal -9.265243e-01 -0.000000e+00 -3.762349e-01
    outer loop
      vertex   -3.586044e-02 -4.750044e-02 1.315328e-01
      vertex   -3.335427e-02 -6.250044e-02 1.253611e-01
      vertex   -3.586044e-02 -6.250044e-02 1.315328e-01
    endloop
  endfacet
  facet normal -9.784741e-01 -0.000000e+00 -2.063696e-01
    outer loop
      vertex   -3.586044e-02 -4.750044e-02 1.315328e-01
      vertex   -3.586044e-02 -6.250044e-02 1.315328e-01
      vertex   -3.723510e-02 -4.750044e-02 1.380506e-01
    endloop
  endfacet
  facet normal -9.784741e-01 -0.000000e+00 -2.063696e-01
    outer loop
      vertex   -3.723510e-02 -4.750044e-02 1.380506e-01
      vertex   -3.586044e-02 -6.250044e-02 1.315328e-01
      vertex   -3.723510e-02 -6.250044e-02 1.380506e-01
    endloop
  endfacet
  facet normal -9.995501e-01 -0.000000e+00 -2.999281e-02
    outer loop
      vertex   -3.723510e-02 -4.750044e-02 1.380506e-01
      vertex   -3.723510e-02 -6.250044e-02 1.380506e-01
      vertex   -3.743489e-02 -4.750044e-02 1.447088e-01
    endloop
  endfacet
  facet normal -9.995501e-01 5.549784e-17 -2.999281e-02
    outer loop
      vertex   -3.743489e-02 -4.750044e-02 1.447088e-01
      vertex   -3.723510e-02 -6.250044e-02 1.380506e-01
      vertex   -3.743489e-02 -6.250044e-02 1.447088e-01
    endloop
  endfacet
  facet normal -9.890873e-01 -2.726160e-16 1.473304e-01
    outer loop
      vertex   -3.743489e-02 -4.750044e-02 1.447088e-01
      vertex   -3.743489e-02 -6.250044e-02 1.447088e-01
      vertex   -3.645350e-02 -4.750044e-02 1.512973e-01
    endloop
  endfacet
  facet normal -9.890873e-01 4.575448e-16 1.473304e-01
    outer loop
      vertex   -3.645350e-02 -4.750044e-02 1.512973e-01
      vertex   -3.743489e-02 -6.250044e-02 1.447088e-01
      vertex   -3.645350e-02 -6.250044e-02 1.512973e-01
    endloop
  endfacet
  facet normal -9.474159e-01 4.382679e-16 3.200049e-01
    outer loop
      vertex   -3.645350e-02 -4.750044e-02 1.512973e-01
      vertex   -3.645350e-02 -6.250044e-02 1.512973e-01
      vertex   -3.432189e-02 -4.750044e-02 1.576082e-01
    endloop
  endfacet
  facet normal -9.474159e-01 -1.538600e-16 3.200049e-01
    outer loop
      vertex   -3.432189e-02 -4.750044e-02 1.576082e-01
      vertex   -3.645350e-02 -6.250044e-02 1.512973e-01
      vertex   -3.432189e-02 -6.250044e-02 1.576082e-01
    endloop
  endfacet
  facet normal -8.758507e-01 -4.877942e-16 4.825822e-01
    outer loop
      vertex   -3.432189e-02 -4.750044e-02 1.576082e-01
      vertex   -3.432189e-02 -6.250044e-02 1.576082e-01
      vertex   -3.110732e-02 -4.750044e-02 1.634424e-01
    endloop
  endfacet
  facet normal -8.758507e-01 1.785913e-15 4.825822e-01
    outer loop
      vertex   -3.110732e-02 -4.750044e-02 1.634424e-01
      vertex   -3.432189e-02 -6.250044e-02 1.576082e-01
      vertex   -3.110732e-02 -6.250044e-02 1.634424e-01
    endloop
  endfacet
  facet normal -7.766497e-01 2.331219e-15 6.299327e-01
    outer loop
      vertex   -3.110732e-02 -4.750044e-02 1.634424e-01
      vertex   -3.110732e-02 -6.250044e-02 1.634424e-01
      vertex   -2.691122e-02 -4.750044e-02 1.686158e-01
    endloop
  endfacet
  facet normal -7.766497e-01 0.000000e+00 6.299327e-01
    outer loop
      vertex   -2.691122e-02 -4.750044e-02 1.686158e-01
      vertex   -3.110732e-02 -6.250044e-02 1.634424e-01
      vertex   -2.691122e-02 -6.250044e-02 1.686158e-01
    endloop
  endfacet
  facet normal -6.529432e-01 0.000000e+00 7.574069e-01
    outer loop
      vertex   -2.691122e-02 -4.750044e-02 1.686158e-01
      vertex   -2.691122e-02 -6.250044e-02 1.686158e-01
      vertex   -2.186599e-02 -4.750044e-02 1.729652e-01
    endloop
  endfacet
  facet normal -6.529432e-01 -4.530704e-16 7.574069e-01
    outer loop
      vertex   -2.186599e-02 -4.750044e-02 1.729652e-01
      vertex   -2.691122e-02 -6.250044e-02 1.686158e-01
      vertex   -2.186599e-02 -6.250044e-02 1.729652e-01
    endloop
  endfacet
  facet normal -5.086343e-01 -3.529360e-16 8.609826e-01
    outer loop
      vertex   -2.186599e-02 -4.750044e-02 1.729652e-01
      vertex   -2.186599e-02 -6.250044e-02 1.729652e-01
      vertex   -1.613083e-02 -4.750044e-02 1.763533e-01
    endloop
  endfacet
  facet normal -5.086343e-01 -3.529360e-16 8.609826e-01
    outer loop
      vertex   -1.613083e-02 -4.750044e-02 1.763533e-01
      vertex   -2.186599e-02 -6.250044e-02 1.729652e-01
      vertex   -1.613083e-02 -6.250044e-02 1.763533e-01
    endloop
  endfacet
  facet normal -3.482766e-01 -2.416654e-16 9.373918e-01
    outer loop
      vertex   -1.613083e-02 -4.750044e-02 1.763533e-01
      vertex   -1.613083e-02 -6.250044e-02 1.763533e-01
      vertex   -9.886687e-03 -4.750044e-02 1.786732e-01
    endloop
  endfacet
  facet normal -3.482766e-01 -3.222205e-16 9.373918e-01
    outer loop
      vertex   -9.886687e-03 -4.750044e-02 1.786732e-01
      vertex   -1.613083e-02 -6.250044e-02 1.763533e-01
      vertex   -9.886687e-03 -6.250044e-02 1.786732e-01
    endloop
  endfacet
  facet normal -1.769296e-01 -1.636928e-16 9.842235e-01
    outer loop
      vertex   -9.886687e-03 -4.750044e-02 1.786732e-01
      vertex   -9.886687e-03 -6.250044e-02 1.786732e-01
      vertex   -3.330592e-03 -4.750044e-02 1.798518e-01
    endloop
  endfacet
  facet normal -1.769296e-01 -1.739236e-16 9.842235e-01
    outer loop
      vertex   -3.330592e-03 -4.750044e-02 1.798518e-01
      vertex   -9.886687e-03 -6.250044e-02 1.786732e-01
      vertex   -3.330592e-03 -6.250044e-02 1.798518e-01
    endloop
  endfacet
  facet normal -0.000000e+00 0.000000e+00 1.000000e+00
    outer loop
      vertex   -3.330592e-03 -4.750044e-02 1.798518e-01
      vertex   -3.330592e-03 -6.250044e-02 1.798518e-01
      vertex   3.330592e-03 -4.750044e-02 1.798518e-01
    endloop
  endfacet
  facet normal 0.000000e+00 0.000000e+00 1.000000e+00
    outer loop
      vertex   3.330592e-03 -4.750044e-02 1.798518e-01
      vertex   -3.330592e-03 -6.250044e-02 1.798518e-01
      vertex   3.330592e-03 -6.250044e-02 1.798518e-01
    endloop
  endfacet
  facet normal 1.769296e-01 1.739236e-16 9.842235e-01
    outer loop
      vertex   3.330592e-03 -4.750044e-02 1.798518e-01
      vertex   3.330592e-03 -6.250044e-02 1.798518e-01
      vertex   9.886687e-03 -4.750044e-02 1.786732e-01
    endloop
  endfacet
  facet normal 1.769296e-01 -2.046160e-17 9.842235e-01
    outer loop
      vertex   9.886687e-03 -4.750044e-02 1.786732e-01
      vertex   3.330592e-03 -6.250044e-02 1.798518e-01
      vertex   9.886687e-03 -6.250044e-02 1.786732e-01
    endloop
  endfacet
  facet normal 3.482766e-01 -4.027757e-17 9.373918e-01
    outer loop
      vertex   9.886687e-03 -4.750044e-02 1.786732e-01
      vertex   9.886687e-03 -6.250044e-02 1.786732e-01
      vertex   1.613083e-02 -4.750044e-02 1.763533e-01
    endloop
  endfacet
  facet normal 3.482766e-01 0.000000e+00 9.373918e-01
    outer loop
      vertex   1.613083e-02 -4.750044e-02 1.763533e-01
      vertex   9.886687e-03 -6.250044e-02 1.786732e-01
      vertex   1.613083e-02 -6.250044e-02 1.763533e-01
    endloop
  endfacet
  facet normal 5.086343e-01 0.000000e+00 8.609826e-01
    outer loop
      vertex   1.613083e-02 -4.750044e-02 1.763533e-01
      vertex   1.613083e-02 -6.250044e-02 1.763533e-01
      vertex   2.186599e-02 -4.750044e-02 1.729652e-01
    endloop
  endfacet
  facet normal 5.086343e-01 0.000000e+00 8.609826e-01
    outer loop
      vertex   2.186599e-02 -4.750044e-02 1.729652e-01
      vertex   1.613083e-02 -6.250044e-02 1.763533e-01
      vertex   2.186599e-02 -6.250044e-02 1.729652e-01
    endloop
  endfacet
  facet normal 6.529432e-01 0.000000e+00 7.574069e-01
    outer loop
      vertex   2.186599e-02 -4.750044e-02 1.729652e-01
      vertex   2.186599e-02 -6.250044e-02 1.729652e-01
      vertex   2.691122e-02 -4.750044e-02 1.686158e-01
    endloop
  endfacet
  facet normal 6.529432e-01 -1.510235e-16 7.574069e-01
    outer loop
      vertex   2.691122e-02 -4.750044e-02 1.686158e-01
      vertex   2.186599e-02 -6.250044e-02 1.729652e-01
      vertex   2.691122e-02 -6.250044e-02 1.686158e-01
    endloop
  endfacet
  facet normal 7.766497e-01 -1.796363e-16 6.299327e-01
    outer loop
      vertex   2.691122e-02 -4.750044e-02 1.686158e-01
      vertex   2.691122e-02 -6.250044e-02 1.686158e-01
      vertex   3.110732e-02 -4.750044e-02 1.634424e-01
    endloop
  endfacet
  facet normal 7.766497e-01 0.000000e+00 6.299327e-01
    outer loop
      vertex   3.110732e-02 -4.750044e-02 1.634424e-01
      vertex   2.691122e-02 -6.250044e-02 1.686158e-01
      vertex   3.110732e-02 -6.250044e-02 1.634424e-01
    endloop
  endfacet
  facet normal 8.758507e-01 0.000000e+00 4.825822e-01
    outer loop
      vertex   3.110732e-02 -4.750044e-02 1.634424e-01
      vertex   3.110732e-02 -6.250044e-02 1.634424e-01
      vertex   3.432189e-02 -4.750044e-02 1.576082e-01
    endloop
  endfacet
  facet normal 8.758507e-01 8.929565e-16 4.825822e-01
    outer loop
      vertex   3.432189e-02 -4.750044e-02 1.576082e-01
      vertex   3.110732e-02 -6.250044e-02 1.634424e-01
      vertex   3.432189e-02 -6.250044e-02 1.576082e-01
    endloop
  endfacet
  facet normal 9.474159e-01 5.921279e-16 3.200049e-01
    outer loop
      vertex   3.432189e-02 -4.750044e-02 1.576082e-01
      vertex   3.432189e-02 -6.250044e-02 1.576082e-01
      vertex   3.645350e-02 -4.750044e-02 1.512973e-01
    endloop
  endfacet
  facet normal 9.474159e-01 5.921279e-16 3.200049e-01
    outer loop
      vertex   3.645350e-02 -4.750044e-02 1.512973e-01
      vertex   3.432189e-02 -6.250044e-02 1.576082e-01
      vertex   3.645350e-02 -6.250044e-02 1.512973e-01
    endloop
  endfacet
  facet normal 9.890873e-01 2.726160e-16 1.473304e-01
    outer loop
      vertex   3.645350e-02 -4.750044e-02 1.512973e-01
      vertex   3.645350e-02 -6.250044e-02 1.512973e-01
      vertex   3.743489e-02 -4.750044e-02 1.447088e-01
    endloop
  endfacet
  facet normal 9.890873e-01 0.000000e+00 1.473304e-01
    outer loop
      vertex   3.743489e-02 -4.750044e-02 1.447088e-01
      vertex   3.645350e-02 -6.250044e-02 1.512973e-01
      vertex   3.743489e-02 -6.250044e-02 1.447088e-01
    endloop
  endfacet
  facet normal 9.995501e-01 0.000000e+00 -2.999281e-02
    outer loop
      vertex   3.743489e-02 -4.750044e-02 1.447088e-01
      vertex   3.743489e-02 -6.250044e-02 1.447088e-01
      vertex   3.723510e-02 -4.750044e-02 1.380506e-01
    endloop
  endfacet
  facet normal 9.995501e-01 0.000000e+00 -2.999281e-02
    outer loop
      vertex   3.723510e-02 -4.750044e-02 1.380506e-01
      vertex   3.743489e-02 -6.250044e-02 1.447088e-01
      vertex   3.723510e-02 -6.250044e-02 1.380506e-01
    endloop
  endfacet
  facet normal 9.784741e-01 0.000000e+00 -2.063696e-01
    outer loop
      vertex   3.723510e-02 -4.750044e-02 1.380506e-01
      vertex   3.723510e-02 -6.250044e-02 1.380506e-01
      vertex   3.586044e-02 -4.750044e-02 1.315328e-01
    endloop
  endfacet
  facet normal 9.784741e-01 7.077467e-17 -2.063696e-01
    outer loop
      vertex   3.586044e-02 -4.750044e-02 1.315328e-01
      vertex   3.723510e-02 -6.250044e-02 1.380506e-01
      vertex   3.586044e-02 -6.250044e-02 1.315328e-01
    endloop
  endfacet
  facet normal 9.265243e-01 -2.675708e-16 -3.762349e-01
    outer loop
      vertex   3.586044e-02 -4.750044e-02 1.315328e-01
      vertex   3.586044e-02 -6.250044e-02 1.315328e-01
      vertex   3.335427e-02 -4.750044e-02 1.253611e-01
    endloop
  endfacet
  facet normal 9.265243e-01 -4.286036e-16 -3.762349e-01
    outer loop
      vertex   3.335427e-02 -4.750044e-02 1.253611e-01
      vertex   3.586044e-02 -6.250044e-02 1.315328e-01
      vertex   3.335427e-02 -6.250044e-02 1.253611e-01
    endloop
  endfacet
  facet normal 8.453399e-01 -3.910483e-16 -5.342288e-01
    outer loop
      vertex   3.335427e-02 -4.750044e-02 1.253611e-01
      vertex   3.335427e-02 -6.250044e-02 1.253611e-01
      vertex   2.979567e-02 -4.750044e-02 1.197301e-01
    endloop
  endfacet
  facet normal 8.453399e-01 -2.987368e-16 -5.342288e-01
    outer loop
      vertex   2.979567e-02 -4.750044e-02 1.197301e-01
      vertex   3.335427e-02 -6.250044e-02 1.253611e-01
      vertex   2.979567e-02 -6.250044e-02 1.197301e-01
    endloop
  endfacet
  facet normal 7.374825e-01 -4.542622e-16 -6.753662e-01
    outer loop
      vertex   2.979567e-02 -4.750044e-02 1.197301e-01
      vertex   2.979567e-02 -6.250044e-02 1.197301e-01
      vertex   2.529693e-02 -4.750044e-02 1.148176e-01
    endloop
  endfacet
  facet normal 7.374825e-01 0.000000e+00 -6.753662e-01
    outer loop
      vertex   2.529693e-02 -4.750044e-02 1.148176e-01
      vertex   2.979567e-02 -6.250044e-02 1.197301e-01
      vertex   2.529693e-02 -6.250044e-02 1.148176e-01
    endloop
  endfacet
  facet normal 6.063554e-01 0.000000e+00 -7.951938e-01
    outer loop
      vertex   2.529693e-02 -4.750044e-02 1.148176e-01
      vertex   2.529693e-02 -6.250044e-02 1.148176e-01
      vertex   2.000000e-02 -4.750044e-02 1.107786e-01
    endloop
  endfacet
  facet normal 6.063554e-01 0.000000e+00 -7.951938e-01
    outer loop
      vertex   2.000000e-02 -4.750044e-02 1.107786e-01
      vertex   2.529693e-02 -6.250044e-02 1.148176e-01
      vertex   2.000000e-02 -6.250044e-02 1.107786e-01
    endloop
  endfacet
  facet normal -5.518909e-01 2.118167e-01 -8.065669e-01
    outer loop
      vertex   -1.956938e-02 6.452956e-02 1.110170e-01
      vertex   -2.000000e-02 6.249956e-02 1.107786e-01
      vertex   -2.267593e-02 6.441297e-02 1.131120e-01
    endloop
  endfacet
  facet normal -6.019087e-01 1.208846e-01 -7.893623e-01
    outer loop
      vertex   -2.267593e-02 6.441297e-02 1.131120e-01
      vertex   -2.000000e-02 6.249956e-02 1.107786e-01
      vertex   -2.529693e-02 6.249956e-02 1.148176e-01
    endloop
  endfacet
  facet normal -6.543643e-01 2.650926e-01 -7.081902e-01
    outer loop
      vertex   -2.267593e-02 6.441297e-02 1.131120e-01
      vertex   -2.529693e-02 6.249956e-02 1.148176e-01
      vertex   -2.750760e-02 6.441297e-02 1.175765e-01
    endloop
  endfacet
  facet normal -7.320781e-01 1.208419e-01 -6.704170e-01
    outer loop
      vertex   -2.750760e-02 6.441297e-02 1.175765e-01
      vertex   -2.529693e-02 6.249956e-02 1.148176e-01
      vertex   -2.979567e-02 6.249956e-02 1.197301e-01
    endloop
  endfacet
  facet normal -7.690947e-01 2.651307e-01 -5.815488e-01
    outer loop
      vertex   -2.750760e-02 6.441297e-02 1.175765e-01
      vertex   -2.979567e-02 6.249956e-02 1.197301e-01
      vertex   -3.147531e-02 6.441297e-02 1.228238e-01
    endloop
  endfacet
  facet normal -8.391491e-01 1.208024e-01 -5.303164e-01
    outer loop
      vertex   -3.147531e-02 6.441297e-02 1.228238e-01
      vertex   -2.979567e-02 6.249956e-02 1.197301e-01
      vertex   -3.335427e-02 6.249956e-02 1.253611e-01
    endloop
  endfacet
  facet normal -8.596675e-01 2.651659e-01 -4.366451e-01
    outer loop
      vertex   -3.147531e-02 6.441297e-02 1.228238e-01
      vertex   -3.335427e-02 6.249956e-02 1.253611e-01
      vertex   -3.445441e-02 6.441297e-02 1.286890e-01
    endloop
  endfacet
  facet normal -9.197431e-01 1.207660e-01 -3.734812e-01
    outer loop
      vertex   -3.445441e-02 6.441297e-02 1.286890e-01
      vertex   -3.335427e-02 6.249956e-02 1.253611e-01
      vertex   -3.586044e-02 6.249956e-02 1.315328e-01
    endloop
  endfacet
  facet normal -9.232384e-01 2.651981e-01 -2.780302e-01
    outer loop
      vertex   -3.445441e-02 6.441297e-02 1.286890e-01
      vertex   -3.586044e-02 6.249956e-02 1.315328e-01
      vertex   -3.635135e-02 6.441297e-02 1.349881e-01
    endloop
  endfacet
  facet normal -9.713166e-01 1.207327e-01 -2.048600e-01
    outer loop
      vertex   -3.635135e-02 6.441297e-02 1.349881e-01
      vertex   -3.586044e-02 6.249956e-02 1.315328e-01
      vertex   -3.723510e-02 6.249956e-02 1.380506e-01
    endloop
  endfacet
  facet normal -9.578116e-01 2.652274e-01 -1.106859e-01
    outer loop
      vertex   -3.635135e-02 6.441297e-02 1.349881e-01
      vertex   -3.723510e-02 6.249956e-02 1.380506e-01
      vertex   -3.710654e-02 6.441297e-02 1.415231e-01
    endloop
  endfacet
  facet normal -9.922421e-01 1.207027e-01 -2.977352e-02
    outer loop
      vertex   -3.710654e-02 6.441297e-02 1.415231e-01
      vertex   -3.723510e-02 6.249956e-02 1.380506e-01
      vertex   -3.743489e-02 6.249956e-02 1.447088e-01
    endloop
  endfacet
  facet normal -9.623017e-01 2.652538e-01 6.013217e-02
    outer loop
      vertex   -3.710654e-02 6.441297e-02 1.415231e-01
      vertex   -3.743489e-02 6.249956e-02 1.447088e-01
      vertex   -3.669626e-02 6.441297e-02 1.480887e-01
    endloop
  endfacet
  facet normal -9.818591e-01 1.206758e-01 1.462537e-01
    outer loop
      vertex   -3.669626e-02 6.441297e-02 1.480887e-01
      vertex   -3.743489e-02 6.249956e-02 1.447088e-01
      vertex   -3.645350e-02 6.249956e-02 1.512973e-01
    endloop
  endfacet
  facet normal -9.365681e-01 2.652772e-01 2.290592e-01
    outer loop
      vertex   -3.669626e-02 6.441297e-02 1.480887e-01
      vertex   -3.645350e-02 6.249956e-02 1.512973e-01
      vertex   -3.513341e-02 6.441297e-02 1.544789e-01
    endloop
  endfacet
  facet normal -9.404949e-01 1.206520e-01 3.176672e-01
    outer loop
      vertex   -3.513341e-02 6.441297e-02 1.544789e-01
      vertex   -3.645350e-02 6.249956e-02 1.512973e-01
      vertex   -3.432189e-02 6.249956e-02 1.576082e-01
    endloop
  endfacet
  facet normal -8.814195e-01 2.652977e-01 3.907899e-01
    outer loop
      vertex   -3.513341e-02 6.441297e-02 1.544789e-01
      vertex   -3.432189e-02 6.249956e-02 1.576082e-01
      vertex   -3.246706e-02 6.441297e-02 1.604928e-01
    endloop
  endfacet
  facet normal -8.694546e-01 1.206315e-01 4.790581e-01
    outer loop
      vertex   -3.246706e-02 6.441297e-02 1.604928e-01
      vertex   -3.432189e-02 6.249956e-02 1.576082e-01
      vertex   -3.110732e-02 6.249956e-02 1.634424e-01
    endloop
  endfacet
  facet normal -7.985882e-01 2.653153e-01 5.402450e-01
    outer loop
      vertex   -3.246706e-02 6.441297e-02 1.604928e-01
      vertex   -3.110732e-02 6.249956e-02 1.634424e-01
      vertex   -2.878097e-02 6.441297e-02 1.659415e-01
    endloop
  endfacet
  facet normal -7.709798e-01 1.206141e-01 6.253338e-01
    outer loop
      vertex   -2.878097e-02 6.441297e-02 1.659415e-01
      vertex   -3.110732e-02 6.249956e-02 1.634424e-01
      vertex   -2.691122e-02 6.249956e-02 1.686158e-01
    endloop
  endfacet
  facet normal -6.906758e-01 2.653299e-01 6.727309e-01
    outer loop
      vertex   -2.878097e-02 6.441297e-02 1.659415e-01
      vertex   -2.691122e-02 6.249956e-02 1.686158e-01
      vertex   -2.419090e-02 6.441297e-02 1.706540e-01
    endloop
  endfacet
  facet normal -6.481775e-01 1.205998e-01 7.518787e-01
    outer loop
      vertex   -2.419090e-02 6.441297e-02 1.706540e-01
      vertex   -2.691122e-02 6.249956e-02 1.686158e-01
      vertex   -2.186599e-02 6.249956e-02 1.729652e-01
    endloop
  endfacet
  facet normal -5.610717e-01 2.653417e-01 7.840869e-01
    outer loop
      vertex   -2.419090e-02 6.441297e-02 1.706540e-01
      vertex   -2.186599e-02 6.249956e-02 1.729652e-01
      vertex   -1.884103e-02 6.441297e-02 1.744823e-01
    endloop
  endfacet
  facet normal -5.049226e-01 1.205888e-01 8.546997e-01
    outer loop
      vertex   -1.884103e-02 6.441297e-02 1.744823e-01
      vertex   -2.186599e-02 6.249956e-02 1.729652e-01
      vertex   -1.613083e-02 6.249956e-02 1.763533e-01
    endloop
  endfacet
  facet normal -4.138464e-01 2.653504e-01 8.708159e-01
    outer loop
      vertex   -1.884103e-02 6.441297e-02 1.744823e-01
      vertex   -1.613083e-02 6.249956e-02 1.763533e-01
      vertex   -1.289939e-02 6.441297e-02 1.773060e-01
    endloop
  endfacet
  facet normal -3.457354e-01 1.205808e-01 9.305522e-01
    outer loop
      vertex   -1.289939e-02 6.441297e-02 1.773060e-01
      vertex   -1.613083e-02 6.249956e-02 1.763533e-01
      vertex   -9.886687e-03 6.249956e-02 1.786732e-01
    endloop
  endfacet
  facet normal -2.536237e-01 2.653563e-01 9.301941e-01
    outer loop
      vertex   -1.289939e-02 6.441297e-02 1.773060e-01
      vertex   -9.886687e-03 6.249956e-02 1.786732e-01
      vertex   -6.552601e-03 6.441297e-02 1.790365e-01
    endloop
  endfacet
  facet normal -1.756387e-01 1.205761e-01 9.770427e-01
    outer loop
      vertex   -6.552601e-03 6.441297e-02 1.790365e-01
      vertex   -9.886687e-03 6.249956e-02 1.786732e-01
      vertex   -3.330592e-03 6.249956e-02 1.798518e-01
    endloop
  endfacet
  facet normal -8.543563e-02 2.653592e-01 9.603568e-01
    outer loop
      vertex   -6.552601e-03 6.441297e-02 1.790365e-01
      vertex   -3.330592e-03 6.249956e-02 1.798518e-01
      vertex   -1.705255e-17 6.441297e-02 1.796194e-01
    endloop
  endfacet
  facet normal 0.000000e+00 1.205745e-01 9.927043e-01
    outer loop
      vertex   -1.705255e-17 6.441297e-02 1.796194e-01
      vertex   -3.330592e-03 6.249956e-02 1.798518e-01
      vertex   3.330592e-03 6.249956e-02 1.798518e-01
    endloop
  endfacet
  facet normal 8.543563e-02 2.653592e-01 9.603568e-01
    outer loop
      vertex   -1.705255e-17 6.441297e-02 1.796194e-01
      vertex   3.330592e-03 6.249956e-02 1.798518e-01
      vertex   6.552601e-03 6.441297e-02 1.790365e-01
    endloop
  endfacet
  facet normal 1.756387e-01 1.205761e-01 9.770427e-01
    outer loop
      vertex   6.552601e-03 6.441297e-02 1.790365e-01
      vertex   3.330592e-03 6.249956e-02 1.798518e-01
      vertex   9.886687e-03 6.249956e-02 1.786732e-01
    endloop
  endfacet
  facet normal 2.536237e-01 2.653563e-01 9.301941e-01
    outer loop
      vertex   6.552601e-03 6.441297e-02 1.790365e-01
      vertex   9.886687e-03 6.249956e-02 1.786732e-01
      vertex   1.289939e-02 6.441297e-02 1.773060e-01
    endloop
  endfacet
  facet normal 3.457354e-01 1.205808e-01 9.305522e-01
    outer loop
      vertex   1.289939e-02 6.441297e-02 1.773060e-01
      vertex   9.886687e-03 6.249956e-02 1.786732e-01
      vertex   1.613083e-02 6.249956e-02 1.763533e-01
    endloop
  endfacet
  facet normal 4.138464e-01 2.653504e-01 8.708159e-01
    outer loop
      vertex   1.289939e-02 6.441297e-02 1.773060e-01
      vertex   1.613083e-02 6.249956e-02 1.763533e-01
      vertex   1.884103e-02 6.441297e-02 1.744823e-01
    endloop
  endfacet
  facet normal 5.049226e-01 1.205888e-01 8.546997e-01
    outer loop
      vertex   1.884103e-02 6.441297e-02 1.744823e-01
      vertex   1.613083e-02 6.249956e-02 1.763533e-01
      vertex   2.186599e-02 6.249956e-02 1.729652e-01
    endloop
  endfacet
  facet normal 5.610717e-01 2.653417e-01 7.840869e-01
    outer loop
      vertex   1.884103e-02 6.441297e-02 1.744823e-01
      vertex   2.186599e-02 6.249956e-02 1.729652e-01
      vertex   2.419090e-02 6.441297e-02 1.706540e-01
    endloop
  endfacet
  facet normal 6.481775e-01 1.205998e-01 7.518787e-01
    outer loop
      vertex   2.419090e-02 6.441297e-02 1.706540e-01
      vertex   2.186599e-02 6.249956e-02 1.729652e-01
      vertex   2.691122e-02 6.249956e-02 1.686158e-01
    endloop
  endfacet
  facet normal 6.906758e-01 2.653299e-01 6.727309e-01
    outer loop
      vertex   2.419090e-02 6.441297e-02 1.706540e-01
      vertex   2.691122e-02 6.249956e-02 1.686158e-01
      vertex   2.878097e-02 6.441297e-02 1.659415e-01
    endloop
  endfacet
  facet normal 7.709798e-01 1.206141e-01 6.253338e-01
    outer loop
      vertex   2.878097e-02 6.441297e-02 1.659415e-01
      vertex   2.691122e-02 6.249956e-02 1.686158e-01
      vertex   3.110732e-02 6.249956e-02 1.634424e-01
    endloop
  endfacet
  facet normal 7.985882e-01 2.653153e-01 5.402450e-01
    outer loop
      vertex   2.878097e-02 6.441297e-02 1.659415e-01
      vertex   3.110732e-02 6.249956e-02 1.634424e-01
      vertex   3.246706e-02 6.441297e-02 1.604928e-01
    endloop
  endfacet
  facet normal 8.694546e-01 1.206315e-01 4.790581e-01
    outer loop
      vertex   3.246706e-02 6.441297e-02 1.604928e-01
      vertex   3.110732e-02 6.249956e-02 1.634424e-01
      vertex   3.432189e-02 6.249956e-02 1.576082e-01
    endloop
  endfacet
  facet normal 8.814195e-01 2.652977e-01 3.907899e-01
    outer loop
      vertex   3.246706e-02 6.441297e-02 1.604928e-01
      vertex   3.432189e-02 6.249956e-02 1.576082e-01
      vertex   3.513341e-02 6.441297e-02 1.544789e-01
    endloop
  endfacet
  facet normal 9.404949e-01 1.206520e-01 3.176672e-01
    outer loop
      vertex   3.513341e-02 6.441297e-02 1.544789e-01
      vertex   3.432189e-02 6.249956e-02 1.576082e-01
      vertex   3.645350e-02 6.249956e-02 1.512973e-01
    endloop
  endfacet
  facet normal 9.365681e-01 2.652772e-01 2.290592e-01
    outer loop
      vertex   3.513341e-02 6.441297e-02 1.544789e-01
      vertex   3.645350e-02 6.249956e-02 1.512973e-01
      vertex   3.669626e-02 6.441297e-02 1.480887e-01
    endloop
  endfacet
  facet normal 9.818591e-01 1.206758e-01 1.462537e-01
    outer loop
      vertex   3.669626e-02 6.441297e-02 1.480887e-01
      vertex   3.645350e-02 6.249956e-02 1.512973e-01
      vertex   3.743489e-02 6.249956e-02 1.447088e-01
    endloop
  endfacet
  facet normal 9.623017e-01 2.652538e-01 6.013217e-02
    outer loop
      vertex   3.669626e-02 6.441297e-02 1.480887e-01
      vertex   3.743489e-02 6.249956e-02 1.447088e-01
      vertex   3.710654e-02 6.441297e-02 1.415231e-01
    endloop
  endfacet
  facet normal 9.922421e-01 1.207027e-01 -2.977352e-02
    outer loop
      vertex   3.710654e-02 6.441297e-02 1.415231e-01
      vertex   3.743489e-02 6.249956e-02 1.447088e-01
      vertex   3.723510e-02 6.249956e-02 1.380506e-01
    endloop
  endfacet
  facet normal 9.578116e-01 2.652274e-01 -1.106859e-01
    outer loop
      vertex   3.710654e-02 6.441297e-02 1.415231e-01
      vertex   3.723510e-02 6.249956e-02 1.380506e-01
      vertex   3.635135e-02 6.441297e-02 1.349881e-01
    endloop
  endfacet
  facet normal 9.713166e-01 1.207327e-01 -2.048600e-01
    outer loop
      vertex   3.635135e-02 6.441297e-02 1.349881e-01
      vertex   3.723510e-02 6.249956e-02 1.380506e-01
      vertex   3.586044e-02 6.249956e-02 1.315328e-01
    endloop
  endfacet
  facet normal 9.232384e-01 2.651981e-01 -2.780302e-01
    outer loop
      vertex   3.635135e-02 6.441297e-02 1.349881e-01
      vertex   3.586044e-02 6.249956e-02 1.315328e-01
      vertex   3.445441e-02 6.441297e-02 1.286890e-01
    endloop
  endfacet
  facet normal 9.197431e-01 1.207660e-01 -3.734812e-01
    outer loop
      vertex   3.445441e-02 6.441297e-02 1.286890e-01
      vertex   3.586044e-02 6.249956e-02 1.315328e-01
      vertex   3.335427e-02 6.249956e-02 1.253611e-01
    endloop
  endfacet
  facet normal 8.596675e-01 2.651659e-01 -4.366451e-01
    outer loop
      vertex   3.445441e-02 6.441297e-02 1.286890e-01
      vertex   3.335427e-02 6.249956e-02 1.253611e-01
      vertex   3.147531e-02 6.441297e-02 1.228238e-01
    endloop
  endfacet
  facet normal 8.391491e-01 1.208024e-01 -5.303164e-01
    outer loop
      vertex   3.147531e-02 6.441297e-02 1.228238e-01
      vertex   3.335427e-02 6.249956e-02 1.253611e-01
      vertex   2.979567e-02 6.249956e-02 1.197301e-01
    endloop
  endfacet
  facet normal 7.690947e-01 2.651307e-01 -5.815488e-01
    outer loop
      vertex   3.147531e-02 6.441297e-02 1.228238e-01
      vertex   2.979567e-02 6.249956e-02 1.197301e-01
      vertex   2.750760e-02 6.441297e-02 1.175765e-01
    endloop
  endfacet
  facet normal 7.320781e-01 1.208419e-01 -6.704170e-01
    outer loop
      vertex   2.750760e-02 6.441297e-02 1.175765e-01
      vertex   2.979567e-02 6.249956e-02 1.197301e-01
      vertex   2.529693e-02 6.249956e-02 1.148176e-01
    endloop
  endfacet
  facet normal 6.543643e-01 2.650926e-01 -7.081902e-01
    outer loop
      vertex   2.750760e-02 6.441297e-02 1.175765e-01
      vertex   2.529693e-02 6.249956e-02 1.148176e-01
      vertex   2.267593e-02 6.441297e-02 1.131120e-01
    endloop
  endfacet
  facet normal 6.019087e-01 1.208846e-01 -7.893623e-01
    outer loop
      vertex   2.267593e-02 6.441297e-02 1.131120e-01
      vertex   2.529693e-02 6.249956e-02 1.148176e-01
      vertex   2.000000e-02 6.249956e-02 1.107786e-01
    endloop
  endfacet
  facet normal 5.518965e-01 2.118072e-01 -8.065656e-01
    outer loop
      vertex   2.267593e-02 6.441297e-02 1.131120e-01
      vertex   2.000000e-02 6.249956e-02 1.107786e-01
      vertex   1.956942e-02 6.452946e-02 1.110170e-01
    endloop
  endfacet
  facet normal 4.792481e-01 5.552136e-01 -6.797493e-01
    outer loop
      vertex   2.267593e-02 6.441297e-02 1.131120e-01
      vertex   1.956942e-02 6.452946e-02 1.110170e-01
      vertex   2.201380e-02 6.603509e-02 1.139702e-01
    endloop
  endfacet
  facet normal 4.492244e-01 5.887457e-01 -6.719940e-01
    outer loop
      vertex   2.201380e-02 6.603509e-02 1.139702e-01
      vertex   1.956942e-02 6.452946e-02 1.110170e-01
      vertex   1.841223e-02 6.615428e-02 1.116669e-01
    endloop
  endfacet
  facet normal 3.188031e-01 8.311915e-01 -4.555055e-01
    outer loop
      vertex   2.201380e-02 6.603509e-02 1.139702e-01
      vertex   1.841223e-02 6.615428e-02 1.116669e-01
      vertex   2.102287e-02 6.711895e-02 1.152544e-01
    endloop
  endfacet
  facet normal 2.841829e-01 8.537115e-01 -4.363677e-01
    outer loop
      vertex   2.102287e-02 6.711895e-02 1.152544e-01
      vertex   1.841223e-02 6.615428e-02 1.116669e-01
      vertex   1.680616e-02 6.716194e-02 1.125924e-01
    endloop
  endfacet
  facet normal 1.101154e-01 9.811863e-01 -1.585811e-01
    outer loop
      vertex   2.102287e-02 6.711895e-02 1.152544e-01
      vertex   1.680616e-02 6.716194e-02 1.125924e-01
      vertex   2.017852e-02 6.749956e-02 1.170230e-01
    endloop
  endfacet
  facet normal 9.659849e-02 9.841800e-01 -1.485208e-01
    outer loop
      vertex   2.017852e-02 6.749956e-02 1.170230e-01
      vertex   1.680616e-02 6.716194e-02 1.125924e-01
      vertex   1.501097e-02 6.749954e-02 1.136619e-01
    endloop
  endfacet
  facet normal 5.665709e-04 9.999995e-01 -8.746688e-04
    outer loop
      vertex   2.017852e-02 6.749956e-02 1.170230e-01
      vertex   1.501097e-02 6.749954e-02 1.136619e-01
      vertex   1.500000e-02 6.749956e-02 1.136686e-01
    endloop
  endfacet
  facet normal 1.352119e-01 9.799511e-01 -1.463340e-01
    outer loop
      vertex   2.102287e-02 6.711895e-02 1.152544e-01
      vertex   2.017852e-02 6.749956e-02 1.170230e-01
      vertex   2.550232e-02 6.711895e-02 1.193934e-01
    endloop
  endfacet
  facet normal 1.309373e-01 9.819611e-01 -1.364106e-01
    outer loop
      vertex   2.550232e-02 6.711895e-02 1.193934e-01
      vertex   2.017852e-02 6.749956e-02 1.170230e-01
      vertex   2.462978e-02 6.749956e-02 1.212957e-01
    endloop
  endfacet
  facet normal 1.612942e-01 9.793413e-01 -1.219621e-01
    outer loop
      vertex   2.550232e-02 6.711895e-02 1.193934e-01
      vertex   2.462978e-02 6.749956e-02 1.212957e-01
      vertex   2.918078e-02 6.711895e-02 1.242581e-01
    endloop
  endfacet
  facet normal 1.523047e-01 9.824420e-01 -1.077540e-01
    outer loop
      vertex   2.918078e-02 6.711895e-02 1.242581e-01
      vertex   2.462978e-02 6.749956e-02 1.212957e-01
      vertex   2.819333e-02 6.749956e-02 1.263326e-01
    endloop
  endfacet
  facet normal 1.825206e-01 9.788216e-01 -9.270647e-02
    outer loop
      vertex   2.918078e-02 6.711895e-02 1.242581e-01
      vertex   2.819333e-02 6.749956e-02 1.263326e-01
      vertex   3.194271e-02 6.711895e-02 1.296958e-01
    endloop
  endfacet
  facet normal 1.681340e-01 9.828133e-01 -7.621654e-02
    outer loop
      vertex   3.194271e-02 6.711895e-02 1.296958e-01
      vertex   2.819333e-02 6.749956e-02 1.263326e-01
      vertex   3.074074e-02 6.749956e-02 1.319522e-01
    endloop
  endfacet
  facet normal 1.979229e-01 9.784038e-01 -5.960383e-02
    outer loop
      vertex   3.194271e-02 6.711895e-02 1.296958e-01
      vertex   3.074074e-02 6.749956e-02 1.319522e-01
      vertex   3.370136e-02 6.711895e-02 1.355357e-01
    endloop
  endfacet
  facet normal 1.781001e-01 9.830842e-01 -4.272963e-02
    outer loop
      vertex   3.370136e-02 6.711895e-02 1.355357e-01
      vertex   3.074074e-02 6.749956e-02 1.319522e-01
      vertex   3.218019e-02 6.749956e-02 1.379519e-01
    endloop
  endfacet
  facet normal 2.067702e-01 9.780977e-01 -2.389462e-02
    outer loop
      vertex   3.370136e-02 6.711895e-02 1.355357e-01
      vertex   3.218019e-02 6.749956e-02 1.379519e-01
      vertex   3.440150e-02 6.711895e-02 1.415943e-01
    endloop
  endfacet
  facet normal 1.820138e-01 9.832613e-01 -8.257328e-03
    outer loop
      vertex   3.440150e-02 6.711895e-02 1.415943e-01
      vertex   3.218019e-02 6.749956e-02 1.379519e-01
      vertex   3.245982e-02 6.749956e-02 1.441156e-01
    endloop
  endfacet
  facet normal 2.086150e-01 9.779110e-01 1.303590e-02
    outer loop
      vertex   3.440150e-02 6.711895e-02 1.415943e-01
      vertex   3.245982e-02 6.749956e-02 1.441156e-01
      vertex   3.402113e-02 6.711895e-02 1.476813e-01
    endloop
  endfacet
  facet normal 1.798263e-01 9.833488e-01 2.622196e-02
    outer loop
      vertex   3.402113e-02 6.711895e-02 1.476813e-01
      vertex   3.245982e-02 6.749956e-02 1.441156e-01
      vertex   3.156953e-02 6.749956e-02 1.502211e-01
    endloop
  endfacet
  facet normal 2.033227e-01 9.778482e-01 4.972723e-02
    outer loop
      vertex   3.402113e-02 6.711895e-02 1.476813e-01
      vertex   3.156953e-02 6.749956e-02 1.502211e-01
      vertex   3.257221e-02 6.711895e-02 1.536056e-01
    endloop
  endfacet
  facet normal 1.716300e-01 9.833488e-01 5.973473e-02
    outer loop
      vertex   3.257221e-02 6.711895e-02 1.536056e-01
      vertex   3.156953e-02 6.749956e-02 1.502211e-01
      vertex   2.954142e-02 6.749956e-02 1.560482e-01
    endloop
  endfacet
  facet normal 1.910831e-01 9.779110e-01 8.471942e-02
    outer loop
      vertex   3.257221e-02 6.711895e-02 1.536056e-01
      vertex   2.954142e-02 6.749956e-02 1.560482e-01
      vertex   3.010023e-02 6.711895e-02 1.591811e-01
    endloop
  endfacet
  facet normal 1.576571e-01 9.832613e-01 9.133163e-02
    outer loop
      vertex   3.010023e-02 6.711895e-02 1.591811e-01
      vertex   2.954142e-02 6.749956e-02 1.560482e-01
      vertex   2.644858e-02 6.749956e-02 1.613871e-01
    endloop
  endfacet
  facet normal 1.724017e-01 9.780977e-01 1.166298e-01
    outer loop
      vertex   3.010023e-02 6.711895e-02 1.591811e-01
      vertex   2.644858e-02 6.749956e-02 1.613871e-01
      vertex   2.668285e-02 6.711895e-02 1.642327e-01
    endloop
  endfacet
  facet normal 1.382748e-01 9.830842e-01 1.201064e-01
    outer loop
      vertex   2.668285e-02 6.711895e-02 1.642327e-01
      vertex   2.644858e-02 6.749956e-02 1.613871e-01
      vertex   2.240249e-02 6.749956e-02 1.660452e-01
    endloop
  endfacet
  facet normal 1.480719e-01 9.784038e-01 1.442248e-01
    outer loop
      vertex   2.668285e-02 6.711895e-02 1.642327e-01
      vertex   2.240249e-02 6.749956e-02 1.660452e-01
      vertex   2.242740e-02 6.711895e-02 1.686016e-01
    endloop
  endfacet
  facet normal 1.139782e-01 9.828133e-01 1.452135e-01
    outer loop
      vertex   2.242740e-02 6.711895e-02 1.686016e-01
      vertex   2.240249e-02 6.749956e-02 1.660452e-01
      vertex   1.754897e-02 6.749956e-02 1.698548e-01
    endloop
  endfacet
  facet normal 1.191301e-01 9.788216e-01 1.664821e-01
    outer loop
      vertex   2.242740e-02 6.711895e-02 1.686016e-01
      vertex   1.754897e-02 6.749956e-02 1.698548e-01
      vertex   1.746753e-02 6.711895e-02 1.721508e-01
    endloop
  endfacet
  facet normal 8.537995e-02 9.824420e-01 1.658852e-01
    outer loop
      vertex   1.746753e-02 6.711895e-02 1.721508e-01
      vertex   1.754897e-02 6.749956e-02 1.698548e-01
      vertex   1.206295e-02 6.749956e-02 1.726784e-01
    endloop
  endfacet
  facet normal 8.679711e-02 9.793413e-01 1.826385e-01
    outer loop
      vertex   1.746753e-02 6.711895e-02 1.721508e-01
      vertex   1.206295e-02 6.749956e-02 1.726784e-01
      vertex   1.195904e-02 6.711895e-02 1.747686e-01
    endloop
  endfacet
  facet normal 5.319837e-02 9.819611e-01 1.814452e-01
    outer loop
      vertex   1.195904e-02 6.711895e-02 1.747686e-01
      vertex   1.206295e-02 6.749956e-02 1.726784e-01
      vertex   6.142163e-03 6.749956e-02 1.744143e-01
    endloop
  endfacet
  facet normal 5.241046e-02 9.799511e-01 1.922214e-01
    outer loop
      vertex   1.195904e-02 6.711895e-02 1.747686e-01
      vertex   6.142163e-03 6.749956e-02 1.744143e-01
      vertex   6.074920e-03 6.711895e-02 1.763730e-01
    endloop
  endfacet
  facet normal 1.824330e-02 9.813578e-01 1.913218e-01
    outer loop
      vertex   6.074920e-03 6.711895e-02 1.763730e-01
      vertex   6.142163e-03 6.749956e-02 1.744143e-01
      vertex   -1.642295e-17 6.749956e-02 1.750000e-01
    endloop
  endfacet
  facet normal 1.735309e-02 9.806376e-01 1.950609e-01
    outer loop
      vertex   6.074920e-03 6.711895e-02 1.763730e-01
      vertex   -1.642295e-17 6.749956e-02 1.750000e-01
      vertex   -1.686304e-17 6.711895e-02 1.769134e-01
    endloop
  endfacet
  facet normal -1.735309e-02 9.806376e-01 1.950609e-01
    outer loop
      vertex   -1.686304e-17 6.711895e-02 1.769134e-01
      vertex   -1.642295e-17 6.749956e-02 1.750000e-01
      vertex   -6.074920e-03 6.711895e-02 1.763730e-01
    endloop
  endfacet
  facet normal -4.936459e-02 8.304559e-01 5.548929e-01
    outer loop
      vertex   -1.686304e-17 6.711895e-02 1.769134e-01
      vertex   -6.074920e-03 6.711895e-02 1.763730e-01
      vertex   -6.361269e-03 6.603509e-02 1.779696e-01
    endloop
  endfacet
  facet normal -1.465433e-01 8.304559e-01 5.374645e-01
    outer loop
      vertex   -6.361269e-03 6.603509e-02 1.779696e-01
      vertex   -6.074920e-03 6.711895e-02 1.763730e-01
      vertex   -1.252274e-02 6.603509e-02 1.762897e-01
    endloop
  endfacet
  facet normal -2.189870e-01 5.540565e-01 8.031600e-01
    outer loop
      vertex   -6.361269e-03 6.603509e-02 1.779696e-01
      vertex   -1.252274e-02 6.603509e-02 1.762897e-01
      vertex   -1.289939e-02 6.441297e-02 1.773060e-01
    endloop
  endfacet
  facet normal -3.573279e-01 5.540565e-01 7.518897e-01
    outer loop
      vertex   -1.289939e-02 6.441297e-02 1.773060e-01
      vertex   -1.252274e-02 6.603509e-02 1.762897e-01
      vertex   -1.884103e-02 6.441297e-02 1.744823e-01
    endloop
  endfacet
  facet normal -1.824330e-02 9.813578e-01 1.913218e-01
    outer loop
      vertex   -1.642295e-17 6.749956e-02 1.750000e-01
      vertex   -6.142163e-03 6.749956e-02 1.744143e-01
      vertex   -6.074920e-03 6.711895e-02 1.763730e-01
    endloop
  endfacet
  facet normal -5.241046e-02 9.799511e-01 1.922214e-01
    outer loop
      vertex   -6.074920e-03 6.711895e-02 1.763730e-01
      vertex   -6.142163e-03 6.749956e-02 1.744143e-01
      vertex   -1.195904e-02 6.711895e-02 1.747686e-01
    endloop
  endfacet
  facet normal -1.465433e-01 8.304559e-01 5.374645e-01
    outer loop
      vertex   -6.074920e-03 6.711895e-02 1.763730e-01
      vertex   -1.195904e-02 6.711895e-02 1.747686e-01
      vertex   -1.252274e-02 6.603509e-02 1.762897e-01
    endloop
  endfacet
  facet normal -2.391193e-01 8.304559e-01 5.031550e-01
    outer loop
      vertex   -1.252274e-02 6.603509e-02 1.762897e-01
      vertex   -1.195904e-02 6.711895e-02 1.747686e-01
      vertex   -1.829089e-02 6.603509e-02 1.735484e-01
    endloop
  endfacet
  facet normal -3.573279e-01 5.540565e-01 7.518897e-01
    outer loop
      vertex   -1.252274e-02 6.603509e-02 1.762897e-01
      vertex   -1.829089e-02 6.603509e-02 1.735484e-01
      vertex   -1.884103e-02 6.441297e-02 1.744823e-01
    endloop
  endfacet
  facet normal -4.844457e-01 5.540565e-01 6.770035e-01
    outer loop
      vertex   -1.884103e-02 6.441297e-02 1.744823e-01
      vertex   -1.829089e-02 6.603509e-02 1.735484e-01
      vertex   -2.419090e-02 6.441297e-02 1.706540e-01
    endloop
  endfacet
  facet normal -5.319837e-02 9.819611e-01 1.814452e-01
    outer loop
      vertex   -6.142163e-03 6.749956e-02 1.744143e-01
      vertex   -1.206295e-02 6.749956e-02 1.726784e-01
      vertex   -1.195904e-02 6.711895e-02 1.747686e-01
    endloop
  endfacet
  facet normal -8.679711e-02 9.793413e-01 1.826385e-01
    outer loop
      vertex   -1.195904e-02 6.711895e-02 1.747686e-01
      vertex   -1.206295e-02 6.749956e-02 1.726784e-01
      vertex   -1.746753e-02 6.711895e-02 1.721508e-01
    endloop
  endfacet
  facet normal -2.391193e-01 8.304559e-01 5.031550e-01
    outer loop
      vertex   -1.195904e-02 6.711895e-02 1.747686e-01
      vertex   -1.746753e-02 6.711895e-02 1.721508e-01
      vertex   -1.829089e-02 6.603509e-02 1.735484e-01
    endloop
  endfacet
  facet normal -3.241849e-01 8.304559e-01 4.530421e-01
    outer loop
      vertex   -1.829089e-02 6.603509e-02 1.735484e-01
      vertex   -1.746753e-02 6.711895e-02 1.721508e-01
      vertex   -2.348454e-02 6.603509e-02 1.698320e-01
    endloop
  endfacet
  facet normal -4.844457e-01 5.540565e-01 6.770035e-01
    outer loop
      vertex   -1.829089e-02 6.603509e-02 1.735484e-01
      vertex   -2.348454e-02 6.603509e-02 1.698320e-01
      vertex   -2.419090e-02 6.441297e-02 1.706540e-01
    endloop
  endfacet
  facet normal -5.963476e-01 5.540565e-01 5.808535e-01
    outer loop
      vertex   -2.419090e-02 6.441297e-02 1.706540e-01
      vertex   -2.348454e-02 6.603509e-02 1.698320e-01
      vertex   -2.878097e-02 6.441297e-02 1.659415e-01
    endloop
  endfacet
  facet normal -8.537995e-02 9.824420e-01 1.658852e-01
    outer loop
      vertex   -1.206295e-02 6.749956e-02 1.726784e-01
      vertex   -1.754897e-02 6.749956e-02 1.698548e-01
      vertex   -1.746753e-02 6.711895e-02 1.721508e-01
    endloop
  endfacet
  facet normal -1.191301e-01 9.788216e-01 1.664821e-01
    outer loop
      vertex   -1.746753e-02 6.711895e-02 1.721508e-01
      vertex   -1.754897e-02 6.749956e-02 1.698548e-01
      vertex   -2.242740e-02 6.711895e-02 1.686016e-01
    endloop
  endfacet
  facet normal -3.241849e-01 8.304559e-01 4.530421e-01
    outer loop
      vertex   -1.746753e-02 6.711895e-02 1.721508e-01
      vertex   -2.242740e-02 6.711895e-02 1.686016e-01
      vertex   -2.348454e-02 6.603509e-02 1.698320e-01
    endloop
  endfacet
  facet normal -3.990682e-01 8.304559e-01 3.886998e-01
    outer loop
      vertex   -2.348454e-02 6.603509e-02 1.698320e-01
      vertex   -2.242740e-02 6.711895e-02 1.686016e-01
      vertex   -2.794058e-02 6.603509e-02 1.652571e-01
    endloop
  endfacet
  facet normal -5.963476e-01 5.540565e-01 5.808535e-01
    outer loop
      vertex   -2.348454e-02 6.603509e-02 1.698320e-01
      vertex   -2.794058e-02 6.603509e-02 1.652571e-01
      vertex   -2.878097e-02 6.441297e-02 1.659415e-01
    endloop
  endfacet
  facet normal -6.895191e-01 5.540565e-01 4.664598e-01
    outer loop
      vertex   -2.878097e-02 6.441297e-02 1.659415e-01
      vertex   -2.794058e-02 6.603509e-02 1.652571e-01
      vertex   -3.246706e-02 6.441297e-02 1.604928e-01
    endloop
  endfacet
  facet normal -1.139782e-01 9.828133e-01 1.452135e-01
    outer loop
      vertex   -1.754897e-02 6.749956e-02 1.698548e-01
      vertex   -2.240249e-02 6.749956e-02 1.660452e-01
      vertex   -2.242740e-02 6.711895e-02 1.686016e-01
    endloop
  endfacet
  facet normal -1.480719e-01 9.784038e-01 1.442248e-01
    outer loop
      vertex   -2.242740e-02 6.711895e-02 1.686016e-01
      vertex   -2.240249e-02 6.749956e-02 1.660452e-01
      vertex   -2.668285e-02 6.711895e-02 1.642327e-01
    endloop
  endfacet
  facet normal -3.990682e-01 8.304559e-01 3.886998e-01
    outer loop
      vertex   -2.242740e-02 6.711895e-02 1.686016e-01
      vertex   -2.668285e-02 6.711895e-02 1.642327e-01
      vertex   -2.794058e-02 6.603509e-02 1.652571e-01
    endloop
  endfacet
  facet normal -4.614174e-01 8.304559e-01 3.121489e-01
    outer loop
      vertex   -2.794058e-02 6.603509e-02 1.652571e-01
      vertex   -2.668285e-02 6.711895e-02 1.642327e-01
      vertex   -3.151904e-02 6.603509e-02 1.599674e-01
    endloop
  endfacet
  facet normal -6.895191e-01 5.540565e-01 4.664598e-01
    outer loop
      vertex   -2.794058e-02 6.603509e-02 1.652571e-01
      vertex   -3.151904e-02 6.603509e-02 1.599674e-01
      vertex   -3.246706e-02 6.441297e-02 1.604928e-01
    endloop
  endfacet
  facet normal -7.610338e-01 5.540565e-01 3.374151e-01
    outer loop
      vertex   -3.246706e-02 6.441297e-02 1.604928e-01
      vertex   -3.151904e-02 6.603509e-02 1.599674e-01
      vertex   -3.513341e-02 6.441297e-02 1.544789e-01
    endloop
  endfacet
  facet normal -1.382748e-01 9.830842e-01 1.201064e-01
    outer loop
      vertex   -2.240249e-02 6.749956e-02 1.660452e-01
      vertex   -2.644858e-02 6.749956e-02 1.613871e-01
      vertex   -2.668285e-02 6.711895e-02 1.642327e-01
    endloop
  endfacet
  facet normal -1.724017e-01 9.780977e-01 1.166298e-01
    outer loop
      vertex   -2.668285e-02 6.711895e-02 1.642327e-01
      vertex   -2.644858e-02 6.749956e-02 1.613871e-01
      vertex   -3.010023e-02 6.711895e-02 1.591811e-01
    endloop
  endfacet
  facet normal -4.614174e-01 8.304559e-01 3.121489e-01
    outer loop
      vertex   -2.668285e-02 6.711895e-02 1.642327e-01
      vertex   -3.010023e-02 6.711895e-02 1.591811e-01
      vertex   -3.151904e-02 6.603509e-02 1.599674e-01
    endloop
  endfacet
  facet normal -5.092741e-01 8.304559e-01 2.257939e-01
    outer loop
      vertex   -3.151904e-02 6.603509e-02 1.599674e-01
      vertex   -3.010023e-02 6.711895e-02 1.591811e-01
      vertex   -3.410754e-02 6.603509e-02 1.541291e-01
    endloop
  endfacet
  facet normal -7.610338e-01 5.540565e-01 3.374151e-01
    outer loop
      vertex   -3.151904e-02 6.603509e-02 1.599674e-01
      vertex   -3.410754e-02 6.603509e-02 1.541291e-01
      vertex   -3.513341e-02 6.441297e-02 1.544789e-01
    endloop
  endfacet
  facet normal -8.086453e-01 5.540565e-01 1.977727e-01
    outer loop
      vertex   -3.513341e-02 6.441297e-02 1.544789e-01
      vertex   -3.410754e-02 6.603509e-02 1.541291e-01
      vertex   -3.669626e-02 6.441297e-02 1.480887e-01
    endloop
  endfacet
  facet normal -1.576571e-01 9.832613e-01 9.133163e-02
    outer loop
      vertex   -2.644858e-02 6.749956e-02 1.613871e-01
      vertex   -2.954142e-02 6.749956e-02 1.560482e-01
      vertex   -3.010023e-02 6.711895e-02 1.591811e-01
    endloop
  endfacet
  facet normal -1.910831e-01 9.779110e-01 8.471942e-02
    outer loop
      vertex   -3.010023e-02 6.711895e-02 1.591811e-01
      vertex   -2.954142e-02 6.749956e-02 1.560482e-01
      vertex   -3.257221e-02 6.711895e-02 1.536056e-01
    endloop
  endfacet
  facet normal -5.092741e-01 8.304559e-01 2.257939e-01
    outer loop
      vertex   -3.010023e-02 6.711895e-02 1.591811e-01
      vertex   -3.257221e-02 6.711895e-02 1.536056e-01
      vertex   -3.410754e-02 6.603509e-02 1.541291e-01
    endloop
  endfacet
  facet normal -5.411352e-01 8.304559e-01 1.323470e-01
    outer loop
      vertex   -3.410754e-02 6.603509e-02 1.541291e-01
      vertex   -3.257221e-02 6.711895e-02 1.536056e-01
      vertex   -3.562476e-02 6.603509e-02 1.479255e-01
    endloop
  endfacet
  facet normal -8.086453e-01 5.540565e-01 1.977727e-01
    outer loop
      vertex   -3.410754e-02 6.603509e-02 1.541291e-01
      vertex   -3.562476e-02 6.603509e-02 1.479255e-01
      vertex   -3.669626e-02 6.441297e-02 1.480887e-01
    endloop
  endfacet
  facet normal -8.308585e-01 5.540565e-01 5.191857e-02
    outer loop
      vertex   -3.669626e-02 6.441297e-02 1.480887e-01
      vertex   -3.562476e-02 6.603509e-02 1.479255e-01
      vertex   -3.710654e-02 6.441297e-02 1.415231e-01
    endloop
  endfacet
  facet normal -1.716300e-01 9.833488e-01 5.973473e-02
    outer loop
      vertex   -2.954142e-02 6.749956e-02 1.560482e-01
      vertex   -3.156953e-02 6.749956e-02 1.502211e-01
      vertex   -3.257221e-02 6.711895e-02 1.536056e-01
    endloop
  endfacet
  facet normal -2.033227e-01 9.778482e-01 4.972723e-02
    outer loop
      vertex   -3.257221e-02 6.711895e-02 1.536056e-01
      vertex   -3.156953e-02 6.749956e-02 1.502211e-01
      vertex   -3.402113e-02 6.711895e-02 1.476813e-01
    endloop
  endfacet
  facet normal -5.411352e-01 8.304559e-01 1.323470e-01
    outer loop
      vertex   -3.257221e-02 6.711895e-02 1.536056e-01
      vertex   -3.402113e-02 6.711895e-02 1.476813e-01
      vertex   -3.562476e-02 6.603509e-02 1.479255e-01
    endloop
  endfacet
  facet normal -5.559999e-01 8.304559e-01 3.474324e-02
    outer loop
      vertex   -3.562476e-02 6.603509e-02 1.479255e-01
      vertex   -3.402113e-02 6.711895e-02 1.476813e-01
      vertex   -3.602305e-02 6.603509e-02 1.415516e-01
    endloop
  endfacet
  facet normal -8.308585e-01 5.540565e-01 5.191857e-02
    outer loop
      vertex   -3.562476e-02 6.603509e-02 1.479255e-01
      vertex   -3.602305e-02 6.603509e-02 1.415516e-01
      vertex   -3.710654e-02 6.441297e-02 1.415231e-01
    endloop
  endfacet
  facet normal -8.269755e-01 5.540565e-01 -9.556629e-02
    outer loop
      vertex   -3.710654e-02 6.441297e-02 1.415231e-01
      vertex   -3.602305e-02 6.603509e-02 1.415516e-01
      vertex   -3.635135e-02 6.441297e-02 1.349881e-01
    endloop
  endfacet
  facet normal -1.798263e-01 9.833488e-01 2.622196e-02
    outer loop
      vertex   -3.156953e-02 6.749956e-02 1.502211e-01
      vertex   -3.245982e-02 6.749956e-02 1.441156e-01
      vertex   -3.402113e-02 6.711895e-02 1.476813e-01
    endloop
  endfacet
  facet normal -2.086150e-01 9.779110e-01 1.303590e-02
    outer loop
      vertex   -3.402113e-02 6.711895e-02 1.476813e-01
      vertex   -3.245982e-02 6.749956e-02 1.441156e-01
      vertex   -3.440150e-02 6.711895e-02 1.415943e-01
    endloop
  endfacet
  facet normal -5.559999e-01 8.304559e-01 3.474324e-02
    outer loop
      vertex   -3.402113e-02 6.711895e-02 1.476813e-01
      vertex   -3.440150e-02 6.711895e-02 1.415943e-01
      vertex   -3.602305e-02 6.603509e-02 1.415516e-01
    endloop
  endfacet
  facet normal -5.534014e-01 8.304559e-01 -6.395174e-02
    outer loop
      vertex   -3.602305e-02 6.603509e-02 1.415516e-01
      vertex   -3.440150e-02 6.711895e-02 1.415943e-01
      vertex   -3.528991e-02 6.603509e-02 1.352074e-01
    endloop
  endfacet
  facet normal -8.269755e-01 5.540565e-01 -9.556629e-02
    outer loop
      vertex   -3.602305e-02 6.603509e-02 1.415516e-01
      vertex   -3.528991e-02 6.603509e-02 1.352074e-01
      vertex   -3.635135e-02 6.441297e-02 1.349881e-01
    endloop
  endfacet
  facet normal -7.971183e-01 5.540565e-01 -2.400495e-01
    outer loop
      vertex   -3.635135e-02 6.441297e-02 1.349881e-01
      vertex   -3.528991e-02 6.603509e-02 1.352074e-01
      vertex   -3.445441e-02 6.441297e-02 1.286890e-01
    endloop
  endfacet
  facet normal -1.820138e-01 9.832613e-01 -8.257328e-03
    outer loop
      vertex   -3.245982e-02 6.749956e-02 1.441156e-01
      vertex   -3.218019e-02 6.749956e-02 1.379519e-01
      vertex   -3.440150e-02 6.711895e-02 1.415943e-01
    endloop
  endfacet
  facet normal -2.067702e-01 9.780977e-01 -2.389462e-02
    outer loop
      vertex   -3.440150e-02 6.711895e-02 1.415943e-01
      vertex   -3.218019e-02 6.749956e-02 1.379519e-01
      vertex   -3.370136e-02 6.711895e-02 1.355357e-01
    endloop
  endfacet
  facet normal -5.534014e-01 8.304559e-01 -6.395174e-02
    outer loop
      vertex   -3.440150e-02 6.711895e-02 1.415943e-01
      vertex   -3.370136e-02 6.711895e-02 1.355357e-01
      vertex   -3.528991e-02 6.603509e-02 1.352074e-01
    endloop
  endfacet
  facet normal -5.334214e-01 8.304559e-01 -1.606381e-01
    outer loop
      vertex   -3.528991e-02 6.603509e-02 1.352074e-01
      vertex   -3.370136e-02 6.711895e-02 1.355357e-01
      vertex   -3.344836e-02 6.603509e-02 1.290923e-01
    endloop
  endfacet
  facet normal -7.971183e-01 5.540565e-01 -2.400495e-01
    outer loop
      vertex   -3.528991e-02 6.603509e-02 1.352074e-01
      vertex   -3.344836e-02 6.603509e-02 1.290923e-01
      vertex   -3.445441e-02 6.441297e-02 1.286890e-01
    endloop
  endfacet
  facet normal -7.422247e-01 5.540565e-01 -3.769932e-01
    outer loop
      vertex   -3.445441e-02 6.441297e-02 1.286890e-01
      vertex   -3.344836e-02 6.603509e-02 1.290923e-01
      vertex   -3.147531e-02 6.441297e-02 1.228238e-01
    endloop
  endfacet
  facet normal -1.781001e-01 9.830842e-01 -4.272963e-02
    outer loop
      vertex   -3.218019e-02 6.749956e-02 1.379519e-01
      vertex   -3.074074e-02 6.749956e-02 1.319522e-01
      vertex   -3.370136e-02 6.711895e-02 1.355357e-01
    endloop
  endfacet
  facet normal -1.979229e-01 9.784038e-01 -5.960383e-02
    outer loop
      vertex   -3.370136e-02 6.711895e-02 1.355357e-01
      vertex   -3.074074e-02 6.749956e-02 1.319522e-01
      vertex   -3.194271e-02 6.711895e-02 1.296958e-01
    endloop
  endfacet
  facet normal -5.334214e-01 8.304559e-01 -1.606381e-01
    outer loop
      vertex   -3.370136e-02 6.711895e-02 1.355357e-01
      vertex   -3.194271e-02 6.711895e-02 1.296958e-01
      vertex   -3.344836e-02 6.603509e-02 1.290923e-01
    endloop
  endfacet
  facet normal -4.966873e-01 8.304559e-01 -2.522790e-01
    outer loop
      vertex   -3.344836e-02 6.603509e-02 1.290923e-01
      vertex   -3.194271e-02 6.711895e-02 1.296958e-01
      vertex   -3.055625e-02 6.603509e-02 1.233983e-01
    endloop
  endfacet
  facet normal -7.422247e-01 5.540565e-01 -3.769932e-01
    outer loop
      vertex   -3.344836e-02 6.603509e-02 1.290923e-01
      vertex   -3.055625e-02 6.603509e-02 1.233983e-01
      vertex   -3.147531e-02 6.441297e-02 1.228238e-01
    endloop
  endfacet
  facet normal -6.640188e-01 5.540565e-01 -5.020959e-01
    outer loop
      vertex   -3.147531e-02 6.441297e-02 1.228238e-01
      vertex   -3.055625e-02 6.603509e-02 1.233983e-01
      vertex   -2.750760e-02 6.441297e-02 1.175765e-01
    endloop
  endfacet
  facet normal -1.681340e-01 9.828133e-01 -7.621654e-02
    outer loop
      vertex   -3.074074e-02 6.749956e-02 1.319522e-01
      vertex   -2.819333e-02 6.749956e-02 1.263326e-01
      vertex   -3.194271e-02 6.711895e-02 1.296958e-01
    endloop
  endfacet
  facet normal -1.825206e-01 9.788216e-01 -9.270647e-02
    outer loop
      vertex   -3.194271e-02 6.711895e-02 1.296958e-01
      vertex   -2.819333e-02 6.749956e-02 1.263326e-01
      vertex   -2.918078e-02 6.711895e-02 1.242581e-01
    endloop
  endfacet
  facet normal -4.966873e-01 8.304559e-01 -2.522790e-01
    outer loop
      vertex   -3.194271e-02 6.711895e-02 1.296958e-01
      vertex   -2.918078e-02 6.711895e-02 1.242581e-01
      vertex   -3.055625e-02 6.603509e-02 1.233983e-01
    endloop
  endfacet
  facet normal -4.443529e-01 8.304559e-01 -3.359962e-01
    outer loop
      vertex   -3.055625e-02 6.603509e-02 1.233983e-01
      vertex   -2.918078e-02 6.711895e-02 1.242581e-01
      vertex   -2.670440e-02 6.603509e-02 1.183042e-01
    endloop
  endfacet
  facet normal -6.640188e-01 5.540565e-01 -5.020959e-01
    outer loop
      vertex   -3.055625e-02 6.603509e-02 1.233983e-01
      vertex   -2.670440e-02 6.603509e-02 1.183042e-01
      vertex   -2.750760e-02 6.441297e-02 1.175765e-01
    endloop
  endfacet
  facet normal -5.649570e-01 5.540565e-01 -6.114286e-01
    outer loop
      vertex   -2.750760e-02 6.441297e-02 1.175765e-01
      vertex   -2.670440e-02 6.603509e-02 1.183042e-01
      vertex   -2.267593e-02 6.441297e-02 1.131120e-01
    endloop
  endfacet
  facet normal -1.523047e-01 9.824420e-01 -1.077540e-01
    outer loop
      vertex   -2.819333e-02 6.749956e-02 1.263326e-01
      vertex   -2.462978e-02 6.749956e-02 1.212957e-01
      vertex   -2.918078e-02 6.711895e-02 1.242581e-01
    endloop
  endfacet
  facet normal -1.612942e-01 9.793413e-01 -1.219621e-01
    outer loop
      vertex   -2.918078e-02 6.711895e-02 1.242581e-01
      vertex   -2.462978e-02 6.749956e-02 1.212957e-01
      vertex   -2.550232e-02 6.711895e-02 1.193934e-01
    endloop
  endfacet
  facet normal -4.443529e-01 8.304559e-01 -3.359962e-01
    outer loop
      vertex   -2.918078e-02 6.711895e-02 1.242581e-01
      vertex   -2.550232e-02 6.711895e-02 1.193934e-01
      vertex   -2.670440e-02 6.603509e-02 1.183042e-01
    endloop
  endfacet
  facet normal -3.780621e-01 8.304559e-01 -4.091602e-01
    outer loop
      vertex   -2.670440e-02 6.603509e-02 1.183042e-01
      vertex   -2.550232e-02 6.711895e-02 1.193934e-01
      vertex   -2.201380e-02 6.603509e-02 1.139702e-01
    endloop
  endfacet
  facet normal -5.649570e-01 5.540565e-01 -6.114286e-01
    outer loop
      vertex   -2.670440e-02 6.603509e-02 1.183042e-01
      vertex   -2.201380e-02 6.603509e-02 1.139702e-01
      vertex   -2.267593e-02 6.441297e-02 1.131120e-01
    endloop
  endfacet
  facet normal -4.792519e-01 5.552137e-01 -6.797465e-01
    outer loop
      vertex   -2.267593e-02 6.441297e-02 1.131120e-01
      vertex   -2.201380e-02 6.603509e-02 1.139702e-01
      vertex   -1.956938e-02 6.452956e-02 1.110170e-01
    endloop
  endfacet
  facet normal -1.309373e-01 9.819611e-01 -1.364106e-01
    outer loop
      vertex   -2.462978e-02 6.749956e-02 1.212957e-01
      vertex   -2.017852e-02 6.749956e-02 1.170230e-01
      vertex   -2.550232e-02 6.711895e-02 1.193934e-01
    endloop
  endfacet
  facet normal -1.352119e-01 9.799511e-01 -1.463340e-01
    outer loop
      vertex   -2.550232e-02 6.711895e-02 1.193934e-01
      vertex   -2.017852e-02 6.749956e-02 1.170230e-01
      vertex   -2.102287e-02 6.711895e-02 1.152544e-01
    endloop
  endfacet
  facet normal -3.780621e-01 8.304559e-01 -4.091602e-01
    outer loop
      vertex   -2.550232e-02 6.711895e-02 1.193934e-01
      vertex   -2.102287e-02 6.711895e-02 1.152544e-01
      vertex   -2.201380e-02 6.603509e-02 1.139702e-01
    endloop
  endfacet
  facet normal -3.188071e-01 8.311916e-01 -4.555026e-01
    outer loop
      vertex   -2.201380e-02 6.603509e-02 1.139702e-01
      vertex   -2.102287e-02 6.711895e-02 1.152544e-01
      vertex   -1.841215e-02 6.615436e-02 1.116670e-01
    endloop
  endfacet
  facet normal -4.492146e-01 5.887618e-01 -6.719865e-01
    outer loop
      vertex   -2.201380e-02 6.603509e-02 1.139702e-01
      vertex   -1.841215e-02 6.615436e-02 1.116670e-01
      vertex   -1.956938e-02 6.452956e-02 1.110170e-01
    endloop
  endfacet
  facet normal -5.156369e-04 9.999996e-01 -7.960373e-04
    outer loop
      vertex   -1.500000e-02 6.749956e-02 1.136686e-01
      vertex   -1.500999e-02 6.749955e-02 1.136625e-01
      vertex   -2.017852e-02 6.749956e-02 1.170230e-01
    endloop
  endfacet
  facet normal -9.651153e-02 9.842005e-01 -1.484413e-01
    outer loop
      vertex   -2.017852e-02 6.749956e-02 1.170230e-01
      vertex   -1.500999e-02 6.749955e-02 1.136625e-01
      vertex   -1.680582e-02 6.716207e-02 1.125926e-01
    endloop
  endfacet
  facet normal -1.101262e-01 9.811860e-01 -1.585759e-01
    outer loop
      vertex   -2.017852e-02 6.749956e-02 1.170230e-01
      vertex   -1.680582e-02 6.716207e-02 1.125926e-01
      vertex   -2.102287e-02 6.711895e-02 1.152544e-01
    endloop
  endfacet
  facet normal -2.841509e-01 8.537346e-01 -4.363432e-01
    outer loop
      vertex   -2.102287e-02 6.711895e-02 1.152544e-01
      vertex   -1.680582e-02 6.716207e-02 1.125926e-01
      vertex   -1.841215e-02 6.615436e-02 1.116670e-01
    endloop
  endfacet
  facet normal -2.189870e-01 5.540565e-01 8.031600e-01
    outer loop
      vertex   -1.289939e-02 6.441297e-02 1.773060e-01
      vertex   -6.552601e-03 6.441297e-02 1.790365e-01
      vertex   -6.361269e-03 6.603509e-02 1.779696e-01
    endloop
  endfacet
  facet normal -7.376798e-02 5.540565e-01 8.292042e-01
    outer loop
      vertex   -6.361269e-03 6.603509e-02 1.779696e-01
      vertex   -6.552601e-03 6.441297e-02 1.790365e-01
      vertex   -1.710626e-17 6.603509e-02 1.785355e-01
    endloop
  endfacet
  facet normal -4.936459e-02 8.304559e-01 5.548929e-01
    outer loop
      vertex   -6.361269e-03 6.603509e-02 1.779696e-01
      vertex   -1.710626e-17 6.603509e-02 1.785355e-01
      vertex   -1.686304e-17 6.711895e-02 1.769134e-01
    endloop
  endfacet
  facet normal 4.936459e-02 8.304559e-01 5.548929e-01
    outer loop
      vertex   -1.686304e-17 6.711895e-02 1.769134e-01
      vertex   -1.710626e-17 6.603509e-02 1.785355e-01
      vertex   6.074920e-03 6.711895e-02 1.763730e-01
    endloop
  endfacet
  facet normal -7.376798e-02 5.540565e-01 8.292042e-01
    outer loop
      vertex   -6.552601e-03 6.441297e-02 1.790365e-01
      vertex   -1.705255e-17 6.441297e-02 1.796194e-01
      vertex   -1.710626e-17 6.603509e-02 1.785355e-01
    endloop
  endfacet
  facet normal 7.376798e-02 5.540565e-01 8.292042e-01
    outer loop
      vertex   -1.710626e-17 6.603509e-02 1.785355e-01
      vertex   -1.705255e-17 6.441297e-02 1.796194e-01
      vertex   6.361269e-03 6.603509e-02 1.779696e-01
    endloop
  endfacet
  facet normal 4.936459e-02 8.304559e-01 5.548929e-01
    outer loop
      vertex   -1.710626e-17 6.603509e-02 1.785355e-01
      vertex   6.361269e-03 6.603509e-02 1.779696e-01
      vertex   6.074920e-03 6.711895e-02 1.763730e-01
    endloop
  endfacet
  facet normal 1.465433e-01 8.304559e-01 5.374645e-01
    outer loop
      vertex   6.074920e-03 6.711895e-02 1.763730e-01
      vertex   6.361269e-03 6.603509e-02 1.779696e-01
      vertex   1.195904e-02 6.711895e-02 1.747686e-01
    endloop
  endfacet
  facet normal 7.376798e-02 5.540565e-01 8.292042e-01
    outer loop
      vertex   -1.705255e-17 6.441297e-02 1.796194e-01
      vertex   6.552601e-03 6.441297e-02 1.790365e-01
      vertex   6.361269e-03 6.603509e-02 1.779696e-01
    endloop
  endfacet
  facet normal 2.189870e-01 5.540565e-01 8.031600e-01
    outer loop
      vertex   6.361269e-03 6.603509e-02 1.779696e-01
      vertex   6.552601e-03 6.441297e-02 1.790365e-01
      vertex   1.252274e-02 6.603509e-02 1.762897e-01
    endloop
  endfacet
  facet normal 1.465433e-01 8.304559e-01 5.374645e-01
    outer loop
      vertex   6.361269e-03 6.603509e-02 1.779696e-01
      vertex   1.252274e-02 6.603509e-02 1.762897e-01
      vertex   1.195904e-02 6.711895e-02 1.747686e-01
    endloop
  endfacet
  facet normal 2.391193e-01 8.304559e-01 5.031550e-01
    outer loop
      vertex   1.195904e-02 6.711895e-02 1.747686e-01
      vertex   1.252274e-02 6.603509e-02 1.762897e-01
      vertex   1.746753e-02 6.711895e-02 1.721508e-01
    endloop
  endfacet
  facet normal 2.189870e-01 5.540565e-01 8.031600e-01
    outer loop
      vertex   6.552601e-03 6.441297e-02 1.790365e-01
      vertex   1.289939e-02 6.441297e-02 1.773060e-01
      vertex   1.252274e-02 6.603509e-02 1.762897e-01
    endloop
  endfacet
  facet normal 3.573279e-01 5.540565e-01 7.518897e-01
    outer loop
      vertex   1.252274e-02 6.603509e-02 1.762897e-01
      vertex   1.289939e-02 6.441297e-02 1.773060e-01
      vertex   1.829089e-02 6.603509e-02 1.735484e-01
    endloop
  endfacet
  facet normal 2.391193e-01 8.304559e-01 5.031550e-01
    outer loop
      vertex   1.252274e-02 6.603509e-02 1.762897e-01
      vertex   1.829089e-02 6.603509e-02 1.735484e-01
      vertex   1.746753e-02 6.711895e-02 1.721508e-01
    endloop
  endfacet
  facet normal 3.241849e-01 8.304559e-01 4.530421e-01
    outer loop
      vertex   1.746753e-02 6.711895e-02 1.721508e-01
      vertex   1.829089e-02 6.603509e-02 1.735484e-01
      vertex   2.242740e-02 6.711895e-02 1.686016e-01
    endloop
  endfacet
  facet normal 3.573279e-01 5.540565e-01 7.518897e-01
    outer loop
      vertex   1.289939e-02 6.441297e-02 1.773060e-01
      vertex   1.884103e-02 6.441297e-02 1.744823e-01
      vertex   1.829089e-02 6.603509e-02 1.735484e-01
    endloop
  endfacet
  facet normal 4.844457e-01 5.540565e-01 6.770035e-01
    outer loop
      vertex   1.829089e-02 6.603509e-02 1.735484e-01
      vertex   1.884103e-02 6.441297e-02 1.744823e-01
      vertex   2.348454e-02 6.603509e-02 1.698320e-01
    endloop
  endfacet
  facet normal 3.241849e-01 8.304559e-01 4.530421e-01
    outer loop
      vertex   1.829089e-02 6.603509e-02 1.735484e-01
      vertex   2.348454e-02 6.603509e-02 1.698320e-01
      vertex   2.242740e-02 6.711895e-02 1.686016e-01
    endloop
  endfacet
  facet normal 3.990682e-01 8.304559e-01 3.886998e-01
    outer loop
      vertex   2.242740e-02 6.711895e-02 1.686016e-01
      vertex   2.348454e-02 6.603509e-02 1.698320e-01
      vertex   2.668285e-02 6.711895e-02 1.642327e-01
    endloop
  endfacet
  facet normal 4.844457e-01 5.540565e-01 6.770035e-01
    outer loop
      vertex   1.884103e-02 6.441297e-02 1.744823e-01
      vertex   2.419090e-02 6.441297e-02 1.706540e-01
      vertex   2.348454e-02 6.603509e-02 1.698320e-01
    endloop
  endfacet
  facet normal 5.963476e-01 5.540565e-01 5.808535e-01
    outer loop
      vertex   2.348454e-02 6.603509e-02 1.698320e-01
      vertex   2.419090e-02 6.441297e-02 1.706540e-01
      vertex   2.794058e-02 6.603509e-02 1.652571e-01
    endloop
  endfacet
  facet normal 3.990682e-01 8.304559e-01 3.886998e-01
    outer loop
      vertex   2.348454e-02 6.603509e-02 1.698320e-01
      vertex   2.794058e-02 6.603509e-02 1.652571e-01
      vertex   2.668285e-02 6.711895e-02 1.642327e-01
    endloop
  endfacet
  facet normal 4.614174e-01 8.304559e-01 3.121489e-01
    outer loop
      vertex   2.668285e-02 6.711895e-02 1.642327e-01
      vertex   2.794058e-02 6.603509e-02 1.652571e-01
      vertex   3.010023e-02 6.711895e-02 1.591811e-01
    endloop
  endfacet
  facet normal 5.963476e-01 5.540565e-01 5.808535e-01
    outer loop
      vertex   2.419090e-02 6.441297e-02 1.706540e-01
      vertex   2.878097e-02 6.441297e-02 1.659415e-01
      vertex   2.794058e-02 6.603509e-02 1.652571e-01
    endloop
  endfacet
  facet normal 6.895191e-01 5.540565e-01 4.664598e-01
    outer loop
      vertex   2.794058e-02 6.603509e-02 1.652571e-01
      vertex   2.878097e-02 6.441297e-02 1.659415e-01
      vertex   3.151904e-02 6.603509e-02 1.599674e-01
    endloop
  endfacet
  facet normal 4.614174e-01 8.304559e-01 3.121489e-01
    outer loop
      vertex   2.794058e-02 6.603509e-02 1.652571e-01
      vertex   3.151904e-02 6.603509e-02 1.599674e-01
      vertex   3.010023e-02 6.711895e-02 1.591811e-01
    endloop
  endfacet
  facet normal 5.092741e-01 8.304559e-01 2.257939e-01
    outer loop
      vertex   3.010023e-02 6.711895e-02 1.591811e-01
      vertex   3.151904e-02 6.603509e-02 1.599674e-01
      vertex   3.257221e-02 6.711895e-02 1.536056e-01
    endloop
  endfacet
  facet normal 6.895191e-01 5.540565e-01 4.664598e-01
    outer loop
      vertex   2.878097e-02 6.441297e-02 1.659415e-01
      vertex   3.246706e-02 6.441297e-02 1.604928e-01
      vertex   3.151904e-02 6.603509e-02 1.599674e-01
    endloop
  endfacet
  facet normal 7.610338e-01 5.540565e-01 3.374151e-01
    outer loop
      vertex   3.151904e-02 6.603509e-02 1.599674e-01
      vertex   3.246706e-02 6.441297e-02 1.604928e-01
      vertex   3.410754e-02 6.603509e-02 1.541291e-01
    endloop
  endfacet
  facet normal 5.092741e-01 8.304559e-01 2.257939e-01
    outer loop
      vertex   3.151904e-02 6.603509e-02 1.599674e-01
      vertex   3.410754e-02 6.603509e-02 1.541291e-01
      vertex   3.257221e-02 6.711895e-02 1.536056e-01
    endloop
  endfacet
  facet normal 5.411352e-01 8.304559e-01 1.323470e-01
    outer loop
      vertex   3.257221e-02 6.711895e-02 1.536056e-01
      vertex   3.410754e-02 6.603509e-02 1.541291e-01
      vertex   3.402113e-02 6.711895e-02 1.476813e-01
    endloop
  endfacet
  facet normal 7.610338e-01 5.540565e-01 3.374151e-01
    outer loop
      vertex   3.246706e-02 6.441297e-02 1.604928e-01
      vertex   3.513341e-02 6.441297e-02 1.544789e-01
      vertex   3.410754e-02 6.603509e-02 1.541291e-01
    endloop
  endfacet
  facet normal 8.086453e-01 5.540565e-01 1.977727e-01
    outer loop
      vertex   3.410754e-02 6.603509e-02 1.541291e-01
      vertex   3.513341e-02 6.441297e-02 1.544789e-01
      vertex   3.562476e-02 6.603509e-02 1.479255e-01
    endloop
  endfacet
  facet normal 5.411352e-01 8.304559e-01 1.323470e-01
    outer loop
      vertex   3.410754e-02 6.603509e-02 1.541291e-01
      vertex   3.562476e-02 6.603509e-02 1.479255e-01
      vertex   3.402113e-02 6.711895e-02 1.476813e-01
    endloop
  endfacet
  facet normal 5.559999e-01 8.304559e-01 3.474324e-02
    outer loop
      vertex   3.402113e-02 6.711895e-02 1.476813e-01
      vertex   3.562476e-02 6.603509e-02 1.479255e-01
      vertex   3.440150e-02 6.711895e-02 1.415943e-01
    endloop
  endfacet
  facet normal 8.086453e-01 5.540565e-01 1.977727e-01
    outer loop
      vertex   3.513341e-02 6.441297e-02 1.544789e-01
      vertex   3.669626e-02 6.441297e-02 1.480887e-01
      vertex   3.562476e-02 6.603509e-02 1.479255e-01
    endloop
  endfacet
  facet normal 8.308585e-01 5.540565e-01 5.191857e-02
    outer loop
      vertex   3.562476e-02 6.603509e-02 1.479255e-01
      vertex   3.669626e-02 6.441297e-02 1.480887e-01
      vertex   3.602305e-02 6.603509e-02 1.415516e-01
    endloop
  endfacet
  facet normal 5.559999e-01 8.304559e-01 3.474324e-02
    outer loop
      vertex   3.562476e-02 6.603509e-02 1.479255e-01
      vertex   3.602305e-02 6.603509e-02 1.415516e-01
      vertex   3.440150e-02 6.711895e-02 1.415943e-01
    endloop
  endfacet
  facet normal 5.534014e-01 8.304559e-01 -6.395174e-02
    outer loop
      vertex   3.440150e-02 6.711895e-02 1.415943e-01
      vertex   3.602305e-02 6.603509e-02 1.415516e-01
      vertex   3.370136e-02 6.711895e-02 1.355357e-01
    endloop
  endfacet
  facet normal 8.308585e-01 5.540565e-01 5.191857e-02
    outer loop
      vertex   3.669626e-02 6.441297e-02 1.480887e-01
      vertex   3.710654e-02 6.441297e-02 1.415231e-01
      vertex   3.602305e-02 6.603509e-02 1.415516e-01
    endloop
  endfacet
  facet normal 8.269755e-01 5.540565e-01 -9.556629e-02
    outer loop
      vertex   3.602305e-02 6.603509e-02 1.415516e-01
      vertex   3.710654e-02 6.441297e-02 1.415231e-01
      vertex   3.528991e-02 6.603509e-02 1.352074e-01
    endloop
  endfacet
  facet normal 5.534014e-01 8.304559e-01 -6.395174e-02
    outer loop
      vertex   3.602305e-02 6.603509e-02 1.415516e-01
      vertex   3.528991e-02 6.603509e-02 1.352074e-01
      vertex   3.370136e-02 6.711895e-02 1.355357e-01
    endloop
  endfacet
  facet normal 5.334214e-01 8.304559e-01 -1.606381e-01
    outer loop
      vertex   3.370136e-02 6.711895e-02 1.355357e-01
      vertex   3.528991e-02 6.603509e-02 1.352074e-01
      vertex   3.194271e-02 6.711895e-02 1.296958e-01
    endloop
  endfacet
  facet normal 8.269755e-01 5.540565e-01 -9.556629e-02
    outer loop
      vertex   3.710654e-02 6.441297e-02 1.415231e-01
      vertex   3.635135e-02 6.441297e-02 1.349881e-01
      vertex   3.528991e-02 6.603509e-02 1.352074e-01
    endloop
  endfacet
  facet normal 7.971183e-01 5.540565e-01 -2.400495e-01
    outer loop
      vertex   3.528991e-02 6.603509e-02 1.352074e-01
      vertex   3.635135e-02 6.441297e-02 1.349881e-01
      vertex   3.344836e-02 6.603509e-02 1.290923e-01
    endloop
  endfacet
  facet normal 5.334214e-01 8.304559e-01 -1.606381e-01
    outer loop
      vertex   3.528991e-02 6.603509e-02 1.352074e-01
      vertex   3.344836e-02 6.603509e-02 1.290923e-01
      vertex   3.194271e-02 6.711895e-02 1.296958e-01
    endloop
  endfacet
  facet normal 4.966873e-01 8.304559e-01 -2.522790e-01
    outer loop
      vertex   3.194271e-02 6.711895e-02 1.296958e-01
      vertex   3.344836e-02 6.603509e-02 1.290923e-01
      vertex   2.918078e-02 6.711895e-02 1.242581e-01
    endloop
  endfacet
  facet normal 7.971183e-01 5.540565e-01 -2.400495e-01
    outer loop
      vertex   3.635135e-02 6.441297e-02 1.349881e-01
      vertex   3.445441e-02 6.441297e-02 1.286890e-01
      vertex   3.344836e-02 6.603509e-02 1.290923e-01
    endloop
  endfacet
  facet normal 7.422247e-01 5.540565e-01 -3.769932e-01
    outer loop
      vertex   3.344836e-02 6.603509e-02 1.290923e-01
      vertex   3.445441e-02 6.441297e-02 1.286890e-01
      vertex   3.055625e-02 6.603509e-02 1.233983e-01
    endloop
  endfacet
  facet normal 4.966873e-01 8.304559e-01 -2.522790e-01
    outer loop
      vertex   3.344836e-02 6.603509e-02 1.290923e-01
      vertex   3.055625e-02 6.603509e-02 1.233983e-01
      vertex   2.918078e-02 6.711895e-02 1.242581e-01
    endloop
  endfacet
  facet normal 4.443529e-01 8.304559e-01 -3.359962e-01
    outer loop
      vertex   2.918078e-02 6.711895e-02 1.242581e-01
      vertex   3.055625e-02 6.603509e-02 1.233983e-01
      vertex   2.550232e-02 6.711895e-02 1.193934e-01
    endloop
  endfacet
  facet normal 7.422247e-01 5.540565e-01 -3.769932e-01
    outer loop
      vertex   3.445441e-02 6.441297e-02 1.286890e-01
      vertex   3.147531e-02 6.441297e-02 1.228238e-01
      vertex   3.055625e-02 6.603509e-02 1.233983e-01
    endloop
  endfacet
  facet normal 6.640188e-01 5.540565e-01 -5.020959e-01
    outer loop
      vertex   3.055625e-02 6.603509e-02 1.233983e-01
      vertex   3.147531e-02 6.441297e-02 1.228238e-01
      vertex   2.670440e-02 6.603509e-02 1.183042e-01
    endloop
  endfacet
  facet normal 4.443529e-01 8.304559e-01 -3.359962e-01
    outer loop
      vertex   3.055625e-02 6.603509e-02 1.233983e-01
      vertex   2.670440e-02 6.603509e-02 1.183042e-01
      vertex   2.550232e-02 6.711895e-02 1.193934e-01
    endloop
  endfacet
  facet normal 3.780621e-01 8.304559e-01 -4.091602e-01
    outer loop
      vertex   2.550232e-02 6.711895e-02 1.193934e-01
      vertex   2.670440e-02 6.603509e-02 1.183042e-01
      vertex   2.102287e-02 6.711895e-02 1.152544e-01
    endloop
  endfacet
  facet normal 6.640188e-01 5.540565e-01 -5.020959e-01
    outer loop
      vertex   3.147531e-02 6.441297e-02 1.228238e-01
      vertex   2.750760e-02 6.441297e-02 1.175765e-01
      vertex   2.670440e-02 6.603509e-02 1.183042e-01
    endloop
  endfacet
  facet normal 5.649570e-01 5.540565e-01 -6.114286e-01
    outer loop
      vertex   2.670440e-02 6.603509e-02 1.183042e-01
      vertex   2.750760e-02 6.441297e-02 1.175765e-01
      vertex   2.201380e-02 6.603509e-02 1.139702e-01
    endloop
  endfacet
  facet normal 3.780621e-01 8.304559e-01 -4.091602e-01
    outer loop
      vertex   2.670440e-02 6.603509e-02 1.183042e-01
      vertex   2.201380e-02 6.603509e-02 1.139702e-01
      vertex   2.102287e-02 6.711895e-02 1.152544e-01
    endloop
  endfacet
  facet normal 5.649570e-01 5.540565e-01 -6.114286e-01
    outer loop
      vertex   2.267593e-02 6.441297e-02 1.131120e-01
      vertex   2.201380e-02 6.603509e-02 1.139702e-01
      vertex   2.750760e-02 6.441297e-02 1.175765e-01
    endloop
  endfacet
  facet normal -4.357582e-01 8.788723e-01 -1.941603e-01
    outer loop
      vertex   -1.336962e-02 3.544237e-02 8.741342e-02
      vertex   -1.323529e-02 3.508626e-02 8.550000e-02
      vertex   -1.509946e-02 3.444940e-02 8.680103e-02
    endloop
  endfacet
  facet normal -3.836333e-01 9.180214e-01 -1.003102e-01
    outer loop
      vertex   -1.509946e-02 3.444940e-02 8.680103e-02
      vertex   -1.323529e-02 3.508626e-02 8.550000e-02
      vertex   -1.493518e-02 3.439639e-02 8.568758e-02
    endloop
  endfacet
  facet normal -4.470471e-01 8.879382e-01 -1.082340e-01
    outer loop
      vertex   -1.509946e-02 3.444940e-02 8.680103e-02
      vertex   -1.493518e-02 3.439639e-02 8.568758e-02
      vertex   -1.655023e-02 3.364970e-02 8.623261e-02
    endloop
  endfacet
  facet normal -4.550307e-01 8.863497e-01 -8.562272e-02
    outer loop
      vertex   -1.509946e-02 3.444940e-02 8.680103e-02
      vertex   -1.655023e-02 3.364970e-02 8.623261e-02
      vertex   -1.683660e-02 3.361852e-02 8.743167e-02
    endloop
  endfacet
  facet normal -5.040345e-01 8.580987e-01 -9.806065e-02
    outer loop
      vertex   -1.683660e-02 3.361852e-02 8.743167e-02
      vertex   -1.655023e-02 3.364970e-02 8.623261e-02
      vertex   -1.803472e-02 3.287784e-02 8.710858e-02
    endloop
  endfacet
  facet normal -5.109096e-01 8.568111e-01 -6.961396e-02
    outer loop
      vertex   -1.683660e-02 3.361852e-02 8.743167e-02
      vertex   -1.803472e-02 3.287784e-02 8.710858e-02
      vertex   -1.841562e-02 3.276305e-02 8.849119e-02
    endloop
  endfacet
  facet normal -5.518527e-01 8.297872e-01 -8.313705e-02
    outer loop
      vertex   -1.841562e-02 3.276305e-02 8.849119e-02
      vertex   -1.803472e-02 3.287784e-02 8.710858e-02
      vertex   -1.935105e-02 3.212095e-02 8.829173e-02
    endloop
  endfacet
  facet normal -5.571985e-01 8.286047e-01 -5.425959e-02
    outer loop
      vertex   -1.841562e-02 3.276305e-02 8.849119e-02
      vertex   -1.935105e-02 3.212095e-02 8.829173e-02
      vertex   -1.976244e-02 3.195310e-02 8.995309e-02
    endloop
  endfacet
  facet normal -5.899832e-01 8.048125e-01 -6.478180e-02
    outer loop
      vertex   -1.976244e-02 3.195310e-02 8.995309e-02
      vertex   -1.935105e-02 3.212095e-02 8.829173e-02
      vertex   -2.046102e-02 3.142553e-02 8.976095e-02
    endloop
  endfacet
  facet normal -5.972076e-01 8.015427e-01 -2.953644e-02
    outer loop
      vertex   -1.976244e-02 3.195310e-02 8.995309e-02
      vertex   -2.046102e-02 3.142553e-02 8.976095e-02
      vertex   -2.131805e-02 3.085067e-02 9.148933e-02
    endloop
  endfacet
  facet normal -6.036640e-01 7.962409e-01 -3.987883e-02
    outer loop
      vertex   -1.976244e-02 3.195310e-02 8.995309e-02
      vertex   -2.131805e-02 3.085067e-02 9.148933e-02
      vertex   -2.106059e-02 3.109649e-02 9.250032e-02
    endloop
  endfacet
  facet normal -6.352170e-01 7.718985e-01 -2.592449e-02
    outer loop
      vertex   -2.106059e-02 3.109649e-02 9.250032e-02
      vertex   -2.131805e-02 3.085067e-02 9.148933e-02
      vertex   -2.186794e-02 3.046338e-02 9.343146e-02
    endloop
  endfacet
  facet normal -6.206234e-01 7.840930e-01 -4.979467e-03
    outer loop
      vertex   -2.106059e-02 3.109649e-02 9.250032e-02
      vertex   -2.186794e-02 3.046338e-02 9.343146e-02
      vertex   -2.205882e-02 3.032542e-02 9.550000e-02
    endloop
  endfacet
  facet normal -7.064152e-01 7.057604e-01 -5.366464e-02
    outer loop
      vertex   -2.205882e-02 3.032542e-02 9.550000e-02
      vertex   -2.095383e-02 3.143145e-02 9.550000e-02
      vertex   -2.106059e-02 3.109649e-02 9.250032e-02
    endloop
  endfacet
  facet normal -7.471396e-01 6.629722e-01 -4.743724e-02
    outer loop
      vertex   -2.106059e-02 3.109649e-02 9.250032e-02
      vertex   -2.095383e-02 3.143145e-02 9.550000e-02
      vertex   -2.052960e-02 3.171896e-02 9.283665e-02
    endloop
  endfacet
  facet normal -7.165994e-01 6.842786e-01 -1.350858e-01
    outer loop
      vertex   -2.106059e-02 3.109649e-02 9.250032e-02
      vertex   -2.052960e-02 3.171896e-02 9.283665e-02
      vertex   -1.976244e-02 3.195310e-02 8.995309e-02
    endloop
  endfacet
  facet normal -7.133882e-01 6.878495e-01 -1.339415e-01
    outer loop
      vertex   -1.976244e-02 3.195310e-02 8.995309e-02
      vertex   -2.052960e-02 3.171896e-02 9.283665e-02
      vertex   -1.930158e-02 3.255807e-02 9.060528e-02
    endloop
  endfacet
  facet normal -6.586797e-01 7.237125e-01 -2.058669e-01
    outer loop
      vertex   -1.976244e-02 3.195310e-02 8.995309e-02
      vertex   -1.930158e-02 3.255807e-02 9.060528e-02
      vertex   -1.841562e-02 3.276305e-02 8.849119e-02
    endloop
  endfacet
  facet normal -6.580318e-01 7.243977e-01 -2.055290e-01
    outer loop
      vertex   -1.841562e-02 3.276305e-02 8.849119e-02
      vertex   -1.930158e-02 3.255807e-02 9.060528e-02
      vertex   -1.804537e-02 3.334494e-02 8.935670e-02
    endloop
  endfacet
  facet normal -5.895491e-01 7.642019e-01 -2.615861e-01
    outer loop
      vertex   -1.841562e-02 3.276305e-02 8.849119e-02
      vertex   -1.804537e-02 3.334494e-02 8.935670e-02
      vertex   -1.683660e-02 3.361852e-02 8.743167e-02
    endloop
  endfacet
  facet normal -5.919930e-01 7.616570e-01 -2.634823e-01
    outer loop
      vertex   -1.683660e-02 3.361852e-02 8.743167e-02
      vertex   -1.804537e-02 3.334494e-02 8.935670e-02
      vertex   -1.659854e-02 3.416813e-02 8.848557e-02
    endloop
  endfacet
  facet normal -4.993705e-01 8.093141e-01 -3.092566e-01
    outer loop
      vertex   -1.683660e-02 3.361852e-02 8.743167e-02
      vertex   -1.659854e-02 3.416813e-02 8.848557e-02
      vertex   -1.509946e-02 3.444940e-02 8.680103e-02
    endloop
  endfacet
  facet normal -5.055446e-01 8.029219e-01 -3.158183e-01
    outer loop
      vertex   -1.509946e-02 3.444940e-02 8.680103e-02
      vertex   -1.659854e-02 3.416813e-02 8.848557e-02
      vertex   -1.504320e-02 3.495888e-02 8.800625e-02
    endloop
  endfacet
  facet normal -3.716169e-01 8.612150e-01 -3.467126e-01
    outer loop
      vertex   -1.509946e-02 3.444940e-02 8.680103e-02
      vertex   -1.504320e-02 3.495888e-02 8.800625e-02
      vertex   -1.336962e-02 3.544237e-02 8.741342e-02
    endloop
  endfacet
  facet normal -4.058810e-01 7.288590e-01 -5.513848e-01
    outer loop
      vertex   -1.336962e-02 3.544237e-02 8.741342e-02
      vertex   -1.504320e-02 3.495888e-02 8.800625e-02
      vertex   -1.375216e-02 3.645648e-02 8.903553e-02
    endloop
  endfacet
  facet normal -3.865890e-01 7.250194e-01 -5.699963e-01
    outer loop
      vertex   -1.375216e-02 3.645648e-02 8.903553e-02
      vertex   -1.504320e-02 3.495888e-02 8.800625e-02
      vertex   -1.514095e-02 3.573354e-02 8.905788e-02
    endloop
  endfacet
  facet normal -3.247137e-01 6.012057e-01 -7.301457e-01
    outer loop
      vertex   -1.375216e-02 3.645648e-02 8.903553e-02
      vertex   -1.514095e-02 3.573354e-02 8.905788e-02
      vertex   -1.526819e-02 3.629223e-02 8.957450e-02
    endloop
  endfacet
  facet normal -5.063985e-01 5.204304e-01 -6.875411e-01
    outer loop
      vertex   -1.526819e-02 3.629223e-02 8.957450e-02
      vertex   -1.514095e-02 3.573354e-02 8.905788e-02
      vertex   -1.656453e-02 3.546194e-02 8.990082e-02
    endloop
  endfacet
  facet normal -4.580086e-01 4.038592e-01 -7.919128e-01
    outer loop
      vertex   -1.526819e-02 3.629223e-02 8.957450e-02
      vertex   -1.656453e-02 3.546194e-02 8.990082e-02
      vertex   -1.679373e-02 3.658629e-02 9.060677e-02
    endloop
  endfacet
  facet normal -6.474137e-01 3.062260e-01 -6.979119e-01
    outer loop
      vertex   -1.679373e-02 3.658629e-02 9.060677e-02
      vertex   -1.656453e-02 3.546194e-02 8.990082e-02
      vertex   -1.787478e-02 3.564431e-02 9.119629e-02
    endloop
  endfacet
  facet normal -5.474336e-01 1.089950e-01 -8.297208e-01
    outer loop
      vertex   -1.679373e-02 3.658629e-02 9.060677e-02
      vertex   -1.787478e-02 3.564431e-02 9.119629e-02
      vertex   -1.687847e-02 3.813639e-02 9.086630e-02
    endloop
  endfacet
  facet normal -6.575240e-01 1.655479e-01 -7.350211e-01
    outer loop
      vertex   -1.687847e-02 3.813639e-02 9.086630e-02
      vertex   -1.787478e-02 3.564431e-02 9.119629e-02
      vertex   -1.846559e-02 3.640381e-02 9.189587e-02
    endloop
  endfacet
  facet normal -7.145529e-01 8.389164e-02 -6.945332e-01
    outer loop
      vertex   -1.846559e-02 3.640381e-02 9.189587e-02
      vertex   -1.787478e-02 3.564431e-02 9.119629e-02
      vertex   -1.881737e-02 3.475300e-02 9.205838e-02
    endloop
  endfacet
  facet normal -8.662870e-01 1.373151e-01 -4.803034e-01
    outer loop
      vertex   -1.846559e-02 3.640381e-02 9.189587e-02
      vertex   -1.881737e-02 3.475300e-02 9.205838e-02
      vertex   -1.958023e-02 3.496415e-02 9.349467e-02
    endloop
  endfacet
  facet normal -8.765239e-01 7.134292e-02 -4.760421e-01
    outer loop
      vertex   -1.958023e-02 3.496415e-02 9.349467e-02
      vertex   -1.881737e-02 3.475300e-02 9.205838e-02
      vertex   -1.974252e-02 3.381110e-02 9.362069e-02
    endloop
  endfacet
  facet normal -9.597642e-01 1.066994e-01 -2.597459e-01
    outer loop
      vertex   -1.958023e-02 3.496415e-02 9.349467e-02
      vertex   -1.974252e-02 3.381110e-02 9.362069e-02
      vertex   -1.989183e-02 3.452522e-02 9.446573e-02
    endloop
  endfacet
  facet normal -9.908356e-01 -7.171004e-02 -1.144663e-01
    outer loop
      vertex   -1.989183e-02 3.452522e-02 9.446573e-02
      vertex   -1.974252e-02 3.381110e-02 9.362069e-02
      vertex   -2.000000e-02 3.436887e-02 9.550000e-02
    endloop
  endfacet
  facet normal -9.388140e-01 2.732191e-01 -2.097133e-01
    outer loop
      vertex   -2.000000e-02 3.436887e-02 9.550000e-02
      vertex   -1.974252e-02 3.381110e-02 9.362069e-02
      vertex   -1.994371e-02 3.289440e-02 9.332705e-02
    endloop
  endfacet
  facet normal -9.792504e-01 1.550049e-01 -1.305455e-01
    outer loop
      vertex   -2.000000e-02 3.436887e-02 9.550000e-02
      vertex   -1.994371e-02 3.289440e-02 9.332705e-02
      vertex   -2.024443e-02 3.282467e-02 9.550000e-02
    endloop
  endfacet
  facet normal -9.110885e-01 3.963143e-01 -1.133693e-01
    outer loop
      vertex   -2.024443e-02 3.282467e-02 9.550000e-02
      vertex   -1.994371e-02 3.289440e-02 9.332705e-02
      vertex   -2.012121e-02 3.243677e-02 9.315370e-02
    endloop
  endfacet
  facet normal -8.353500e-01 5.336126e-01 -1.320907e-01
    outer loop
      vertex   -2.024443e-02 3.282467e-02 9.550000e-02
      vertex   -2.012121e-02 3.243677e-02 9.315370e-02
      vertex   -2.052960e-02 3.171896e-02 9.283665e-02
    endloop
  endfacet
  facet normal -7.985607e-01 5.560871e-01 -2.303650e-01
    outer loop
      vertex   -2.052960e-02 3.171896e-02 9.283665e-02
      vertex   -2.012121e-02 3.243677e-02 9.315370e-02
      vertex   -1.930158e-02 3.255807e-02 9.060528e-02
    endloop
  endfacet
  facet normal -8.873073e-01 4.517947e-01 -9.255996e-02
    outer loop
      vertex   -2.095383e-02 3.143145e-02 9.550000e-02
      vertex   -2.024443e-02 3.282467e-02 9.550000e-02
      vertex   -2.052960e-02 3.171896e-02 9.283665e-02
    endloop
  endfacet
  facet normal -3.556970e-01 1.353853e-01 -9.247435e-01
    outer loop
      vertex   -1.679373e-02 3.658629e-02 9.060677e-02
      vertex   -1.687847e-02 3.813639e-02 9.086630e-02
      vertex   -1.563669e-02 3.750140e-02 9.029570e-02
    endloop
  endfacet
  facet normal -3.344452e-01 1.776434e-01 -9.255210e-01
    outer loop
      vertex   -1.563669e-02 3.750140e-02 9.029570e-02
      vertex   -1.687847e-02 3.813639e-02 9.086630e-02
      vertex   -1.500000e-02 3.976449e-02 9.050000e-02
    endloop
  endfacet
  facet normal -1.808481e-01 1.387774e-01 -9.736708e-01
    outer loop
      vertex   -1.563669e-02 3.750140e-02 9.029570e-02
      vertex   -1.500000e-02 3.976449e-02 9.050000e-02
      vertex   -1.432468e-02 3.797421e-02 9.011940e-02
    endloop
  endfacet
  facet normal -2.709331e-01 4.308453e-01 -8.607947e-01
    outer loop
      vertex   -1.563669e-02 3.750140e-02 9.029570e-02
      vertex   -1.432468e-02 3.797421e-02 9.011940e-02
      vertex   -1.526819e-02 3.629223e-02 8.957450e-02
    endloop
  endfacet
  facet normal -3.414554e-01 4.575214e-01 -8.210252e-01
    outer loop
      vertex   -1.526819e-02 3.629223e-02 8.957450e-02
      vertex   -1.432468e-02 3.797421e-02 9.011940e-02
      vertex   -1.375216e-02 3.645648e-02 8.903553e-02
    endloop
  endfacet
  facet normal -5.248154e-01 6.613259e-01 -5.359262e-01
    outer loop
      vertex   -1.514095e-02 3.573354e-02 8.905788e-02
      vertex   -1.504320e-02 3.495888e-02 8.800625e-02
      vertex   -1.652679e-02 3.493117e-02 8.942488e-02
    endloop
  endfacet
  facet normal -5.090555e-01 6.866983e-01 -5.189489e-01
    outer loop
      vertex   -1.652679e-02 3.493117e-02 8.942488e-02
      vertex   -1.504320e-02 3.495888e-02 8.800625e-02
      vertex   -1.659854e-02 3.416813e-02 8.848557e-02
    endloop
  endfacet
  facet normal -6.433567e-01 6.175255e-01 -4.524979e-01
    outer loop
      vertex   -1.652679e-02 3.493117e-02 8.942488e-02
      vertex   -1.659854e-02 3.416813e-02 8.848557e-02
      vertex   -1.783607e-02 3.409407e-02 9.014401e-02
    endloop
  endfacet
  facet normal -6.295268e-01 6.395654e-01 -4.411939e-01
    outer loop
      vertex   -1.783607e-02 3.409407e-02 9.014401e-02
      vertex   -1.659854e-02 3.416813e-02 8.848557e-02
      vertex   -1.804537e-02 3.334494e-02 8.935670e-02
    endloop
  endfacet
  facet normal -7.333522e-01 5.791317e-01 -3.560913e-01
    outer loop
      vertex   -1.783607e-02 3.409407e-02 9.014401e-02
      vertex   -1.804537e-02 3.334494e-02 8.935670e-02
      vertex   -1.898631e-02 3.329257e-02 9.120934e-02
    endloop
  endfacet
  facet normal -7.217255e-01 5.973631e-01 -3.496708e-01
    outer loop
      vertex   -1.898631e-02 3.329257e-02 9.120934e-02
      vertex   -1.804537e-02 3.334494e-02 8.935670e-02
      vertex   -1.930158e-02 3.255807e-02 9.060528e-02
    endloop
  endfacet
  facet normal -8.085295e-01 5.397789e-01 -2.343475e-01
    outer loop
      vertex   -1.898631e-02 3.329257e-02 9.120934e-02
      vertex   -1.930158e-02 3.255807e-02 9.060528e-02
      vertex   -2.012121e-02 3.243677e-02 9.315370e-02
    endloop
  endfacet
  facet normal -4.827592e-01 3.353882e-01 -8.089860e-01
    outer loop
      vertex   -1.679373e-02 3.658629e-02 9.060677e-02
      vertex   -1.563669e-02 3.750140e-02 9.029570e-02
      vertex   -1.526819e-02 3.629223e-02 8.957450e-02
    endloop
  endfacet
  facet normal -4.989062e-01 5.586488e-01 -6.625739e-01
    outer loop
      vertex   -1.514095e-02 3.573354e-02 8.905788e-02
      vertex   -1.652679e-02 3.493117e-02 8.942488e-02
      vertex   -1.656453e-02 3.546194e-02 8.990082e-02
    endloop
  endfacet
  facet normal -6.508275e-01 4.806881e-01 -5.876755e-01
    outer loop
      vertex   -1.656453e-02 3.546194e-02 8.990082e-02
      vertex   -1.652679e-02 3.493117e-02 8.942488e-02
      vertex   -1.779277e-02 3.459818e-02 9.055454e-02
    endloop
  endfacet
  facet normal -6.261167e-01 3.714705e-01 -6.855564e-01
    outer loop
      vertex   -1.656453e-02 3.546194e-02 8.990082e-02
      vertex   -1.779277e-02 3.459818e-02 9.055454e-02
      vertex   -1.787478e-02 3.564431e-02 9.119629e-02
    endloop
  endfacet
  facet normal -7.790181e-01 2.823556e-01 -5.598269e-01
    outer loop
      vertex   -1.787478e-02 3.564431e-02 9.119629e-02
      vertex   -1.779277e-02 3.459818e-02 9.055454e-02
      vertex   -1.881737e-02 3.475300e-02 9.205838e-02
    endloop
  endfacet
  facet normal -6.416785e-01 5.166990e-01 -5.668076e-01
    outer loop
      vertex   -1.779277e-02 3.459818e-02 9.055454e-02
      vertex   -1.652679e-02 3.493117e-02 8.942488e-02
      vertex   -1.783607e-02 3.409407e-02 9.014401e-02
    endloop
  endfacet
  facet normal -7.630022e-01 4.463134e-01 -4.675810e-01
    outer loop
      vertex   -1.779277e-02 3.459818e-02 9.055454e-02
      vertex   -1.783607e-02 3.409407e-02 9.014401e-02
      vertex   -1.887438e-02 3.377325e-02 9.153209e-02
    endloop
  endfacet
  facet normal -7.524798e-01 4.788514e-01 -4.521896e-01
    outer loop
      vertex   -1.887438e-02 3.377325e-02 9.153209e-02
      vertex   -1.783607e-02 3.409407e-02 9.014401e-02
      vertex   -1.898631e-02 3.329257e-02 9.120934e-02
    endloop
  endfacet
  facet normal -8.580312e-01 4.086766e-01 -3.110722e-01
    outer loop
      vertex   -1.887438e-02 3.377325e-02 9.153209e-02
      vertex   -1.898631e-02 3.329257e-02 9.120934e-02
      vertex   -1.994371e-02 3.289440e-02 9.332705e-02
    endloop
  endfacet
  facet normal -8.458481e-01 4.414774e-01 -2.993971e-01
    outer loop
      vertex   -1.994371e-02 3.289440e-02 9.332705e-02
      vertex   -1.898631e-02 3.329257e-02 9.120934e-02
      vertex   -2.012121e-02 3.243677e-02 9.315370e-02
    endloop
  endfacet
  facet normal -8.916244e-01 2.534284e-01 -3.752066e-01
    outer loop
      vertex   -1.974252e-02 3.381110e-02 9.362069e-02
      vertex   -1.881737e-02 3.475300e-02 9.205838e-02
      vertex   -1.887438e-02 3.377325e-02 9.153209e-02
    endloop
  endfacet
  facet normal -7.600853e-01 3.412751e-01 -5.529933e-01
    outer loop
      vertex   -1.887438e-02 3.377325e-02 9.153209e-02
      vertex   -1.881737e-02 3.475300e-02 9.205838e-02
      vertex   -1.779277e-02 3.459818e-02 9.055454e-02
    endloop
  endfacet
  facet normal -8.757269e-01 3.106002e-01 -3.696348e-01
    outer loop
      vertex   -1.974252e-02 3.381110e-02 9.362069e-02
      vertex   -1.887438e-02 3.377325e-02 9.153209e-02
      vertex   -1.994371e-02 3.289440e-02 9.332705e-02
    endloop
  endfacet
  facet normal -7.074346e-01 7.067788e-01 7.006091e-16
    outer loop
      vertex   -2.205882e-02 3.032542e-02 9.550000e-02
      vertex   -2.205882e-02 3.032542e-02 1.025000e-01
      vertex   -2.095383e-02 3.143145e-02 9.550000e-02
    endloop
  endfacet
  facet normal -7.074346e-01 7.067788e-01 -8.761838e-15
    outer loop
      vertex   -2.095383e-02 3.143145e-02 9.550000e-02
      vertex   -2.205882e-02 3.032542e-02 1.025000e-01
      vertex   -2.095383e-02 3.143145e-02 1.025000e-01
    endloop
  endfacet
  facet normal -8.911328e-01 4.537426e-01 -8.440489e-15
    outer loop
      vertex   -2.095383e-02 3.143145e-02 9.550000e-02
      vertex   -2.095383e-02 3.143145e-02 1.025000e-01
      vertex   -2.024443e-02 3.282467e-02 1.025000e-01
    endloop
  endfacet
  facet normal -9.877028e-01 1.563429e-01 0.000000e+00
    outer loop
      vertex   -2.000000e-02 3.436887e-02 1.025000e-01
      vertex   -2.000000e-02 3.436887e-02 9.550000e-02
      vertex   -2.024443e-02 3.282467e-02 1.025000e-01
    endloop
  endfacet
  facet normal -9.877028e-01 1.563429e-01 -8.632143e-15
    outer loop
      vertex   -2.024443e-02 3.282467e-02 1.025000e-01
      vertex   -2.000000e-02 3.436887e-02 9.550000e-02
      vertex   -2.024443e-02 3.282467e-02 9.550000e-02
    endloop
  endfacet
  facet normal -8.911328e-01 4.537426e-01 -8.408070e-15
    outer loop
      vertex   -2.024443e-02 3.282467e-02 1.025000e-01
      vertex   -2.024443e-02 3.282467e-02 9.550000e-02
      vertex   -2.095383e-02 3.143145e-02 9.550000e-02
    endloop
  endfacet
  facet normal -9.945755e-01 -1.226642e-16 -1.040173e-01
    outer loop
      vertex   -2.000000e-02 3.436887e-02 9.550000e-02
      vertex   -2.000000e-02 6.249956e-02 9.550000e-02
      vertex   -1.989183e-02 3.452522e-02 9.446573e-02
    endloop
  endfacet
  facet normal -9.807795e-01 3.420468e-03 -1.950892e-01
    outer loop
      vertex   -1.989183e-02 3.452522e-02 9.446573e-02
      vertex   -2.000000e-02 6.249956e-02 9.550000e-02
      vertex   -1.961940e-02 6.249956e-02 9.358658e-02
    endloop
  endfacet
  facet normal -9.521351e-01 -3.339330e-04 -3.056774e-01
    outer loop
      vertex   -1.989183e-02 3.452522e-02 9.446573e-02
      vertex   -1.961940e-02 6.249956e-02 9.358658e-02
      vertex   -1.958023e-02 3.496415e-02 9.349467e-02
    endloop
  endfacet
  facet normal -8.314694e-01 6.718868e-04 -5.555701e-01
    outer loop
      vertex   -1.958023e-02 3.496415e-02 9.349467e-02
      vertex   -1.961940e-02 6.249956e-02 9.358658e-02
      vertex   -1.853553e-02 6.249956e-02 9.196447e-02
    endloop
  endfacet
  facet normal -8.200274e-01 -6.932668e-04 -5.723239e-01
    outer loop
      vertex   -1.958023e-02 3.496415e-02 9.349467e-02
      vertex   -1.853553e-02 6.249956e-02 9.196447e-02
      vertex   -1.846559e-02 3.640381e-02 9.189587e-02
    endloop
  endfacet
  facet normal -5.555701e-01 6.967668e-04 -8.314694e-01
    outer loop
      vertex   -1.846559e-02 3.640381e-02 9.189587e-02
      vertex   -1.853553e-02 6.249956e-02 9.196447e-02
      vertex   -1.691342e-02 6.249956e-02 9.088060e-02
    endloop
  endfacet
  facet normal -5.439969e-01 -2.879751e-04 -8.390871e-01
    outer loop
      vertex   -1.846559e-02 3.640381e-02 9.189587e-02
      vertex   -1.691342e-02 6.249956e-02 9.088060e-02
      vertex   -1.687847e-02 3.813639e-02 9.086630e-02
    endloop
  endfacet
  facet normal -1.950903e-01 2.957218e-04 -9.807852e-01
    outer loop
      vertex   -1.687847e-02 3.813639e-02 9.086630e-02
      vertex   -1.691342e-02 6.249956e-02 9.088060e-02
      vertex   -1.500000e-02 6.249956e-02 9.050000e-02
    endloop
  endfacet
  facet normal -1.913968e-01 2.920034e-17 -9.815128e-01
    outer loop
      vertex   -1.687847e-02 3.813639e-02 9.086630e-02
      vertex   -1.500000e-02 6.249956e-02 9.050000e-02
      vertex   -1.500000e-02 3.976449e-02 9.050000e-02
    endloop
  endfacet
  facet normal -1.950902e-01 9.807845e-01 -1.246057e-03
    outer loop
      vertex   -1.691342e-02 6.711895e-02 9.550000e-02
      vertex   -1.680582e-02 6.716207e-02 1.125926e-01
      vertex   -1.500000e-02 6.749956e-02 9.550000e-02
    endloop
  endfacet
  facet normal -1.846300e-01 9.828081e-01 -1.009887e-04
    outer loop
      vertex   -1.500000e-02 6.749956e-02 9.550000e-02
      vertex   -1.680582e-02 6.716207e-02 1.125926e-01
      vertex   -1.500999e-02 6.749955e-02 1.136625e-01
    endloop
  endfacet
  facet normal -9.987624e-04 9.999995e-01 3.814443e-19
    outer loop
      vertex   -1.500000e-02 6.749956e-02 9.550000e-02
      vertex   -1.500999e-02 6.749955e-02 1.136625e-01
      vertex   -1.500000e-02 6.749956e-02 1.136686e-01
    endloop
  endfacet
  facet normal -5.319232e-01 8.467918e-01 1.212319e-03
    outer loop
      vertex   -1.680582e-02 6.716207e-02 1.125926e-01
      vertex   -1.691342e-02 6.711895e-02 9.550000e-02
      vertex   -1.841215e-02 6.615436e-02 1.116670e-01
    endloop
  endfacet
  facet normal -5.555692e-01 8.314681e-01 -1.894021e-03
    outer loop
      vertex   -1.841215e-02 6.615436e-02 1.116670e-01
      vertex   -1.691342e-02 6.711895e-02 9.550000e-02
      vertex   -1.853553e-02 6.603509e-02 9.550000e-02
    endloop
  endfacet
  facet normal -8.148911e-01 5.796109e-01 1.943158e-03
    outer loop
      vertex   -1.841215e-02 6.615436e-02 1.116670e-01
      vertex   -1.853553e-02 6.603509e-02 9.550000e-02
      vertex   -1.956938e-02 6.452956e-02 1.110170e-01
    endloop
  endfacet
  facet normal -8.314687e-01 5.555696e-01 -1.493938e-03
    outer loop
      vertex   -1.956938e-02 6.452956e-02 1.110170e-01
      vertex   -1.853553e-02 6.603509e-02 9.550000e-02
      vertex   -1.961940e-02 6.441297e-02 9.550000e-02
    endloop
  endfacet
  facet normal -9.782693e-01 2.073323e-01 1.595802e-03
    outer loop
      vertex   -1.956938e-02 6.452956e-02 1.110170e-01
      vertex   -1.961940e-02 6.441297e-02 9.550000e-02
      vertex   -2.000000e-02 6.249956e-02 1.107786e-01
    endloop
  endfacet
  facet normal -9.807853e-01 1.950903e-01 4.454325e-16
    outer loop
      vertex   -2.000000e-02 6.249956e-02 1.107786e-01
      vertex   -1.961940e-02 6.441297e-02 9.550000e-02
      vertex   -2.000000e-02 6.249956e-02 9.550000e-02
    endloop
  endfacet
  facet normal -1.000000e+00 0.000000e+00 4.190884e-16
    outer loop
      vertex   -2.000000e-02 4.749956e-02 1.107786e-01
      vertex   -2.000000e-02 6.249956e-02 1.107786e-01
      vertex   -2.000000e-02 4.749956e-02 1.025000e-01
    endloop
  endfacet
  facet normal -1.000000e+00 -1.935559e-17 4.541590e-16
    outer loop
      vertex   -2.000000e-02 4.749956e-02 1.025000e-01
      vertex   -2.000000e-02 6.249956e-02 1.107786e-01
      vertex   -2.000000e-02 6.249956e-02 9.550000e-02
    endloop
  endfacet
  facet normal -1.000000e+00 -1.233332e-16 2.313499e-16
    outer loop
      vertex   -2.000000e-02 4.749956e-02 1.025000e-01
      vertex   -2.000000e-02 6.249956e-02 9.550000e-02
      vertex   -2.000000e-02 3.436887e-02 9.550000e-02
    endloop
  endfacet
  facet normal -1.000000e+00 0.000000e+00 0.000000e+00
    outer loop
      vertex   -2.000000e-02 3.436887e-02 9.550000e-02
      vertex   -2.000000e-02 3.436887e-02 1.025000e-01
      vertex   -2.000000e-02 4.749956e-02 1.025000e-01
    endloop
  endfacet
  facet normal 0.000000e+00 -1.000000e+00 0.000000e+00
    outer loop
      vertex   -2.000000e-02 4.749956e-02 1.025000e-01
      vertex   2.000000e-02 4.749956e-02 1.025000e-01
      vertex   -2.000000e-02 4.749956e-02 1.107786e-01
    endloop
  endfacet
  facet normal 0.000000e+00 -1.000000e+00 0.000000e+00
    outer loop
      vertex   -2.000000e-02 4.749956e-02 1.107786e-01
      vertex   2.000000e-02 4.749956e-02 1.025000e-01
      vertex   2.000000e-02 4.749956e-02 1.107786e-01
    endloop
  endfacet
  facet normal 0.000000e+00 -1.000000e+00 0.000000e+00
    outer loop
      vertex   -2.000000e-02 4.749956e-02 1.107786e-01
      vertex   2.000000e-02 4.749956e-02 1.107786e-01
      vertex   -6.026834e-04 4.749956e-02 1.375365e-01
    endloop
  endfacet
  facet normal 0.000000e+00 -1.000000e+00 0.000000e+00
    outer loop
      vertex   -6.026834e-04 4.749956e-02 1.375365e-01
      vertex   2.000000e-02 4.749956e-02 1.107786e-01
      vertex   1.773024e-03 4.749956e-02 1.378249e-01
    endloop
  endfacet
  facet normal 0.000000e+00 -1.000000e+00 0.000000e+00
    outer loop
      vertex   1.773024e-03 4.749956e-02 1.378249e-01
      vertex   2.000000e-02 4.749956e-02 1.107786e-01
      vertex   3.742554e-03 4.749956e-02 1.391844e-01
    endloop
  endfacet
  facet normal 0.000000e+00 -1.000000e+00 0.000000e+00
    outer loop
      vertex   3.742554e-03 4.749956e-02 1.391844e-01
      vertex   2.000000e-02 4.749956e-02 1.107786e-01
      vertex   2.529693e-02 4.749956e-02 1.148176e-01
    endloop
  endfacet
  facet normal 0.000000e+00 -1.000000e+00 0.000000e+00
    outer loop
      vertex   3.742554e-03 4.749956e-02 1.391844e-01
      vertex   2.529693e-02 4.749956e-02 1.148176e-01
      vertex   2.979567e-02 4.749956e-02 1.197301e-01
    endloop
  endfacet
  facet normal 0.000000e+00 -1.000000e+00 0.000000e+00
    outer loop
      vertex   2.979567e-02 4.749956e-02 1.197301e-01
      vertex   3.335427e-02 4.749956e-02 1.253611e-01
      vertex   3.742554e-03 4.749956e-02 1.391844e-01
    endloop
  endfacet
  facet normal 0.000000e+00 -1.000000e+00 0.000000e+00
    outer loop
      vertex   3.742554e-03 4.749956e-02 1.391844e-01
      vertex   3.335427e-02 4.749956e-02 1.253611e-01
      vertex   4.854709e-03 4.749956e-02 1.413034e-01
    endloop
  endfacet
  facet normal 0.000000e+00 -1.000000e+00 0.000000e+00
    outer loop
      vertex   4.854709e-03 4.749956e-02 1.413034e-01
      vertex   3.335427e-02 4.749956e-02 1.253611e-01
      vertex   3.586044e-02 4.749956e-02 1.315328e-01
    endloop
  endfacet
  facet normal 0.000000e+00 -1.000000e+00 0.000000e+00
    outer loop
      vertex   4.854709e-03 4.749956e-02 1.413034e-01
      vertex   3.586044e-02 4.749956e-02 1.315328e-01
      vertex   3.723510e-02 4.749956e-02 1.380506e-01
    endloop
  endfacet
  facet normal 0.000000e+00 -1.000000e+00 0.000000e+00
    outer loop
      vertex   3.723510e-02 4.749956e-02 1.380506e-01
      vertex   3.743489e-02 4.749956e-02 1.447088e-01
      vertex   4.854709e-03 4.749956e-02 1.413034e-01
    endloop
  endfacet
  facet normal 0.000000e+00 -1.000000e+00 0.000000e+00
    outer loop
      vertex   4.854709e-03 4.749956e-02 1.413034e-01
      vertex   3.743489e-02 4.749956e-02 1.447088e-01
      vertex   4.854709e-03 4.749956e-02 1.436966e-01
    endloop
  endfacet
  facet normal 0.000000e+00 -1.000000e+00 0.000000e+00
    outer loop
      vertex   4.854709e-03 4.749956e-02 1.436966e-01
      vertex   3.743489e-02 4.749956e-02 1.447088e-01
      vertex   3.645350e-02 4.749956e-02 1.512973e-01
    endloop
  endfacet
  facet normal 0.000000e+00 -1.000000e+00 0.000000e+00
    outer loop
      vertex   4.854709e-03 4.749956e-02 1.436966e-01
      vertex   3.645350e-02 4.749956e-02 1.512973e-01
      vertex   3.432189e-02 4.749956e-02 1.576082e-01
    endloop
  endfacet
  facet normal -0.000000e+00 -1.000000e+00 0.000000e+00
    outer loop
      vertex   3.432189e-02 4.749956e-02 1.576082e-01
      vertex   3.110732e-02 4.749956e-02 1.634424e-01
      vertex   4.854709e-03 4.749956e-02 1.436966e-01
    endloop
  endfacet
  facet normal 0.000000e+00 -1.000000e+00 0.000000e+00
    outer loop
      vertex   4.854709e-03 4.749956e-02 1.436966e-01
      vertex   3.110732e-02 4.749956e-02 1.634424e-01
      vertex   3.742554e-03 4.749956e-02 1.458156e-01
    endloop
  endfacet
  facet normal 0.000000e+00 -1.000000e+00 0.000000e+00
    outer loop
      vertex   3.742554e-03 4.749956e-02 1.458156e-01
      vertex   3.110732e-02 4.749956e-02 1.634424e-01
      vertex   2.691122e-02 4.749956e-02 1.686158e-01
    endloop
  endfacet
  facet normal 0.000000e+00 -1.000000e+00 0.000000e+00
    outer loop
      vertex   3.742554e-03 4.749956e-02 1.458156e-01
      vertex   2.691122e-02 4.749956e-02 1.686158e-01
      vertex   2.186599e-02 4.749956e-02 1.729652e-01
    endloop
  endfacet
  facet normal 0.000000e+00 -1.000000e+00 0.000000e+00
    outer loop
      vertex   3.742554e-03 4.749956e-02 1.458156e-01
      vertex   2.186599e-02 4.749956e-02 1.729652e-01
      vertex   1.773024e-03 4.749956e-02 1.471751e-01
    endloop
  endfacet
  facet normal 0.000000e+00 -1.000000e+00 0.000000e+00
    outer loop
      vertex   1.773024e-03 4.749956e-02 1.471751e-01
      vertex   2.186599e-02 4.749956e-02 1.729652e-01
      vertex   1.613083e-02 4.749956e-02 1.763533e-01
    endloop
  endfacet
  facet normal 0.000000e+00 -1.000000e+00 0.000000e+00
    outer loop
      vertex   1.773024e-03 4.749956e-02 1.471751e-01
      vertex   1.613083e-02 4.749956e-02 1.763533e-01
      vertex   9.886687e-03 4.749956e-02 1.786732e-01
    endloop
  endfacet
  facet normal -0.000000e+00 -1.000000e+00 0.000000e+00
    outer loop
      vertex   9.886687e-03 4.749956e-02 1.786732e-01
      vertex   3.330592e-03 4.749956e-02 1.798518e-01
      vertex   1.773024e-03 4.749956e-02 1.471751e-01
    endloop
  endfacet
  facet normal 0.000000e+00 -1.000000e+00 0.000000e+00
    outer loop
      vertex   1.773024e-03 4.749956e-02 1.471751e-01
      vertex   3.330592e-03 4.749956e-02 1.798518e-01
      vertex   -6.026834e-04 4.749956e-02 1.474635e-01
    endloop
  endfacet
  facet normal 0.000000e+00 -1.000000e+00 0.000000e+00
    outer loop
      vertex   -6.026834e-04 4.749956e-02 1.474635e-01
      vertex   3.330592e-03 4.749956e-02 1.798518e-01
      vertex   -3.330592e-03 4.749956e-02 1.798518e-01
    endloop
  endfacet
  facet normal 0.000000e+00 -1.000000e+00 0.000000e+00
    outer loop
      vertex   -6.026834e-04 4.749956e-02 1.474635e-01
      vertex   -3.330592e-03 4.749956e-02 1.798518e-01
      vertex   -9.886687e-03 4.749956e-02 1.786732e-01
    endloop
  endfacet
  facet normal -0.000000e+00 -1.000000e+00 0.000000e+00
    outer loop
      vertex   -6.026834e-04 4.749956e-02 1.474635e-01
      vertex   -9.886687e-03 4.749956e-02 1.786732e-01
      vertex   -2.840324e-03 4.749956e-02 1.466149e-01
    endloop
  endfacet
  facet normal 0.000000e+00 -1.000000e+00 0.000000e+00
    outer loop
      vertex   -2.840324e-03 4.749956e-02 1.466149e-01
      vertex   -9.886687e-03 4.749956e-02 1.786732e-01
      vertex   -1.613083e-02 4.749956e-02 1.763533e-01
    endloop
  endfacet
  facet normal 0.000000e+00 -1.000000e+00 0.000000e+00
    outer loop
      vertex   -2.840324e-03 4.749956e-02 1.466149e-01
      vertex   -1.613083e-02 4.749956e-02 1.763533e-01
      vertex   -2.186599e-02 4.749956e-02 1.729652e-01
    endloop
  endfacet
  facet normal 0.000000e+00 -1.000000e+00 -0.000000e+00
    outer loop
      vertex   -2.186599e-02 4.749956e-02 1.729652e-01
      vertex   -2.691122e-02 4.749956e-02 1.686158e-01
      vertex   -2.840324e-03 4.749956e-02 1.466149e-01
    endloop
  endfacet
  facet normal -0.000000e+00 -1.000000e+00 0.000000e+00
    outer loop
      vertex   -2.840324e-03 4.749956e-02 1.466149e-01
      vertex   -2.691122e-02 4.749956e-02 1.686158e-01
      vertex   -4.427280e-03 4.749956e-02 1.448236e-01
    endloop
  endfacet
  facet normal 0.000000e+00 -1.000000e+00 0.000000e+00
    outer loop
      vertex   -4.427280e-03 4.749956e-02 1.448236e-01
      vertex   -2.691122e-02 4.749956e-02 1.686158e-01
      vertex   -3.110732e-02 4.749956e-02 1.634424e-01
    endloop
  endfacet
  facet normal 0.000000e+00 -1.000000e+00 0.000000e+00
    outer loop
      vertex   -4.427280e-03 4.749956e-02 1.448236e-01
      vertex   -3.110732e-02 4.749956e-02 1.634424e-01
      vertex   -3.432189e-02 4.749956e-02 1.576082e-01
    endloop
  endfacet
  facet normal 0.000000e+00 -1.000000e+00 -0.000000e+00
    outer loop
      vertex   -3.432189e-02 4.749956e-02 1.576082e-01
      vertex   -3.645350e-02 4.749956e-02 1.512973e-01
      vertex   -4.427280e-03 4.749956e-02 1.448236e-01
    endloop
  endfacet
  facet normal -0.000000e+00 -1.000000e+00 0.000000e+00
    outer loop
      vertex   -4.427280e-03 4.749956e-02 1.448236e-01
      vertex   -3.645350e-02 4.749956e-02 1.512973e-01
      vertex   -5.000000e-03 4.749956e-02 1.425000e-01
    endloop
  endfacet
  facet normal 0.000000e+00 -1.000000e+00 0.000000e+00
    outer loop
      vertex   -5.000000e-03 4.749956e-02 1.425000e-01
      vertex   -3.645350e-02 4.749956e-02 1.512973e-01
      vertex   -3.743489e-02 4.749956e-02 1.447088e-01
    endloop
  endfacet
  facet normal -0.000000e+00 -1.000000e+00 0.000000e+00
    outer loop
      vertex   -5.000000e-03 4.749956e-02 1.425000e-01
      vertex   -3.743489e-02 4.749956e-02 1.447088e-01
      vertex   -3.723510e-02 4.749956e-02 1.380506e-01
    endloop
  endfacet
  facet normal 0.000000e+00 -1.000000e+00 0.000000e+00
    outer loop
      vertex   -3.723510e-02 4.749956e-02 1.380506e-01
      vertex   -3.586044e-02 4.749956e-02 1.315328e-01
      vertex   -5.000000e-03 4.749956e-02 1.425000e-01
    endloop
  endfacet
  facet normal 0.000000e+00 -1.000000e+00 -0.000000e+00
    outer loop
      vertex   -5.000000e-03 4.749956e-02 1.425000e-01
      vertex   -3.586044e-02 4.749956e-02 1.315328e-01
      vertex   -4.427280e-03 4.749956e-02 1.401764e-01
    endloop
  endfacet
  facet normal 0.000000e+00 -1.000000e+00 0.000000e+00
    outer loop
      vertex   -4.427280e-03 4.749956e-02 1.401764e-01
      vertex   -3.586044e-02 4.749956e-02 1.315328e-01
      vertex   -3.335427e-02 4.749956e-02 1.253611e-01
    endloop
  endfacet
  facet normal 0.000000e+00 -1.000000e+00 0.000000e+00
    outer loop
      vertex   -4.427280e-03 4.749956e-02 1.401764e-01
      vertex   -3.335427e-02 4.749956e-02 1.253611e-01
      vertex   -2.979567e-02 4.749956e-02 1.197301e-01
    endloop
  endfacet
  facet normal 0.000000e+00 -1.000000e+00 0.000000e+00
    outer loop
      vertex   -2.979567e-02 4.749956e-02 1.197301e-01
      vertex   -2.529693e-02 4.749956e-02 1.148176e-01
      vertex   -4.427280e-03 4.749956e-02 1.401764e-01
    endloop
  endfacet
  facet normal 0.000000e+00 -1.000000e+00 -0.000000e+00
    outer loop
      vertex   -4.427280e-03 4.749956e-02 1.401764e-01
      vertex   -2.529693e-02 4.749956e-02 1.148176e-01
      vertex   -2.840324e-03 4.749956e-02 1.383851e-01
    endloop
  endfacet
  facet normal 0.000000e+00 -1.000000e+00 0.000000e+00
    outer loop
      vertex   -2.840324e-03 4.749956e-02 1.383851e-01
      vertex   -2.529693e-02 4.749956e-02 1.148176e-01
      vertex   -2.000000e-02 4.749956e-02 1.107786e-01
    endloop
  endfacet
  facet normal 0.000000e+00 -1.000000e+00 -0.000000e+00
    outer loop
      vertex   -2.840324e-03 4.749956e-02 1.383851e-01
      vertex   -2.000000e-02 4.749956e-02 1.107786e-01
      vertex   -6.026834e-04 4.749956e-02 1.375365e-01
    endloop
  endfacet
  facet normal -0.000000e+00 1.000000e+00 0.000000e+00
    outer loop
      vertex   -2.000000e-02 -4.750044e-02 1.025000e-01
      vertex   -2.000000e-02 -4.750044e-02 1.107786e-01
      vertex   2.000000e-02 -4.750044e-02 1.025000e-01
    endloop
  endfacet
  facet normal 0.000000e+00 1.000000e+00 -0.000000e+00
    outer loop
      vertex   2.000000e-02 -4.750044e-02 1.025000e-01
      vertex   -2.000000e-02 -4.750044e-02 1.107786e-01
      vertex   2.000000e-02 -4.750044e-02 1.107786e-01
    endloop
  endfacet
  facet normal 0.000000e+00 1.000000e+00 0.000000e+00
    outer loop
      vertex   2.000000e-02 -4.750044e-02 1.107786e-01
      vertex   -2.000000e-02 -4.750044e-02 1.107786e-01
      vertex   -6.026834e-04 -4.750044e-02 1.375365e-01
    endloop
  endfacet
  facet normal 0.000000e+00 1.000000e+00 0.000000e+00
    outer loop
      vertex   2.000000e-02 -4.750044e-02 1.107786e-01
      vertex   -6.026834e-04 -4.750044e-02 1.375365e-01
      vertex   1.773024e-03 -4.750044e-02 1.378249e-01
    endloop
  endfacet
  facet normal 0.000000e+00 1.000000e+00 0.000000e+00
    outer loop
      vertex   -6.026834e-04 -4.750044e-02 1.375365e-01
      vertex   -2.000000e-02 -4.750044e-02 1.107786e-01
      vertex   -2.840324e-03 -4.750044e-02 1.383851e-01
    endloop
  endfacet
  facet normal -1.777489e-15 1.000000e+00 1.104852e-15
    outer loop
      vertex   -2.840324e-03 -4.750044e-02 1.383851e-01
      vertex   -2.000000e-02 -4.750044e-02 1.107786e-01
      vertex   -2.529693e-02 -4.750044e-02 1.148176e-01
    endloop
  endfacet
  facet normal -3.202401e-16 1.000000e+00 -2.837080e-16
    outer loop
      vertex   -2.840324e-03 -4.750044e-02 1.383851e-01
      vertex   -2.529693e-02 -4.750044e-02 1.148176e-01
      vertex   -4.427280e-03 -4.750044e-02 1.401764e-01
    endloop
  endfacet
  facet normal -3.147424e-16 1.000000e+00 -2.882324e-16
    outer loop
      vertex   -4.427280e-03 -4.750044e-02 1.401764e-01
      vertex   -2.529693e-02 -4.750044e-02 1.148176e-01
      vertex   -2.979567e-02 -4.750044e-02 1.197301e-01
    endloop
  endfacet
  facet normal 9.535971e-16 1.000000e+00 -1.861905e-15
    outer loop
      vertex   -4.427280e-03 -4.750044e-02 1.401764e-01
      vertex   -2.979567e-02 -4.750044e-02 1.197301e-01
      vertex   -3.335427e-02 -4.750044e-02 1.253611e-01
    endloop
  endfacet
  facet normal 0.000000e+00 1.000000e+00 -0.000000e+00
    outer loop
      vertex   -3.335427e-02 -4.750044e-02 1.253611e-01
      vertex   -3.586044e-02 -4.750044e-02 1.315328e-01
      vertex   -4.427280e-03 -4.750044e-02 1.401764e-01
    endloop
  endfacet
  facet normal 0.000000e+00 1.000000e+00 0.000000e+00
    outer loop
      vertex   -4.427280e-03 -4.750044e-02 1.401764e-01
      vertex   -3.586044e-02 -4.750044e-02 1.315328e-01
      vertex   -5.000000e-03 -4.750044e-02 1.425000e-01
    endloop
  endfacet
  facet normal 0.000000e+00 1.000000e+00 0.000000e+00
    outer loop
      vertex   -5.000000e-03 -4.750044e-02 1.425000e-01
      vertex   -3.586044e-02 -4.750044e-02 1.315328e-01
      vertex   -3.723510e-02 -4.750044e-02 1.380506e-01
    endloop
  endfacet
  facet normal 0.000000e+00 1.000000e+00 0.000000e+00
    outer loop
      vertex   -5.000000e-03 -4.750044e-02 1.425000e-01
      vertex   -3.723510e-02 -4.750044e-02 1.380506e-01
      vertex   -3.743489e-02 -4.750044e-02 1.447088e-01
    endloop
  endfacet
  facet normal -0.000000e+00 1.000000e+00 0.000000e+00
    outer loop
      vertex   -3.743489e-02 -4.750044e-02 1.447088e-01
      vertex   -3.645350e-02 -4.750044e-02 1.512973e-01
      vertex   -5.000000e-03 -4.750044e-02 1.425000e-01
    endloop
  endfacet
  facet normal 0.000000e+00 1.000000e+00 -0.000000e+00
    outer loop
      vertex   -5.000000e-03 -4.750044e-02 1.425000e-01
      vertex   -3.645350e-02 -4.750044e-02 1.512973e-01
      vertex   -4.427280e-03 -4.750044e-02 1.448236e-01
    endloop
  endfacet
  facet normal 0.000000e+00 1.000000e+00 0.000000e+00
    outer loop
      vertex   -4.427280e-03 -4.750044e-02 1.448236e-01
      vertex   -3.645350e-02 -4.750044e-02 1.512973e-01
      vertex   -3.432189e-02 -4.750044e-02 1.576082e-01
    endloop
  endfacet
  facet normal -4.116362e-16 1.000000e+00 -9.625412e-16
    outer loop
      vertex   -4.427280e-03 -4.750044e-02 1.448236e-01
      vertex   -3.432189e-02 -4.750044e-02 1.576082e-01
      vertex   -3.110732e-02 -4.750044e-02 1.634424e-01
    endloop
  endfacet
  facet normal 1.660755e-16 1.000000e+00 -1.347022e-16
    outer loop
      vertex   -3.110732e-02 -4.750044e-02 1.634424e-01
      vertex   -2.691122e-02 -4.750044e-02 1.686158e-01
      vertex   -4.427280e-03 -4.750044e-02 1.448236e-01
    endloop
  endfacet
  facet normal 1.592878e-16 1.000000e+00 -1.411167e-16
    outer loop
      vertex   -4.427280e-03 -4.750044e-02 1.448236e-01
      vertex   -2.691122e-02 -4.750044e-02 1.686158e-01
      vertex   -2.840324e-03 -4.750044e-02 1.466149e-01
    endloop
  endfacet
  facet normal 1.399205e-16 1.000000e+00 -1.623062e-16
    outer loop
      vertex   -2.840324e-03 -4.750044e-02 1.466149e-01
      vertex   -2.691122e-02 -4.750044e-02 1.686158e-01
      vertex   -2.186599e-02 -4.750044e-02 1.729652e-01
    endloop
  endfacet
  facet normal 1.090512e-16 1.000000e+00 -1.845947e-16
    outer loop
      vertex   -2.840324e-03 -4.750044e-02 1.466149e-01
      vertex   -2.186599e-02 -4.750044e-02 1.729652e-01
      vertex   -1.613083e-02 -4.750044e-02 1.763533e-01
    endloop
  endfacet
  facet normal 7.434648e-17 1.000000e+00 -2.001047e-16
    outer loop
      vertex   -1.613083e-02 -4.750044e-02 1.763533e-01
      vertex   -9.886687e-03 -4.750044e-02 1.786732e-01
      vertex   -2.840324e-03 -4.750044e-02 1.466149e-01
    endloop
  endfacet
  facet normal 7.577097e-17 1.000000e+00 -1.997916e-16
    outer loop
      vertex   -2.840324e-03 -4.750044e-02 1.466149e-01
      vertex   -9.886687e-03 -4.750044e-02 1.786732e-01
      vertex   -6.026834e-04 -4.750044e-02 1.474635e-01
    endloop
  endfacet
  facet normal 3.793876e-17 1.000000e+00 -2.110456e-16
    outer loop
      vertex   -6.026834e-04 -4.750044e-02 1.474635e-01
      vertex   -9.886687e-03 -4.750044e-02 1.786732e-01
      vertex   -3.330592e-03 -4.750044e-02 1.798518e-01
    endloop
  endfacet
  facet normal 0.000000e+00 1.000000e+00 -2.142410e-16
    outer loop
      vertex   -6.026834e-04 -4.750044e-02 1.474635e-01
      vertex   -3.330592e-03 -4.750044e-02 1.798518e-01
      vertex   3.330592e-03 -4.750044e-02 1.798518e-01
    endloop
  endfacet
  facet normal -2.563556e-17 1.000000e+00 -2.111278e-16
    outer loop
      vertex   -6.026834e-04 -4.750044e-02 1.474635e-01
      vertex   3.330592e-03 -4.750044e-02 1.798518e-01
      vertex   1.773024e-03 -4.750044e-02 1.471751e-01
    endloop
  endfacet
  facet normal -3.784888e-17 1.000000e+00 -2.105457e-16
    outer loop
      vertex   1.773024e-03 -4.750044e-02 1.471751e-01
      vertex   3.330592e-03 -4.750044e-02 1.798518e-01
      vertex   9.886687e-03 -4.750044e-02 1.786732e-01
    endloop
  endfacet
  facet normal -7.469894e-17 1.000000e+00 -2.010534e-16
    outer loop
      vertex   1.773024e-03 -4.750044e-02 1.471751e-01
      vertex   9.886687e-03 -4.750044e-02 1.786732e-01
      vertex   1.613083e-02 -4.750044e-02 1.763533e-01
    endloop
  endfacet
  facet normal -1.088475e-16 1.000000e+00 -1.842498e-16
    outer loop
      vertex   1.613083e-02 -4.750044e-02 1.763533e-01
      vertex   2.186599e-02 -4.750044e-02 1.729652e-01
      vertex   1.773024e-03 -4.750044e-02 1.471751e-01
    endloop
  endfacet
  facet normal -1.207680e-16 1.000000e+00 -1.749626e-16
    outer loop
      vertex   1.773024e-03 -4.750044e-02 1.471751e-01
      vertex   2.186599e-02 -4.750044e-02 1.729652e-01
      vertex   3.742554e-03 -4.750044e-02 1.458156e-01
    endloop
  endfacet
  facet normal -1.398501e-16 1.000000e+00 -1.622246e-16
    outer loop
      vertex   3.742554e-03 -4.750044e-02 1.458156e-01
      vertex   2.186599e-02 -4.750044e-02 1.729652e-01
      vertex   2.691122e-02 -4.750044e-02 1.686158e-01
    endloop
  endfacet
  facet normal -1.665534e-16 1.000000e+00 -1.350897e-16
    outer loop
      vertex   3.742554e-03 -4.750044e-02 1.458156e-01
      vertex   2.691122e-02 -4.750044e-02 1.686158e-01
      vertex   3.110732e-02 -4.750044e-02 1.634424e-01
    endloop
  endfacet
  facet normal -1.895043e-16 1.000000e+00 -9.945953e-17
    outer loop
      vertex   3.742554e-03 -4.750044e-02 1.458156e-01
      vertex   3.110732e-02 -4.750044e-02 1.634424e-01
      vertex   4.854709e-03 -4.750044e-02 1.436966e-01
    endloop
  endfacet
  facet normal 4.455895e-16 1.000000e+00 -9.438333e-16
    outer loop
      vertex   4.854709e-03 -4.750044e-02 1.436966e-01
      vertex   3.110732e-02 -4.750044e-02 1.634424e-01
      vertex   3.432189e-02 -4.750044e-02 1.576082e-01
    endloop
  endfacet
  facet normal 0.000000e+00 1.000000e+00 0.000000e+00
    outer loop
      vertex   4.854709e-03 -4.750044e-02 1.436966e-01
      vertex   3.432189e-02 -4.750044e-02 1.576082e-01
      vertex   3.645350e-02 -4.750044e-02 1.512973e-01
    endloop
  endfacet
  facet normal 0.000000e+00 1.000000e+00 0.000000e+00
    outer loop
      vertex   3.645350e-02 -4.750044e-02 1.512973e-01
      vertex   3.743489e-02 -4.750044e-02 1.447088e-01
      vertex   4.854709e-03 -4.750044e-02 1.436966e-01
    endloop
  endfacet
  facet normal -0.000000e+00 1.000000e+00 0.000000e+00
    outer loop
      vertex   4.854709e-03 -4.750044e-02 1.436966e-01
      vertex   3.743489e-02 -4.750044e-02 1.447088e-01
      vertex   4.854709e-03 -4.750044e-02 1.413034e-01
    endloop
  endfacet
  facet normal -0.000000e+00 1.000000e+00 0.000000e+00
    outer loop
      vertex   4.854709e-03 -4.750044e-02 1.413034e-01
      vertex   3.743489e-02 -4.750044e-02 1.447088e-01
      vertex   3.723510e-02 -4.750044e-02 1.380506e-01
    endloop
  endfacet
  facet normal 0.000000e+00 1.000000e+00 0.000000e+00
    outer loop
      vertex   4.854709e-03 -4.750044e-02 1.413034e-01
      vertex   3.723510e-02 -4.750044e-02 1.380506e-01
      vertex   3.586044e-02 -4.750044e-02 1.315328e-01
    endloop
  endfacet
  facet normal 0.000000e+00 1.000000e+00 0.000000e+00
    outer loop
      vertex   3.586044e-02 -4.750044e-02 1.315328e-01
      vertex   3.335427e-02 -4.750044e-02 1.253611e-01
      vertex   4.854709e-03 -4.750044e-02 1.413034e-01
    endloop
  endfacet
  facet normal 0.000000e+00 1.000000e+00 0.000000e+00
    outer loop
      vertex   4.854709e-03 -4.750044e-02 1.413034e-01
      vertex   3.335427e-02 -4.750044e-02 1.253611e-01
      vertex   3.742554e-03 -4.750044e-02 1.391844e-01
    endloop
  endfacet
  facet normal -8.884052e-16 1.000000e+00 -1.903104e-15
    outer loop
      vertex   3.742554e-03 -4.750044e-02 1.391844e-01
      vertex   3.335427e-02 -4.750044e-02 1.253611e-01
      vertex   2.979567e-02 -4.750044e-02 1.197301e-01
    endloop
  endfacet
  facet normal 3.163475e-16 1.000000e+00 -2.897023e-16
    outer loop
      vertex   3.742554e-03 -4.750044e-02 1.391844e-01
      vertex   2.979567e-02 -4.750044e-02 1.197301e-01
      vertex   2.529693e-02 -4.750044e-02 1.148176e-01
    endloop
  endfacet
  facet normal 1.823963e-15 1.000000e+00 1.043905e-15
    outer loop
      vertex   2.529693e-02 -4.750044e-02 1.148176e-01
      vertex   2.000000e-02 -4.750044e-02 1.107786e-01
      vertex   3.742554e-03 -4.750044e-02 1.391844e-01
    endloop
  endfacet
  facet normal 0.000000e+00 1.000000e+00 0.000000e+00
    outer loop
      vertex   3.742554e-03 -4.750044e-02 1.391844e-01
      vertex   2.000000e-02 -4.750044e-02 1.107786e-01
      vertex   1.773024e-03 -4.750044e-02 1.378249e-01
    endloop
  endfacet
  facet normal 6.063554e-01 0.000000e+00 -7.951938e-01
    outer loop
      vertex   2.000000e-02 4.749956e-02 1.107786e-01
      vertex   2.000000e-02 6.249956e-02 1.107786e-01
      vertex   2.529693e-02 4.749956e-02 1.148176e-01
    endloop
  endfacet
  facet normal 6.063554e-01 -4.896691e-16 -7.951938e-01
    outer loop
      vertex   2.529693e-02 4.749956e-02 1.148176e-01
      vertex   2.000000e-02 6.249956e-02 1.107786e-01
      vertex   2.529693e-02 6.249956e-02 1.148176e-01
    endloop
  endfacet
  facet normal 7.374825e-01 -5.563879e-17 -6.753662e-01
    outer loop
      vertex   2.529693e-02 4.749956e-02 1.148176e-01
      vertex   2.529693e-02 6.249956e-02 1.148176e-01
      vertex   2.979567e-02 4.749956e-02 1.197301e-01
    endloop
  endfacet
  facet normal 7.374825e-01 -5.673701e-16 -6.753662e-01
    outer loop
      vertex   2.979567e-02 4.749956e-02 1.197301e-01
      vertex   2.529693e-02 6.249956e-02 1.148176e-01
      vertex   2.979567e-02 6.249956e-02 1.197301e-01
    endloop
  endfacet
  facet normal 8.453399e-01 -2.064253e-16 -5.342288e-01
    outer loop
      vertex   2.979567e-02 4.749956e-02 1.197301e-01
      vertex   2.979567e-02 6.249956e-02 1.197301e-01
      vertex   3.335427e-02 4.749956e-02 1.253611e-01
    endloop
  endfacet
  facet normal 8.453399e-01 0.000000e+00 -5.342288e-01
    outer loop
      vertex   3.335427e-02 4.749956e-02 1.253611e-01
      vertex   2.979567e-02 6.249956e-02 1.197301e-01
      vertex   3.335427e-02 6.249956e-02 1.253611e-01
    endloop
  endfacet
  facet normal 9.265243e-01 0.000000e+00 -3.762349e-01
    outer loop
      vertex   3.335427e-02 4.749956e-02 1.253611e-01
      vertex   3.335427e-02 6.249956e-02 1.253611e-01
      vertex   3.586044e-02 4.749956e-02 1.315328e-01
    endloop
  endfacet
  facet normal 9.265243e-01 0.000000e+00 -3.762349e-01
    outer loop
      vertex   3.586044e-02 4.749956e-02 1.315328e-01
      vertex   3.335427e-02 6.249956e-02 1.253611e-01
      vertex   3.586044e-02 6.249956e-02 1.315328e-01
    endloop
  endfacet
  facet normal 9.784741e-01 0.000000e+00 -2.063696e-01
    outer loop
      vertex   3.586044e-02 4.749956e-02 1.315328e-01
      vertex   3.586044e-02 6.249956e-02 1.315328e-01
      vertex   3.723510e-02 4.749956e-02 1.380506e-01
    endloop
  endfacet
  facet normal 9.784741e-01 0.000000e+00 -2.063696e-01
    outer loop
      vertex   3.723510e-02 4.749956e-02 1.380506e-01
      vertex   3.586044e-02 6.249956e-02 1.315328e-01
      vertex   3.723510e-02 6.249956e-02 1.380506e-01
    endloop
  endfacet
  facet normal 9.995501e-01 0.000000e+00 -2.999281e-02
    outer loop
      vertex   3.723510e-02 4.749956e-02 1.380506e-01
      vertex   3.723510e-02 6.249956e-02 1.380506e-01
      vertex   3.743489e-02 4.749956e-02 1.447088e-01
    endloop
  endfacet
  facet normal 9.995501e-01 -1.109957e-16 -2.999281e-02
    outer loop
      vertex   3.743489e-02 4.749956e-02 1.447088e-01
      vertex   3.723510e-02 6.249956e-02 1.380506e-01
      vertex   3.743489e-02 6.249956e-02 1.447088e-01
    endloop
  endfacet
  facet normal 9.890873e-01 5.452319e-16 1.473304e-01
    outer loop
      vertex   3.743489e-02 4.749956e-02 1.447088e-01
      vertex   3.743489e-02 6.249956e-02 1.447088e-01
      vertex   3.645350e-02 4.749956e-02 1.512973e-01
    endloop
  endfacet
  facet normal 9.890873e-01 2.726160e-16 1.473304e-01
    outer loop
      vertex   3.645350e-02 4.749956e-02 1.512973e-01
      vertex   3.743489e-02 6.249956e-02 1.447088e-01
      vertex   3.645350e-02 6.249956e-02 1.512973e-01
    endloop
  endfacet
  facet normal 9.474159e-01 5.921279e-16 3.200049e-01
    outer loop
      vertex   3.645350e-02 4.749956e-02 1.512973e-01
      vertex   3.645350e-02 6.249956e-02 1.512973e-01
      vertex   3.432189e-02 4.749956e-02 1.576082e-01
    endloop
  endfacet
  facet normal 9.474159e-01 -0.000000e+00 3.200049e-01
    outer loop
      vertex   3.432189e-02 4.749956e-02 1.576082e-01
      vertex   3.645350e-02 6.249956e-02 1.512973e-01
      vertex   3.432189e-02 6.249956e-02 1.576082e-01
    endloop
  endfacet
  facet normal 8.758507e-01 -0.000000e+00 4.825822e-01
    outer loop
      vertex   3.432189e-02 4.749956e-02 1.576082e-01
      vertex   3.432189e-02 6.249956e-02 1.576082e-01
      vertex   3.110732e-02 4.749956e-02 1.634424e-01
    endloop
  endfacet
  facet normal 8.758507e-01 3.678448e-16 4.825822e-01
    outer loop
      vertex   3.110732e-02 4.749956e-02 1.634424e-01
      vertex   3.432189e-02 6.249956e-02 1.576082e-01
      vertex   3.110732e-02 6.249956e-02 1.634424e-01
    endloop
  endfacet
  facet normal 7.766497e-01 1.073765e-15 6.299327e-01
    outer loop
      vertex   3.110732e-02 4.749956e-02 1.634424e-01
      vertex   3.110732e-02 6.249956e-02 1.634424e-01
      vertex   2.691122e-02 4.749956e-02 1.686158e-01
    endloop
  endfacet
  facet normal 7.766497e-01 1.073765e-15 6.299327e-01
    outer loop
      vertex   2.691122e-02 4.749956e-02 1.686158e-01
      vertex   3.110732e-02 6.249956e-02 1.634424e-01
      vertex   2.691122e-02 6.249956e-02 1.686158e-01
    endloop
  endfacet
  facet normal 6.529432e-01 1.745804e-15 7.574069e-01
    outer loop
      vertex   2.691122e-02 4.749956e-02 1.686158e-01
      vertex   2.691122e-02 6.249956e-02 1.686158e-01
      vertex   2.186599e-02 4.749956e-02 1.729652e-01
    endloop
  endfacet
  facet normal 6.529432e-01 7.973905e-16 7.574069e-01
    outer loop
      vertex   2.186599e-02 4.749956e-02 1.729652e-01
      vertex   2.691122e-02 6.249956e-02 1.686158e-01
      vertex   2.186599e-02 6.249956e-02 1.729652e-01
    endloop
  endfacet
  facet normal 5.086343e-01 1.122557e-15 8.609826e-01
    outer loop
      vertex   2.186599e-02 4.749956e-02 1.729652e-01
      vertex   2.186599e-02 6.249956e-02 1.729652e-01
      vertex   1.613083e-02 4.749956e-02 1.763533e-01
    endloop
  endfacet
  facet normal 5.086343e-01 1.122557e-15 8.609826e-01
    outer loop
      vertex   1.613083e-02 4.749956e-02 1.763533e-01
      vertex   2.186599e-02 6.249956e-02 1.729652e-01
      vertex   1.613083e-02 6.249956e-02 1.763533e-01
    endloop
  endfacet
  facet normal 3.482766e-01 1.412303e-15 9.373918e-01
    outer loop
      vertex   1.613083e-02 4.749956e-02 1.763533e-01
      vertex   1.613083e-02 6.249956e-02 1.763533e-01
      vertex   9.886687e-03 4.749956e-02 1.786732e-01
    endloop
  endfacet
  facet normal 3.482766e-01 -4.027757e-16 9.373918e-01
    outer loop
      vertex   9.886687e-03 4.749956e-02 1.786732e-01
      vertex   1.613083e-02 6.249956e-02 1.763533e-01
      vertex   9.886687e-03 6.249956e-02 1.786732e-01
    endloop
  endfacet
  facet normal 1.769296e-01 -2.046160e-16 9.842235e-01
    outer loop
      vertex   9.886687e-03 4.749956e-02 1.786732e-01
      vertex   9.886687e-03 6.249956e-02 1.786732e-01
      vertex   3.330592e-03 4.749956e-02 1.798518e-01
    endloop
  endfacet
  facet normal 1.769296e-01 -1.943852e-16 9.842235e-01
    outer loop
      vertex   3.330592e-03 4.749956e-02 1.798518e-01
      vertex   9.886687e-03 6.249956e-02 1.786732e-01
      vertex   3.330592e-03 6.249956e-02 1.798518e-01
    endloop
  endfacet
  facet normal 0.000000e+00 -0.000000e+00 1.000000e+00
    outer loop
      vertex   3.330592e-03 4.749956e-02 1.798518e-01
      vertex   3.330592e-03 6.249956e-02 1.798518e-01
      vertex   -3.330592e-03 4.749956e-02 1.798518e-01
    endloop
  endfacet
  facet normal 0.000000e+00 0.000000e+00 1.000000e+00
    outer loop
      vertex   -3.330592e-03 4.749956e-02 1.798518e-01
      vertex   3.330592e-03 6.249956e-02 1.798518e-01
      vertex   -3.330592e-03 6.249956e-02 1.798518e-01
    endloop
  endfacet
  facet normal -1.769296e-01 1.943852e-16 9.842235e-01
    outer loop
      vertex   -3.330592e-03 4.749956e-02 1.798518e-01
      vertex   -3.330592e-03 6.249956e-02 1.798518e-01
      vertex   -9.886687e-03 4.749956e-02 1.786732e-01
    endloop
  endfacet
  facet normal -1.769296e-01 2.046160e-17 9.842235e-01
    outer loop
      vertex   -9.886687e-03 4.749956e-02 1.786732e-01
      vertex   -3.330592e-03 6.249956e-02 1.798518e-01
      vertex   -9.886687e-03 6.249956e-02 1.786732e-01
    endloop
  endfacet
  facet normal -3.482766e-01 4.027757e-17 9.373918e-01
    outer loop
      vertex   -9.886687e-03 4.749956e-02 1.786732e-01
      vertex   -9.886687e-03 6.249956e-02 1.786732e-01
      vertex   -1.613083e-02 4.749956e-02 1.763533e-01
    endloop
  endfacet
  facet normal -3.482766e-01 -1.815078e-15 9.373918e-01
    outer loop
      vertex   -1.613083e-02 4.749956e-02 1.763533e-01
      vertex   -9.886687e-03 6.249956e-02 1.786732e-01
      vertex   -1.613083e-02 6.249956e-02 1.763533e-01
    endloop
  endfacet
  facet normal -5.086343e-01 -1.710783e-15 8.609826e-01
    outer loop
      vertex   -1.613083e-02 4.749956e-02 1.763533e-01
      vertex   -1.613083e-02 6.249956e-02 1.763533e-01
      vertex   -2.186599e-02 4.749956e-02 1.729652e-01
    endloop
  endfacet
  facet normal -5.086343e-01 -1.240202e-15 8.609826e-01
    outer loop
      vertex   -2.186599e-02 4.749956e-02 1.729652e-01
      vertex   -1.613083e-02 6.249956e-02 1.763533e-01
      vertex   -2.186599e-02 6.249956e-02 1.729652e-01
    endloop
  endfacet
  facet normal -6.529432e-01 -9.484139e-16 7.574069e-01
    outer loop
      vertex   -2.186599e-02 4.749956e-02 1.729652e-01
      vertex   -2.186599e-02 6.249956e-02 1.729652e-01
      vertex   -2.691122e-02 4.749956e-02 1.686158e-01
    endloop
  endfacet
  facet normal -6.529432e-01 6.040938e-16 7.574069e-01
    outer loop
      vertex   -2.691122e-02 4.749956e-02 1.686158e-01
      vertex   -2.186599e-02 6.249956e-02 1.729652e-01
      vertex   -2.691122e-02 6.249956e-02 1.686158e-01
    endloop
  endfacet
  facet normal -7.766497e-01 7.185454e-16 6.299327e-01
    outer loop
      vertex   -2.691122e-02 4.749956e-02 1.686158e-01
      vertex   -2.691122e-02 6.249956e-02 1.686158e-01
      vertex   -3.110732e-02 4.749956e-02 1.634424e-01
    endloop
  endfacet
  facet normal -7.766497e-01 -1.971947e-15 6.299327e-01
    outer loop
      vertex   -3.110732e-02 4.749956e-02 1.634424e-01
      vertex   -2.691122e-02 6.249956e-02 1.686158e-01
      vertex   -3.110732e-02 6.249956e-02 1.634424e-01
    endloop
  endfacet
  facet normal -8.758507e-01 -1.380751e-15 4.825822e-01
    outer loop
      vertex   -3.110732e-02 4.749956e-02 1.634424e-01
      vertex   -3.110732e-02 6.249956e-02 1.634424e-01
      vertex   -3.432189e-02 4.749956e-02 1.576082e-01
    endloop
  endfacet
  facet normal -8.758507e-01 0.000000e+00 4.825822e-01
    outer loop
      vertex   -3.432189e-02 4.749956e-02 1.576082e-01
      vertex   -3.110732e-02 6.249956e-02 1.634424e-01
      vertex   -3.432189e-02 6.249956e-02 1.576082e-01
    endloop
  endfacet
  facet normal -9.474159e-01 0.000000e+00 3.200049e-01
    outer loop
      vertex   -3.432189e-02 4.749956e-02 1.576082e-01
      vertex   -3.432189e-02 6.249956e-02 1.576082e-01
      vertex   -3.645350e-02 4.749956e-02 1.512973e-01
    endloop
  endfacet
  facet normal -9.474159e-01 0.000000e+00 3.200049e-01
    outer loop
      vertex   -3.645350e-02 4.749956e-02 1.512973e-01
      vertex   -3.432189e-02 6.249956e-02 1.576082e-01
      vertex   -3.645350e-02 6.249956e-02 1.512973e-01
    endloop
  endfacet
  facet normal -9.890873e-01 0.000000e+00 1.473304e-01
    outer loop
      vertex   -3.645350e-02 4.749956e-02 1.512973e-01
      vertex   -3.645350e-02 6.249956e-02 1.512973e-01
      vertex   -3.743489e-02 4.749956e-02 1.447088e-01
    endloop
  endfacet
  facet normal -9.890873e-01 0.000000e+00 1.473304e-01
    outer loop
      vertex   -3.743489e-02 4.749956e-02 1.447088e-01
      vertex   -3.645350e-02 6.249956e-02 1.512973e-01
      vertex   -3.743489e-02 6.249956e-02 1.447088e-01
    endloop
  endfacet
  facet normal -9.995501e-01 0.000000e+00 -2.999281e-02
    outer loop
      vertex   -3.743489e-02 4.749956e-02 1.447088e-01
      vertex   -3.743489e-02 6.249956e-02 1.447088e-01
      vertex   -3.723510e-02 4.749956e-02 1.380506e-01
    endloop
  endfacet
  facet normal -9.995501e-01 0.000000e+00 -2.999281e-02
    outer loop
      vertex   -3.723510e-02 4.749956e-02 1.380506e-01
      vertex   -3.743489e-02 6.249956e-02 1.447088e-01
      vertex   -3.723510e-02 6.249956e-02 1.380506e-01
    endloop
  endfacet
  facet normal -9.784741e-01 0.000000e+00 -2.063696e-01
    outer loop
      vertex   -3.723510e-02 4.749956e-02 1.380506e-01
      vertex   -3.723510e-02 6.249956e-02 1.380506e-01
      vertex   -3.586044e-02 4.749956e-02 1.315328e-01
    endloop
  endfacet
  facet normal -9.784741e-01 0.000000e+00 -2.063696e-01
    outer loop
      vertex   -3.586044e-02 4.749956e-02 1.315328e-01
      vertex   -3.723510e-02 6.249956e-02 1.380506e-01
      vertex   -3.586044e-02 6.249956e-02 1.315328e-01
    endloop
  endfacet
  facet normal -9.265243e-01 0.000000e+00 -3.762349e-01
    outer loop
      vertex   -3.586044e-02 4.749956e-02 1.315328e-01
      vertex   -3.586044e-02 6.249956e-02 1.315328e-01
      vertex   -3.335427e-02 4.749956e-02 1.253611e-01
    endloop
  endfacet
  facet normal -9.265243e-01 -2.675708e-16 -3.762349e-01
    outer loop
      vertex   -3.335427e-02 4.749956e-02 1.253611e-01
      vertex   -3.586044e-02 6.249956e-02 1.315328e-01
      vertex   -3.335427e-02 6.249956e-02 1.253611e-01
    endloop
  endfacet
  facet normal -8.453399e-01 -5.974736e-16 -5.342288e-01
    outer loop
      vertex   -3.335427e-02 4.749956e-02 1.253611e-01
      vertex   -3.335427e-02 6.249956e-02 1.253611e-01
      vertex   -2.979567e-02 4.749956e-02 1.197301e-01
    endloop
  endfacet
  facet normal -8.453399e-01 4.942609e-16 -5.342288e-01
    outer loop
      vertex   -2.979567e-02 4.749956e-02 1.197301e-01
      vertex   -3.335427e-02 6.249956e-02 1.253611e-01
      vertex   -2.979567e-02 6.249956e-02 1.197301e-01
    endloop
  endfacet
  facet normal -7.374825e-01 6.248393e-16 -6.753662e-01
    outer loop
      vertex   -2.979567e-02 4.749956e-02 1.197301e-01
      vertex   -2.979567e-02 6.249956e-02 1.197301e-01
      vertex   -2.529693e-02 4.749956e-02 1.148176e-01
    endloop
  endfacet
  facet normal -7.374825e-01 -1.705771e-16 -6.753662e-01
    outer loop
      vertex   -2.529693e-02 4.749956e-02 1.148176e-01
      vertex   -2.979567e-02 6.249956e-02 1.197301e-01
      vertex   -2.529693e-02 6.249956e-02 1.148176e-01
    endloop
  endfacet
  facet normal -6.063554e-01 -1.402479e-16 -7.951938e-01
    outer loop
      vertex   -2.529693e-02 4.749956e-02 1.148176e-01
      vertex   -2.529693e-02 6.249956e-02 1.148176e-01
      vertex   -2.000000e-02 4.749956e-02 1.107786e-01
    endloop
  endfacet
  facet normal -6.063554e-01 0.000000e+00 -7.951938e-01
    outer loop
      vertex   -2.000000e-02 4.749956e-02 1.107786e-01
      vertex   -2.529693e-02 6.249956e-02 1.148176e-01
      vertex   -2.000000e-02 6.249956e-02 1.107786e-01
    endloop
  endfacet
  facet normal 1.000000e+00 0.000000e+00 -0.000000e+00
    outer loop
      vertex   2.000000e-02 -3.755115e-02 9.528453e-02
      vertex   2.000000e-02 -3.172189e-02 1.025000e-01
      vertex   2.000000e-02 -3.976538e-02 9.550000e-02
    endloop
  endfacet
  facet normal 1.000000e+00 0.000000e+00 -0.000000e+00
    outer loop
      vertex   2.000000e-02 -3.976538e-02 9.550000e-02
      vertex   2.000000e-02 -3.172189e-02 1.025000e-01
      vertex   2.000000e-02 -4.750044e-02 1.025000e-01
    endloop
  endfacet
  facet normal 1.000000e+00 0.000000e+00 0.000000e+00
    outer loop
      vertex   2.000000e-02 -3.976538e-02 9.550000e-02
      vertex   2.000000e-02 -4.750044e-02 1.025000e-01
      vertex   2.000000e-02 -6.250044e-02 9.550000e-02
    endloop
  endfacet
  facet normal 1.000000e+00 1.059704e-16 -2.270795e-16
    outer loop
      vertex   2.000000e-02 -6.250044e-02 9.550000e-02
      vertex   2.000000e-02 -4.750044e-02 1.025000e-01
      vertex   2.000000e-02 -6.250044e-02 1.107786e-01
    endloop
  endfacet
  facet normal 1.000000e+00 0.000000e+00 -4.190884e-16
    outer loop
      vertex   2.000000e-02 -6.250044e-02 1.107786e-01
      vertex   2.000000e-02 -4.750044e-02 1.025000e-01
      vertex   2.000000e-02 -4.750044e-02 1.107786e-01
    endloop
  endfacet
  facet normal 1.000000e+00 -0.000000e+00 0.000000e+00
    outer loop
      vertex   2.000000e-02 -3.755115e-02 9.528453e-02
      vertex   2.000000e-02 -3.541884e-02 9.464900e-02
      vertex   2.000000e-02 -3.172189e-02 1.025000e-01
    endloop
  endfacet
  facet normal 1.000000e+00 1.411934e-15 -6.648638e-16
    outer loop
      vertex   2.000000e-02 -3.172189e-02 1.025000e-01
      vertex   2.000000e-02 -3.541884e-02 9.464900e-02
      vertex   2.000000e-02 -3.344845e-02 9.361511e-02
    endloop
  endfacet
  facet normal 1.000000e+00 -2.736941e-16 -3.373025e-16
    outer loop
      vertex   2.000000e-02 -3.172189e-02 1.025000e-01
      vertex   2.000000e-02 -3.344845e-02 9.361511e-02
      vertex   2.000000e-02 -3.172189e-02 9.221414e-02
    endloop
  endfacet
  facet normal 9.709418e-01 -0.000000e+00 2.393157e-01
    outer loop
      vertex   -4.427280e-03 -6.750044e-02 1.401764e-01
      vertex   -4.427280e-03 -4.750044e-02 1.401764e-01
      vertex   -5.000000e-03 -6.750044e-02 1.425000e-01
    endloop
  endfacet
  facet normal 9.709418e-01 -0.000000e+00 2.393157e-01
    outer loop
      vertex   -5.000000e-03 -6.750044e-02 1.425000e-01
      vertex   -4.427280e-03 -4.750044e-02 1.401764e-01
      vertex   -5.000000e-03 -4.750044e-02 1.425000e-01
    endloop
  endfacet
  facet normal 9.709418e-01 0.000000e+00 -2.393157e-01
    outer loop
      vertex   -5.000000e-03 -6.750044e-02 1.425000e-01
      vertex   -5.000000e-03 -4.750044e-02 1.425000e-01
      vertex   -4.427280e-03 -6.750044e-02 1.448236e-01
    endloop
  endfacet
  facet normal 9.709418e-01 0.000000e+00 -2.393157e-01
    outer loop
      vertex   -4.427280e-03 -6.750044e-02 1.448236e-01
      vertex   -5.000000e-03 -4.750044e-02 1.425000e-01
      vertex   -4.427280e-03 -4.750044e-02 1.448236e-01
    endloop
  endfacet
  facet normal 7.485107e-01 0.000000e+00 -6.631227e-01
    outer loop
      vertex   -4.427280e-03 -6.750044e-02 1.448236e-01
      vertex   -4.427280e-03 -4.750044e-02 1.448236e-01
      vertex   -2.840324e-03 -6.750044e-02 1.466149e-01
    endloop
  endfacet
  facet normal 7.485107e-01 0.000000e+00 -6.631227e-01
    outer loop
      vertex   -2.840324e-03 -6.750044e-02 1.466149e-01
      vertex   -4.427280e-03 -4.750044e-02 1.448236e-01
      vertex   -2.840324e-03 -4.750044e-02 1.466149e-01
    endloop
  endfacet
  facet normal 3.546049e-01 0.000000e+00 -9.350162e-01
    outer loop
      vertex   -2.840324e-03 -6.750044e-02 1.466149e-01
      vertex   -2.840324e-03 -4.750044e-02 1.466149e-01
      vertex   -6.026834e-04 -6.750044e-02 1.474635e-01
    endloop
  endfacet
  facet normal 3.546049e-01 0.000000e+00 -9.350162e-01
    outer loop
      vertex   -6.026834e-04 -6.750044e-02 1.474635e-01
      vertex   -2.840324e-03 -4.750044e-02 1.466149e-01
      vertex   -6.026834e-04 -4.750044e-02 1.474635e-01
    endloop
  endfacet
  facet normal -1.205367e-01 0.000000e+00 -9.927089e-01
    outer loop
      vertex   -6.026834e-04 -6.750044e-02 1.474635e-01
      vertex   -6.026834e-04 -4.750044e-02 1.474635e-01
      vertex   1.773024e-03 -6.750044e-02 1.471751e-01
    endloop
  endfacet
  facet normal -1.205367e-01 0.000000e+00 -9.927089e-01
    outer loop
      vertex   1.773024e-03 -6.750044e-02 1.471751e-01
      vertex   -6.026834e-04 -4.750044e-02 1.474635e-01
      vertex   1.773024e-03 -4.750044e-02 1.471751e-01
    endloop
  endfacet
  facet normal -5.680647e-01 0.000000e+00 -8.229839e-01
    outer loop
      vertex   1.773024e-03 -6.750044e-02 1.471751e-01
      vertex   1.773024e-03 -4.750044e-02 1.471751e-01
      vertex   3.742554e-03 -6.750044e-02 1.458156e-01
    endloop
  endfacet
  facet normal -5.680647e-01 0.000000e+00 -8.229839e-01
    outer loop
      vertex   3.742554e-03 -6.750044e-02 1.458156e-01
      vertex   1.773024e-03 -4.750044e-02 1.471751e-01
      vertex   3.742554e-03 -4.750044e-02 1.458156e-01
    endloop
  endfacet
  facet normal -8.854560e-01 0.000000e+00 -4.647232e-01
    outer loop
      vertex   3.742554e-03 -6.750044e-02 1.458156e-01
      vertex   3.742554e-03 -4.750044e-02 1.458156e-01
      vertex   4.854709e-03 -6.750044e-02 1.436966e-01
    endloop
  endfacet
  facet normal -8.854560e-01 0.000000e+00 -4.647232e-01
    outer loop
      vertex   4.854709e-03 -6.750044e-02 1.436966e-01
      vertex   3.742554e-03 -4.750044e-02 1.458156e-01
      vertex   4.854709e-03 -4.750044e-02 1.436966e-01
    endloop
  endfacet
  facet normal -1.000000e+00 0.000000e+00 -3.624342e-16
    outer loop
      vertex   4.854709e-03 -6.750044e-02 1.436966e-01
      vertex   4.854709e-03 -4.750044e-02 1.436966e-01
      vertex   4.854709e-03 -6.750044e-02 1.413034e-01
    endloop
  endfacet
  facet normal -1.000000e+00 0.000000e+00 -3.624342e-16
    outer loop
      vertex   4.854709e-03 -6.750044e-02 1.413034e-01
      vertex   4.854709e-03 -4.750044e-02 1.436966e-01
      vertex   4.854709e-03 -4.750044e-02 1.413034e-01
    endloop
  endfacet
  facet normal -8.854560e-01 0.000000e+00 4.647232e-01
    outer loop
      vertex   4.854709e-03 -6.750044e-02 1.413034e-01
      vertex   4.854709e-03 -4.750044e-02 1.413034e-01
      vertex   3.742554e-03 -6.750044e-02 1.391844e-01
    endloop
  endfacet
  facet normal -8.854560e-01 0.000000e+00 4.647232e-01
    outer loop
      vertex   3.742554e-03 -6.750044e-02 1.391844e-01
      vertex   4.854709e-03 -4.750044e-02 1.413034e-01
      vertex   3.742554e-03 -4.750044e-02 1.391844e-01
    endloop
  endfacet
  facet normal -5.680647e-01 0.000000e+00 8.229839e-01
    outer loop
      vertex   3.742554e-03 -6.750044e-02 1.391844e-01
      vertex   3.742554e-03 -4.750044e-02 1.391844e-01
      vertex   1.773024e-03 -6.750044e-02 1.378249e-01
    endloop
  endfacet
  facet normal -5.680647e-01 0.000000e+00 8.229839e-01
    outer loop
      vertex   1.773024e-03 -6.750044e-02 1.378249e-01
      vertex   3.742554e-03 -4.750044e-02 1.391844e-01
      vertex   1.773024e-03 -4.750044e-02 1.378249e-01
    endloop
  endfacet
  facet normal -1.205367e-01 0.000000e+00 9.927089e-01
    outer loop
      vertex   1.773024e-03 -6.750044e-02 1.378249e-01
      vertex   1.773024e-03 -4.750044e-02 1.378249e-01
      vertex   -6.026834e-04 -6.750044e-02 1.375365e-01
    endloop
  endfacet
  facet normal -1.205367e-01 0.000000e+00 9.927089e-01
    outer loop
      vertex   -6.026834e-04 -6.750044e-02 1.375365e-01
      vertex   1.773024e-03 -4.750044e-02 1.378249e-01
      vertex   -6.026834e-04 -4.750044e-02 1.375365e-01
    endloop
  endfacet
  facet normal 3.546049e-01 -0.000000e+00 9.350162e-01
    outer loop
      vertex   -6.026834e-04 -6.750044e-02 1.375365e-01
      vertex   -6.026834e-04 -4.750044e-02 1.375365e-01
      vertex   -2.840324e-03 -6.750044e-02 1.383851e-01
    endloop
  endfacet
  facet normal 3.546049e-01 -0.000000e+00 9.350162e-01
    outer loop
      vertex   -2.840324e-03 -6.750044e-02 1.383851e-01
      vertex   -6.026834e-04 -4.750044e-02 1.375365e-01
      vertex   -2.840324e-03 -4.750044e-02 1.383851e-01
    endloop
  endfacet
  facet normal 7.485107e-01 -0.000000e+00 6.631227e-01
    outer loop
      vertex   -2.840324e-03 -6.750044e-02 1.383851e-01
      vertex   -2.840324e-03 -4.750044e-02 1.383851e-01
      vertex   -4.427280e-03 -6.750044e-02 1.401764e-01
    endloop
  endfacet
  facet normal 7.485107e-01 -0.000000e+00 6.631227e-01
    outer loop
      vertex   -4.427280e-03 -6.750044e-02 1.401764e-01
      vertex   -2.840324e-03 -4.750044e-02 1.383851e-01
      vertex   -4.427280e-03 -4.750044e-02 1.401764e-01
    endloop
  endfacet
  facet normal 9.709162e-01 7.264354e-03 2.393093e-01
    outer loop
      vertex   -4.427280e-03 4.749956e-02 1.401764e-01
      vertex   -4.854709e-03 6.749956e-02 1.413034e-01
      vertex   -5.000000e-03 4.749956e-02 1.425000e-01
    endloop
  endfacet
  facet normal 9.999736e-01 -7.264354e-03 -7.255571e-16
    outer loop
      vertex   -5.000000e-03 4.749956e-02 1.425000e-01
      vertex   -4.854709e-03 6.749956e-02 1.413034e-01
      vertex   -4.854709e-03 6.749956e-02 1.436966e-01
    endloop
  endfacet
  facet normal 9.709162e-01 7.264354e-03 -2.393093e-01
    outer loop
      vertex   -5.000000e-03 4.749956e-02 1.425000e-01
      vertex   -4.854709e-03 6.749956e-02 1.436966e-01
      vertex   -4.427280e-03 4.749956e-02 1.448236e-01
    endloop
  endfacet
  facet normal 8.854327e-01 -7.264354e-03 -4.647109e-01
    outer loop
      vertex   -4.427280e-03 4.749956e-02 1.448236e-01
      vertex   -4.854709e-03 6.749956e-02 1.436966e-01
      vertex   -3.742554e-03 6.749956e-02 1.458156e-01
    endloop
  endfacet
  facet normal 7.484910e-01 7.264354e-03 -6.631052e-01
    outer loop
      vertex   -4.427280e-03 4.749956e-02 1.448236e-01
      vertex   -3.742554e-03 6.749956e-02 1.458156e-01
      vertex   -2.840324e-03 4.749956e-02 1.466149e-01
    endloop
  endfacet
  facet normal 5.680498e-01 -7.264354e-03 -8.229622e-01
    outer loop
      vertex   -2.840324e-03 4.749956e-02 1.466149e-01
      vertex   -3.742554e-03 6.749956e-02 1.458156e-01
      vertex   -1.773024e-03 6.749956e-02 1.471751e-01
    endloop
  endfacet
  facet normal 3.545955e-01 7.264354e-03 -9.349916e-01
    outer loop
      vertex   -2.840324e-03 4.749956e-02 1.466149e-01
      vertex   -1.773024e-03 6.749956e-02 1.471751e-01
      vertex   -6.026834e-04 4.749956e-02 1.474635e-01
    endloop
  endfacet
  facet normal 1.205335e-01 -7.264354e-03 -9.926827e-01
    outer loop
      vertex   -6.026834e-04 4.749956e-02 1.474635e-01
      vertex   -1.773024e-03 6.749956e-02 1.471751e-01
      vertex   6.026834e-04 6.749956e-02 1.474635e-01
    endloop
  endfacet
  facet normal -1.205335e-01 7.264354e-03 -9.926827e-01
    outer loop
      vertex   -6.026834e-04 4.749956e-02 1.474635e-01
      vertex   6.026834e-04 6.749956e-02 1.474635e-01
      vertex   1.773024e-03 4.749956e-02 1.471751e-01
    endloop
  endfacet
  facet normal -3.545955e-01 -7.264354e-03 -9.349916e-01
    outer loop
      vertex   1.773024e-03 4.749956e-02 1.471751e-01
      vertex   6.026834e-04 6.749956e-02 1.474635e-01
      vertex   2.840324e-03 6.749956e-02 1.466149e-01
    endloop
  endfacet
  facet normal -5.680498e-01 7.264354e-03 -8.229622e-01
    outer loop
      vertex   1.773024e-03 4.749956e-02 1.471751e-01
      vertex   2.840324e-03 6.749956e-02 1.466149e-01
      vertex   3.742554e-03 4.749956e-02 1.458156e-01
    endloop
  endfacet
  facet normal -7.484910e-01 -7.264354e-03 -6.631052e-01
    outer loop
      vertex   3.742554e-03 4.749956e-02 1.458156e-01
      vertex   2.840324e-03 6.749956e-02 1.466149e-01
      vertex   4.427280e-03 6.749956e-02 1.448236e-01
    endloop
  endfacet
  facet normal -8.854327e-01 7.264354e-03 -4.647109e-01
    outer loop
      vertex   3.742554e-03 4.749956e-02 1.458156e-01
      vertex   4.427280e-03 6.749956e-02 1.448236e-01
      vertex   4.854709e-03 4.749956e-02 1.436966e-01
    endloop
  endfacet
  facet normal -9.709162e-01 -7.264354e-03 -2.393093e-01
    outer loop
      vertex   4.854709e-03 4.749956e-02 1.436966e-01
      vertex   4.427280e-03 6.749956e-02 1.448236e-01
      vertex   5.000000e-03 6.749956e-02 1.425000e-01
    endloop
  endfacet
  facet normal -9.999736e-01 7.264354e-03 3.624246e-16
    outer loop
      vertex   4.854709e-03 4.749956e-02 1.436966e-01
      vertex   5.000000e-03 6.749956e-02 1.425000e-01
      vertex   4.854709e-03 4.749956e-02 1.413034e-01
    endloop
  endfacet
  facet normal -9.709162e-01 -7.264354e-03 2.393093e-01
    outer loop
      vertex   4.854709e-03 4.749956e-02 1.413034e-01
      vertex   5.000000e-03 6.749956e-02 1.425000e-01
      vertex   4.427280e-03 6.749956e-02 1.401764e-01
    endloop
  endfacet
  facet normal -8.854327e-01 7.264354e-03 4.647109e-01
    outer loop
      vertex   4.854709e-03 4.749956e-02 1.413034e-01
      vertex   4.427280e-03 6.749956e-02 1.401764e-01
      vertex   3.742554e-03 4.749956e-02 1.391844e-01
    endloop
  endfacet
  facet normal -7.484910e-01 -7.264354e-03 6.631052e-01
    outer loop
      vertex   3.742554e-03 4.749956e-02 1.391844e-01
      vertex   4.427280e-03 6.749956e-02 1.401764e-01
      vertex   2.840324e-03 6.749956e-02 1.383851e-01
    endloop
  endfacet
  facet normal -5.680498e-01 7.264354e-03 8.229622e-01
    outer loop
      vertex   3.742554e-03 4.749956e-02 1.391844e-01
      vertex   2.840324e-03 6.749956e-02 1.383851e-01
      vertex   1.773024e-03 4.749956e-02 1.378249e-01
    endloop
  endfacet
  facet normal -3.545955e-01 -7.264354e-03 9.349916e-01
    outer loop
      vertex   1.773024e-03 4.749956e-02 1.378249e-01
      vertex   2.840324e-03 6.749956e-02 1.383851e-01
      vertex   6.026834e-04 6.749956e-02 1.375365e-01
    endloop
  endfacet
  facet normal -1.205335e-01 7.264354e-03 9.926827e-01
    outer loop
      vertex   1.773024e-03 4.749956e-02 1.378249e-01
      vertex   6.026834e-04 6.749956e-02 1.375365e-01
      vertex   -6.026834e-04 4.749956e-02 1.375365e-01
    endloop
  endfacet
  facet normal 1.205335e-01 -7.264354e-03 9.926827e-01
    outer loop
      vertex   -6.026834e-04 4.749956e-02 1.375365e-01
      vertex   6.026834e-04 6.749956e-02 1.375365e-01
      vertex   -1.773024e-03 6.749956e-02 1.378249e-01
    endloop
  endfacet
  facet normal 3.545955e-01 7.264354e-03 9.349916e-01
    outer loop
      vertex   -6.026834e-04 4.749956e-02 1.375365e-01
      vertex   -1.773024e-03 6.749956e-02 1.378249e-01
      vertex   -2.840324e-03 4.749956e-02 1.383851e-01
    endloop
  endfacet
  facet normal 5.680498e-01 -7.264354e-03 8.229622e-01
    outer loop
      vertex   -2.840324e-03 4.749956e-02 1.383851e-01
      vertex   -1.773024e-03 6.749956e-02 1.378249e-01
      vertex   -3.742554e-03 6.749956e-02 1.391844e-01
    endloop
  endfacet
  facet normal 7.484910e-01 7.264354e-03 6.631052e-01
    outer loop
      vertex   -2.840324e-03 4.749956e-02 1.383851e-01
      vertex   -3.742554e-03 6.749956e-02 1.391844e-01
      vertex   -4.427280e-03 4.749956e-02 1.401764e-01
    endloop
  endfacet
  facet normal 8.854327e-01 -7.264354e-03 4.647109e-01
    outer loop
      vertex   -4.427280e-03 4.749956e-02 1.401764e-01
      vertex   -3.742554e-03 6.749956e-02 1.391844e-01
      vertex   -4.854709e-03 6.749956e-02 1.413034e-01
    endloop
  endfacet
  facet normal 0.000000e+00 0.000000e+00 -1.000000e+00
    outer loop
      vertex   1.500000e-02 3.976449e-02 9.050000e-02
      vertex   9.126534e-03 4.150807e-02 9.050000e-02
      vertex   1.500000e-02 6.249956e-02 9.050000e-02
    endloop
  endfacet
  facet normal 0.000000e+00 0.000000e+00 -1.000000e+00
    outer loop
      vertex   1.500000e-02 6.249956e-02 9.050000e-02
      vertex   9.126534e-03 4.150807e-02 9.050000e-02
      vertex   3.063399e-03 4.238901e-02 9.050000e-02
    endloop
  endfacet
  facet normal 0.000000e+00 0.000000e+00 -1.000000e+00
    outer loop
      vertex   1.500000e-02 6.249956e-02 9.050000e-02
      vertex   3.063399e-03 4.238901e-02 9.050000e-02
      vertex   -3.063399e-03 4.238901e-02 9.050000e-02
    endloop
  endfacet
  facet normal -0.000000e+00 0.000000e+00 -1.000000e+00
    outer loop
      vertex   1.500000e-02 6.249956e-02 9.050000e-02
      vertex   -3.063399e-03 4.238901e-02 9.050000e-02
      vertex   -1.500000e-02 6.249956e-02 9.050000e-02
    endloop
  endfacet
  facet normal 0.000000e+00 0.000000e+00 -1.000000e+00
    outer loop
      vertex   -1.500000e-02 6.249956e-02 9.050000e-02
      vertex   -3.063399e-03 4.238901e-02 9.050000e-02
      vertex   -9.126534e-03 4.150807e-02 9.050000e-02
    endloop
  endfacet
  facet normal 0.000000e+00 -0.000000e+00 -1.000000e+00
    outer loop
      vertex   -1.500000e-02 6.249956e-02 9.050000e-02
      vertex   -9.126534e-03 4.150807e-02 9.050000e-02
      vertex   -1.500000e-02 3.976449e-02 9.050000e-02
    endloop
  endfacet
  facet normal -0.000000e+00 -1.000000e+00 0.000000e+00
    outer loop
      vertex   2.017852e-02 -6.750044e-02 1.170230e-01
      vertex   3.742554e-03 -6.750044e-02 1.391844e-01
      vertex   1.500000e-02 -6.750044e-02 1.136686e-01
    endloop
  endfacet
  facet normal 0.000000e+00 -1.000000e+00 0.000000e+00
    outer loop
      vertex   1.500000e-02 -6.750044e-02 1.136686e-01
      vertex   3.742554e-03 -6.750044e-02 1.391844e-01
      vertex   1.773024e-03 -6.750044e-02 1.378249e-01
    endloop
  endfacet
  facet normal 0.000000e+00 -1.000000e+00 0.000000e+00
    outer loop
      vertex   1.500000e-02 -6.750044e-02 1.136686e-01
      vertex   1.773024e-03 -6.750044e-02 1.378249e-01
      vertex   -6.026834e-04 -6.750044e-02 1.375365e-01
    endloop
  endfacet
  facet normal 0.000000e+00 -1.000000e+00 0.000000e+00
    outer loop
      vertex   2.017852e-02 -6.750044e-02 1.170230e-01
      vertex   2.462978e-02 -6.750044e-02 1.212957e-01
      vertex   3.742554e-03 -6.750044e-02 1.391844e-01
    endloop
  endfacet
  facet normal 0.000000e+00 -1.000000e+00 0.000000e+00
    outer loop
      vertex   3.742554e-03 -6.750044e-02 1.391844e-01
      vertex   2.462978e-02 -6.750044e-02 1.212957e-01
      vertex   4.854709e-03 -6.750044e-02 1.413034e-01
    endloop
  endfacet
  facet normal 0.000000e+00 -1.000000e+00 0.000000e+00
    outer loop
      vertex   4.854709e-03 -6.750044e-02 1.413034e-01
      vertex   2.462978e-02 -6.750044e-02 1.212957e-01
      vertex   2.819333e-02 -6.750044e-02 1.263326e-01
    endloop
  endfacet
  facet normal 0.000000e+00 -1.000000e+00 0.000000e+00
    outer loop
      vertex   4.854709e-03 -6.750044e-02 1.413034e-01
      vertex   2.819333e-02 -6.750044e-02 1.263326e-01
      vertex   3.074074e-02 -6.750044e-02 1.319522e-01
    endloop
  endfacet
  facet normal 0.000000e+00 -1.000000e+00 0.000000e+00
    outer loop
      vertex   3.074074e-02 -6.750044e-02 1.319522e-01
      vertex   3.218019e-02 -6.750044e-02 1.379519e-01
      vertex   4.854709e-03 -6.750044e-02 1.413034e-01
    endloop
  endfacet
  facet normal 0.000000e+00 -1.000000e+00 0.000000e+00
    outer loop
      vertex   4.854709e-03 -6.750044e-02 1.413034e-01
      vertex   3.218019e-02 -6.750044e-02 1.379519e-01
      vertex   3.245982e-02 -6.750044e-02 1.441156e-01
    endloop
  endfacet
  facet normal 0.000000e+00 -1.000000e+00 0.000000e+00
    outer loop
      vertex   4.854709e-03 -6.750044e-02 1.413034e-01
      vertex   3.245982e-02 -6.750044e-02 1.441156e-01
      vertex   4.854709e-03 -6.750044e-02 1.436966e-01
    endloop
  endfacet
  facet normal 0.000000e+00 -1.000000e+00 0.000000e+00
    outer loop
      vertex   4.854709e-03 -6.750044e-02 1.436966e-01
      vertex   3.245982e-02 -6.750044e-02 1.441156e-01
      vertex   3.156953e-02 -6.750044e-02 1.502211e-01
    endloop
  endfacet
  facet normal 0.000000e+00 -1.000000e+00 0.000000e+00
    outer loop
      vertex   4.854709e-03 -6.750044e-02 1.436966e-01
      vertex   3.156953e-02 -6.750044e-02 1.502211e-01
      vertex   2.954142e-02 -6.750044e-02 1.560482e-01
    endloop
  endfacet
  facet normal -0.000000e+00 -1.000000e+00 0.000000e+00
    outer loop
      vertex   2.954142e-02 -6.750044e-02 1.560482e-01
      vertex   2.644858e-02 -6.750044e-02 1.613871e-01
      vertex   4.854709e-03 -6.750044e-02 1.436966e-01
    endloop
  endfacet
  facet normal 0.000000e+00 -1.000000e+00 0.000000e+00
    outer loop
      vertex   4.854709e-03 -6.750044e-02 1.436966e-01
      vertex   2.644858e-02 -6.750044e-02 1.613871e-01
      vertex   2.240249e-02 -6.750044e-02 1.660452e-01
    endloop
  endfacet
  facet normal 0.000000e+00 -1.000000e+00 0.000000e+00
    outer loop
      vertex   4.854709e-03 -6.750044e-02 1.436966e-01
      vertex   2.240249e-02 -6.750044e-02 1.660452e-01
      vertex   3.742554e-03 -6.750044e-02 1.458156e-01
    endloop
  endfacet
  facet normal 0.000000e+00 -1.000000e+00 0.000000e+00
    outer loop
      vertex   3.742554e-03 -6.750044e-02 1.458156e-01
      vertex   2.240249e-02 -6.750044e-02 1.660452e-01
      vertex   1.754897e-02 -6.750044e-02 1.698548e-01
    endloop
  endfacet
  facet normal 0.000000e+00 -1.000000e+00 0.000000e+00
    outer loop
      vertex   3.742554e-03 -6.750044e-02 1.458156e-01
      vertex   1.754897e-02 -6.750044e-02 1.698548e-01
      vertex   1.206295e-02 -6.750044e-02 1.726784e-01
    endloop
  endfacet
  facet normal 0.000000e+00 -1.000000e+00 0.000000e+00
    outer loop
      vertex   3.742554e-03 -6.750044e-02 1.458156e-01
      vertex   1.206295e-02 -6.750044e-02 1.726784e-01
      vertex   1.773024e-03 -6.750044e-02 1.471751e-01
    endloop
  endfacet
  facet normal 0.000000e+00 -1.000000e+00 0.000000e+00
    outer loop
      vertex   1.773024e-03 -6.750044e-02 1.471751e-01
      vertex   1.206295e-02 -6.750044e-02 1.726784e-01
      vertex   6.142163e-03 -6.750044e-02 1.744143e-01
    endloop
  endfacet
  facet normal 0.000000e+00 -1.000000e+00 0.000000e+00
    outer loop
      vertex   1.773024e-03 -6.750044e-02 1.471751e-01
      vertex   6.142163e-03 -6.750044e-02 1.744143e-01
      vertex   -9.950255e-18 -6.750044e-02 1.750000e-01
    endloop
  endfacet
  facet normal 0.000000e+00 -1.000000e+00 0.000000e+00
    outer loop
      vertex   1.773024e-03 -6.750044e-02 1.471751e-01
      vertex   -9.950255e-18 -6.750044e-02 1.750000e-01
      vertex   -6.026834e-04 -6.750044e-02 1.474635e-01
    endloop
  endfacet
  facet normal 0.000000e+00 -1.000000e+00 0.000000e+00
    outer loop
      vertex   -6.026834e-04 -6.750044e-02 1.474635e-01
      vertex   -9.950255e-18 -6.750044e-02 1.750000e-01
      vertex   -6.142163e-03 -6.750044e-02 1.744143e-01
    endloop
  endfacet
  facet normal -0.000000e+00 -1.000000e+00 0.000000e+00
    outer loop
      vertex   -6.026834e-04 -6.750044e-02 1.474635e-01
      vertex   -6.142163e-03 -6.750044e-02 1.744143e-01
      vertex   -2.840324e-03 -6.750044e-02 1.466149e-01
    endloop
  endfacet
  facet normal 0.000000e+00 -1.000000e+00 0.000000e+00
    outer loop
      vertex   -2.840324e-03 -6.750044e-02 1.466149e-01
      vertex   -6.142163e-03 -6.750044e-02 1.744143e-01
      vertex   -1.206295e-02 -6.750044e-02 1.726784e-01
    endloop
  endfacet
  facet normal 0.000000e+00 -1.000000e+00 0.000000e+00
    outer loop
      vertex   -2.840324e-03 -6.750044e-02 1.466149e-01
      vertex   -1.206295e-02 -6.750044e-02 1.726784e-01
      vertex   -1.754897e-02 -6.750044e-02 1.698548e-01
    endloop
  endfacet
  facet normal -0.000000e+00 -1.000000e+00 0.000000e+00
    outer loop
      vertex   -2.840324e-03 -6.750044e-02 1.466149e-01
      vertex   -1.754897e-02 -6.750044e-02 1.698548e-01
      vertex   -4.427280e-03 -6.750044e-02 1.448236e-01
    endloop
  endfacet
  facet normal 0.000000e+00 -1.000000e+00 0.000000e+00
    outer loop
      vertex   -4.427280e-03 -6.750044e-02 1.448236e-01
      vertex   -1.754897e-02 -6.750044e-02 1.698548e-01
      vertex   -2.240249e-02 -6.750044e-02 1.660452e-01
    endloop
  endfacet
  facet normal 0.000000e+00 -1.000000e+00 0.000000e+00
    outer loop
      vertex   -4.427280e-03 -6.750044e-02 1.448236e-01
      vertex   -2.240249e-02 -6.750044e-02 1.660452e-01
      vertex   -2.644858e-02 -6.750044e-02 1.613871e-01
    endloop
  endfacet
  facet normal 0.000000e+00 -1.000000e+00 -0.000000e+00
    outer loop
      vertex   -2.644858e-02 -6.750044e-02 1.613871e-01
      vertex   -2.954142e-02 -6.750044e-02 1.560482e-01
      vertex   -4.427280e-03 -6.750044e-02 1.448236e-01
    endloop
  endfacet
  facet normal -0.000000e+00 -1.000000e+00 0.000000e+00
    outer loop
      vertex   -4.427280e-03 -6.750044e-02 1.448236e-01
      vertex   -2.954142e-02 -6.750044e-02 1.560482e-01
      vertex   -5.000000e-03 -6.750044e-02 1.425000e-01
    endloop
  endfacet
  facet normal 0.000000e+00 -1.000000e+00 0.000000e+00
    outer loop
      vertex   -5.000000e-03 -6.750044e-02 1.425000e-01
      vertex   -2.954142e-02 -6.750044e-02 1.560482e-01
      vertex   -3.156953e-02 -6.750044e-02 1.502211e-01
    endloop
  endfacet
  facet normal 0.000000e+00 -1.000000e+00 0.000000e+00
    outer loop
      vertex   -5.000000e-03 -6.750044e-02 1.425000e-01
      vertex   -3.156953e-02 -6.750044e-02 1.502211e-01
      vertex   -3.245982e-02 -6.750044e-02 1.441156e-01
    endloop
  endfacet
  facet normal 0.000000e+00 -1.000000e+00 0.000000e+00
    outer loop
      vertex   -3.245982e-02 -6.750044e-02 1.441156e-01
      vertex   -3.218019e-02 -6.750044e-02 1.379519e-01
      vertex   -5.000000e-03 -6.750044e-02 1.425000e-01
    endloop
  endfacet
  facet normal 0.000000e+00 -1.000000e+00 0.000000e+00
    outer loop
      vertex   -5.000000e-03 -6.750044e-02 1.425000e-01
      vertex   -3.218019e-02 -6.750044e-02 1.379519e-01
      vertex   -3.074074e-02 -6.750044e-02 1.319522e-01
    endloop
  endfacet
  facet normal 0.000000e+00 -1.000000e+00 0.000000e+00
    outer loop
      vertex   -5.000000e-03 -6.750044e-02 1.425000e-01
      vertex   -3.074074e-02 -6.750044e-02 1.319522e-01
      vertex   -2.819333e-02 -6.750044e-02 1.263326e-01
    endloop
  endfacet
  facet normal 0.000000e+00 -1.000000e+00 -0.000000e+00
    outer loop
      vertex   -5.000000e-03 -6.750044e-02 1.425000e-01
      vertex   -2.819333e-02 -6.750044e-02 1.263326e-01
      vertex   -4.427280e-03 -6.750044e-02 1.401764e-01
    endloop
  endfacet
  facet normal 0.000000e+00 -1.000000e+00 0.000000e+00
    outer loop
      vertex   -4.427280e-03 -6.750044e-02 1.401764e-01
      vertex   -2.819333e-02 -6.750044e-02 1.263326e-01
      vertex   -2.462978e-02 -6.750044e-02 1.212957e-01
    endloop
  endfacet
  facet normal 0.000000e+00 -1.000000e+00 0.000000e+00
    outer loop
      vertex   -4.427280e-03 -6.750044e-02 1.401764e-01
      vertex   -2.462978e-02 -6.750044e-02 1.212957e-01
      vertex   -2.017852e-02 -6.750044e-02 1.170230e-01
    endloop
  endfacet
  facet normal 0.000000e+00 -1.000000e+00 0.000000e+00
    outer loop
      vertex   -2.017852e-02 -6.750044e-02 1.170230e-01
      vertex   -1.500000e-02 -6.750044e-02 1.136686e-01
      vertex   -4.427280e-03 -6.750044e-02 1.401764e-01
    endloop
  endfacet
  facet normal 0.000000e+00 -1.000000e+00 -0.000000e+00
    outer loop
      vertex   -4.427280e-03 -6.750044e-02 1.401764e-01
      vertex   -1.500000e-02 -6.750044e-02 1.136686e-01
      vertex   -2.840324e-03 -6.750044e-02 1.383851e-01
    endloop
  endfacet
  facet normal 0.000000e+00 -1.000000e+00 -0.000000e+00
    outer loop
      vertex   -2.840324e-03 -6.750044e-02 1.383851e-01
      vertex   -1.500000e-02 -6.750044e-02 1.136686e-01
      vertex   -6.026834e-04 -6.750044e-02 1.375365e-01
    endloop
  endfacet
  facet normal 0.000000e+00 -1.000000e+00 -0.000000e+00
    outer loop
      vertex   -6.026834e-04 -6.750044e-02 1.375365e-01
      vertex   -1.500000e-02 -6.750044e-02 1.136686e-01
      vertex   1.500000e-02 -6.750044e-02 1.136686e-01
    endloop
  endfacet
  facet normal 0.000000e+00 -1.000000e+00 -0.000000e+00
    outer loop
      vertex   -1.500000e-02 -6.750044e-02 1.136686e-01
      vertex   -1.500000e-02 -6.750044e-02 9.550000e-02
      vertex   1.500000e-02 -6.750044e-02 1.136686e-01
    endloop
  endfacet
  facet normal 0.000000e+00 -1.000000e+00 0.000000e+00
    outer loop
      vertex   1.500000e-02 -6.750044e-02 1.136686e-01
      vertex   -1.500000e-02 -6.750044e-02 9.550000e-02
      vertex   1.500000e-02 -6.750044e-02 9.550000e-02
    endloop
  endfacet
  facet normal 0.000000e+00 1.000000e+00 -0.000000e+00
    outer loop
      vertex   1.500000e-02 6.749956e-02 9.550000e-02
      vertex   -1.500000e-02 6.749956e-02 9.550000e-02
      vertex   1.500000e-02 6.749956e-02 1.136686e-01
    endloop
  endfacet
  facet normal 0.000000e+00 1.000000e+00 0.000000e+00
    outer loop
      vertex   1.500000e-02 6.749956e-02 1.136686e-01
      vertex   -1.500000e-02 6.749956e-02 9.550000e-02
      vertex   -1.500000e-02 6.749956e-02 1.136686e-01
    endloop
  endfacet
  facet normal 0.000000e+00 1.000000e+00 0.000000e+00
    outer loop
      vertex   1.500000e-02 6.749956e-02 1.136686e-01
      vertex   -1.500000e-02 6.749956e-02 1.136686e-01
      vertex   6.026834e-04 6.749956e-02 1.375365e-01
    endloop
  endfacet
  facet normal 0.000000e+00 1.000000e+00 0.000000e+00
    outer loop
      vertex   6.026834e-04 6.749956e-02 1.375365e-01
      vertex   -1.500000e-02 6.749956e-02 1.136686e-01
      vertex   -1.773024e-03 6.749956e-02 1.378249e-01
    endloop
  endfacet
  facet normal 0.000000e+00 1.000000e+00 0.000000e+00
    outer loop
      vertex   -1.773024e-03 6.749956e-02 1.378249e-01
      vertex   -1.500000e-02 6.749956e-02 1.136686e-01
      vertex   -3.742554e-03 6.749956e-02 1.391844e-01
    endloop
  endfacet
  facet normal 0.000000e+00 1.000000e+00 0.000000e+00
    outer loop
      vertex   -3.742554e-03 6.749956e-02 1.391844e-01
      vertex   -1.500000e-02 6.749956e-02 1.136686e-01
      vertex   -2.017852e-02 6.749956e-02 1.170230e-01
    endloop
  endfacet
  facet normal 0.000000e+00 1.000000e+00 0.000000e+00
    outer loop
      vertex   -3.742554e-03 6.749956e-02 1.391844e-01
      vertex   -2.017852e-02 6.749956e-02 1.170230e-01
      vertex   -2.462978e-02 6.749956e-02 1.212957e-01
    endloop
  endfacet
  facet normal 0.000000e+00 1.000000e+00 0.000000e+00
    outer loop
      vertex   -3.742554e-03 6.749956e-02 1.391844e-01
      vertex   -2.462978e-02 6.749956e-02 1.212957e-01
      vertex   -4.854709e-03 6.749956e-02 1.413034e-01
    endloop
  endfacet
  facet normal 0.000000e+00 1.000000e+00 0.000000e+00
    outer loop
      vertex   -4.854709e-03 6.749956e-02 1.413034e-01
      vertex   -2.462978e-02 6.749956e-02 1.212957e-01
      vertex   -2.819333e-02 6.749956e-02 1.263326e-01
    endloop
  endfacet
  facet normal 0.000000e+00 1.000000e+00 0.000000e+00
    outer loop
      vertex   -4.854709e-03 6.749956e-02 1.413034e-01
      vertex   -2.819333e-02 6.749956e-02 1.263326e-01
      vertex   -3.074074e-02 6.749956e-02 1.319522e-01
    endloop
  endfacet
  facet normal 0.000000e+00 1.000000e+00 -0.000000e+00
    outer loop
      vertex   -3.074074e-02 6.749956e-02 1.319522e-01
      vertex   -3.218019e-02 6.749956e-02 1.379519e-01
      vertex   -4.854709e-03 6.749956e-02 1.413034e-01
    endloop
  endfacet
  facet normal 0.000000e+00 1.000000e+00 0.000000e+00
    outer loop
      vertex   -4.854709e-03 6.749956e-02 1.413034e-01
      vertex   -3.218019e-02 6.749956e-02 1.379519e-01
      vertex   -3.245982e-02 6.749956e-02 1.441156e-01
    endloop
  endfacet
  facet normal 0.000000e+00 1.000000e+00 -0.000000e+00
    outer loop
      vertex   -4.854709e-03 6.749956e-02 1.413034e-01
      vertex   -3.245982e-02 6.749956e-02 1.441156e-01
      vertex   -4.854709e-03 6.749956e-02 1.436966e-01
    endloop
  endfacet
  facet normal 0.000000e+00 1.000000e+00 0.000000e+00
    outer loop
      vertex   -4.854709e-03 6.749956e-02 1.436966e-01
      vertex   -3.245982e-02 6.749956e-02 1.441156e-01
      vertex   -3.156953e-02 6.749956e-02 1.502211e-01
    endloop
  endfacet
  facet normal 0.000000e+00 1.000000e+00 0.000000e+00
    outer loop
      vertex   -4.854709e-03 6.749956e-02 1.436966e-01
      vertex   -3.156953e-02 6.749956e-02 1.502211e-01
      vertex   -2.954142e-02 6.749956e-02 1.560482e-01
    endloop
  endfacet
  facet normal -0.000000e+00 1.000000e+00 0.000000e+00
    outer loop
      vertex   -2.954142e-02 6.749956e-02 1.560482e-01
      vertex   -2.644858e-02 6.749956e-02 1.613871e-01
      vertex   -4.854709e-03 6.749956e-02 1.436966e-01
    endloop
  endfacet
  facet normal 0.000000e+00 1.000000e+00 0.000000e+00
    outer loop
      vertex   -4.854709e-03 6.749956e-02 1.436966e-01
      vertex   -2.644858e-02 6.749956e-02 1.613871e-01
      vertex   -2.240249e-02 6.749956e-02 1.660452e-01
    endloop
  endfacet
  facet normal 0.000000e+00 1.000000e+00 -0.000000e+00
    outer loop
      vertex   -4.854709e-03 6.749956e-02 1.436966e-01
      vertex   -2.240249e-02 6.749956e-02 1.660452e-01
      vertex   -3.742554e-03 6.749956e-02 1.458156e-01
    endloop
  endfacet
  facet normal 0.000000e+00 1.000000e+00 0.000000e+00
    outer loop
      vertex   -3.742554e-03 6.749956e-02 1.458156e-01
      vertex   -2.240249e-02 6.749956e-02 1.660452e-01
      vertex   -1.754897e-02 6.749956e-02 1.698548e-01
    endloop
  endfacet
  facet normal 0.000000e+00 1.000000e+00 0.000000e+00
    outer loop
      vertex   -3.742554e-03 6.749956e-02 1.458156e-01
      vertex   -1.754897e-02 6.749956e-02 1.698548e-01
      vertex   -1.206295e-02 6.749956e-02 1.726784e-01
    endloop
  endfacet
  facet normal 0.000000e+00 1.000000e+00 -0.000000e+00
    outer loop
      vertex   -3.742554e-03 6.749956e-02 1.458156e-01
      vertex   -1.206295e-02 6.749956e-02 1.726784e-01
      vertex   -1.773024e-03 6.749956e-02 1.471751e-01
    endloop
  endfacet
  facet normal 0.000000e+00 1.000000e+00 0.000000e+00
    outer loop
      vertex   -1.773024e-03 6.749956e-02 1.471751e-01
      vertex   -1.206295e-02 6.749956e-02 1.726784e-01
      vertex   -6.142163e-03 6.749956e-02 1.744143e-01
    endloop
  endfacet
  facet normal 0.000000e+00 1.000000e+00 -0.000000e+00
    outer loop
      vertex   -1.773024e-03 6.749956e-02 1.471751e-01
      vertex   -6.142163e-03 6.749956e-02 1.744143e-01
      vertex   -1.642295e-17 6.749956e-02 1.750000e-01
    endloop
  endfacet
  facet normal 0.000000e+00 1.000000e+00 0.000000e+00
    outer loop
      vertex   -1.773024e-03 6.749956e-02 1.471751e-01
      vertex   -1.642295e-17 6.749956e-02 1.750000e-01
      vertex   6.026834e-04 6.749956e-02 1.474635e-01
    endloop
  endfacet
  facet normal 0.000000e+00 1.000000e+00 -0.000000e+00
    outer loop
      vertex   6.026834e-04 6.749956e-02 1.474635e-01
      vertex   -1.642295e-17 6.749956e-02 1.750000e-01
      vertex   6.142163e-03 6.749956e-02 1.744143e-01
    endloop
  endfacet
  facet normal -0.000000e+00 1.000000e+00 0.000000e+00
    outer loop
      vertex   6.026834e-04 6.749956e-02 1.474635e-01
      vertex   6.142163e-03 6.749956e-02 1.744143e-01
      vertex   2.840324e-03 6.749956e-02 1.466149e-01
    endloop
  endfacet
  facet normal 0.000000e+00 1.000000e+00 0.000000e+00
    outer loop
      vertex   2.840324e-03 6.749956e-02 1.466149e-01
      vertex   6.142163e-03 6.749956e-02 1.744143e-01
      vertex   1.206295e-02 6.749956e-02 1.726784e-01
    endloop
  endfacet
  facet normal 0.000000e+00 1.000000e+00 0.000000e+00
    outer loop
      vertex   2.840324e-03 6.749956e-02 1.466149e-01
      vertex   1.206295e-02 6.749956e-02 1.726784e-01
      vertex   1.754897e-02 6.749956e-02 1.698548e-01
    endloop
  endfacet
  facet normal -0.000000e+00 1.000000e+00 0.000000e+00
    outer loop
      vertex   2.840324e-03 6.749956e-02 1.466149e-01
      vertex   1.754897e-02 6.749956e-02 1.698548e-01
      vertex   4.427280e-03 6.749956e-02 1.448236e-01
    endloop
  endfacet
  facet normal 0.000000e+00 1.000000e+00 0.000000e+00
    outer loop
      vertex   4.427280e-03 6.749956e-02 1.448236e-01
      vertex   1.754897e-02 6.749956e-02 1.698548e-01
      vertex   2.240249e-02 6.749956e-02 1.660452e-01
    endloop
  endfacet
  facet normal 0.000000e+00 1.000000e+00 0.000000e+00
    outer loop
      vertex   4.427280e-03 6.749956e-02 1.448236e-01
      vertex   2.240249e-02 6.749956e-02 1.660452e-01
      vertex   2.644858e-02 6.749956e-02 1.613871e-01
    endloop
  endfacet
  facet normal 0.000000e+00 1.000000e+00 0.000000e+00
    outer loop
      vertex   2.644858e-02 6.749956e-02 1.613871e-01
      vertex   2.954142e-02 6.749956e-02 1.560482e-01
      vertex   4.427280e-03 6.749956e-02 1.448236e-01
    endloop
  endfacet
  facet normal -0.000000e+00 1.000000e+00 0.000000e+00
    outer loop
      vertex   4.427280e-03 6.749956e-02 1.448236e-01
      vertex   2.954142e-02 6.749956e-02 1.560482e-01
      vertex   5.000000e-03 6.749956e-02 1.425000e-01
    endloop
  endfacet
  facet normal 0.000000e+00 1.000000e+00 0.000000e+00
    outer loop
      vertex   5.000000e-03 6.749956e-02 1.425000e-01
      vertex   2.954142e-02 6.749956e-02 1.560482e-01
      vertex   3.156953e-02 6.749956e-02 1.502211e-01
    endloop
  endfacet
  facet normal 0.000000e+00 1.000000e+00 0.000000e+00
    outer loop
      vertex   5.000000e-03 6.749956e-02 1.425000e-01
      vertex   3.156953e-02 6.749956e-02 1.502211e-01
      vertex   3.245982e-02 6.749956e-02 1.441156e-01
    endloop
  endfacet
  facet normal 0.000000e+00 1.000000e+00 0.000000e+00
    outer loop
      vertex   3.245982e-02 6.749956e-02 1.441156e-01
      vertex   3.218019e-02 6.749956e-02 1.379519e-01
      vertex   5.000000e-03 6.749956e-02 1.425000e-01
    endloop
  endfacet
  facet normal 0.000000e+00 1.000000e+00 0.000000e+00
    outer loop
      vertex   5.000000e-03 6.749956e-02 1.425000e-01
      vertex   3.218019e-02 6.749956e-02 1.379519e-01
      vertex   3.074074e-02 6.749956e-02 1.319522e-01
    endloop
  endfacet
  facet normal 0.000000e+00 1.000000e+00 0.000000e+00
    outer loop
      vertex   5.000000e-03 6.749956e-02 1.425000e-01
      vertex   3.074074e-02 6.749956e-02 1.319522e-01
      vertex   2.819333e-02 6.749956e-02 1.263326e-01
    endloop
  endfacet
  facet normal 0.000000e+00 1.000000e+00 0.000000e+00
    outer loop
      vertex   5.000000e-03 6.749956e-02 1.425000e-01
      vertex   2.819333e-02 6.749956e-02 1.263326e-01
      vertex   4.427280e-03 6.749956e-02 1.401764e-01
    endloop
  endfacet
  facet normal 0.000000e+00 1.000000e+00 0.000000e+00
    outer loop
      vertex   4.427280e-03 6.749956e-02 1.401764e-01
      vertex   2.819333e-02 6.749956e-02 1.263326e-01
      vertex   2.462978e-02 6.749956e-02 1.212957e-01
    endloop
  endfacet
  facet normal 0.000000e+00 1.000000e+00 0.000000e+00
    outer loop
      vertex   4.427280e-03 6.749956e-02 1.401764e-01
      vertex   2.462978e-02 6.749956e-02 1.212957e-01
      vertex   2.017852e-02 6.749956e-02 1.170230e-01
    endloop
  endfacet
  facet normal 0.000000e+00 1.000000e+00 0.000000e+00
    outer loop
      vertex   2.017852e-02 6.749956e-02 1.170230e-01
      vertex   1.500000e-02 6.749956e-02 1.136686e-01
      vertex   4.427280e-03 6.749956e-02 1.401764e-01
    endloop
  endfacet
  facet normal 0.000000e+00 1.000000e+00 0.000000e+00
    outer loop
      vertex   4.427280e-03 6.749956e-02 1.401764e-01
      vertex   1.500000e-02 6.749956e-02 1.136686e-01
      vertex   2.840324e-03 6.749956e-02 1.383851e-01
    endloop
  endfacet
  facet normal 0.000000e+00 1.000000e+00 0.000000e+00
    outer loop
      vertex   2.840324e-03 6.749956e-02 1.383851e-01
      vertex   1.500000e-02 6.749956e-02 1.136686e-01
      vertex   6.026834e-04 6.749956e-02 1.375365e-01
    endloop
  endfacet
  facet normal -0.000000e+00 0.000000e+00 1.000000e+00
    outer loop
      vertex   -2.706139e-02 2.595974e-02 1.025000e-01
      vertex   -2.528096e-02 -2.769743e-02 1.025000e-01
      vertex   -2.205882e-02 3.032542e-02 1.025000e-01
    endloop
  endfacet
  facet normal 0.000000e+00 0.000000e+00 1.000000e+00
    outer loop
      vertex   -2.205882e-02 3.032542e-02 1.025000e-01
      vertex   -2.528096e-02 -2.769743e-02 1.025000e-01
      vertex   -2.000000e-02 -3.172189e-02 1.025000e-01
    endloop
  endfacet
  facet normal -0.000000e+00 0.000000e+00 1.000000e+00
    outer loop
      vertex   -2.205882e-02 3.032542e-02 1.025000e-01
      vertex   -2.000000e-02 -3.172189e-02 1.025000e-01
      vertex   -2.095383e-02 3.143145e-02 1.025000e-01
    endloop
  endfacet
  facet normal 3.388281e-16 5.117430e-18 1.000000e+00
    outer loop
      vertex   -2.095383e-02 3.143145e-02 1.025000e-01
      vertex   -2.000000e-02 -3.172189e-02 1.025000e-01
      vertex   2.000000e-02 3.172100e-02 1.025000e-01
    endloop
  endfacet
  facet normal 3.400886e-16 -1.731646e-16 1.000000e+00
    outer loop
      vertex   -2.095383e-02 3.143145e-02 1.025000e-01
      vertex   2.000000e-02 3.172100e-02 1.025000e-01
      vertex   -2.024443e-02 3.282467e-02 1.025000e-01
    endloop
  endfacet
  facet normal 1.079537e-15 2.679019e-14 1.000000e+00
    outer loop
      vertex   -2.024443e-02 3.282467e-02 1.025000e-01
      vertex   2.000000e-02 3.172100e-02 1.025000e-01
      vertex   -2.000000e-02 3.436887e-02 1.025000e-01
    endloop
  endfacet
  facet normal -5.192221e-16 2.638604e-15 1.000000e+00
    outer loop
      vertex   -2.000000e-02 3.436887e-02 1.025000e-01
      vertex   2.000000e-02 3.172100e-02 1.025000e-01
      vertex   2.000000e-02 4.749956e-02 1.025000e-01
    endloop
  endfacet
  facet normal 3.469447e-16 -0.000000e+00 1.000000e+00
    outer loop
      vertex   -2.000000e-02 3.436887e-02 1.025000e-01
      vertex   2.000000e-02 4.749956e-02 1.025000e-01
      vertex   -2.000000e-02 4.749956e-02 1.025000e-01
    endloop
  endfacet
  facet normal 0.000000e+00 0.000000e+00 1.000000e+00
    outer loop
      vertex   -2.528096e-02 -2.769743e-02 1.025000e-01
      vertex   -2.706139e-02 2.595974e-02 1.025000e-01
      vertex   -2.976939e-02 -2.280469e-02 1.025000e-01
    endloop
  endfacet
  facet normal 0.000000e+00 -0.000000e+00 1.000000e+00
    outer loop
      vertex   -2.976939e-02 -2.280469e-02 1.025000e-01
      vertex   -2.706139e-02 2.595974e-02 1.025000e-01
      vertex   -3.121560e-02 2.078023e-02 1.025000e-01
    endloop
  endfacet
  facet normal 0.000000e+00 0.000000e+00 1.000000e+00
    outer loop
      vertex   -2.976939e-02 -2.280469e-02 1.025000e-01
      vertex   -3.121560e-02 2.078023e-02 1.025000e-01
      vertex   -3.332456e-02 -1.719705e-02 1.025000e-01
    endloop
  endfacet
  facet normal 0.000000e+00 -0.000000e+00 1.000000e+00
    outer loop
      vertex   -3.332456e-02 -1.719705e-02 1.025000e-01
      vertex   -3.121560e-02 2.078023e-02 1.025000e-01
      vertex   -3.439123e-02 1.494925e-02 1.025000e-01
    endloop
  endfacet
  facet normal 0.000000e+00 0.000000e+00 1.000000e+00
    outer loop
      vertex   -3.332456e-02 -1.719705e-02 1.025000e-01
      vertex   -3.439123e-02 1.494925e-02 1.025000e-01
      vertex   -3.583504e-02 -1.105032e-02 1.025000e-01
    endloop
  endfacet
  facet normal 0.000000e+00 -0.000000e+00 1.000000e+00
    outer loop
      vertex   -3.583504e-02 -1.105032e-02 1.025000e-01
      vertex   -3.439123e-02 1.494925e-02 1.025000e-01
      vertex   -3.648872e-02 8.649619e-03 1.025000e-01
    endloop
  endfacet
  facet normal 0.000000e+00 0.000000e+00 1.000000e+00
    outer loop
      vertex   -3.583504e-02 -1.105032e-02 1.025000e-01
      vertex   -3.648872e-02 8.649619e-03 1.025000e-01
      vertex   -3.722212e-02 -4.557178e-03 1.025000e-01
    endloop
  endfacet
  facet normal 0.000000e+00 -0.000000e+00 1.000000e+00
    outer loop
      vertex   -3.722212e-02 -4.557178e-03 1.025000e-01
      vertex   -3.648872e-02 8.649619e-03 1.025000e-01
      vertex   -3.744231e-02 2.078812e-03 1.025000e-01
    endloop
  endfacet
  facet normal 3.469447e-16 -0.000000e+00 1.000000e+00
    outer loop
      vertex   -2.000000e-02 -4.750044e-02 1.025000e-01
      vertex   2.000000e-02 -4.750044e-02 1.025000e-01
      vertex   -2.000000e-02 -3.172189e-02 1.025000e-01
    endloop
  endfacet
  facet normal 3.469447e-16 0.000000e+00 1.000000e+00
    outer loop
      vertex   -2.000000e-02 -3.172189e-02 1.025000e-01
      vertex   2.000000e-02 -4.750044e-02 1.025000e-01
      vertex   2.000000e-02 -3.172189e-02 1.025000e-01
    endloop
  endfacet
  facet normal 3.469447e-16 0.000000e+00 1.000000e+00
    outer loop
      vertex   -2.000000e-02 -3.172189e-02 1.025000e-01
      vertex   2.000000e-02 -3.172189e-02 1.025000e-01
      vertex   2.000000e-02 3.172100e-02 1.025000e-01
    endloop
  endfacet
  facet normal -2.762407e-15 0.000000e+00 1.000000e+00
    outer loop
      vertex   2.000000e-02 3.172100e-02 1.025000e-01
      vertex   2.000000e-02 -3.172189e-02 1.025000e-01
      vertex   2.502380e-02 -2.792999e-02 1.025000e-01
    endloop
  endfacet
  facet normal -2.762407e-15 5.147251e-31 1.000000e+00
    outer loop
      vertex   2.000000e-02 3.172100e-02 1.025000e-01
      vertex   2.502380e-02 -2.792999e-02 1.025000e-01
      vertex   2.502380e-02 2.792910e-02 1.025000e-01
    endloop
  endfacet
  facet normal 0.000000e+00 0.000000e+00 1.000000e+00
    outer loop
      vertex   2.502380e-02 2.792910e-02 1.025000e-01
      vertex   2.502380e-02 -2.792999e-02 1.025000e-01
      vertex   2.934263e-02 -2.335125e-02 1.025000e-01
    endloop
  endfacet
  facet normal 0.000000e+00 0.000000e+00 1.000000e+00
    outer loop
      vertex   2.502380e-02 2.792910e-02 1.025000e-01
      vertex   2.934263e-02 -2.335125e-02 1.025000e-01
      vertex   2.934263e-02 2.335036e-02 1.025000e-01
    endloop
  endfacet
  facet normal 0.000000e+00 0.000000e+00 1.000000e+00
    outer loop
      vertex   2.934263e-02 2.335036e-02 1.025000e-01
      vertex   2.934263e-02 -2.335125e-02 1.025000e-01
      vertex   3.283481e-02 -1.811466e-02 1.025000e-01
    endloop
  endfacet
  facet normal 0.000000e+00 0.000000e+00 1.000000e+00
    outer loop
      vertex   2.934263e-02 2.335036e-02 1.025000e-01
      vertex   3.283481e-02 -1.811466e-02 1.025000e-01
      vertex   3.283481e-02 1.811378e-02 1.025000e-01
    endloop
  endfacet
  facet normal 0.000000e+00 0.000000e+00 1.000000e+00
    outer loop
      vertex   3.283481e-02 1.811378e-02 1.025000e-01
      vertex   3.283481e-02 -1.811466e-02 1.025000e-01
      vertex   3.540197e-02 -1.236777e-02 1.025000e-01
    endloop
  endfacet
  facet normal 0.000000e+00 0.000000e+00 1.000000e+00
    outer loop
      vertex   3.283481e-02 1.811378e-02 1.025000e-01
      vertex   3.540197e-02 -1.236777e-02 1.025000e-01
      vertex   3.540197e-02 1.236688e-02 1.025000e-01
    endloop
  endfacet
  facet normal 0.000000e+00 0.000000e+00 1.000000e+00
    outer loop
      vertex   3.540197e-02 1.236688e-02 1.025000e-01
      vertex   3.540197e-02 -1.236777e-02 1.025000e-01
      vertex   3.697177e-02 -6.272453e-03 1.025000e-01
    endloop
  endfacet
  facet normal 0.000000e+00 0.000000e+00 1.000000e+00
    outer loop
      vertex   3.540197e-02 1.236688e-02 1.025000e-01
      vertex   3.697177e-02 -6.272453e-03 1.025000e-01
      vertex   3.697177e-02 6.271565e-03 1.025000e-01
    endloop
  endfacet
  facet normal 0.000000e+00 0.000000e+00 1.000000e+00
    outer loop
      vertex   3.697177e-02 6.271565e-03 1.025000e-01
      vertex   3.697177e-02 -6.272453e-03 1.025000e-01
      vertex   3.750000e-02 -4.438511e-07 1.025000e-01
    endloop
  endfacet
endsolid
