solid ASCII
  facet normal -0.000000e+00 0.000000e+00 1.000000e+00
    outer loop
      vertex   2.250000e-02 3.673940e-18 -1.000000e-02
      vertex   2.278636e-02 -1.161808e-03 -1.000000e-02
      vertex   2.278636e-02 1.161808e-03 -1.000000e-02
    endloop
  endfacet
  facet normal -0.000000e+00 0.000000e+00 1.000000e+00
    outer loop
      vertex   2.278636e-02 1.161808e-03 -1.000000e-02
      vertex   2.278636e-02 -1.161808e-03 -1.000000e-02
      vertex   2.357984e-02 2.057460e-03 -1.000000e-02
    endloop
  endfacet
  facet normal 0.000000e+00 0.000000e+00 1.000000e+00
    outer loop
      vertex   2.357984e-02 2.057460e-03 -1.000000e-02
      vertex   2.278636e-02 -1.161808e-03 -1.000000e-02
      vertex   2.357984e-02 -2.057460e-03 -1.000000e-02
    endloop
  endfacet
  facet normal -0.000000e+00 0.000000e+00 1.000000e+00
    outer loop
      vertex   2.357984e-02 2.057460e-03 -1.000000e-02
      vertex   2.357984e-02 -2.057460e-03 -1.000000e-02
      vertex   2.469866e-02 2.481772e-03 -1.000000e-02
    endloop
  endfacet
  facet normal 0.000000e+00 0.000000e+00 1.000000e+00
    outer loop
      vertex   2.469866e-02 2.481772e-03 -1.000000e-02
      vertex   2.357984e-02 -2.057460e-03 -1.000000e-02
      vertex   2.469866e-02 -2.481772e-03 -1.000000e-02
    endloop
  endfacet
  facet normal 0.000000e+00 0.000000e+00 1.000000e+00
    outer loop
      vertex   2.469866e-02 2.481772e-03 -1.000000e-02
      vertex   2.469866e-02 -2.481772e-03 -1.000000e-02
      vertex   2.588651e-02 2.337541e-03 -1.000000e-02
    endloop
  endfacet
  facet normal 0.000000e+00 0.000000e+00 1.000000e+00
    outer loop
      vertex   2.588651e-02 2.337541e-03 -1.000000e-02
      vertex   2.469866e-02 -2.481772e-03 -1.000000e-02
      vertex   2.588651e-02 -2.337541e-03 -1.000000e-02
    endloop
  endfacet
  facet normal 0.000000e+00 0.000000e+00 1.000000e+00
    outer loop
      vertex   2.588651e-02 2.337541e-03 -1.000000e-02
      vertex   2.588651e-02 -2.337541e-03 -1.000000e-02
      vertex   2.687128e-02 1.657807e-03 -1.000000e-02
    endloop
  endfacet
  facet normal 0.000000e+00 0.000000e+00 1.000000e+00
    outer loop
      vertex   2.687128e-02 1.657807e-03 -1.000000e-02
      vertex   2.588651e-02 -2.337541e-03 -1.000000e-02
      vertex   2.687128e-02 -1.657807e-03 -1.000000e-02
    endloop
  endfacet
  facet normal 0.000000e+00 0.000000e+00 1.000000e+00
    outer loop
      vertex   2.687128e-02 1.657807e-03 -1.000000e-02
      vertex   2.687128e-02 -1.657807e-03 -1.000000e-02
      vertex   2.742735e-02 5.982892e-04 -1.000000e-02
    endloop
  endfacet
  facet normal 0.000000e+00 0.000000e+00 1.000000e+00
    outer loop
      vertex   2.742735e-02 5.982892e-04 -1.000000e-02
      vertex   2.687128e-02 -1.657807e-03 -1.000000e-02
      vertex   2.742735e-02 -5.982892e-04 -1.000000e-02
    endloop
  endfacet
  facet normal 0.000000e+00 0.000000e+00 1.000000e+00
    outer loop
      vertex   1.683889e-18 -2.250000e-02 -1.000000e-02
      vertex   -1.161808e-03 -2.278636e-02 -1.000000e-02
      vertex   1.161808e-03 -2.278636e-02 -1.000000e-02
    endloop
  endfacet
  facet normal 0.000000e+00 0.000000e+00 1.000000e+00
    outer loop
      vertex   1.161808e-03 -2.278636e-02 -1.000000e-02
      vertex   -1.161808e-03 -2.278636e-02 -1.000000e-02
      vertex   2.057460e-03 -2.357984e-02 -1.000000e-02
    endloop
  endfacet
  facet normal 0.000000e+00 0.000000e+00 1.000000e+00
    outer loop
      vertex   2.057460e-03 -2.357984e-02 -1.000000e-02
      vertex   -1.161808e-03 -2.278636e-02 -1.000000e-02
      vertex   -2.057460e-03 -2.357984e-02 -1.000000e-02
    endloop
  endfacet
  facet normal 0.000000e+00 0.000000e+00 1.000000e+00
    outer loop
      vertex   2.057460e-03 -2.357984e-02 -1.000000e-02
      vertex   -2.057460e-03 -2.357984e-02 -1.000000e-02
      vertex   2.481772e-03 -2.469866e-02 -1.000000e-02
    endloop
  endfacet
  facet normal 0.000000e+00 0.000000e+00 1.000000e+00
    outer loop
      vertex   2.481772e-03 -2.469866e-02 -1.000000e-02
      vertex   -2.057460e-03 -2.357984e-02 -1.000000e-02
      vertex   -2.481772e-03 -2.469866e-02 -1.000000e-02
    endloop
  endfacet
  facet normal 0.000000e+00 0.000000e+00 1.000000e+00
    outer loop
      vertex   2.481772e-03 -2.469866e-02 -1.000000e-02
      vertex   -2.481772e-03 -2.469866e-02 -1.000000e-02
      vertex   2.337541e-03 -2.588651e-02 -1.000000e-02
    endloop
  endfacet
  facet normal 0.000000e+00 0.000000e+00 1.000000e+00
    outer loop
      vertex   2.337541e-03 -2.588651e-02 -1.000000e-02
      vertex   -2.481772e-03 -2.469866e-02 -1.000000e-02
      vertex   -2.337541e-03 -2.588651e-02 -1.000000e-02
    endloop
  endfacet
  facet normal 0.000000e+00 0.000000e+00 1.000000e+00
    outer loop
      vertex   2.337541e-03 -2.588651e-02 -1.000000e-02
      vertex   -2.337541e-03 -2.588651e-02 -1.000000e-02
      vertex   1.657807e-03 -2.687128e-02 -1.000000e-02
    endloop
  endfacet
  facet normal 0.000000e+00 0.000000e+00 1.000000e+00
    outer loop
      vertex   1.657807e-03 -2.687128e-02 -1.000000e-02
      vertex   -2.337541e-03 -2.588651e-02 -1.000000e-02
      vertex   -1.657807e-03 -2.687128e-02 -1.000000e-02
    endloop
  endfacet
  facet normal 0.000000e+00 0.000000e+00 1.000000e+00
    outer loop
      vertex   1.657807e-03 -2.687128e-02 -1.000000e-02
      vertex   -1.657807e-03 -2.687128e-02 -1.000000e-02
      vertex   5.982892e-04 -2.742735e-02 -1.000000e-02
    endloop
  endfacet
  facet normal 0.000000e+00 0.000000e+00 1.000000e+00
    outer loop
      vertex   5.982892e-04 -2.742735e-02 -1.000000e-02
      vertex   -1.657807e-03 -2.687128e-02 -1.000000e-02
      vertex   -5.982892e-04 -2.742735e-02 -1.000000e-02
    endloop
  endfacet
  facet normal 0.000000e+00 0.000000e+00 1.000000e+00
    outer loop
      vertex   -2.250000e-02 3.061617e-19 -1.000000e-02
      vertex   -2.278636e-02 1.161808e-03 -1.000000e-02
      vertex   -2.278636e-02 -1.161808e-03 -1.000000e-02
    endloop
  endfacet
  facet normal 0.000000e+00 -0.000000e+00 1.000000e+00
    outer loop
      vertex   -2.278636e-02 -1.161808e-03 -1.000000e-02
      vertex   -2.278636e-02 1.161808e-03 -1.000000e-02
      vertex   -2.357984e-02 2.057460e-03 -1.000000e-02
    endloop
  endfacet
  facet normal 0.000000e+00 0.000000e+00 1.000000e+00
    outer loop
      vertex   -2.278636e-02 -1.161808e-03 -1.000000e-02
      vertex   -2.357984e-02 2.057460e-03 -1.000000e-02
      vertex   -2.357984e-02 -2.057460e-03 -1.000000e-02
    endloop
  endfacet
  facet normal 0.000000e+00 -0.000000e+00 1.000000e+00
    outer loop
      vertex   -2.357984e-02 -2.057460e-03 -1.000000e-02
      vertex   -2.357984e-02 2.057460e-03 -1.000000e-02
      vertex   -2.469866e-02 2.481772e-03 -1.000000e-02
    endloop
  endfacet
  facet normal 0.000000e+00 0.000000e+00 1.000000e+00
    outer loop
      vertex   -2.357984e-02 -2.057460e-03 -1.000000e-02
      vertex   -2.469866e-02 2.481772e-03 -1.000000e-02
      vertex   -2.469866e-02 -2.481772e-03 -1.000000e-02
    endloop
  endfacet
  facet normal 0.000000e+00 0.000000e+00 1.000000e+00
    outer loop
      vertex   -2.469866e-02 -2.481772e-03 -1.000000e-02
      vertex   -2.469866e-02 2.481772e-03 -1.000000e-02
      vertex   -2.588651e-02 2.337541e-03 -1.000000e-02
    endloop
  endfacet
  facet normal 0.000000e+00 0.000000e+00 1.000000e+00
    outer loop
      vertex   -2.469866e-02 -2.481772e-03 -1.000000e-02
      vertex   -2.588651e-02 2.337541e-03 -1.000000e-02
      vertex   -2.588651e-02 -2.337541e-03 -1.000000e-02
    endloop
  endfacet
  facet normal 0.000000e+00 -0.000000e+00 1.000000e+00
    outer loop
      vertex   -2.588651e-02 -2.337541e-03 -1.000000e-02
      vertex   -2.588651e-02 2.337541e-03 -1.000000e-02
      vertex   -2.687128e-02 1.657807e-03 -1.000000e-02
    endloop
  endfacet
  facet normal 0.000000e+00 0.000000e+00 1.000000e+00
    outer loop
      vertex   -2.588651e-02 -2.337541e-03 -1.000000e-02
      vertex   -2.687128e-02 1.657807e-03 -1.000000e-02
      vertex   -2.687128e-02 -1.657807e-03 -1.000000e-02
    endloop
  endfacet
  facet normal 0.000000e+00 -0.000000e+00 1.000000e+00
    outer loop
      vertex   -2.687128e-02 -1.657807e-03 -1.000000e-02
      vertex   -2.687128e-02 1.657807e-03 -1.000000e-02
      vertex   -2.742735e-02 5.982892e-04 -1.000000e-02
    endloop
  endfacet
  facet normal 0.000000e+00 0.000000e+00 1.000000e+00
    outer loop
      vertex   -2.687128e-02 -1.657807e-03 -1.000000e-02
      vertex   -2.742735e-02 5.982892e-04 -1.000000e-02
      vertex   -2.742735e-02 -5.982892e-04 -1.000000e-02
    endloop
  endfacet
  facet normal 0.000000e+00 -0.000000e+00 1.000000e+00
    outer loop
      vertex   -4.439345e-18 2.250000e-02 -1.000000e-02
      vertex   1.161808e-03 2.278636e-02 -1.000000e-02
      vertex   -1.161808e-03 2.278636e-02 -1.000000e-02
    endloop
  endfacet
  facet normal 0.000000e+00 -0.000000e+00 1.000000e+00
    outer loop
      vertex   -1.161808e-03 2.278636e-02 -1.000000e-02
      vertex   1.161808e-03 2.278636e-02 -1.000000e-02
      vertex   -2.057460e-03 2.357984e-02 -1.000000e-02
    endloop
  endfacet
  facet normal -0.000000e+00 0.000000e+00 1.000000e+00
    outer loop
      vertex   -2.057460e-03 2.357984e-02 -1.000000e-02
      vertex   1.161808e-03 2.278636e-02 -1.000000e-02
      vertex   2.057460e-03 2.357984e-02 -1.000000e-02
    endloop
  endfacet
  facet normal 0.000000e+00 -0.000000e+00 1.000000e+00
    outer loop
      vertex   -2.057460e-03 2.357984e-02 -1.000000e-02
      vertex   2.057460e-03 2.357984e-02 -1.000000e-02
      vertex   -2.481772e-03 2.469866e-02 -1.000000e-02
    endloop
  endfacet
  facet normal -0.000000e+00 0.000000e+00 1.000000e+00
    outer loop
      vertex   -2.481772e-03 2.469866e-02 -1.000000e-02
      vertex   2.057460e-03 2.357984e-02 -1.000000e-02
      vertex   2.481772e-03 2.469866e-02 -1.000000e-02
    endloop
  endfacet
  facet normal 0.000000e+00 0.000000e+00 1.000000e+00
    outer loop
      vertex   -2.481772e-03 2.469866e-02 -1.000000e-02
      vertex   2.481772e-03 2.469866e-02 -1.000000e-02
      vertex   -2.337541e-03 2.588651e-02 -1.000000e-02
    endloop
  endfacet
  facet normal -0.000000e+00 0.000000e+00 1.000000e+00
    outer loop
      vertex   -2.337541e-03 2.588651e-02 -1.000000e-02
      vertex   2.481772e-03 2.469866e-02 -1.000000e-02
      vertex   2.337541e-03 2.588651e-02 -1.000000e-02
    endloop
  endfacet
  facet normal 0.000000e+00 0.000000e+00 1.000000e+00
    outer loop
      vertex   -2.337541e-03 2.588651e-02 -1.000000e-02
      vertex   2.337541e-03 2.588651e-02 -1.000000e-02
      vertex   -1.657807e-03 2.687128e-02 -1.000000e-02
    endloop
  endfacet
  facet normal -0.000000e+00 0.000000e+00 1.000000e+00
    outer loop
      vertex   -1.657807e-03 2.687128e-02 -1.000000e-02
      vertex   2.337541e-03 2.588651e-02 -1.000000e-02
      vertex   1.657807e-03 2.687128e-02 -1.000000e-02
    endloop
  endfacet
  facet normal 0.000000e+00 0.000000e+00 1.000000e+00
    outer loop
      vertex   -1.657807e-03 2.687128e-02 -1.000000e-02
      vertex   1.657807e-03 2.687128e-02 -1.000000e-02
      vertex   -5.982892e-04 2.742735e-02 -1.000000e-02
    endloop
  endfacet
  facet normal -0.000000e+00 0.000000e+00 1.000000e+00
    outer loop
      vertex   -5.982892e-04 2.742735e-02 -1.000000e-02
      vertex   1.657807e-03 2.687128e-02 -1.000000e-02
      vertex   5.982892e-04 2.742735e-02 -1.000000e-02
    endloop
  endfacet
  facet normal 0.000000e+00 0.000000e+00 -1.000000e+00
    outer loop
      vertex   -2.568370e-02 -2.732394e-02 -4.000000e-02
      vertex   -2.205882e-02 3.032587e-02 -4.000000e-02
      vertex   -2.205882e-02 -3.032587e-02 -4.000000e-02
    endloop
  endfacet
  facet normal 0.000000e+00 0.000000e+00 -1.000000e+00
    outer loop
      vertex   -2.205882e-02 -3.032587e-02 -4.000000e-02
      vertex   -2.205882e-02 3.032587e-02 -4.000000e-02
      vertex   -2.095383e-02 3.143189e-02 -4.000000e-02
    endloop
  endfacet
  facet normal 0.000000e+00 0.000000e+00 -1.000000e+00
    outer loop
      vertex   -2.205882e-02 -3.032587e-02 -4.000000e-02
      vertex   -2.095383e-02 3.143189e-02 -4.000000e-02
      vertex   2.000000e-02 -3.172144e-02 -4.000000e-02
    endloop
  endfacet
  facet normal 0.000000e+00 0.000000e+00 -1.000000e+00
    outer loop
      vertex   2.000000e-02 -3.172144e-02 -4.000000e-02
      vertex   -2.095383e-02 3.143189e-02 -4.000000e-02
      vertex   2.095383e-02 3.143189e-02 -4.000000e-02
    endloop
  endfacet
  facet normal 0.000000e+00 0.000000e+00 -1.000000e+00
    outer loop
      vertex   2.000000e-02 -3.172144e-02 -4.000000e-02
      vertex   2.095383e-02 3.143189e-02 -4.000000e-02
      vertex   2.205882e-02 3.032587e-02 -4.000000e-02
    endloop
  endfacet
  facet normal 0.000000e+00 0.000000e+00 -1.000000e+00
    outer loop
      vertex   -2.205882e-02 3.032587e-02 -4.000000e-02
      vertex   -2.568370e-02 -2.732394e-02 -4.000000e-02
      vertex   -2.568370e-02 2.732394e-02 -4.000000e-02
    endloop
  endfacet
  facet normal 0.000000e+00 -0.000000e+00 -1.000000e+00
    outer loop
      vertex   -2.568370e-02 2.732394e-02 -4.000000e-02
      vertex   -2.568370e-02 -2.732394e-02 -4.000000e-02
      vertex   -2.890400e-02 -2.389161e-02 -4.000000e-02
    endloop
  endfacet
  facet normal 0.000000e+00 0.000000e+00 -1.000000e+00
    outer loop
      vertex   -2.568370e-02 2.732394e-02 -4.000000e-02
      vertex   -2.890400e-02 -2.389161e-02 -4.000000e-02
      vertex   -2.890400e-02 2.389161e-02 -4.000000e-02
    endloop
  endfacet
  facet normal 0.000000e+00 0.000000e+00 -1.000000e+00
    outer loop
      vertex   -2.890400e-02 2.389161e-02 -4.000000e-02
      vertex   -2.890400e-02 -2.389161e-02 -4.000000e-02
      vertex   -3.166900e-02 -2.008293e-02 -4.000000e-02
    endloop
  endfacet
  facet normal 0.000000e+00 0.000000e+00 -1.000000e+00
    outer loop
      vertex   -2.890400e-02 2.389161e-02 -4.000000e-02
      vertex   -3.166900e-02 -2.008293e-02 -4.000000e-02
      vertex   -3.166900e-02 2.008293e-02 -4.000000e-02
    endloop
  endfacet
  facet normal 0.000000e+00 0.000000e+00 -1.000000e+00
    outer loop
      vertex   -3.166900e-02 2.008293e-02 -4.000000e-02
      vertex   -3.166900e-02 -2.008293e-02 -4.000000e-02
      vertex   -3.393516e-02 -1.595791e-02 -4.000000e-02
    endloop
  endfacet
  facet normal 0.000000e+00 0.000000e+00 -1.000000e+00
    outer loop
      vertex   -3.166900e-02 2.008293e-02 -4.000000e-02
      vertex   -3.393516e-02 -1.595791e-02 -4.000000e-02
      vertex   -3.393516e-02 1.595791e-02 -4.000000e-02
    endloop
  endfacet
  facet normal 0.000000e+00 -0.000000e+00 -1.000000e+00
    outer loop
      vertex   -3.393516e-02 1.595791e-02 -4.000000e-02
      vertex   -3.393516e-02 -1.595791e-02 -4.000000e-02
      vertex   -3.566677e-02 -1.158152e-02 -4.000000e-02
    endloop
  endfacet
  facet normal 0.000000e+00 0.000000e+00 -1.000000e+00
    outer loop
      vertex   -3.393516e-02 1.595791e-02 -4.000000e-02
      vertex   -3.566677e-02 -1.158152e-02 -4.000000e-02
      vertex   -3.566677e-02 1.158152e-02 -4.000000e-02
    endloop
  endfacet
  facet normal 0.000000e+00 -0.000000e+00 -1.000000e+00
    outer loop
      vertex   -3.566677e-02 1.158152e-02 -4.000000e-02
      vertex   -3.566677e-02 -1.158152e-02 -4.000000e-02
      vertex   -3.683655e-02 -7.022700e-03 -4.000000e-02
    endloop
  endfacet
  facet normal 0.000000e+00 0.000000e+00 -1.000000e+00
    outer loop
      vertex   -3.566677e-02 1.158152e-02 -4.000000e-02
      vertex   -3.683655e-02 -7.022700e-03 -4.000000e-02
      vertex   -3.683655e-02 7.022700e-03 -4.000000e-02
    endloop
  endfacet
  facet normal 0.000000e+00 -0.000000e+00 -1.000000e+00
    outer loop
      vertex   -3.683655e-02 7.022700e-03 -4.000000e-02
      vertex   -3.683655e-02 -7.022700e-03 -4.000000e-02
      vertex   -3.742609e-02 -2.353256e-03 -4.000000e-02
    endloop
  endfacet
  facet normal 0.000000e+00 0.000000e+00 -1.000000e+00
    outer loop
      vertex   -3.683655e-02 7.022700e-03 -4.000000e-02
      vertex   -3.742609e-02 -2.353256e-03 -4.000000e-02
      vertex   -3.742609e-02 2.353256e-03 -4.000000e-02
    endloop
  endfacet
  facet normal 0.000000e+00 0.000000e+00 -1.000000e+00
    outer loop
      vertex   2.095383e-02 3.143189e-02 -4.000000e-02
      vertex   -2.095383e-02 3.143189e-02 -4.000000e-02
      vertex   2.024443e-02 3.282511e-02 -4.000000e-02
    endloop
  endfacet
  facet normal -0.000000e+00 0.000000e+00 -1.000000e+00
    outer loop
      vertex   2.024443e-02 3.282511e-02 -4.000000e-02
      vertex   -2.095383e-02 3.143189e-02 -4.000000e-02
      vertex   -2.024443e-02 3.282511e-02 -4.000000e-02
    endloop
  endfacet
  facet normal -2.541291e-29 -1.348053e-14 -1.000000e+00
    outer loop
      vertex   2.024443e-02 3.282511e-02 -4.000000e-02
      vertex   -2.024443e-02 3.282511e-02 -4.000000e-02
      vertex   2.000000e-02 3.436932e-02 -4.000000e-02
    endloop
  endfacet
  facet normal -5.204170e-16 8.237649e-17 -1.000000e+00
    outer loop
      vertex   2.000000e-02 3.436932e-02 -4.000000e-02
      vertex   -2.024443e-02 3.282511e-02 -4.000000e-02
      vertex   -2.000000e-02 3.436932e-02 -4.000000e-02
    endloop
  endfacet
  facet normal -5.204170e-16 0.000000e+00 -1.000000e+00
    outer loop
      vertex   2.000000e-02 3.436932e-02 -4.000000e-02
      vertex   -2.000000e-02 3.436932e-02 -4.000000e-02
      vertex   2.000000e-02 4.750000e-02 -4.000000e-02
    endloop
  endfacet
  facet normal -5.204170e-16 0.000000e+00 -1.000000e+00
    outer loop
      vertex   2.000000e-02 4.750000e-02 -4.000000e-02
      vertex   -2.000000e-02 3.436932e-02 -4.000000e-02
      vertex   -2.000000e-02 4.750000e-02 -4.000000e-02
    endloop
  endfacet
  facet normal 0.000000e+00 0.000000e+00 -1.000000e+00
    outer loop
      vertex   2.000000e-02 -3.172144e-02 -4.000000e-02
      vertex   2.205882e-02 3.032587e-02 -4.000000e-02
      vertex   2.370847e-02 -2.905441e-02 -4.000000e-02
    endloop
  endfacet
  facet normal 0.000000e+00 0.000000e+00 -1.000000e+00
    outer loop
      vertex   2.370847e-02 -2.905441e-02 -4.000000e-02
      vertex   2.205882e-02 3.032587e-02 -4.000000e-02
      vertex   2.558233e-02 2.741887e-02 -4.000000e-02
    endloop
  endfacet
  facet normal 0.000000e+00 0.000000e+00 -1.000000e+00
    outer loop
      vertex   2.370847e-02 -2.905441e-02 -4.000000e-02
      vertex   2.558233e-02 2.741887e-02 -4.000000e-02
      vertex   2.706515e-02 -2.595627e-02 -4.000000e-02
    endloop
  endfacet
  facet normal 0.000000e+00 0.000000e+00 -1.000000e+00
    outer loop
      vertex   2.706515e-02 -2.595627e-02 -4.000000e-02
      vertex   2.558233e-02 2.741887e-02 -4.000000e-02
      vertex   2.872626e-02 2.410502e-02 -4.000000e-02
    endloop
  endfacet
  facet normal 0.000000e+00 0.000000e+00 -1.000000e+00
    outer loop
      vertex   2.706515e-02 -2.595627e-02 -4.000000e-02
      vertex   2.872626e-02 2.410502e-02 -4.000000e-02
      vertex   3.002024e-02 -2.247299e-02 -4.000000e-02
    endloop
  endfacet
  facet normal 0.000000e+00 0.000000e+00 -1.000000e+00
    outer loop
      vertex   3.002024e-02 -2.247299e-02 -4.000000e-02
      vertex   2.872626e-02 2.410502e-02 -4.000000e-02
      vertex   3.144394e-02 2.043351e-02 -4.000000e-02
    endloop
  endfacet
  facet normal 0.000000e+00 0.000000e+00 -1.000000e+00
    outer loop
      vertex   3.002024e-02 -2.247299e-02 -4.000000e-02
      vertex   3.144394e-02 2.043351e-02 -4.000000e-02
      vertex   3.252989e-02 -1.865626e-02 -4.000000e-02
    endloop
  endfacet
  facet normal 0.000000e+00 0.000000e+00 -1.000000e+00
    outer loop
      vertex   3.252989e-02 -1.865626e-02 -4.000000e-02
      vertex   3.144394e-02 2.043351e-02 -4.000000e-02
      vertex   3.369506e-02 1.645882e-02 -4.000000e-02
    endloop
  endfacet
  facet normal 0.000000e+00 0.000000e+00 -1.000000e+00
    outer loop
      vertex   3.252989e-02 -1.865626e-02 -4.000000e-02
      vertex   3.369506e-02 1.645882e-02 -4.000000e-02
      vertex   3.455687e-02 -1.456271e-02 -4.000000e-02
    endloop
  endfacet
  facet normal 0.000000e+00 0.000000e+00 -1.000000e+00
    outer loop
      vertex   3.455687e-02 -1.456271e-02 -4.000000e-02
      vertex   3.369506e-02 1.645882e-02 -4.000000e-02
      vertex   3.544622e-02 1.223990e-02 -4.000000e-02
    endloop
  endfacet
  facet normal 0.000000e+00 0.000000e+00 -1.000000e+00
    outer loop
      vertex   3.455687e-02 -1.456271e-02 -4.000000e-02
      vertex   3.544622e-02 1.223990e-02 -4.000000e-02
      vertex   3.607110e-02 -1.025308e-02 -4.000000e-02
    endloop
  endfacet
  facet normal 0.000000e+00 0.000000e+00 -1.000000e+00
    outer loop
      vertex   3.607110e-02 -1.025308e-02 -4.000000e-02
      vertex   3.544622e-02 1.223990e-02 -4.000000e-02
      vertex   3.667144e-02 7.839373e-03 -4.000000e-02
    endloop
  endfacet
  facet normal 0.000000e+00 0.000000e+00 -1.000000e+00
    outer loop
      vertex   3.607110e-02 -1.025308e-02 -4.000000e-02
      vertex   3.667144e-02 7.839373e-03 -4.000000e-02
      vertex   3.705011e-02 -5.791317e-03 -4.000000e-02
    endloop
  endfacet
  facet normal 0.000000e+00 0.000000e+00 -1.000000e+00
    outer loop
      vertex   3.705011e-02 -5.791317e-03 -4.000000e-02
      vertex   3.667144e-02 7.839373e-03 -4.000000e-02
      vertex   3.735252e-02 3.322525e-03 -4.000000e-02
    endloop
  endfacet
  facet normal 0.000000e+00 0.000000e+00 -1.000000e+00
    outer loop
      vertex   3.705011e-02 -5.791317e-03 -4.000000e-02
      vertex   3.735252e-02 3.322525e-03 -4.000000e-02
      vertex   3.747937e-02 -1.243622e-03 -4.000000e-02
    endloop
  endfacet
  facet normal -3.618079e-17 1.319302e-15 -1.000000e+00
    outer loop
      vertex   2.000000e-02 -4.750000e-02 -4.000000e-02
      vertex   -2.024443e-02 -3.282511e-02 -4.000000e-02
      vertex   2.000000e-02 -3.172144e-02 -4.000000e-02
    endloop
  endfacet
  facet normal -0.000000e+00 0.000000e+00 -1.000000e+00
    outer loop
      vertex   2.000000e-02 -3.172144e-02 -4.000000e-02
      vertex   -2.024443e-02 -3.282511e-02 -4.000000e-02
      vertex   -2.095383e-02 -3.143189e-02 -4.000000e-02
    endloop
  endfacet
  facet normal 0.000000e+00 0.000000e+00 -1.000000e+00
    outer loop
      vertex   2.000000e-02 -3.172144e-02 -4.000000e-02
      vertex   -2.095383e-02 -3.143189e-02 -4.000000e-02
      vertex   -2.205882e-02 -3.032587e-02 -4.000000e-02
    endloop
  endfacet
  facet normal -5.204170e-16 0.000000e+00 -1.000000e+00
    outer loop
      vertex   -2.000000e-02 -4.750000e-02 -4.000000e-02
      vertex   -2.000000e-02 -3.436932e-02 -4.000000e-02
      vertex   2.000000e-02 -4.750000e-02 -4.000000e-02
    endloop
  endfacet
  facet normal -5.489407e-16 -8.689148e-17 -1.000000e+00
    outer loop
      vertex   2.000000e-02 -4.750000e-02 -4.000000e-02
      vertex   -2.000000e-02 -3.436932e-02 -4.000000e-02
      vertex   -2.024443e-02 -3.282511e-02 -4.000000e-02
    endloop
  endfacet
  facet normal 0.000000e+00 0.000000e+00 1.000000e+00
    outer loop
      vertex   1.500000e-02 -3.976493e-02 -2.200000e-02
      vertex   1.012198e-02 -4.127706e-02 -2.200000e-02
      vertex   1.500000e-02 -6.250000e-02 -2.200000e-02
    endloop
  endfacet
  facet normal 0.000000e+00 0.000000e+00 1.000000e+00
    outer loop
      vertex   1.500000e-02 -6.250000e-02 -2.200000e-02
      vertex   1.012198e-02 -4.127706e-02 -2.200000e-02
      vertex   5.097793e-03 -4.219316e-02 -2.200000e-02
    endloop
  endfacet
  facet normal 0.000000e+00 0.000000e+00 1.000000e+00
    outer loop
      vertex   1.500000e-02 -6.250000e-02 -2.200000e-02
      vertex   5.097793e-03 -4.219316e-02 -2.200000e-02
      vertex   1.203927e-17 -4.250000e-02 -2.200000e-02
    endloop
  endfacet
  facet normal 0.000000e+00 0.000000e+00 1.000000e+00
    outer loop
      vertex   1.500000e-02 -6.250000e-02 -2.200000e-02
      vertex   1.203927e-17 -4.250000e-02 -2.200000e-02
      vertex   -1.500000e-02 -6.250000e-02 -2.200000e-02
    endloop
  endfacet
  facet normal 0.000000e+00 0.000000e+00 1.000000e+00
    outer loop
      vertex   -1.500000e-02 -6.250000e-02 -2.200000e-02
      vertex   1.203927e-17 -4.250000e-02 -2.200000e-02
      vertex   -5.097793e-03 -4.219316e-02 -2.200000e-02
    endloop
  endfacet
  facet normal 0.000000e+00 0.000000e+00 1.000000e+00
    outer loop
      vertex   -1.500000e-02 -6.250000e-02 -2.200000e-02
      vertex   -5.097793e-03 -4.219316e-02 -2.200000e-02
      vertex   -1.012198e-02 -4.127706e-02 -2.200000e-02
    endloop
  endfacet
  facet normal 0.000000e+00 0.000000e+00 1.000000e+00
    outer loop
      vertex   -1.012198e-02 -4.127706e-02 -2.200000e-02
      vertex   -1.500000e-02 -3.976493e-02 -2.200000e-02
      vertex   -1.500000e-02 -6.250000e-02 -2.200000e-02
    endloop
  endfacet
  facet normal 9.848078e-01 0.000000e+00 -1.736482e-01
    outer loop
      vertex   -4.698463e-03 -4.750000e-02 -7.828990e-02
      vertex   -4.698463e-03 -6.750000e-02 -7.828990e-02
      vertex   -5.000000e-03 -4.750000e-02 -8.000000e-02
    endloop
  endfacet
  facet normal 9.848078e-01 0.000000e+00 -1.736482e-01
    outer loop
      vertex   -5.000000e-03 -4.750000e-02 -8.000000e-02
      vertex   -4.698463e-03 -6.750000e-02 -7.828990e-02
      vertex   -5.000000e-03 -6.750000e-02 -8.000000e-02
    endloop
  endfacet
  facet normal 9.848078e-01 0.000000e+00 1.736482e-01
    outer loop
      vertex   -5.000000e-03 -4.750000e-02 -8.000000e-02
      vertex   -5.000000e-03 -6.750000e-02 -8.000000e-02
      vertex   -4.698463e-03 -4.750000e-02 -8.171010e-02
    endloop
  endfacet
  facet normal 9.848078e-01 0.000000e+00 1.736482e-01
    outer loop
      vertex   -4.698463e-03 -4.750000e-02 -8.171010e-02
      vertex   -5.000000e-03 -6.750000e-02 -8.000000e-02
      vertex   -4.698463e-03 -6.750000e-02 -8.171010e-02
    endloop
  endfacet
  facet normal 8.660254e-01 0.000000e+00 5.000000e-01
    outer loop
      vertex   -4.698463e-03 -4.750000e-02 -8.171010e-02
      vertex   -4.698463e-03 -6.750000e-02 -8.171010e-02
      vertex   -3.830222e-03 -4.750000e-02 -8.321394e-02
    endloop
  endfacet
  facet normal 8.660254e-01 0.000000e+00 5.000000e-01
    outer loop
      vertex   -3.830222e-03 -4.750000e-02 -8.321394e-02
      vertex   -4.698463e-03 -6.750000e-02 -8.171010e-02
      vertex   -3.830222e-03 -6.750000e-02 -8.321394e-02
    endloop
  endfacet
  facet normal 6.427876e-01 0.000000e+00 7.660444e-01
    outer loop
      vertex   -3.830222e-03 -4.750000e-02 -8.321394e-02
      vertex   -3.830222e-03 -6.750000e-02 -8.321394e-02
      vertex   -2.500000e-03 -4.750000e-02 -8.433013e-02
    endloop
  endfacet
  facet normal 6.427876e-01 0.000000e+00 7.660444e-01
    outer loop
      vertex   -2.500000e-03 -4.750000e-02 -8.433013e-02
      vertex   -3.830222e-03 -6.750000e-02 -8.321394e-02
      vertex   -2.500000e-03 -6.750000e-02 -8.433013e-02
    endloop
  endfacet
  facet normal 3.420201e-01 0.000000e+00 9.396926e-01
    outer loop
      vertex   -2.500000e-03 -4.750000e-02 -8.433013e-02
      vertex   -2.500000e-03 -6.750000e-02 -8.433013e-02
      vertex   -8.682409e-04 -4.750000e-02 -8.492404e-02
    endloop
  endfacet
  facet normal 3.420201e-01 0.000000e+00 9.396926e-01
    outer loop
      vertex   -8.682409e-04 -4.750000e-02 -8.492404e-02
      vertex   -2.500000e-03 -6.750000e-02 -8.433013e-02
      vertex   -8.682409e-04 -6.750000e-02 -8.492404e-02
    endloop
  endfacet
  facet normal -0.000000e+00 0.000000e+00 1.000000e+00
    outer loop
      vertex   -8.682409e-04 -4.750000e-02 -8.492404e-02
      vertex   -8.682409e-04 -6.750000e-02 -8.492404e-02
      vertex   8.682409e-04 -4.750000e-02 -8.492404e-02
    endloop
  endfacet
  facet normal 0.000000e+00 0.000000e+00 1.000000e+00
    outer loop
      vertex   8.682409e-04 -4.750000e-02 -8.492404e-02
      vertex   -8.682409e-04 -6.750000e-02 -8.492404e-02
      vertex   8.682409e-04 -6.750000e-02 -8.492404e-02
    endloop
  endfacet
  facet normal -3.420201e-01 0.000000e+00 9.396926e-01
    outer loop
      vertex   8.682409e-04 -4.750000e-02 -8.492404e-02
      vertex   8.682409e-04 -6.750000e-02 -8.492404e-02
      vertex   2.500000e-03 -4.750000e-02 -8.433013e-02
    endloop
  endfacet
  facet normal -3.420201e-01 0.000000e+00 9.396926e-01
    outer loop
      vertex   2.500000e-03 -4.750000e-02 -8.433013e-02
      vertex   8.682409e-04 -6.750000e-02 -8.492404e-02
      vertex   2.500000e-03 -6.750000e-02 -8.433013e-02
    endloop
  endfacet
  facet normal -6.427876e-01 0.000000e+00 7.660444e-01
    outer loop
      vertex   2.500000e-03 -4.750000e-02 -8.433013e-02
      vertex   2.500000e-03 -6.750000e-02 -8.433013e-02
      vertex   3.830222e-03 -4.750000e-02 -8.321394e-02
    endloop
  endfacet
  facet normal -6.427876e-01 0.000000e+00 7.660444e-01
    outer loop
      vertex   3.830222e-03 -4.750000e-02 -8.321394e-02
      vertex   2.500000e-03 -6.750000e-02 -8.433013e-02
      vertex   3.830222e-03 -6.750000e-02 -8.321394e-02
    endloop
  endfacet
  facet normal -8.660254e-01 0.000000e+00 5.000000e-01
    outer loop
      vertex   3.830222e-03 -4.750000e-02 -8.321394e-02
      vertex   3.830222e-03 -6.750000e-02 -8.321394e-02
      vertex   4.698463e-03 -4.750000e-02 -8.171010e-02
    endloop
  endfacet
  facet normal -8.660254e-01 0.000000e+00 5.000000e-01
    outer loop
      vertex   4.698463e-03 -4.750000e-02 -8.171010e-02
      vertex   3.830222e-03 -6.750000e-02 -8.321394e-02
      vertex   4.698463e-03 -6.750000e-02 -8.171010e-02
    endloop
  endfacet
  facet normal -9.848078e-01 0.000000e+00 1.736482e-01
    outer loop
      vertex   4.698463e-03 -4.750000e-02 -8.171010e-02
      vertex   4.698463e-03 -6.750000e-02 -8.171010e-02
      vertex   5.000000e-03 -4.750000e-02 -8.000000e-02
    endloop
  endfacet
  facet normal -9.848078e-01 0.000000e+00 1.736482e-01
    outer loop
      vertex   5.000000e-03 -4.750000e-02 -8.000000e-02
      vertex   4.698463e-03 -6.750000e-02 -8.171010e-02
      vertex   5.000000e-03 -6.750000e-02 -8.000000e-02
    endloop
  endfacet
  facet normal -9.848078e-01 -0.000000e+00 -1.736482e-01
    outer loop
      vertex   5.000000e-03 -4.750000e-02 -8.000000e-02
      vertex   5.000000e-03 -6.750000e-02 -8.000000e-02
      vertex   4.698463e-03 -4.750000e-02 -7.828990e-02
    endloop
  endfacet
  facet normal -9.848078e-01 -0.000000e+00 -1.736482e-01
    outer loop
      vertex   4.698463e-03 -4.750000e-02 -7.828990e-02
      vertex   5.000000e-03 -6.750000e-02 -8.000000e-02
      vertex   4.698463e-03 -6.750000e-02 -7.828990e-02
    endloop
  endfacet
  facet normal -8.660254e-01 -0.000000e+00 -5.000000e-01
    outer loop
      vertex   4.698463e-03 -4.750000e-02 -7.828990e-02
      vertex   4.698463e-03 -6.750000e-02 -7.828990e-02
      vertex   3.830222e-03 -4.750000e-02 -7.678606e-02
    endloop
  endfacet
  facet normal -8.660254e-01 -0.000000e+00 -5.000000e-01
    outer loop
      vertex   3.830222e-03 -4.750000e-02 -7.678606e-02
      vertex   4.698463e-03 -6.750000e-02 -7.828990e-02
      vertex   3.830222e-03 -6.750000e-02 -7.678606e-02
    endloop
  endfacet
  facet normal -6.427876e-01 -0.000000e+00 -7.660444e-01
    outer loop
      vertex   3.830222e-03 -4.750000e-02 -7.678606e-02
      vertex   3.830222e-03 -6.750000e-02 -7.678606e-02
      vertex   2.500000e-03 -4.750000e-02 -7.566987e-02
    endloop
  endfacet
  facet normal -6.427876e-01 -0.000000e+00 -7.660444e-01
    outer loop
      vertex   2.500000e-03 -4.750000e-02 -7.566987e-02
      vertex   3.830222e-03 -6.750000e-02 -7.678606e-02
      vertex   2.500000e-03 -6.750000e-02 -7.566987e-02
    endloop
  endfacet
  facet normal -3.420201e-01 -0.000000e+00 -9.396926e-01
    outer loop
      vertex   2.500000e-03 -4.750000e-02 -7.566987e-02
      vertex   2.500000e-03 -6.750000e-02 -7.566987e-02
      vertex   8.682409e-04 -4.750000e-02 -7.507596e-02
    endloop
  endfacet
  facet normal -3.420201e-01 -0.000000e+00 -9.396926e-01
    outer loop
      vertex   8.682409e-04 -4.750000e-02 -7.507596e-02
      vertex   2.500000e-03 -6.750000e-02 -7.566987e-02
      vertex   8.682409e-04 -6.750000e-02 -7.507596e-02
    endloop
  endfacet
  facet normal -0.000000e+00 -0.000000e+00 -1.000000e+00
    outer loop
      vertex   8.682409e-04 -4.750000e-02 -7.507596e-02
      vertex   8.682409e-04 -6.750000e-02 -7.507596e-02
      vertex   -8.682409e-04 -4.750000e-02 -7.507596e-02
    endloop
  endfacet
  facet normal 0.000000e+00 0.000000e+00 -1.000000e+00
    outer loop
      vertex   -8.682409e-04 -4.750000e-02 -7.507596e-02
      vertex   8.682409e-04 -6.750000e-02 -7.507596e-02
      vertex   -8.682409e-04 -6.750000e-02 -7.507596e-02
    endloop
  endfacet
  facet normal 3.420201e-01 0.000000e+00 -9.396926e-01
    outer loop
      vertex   -8.682409e-04 -4.750000e-02 -7.507596e-02
      vertex   -8.682409e-04 -6.750000e-02 -7.507596e-02
      vertex   -2.500000e-03 -4.750000e-02 -7.566987e-02
    endloop
  endfacet
  facet normal 3.420201e-01 0.000000e+00 -9.396926e-01
    outer loop
      vertex   -2.500000e-03 -4.750000e-02 -7.566987e-02
      vertex   -8.682409e-04 -6.750000e-02 -7.507596e-02
      vertex   -2.500000e-03 -6.750000e-02 -7.566987e-02
    endloop
  endfacet
  facet normal 6.427876e-01 0.000000e+00 -7.660444e-01
    outer loop
      vertex   -2.500000e-03 -4.750000e-02 -7.566987e-02
      vertex   -2.500000e-03 -6.750000e-02 -7.566987e-02
      vertex   -3.830222e-03 -4.750000e-02 -7.678606e-02
    endloop
  endfacet
  facet normal 6.427876e-01 0.000000e+00 -7.660444e-01
    outer loop
      vertex   -3.830222e-03 -4.750000e-02 -7.678606e-02
      vertex   -2.500000e-03 -6.750000e-02 -7.566987e-02
      vertex   -3.830222e-03 -6.750000e-02 -7.678606e-02
    endloop
  endfacet
  facet normal 8.660254e-01 0.000000e+00 -5.000000e-01
    outer loop
      vertex   -3.830222e-03 -4.750000e-02 -7.678606e-02
      vertex   -3.830222e-03 -6.750000e-02 -7.678606e-02
      vertex   -4.698463e-03 -4.750000e-02 -7.828990e-02
    endloop
  endfacet
  facet normal 8.660254e-01 0.000000e+00 -5.000000e-01
    outer loop
      vertex   -4.698463e-03 -4.750000e-02 -7.828990e-02
      vertex   -3.830222e-03 -6.750000e-02 -7.678606e-02
      vertex   -4.698463e-03 -6.750000e-02 -7.828990e-02
    endloop
  endfacet
  facet normal -9.848078e-01 -4.270923e-17 1.736482e-01
    outer loop
      vertex   4.698463e-03 6.750000e-02 -8.171010e-02
      vertex   4.698463e-03 4.750000e-02 -8.171010e-02
      vertex   5.000000e-03 6.750000e-02 -8.000000e-02
    endloop
  endfacet
  facet normal -9.848078e-01 0.000000e+00 1.736482e-01
    outer loop
      vertex   5.000000e-03 6.750000e-02 -8.000000e-02
      vertex   4.698463e-03 4.750000e-02 -8.171010e-02
      vertex   5.000000e-03 4.750000e-02 -8.000000e-02
    endloop
  endfacet
  facet normal -9.848078e-01 -0.000000e+00 -1.736482e-01
    outer loop
      vertex   5.000000e-03 6.750000e-02 -8.000000e-02
      vertex   5.000000e-03 4.750000e-02 -8.000000e-02
      vertex   4.698463e-03 6.750000e-02 -7.828990e-02
    endloop
  endfacet
  facet normal -9.848078e-01 4.270923e-17 -1.736482e-01
    outer loop
      vertex   4.698463e-03 6.750000e-02 -7.828990e-02
      vertex   5.000000e-03 4.750000e-02 -8.000000e-02
      vertex   4.698463e-03 4.750000e-02 -7.828990e-02
    endloop
  endfacet
  facet normal -8.660254e-01 3.755786e-17 -5.000000e-01
    outer loop
      vertex   4.698463e-03 6.750000e-02 -7.828990e-02
      vertex   4.698463e-03 4.750000e-02 -7.828990e-02
      vertex   3.830222e-03 6.750000e-02 -7.678606e-02
    endloop
  endfacet
  facet normal -8.660254e-01 -0.000000e+00 -5.000000e-01
    outer loop
      vertex   3.830222e-03 6.750000e-02 -7.678606e-02
      vertex   4.698463e-03 4.750000e-02 -7.828990e-02
      vertex   3.830222e-03 4.750000e-02 -7.678606e-02
    endloop
  endfacet
  facet normal -6.427876e-01 -0.000000e+00 -7.660444e-01
    outer loop
      vertex   3.830222e-03 6.750000e-02 -7.678606e-02
      vertex   3.830222e-03 4.750000e-02 -7.678606e-02
      vertex   2.500000e-03 6.750000e-02 -7.566987e-02
    endloop
  endfacet
  facet normal -6.427876e-01 -2.787647e-17 -7.660444e-01
    outer loop
      vertex   2.500000e-03 6.750000e-02 -7.566987e-02
      vertex   3.830222e-03 4.750000e-02 -7.678606e-02
      vertex   2.500000e-03 4.750000e-02 -7.566987e-02
    endloop
  endfacet
  facet normal -3.420201e-01 -1.483276e-17 -9.396926e-01
    outer loop
      vertex   2.500000e-03 6.750000e-02 -7.566987e-02
      vertex   2.500000e-03 4.750000e-02 -7.566987e-02
      vertex   8.682409e-04 6.750000e-02 -7.507596e-02
    endloop
  endfacet
  facet normal -3.420201e-01 1.668685e-17 -9.396926e-01
    outer loop
      vertex   8.682409e-04 6.750000e-02 -7.507596e-02
      vertex   2.500000e-03 4.750000e-02 -7.566987e-02
      vertex   8.682409e-04 4.750000e-02 -7.507596e-02
    endloop
  endfacet
  facet normal -0.000000e+00 0.000000e+00 -1.000000e+00
    outer loop
      vertex   8.682409e-04 6.750000e-02 -7.507596e-02
      vertex   8.682409e-04 4.750000e-02 -7.507596e-02
      vertex   -8.682409e-04 6.750000e-02 -7.507596e-02
    endloop
  endfacet
  facet normal 0.000000e+00 0.000000e+00 -1.000000e+00
    outer loop
      vertex   -8.682409e-04 6.750000e-02 -7.507596e-02
      vertex   8.682409e-04 4.750000e-02 -7.507596e-02
      vertex   -8.682409e-04 4.750000e-02 -7.507596e-02
    endloop
  endfacet
  facet normal 3.420201e-01 2.039504e-17 -9.396926e-01
    outer loop
      vertex   -8.682409e-04 6.750000e-02 -7.507596e-02
      vertex   -8.682409e-04 4.750000e-02 -7.507596e-02
      vertex   -2.500000e-03 6.750000e-02 -7.566987e-02
    endloop
  endfacet
  facet normal 3.420201e-01 -3.708190e-17 -9.396926e-01
    outer loop
      vertex   -2.500000e-03 6.750000e-02 -7.566987e-02
      vertex   -8.682409e-04 4.750000e-02 -7.507596e-02
      vertex   -2.500000e-03 4.750000e-02 -7.566987e-02
    endloop
  endfacet
  facet normal 6.427876e-01 -6.969117e-17 -7.660444e-01
    outer loop
      vertex   -2.500000e-03 6.750000e-02 -7.566987e-02
      vertex   -2.500000e-03 4.750000e-02 -7.566987e-02
      vertex   -3.830222e-03 6.750000e-02 -7.678606e-02
    endloop
  endfacet
  facet normal 6.427876e-01 0.000000e+00 -7.660444e-01
    outer loop
      vertex   -3.830222e-03 6.750000e-02 -7.678606e-02
      vertex   -2.500000e-03 4.750000e-02 -7.566987e-02
      vertex   -3.830222e-03 4.750000e-02 -7.678606e-02
    endloop
  endfacet
  facet normal 8.660254e-01 0.000000e+00 -5.000000e-01
    outer loop
      vertex   -3.830222e-03 6.750000e-02 -7.678606e-02
      vertex   -3.830222e-03 4.750000e-02 -7.678606e-02
      vertex   -4.698463e-03 6.750000e-02 -7.828990e-02
    endloop
  endfacet
  facet normal 8.660254e-01 0.000000e+00 -5.000000e-01
    outer loop
      vertex   -4.698463e-03 6.750000e-02 -7.828990e-02
      vertex   -3.830222e-03 4.750000e-02 -7.678606e-02
      vertex   -4.698463e-03 4.750000e-02 -7.828990e-02
    endloop
  endfacet
  facet normal 9.848078e-01 0.000000e+00 -1.736482e-01
    outer loop
      vertex   -4.698463e-03 6.750000e-02 -7.828990e-02
      vertex   -4.698463e-03 4.750000e-02 -7.828990e-02
      vertex   -5.000000e-03 6.750000e-02 -8.000000e-02
    endloop
  endfacet
  facet normal 9.848078e-01 0.000000e+00 -1.736482e-01
    outer loop
      vertex   -5.000000e-03 6.750000e-02 -8.000000e-02
      vertex   -4.698463e-03 4.750000e-02 -7.828990e-02
      vertex   -5.000000e-03 4.750000e-02 -8.000000e-02
    endloop
  endfacet
  facet normal 9.848078e-01 0.000000e+00 1.736482e-01
    outer loop
      vertex   -5.000000e-03 6.750000e-02 -8.000000e-02
      vertex   -5.000000e-03 4.750000e-02 -8.000000e-02
      vertex   -4.698463e-03 6.750000e-02 -8.171010e-02
    endloop
  endfacet
  facet normal 9.848078e-01 4.270923e-17 1.736482e-01
    outer loop
      vertex   -4.698463e-03 6.750000e-02 -8.171010e-02
      vertex   -5.000000e-03 4.750000e-02 -8.000000e-02
      vertex   -4.698463e-03 4.750000e-02 -8.171010e-02
    endloop
  endfacet
  facet normal 8.660254e-01 3.755786e-17 5.000000e-01
    outer loop
      vertex   -4.698463e-03 6.750000e-02 -8.171010e-02
      vertex   -4.698463e-03 4.750000e-02 -8.171010e-02
      vertex   -3.830222e-03 6.750000e-02 -8.321394e-02
    endloop
  endfacet
  facet normal 8.660254e-01 1.877893e-17 5.000000e-01
    outer loop
      vertex   -3.830222e-03 6.750000e-02 -8.321394e-02
      vertex   -4.698463e-03 4.750000e-02 -8.171010e-02
      vertex   -3.830222e-03 4.750000e-02 -8.321394e-02
    endloop
  endfacet
  facet normal 6.427876e-01 1.393823e-17 7.660444e-01
    outer loop
      vertex   -3.830222e-03 6.750000e-02 -8.321394e-02
      vertex   -3.830222e-03 4.750000e-02 -8.321394e-02
      vertex   -2.500000e-03 6.750000e-02 -8.433013e-02
    endloop
  endfacet
  facet normal 6.427876e-01 4.181470e-17 7.660444e-01
    outer loop
      vertex   -2.500000e-03 6.750000e-02 -8.433013e-02
      vertex   -3.830222e-03 4.750000e-02 -8.321394e-02
      vertex   -2.500000e-03 4.750000e-02 -8.433013e-02
    endloop
  endfacet
  facet normal 3.420201e-01 2.224914e-17 9.396926e-01
    outer loop
      vertex   -2.500000e-03 6.750000e-02 -8.433013e-02
      vertex   -2.500000e-03 4.750000e-02 -8.433013e-02
      vertex   -8.682409e-04 6.750000e-02 -8.492404e-02
    endloop
  endfacet
  facet normal 3.420201e-01 1.854095e-18 9.396926e-01
    outer loop
      vertex   -8.682409e-04 6.750000e-02 -8.492404e-02
      vertex   -2.500000e-03 4.750000e-02 -8.433013e-02
      vertex   -8.682409e-04 4.750000e-02 -8.492404e-02
    endloop
  endfacet
  facet normal -0.000000e+00 0.000000e+00 1.000000e+00
    outer loop
      vertex   -8.682409e-04 6.750000e-02 -8.492404e-02
      vertex   -8.682409e-04 4.750000e-02 -8.492404e-02
      vertex   8.682409e-04 6.750000e-02 -8.492404e-02
    endloop
  endfacet
  facet normal 0.000000e+00 0.000000e+00 1.000000e+00
    outer loop
      vertex   8.682409e-04 6.750000e-02 -8.492404e-02
      vertex   -8.682409e-04 4.750000e-02 -8.492404e-02
      vertex   8.682409e-04 4.750000e-02 -8.492404e-02
    endloop
  endfacet
  facet normal -3.420201e-01 -3.893599e-17 9.396926e-01
    outer loop
      vertex   8.682409e-04 6.750000e-02 -8.492404e-02
      vertex   8.682409e-04 4.750000e-02 -8.492404e-02
      vertex   2.500000e-03 6.750000e-02 -8.433013e-02
    endloop
  endfacet
  facet normal -3.420201e-01 2.224914e-17 9.396926e-01
    outer loop
      vertex   2.500000e-03 6.750000e-02 -8.433013e-02
      vertex   8.682409e-04 4.750000e-02 -8.492404e-02
      vertex   2.500000e-03 4.750000e-02 -8.433013e-02
    endloop
  endfacet
  facet normal -6.427876e-01 4.181470e-17 7.660444e-01
    outer loop
      vertex   2.500000e-03 6.750000e-02 -8.433013e-02
      vertex   2.500000e-03 4.750000e-02 -8.433013e-02
      vertex   3.830222e-03 6.750000e-02 -8.321394e-02
    endloop
  endfacet
  facet normal -6.427876e-01 -2.787647e-17 7.660444e-01
    outer loop
      vertex   3.830222e-03 6.750000e-02 -8.321394e-02
      vertex   2.500000e-03 4.750000e-02 -8.433013e-02
      vertex   3.830222e-03 4.750000e-02 -8.321394e-02
    endloop
  endfacet
  facet normal -8.660254e-01 -3.755786e-17 5.000000e-01
    outer loop
      vertex   3.830222e-03 6.750000e-02 -8.321394e-02
      vertex   3.830222e-03 4.750000e-02 -8.321394e-02
      vertex   4.698463e-03 6.750000e-02 -8.171010e-02
    endloop
  endfacet
  facet normal -8.660254e-01 -3.755786e-17 5.000000e-01
    outer loop
      vertex   4.698463e-03 6.750000e-02 -8.171010e-02
      vertex   3.830222e-03 4.750000e-02 -8.321394e-02
      vertex   4.698463e-03 4.750000e-02 -8.171010e-02
    endloop
  endfacet
  facet normal 0.000000e+00 -1.000000e+00 0.000000e+00
    outer loop
      vertex   -2.000000e-02 4.750000e-02 -4.000000e-02
      vertex   -2.000000e-02 4.750000e-02 -4.827856e-02
      vertex   2.000000e-02 4.750000e-02 -4.000000e-02
    endloop
  endfacet
  facet normal 0.000000e+00 -1.000000e+00 0.000000e+00
    outer loop
      vertex   2.000000e-02 4.750000e-02 -4.000000e-02
      vertex   -2.000000e-02 4.750000e-02 -4.827856e-02
      vertex   2.000000e-02 4.750000e-02 -4.827856e-02
    endloop
  endfacet
  facet normal 0.000000e+00 -1.000000e+00 0.000000e+00
    outer loop
      vertex   2.000000e-02 4.750000e-02 -4.827856e-02
      vertex   -2.000000e-02 4.750000e-02 -4.827856e-02
      vertex   8.682409e-04 4.750000e-02 -7.507596e-02
    endloop
  endfacet
  facet normal 0.000000e+00 -1.000000e+00 0.000000e+00
    outer loop
      vertex   2.000000e-02 4.750000e-02 -4.827856e-02
      vertex   8.682409e-04 4.750000e-02 -7.507596e-02
      vertex   2.500000e-03 4.750000e-02 -7.566987e-02
    endloop
  endfacet
  facet normal 0.000000e+00 -1.000000e+00 0.000000e+00
    outer loop
      vertex   -2.382221e-02 4.750000e-02 -5.103878e-02
      vertex   -2.500000e-03 4.750000e-02 -7.566987e-02
      vertex   -2.000000e-02 4.750000e-02 -4.827856e-02
    endloop
  endfacet
  facet normal 0.000000e+00 -1.000000e+00 0.000000e+00
    outer loop
      vertex   -2.000000e-02 4.750000e-02 -4.827856e-02
      vertex   -2.500000e-03 4.750000e-02 -7.566987e-02
      vertex   -8.682409e-04 4.750000e-02 -7.507596e-02
    endloop
  endfacet
  facet normal 0.000000e+00 -1.000000e+00 0.000000e+00
    outer loop
      vertex   -2.000000e-02 4.750000e-02 -4.827856e-02
      vertex   -8.682409e-04 4.750000e-02 -7.507596e-02
      vertex   8.682409e-04 4.750000e-02 -7.507596e-02
    endloop
  endfacet
  facet normal -0.000000e+00 -1.000000e+00 0.000000e+00
    outer loop
      vertex   -2.500000e-03 4.750000e-02 -7.566987e-02
      vertex   -2.382221e-02 4.750000e-02 -5.103878e-02
      vertex   -3.830222e-03 4.750000e-02 -7.678606e-02
    endloop
  endfacet
  facet normal 0.000000e+00 -1.000000e+00 0.000000e+00
    outer loop
      vertex   -3.830222e-03 4.750000e-02 -7.678606e-02
      vertex   -2.382221e-02 4.750000e-02 -5.103878e-02
      vertex   -2.726788e-02 4.750000e-02 -5.425679e-02
    endloop
  endfacet
  facet normal 0.000000e+00 -1.000000e+00 0.000000e+00
    outer loop
      vertex   -3.830222e-03 4.750000e-02 -7.678606e-02
      vertex   -2.726788e-02 4.750000e-02 -5.425679e-02
      vertex   -3.028252e-02 4.750000e-02 -5.788171e-02
    endloop
  endfacet
  facet normal 0.000000e+00 -1.000000e+00 -0.000000e+00
    outer loop
      vertex   -3.028252e-02 4.750000e-02 -5.788171e-02
      vertex   -3.281851e-02 4.750000e-02 -6.185625e-02
      vertex   -3.830222e-03 4.750000e-02 -7.678606e-02
    endloop
  endfacet
  facet normal -0.000000e+00 -1.000000e+00 0.000000e+00
    outer loop
      vertex   -3.830222e-03 4.750000e-02 -7.678606e-02
      vertex   -3.281851e-02 4.750000e-02 -6.185625e-02
      vertex   -4.698463e-03 4.750000e-02 -7.828990e-02
    endloop
  endfacet
  facet normal 0.000000e+00 -1.000000e+00 0.000000e+00
    outer loop
      vertex   -4.698463e-03 4.750000e-02 -7.828990e-02
      vertex   -3.281851e-02 4.750000e-02 -6.185625e-02
      vertex   -3.483574e-02 4.750000e-02 -6.611758e-02
    endloop
  endfacet
  facet normal 0.000000e+00 -1.000000e+00 0.000000e+00
    outer loop
      vertex   -4.698463e-03 4.750000e-02 -7.828990e-02
      vertex   -3.483574e-02 4.750000e-02 -6.611758e-02
      vertex   -3.630233e-02 4.750000e-02 -7.059835e-02
    endloop
  endfacet
  facet normal -0.000000e+00 -1.000000e+00 0.000000e+00
    outer loop
      vertex   -4.698463e-03 4.750000e-02 -7.828990e-02
      vertex   -3.630233e-02 4.750000e-02 -7.059835e-02
      vertex   -5.000000e-03 4.750000e-02 -8.000000e-02
    endloop
  endfacet
  facet normal 0.000000e+00 -1.000000e+00 0.000000e+00
    outer loop
      vertex   -5.000000e-03 4.750000e-02 -8.000000e-02
      vertex   -3.630233e-02 4.750000e-02 -7.059835e-02
      vertex   -3.719510e-02 4.750000e-02 -7.522773e-02
    endloop
  endfacet
  facet normal 0.000000e+00 -1.000000e+00 0.000000e+00
    outer loop
      vertex   -5.000000e-03 4.750000e-02 -8.000000e-02
      vertex   -3.719510e-02 4.750000e-02 -7.522773e-02
      vertex   -3.749994e-02 4.750000e-02 -7.993254e-02
    endloop
  endfacet
  facet normal 0.000000e+00 -1.000000e+00 0.000000e+00
    outer loop
      vertex   -3.749994e-02 4.750000e-02 -7.993254e-02
      vertex   -3.721203e-02 4.750000e-02 -8.463841e-02
      vertex   -5.000000e-03 4.750000e-02 -8.000000e-02
    endloop
  endfacet
  facet normal 0.000000e+00 -1.000000e+00 0.000000e+00
    outer loop
      vertex   -5.000000e-03 4.750000e-02 -8.000000e-02
      vertex   -3.721203e-02 4.750000e-02 -8.463841e-02
      vertex   -3.633592e-02 4.750000e-02 -8.927097e-02
    endloop
  endfacet
  facet normal 0.000000e+00 -1.000000e+00 -0.000000e+00
    outer loop
      vertex   -5.000000e-03 4.750000e-02 -8.000000e-02
      vertex   -3.633592e-02 4.750000e-02 -8.927097e-02
      vertex   -4.698463e-03 4.750000e-02 -8.171010e-02
    endloop
  endfacet
  facet normal 0.000000e+00 -1.000000e+00 0.000000e+00
    outer loop
      vertex   -4.698463e-03 4.750000e-02 -8.171010e-02
      vertex   -3.633592e-02 4.750000e-02 -8.927097e-02
      vertex   -3.488546e-02 4.750000e-02 -9.375699e-02
    endloop
  endfacet
  facet normal 0.000000e+00 -1.000000e+00 0.000000e+00
    outer loop
      vertex   -4.698463e-03 4.750000e-02 -8.171010e-02
      vertex   -3.488546e-02 4.750000e-02 -9.375699e-02
      vertex   -3.288358e-02 4.750000e-02 -9.802555e-02
    endloop
  endfacet
  facet normal 0.000000e+00 -1.000000e+00 0.000000e+00
    outer loop
      vertex   -3.288358e-02 4.750000e-02 -9.802555e-02
      vertex   -3.036191e-02 4.750000e-02 -1.020092e-01
      vertex   -4.698463e-03 4.750000e-02 -8.171010e-02
    endloop
  endfacet
  facet normal 0.000000e+00 -1.000000e+00 -0.000000e+00
    outer loop
      vertex   -4.698463e-03 4.750000e-02 -8.171010e-02
      vertex   -3.036191e-02 4.750000e-02 -1.020092e-01
      vertex   -3.830222e-03 4.750000e-02 -8.321394e-02
    endloop
  endfacet
  facet normal 0.000000e+00 -1.000000e+00 0.000000e+00
    outer loop
      vertex   -3.830222e-03 4.750000e-02 -8.321394e-02
      vertex   -3.036191e-02 4.750000e-02 -1.020092e-01
      vertex   -2.736033e-02 4.750000e-02 -1.056449e-01
    endloop
  endfacet
  facet normal 0.000000e+00 -1.000000e+00 0.000000e+00
    outer loop
      vertex   -3.830222e-03 4.750000e-02 -8.321394e-02
      vertex   -2.736033e-02 4.750000e-02 -1.056449e-01
      vertex   -2.392626e-02 4.750000e-02 -1.088753e-01
    endloop
  endfacet
  facet normal 0.000000e+00 -1.000000e+00 -0.000000e+00
    outer loop
      vertex   -3.830222e-03 4.750000e-02 -8.321394e-02
      vertex   -2.392626e-02 4.750000e-02 -1.088753e-01
      vertex   -2.500000e-03 4.750000e-02 -8.433013e-02
    endloop
  endfacet
  facet normal 0.000000e+00 -1.000000e+00 0.000000e+00
    outer loop
      vertex   -2.500000e-03 4.750000e-02 -8.433013e-02
      vertex   -2.392626e-02 4.750000e-02 -1.088753e-01
      vertex   -2.011401e-02 4.750000e-02 -1.116493e-01
    endloop
  endfacet
  facet normal 0.000000e+00 -1.000000e+00 0.000000e+00
    outer loop
      vertex   -2.500000e-03 4.750000e-02 -8.433013e-02
      vertex   -2.011401e-02 4.750000e-02 -1.116493e-01
      vertex   -1.598381e-02 4.750000e-02 -1.139230e-01
    endloop
  endfacet
  facet normal 0.000000e+00 -1.000000e+00 0.000000e+00
    outer loop
      vertex   -1.598381e-02 4.750000e-02 -1.139230e-01
      vertex   -1.160097e-02 4.750000e-02 -1.156604e-01
      vertex   -2.500000e-03 4.750000e-02 -8.433013e-02
    endloop
  endfacet
  facet normal 0.000000e+00 -1.000000e+00 -0.000000e+00
    outer loop
      vertex   -2.500000e-03 4.750000e-02 -8.433013e-02
      vertex   -1.160097e-02 4.750000e-02 -1.156604e-01
      vertex   -8.682409e-04 4.750000e-02 -8.492404e-02
    endloop
  endfacet
  facet normal 0.000000e+00 -1.000000e+00 0.000000e+00
    outer loop
      vertex   -8.682409e-04 4.750000e-02 -8.492404e-02
      vertex   -1.160097e-02 4.750000e-02 -1.156604e-01
      vertex   -7.034751e-03 4.750000e-02 -1.168343e-01
    endloop
  endfacet
  facet normal 0.000000e+00 -1.000000e+00 0.000000e+00
    outer loop
      vertex   -8.682409e-04 4.750000e-02 -8.492404e-02
      vertex   -7.034751e-03 4.750000e-02 -1.168343e-01
      vertex   -2.357338e-03 4.750000e-02 -1.174258e-01
    endloop
  endfacet
  facet normal 0.000000e+00 -1.000000e+00 0.000000e+00
    outer loop
      vertex   -2.357338e-03 4.750000e-02 -1.174258e-01
      vertex   2.357338e-03 4.750000e-02 -1.174258e-01
      vertex   -8.682409e-04 4.750000e-02 -8.492404e-02
    endloop
  endfacet
  facet normal 0.000000e+00 -1.000000e+00 0.000000e+00
    outer loop
      vertex   -8.682409e-04 4.750000e-02 -8.492404e-02
      vertex   2.357338e-03 4.750000e-02 -1.174258e-01
      vertex   8.682409e-04 4.750000e-02 -8.492404e-02
    endloop
  endfacet
  facet normal 0.000000e+00 -1.000000e+00 0.000000e+00
    outer loop
      vertex   8.682409e-04 4.750000e-02 -8.492404e-02
      vertex   2.357338e-03 4.750000e-02 -1.174258e-01
      vertex   7.034751e-03 4.750000e-02 -1.168343e-01
    endloop
  endfacet
  facet normal 0.000000e+00 -1.000000e+00 0.000000e+00
    outer loop
      vertex   8.682409e-04 4.750000e-02 -8.492404e-02
      vertex   7.034751e-03 4.750000e-02 -1.168343e-01
      vertex   1.160097e-02 4.750000e-02 -1.156604e-01
    endloop
  endfacet
  facet normal 0.000000e+00 -1.000000e+00 0.000000e+00
    outer loop
      vertex   8.682409e-04 4.750000e-02 -8.492404e-02
      vertex   1.160097e-02 4.750000e-02 -1.156604e-01
      vertex   2.500000e-03 4.750000e-02 -8.433013e-02
    endloop
  endfacet
  facet normal 0.000000e+00 -1.000000e+00 0.000000e+00
    outer loop
      vertex   2.500000e-03 4.750000e-02 -8.433013e-02
      vertex   1.160097e-02 4.750000e-02 -1.156604e-01
      vertex   1.598381e-02 4.750000e-02 -1.139230e-01
    endloop
  endfacet
  facet normal 0.000000e+00 -1.000000e+00 0.000000e+00
    outer loop
      vertex   2.500000e-03 4.750000e-02 -8.433013e-02
      vertex   1.598381e-02 4.750000e-02 -1.139230e-01
      vertex   2.011401e-02 4.750000e-02 -1.116493e-01
    endloop
  endfacet
  facet normal 0.000000e+00 -1.000000e+00 0.000000e+00
    outer loop
      vertex   2.011401e-02 4.750000e-02 -1.116493e-01
      vertex   2.392626e-02 4.750000e-02 -1.088753e-01
      vertex   2.500000e-03 4.750000e-02 -8.433013e-02
    endloop
  endfacet
  facet normal 0.000000e+00 -1.000000e+00 0.000000e+00
    outer loop
      vertex   2.500000e-03 4.750000e-02 -8.433013e-02
      vertex   2.392626e-02 4.750000e-02 -1.088753e-01
      vertex   3.830222e-03 4.750000e-02 -8.321394e-02
    endloop
  endfacet
  facet normal 0.000000e+00 -1.000000e+00 0.000000e+00
    outer loop
      vertex   3.830222e-03 4.750000e-02 -8.321394e-02
      vertex   2.392626e-02 4.750000e-02 -1.088753e-01
      vertex   2.736033e-02 4.750000e-02 -1.056449e-01
    endloop
  endfacet
  facet normal 0.000000e+00 -1.000000e+00 0.000000e+00
    outer loop
      vertex   3.830222e-03 4.750000e-02 -8.321394e-02
      vertex   2.736033e-02 4.750000e-02 -1.056449e-01
      vertex   3.036191e-02 4.750000e-02 -1.020092e-01
    endloop
  endfacet
  facet normal 0.000000e+00 -1.000000e+00 0.000000e+00
    outer loop
      vertex   3.830222e-03 4.750000e-02 -8.321394e-02
      vertex   3.036191e-02 4.750000e-02 -1.020092e-01
      vertex   4.698463e-03 4.750000e-02 -8.171010e-02
    endloop
  endfacet
  facet normal 0.000000e+00 -1.000000e+00 0.000000e+00
    outer loop
      vertex   4.698463e-03 4.750000e-02 -8.171010e-02
      vertex   3.036191e-02 4.750000e-02 -1.020092e-01
      vertex   3.288358e-02 4.750000e-02 -9.802555e-02
    endloop
  endfacet
  facet normal 0.000000e+00 -1.000000e+00 0.000000e+00
    outer loop
      vertex   4.698463e-03 4.750000e-02 -8.171010e-02
      vertex   3.288358e-02 4.750000e-02 -9.802555e-02
      vertex   3.488546e-02 4.750000e-02 -9.375699e-02
    endloop
  endfacet
  facet normal 0.000000e+00 -1.000000e+00 0.000000e+00
    outer loop
      vertex   3.488546e-02 4.750000e-02 -9.375699e-02
      vertex   3.633592e-02 4.750000e-02 -8.927097e-02
      vertex   4.698463e-03 4.750000e-02 -8.171010e-02
    endloop
  endfacet
  facet normal 0.000000e+00 -1.000000e+00 0.000000e+00
    outer loop
      vertex   4.698463e-03 4.750000e-02 -8.171010e-02
      vertex   3.633592e-02 4.750000e-02 -8.927097e-02
      vertex   5.000000e-03 4.750000e-02 -8.000000e-02
    endloop
  endfacet
  facet normal 0.000000e+00 -1.000000e+00 0.000000e+00
    outer loop
      vertex   5.000000e-03 4.750000e-02 -8.000000e-02
      vertex   3.633592e-02 4.750000e-02 -8.927097e-02
      vertex   3.721203e-02 4.750000e-02 -8.463841e-02
    endloop
  endfacet
  facet normal 0.000000e+00 -1.000000e+00 0.000000e+00
    outer loop
      vertex   5.000000e-03 4.750000e-02 -8.000000e-02
      vertex   3.721203e-02 4.750000e-02 -8.463841e-02
      vertex   3.749994e-02 4.750000e-02 -7.993254e-02
    endloop
  endfacet
  facet normal -0.000000e+00 -1.000000e+00 0.000000e+00
    outer loop
      vertex   3.749994e-02 4.750000e-02 -7.993254e-02
      vertex   3.719510e-02 4.750000e-02 -7.522773e-02
      vertex   5.000000e-03 4.750000e-02 -8.000000e-02
    endloop
  endfacet
  facet normal 0.000000e+00 -1.000000e+00 0.000000e+00
    outer loop
      vertex   5.000000e-03 4.750000e-02 -8.000000e-02
      vertex   3.719510e-02 4.750000e-02 -7.522773e-02
      vertex   3.630233e-02 4.750000e-02 -7.059835e-02
    endloop
  endfacet
  facet normal 0.000000e+00 -1.000000e+00 0.000000e+00
    outer loop
      vertex   5.000000e-03 4.750000e-02 -8.000000e-02
      vertex   3.630233e-02 4.750000e-02 -7.059835e-02
      vertex   4.698463e-03 4.750000e-02 -7.828990e-02
    endloop
  endfacet
  facet normal 0.000000e+00 -1.000000e+00 0.000000e+00
    outer loop
      vertex   4.698463e-03 4.750000e-02 -7.828990e-02
      vertex   3.630233e-02 4.750000e-02 -7.059835e-02
      vertex   3.483574e-02 4.750000e-02 -6.611758e-02
    endloop
  endfacet
  facet normal 0.000000e+00 -1.000000e+00 0.000000e+00
    outer loop
      vertex   4.698463e-03 4.750000e-02 -7.828990e-02
      vertex   3.483574e-02 4.750000e-02 -6.611758e-02
      vertex   3.281851e-02 4.750000e-02 -6.185625e-02
    endloop
  endfacet
  facet normal 0.000000e+00 -1.000000e+00 0.000000e+00
    outer loop
      vertex   4.698463e-03 4.750000e-02 -7.828990e-02
      vertex   3.281851e-02 4.750000e-02 -6.185625e-02
      vertex   3.830222e-03 4.750000e-02 -7.678606e-02
    endloop
  endfacet
  facet normal 0.000000e+00 -1.000000e+00 0.000000e+00
    outer loop
      vertex   3.830222e-03 4.750000e-02 -7.678606e-02
      vertex   3.281851e-02 4.750000e-02 -6.185625e-02
      vertex   3.028252e-02 4.750000e-02 -5.788171e-02
    endloop
  endfacet
  facet normal 0.000000e+00 -1.000000e+00 0.000000e+00
    outer loop
      vertex   3.830222e-03 4.750000e-02 -7.678606e-02
      vertex   3.028252e-02 4.750000e-02 -5.788171e-02
      vertex   2.726788e-02 4.750000e-02 -5.425679e-02
    endloop
  endfacet
  facet normal -0.000000e+00 -1.000000e+00 0.000000e+00
    outer loop
      vertex   2.726788e-02 4.750000e-02 -5.425679e-02
      vertex   2.382221e-02 4.750000e-02 -5.103878e-02
      vertex   3.830222e-03 4.750000e-02 -7.678606e-02
    endloop
  endfacet
  facet normal 0.000000e+00 -1.000000e+00 0.000000e+00
    outer loop
      vertex   3.830222e-03 4.750000e-02 -7.678606e-02
      vertex   2.382221e-02 4.750000e-02 -5.103878e-02
      vertex   2.500000e-03 4.750000e-02 -7.566987e-02
    endloop
  endfacet
  facet normal 0.000000e+00 -1.000000e+00 0.000000e+00
    outer loop
      vertex   2.500000e-03 4.750000e-02 -7.566987e-02
      vertex   2.382221e-02 4.750000e-02 -5.103878e-02
      vertex   2.000000e-02 4.750000e-02 -4.827856e-02
    endloop
  endfacet
  facet normal -4.362015e-31 1.000000e+00 -8.381768e-16
    outer loop
      vertex   -2.000000e-02 -4.750000e-02 -4.000000e-02
      vertex   2.000000e-02 -4.750000e-02 -4.000000e-02
      vertex   -2.000000e-02 -4.750000e-02 -4.827856e-02
    endloop
  endfacet
  facet normal 4.362015e-31 1.000000e+00 -8.381768e-16
    outer loop
      vertex   -2.000000e-02 -4.750000e-02 -4.827856e-02
      vertex   2.000000e-02 -4.750000e-02 -4.000000e-02
      vertex   2.000000e-02 -4.750000e-02 -4.827856e-02
    endloop
  endfacet
  facet normal -4.042688e-31 1.000000e+00 7.768171e-16
    outer loop
      vertex   -2.000000e-02 -4.750000e-02 -4.827856e-02
      vertex   2.000000e-02 -4.750000e-02 -4.827856e-02
      vertex   8.682409e-04 -4.750000e-02 -7.507596e-02
    endloop
  endfacet
  facet normal 2.244216e-16 1.000000e+00 6.165933e-16
    outer loop
      vertex   8.682409e-04 -4.750000e-02 -7.507596e-02
      vertex   2.000000e-02 -4.750000e-02 -4.827856e-02
      vertex   2.500000e-03 -4.750000e-02 -7.566987e-02
    endloop
  endfacet
  facet normal -2.108976e-15 1.000000e+00 2.107375e-15
    outer loop
      vertex   2.500000e-03 -4.750000e-02 -7.566987e-02
      vertex   2.000000e-02 -4.750000e-02 -4.827856e-02
      vertex   2.382221e-02 -4.750000e-02 -5.103878e-02
    endloop
  endfacet
  facet normal 1.369255e-16 1.000000e+00 1.631815e-16
    outer loop
      vertex   2.500000e-03 -4.750000e-02 -7.566987e-02
      vertex   2.382221e-02 -4.750000e-02 -5.103878e-02
      vertex   3.830222e-03 -4.750000e-02 -7.678606e-02
    endloop
  endfacet
  facet normal 1.458954e-16 1.000000e+00 1.562167e-16
    outer loop
      vertex   3.830222e-03 -4.750000e-02 -7.678606e-02
      vertex   2.382221e-02 -4.750000e-02 -5.103878e-02
      vertex   2.726788e-02 -4.750000e-02 -5.425679e-02
    endloop
  endfacet
  facet normal 1.645301e-16 1.000000e+00 1.368306e-16
    outer loop
      vertex   3.830222e-03 -4.750000e-02 -7.678606e-02
      vertex   2.726788e-02 -4.750000e-02 -5.425679e-02
      vertex   3.028252e-02 -4.750000e-02 -5.788171e-02
    endloop
  endfacet
  facet normal 1.801639e-16 1.000000e+00 1.149548e-16
    outer loop
      vertex   3.028252e-02 -4.750000e-02 -5.788171e-02
      vertex   3.281851e-02 -4.750000e-02 -6.185625e-02
      vertex   3.830222e-03 -4.750000e-02 -7.678606e-02
    endloop
  endfacet
  facet normal 1.845057e-16 1.000000e+00 1.065244e-16
    outer loop
      vertex   3.830222e-03 -4.750000e-02 -7.678606e-02
      vertex   3.281851e-02 -4.750000e-02 -6.185625e-02
      vertex   4.698463e-03 -4.750000e-02 -7.828990e-02
    endloop
  endfacet
  facet normal -5.521167e-16 1.000000e+00 1.366978e-15
    outer loop
      vertex   4.698463e-03 -4.750000e-02 -7.828990e-02
      vertex   3.281851e-02 -4.750000e-02 -6.185625e-02
      vertex   3.483574e-02 -4.750000e-02 -6.611758e-02
    endloop
  endfacet
  facet normal 0.000000e+00 1.000000e+00 0.000000e+00
    outer loop
      vertex   4.698463e-03 -4.750000e-02 -7.828990e-02
      vertex   3.483574e-02 -4.750000e-02 -6.611758e-02
      vertex   3.630233e-02 -4.750000e-02 -7.059835e-02
    endloop
  endfacet
  facet normal -0.000000e+00 1.000000e+00 0.000000e+00
    outer loop
      vertex   4.698463e-03 -4.750000e-02 -7.828990e-02
      vertex   3.630233e-02 -4.750000e-02 -7.059835e-02
      vertex   5.000000e-03 -4.750000e-02 -8.000000e-02
    endloop
  endfacet
  facet normal 0.000000e+00 1.000000e+00 0.000000e+00
    outer loop
      vertex   5.000000e-03 -4.750000e-02 -8.000000e-02
      vertex   3.630233e-02 -4.750000e-02 -7.059835e-02
      vertex   3.719510e-02 -4.750000e-02 -7.522773e-02
    endloop
  endfacet
  facet normal 0.000000e+00 1.000000e+00 0.000000e+00
    outer loop
      vertex   5.000000e-03 -4.750000e-02 -8.000000e-02
      vertex   3.719510e-02 -4.750000e-02 -7.522773e-02
      vertex   3.749994e-02 -4.750000e-02 -7.993254e-02
    endloop
  endfacet
  facet normal 0.000000e+00 1.000000e+00 0.000000e+00
    outer loop
      vertex   3.749994e-02 -4.750000e-02 -7.993254e-02
      vertex   3.721203e-02 -4.750000e-02 -8.463841e-02
      vertex   5.000000e-03 -4.750000e-02 -8.000000e-02
    endloop
  endfacet
  facet normal 0.000000e+00 1.000000e+00 0.000000e+00
    outer loop
      vertex   5.000000e-03 -4.750000e-02 -8.000000e-02
      vertex   3.721203e-02 -4.750000e-02 -8.463841e-02
      vertex   3.633592e-02 -4.750000e-02 -8.927097e-02
    endloop
  endfacet
  facet normal 0.000000e+00 1.000000e+00 0.000000e+00
    outer loop
      vertex   5.000000e-03 -4.750000e-02 -8.000000e-02
      vertex   3.633592e-02 -4.750000e-02 -8.927097e-02
      vertex   4.698463e-03 -4.750000e-02 -8.171010e-02
    endloop
  endfacet
  facet normal 0.000000e+00 1.000000e+00 0.000000e+00
    outer loop
      vertex   4.698463e-03 -4.750000e-02 -8.171010e-02
      vertex   3.633592e-02 -4.750000e-02 -8.927097e-02
      vertex   3.488546e-02 -4.750000e-02 -9.375699e-02
    endloop
  endfacet
  facet normal 1.092910e-15 1.000000e+00 2.738606e-15
    outer loop
      vertex   4.698463e-03 -4.750000e-02 -8.171010e-02
      vertex   3.488546e-02 -4.750000e-02 -9.375699e-02
      vertex   3.288358e-02 -4.750000e-02 -9.802555e-02
    endloop
  endfacet
  facet normal -3.603415e-16 1.000000e+00 2.280981e-16
    outer loop
      vertex   3.288358e-02 -4.750000e-02 -9.802555e-02
      vertex   3.036191e-02 -4.750000e-02 -1.020092e-01
      vertex   4.698463e-03 -4.750000e-02 -8.171010e-02
    endloop
  endfacet
  facet normal -3.712313e-16 1.000000e+00 2.143305e-16
    outer loop
      vertex   4.698463e-03 -4.750000e-02 -8.171010e-02
      vertex   3.036191e-02 -4.750000e-02 -1.020092e-01
      vertex   3.830222e-03 -4.750000e-02 -8.321394e-02
    endloop
  endfacet
  facet normal -3.300416e-16 1.000000e+00 2.724745e-16
    outer loop
      vertex   3.830222e-03 -4.750000e-02 -8.321394e-02
      vertex   3.036191e-02 -4.750000e-02 -1.020092e-01
      vertex   2.736033e-02 -4.750000e-02 -1.056449e-01
    endloop
  endfacet
  facet normal -2.929324e-16 1.000000e+00 3.114020e-16
    outer loop
      vertex   3.830222e-03 -4.750000e-02 -8.321394e-02
      vertex   2.736033e-02 -4.750000e-02 -1.056449e-01
      vertex   2.392626e-02 -4.750000e-02 -1.088753e-01
    endloop
  endfacet
  facet normal -2.738420e-16 1.000000e+00 3.263522e-16
    outer loop
      vertex   3.830222e-03 -4.750000e-02 -8.321394e-02
      vertex   2.392626e-02 -4.750000e-02 -1.088753e-01
      vertex   2.500000e-03 -4.750000e-02 -8.433013e-02
    endloop
  endfacet
  facet normal -2.515972e-16 1.000000e+00 3.457704e-16
    outer loop
      vertex   2.500000e-03 -4.750000e-02 -8.433013e-02
      vertex   2.392626e-02 -4.750000e-02 -1.088753e-01
      vertex   2.011401e-02 -4.750000e-02 -1.116493e-01
    endloop
  endfacet
  facet normal -2.063929e-16 1.000000e+00 3.749158e-16
    outer loop
      vertex   2.500000e-03 -4.750000e-02 -8.433013e-02
      vertex   2.011401e-02 -4.750000e-02 -1.116493e-01
      vertex   1.598381e-02 -4.750000e-02 -1.139230e-01
    endloop
  endfacet
  facet normal -1.574648e-16 1.000000e+00 3.972096e-16
    outer loop
      vertex   1.598381e-02 -4.750000e-02 -1.139230e-01
      vertex   1.160097e-02 -4.750000e-02 -1.156604e-01
      vertex   2.500000e-03 -4.750000e-02 -8.433013e-02
    endloop
  endfacet
  facet normal -1.458052e-16 1.000000e+00 4.005966e-16
    outer loop
      vertex   2.500000e-03 -4.750000e-02 -8.433013e-02
      vertex   1.160097e-02 -4.750000e-02 -1.156604e-01
      vertex   8.682409e-04 -4.750000e-02 -8.492404e-02
    endloop
  endfacet
  facet normal -1.065062e-16 1.000000e+00 4.143192e-16
    outer loop
      vertex   8.682409e-04 -4.750000e-02 -8.492404e-02
      vertex   1.160097e-02 -4.750000e-02 -1.156604e-01
      vertex   7.034751e-03 -4.750000e-02 -1.168343e-01
    endloop
  endfacet
  facet normal -5.369210e-17 1.000000e+00 4.245253e-16
    outer loop
      vertex   8.682409e-04 -4.750000e-02 -8.492404e-02
      vertex   7.034751e-03 -4.750000e-02 -1.168343e-01
      vertex   2.357338e-03 -4.750000e-02 -1.174258e-01
    endloop
  endfacet
  facet normal 0.000000e+00 1.000000e+00 4.269853e-16
    outer loop
      vertex   8.682409e-04 -4.750000e-02 -8.492404e-02
      vertex   2.357338e-03 -4.750000e-02 -1.174258e-01
      vertex   -8.682409e-04 -4.750000e-02 -8.492404e-02
    endloop
  endfacet
  facet normal 0.000000e+00 1.000000e+00 4.269853e-16
    outer loop
      vertex   -8.682409e-04 -4.750000e-02 -8.492404e-02
      vertex   2.357338e-03 -4.750000e-02 -1.174258e-01
      vertex   -2.357338e-03 -4.750000e-02 -1.174258e-01
    endloop
  endfacet
  facet normal 5.369210e-17 1.000000e+00 4.245253e-16
    outer loop
      vertex   -8.682409e-04 -4.750000e-02 -8.492404e-02
      vertex   -2.357338e-03 -4.750000e-02 -1.174258e-01
      vertex   -7.034751e-03 -4.750000e-02 -1.168343e-01
    endloop
  endfacet
  facet normal 1.065062e-16 1.000000e+00 4.143192e-16
    outer loop
      vertex   -7.034751e-03 -4.750000e-02 -1.168343e-01
      vertex   -1.160097e-02 -4.750000e-02 -1.156604e-01
      vertex   -8.682409e-04 -4.750000e-02 -8.492404e-02
    endloop
  endfacet
  facet normal 1.458052e-16 1.000000e+00 4.005966e-16
    outer loop
      vertex   -8.682409e-04 -4.750000e-02 -8.492404e-02
      vertex   -1.160097e-02 -4.750000e-02 -1.156604e-01
      vertex   -2.500000e-03 -4.750000e-02 -8.433013e-02
    endloop
  endfacet
  facet normal 1.574648e-16 1.000000e+00 3.972096e-16
    outer loop
      vertex   -2.500000e-03 -4.750000e-02 -8.433013e-02
      vertex   -1.160097e-02 -4.750000e-02 -1.156604e-01
      vertex   -1.598381e-02 -4.750000e-02 -1.139230e-01
    endloop
  endfacet
  facet normal 2.063929e-16 1.000000e+00 3.749158e-16
    outer loop
      vertex   -2.500000e-03 -4.750000e-02 -8.433013e-02
      vertex   -1.598381e-02 -4.750000e-02 -1.139230e-01
      vertex   -2.011401e-02 -4.750000e-02 -1.116493e-01
    endloop
  endfacet
  facet normal 2.515972e-16 1.000000e+00 3.457704e-16
    outer loop
      vertex   -2.011401e-02 -4.750000e-02 -1.116493e-01
      vertex   -2.392626e-02 -4.750000e-02 -1.088753e-01
      vertex   -2.500000e-03 -4.750000e-02 -8.433013e-02
    endloop
  endfacet
  facet normal 2.738420e-16 1.000000e+00 3.263522e-16
    outer loop
      vertex   -2.500000e-03 -4.750000e-02 -8.433013e-02
      vertex   -2.392626e-02 -4.750000e-02 -1.088753e-01
      vertex   -3.830222e-03 -4.750000e-02 -8.321394e-02
    endloop
  endfacet
  facet normal 2.929324e-16 1.000000e+00 3.114020e-16
    outer loop
      vertex   -3.830222e-03 -4.750000e-02 -8.321394e-02
      vertex   -2.392626e-02 -4.750000e-02 -1.088753e-01
      vertex   -2.736033e-02 -4.750000e-02 -1.056449e-01
    endloop
  endfacet
  facet normal 3.300416e-16 1.000000e+00 2.724745e-16
    outer loop
      vertex   -3.830222e-03 -4.750000e-02 -8.321394e-02
      vertex   -2.736033e-02 -4.750000e-02 -1.056449e-01
      vertex   -3.036191e-02 -4.750000e-02 -1.020092e-01
    endloop
  endfacet
  facet normal 3.712313e-16 1.000000e+00 2.143305e-16
    outer loop
      vertex   -3.830222e-03 -4.750000e-02 -8.321394e-02
      vertex   -3.036191e-02 -4.750000e-02 -1.020092e-01
      vertex   -4.698463e-03 -4.750000e-02 -8.171010e-02
    endloop
  endfacet
  facet normal 3.603415e-16 1.000000e+00 2.280981e-16
    outer loop
      vertex   -4.698463e-03 -4.750000e-02 -8.171010e-02
      vertex   -3.036191e-02 -4.750000e-02 -1.020092e-01
      vertex   -3.288358e-02 -4.750000e-02 -9.802555e-02
    endloop
  endfacet
  facet normal -1.092910e-15 1.000000e+00 2.738606e-15
    outer loop
      vertex   -4.698463e-03 -4.750000e-02 -8.171010e-02
      vertex   -3.288358e-02 -4.750000e-02 -9.802555e-02
      vertex   -3.488546e-02 -4.750000e-02 -9.375699e-02
    endloop
  endfacet
  facet normal 0.000000e+00 1.000000e+00 -0.000000e+00
    outer loop
      vertex   -3.488546e-02 -4.750000e-02 -9.375699e-02
      vertex   -3.633592e-02 -4.750000e-02 -8.927097e-02
      vertex   -4.698463e-03 -4.750000e-02 -8.171010e-02
    endloop
  endfacet
  facet normal 0.000000e+00 1.000000e+00 0.000000e+00
    outer loop
      vertex   -4.698463e-03 -4.750000e-02 -8.171010e-02
      vertex   -3.633592e-02 -4.750000e-02 -8.927097e-02
      vertex   -5.000000e-03 -4.750000e-02 -8.000000e-02
    endloop
  endfacet
  facet normal 0.000000e+00 1.000000e+00 0.000000e+00
    outer loop
      vertex   -5.000000e-03 -4.750000e-02 -8.000000e-02
      vertex   -3.633592e-02 -4.750000e-02 -8.927097e-02
      vertex   -3.721203e-02 -4.750000e-02 -8.463841e-02
    endloop
  endfacet
  facet normal 0.000000e+00 1.000000e+00 0.000000e+00
    outer loop
      vertex   -5.000000e-03 -4.750000e-02 -8.000000e-02
      vertex   -3.721203e-02 -4.750000e-02 -8.463841e-02
      vertex   -3.749994e-02 -4.750000e-02 -7.993254e-02
    endloop
  endfacet
  facet normal -0.000000e+00 1.000000e+00 0.000000e+00
    outer loop
      vertex   -3.749994e-02 -4.750000e-02 -7.993254e-02
      vertex   -3.719510e-02 -4.750000e-02 -7.522773e-02
      vertex   -5.000000e-03 -4.750000e-02 -8.000000e-02
    endloop
  endfacet
  facet normal 0.000000e+00 1.000000e+00 0.000000e+00
    outer loop
      vertex   -5.000000e-03 -4.750000e-02 -8.000000e-02
      vertex   -3.719510e-02 -4.750000e-02 -7.522773e-02
      vertex   -3.630233e-02 -4.750000e-02 -7.059835e-02
    endloop
  endfacet
  facet normal 0.000000e+00 1.000000e+00 -0.000000e+00
    outer loop
      vertex   -5.000000e-03 -4.750000e-02 -8.000000e-02
      vertex   -3.630233e-02 -4.750000e-02 -7.059835e-02
      vertex   -4.698463e-03 -4.750000e-02 -7.828990e-02
    endloop
  endfacet
  facet normal 0.000000e+00 1.000000e+00 0.000000e+00
    outer loop
      vertex   -4.698463e-03 -4.750000e-02 -7.828990e-02
      vertex   -3.630233e-02 -4.750000e-02 -7.059835e-02
      vertex   -3.483574e-02 -4.750000e-02 -6.611758e-02
    endloop
  endfacet
  facet normal 5.521167e-16 1.000000e+00 1.366978e-15
    outer loop
      vertex   -4.698463e-03 -4.750000e-02 -7.828990e-02
      vertex   -3.483574e-02 -4.750000e-02 -6.611758e-02
      vertex   -3.281851e-02 -4.750000e-02 -6.185625e-02
    endloop
  endfacet
  facet normal -1.845057e-16 1.000000e+00 1.065244e-16
    outer loop
      vertex   -4.698463e-03 -4.750000e-02 -7.828990e-02
      vertex   -3.281851e-02 -4.750000e-02 -6.185625e-02
      vertex   -3.830222e-03 -4.750000e-02 -7.678606e-02
    endloop
  endfacet
  facet normal -1.801639e-16 1.000000e+00 1.149548e-16
    outer loop
      vertex   -3.830222e-03 -4.750000e-02 -7.678606e-02
      vertex   -3.281851e-02 -4.750000e-02 -6.185625e-02
      vertex   -3.028252e-02 -4.750000e-02 -5.788171e-02
    endloop
  endfacet
  facet normal -1.645301e-16 1.000000e+00 1.368306e-16
    outer loop
      vertex   -3.830222e-03 -4.750000e-02 -7.678606e-02
      vertex   -3.028252e-02 -4.750000e-02 -5.788171e-02
      vertex   -2.726788e-02 -4.750000e-02 -5.425679e-02
    endloop
  endfacet
  facet normal -1.458954e-16 1.000000e+00 1.562167e-16
    outer loop
      vertex   -2.726788e-02 -4.750000e-02 -5.425679e-02
      vertex   -2.382221e-02 -4.750000e-02 -5.103878e-02
      vertex   -3.830222e-03 -4.750000e-02 -7.678606e-02
    endloop
  endfacet
  facet normal -1.369255e-16 1.000000e+00 1.631815e-16
    outer loop
      vertex   -3.830222e-03 -4.750000e-02 -7.678606e-02
      vertex   -2.382221e-02 -4.750000e-02 -5.103878e-02
      vertex   -2.500000e-03 -4.750000e-02 -7.566987e-02
    endloop
  endfacet
  facet normal 2.108976e-15 1.000000e+00 2.107375e-15
    outer loop
      vertex   -2.500000e-03 -4.750000e-02 -7.566987e-02
      vertex   -2.382221e-02 -4.750000e-02 -5.103878e-02
      vertex   -2.000000e-02 -4.750000e-02 -4.827856e-02
    endloop
  endfacet
  facet normal -2.244216e-16 1.000000e+00 6.165933e-16
    outer loop
      vertex   -2.500000e-03 -4.750000e-02 -7.566987e-02
      vertex   -2.000000e-02 -4.750000e-02 -4.827856e-02
      vertex   -8.682409e-04 -4.750000e-02 -7.507596e-02
    endloop
  endfacet
  facet normal -0.000000e+00 1.000000e+00 7.768171e-16
    outer loop
      vertex   -8.682409e-04 -4.750000e-02 -7.507596e-02
      vertex   -2.000000e-02 -4.750000e-02 -4.827856e-02
      vertex   8.682409e-04 -4.750000e-02 -7.507596e-02
    endloop
  endfacet
  facet normal -1.000000e+00 0.000000e+00 0.000000e+00
    outer loop
      vertex   -2.000000e-02 -4.750000e-02 -4.827856e-02
      vertex   -2.000000e-02 -6.250000e-02 -4.827856e-02
      vertex   -2.000000e-02 -4.750000e-02 -4.000000e-02
    endloop
  endfacet
  facet normal -1.000000e+00 -1.799747e-16 3.260980e-16
    outer loop
      vertex   -2.000000e-02 -4.750000e-02 -4.000000e-02
      vertex   -2.000000e-02 -6.250000e-02 -4.827856e-02
      vertex   -2.000000e-02 -6.250000e-02 -2.700000e-02
    endloop
  endfacet
  facet normal -1.000000e+00 -1.233332e-16 3.914535e-16
    outer loop
      vertex   -2.000000e-02 -4.750000e-02 -4.000000e-02
      vertex   -2.000000e-02 -6.250000e-02 -2.700000e-02
      vertex   -2.000000e-02 -3.436932e-02 -2.700000e-02
    endloop
  endfacet
  facet normal -1.000000e+00 0.000000e+00 2.668805e-16
    outer loop
      vertex   -2.000000e-02 -3.436932e-02 -2.700000e-02
      vertex   -2.000000e-02 -3.436932e-02 -4.000000e-02
      vertex   -2.000000e-02 -4.750000e-02 -4.000000e-02
    endloop
  endfacet
  facet normal 5.854541e-01 0.000000e+00 8.107056e-01
    outer loop
      vertex   2.000000e-02 -4.750000e-02 -4.827856e-02
      vertex   2.000000e-02 -6.250000e-02 -4.827856e-02
      vertex   2.382221e-02 -4.750000e-02 -5.103878e-02
    endloop
  endfacet
  facet normal 5.854541e-01 -9.896665e-16 8.107056e-01
    outer loop
      vertex   2.382221e-02 -4.750000e-02 -5.103878e-02
      vertex   2.000000e-02 -6.250000e-02 -4.827856e-02
      vertex   2.382221e-02 -6.250000e-02 -5.103878e-02
    endloop
  endfacet
  facet normal 6.825511e-01 -8.563696e-16 7.308378e-01
    outer loop
      vertex   2.382221e-02 -4.750000e-02 -5.103878e-02
      vertex   2.382221e-02 -6.250000e-02 -5.103878e-02
      vertex   2.726788e-02 -4.750000e-02 -5.425679e-02
    endloop
  endfacet
  facet normal 6.825511e-01 1.578717e-16 7.308378e-01
    outer loop
      vertex   2.726788e-02 -4.750000e-02 -5.425679e-02
      vertex   2.382221e-02 -6.250000e-02 -5.103878e-02
      vertex   2.726788e-02 -6.250000e-02 -5.425679e-02
    endloop
  endfacet
  facet normal 7.688593e-01 1.778344e-16 6.394180e-01
    outer loop
      vertex   2.726788e-02 -4.750000e-02 -5.425679e-02
      vertex   2.726788e-02 -6.250000e-02 -5.425679e-02
      vertex   3.028252e-02 -4.750000e-02 -5.788171e-02
    endloop
  endfacet
  facet normal 7.688593e-01 -4.137460e-16 6.394180e-01
    outer loop
      vertex   3.028252e-02 -4.750000e-02 -5.788171e-02
      vertex   2.726788e-02 -6.250000e-02 -5.425679e-02
      vertex   3.028252e-02 -6.250000e-02 -5.788171e-02
    endloop
  endfacet
  facet normal 8.430144e-01 -3.026629e-16 5.378910e-01
    outer loop
      vertex   3.028252e-02 -4.750000e-02 -5.788171e-02
      vertex   3.028252e-02 -6.250000e-02 -5.788171e-02
      vertex   3.281851e-02 -4.750000e-02 -6.185625e-02
    endloop
  endfacet
  facet normal 8.430144e-01 -6.387971e-16 5.378910e-01
    outer loop
      vertex   3.281851e-02 -4.750000e-02 -6.185625e-02
      vertex   3.028252e-02 -6.250000e-02 -5.788171e-02
      vertex   3.281851e-02 -6.250000e-02 -6.185625e-02
    endloop
  endfacet
  facet normal 9.038442e-01 -6.160378e-16 4.278618e-01
    outer loop
      vertex   3.281851e-02 -4.750000e-02 -6.185625e-02
      vertex   3.281851e-02 -6.250000e-02 -6.185625e-02
      vertex   3.483574e-02 -4.750000e-02 -6.611758e-02
    endloop
  endfacet
  facet normal 9.038442e-01 0.000000e+00 4.278618e-01
    outer loop
      vertex   3.483574e-02 -4.750000e-02 -6.611758e-02
      vertex   3.281851e-02 -6.250000e-02 -6.185625e-02
      vertex   3.483574e-02 -6.250000e-02 -6.611758e-02
    endloop
  endfacet
  facet normal 9.503872e-01 0.000000e+00 3.110695e-01
    outer loop
      vertex   3.483574e-02 -4.750000e-02 -6.611758e-02
      vertex   3.483574e-02 -6.250000e-02 -6.611758e-02
      vertex   3.630233e-02 -4.750000e-02 -7.059835e-02
    endloop
  endfacet
  facet normal 9.503872e-01 0.000000e+00 3.110695e-01
    outer loop
      vertex   3.630233e-02 -4.750000e-02 -7.059835e-02
      vertex   3.483574e-02 -6.250000e-02 -6.611758e-02
      vertex   3.630233e-02 -6.250000e-02 -7.059835e-02
    endloop
  endfacet
  facet normal 9.819077e-01 0.000000e+00 1.893602e-01
    outer loop
      vertex   3.630233e-02 -4.750000e-02 -7.059835e-02
      vertex   3.630233e-02 -6.250000e-02 -7.059835e-02
      vertex   3.719510e-02 -4.750000e-02 -7.522773e-02
    endloop
  endfacet
  facet normal 9.819077e-01 0.000000e+00 1.893602e-01
    outer loop
      vertex   3.719510e-02 -4.750000e-02 -7.522773e-02
      vertex   3.630233e-02 -6.250000e-02 -7.059835e-02
      vertex   3.719510e-02 -6.250000e-02 -7.522773e-02
    endloop
  endfacet
  facet normal 9.979075e-01 0.000000e+00 6.465772e-02
    outer loop
      vertex   3.719510e-02 -4.750000e-02 -7.522773e-02
      vertex   3.719510e-02 -6.250000e-02 -7.522773e-02
      vertex   3.749994e-02 -4.750000e-02 -7.993254e-02
    endloop
  endfacet
  facet normal 9.979075e-01 0.000000e+00 6.465772e-02
    outer loop
      vertex   3.749994e-02 -4.750000e-02 -7.993254e-02
      vertex   3.719510e-02 -6.250000e-02 -7.522773e-02
      vertex   3.749994e-02 -6.250000e-02 -7.993254e-02
    endloop
  endfacet
  facet normal 9.981337e-01 0.000000e+00 -6.106675e-02
    outer loop
      vertex   3.749994e-02 -4.750000e-02 -7.993254e-02
      vertex   3.749994e-02 -6.250000e-02 -7.993254e-02
      vertex   3.721203e-02 -4.750000e-02 -8.463841e-02
    endloop
  endfacet
  facet normal 9.981337e-01 0.000000e+00 -6.106675e-02
    outer loop
      vertex   3.721203e-02 -4.750000e-02 -8.463841e-02
      vertex   3.749994e-02 -6.250000e-02 -7.993254e-02
      vertex   3.721203e-02 -6.250000e-02 -8.463841e-02
    endloop
  endfacet
  facet normal 9.825827e-01 0.000000e+00 -1.858260e-01
    outer loop
      vertex   3.721203e-02 -4.750000e-02 -8.463841e-02
      vertex   3.721203e-02 -6.250000e-02 -8.463841e-02
      vertex   3.633592e-02 -4.750000e-02 -8.927097e-02
    endloop
  endfacet
  facet normal 9.825827e-01 0.000000e+00 -1.858260e-01
    outer loop
      vertex   3.633592e-02 -4.750000e-02 -8.927097e-02
      vertex   3.721203e-02 -6.250000e-02 -8.463841e-02
      vertex   3.633592e-02 -6.250000e-02 -8.927097e-02
    endloop
  endfacet
  facet normal 9.515003e-01 0.000000e+00 -3.076479e-01
    outer loop
      vertex   3.633592e-02 -4.750000e-02 -8.927097e-02
      vertex   3.633592e-02 -6.250000e-02 -8.927097e-02
      vertex   3.488546e-02 -4.750000e-02 -9.375699e-02
    endloop
  endfacet
  facet normal 9.515003e-01 2.846315e-16 -3.076479e-01
    outer loop
      vertex   3.488546e-02 -4.750000e-02 -9.375699e-02
      vertex   3.633592e-02 -6.250000e-02 -8.927097e-02
      vertex   3.488546e-02 -6.250000e-02 -9.375699e-02
    endloop
  endfacet
  facet normal 9.053778e-01 3.928403e-16 -4.246069e-01
    outer loop
      vertex   3.488546e-02 -4.750000e-02 -9.375699e-02
      vertex   3.488546e-02 -6.250000e-02 -9.375699e-02
      vertex   3.288358e-02 -4.750000e-02 -9.802555e-02
    endloop
  endfacet
  facet normal 9.053778e-01 3.928403e-16 -4.246069e-01
    outer loop
      vertex   3.288358e-02 -4.750000e-02 -9.802555e-02
      vertex   3.488546e-02 -6.250000e-02 -9.375699e-02
      vertex   3.288358e-02 -6.250000e-02 -9.802555e-02
    endloop
  endfacet
  facet normal 8.449443e-01 4.948396e-16 -5.348543e-01
    outer loop
      vertex   3.288358e-02 -4.750000e-02 -9.802555e-02
      vertex   3.288358e-02 -6.250000e-02 -9.802555e-02
      vertex   3.036191e-02 -4.750000e-02 -1.020092e-01
    endloop
  endfacet
  facet normal 8.449443e-01 3.908653e-16 -5.348543e-01
    outer loop
      vertex   3.036191e-02 -4.750000e-02 -1.020092e-01
      vertex   3.288358e-02 -6.250000e-02 -9.802555e-02
      vertex   3.036191e-02 -6.250000e-02 -1.020092e-01
    endloop
  endfacet
  facet normal 7.711550e-01 3.567309e-16 -6.366474e-01
    outer loop
      vertex   3.036191e-02 -4.750000e-02 -1.020092e-01
      vertex   3.036191e-02 -6.250000e-02 -1.020092e-01
      vertex   2.736033e-02 -4.750000e-02 -1.056449e-01
    endloop
  endfacet
  facet normal 7.711550e-01 2.322863e-16 -6.366474e-01
    outer loop
      vertex   2.736033e-02 -4.750000e-02 -1.056449e-01
      vertex   3.036191e-02 -6.250000e-02 -1.020092e-01
      vertex   2.736033e-02 -6.250000e-02 -1.056449e-01
    endloop
  endfacet
  facet normal 6.851763e-01 3.569266e-16 -7.283772e-01
    outer loop
      vertex   2.736033e-02 -4.750000e-02 -1.056449e-01
      vertex   2.736033e-02 -6.250000e-02 -1.056449e-01
      vertex   2.392626e-02 -4.750000e-02 -1.088753e-01
    endloop
  endfacet
  facet normal 6.851763e-01 1.984477e-16 -7.283772e-01
    outer loop
      vertex   2.392626e-02 -4.750000e-02 -1.088753e-01
      vertex   2.736033e-02 -6.250000e-02 -1.056449e-01
      vertex   2.392626e-02 -6.250000e-02 -1.088753e-01
    endloop
  endfacet
  facet normal 5.883673e-01 3.398377e-16 -8.085938e-01
    outer loop
      vertex   2.392626e-02 -4.750000e-02 -1.088753e-01
      vertex   2.392626e-02 -6.250000e-02 -1.088753e-01
      vertex   2.011401e-02 -4.750000e-02 -1.116493e-01
    endloop
  endfacet
  facet normal 5.883673e-01 4.082618e-16 -8.085938e-01
    outer loop
      vertex   2.011401e-02 -4.750000e-02 -1.116493e-01
      vertex   2.392626e-02 -6.250000e-02 -1.088753e-01
      vertex   2.011401e-02 -6.250000e-02 -1.116493e-01
    endloop
  endfacet
  facet normal 4.822581e-01 3.346338e-16 -8.760292e-01
    outer loop
      vertex   2.011401e-02 -4.750000e-02 -1.116493e-01
      vertex   2.011401e-02 -6.250000e-02 -1.116493e-01
      vertex   1.598381e-02 -4.750000e-02 -1.139230e-01
    endloop
  endfacet
  facet normal 4.822581e-01 -2.230892e-16 -8.760292e-01
    outer loop
      vertex   1.598381e-02 -4.750000e-02 -1.139230e-01
      vertex   2.011401e-02 -6.250000e-02 -1.116493e-01
      vertex   1.598381e-02 -6.250000e-02 -1.139230e-01
    endloop
  endfacet
  facet normal 3.685260e-01 -1.704775e-16 -9.296175e-01
    outer loop
      vertex   1.598381e-02 -4.750000e-02 -1.139230e-01
      vertex   1.598381e-02 -6.250000e-02 -1.139230e-01
      vertex   1.160097e-02 -4.750000e-02 -1.156604e-01
    endloop
  endfacet
  facet normal 3.685260e-01 0.000000e+00 -9.296175e-01
    outer loop
      vertex   1.160097e-02 -4.750000e-02 -1.156604e-01
      vertex   1.598381e-02 -6.250000e-02 -1.139230e-01
      vertex   1.160097e-02 -6.250000e-02 -1.156604e-01
    endloop
  endfacet
  facet normal 2.489687e-01 0.000000e+00 -9.685115e-01
    outer loop
      vertex   1.160097e-02 -4.750000e-02 -1.156604e-01
      vertex   1.160097e-02 -6.250000e-02 -1.156604e-01
      vertex   7.034751e-03 -4.750000e-02 -1.168343e-01
    endloop
  endfacet
  facet normal 2.489687e-01 2.879279e-17 -9.685115e-01
    outer loop
      vertex   7.034751e-03 -4.750000e-02 -1.168343e-01
      vertex   1.160097e-02 -6.250000e-02 -1.156604e-01
      vertex   7.034751e-03 -6.250000e-02 -1.168343e-01
    endloop
  endfacet
  facet normal 1.254760e-01 1.451108e-17 -9.920967e-01
    outer loop
      vertex   7.034751e-03 -4.750000e-02 -1.168343e-01
      vertex   7.034751e-03 -6.250000e-02 -1.168343e-01
      vertex   2.357338e-03 -4.750000e-02 -1.174258e-01
    endloop
  endfacet
  facet normal 1.254760e-01 3.627770e-18 -9.920967e-01
    outer loop
      vertex   2.357338e-03 -4.750000e-02 -1.174258e-01
      vertex   7.034751e-03 -6.250000e-02 -1.168343e-01
      vertex   2.357338e-03 -6.250000e-02 -1.174258e-01
    endloop
  endfacet
  facet normal -0.000000e+00 -0.000000e+00 -1.000000e+00
    outer loop
      vertex   2.357338e-03 -4.750000e-02 -1.174258e-01
      vertex   2.357338e-03 -6.250000e-02 -1.174258e-01
      vertex   -2.357338e-03 -4.750000e-02 -1.174258e-01
    endloop
  endfacet
  facet normal 0.000000e+00 0.000000e+00 -1.000000e+00
    outer loop
      vertex   -2.357338e-03 -4.750000e-02 -1.174258e-01
      vertex   2.357338e-03 -6.250000e-02 -1.174258e-01
      vertex   -2.357338e-03 -6.250000e-02 -1.174258e-01
    endloop
  endfacet
  facet normal -1.254760e-01 -1.088331e-17 -9.920967e-01
    outer loop
      vertex   -2.357338e-03 -4.750000e-02 -1.174258e-01
      vertex   -2.357338e-03 -6.250000e-02 -1.174258e-01
      vertex   -7.034751e-03 -4.750000e-02 -1.168343e-01
    endloop
  endfacet
  facet normal -1.254760e-01 -1.451108e-17 -9.920967e-01
    outer loop
      vertex   -7.034751e-03 -4.750000e-02 -1.168343e-01
      vertex   -2.357338e-03 -6.250000e-02 -1.174258e-01
      vertex   -7.034751e-03 -6.250000e-02 -1.168343e-01
    endloop
  endfacet
  facet normal -2.489687e-01 -2.879279e-17 -9.685115e-01
    outer loop
      vertex   -7.034751e-03 -4.750000e-02 -1.168343e-01
      vertex   -7.034751e-03 -6.250000e-02 -1.168343e-01
      vertex   -1.160097e-02 -4.750000e-02 -1.156604e-01
    endloop
  endfacet
  facet normal -2.489687e-01 -0.000000e+00 -9.685115e-01
    outer loop
      vertex   -1.160097e-02 -4.750000e-02 -1.156604e-01
      vertex   -7.034751e-03 -6.250000e-02 -1.168343e-01
      vertex   -1.160097e-02 -6.250000e-02 -1.156604e-01
    endloop
  endfacet
  facet normal -3.685260e-01 -0.000000e+00 -9.296175e-01
    outer loop
      vertex   -1.160097e-02 -4.750000e-02 -1.156604e-01
      vertex   -1.160097e-02 -6.250000e-02 -1.156604e-01
      vertex   -1.598381e-02 -4.750000e-02 -1.139230e-01
    endloop
  endfacet
  facet normal -3.685260e-01 -1.704775e-16 -9.296175e-01
    outer loop
      vertex   -1.598381e-02 -4.750000e-02 -1.139230e-01
      vertex   -1.160097e-02 -6.250000e-02 -1.156604e-01
      vertex   -1.598381e-02 -6.250000e-02 -1.139230e-01
    endloop
  endfacet
  facet normal -4.822581e-01 -2.230892e-16 -8.760292e-01
    outer loop
      vertex   -1.598381e-02 -4.750000e-02 -1.139230e-01
      vertex   -1.598381e-02 -6.250000e-02 -1.139230e-01
      vertex   -2.011401e-02 -4.750000e-02 -1.116493e-01
    endloop
  endfacet
  facet normal -4.822581e-01 -0.000000e+00 -8.760292e-01
    outer loop
      vertex   -2.011401e-02 -4.750000e-02 -1.116493e-01
      vertex   -1.598381e-02 -6.250000e-02 -1.139230e-01
      vertex   -2.011401e-02 -6.250000e-02 -1.116493e-01
    endloop
  endfacet
  facet normal -5.883673e-01 -0.000000e+00 -8.085938e-01
    outer loop
      vertex   -2.011401e-02 -4.750000e-02 -1.116493e-01
      vertex   -2.011401e-02 -6.250000e-02 -1.116493e-01
      vertex   -2.392626e-02 -4.750000e-02 -1.088753e-01
    endloop
  endfacet
  facet normal -5.883673e-01 -0.000000e+00 -8.085938e-01
    outer loop
      vertex   -2.392626e-02 -4.750000e-02 -1.088753e-01
      vertex   -2.011401e-02 -6.250000e-02 -1.116493e-01
      vertex   -2.392626e-02 -6.250000e-02 -1.088753e-01
    endloop
  endfacet
  facet normal -6.851763e-01 -0.000000e+00 -7.283772e-01
    outer loop
      vertex   -2.392626e-02 -4.750000e-02 -1.088753e-01
      vertex   -2.392626e-02 -6.250000e-02 -1.088753e-01
      vertex   -2.736033e-02 -4.750000e-02 -1.056449e-01
    endloop
  endfacet
  facet normal -6.851763e-01 -0.000000e+00 -7.283772e-01
    outer loop
      vertex   -2.736033e-02 -4.750000e-02 -1.056449e-01
      vertex   -2.392626e-02 -6.250000e-02 -1.088753e-01
      vertex   -2.736033e-02 -6.250000e-02 -1.056449e-01
    endloop
  endfacet
  facet normal -7.711550e-01 -0.000000e+00 -6.366474e-01
    outer loop
      vertex   -2.736033e-02 -4.750000e-02 -1.056449e-01
      vertex   -2.736033e-02 -6.250000e-02 -1.056449e-01
      vertex   -3.036191e-02 -4.750000e-02 -1.020092e-01
    endloop
  endfacet
  facet normal -7.711550e-01 -3.567309e-16 -6.366474e-01
    outer loop
      vertex   -3.036191e-02 -4.750000e-02 -1.020092e-01
      vertex   -2.736033e-02 -6.250000e-02 -1.056449e-01
      vertex   -3.036191e-02 -6.250000e-02 -1.020092e-01
    endloop
  endfacet
  facet normal -8.449443e-01 -3.908653e-16 -5.348543e-01
    outer loop
      vertex   -3.036191e-02 -4.750000e-02 -1.020092e-01
      vertex   -3.036191e-02 -6.250000e-02 -1.020092e-01
      vertex   -3.288358e-02 -4.750000e-02 -9.802555e-02
    endloop
  endfacet
  facet normal -8.449443e-01 -3.908653e-16 -5.348543e-01
    outer loop
      vertex   -3.288358e-02 -4.750000e-02 -9.802555e-02
      vertex   -3.036191e-02 -6.250000e-02 -1.020092e-01
      vertex   -3.288358e-02 -6.250000e-02 -9.802555e-02
    endloop
  endfacet
  facet normal -9.053778e-01 -4.188214e-16 -4.246069e-01
    outer loop
      vertex   -3.288358e-02 -4.750000e-02 -9.802555e-02
      vertex   -3.288358e-02 -6.250000e-02 -9.802555e-02
      vertex   -3.488546e-02 -4.750000e-02 -9.375699e-02
    endloop
  endfacet
  facet normal -9.053778e-01 -0.000000e+00 -4.246069e-01
    outer loop
      vertex   -3.488546e-02 -4.750000e-02 -9.375699e-02
      vertex   -3.288358e-02 -6.250000e-02 -9.802555e-02
      vertex   -3.488546e-02 -6.250000e-02 -9.375699e-02
    endloop
  endfacet
  facet normal -9.515003e-01 -0.000000e+00 -3.076479e-01
    outer loop
      vertex   -3.488546e-02 -4.750000e-02 -9.375699e-02
      vertex   -3.488546e-02 -6.250000e-02 -9.375699e-02
      vertex   -3.633592e-02 -4.750000e-02 -8.927097e-02
    endloop
  endfacet
  facet normal -9.515003e-01 -2.846315e-16 -3.076479e-01
    outer loop
      vertex   -3.633592e-02 -4.750000e-02 -8.927097e-02
      vertex   -3.488546e-02 -6.250000e-02 -9.375699e-02
      vertex   -3.633592e-02 -6.250000e-02 -8.927097e-02
    endloop
  endfacet
  facet normal -9.825827e-01 -1.719236e-16 -1.858260e-01
    outer loop
      vertex   -3.633592e-02 -4.750000e-02 -8.927097e-02
      vertex   -3.633592e-02 -6.250000e-02 -8.927097e-02
      vertex   -3.721203e-02 -4.750000e-02 -8.463841e-02
    endloop
  endfacet
  facet normal -9.825827e-01 -1.719236e-16 -1.858260e-01
    outer loop
      vertex   -3.721203e-02 -4.750000e-02 -8.463841e-02
      vertex   -3.633592e-02 -6.250000e-02 -8.927097e-02
      vertex   -3.721203e-02 -6.250000e-02 -8.463841e-02
    endloop
  endfacet
  facet normal -9.981337e-01 -5.649810e-17 -6.106675e-02
    outer loop
      vertex   -3.721203e-02 -4.750000e-02 -8.463841e-02
      vertex   -3.721203e-02 -6.250000e-02 -8.463841e-02
      vertex   -3.749994e-02 -4.750000e-02 -7.993254e-02
    endloop
  endfacet
  facet normal -9.981337e-01 -0.000000e+00 -6.106675e-02
    outer loop
      vertex   -3.749994e-02 -4.750000e-02 -7.993254e-02
      vertex   -3.721203e-02 -6.250000e-02 -8.463841e-02
      vertex   -3.749994e-02 -6.250000e-02 -7.993254e-02
    endloop
  endfacet
  facet normal -9.979075e-01 0.000000e+00 6.465772e-02
    outer loop
      vertex   -3.749994e-02 -4.750000e-02 -7.993254e-02
      vertex   -3.749994e-02 -6.250000e-02 -7.993254e-02
      vertex   -3.719510e-02 -4.750000e-02 -7.522773e-02
    endloop
  endfacet
  facet normal -9.979075e-01 -5.982041e-17 6.465772e-02
    outer loop
      vertex   -3.719510e-02 -4.750000e-02 -7.522773e-02
      vertex   -3.749994e-02 -6.250000e-02 -7.993254e-02
      vertex   -3.719510e-02 -6.250000e-02 -7.522773e-02
    endloop
  endfacet
  facet normal -9.819077e-01 -1.751934e-16 1.893602e-01
    outer loop
      vertex   -3.719510e-02 -4.750000e-02 -7.522773e-02
      vertex   -3.719510e-02 -6.250000e-02 -7.522773e-02
      vertex   -3.630233e-02 -4.750000e-02 -7.059835e-02
    endloop
  endfacet
  facet normal -9.819077e-01 0.000000e+00 1.893602e-01
    outer loop
      vertex   -3.630233e-02 -4.750000e-02 -7.059835e-02
      vertex   -3.719510e-02 -6.250000e-02 -7.522773e-02
      vertex   -3.630233e-02 -6.250000e-02 -7.059835e-02
    endloop
  endfacet
  facet normal -9.503872e-01 0.000000e+00 3.110695e-01
    outer loop
      vertex   -3.630233e-02 -4.750000e-02 -7.059835e-02
      vertex   -3.630233e-02 -6.250000e-02 -7.059835e-02
      vertex   -3.483574e-02 -4.750000e-02 -6.611758e-02
    endloop
  endfacet
  facet normal -9.503872e-01 0.000000e+00 3.110695e-01
    outer loop
      vertex   -3.483574e-02 -4.750000e-02 -6.611758e-02
      vertex   -3.630233e-02 -6.250000e-02 -7.059835e-02
      vertex   -3.483574e-02 -6.250000e-02 -6.611758e-02
    endloop
  endfacet
  facet normal -9.038442e-01 0.000000e+00 4.278618e-01
    outer loop
      vertex   -3.483574e-02 -4.750000e-02 -6.611758e-02
      vertex   -3.483574e-02 -6.250000e-02 -6.611758e-02
      vertex   -3.281851e-02 -4.750000e-02 -6.185625e-02
    endloop
  endfacet
  facet normal -9.038442e-01 -1.979258e-16 4.278618e-01
    outer loop
      vertex   -3.281851e-02 -4.750000e-02 -6.185625e-02
      vertex   -3.483574e-02 -6.250000e-02 -6.611758e-02
      vertex   -3.281851e-02 -6.250000e-02 -6.185625e-02
    endloop
  endfacet
  facet normal -8.430144e-01 -2.488246e-16 5.378910e-01
    outer loop
      vertex   -3.281851e-02 -4.750000e-02 -6.185625e-02
      vertex   -3.281851e-02 -6.250000e-02 -6.185625e-02
      vertex   -3.028252e-02 -4.750000e-02 -5.788171e-02
    endloop
  endfacet
  facet normal -8.430144e-01 1.949862e-16 5.378910e-01
    outer loop
      vertex   -3.028252e-02 -4.750000e-02 -5.788171e-02
      vertex   -3.281851e-02 -6.250000e-02 -6.185625e-02
      vertex   -3.028252e-02 -6.250000e-02 -5.788171e-02
    endloop
  endfacet
  facet normal -7.688593e-01 1.778344e-16 6.394180e-01
    outer loop
      vertex   -3.028252e-02 -4.750000e-02 -5.788171e-02
      vertex   -3.028252e-02 -6.250000e-02 -5.788171e-02
      vertex   -2.726788e-02 -4.750000e-02 -5.425679e-02
    endloop
  endfacet
  facet normal -7.688593e-01 -4.137460e-16 6.394180e-01
    outer loop
      vertex   -2.726788e-02 -4.750000e-02 -5.425679e-02
      vertex   -3.028252e-02 -6.250000e-02 -5.788171e-02
      vertex   -2.726788e-02 -6.250000e-02 -5.425679e-02
    endloop
  endfacet
  facet normal -6.825511e-01 -5.182892e-16 7.308378e-01
    outer loop
      vertex   -2.726788e-02 -4.750000e-02 -5.425679e-02
      vertex   -2.726788e-02 -6.250000e-02 -5.425679e-02
      vertex   -2.382221e-02 -4.750000e-02 -5.103878e-02
    endloop
  endfacet
  facet normal -6.825511e-01 5.182892e-16 7.308378e-01
    outer loop
      vertex   -2.382221e-02 -4.750000e-02 -5.103878e-02
      vertex   -2.726788e-02 -6.250000e-02 -5.425679e-02
      vertex   -2.382221e-02 -6.250000e-02 -5.103878e-02
    endloop
  endfacet
  facet normal -5.854541e-01 6.146399e-16 8.107056e-01
    outer loop
      vertex   -2.382221e-02 -4.750000e-02 -5.103878e-02
      vertex   -2.382221e-02 -6.250000e-02 -5.103878e-02
      vertex   -2.000000e-02 -4.750000e-02 -4.827856e-02
    endloop
  endfacet
  facet normal -5.854541e-01 0.000000e+00 8.107056e-01
    outer loop
      vertex   -2.000000e-02 -4.750000e-02 -4.827856e-02
      vertex   -2.382221e-02 -6.250000e-02 -5.103878e-02
      vertex   -2.000000e-02 -6.250000e-02 -4.827856e-02
    endloop
  endfacet
  facet normal -0.000000e+00 -1.000000e+00 0.000000e+00
    outer loop
      vertex   1.500000e-02 -6.750000e-02 -2.700000e-02
      vertex   -1.500000e-02 -6.750000e-02 -2.700000e-02
      vertex   1.500000e-02 -6.750000e-02 -5.116859e-02
    endloop
  endfacet
  facet normal 0.000000e+00 -1.000000e+00 0.000000e+00
    outer loop
      vertex   1.500000e-02 -6.750000e-02 -5.116859e-02
      vertex   -1.500000e-02 -6.750000e-02 -2.700000e-02
      vertex   -1.500000e-02 -6.750000e-02 -5.116859e-02
    endloop
  endfacet
  facet normal -0.000000e+00 -1.000000e+00 0.000000e+00
    outer loop
      vertex   1.500000e-02 -6.750000e-02 -5.116859e-02
      vertex   -1.500000e-02 -6.750000e-02 -5.116859e-02
      vertex   -8.682409e-04 -6.750000e-02 -7.507596e-02
    endloop
  endfacet
  facet normal -0.000000e+00 -1.000000e+00 0.000000e+00
    outer loop
      vertex   -8.682409e-04 -6.750000e-02 -7.507596e-02
      vertex   -1.500000e-02 -6.750000e-02 -5.116859e-02
      vertex   -2.500000e-03 -6.750000e-02 -7.566987e-02
    endloop
  endfacet
  facet normal -0.000000e+00 -1.000000e+00 0.000000e+00
    outer loop
      vertex   -2.500000e-03 -6.750000e-02 -7.566987e-02
      vertex   -1.500000e-02 -6.750000e-02 -5.116859e-02
      vertex   -3.830222e-03 -6.750000e-02 -7.678606e-02
    endloop
  endfacet
  facet normal 0.000000e+00 -1.000000e+00 0.000000e+00
    outer loop
      vertex   -3.830222e-03 -6.750000e-02 -7.678606e-02
      vertex   -1.500000e-02 -6.750000e-02 -5.116859e-02
      vertex   -1.878391e-02 -6.750000e-02 -5.347803e-02
    endloop
  endfacet
  facet normal -0.000000e+00 -1.000000e+00 0.000000e+00
    outer loop
      vertex   -3.830222e-03 -6.750000e-02 -7.678606e-02
      vertex   -1.878391e-02 -6.750000e-02 -5.347803e-02
      vertex   -4.698463e-03 -6.750000e-02 -7.828990e-02
    endloop
  endfacet
  facet normal 0.000000e+00 -1.000000e+00 0.000000e+00
    outer loop
      vertex   -4.698463e-03 -6.750000e-02 -7.828990e-02
      vertex   -1.878391e-02 -6.750000e-02 -5.347803e-02
      vertex   -2.221834e-02 -6.750000e-02 -5.628091e-02
    endloop
  endfacet
  facet normal 0.000000e+00 -1.000000e+00 0.000000e+00
    outer loop
      vertex   -4.698463e-03 -6.750000e-02 -7.828990e-02
      vertex   -2.221834e-02 -6.750000e-02 -5.628091e-02
      vertex   -2.523940e-02 -6.750000e-02 -5.952508e-02
    endloop
  endfacet
  facet normal 0.000000e+00 -1.000000e+00 -0.000000e+00
    outer loop
      vertex   -2.523940e-02 -6.750000e-02 -5.952508e-02
      vertex   -2.779089e-02 -6.750000e-02 -6.315018e-02
      vertex   -4.698463e-03 -6.750000e-02 -7.828990e-02
    endloop
  endfacet
  facet normal 0.000000e+00 -1.000000e+00 0.000000e+00
    outer loop
      vertex   -4.698463e-03 -6.750000e-02 -7.828990e-02
      vertex   -2.779089e-02 -6.750000e-02 -6.315018e-02
      vertex   -2.982533e-02 -6.750000e-02 -6.708877e-02
    endloop
  endfacet
  facet normal -0.000000e+00 -1.000000e+00 0.000000e+00
    outer loop
      vertex   -4.698463e-03 -6.750000e-02 -7.828990e-02
      vertex   -2.982533e-02 -6.750000e-02 -6.708877e-02
      vertex   -5.000000e-03 -6.750000e-02 -8.000000e-02
    endloop
  endfacet
  facet normal 0.000000e+00 -1.000000e+00 0.000000e+00
    outer loop
      vertex   -5.000000e-03 -6.750000e-02 -8.000000e-02
      vertex   -2.982533e-02 -6.750000e-02 -6.708877e-02
      vertex   -3.130487e-02 -6.750000e-02 -7.126758e-02
    endloop
  endfacet
  facet normal 0.000000e+00 -1.000000e+00 0.000000e+00
    outer loop
      vertex   -5.000000e-03 -6.750000e-02 -8.000000e-02
      vertex   -3.130487e-02 -6.750000e-02 -7.126758e-02
      vertex   -3.220198e-02 -6.750000e-02 -7.560885e-02
    endloop
  endfacet
  facet normal 0.000000e+00 -1.000000e+00 -0.000000e+00
    outer loop
      vertex   -3.220198e-02 -6.750000e-02 -7.560885e-02
      vertex   -3.249998e-02 -6.750000e-02 -8.003182e-02
      vertex   -5.000000e-03 -6.750000e-02 -8.000000e-02
    endloop
  endfacet
  facet normal 0.000000e+00 -1.000000e+00 0.000000e+00
    outer loop
      vertex   -5.000000e-03 -6.750000e-02 -8.000000e-02
      vertex   -3.249998e-02 -6.750000e-02 -8.003182e-02
      vertex   -3.219332e-02 -6.750000e-02 -8.445420e-02
    endloop
  endfacet
  facet normal 0.000000e+00 -1.000000e+00 0.000000e+00
    outer loop
      vertex   -5.000000e-03 -6.750000e-02 -8.000000e-02
      vertex   -3.219332e-02 -6.750000e-02 -8.445420e-02
      vertex   -3.128771e-02 -6.750000e-02 -8.879370e-02
    endloop
  endfacet
  facet normal 0.000000e+00 -1.000000e+00 0.000000e+00
    outer loop
      vertex   -3.128771e-02 -6.750000e-02 -8.879370e-02
      vertex   -2.979999e-02 -6.750000e-02 -9.296960e-02
      vertex   -5.000000e-03 -6.750000e-02 -8.000000e-02
    endloop
  endfacet
  facet normal 0.000000e+00 -1.000000e+00 -0.000000e+00
    outer loop
      vertex   -5.000000e-03 -6.750000e-02 -8.000000e-02
      vertex   -2.979999e-02 -6.750000e-02 -9.296960e-02
      vertex   -4.698463e-03 -6.750000e-02 -8.171010e-02
    endloop
  endfacet
  facet normal 0.000000e+00 -1.000000e+00 0.000000e+00
    outer loop
      vertex   -4.698463e-03 -6.750000e-02 -8.171010e-02
      vertex   -2.979999e-02 -6.750000e-02 -9.296960e-02
      vertex   -2.775784e-02 -6.750000e-02 -9.690421e-02
    endloop
  endfacet
  facet normal 0.000000e+00 -1.000000e+00 0.000000e+00
    outer loop
      vertex   -4.698463e-03 -6.750000e-02 -8.171010e-02
      vertex   -2.775784e-02 -6.750000e-02 -9.690421e-02
      vertex   -2.519926e-02 -6.750000e-02 -1.005243e-01
    endloop
  endfacet
  facet normal 0.000000e+00 -1.000000e+00 0.000000e+00
    outer loop
      vertex   -2.519926e-02 -6.750000e-02 -1.005243e-01
      vertex   -2.217185e-02 -6.750000e-02 -1.037626e-01
      vertex   -4.698463e-03 -6.750000e-02 -8.171010e-02
    endloop
  endfacet
  facet normal 0.000000e+00 -1.000000e+00 0.000000e+00
    outer loop
      vertex   -4.698463e-03 -6.750000e-02 -8.171010e-02
      vertex   -2.217185e-02 -6.750000e-02 -1.037626e-01
      vertex   -1.873194e-02 -6.750000e-02 -1.065587e-01
    endloop
  endfacet
  facet normal 0.000000e+00 -1.000000e+00 -0.000000e+00
    outer loop
      vertex   -4.698463e-03 -6.750000e-02 -8.171010e-02
      vertex   -1.873194e-02 -6.750000e-02 -1.065587e-01
      vertex   -3.830222e-03 -6.750000e-02 -8.321394e-02
    endloop
  endfacet
  facet normal 0.000000e+00 -1.000000e+00 0.000000e+00
    outer loop
      vertex   -3.830222e-03 -6.750000e-02 -8.321394e-02
      vertex   -1.873194e-02 -6.750000e-02 -1.065587e-01
      vertex   -1.494351e-02 -6.750000e-02 -1.088607e-01
    endloop
  endfacet
  facet normal 0.000000e+00 -1.000000e+00 0.000000e+00
    outer loop
      vertex   -3.830222e-03 -6.750000e-02 -8.321394e-02
      vertex   -1.494351e-02 -6.750000e-02 -1.088607e-01
      vertex   -1.087707e-02 -6.750000e-02 -1.106258e-01
    endloop
  endfacet
  facet normal 0.000000e+00 -1.000000e+00 -0.000000e+00
    outer loop
      vertex   -3.830222e-03 -6.750000e-02 -8.321394e-02
      vertex   -1.087707e-02 -6.750000e-02 -1.106258e-01
      vertex   -2.500000e-03 -6.750000e-02 -8.433013e-02
    endloop
  endfacet
  facet normal 0.000000e+00 -1.000000e+00 0.000000e+00
    outer loop
      vertex   -2.500000e-03 -6.750000e-02 -8.433013e-02
      vertex   -1.087707e-02 -6.750000e-02 -1.106258e-01
      vertex   -6.608257e-03 -6.750000e-02 -1.118211e-01
    endloop
  endfacet
  facet normal 0.000000e+00 -1.000000e+00 -0.000000e+00
    outer loop
      vertex   -2.500000e-03 -6.750000e-02 -8.433013e-02
      vertex   -6.608257e-03 -6.750000e-02 -1.118211e-01
      vertex   -8.682409e-04 -6.750000e-02 -8.492404e-02
    endloop
  endfacet
  facet normal 0.000000e+00 -1.000000e+00 0.000000e+00
    outer loop
      vertex   -8.682409e-04 -6.750000e-02 -8.492404e-02
      vertex   -6.608257e-03 -6.750000e-02 -1.118211e-01
      vertex   -2.216498e-03 -6.750000e-02 -1.124243e-01
    endloop
  endfacet
  facet normal 0.000000e+00 -1.000000e+00 -0.000000e+00
    outer loop
      vertex   -8.682409e-04 -6.750000e-02 -8.492404e-02
      vertex   -2.216498e-03 -6.750000e-02 -1.124243e-01
      vertex   8.682409e-04 -6.750000e-02 -8.492404e-02
    endloop
  endfacet
  facet normal 0.000000e+00 -1.000000e+00 -0.000000e+00
    outer loop
      vertex   8.682409e-04 -6.750000e-02 -8.492404e-02
      vertex   -2.216498e-03 -6.750000e-02 -1.124243e-01
      vertex   2.216498e-03 -6.750000e-02 -1.124243e-01
    endloop
  endfacet
  facet normal 0.000000e+00 -1.000000e+00 0.000000e+00
    outer loop
      vertex   8.682409e-04 -6.750000e-02 -8.492404e-02
      vertex   2.216498e-03 -6.750000e-02 -1.124243e-01
      vertex   6.608257e-03 -6.750000e-02 -1.118211e-01
    endloop
  endfacet
  facet normal 0.000000e+00 -1.000000e+00 0.000000e+00
    outer loop
      vertex   8.682409e-04 -6.750000e-02 -8.492404e-02
      vertex   6.608257e-03 -6.750000e-02 -1.118211e-01
      vertex   2.500000e-03 -6.750000e-02 -8.433013e-02
    endloop
  endfacet
  facet normal 0.000000e+00 -1.000000e+00 0.000000e+00
    outer loop
      vertex   2.500000e-03 -6.750000e-02 -8.433013e-02
      vertex   6.608257e-03 -6.750000e-02 -1.118211e-01
      vertex   1.087707e-02 -6.750000e-02 -1.106258e-01
    endloop
  endfacet
  facet normal 0.000000e+00 -1.000000e+00 0.000000e+00
    outer loop
      vertex   2.500000e-03 -6.750000e-02 -8.433013e-02
      vertex   1.087707e-02 -6.750000e-02 -1.106258e-01
      vertex   3.830222e-03 -6.750000e-02 -8.321394e-02
    endloop
  endfacet
  facet normal 0.000000e+00 -1.000000e+00 0.000000e+00
    outer loop
      vertex   3.830222e-03 -6.750000e-02 -8.321394e-02
      vertex   1.087707e-02 -6.750000e-02 -1.106258e-01
      vertex   1.494351e-02 -6.750000e-02 -1.088607e-01
    endloop
  endfacet
  facet normal 0.000000e+00 -1.000000e+00 0.000000e+00
    outer loop
      vertex   3.830222e-03 -6.750000e-02 -8.321394e-02
      vertex   1.494351e-02 -6.750000e-02 -1.088607e-01
      vertex   1.873194e-02 -6.750000e-02 -1.065587e-01
    endloop
  endfacet
  facet normal 0.000000e+00 -1.000000e+00 0.000000e+00
    outer loop
      vertex   3.830222e-03 -6.750000e-02 -8.321394e-02
      vertex   1.873194e-02 -6.750000e-02 -1.065587e-01
      vertex   4.698463e-03 -6.750000e-02 -8.171010e-02
    endloop
  endfacet
  facet normal 0.000000e+00 -1.000000e+00 0.000000e+00
    outer loop
      vertex   4.698463e-03 -6.750000e-02 -8.171010e-02
      vertex   1.873194e-02 -6.750000e-02 -1.065587e-01
      vertex   2.217185e-02 -6.750000e-02 -1.037626e-01
    endloop
  endfacet
  facet normal 0.000000e+00 -1.000000e+00 0.000000e+00
    outer loop
      vertex   4.698463e-03 -6.750000e-02 -8.171010e-02
      vertex   2.217185e-02 -6.750000e-02 -1.037626e-01
      vertex   2.519926e-02 -6.750000e-02 -1.005243e-01
    endloop
  endfacet
  facet normal 0.000000e+00 -1.000000e+00 0.000000e+00
    outer loop
      vertex   2.519926e-02 -6.750000e-02 -1.005243e-01
      vertex   2.775784e-02 -6.750000e-02 -9.690421e-02
      vertex   4.698463e-03 -6.750000e-02 -8.171010e-02
    endloop
  endfacet
  facet normal 0.000000e+00 -1.000000e+00 0.000000e+00
    outer loop
      vertex   4.698463e-03 -6.750000e-02 -8.171010e-02
      vertex   2.775784e-02 -6.750000e-02 -9.690421e-02
      vertex   2.979999e-02 -6.750000e-02 -9.296960e-02
    endloop
  endfacet
  facet normal 0.000000e+00 -1.000000e+00 0.000000e+00
    outer loop
      vertex   4.698463e-03 -6.750000e-02 -8.171010e-02
      vertex   2.979999e-02 -6.750000e-02 -9.296960e-02
      vertex   5.000000e-03 -6.750000e-02 -8.000000e-02
    endloop
  endfacet
  facet normal 0.000000e+00 -1.000000e+00 0.000000e+00
    outer loop
      vertex   5.000000e-03 -6.750000e-02 -8.000000e-02
      vertex   2.979999e-02 -6.750000e-02 -9.296960e-02
      vertex   3.128771e-02 -6.750000e-02 -8.879370e-02
    endloop
  endfacet
  facet normal 0.000000e+00 -1.000000e+00 0.000000e+00
    outer loop
      vertex   5.000000e-03 -6.750000e-02 -8.000000e-02
      vertex   3.128771e-02 -6.750000e-02 -8.879370e-02
      vertex   3.219332e-02 -6.750000e-02 -8.445420e-02
    endloop
  endfacet
  facet normal 0.000000e+00 -1.000000e+00 0.000000e+00
    outer loop
      vertex   3.219332e-02 -6.750000e-02 -8.445420e-02
      vertex   3.249998e-02 -6.750000e-02 -8.003182e-02
      vertex   5.000000e-03 -6.750000e-02 -8.000000e-02
    endloop
  endfacet
  facet normal 0.000000e+00 -1.000000e+00 0.000000e+00
    outer loop
      vertex   5.000000e-03 -6.750000e-02 -8.000000e-02
      vertex   3.249998e-02 -6.750000e-02 -8.003182e-02
      vertex   3.220198e-02 -6.750000e-02 -7.560885e-02
    endloop
  endfacet
  facet normal 0.000000e+00 -1.000000e+00 0.000000e+00
    outer loop
      vertex   5.000000e-03 -6.750000e-02 -8.000000e-02
      vertex   3.220198e-02 -6.750000e-02 -7.560885e-02
      vertex   3.130487e-02 -6.750000e-02 -7.126758e-02
    endloop
  endfacet
  facet normal -0.000000e+00 -1.000000e+00 0.000000e+00
    outer loop
      vertex   3.130487e-02 -6.750000e-02 -7.126758e-02
      vertex   2.982533e-02 -6.750000e-02 -6.708877e-02
      vertex   5.000000e-03 -6.750000e-02 -8.000000e-02
    endloop
  endfacet
  facet normal 0.000000e+00 -1.000000e+00 0.000000e+00
    outer loop
      vertex   5.000000e-03 -6.750000e-02 -8.000000e-02
      vertex   2.982533e-02 -6.750000e-02 -6.708877e-02
      vertex   4.698463e-03 -6.750000e-02 -7.828990e-02
    endloop
  endfacet
  facet normal 0.000000e+00 -1.000000e+00 0.000000e+00
    outer loop
      vertex   4.698463e-03 -6.750000e-02 -7.828990e-02
      vertex   2.982533e-02 -6.750000e-02 -6.708877e-02
      vertex   2.779089e-02 -6.750000e-02 -6.315018e-02
    endloop
  endfacet
  facet normal 0.000000e+00 -1.000000e+00 0.000000e+00
    outer loop
      vertex   4.698463e-03 -6.750000e-02 -7.828990e-02
      vertex   2.779089e-02 -6.750000e-02 -6.315018e-02
      vertex   2.523940e-02 -6.750000e-02 -5.952508e-02
    endloop
  endfacet
  facet normal -0.000000e+00 -1.000000e+00 0.000000e+00
    outer loop
      vertex   2.523940e-02 -6.750000e-02 -5.952508e-02
      vertex   2.221834e-02 -6.750000e-02 -5.628091e-02
      vertex   4.698463e-03 -6.750000e-02 -7.828990e-02
    endloop
  endfacet
  facet normal 0.000000e+00 -1.000000e+00 0.000000e+00
    outer loop
      vertex   4.698463e-03 -6.750000e-02 -7.828990e-02
      vertex   2.221834e-02 -6.750000e-02 -5.628091e-02
      vertex   1.878391e-02 -6.750000e-02 -5.347803e-02
    endloop
  endfacet
  facet normal 0.000000e+00 -1.000000e+00 0.000000e+00
    outer loop
      vertex   4.698463e-03 -6.750000e-02 -7.828990e-02
      vertex   1.878391e-02 -6.750000e-02 -5.347803e-02
      vertex   3.830222e-03 -6.750000e-02 -7.678606e-02
    endloop
  endfacet
  facet normal 0.000000e+00 -1.000000e+00 0.000000e+00
    outer loop
      vertex   3.830222e-03 -6.750000e-02 -7.678606e-02
      vertex   1.878391e-02 -6.750000e-02 -5.347803e-02
      vertex   1.500000e-02 -6.750000e-02 -5.116859e-02
    endloop
  endfacet
  facet normal 0.000000e+00 -1.000000e+00 0.000000e+00
    outer loop
      vertex   3.830222e-03 -6.750000e-02 -7.678606e-02
      vertex   1.500000e-02 -6.750000e-02 -5.116859e-02
      vertex   2.500000e-03 -6.750000e-02 -7.566987e-02
    endloop
  endfacet
  facet normal 0.000000e+00 -1.000000e+00 0.000000e+00
    outer loop
      vertex   2.500000e-03 -6.750000e-02 -7.566987e-02
      vertex   1.500000e-02 -6.750000e-02 -5.116859e-02
      vertex   8.682409e-04 -6.750000e-02 -7.507596e-02
    endloop
  endfacet
  facet normal 0.000000e+00 -1.000000e+00 0.000000e+00
    outer loop
      vertex   8.682409e-04 -6.750000e-02 -7.507596e-02
      vertex   1.500000e-02 -6.750000e-02 -5.116859e-02
      vertex   -8.682409e-04 -6.750000e-02 -7.507596e-02
    endloop
  endfacet
  facet normal -1.564340e-01 -9.876852e-01 2.526652e-03
    outer loop
      vertex   -1.654508e-02 -6.725528e-02 -2.700000e-02
      vertex   -1.591758e-02 -6.741509e-02 -5.061693e-02
      vertex   -1.500000e-02 -6.750000e-02 -2.700000e-02
    endloop
  endfacet
  facet normal -9.311961e-02 -9.956549e-01 3.808009e-05
    outer loop
      vertex   -1.500000e-02 -6.750000e-02 -2.700000e-02
      vertex   -1.591758e-02 -6.741509e-02 -5.061693e-02
      vertex   -1.500999e-02 -6.749999e-02 -5.116253e-02
    endloop
  endfacet
  facet normal -9.987624e-04 -9.999995e-01 3.584355e-19
    outer loop
      vertex   -1.500000e-02 -6.750000e-02 -2.700000e-02
      vertex   -1.500999e-02 -6.749999e-02 -5.116253e-02
      vertex   -1.500000e-02 -6.750000e-02 -5.116859e-02
    endloop
  endfacet
  facet normal -4.539897e-01 -8.910049e-01 1.888556e-03
    outer loop
      vertex   -1.793893e-02 -6.654508e-02 -2.700000e-02
      vertex   -1.764811e-02 -6.674117e-02 -4.960373e-02
      vertex   -1.654508e-02 -6.725528e-02 -2.700000e-02
    endloop
  endfacet
  facet normal -4.467072e-01 -8.946790e-01 1.449619e-03
    outer loop
      vertex   -1.654508e-02 -6.725528e-02 -2.700000e-02
      vertex   -1.764811e-02 -6.674117e-02 -4.960373e-02
      vertex   -1.680582e-02 -6.716252e-02 -5.009259e-02
    endloop
  endfacet
  facet normal -2.739266e-01 -9.617503e-01 -7.706541e-04
    outer loop
      vertex   -1.654508e-02 -6.725528e-02 -2.700000e-02
      vertex   -1.680582e-02 -6.716252e-02 -5.009259e-02
      vertex   -1.591758e-02 -6.741509e-02 -5.061693e-02
    endloop
  endfacet
  facet normal -6.091719e-01 -7.930376e-01 -9.578799e-04
    outer loop
      vertex   -1.764811e-02 -6.674117e-02 -4.960373e-02
      vertex   -1.793893e-02 -6.654508e-02 -2.700000e-02
      vertex   -1.841215e-02 -6.615480e-02 -4.916699e-02
    endloop
  endfacet
  facet normal -7.071043e-01 -7.071043e-01 2.645762e-03
    outer loop
      vertex   -1.841215e-02 -6.615480e-02 -4.916699e-02
      vertex   -1.793893e-02 -6.654508e-02 -2.700000e-02
      vertex   -1.904508e-02 -6.543893e-02 -2.700000e-02
    endloop
  endfacet
  facet normal -7.515380e-01 -6.596897e-01 -1.542023e-04
    outer loop
      vertex   -1.841215e-02 -6.615480e-02 -4.916699e-02
      vertex   -1.904508e-02 -6.543893e-02 -2.700000e-02
      vertex   -1.906569e-02 -6.541035e-02 -4.879825e-02
    endloop
  endfacet
  facet normal -8.679534e-01 -4.966456e-01 1.695702e-04
    outer loop
      vertex   -1.906569e-02 -6.541035e-02 -4.879825e-02
      vertex   -1.904508e-02 -6.543893e-02 -2.700000e-02
      vertex   -1.956938e-02 -6.453001e-02 -4.851701e-02
    endloop
  endfacet
  facet normal -8.910037e-01 -4.539890e-01 2.533119e-03
    outer loop
      vertex   -1.956938e-02 -6.453001e-02 -4.851701e-02
      vertex   -1.904508e-02 -6.543893e-02 -2.700000e-02
      vertex   -1.975528e-02 -6.404508e-02 -2.700000e-02
    endloop
  endfacet
  facet normal -9.511485e-01 -3.087311e-01 -1.260152e-03
    outer loop
      vertex   -1.956938e-02 -6.453001e-02 -4.851701e-02
      vertex   -1.975528e-02 -6.404508e-02 -2.700000e-02
      vertex   -1.989004e-02 -6.354283e-02 -4.833926e-02
    endloop
  endfacet
  facet normal -9.876851e-01 -1.564340e-01 2.555158e-03
    outer loop
      vertex   -1.989004e-02 -6.354283e-02 -4.833926e-02
      vertex   -1.975528e-02 -6.404508e-02 -2.700000e-02
      vertex   -2.000000e-02 -6.250000e-02 -2.700000e-02
    endloop
  endfacet
  facet normal -9.944864e-01 -1.048652e-01 3.244532e-16
    outer loop
      vertex   -1.989004e-02 -6.354283e-02 -4.833926e-02
      vertex   -2.000000e-02 -6.250000e-02 -2.700000e-02
      vertex   -2.000000e-02 -6.250000e-02 -4.827856e-02
    endloop
  endfacet
  facet normal -9.945755e-01 -1.226642e-16 1.040173e-01
    outer loop
      vertex   -2.000000e-02 -3.436932e-02 -2.700000e-02
      vertex   -2.000000e-02 -6.250000e-02 -2.700000e-02
      vertex   -1.989183e-02 -3.452566e-02 -2.596573e-02
    endloop
  endfacet
  facet normal -9.876864e-01 -1.964602e-03 1.564342e-01
    outer loop
      vertex   -1.989183e-02 -3.452566e-02 -2.596573e-02
      vertex   -2.000000e-02 -6.250000e-02 -2.700000e-02
      vertex   -1.975528e-02 -6.250000e-02 -2.545492e-02
    endloop
  endfacet
  facet normal -9.520551e-01 9.390412e-04 3.059252e-01
    outer loop
      vertex   -1.989183e-02 -3.452566e-02 -2.596573e-02
      vertex   -1.975528e-02 -6.250000e-02 -2.545492e-02
      vertex   -1.958023e-02 -3.496459e-02 -2.499467e-02
    endloop
  endfacet
  facet normal -8.910049e-01 -1.923948e-03 4.539897e-01
    outer loop
      vertex   -1.958023e-02 -3.496459e-02 -2.499467e-02
      vertex   -1.975528e-02 -6.250000e-02 -2.545492e-02
      vertex   -1.904508e-02 -6.250000e-02 -2.406107e-02
    endloop
  endfacet
  facet normal -8.718819e-01 -3.409906e-04 4.897160e-01
    outer loop
      vertex   -1.958023e-02 -3.496459e-02 -2.499467e-02
      vertex   -1.904508e-02 -6.250000e-02 -2.406107e-02
      vertex   -1.909458e-02 -3.561610e-02 -2.413047e-02
    endloop
  endfacet
  facet normal -7.594540e-01 2.812194e-04 6.505609e-01
    outer loop
      vertex   -1.909458e-02 -3.561610e-02 -2.413047e-02
      vertex   -1.904508e-02 -6.250000e-02 -2.406107e-02
      vertex   -1.846559e-02 -3.640425e-02 -2.339587e-02
    endloop
  endfacet
  facet normal -7.071049e-01 -2.322631e-03 7.071049e-01
    outer loop
      vertex   -1.846559e-02 -3.640425e-02 -2.339587e-02
      vertex   -1.904508e-02 -6.250000e-02 -2.406107e-02
      vertex   -1.793893e-02 -6.250000e-02 -2.295492e-02
    endloop
  endfacet
  facet normal -6.208815e-01 7.152431e-04 7.839041e-01
    outer loop
      vertex   -1.846559e-02 -3.640425e-02 -2.339587e-02
      vertex   -1.793893e-02 -6.250000e-02 -2.295492e-02
      vertex   -1.771968e-02 -3.726205e-02 -2.280429e-02
    endloop
  endfacet
  facet normal -4.628511e-01 -1.269541e-03 8.864351e-01
    outer loop
      vertex   -1.771968e-02 -3.726205e-02 -2.280429e-02
      vertex   -1.793893e-02 -6.250000e-02 -2.295492e-02
      vertex   -1.687847e-02 -3.813683e-02 -2.236630e-02
    endloop
  endfacet
  facet normal -4.539898e-01 -1.765661e-03 8.910051e-01
    outer loop
      vertex   -1.687847e-02 -3.813683e-02 -2.236630e-02
      vertex   -1.793893e-02 -6.250000e-02 -2.295492e-02
      vertex   -1.654508e-02 -6.250000e-02 -2.224472e-02
    endloop
  endfacet
  facet normal -2.846256e-01 8.894168e-04 9.586383e-01
    outer loop
      vertex   -1.687847e-02 -3.813683e-02 -2.236630e-02
      vertex   -1.654508e-02 -6.250000e-02 -2.224472e-02
      vertex   -1.596327e-02 -3.898308e-02 -2.209379e-02
    endloop
  endfacet
  facet normal -1.564340e-01 -2.468492e-03 9.876853e-01
    outer loop
      vertex   -1.596327e-02 -3.898308e-02 -2.209379e-02
      vertex   -1.654508e-02 -6.250000e-02 -2.224472e-02
      vertex   -1.500000e-02 -6.250000e-02 -2.200000e-02
    endloop
  endfacet
  facet normal -9.690992e-02 -7.819342e-18 9.952932e-01
    outer loop
      vertex   -1.596327e-02 -3.898308e-02 -2.209379e-02
      vertex   -1.500000e-02 -6.250000e-02 -2.200000e-02
      vertex   -1.500000e-02 -3.976493e-02 -2.200000e-02
    endloop
  endfacet
  facet normal -7.074346e-01 -7.067788e-01 1.886255e-16
    outer loop
      vertex   -2.205882e-02 -3.032587e-02 -2.700000e-02
      vertex   -2.205882e-02 -3.032587e-02 -4.000000e-02
      vertex   -2.095383e-02 -3.143189e-02 -2.700000e-02
    endloop
  endfacet
  facet normal -7.074346e-01 -7.067788e-01 -1.698505e-15
    outer loop
      vertex   -2.095383e-02 -3.143189e-02 -2.700000e-02
      vertex   -2.205882e-02 -3.032587e-02 -4.000000e-02
      vertex   -2.095383e-02 -3.143189e-02 -4.000000e-02
    endloop
  endfacet
  facet normal -8.911328e-01 -4.537426e-01 -1.673510e-15
    outer loop
      vertex   -2.095383e-02 -3.143189e-02 -2.700000e-02
      vertex   -2.095383e-02 -3.143189e-02 -4.000000e-02
      vertex   -2.024443e-02 -3.282511e-02 -2.700000e-02
    endloop
  endfacet
  facet normal -8.911328e-01 -4.537426e-01 -1.664782e-15
    outer loop
      vertex   -2.024443e-02 -3.282511e-02 -2.700000e-02
      vertex   -2.095383e-02 -3.143189e-02 -4.000000e-02
      vertex   -2.024443e-02 -3.282511e-02 -4.000000e-02
    endloop
  endfacet
  facet normal -9.877028e-01 -1.563429e-01 -1.845191e-15
    outer loop
      vertex   -2.024443e-02 -3.282511e-02 -2.700000e-02
      vertex   -2.024443e-02 -3.282511e-02 -4.000000e-02
      vertex   -2.000000e-02 -3.436932e-02 -2.700000e-02
    endloop
  endfacet
  facet normal -9.877028e-01 -1.563429e-01 2.635987e-16
    outer loop
      vertex   -2.000000e-02 -3.436932e-02 -2.700000e-02
      vertex   -2.024443e-02 -3.282511e-02 -4.000000e-02
      vertex   -2.000000e-02 -3.436932e-02 -4.000000e-02
    endloop
  endfacet
  facet normal 4.805081e-02 -1.550091e-01 9.867438e-01
    outer loop
      vertex   1.012198e-02 -4.127706e-02 -2.200000e-02
      vertex   1.500000e-02 -3.976493e-02 -2.200000e-02
      vertex   1.090890e-02 -3.947532e-02 -2.175528e-02
    endloop
  endfacet
  facet normal 5.276889e-02 -9.459080e-02 9.941167e-01
    outer loop
      vertex   1.090890e-02 -3.947532e-02 -2.175528e-02
      vertex   1.500000e-02 -3.976493e-02 -2.200000e-02
      vertex   1.535162e-02 -3.860821e-02 -2.190860e-02
    endloop
  endfacet
  facet normal 8.038506e-02 -2.408378e-01 9.672308e-01
    outer loop
      vertex   1.090890e-02 -3.947532e-02 -2.175528e-02
      vertex   1.535162e-02 -3.860821e-02 -2.190860e-02
      vertex   1.498822e-02 -3.811376e-02 -2.175528e-02
    endloop
  endfacet
  facet normal 6.656749e-02 -2.505532e-01 9.658115e-01
    outer loop
      vertex   1.498822e-02 -3.811376e-02 -2.175528e-02
      vertex   1.535162e-02 -3.860821e-02 -2.190860e-02
      vertex   1.572236e-02 -3.746831e-02 -2.163844e-02
    endloop
  endfacet
  facet normal 2.130544e-01 -4.034235e-01 8.898636e-01
    outer loop
      vertex   1.498822e-02 -3.811376e-02 -2.175528e-02
      vertex   1.572236e-02 -3.746831e-02 -2.163844e-02
      vertex   1.447811e-02 -3.681661e-02 -2.104508e-02
    endloop
  endfacet
  facet normal 1.977561e-01 -4.261682e-01 8.827645e-01
    outer loop
      vertex   1.447811e-02 -3.681661e-02 -2.104508e-02
      vertex   1.572236e-02 -3.746831e-02 -2.163844e-02
      vertex   1.609918e-02 -3.638087e-02 -2.119787e-02
    endloop
  endfacet
  facet normal 2.261180e-01 -5.623116e-01 7.954095e-01
    outer loop
      vertex   1.447811e-02 -3.681661e-02 -2.104508e-02
      vertex   1.609918e-02 -3.638087e-02 -2.119787e-02
      vertex   1.646520e-02 -3.538421e-02 -2.059734e-02
    endloop
  endfacet
  facet normal 3.022714e-01 -6.401082e-01 7.063239e-01
    outer loop
      vertex   1.447811e-02 -3.681661e-02 -2.104508e-02
      vertex   1.646520e-02 -3.538421e-02 -2.059734e-02
      vertex   1.407329e-02 -3.578719e-02 -1.993893e-02
    endloop
  endfacet
  facet normal 2.980432e-01 -6.880766e-01 6.616047e-01
    outer loop
      vertex   1.407329e-02 -3.578719e-02 -1.993893e-02
      vertex   1.646520e-02 -3.538421e-02 -2.059734e-02
      vertex   1.679662e-02 -3.452420e-02 -1.985223e-02
    endloop
  endfacet
  facet normal 3.630185e-01 -8.139039e-01 4.536277e-01
    outer loop
      vertex   1.407329e-02 -3.578719e-02 -1.993893e-02
      vertex   1.679662e-02 -3.452420e-02 -1.985223e-02
      vertex   1.381338e-02 -3.512626e-02 -1.854508e-02
    endloop
  endfacet
  facet normal 3.740908e-01 -7.863952e-01 4.915676e-01
    outer loop
      vertex   1.381338e-02 -3.512626e-02 -1.854508e-02
      vertex   1.679662e-02 -3.452420e-02 -1.985223e-02
      vertex   1.706615e-02 -3.385142e-02 -1.898105e-02
    endloop
  endfacet
  facet normal 3.825894e-01 -8.669892e-01 3.193040e-01
    outer loop
      vertex   1.381338e-02 -3.512626e-02 -1.854508e-02
      vertex   1.706615e-02 -3.385142e-02 -1.898105e-02
      vertex   1.724489e-02 -3.341741e-02 -1.801677e-02
    endloop
  endfacet
  facet normal 4.050444e-01 -9.077452e-01 1.092598e-01
    outer loop
      vertex   1.730769e-02 -3.326701e-02 -1.700000e-02
      vertex   1.319855e-02 -3.510055e-02 -1.700000e-02
      vertex   1.724489e-02 -3.341741e-02 -1.801677e-02
    endloop
  endfacet
  facet normal 4.160633e-01 -8.912622e-01 1.803968e-01
    outer loop
      vertex   1.724489e-02 -3.341741e-02 -1.801677e-02
      vertex   1.319855e-02 -3.510055e-02 -1.700000e-02
      vertex   1.381338e-02 -3.512626e-02 -1.854508e-02
    endloop
  endfacet
  facet normal 3.134682e-01 -9.391669e-01 1.403682e-01
    outer loop
      vertex   1.381338e-02 -3.512626e-02 -1.854508e-02
      vertex   1.319855e-02 -3.510055e-02 -1.700000e-02
      vertex   1.005382e-02 -3.638110e-02 -1.854508e-02
    endloop
  endfacet
  facet normal 2.899241e-01 -9.384622e-01 1.877037e-01
    outer loop
      vertex   1.005382e-02 -3.638110e-02 -1.854508e-02
      vertex   1.319855e-02 -3.510055e-02 -1.700000e-02
      vertex   8.899370e-03 -3.642871e-02 -1.700000e-02
    endloop
  endfacet
  facet normal 2.135692e-01 -9.682753e-01 1.297346e-01
    outer loop
      vertex   1.005382e-02 -3.638110e-02 -1.854508e-02
      vertex   8.899370e-03 -3.642871e-02 -1.700000e-02
      vertex   6.183392e-03 -3.723479e-02 -1.854508e-02
    endloop
  endfacet
  facet normal 1.751608e-01 -9.649332e-01 1.955060e-01
    outer loop
      vertex   6.183392e-03 -3.723479e-02 -1.854508e-02
      vertex   8.899370e-03 -3.642871e-02 -1.700000e-02
      vertex   4.472062e-03 -3.723239e-02 -1.700000e-02
    endloop
  endfacet
  facet normal 1.109329e-01 -9.860114e-01 1.244002e-01
    outer loop
      vertex   6.183392e-03 -3.723479e-02 -1.854508e-02
      vertex   4.472062e-03 -3.723239e-02 -1.700000e-02
      vertex   2.244786e-03 -3.767791e-02 -1.854508e-02
    endloop
  endfacet
  facet normal 5.829421e-02 -9.784470e-01 1.980989e-01
    outer loop
      vertex   2.244786e-03 -3.767791e-02 -1.854508e-02
      vertex   4.472062e-03 -3.723239e-02 -1.700000e-02
      vertex   -1.963376e-05 -3.749999e-02 -1.700000e-02
    endloop
  endfacet
  facet normal 6.926095e-03 -9.922080e-01 1.244002e-01
    outer loop
      vertex   2.244786e-03 -3.767791e-02 -1.854508e-02
      vertex   -1.963376e-05 -3.749999e-02 -1.700000e-02
      vertex   -1.718572e-03 -3.770557e-02 -1.854508e-02
    endloop
  endfacet
  facet normal -5.935024e-02 -9.789050e-01 1.955060e-01
    outer loop
      vertex   -1.718572e-03 -3.770557e-02 -1.854508e-02
      vertex   -1.963376e-05 -3.749999e-02 -1.700000e-02
      vertex   -4.511047e-03 -3.722768e-02 -1.700000e-02
    endloop
  endfacet
  facet normal -9.709012e-02 -9.867839e-01 1.297346e-01
    outer loop
      vertex   -1.718572e-03 -3.770557e-02 -1.854508e-02
      vertex   -4.511047e-03 -3.722768e-02 -1.700000e-02
      vertex   -5.662980e-03 -3.731748e-02 -1.854508e-02
    endloop
  endfacet
  facet normal -1.764448e-01 -9.662477e-01 1.877037e-01
    outer loop
      vertex   -5.662980e-03 -3.731748e-02 -1.854508e-02
      vertex   -4.511047e-03 -3.722768e-02 -1.700000e-02
      vertex   -8.937511e-03 -3.641938e-02 -1.700000e-02
    endloop
  endfacet
  facet normal -1.997386e-01 -9.697429e-01 1.403682e-01
    outer loop
      vertex   -5.662980e-03 -3.731748e-02 -1.854508e-02
      vertex   -8.937511e-03 -3.641938e-02 -1.700000e-02
      vertex   -9.544946e-03 -3.651791e-02 -1.854508e-02
    endloop
  endfacet
  facet normal -2.916203e-01 -9.404596e-01 1.746232e-01
    outer loop
      vertex   -9.544946e-03 -3.651791e-02 -1.854508e-02
      vertex   -8.937511e-03 -3.641938e-02 -1.700000e-02
      vertex   -1.323529e-02 -3.508671e-02 -1.700000e-02
    endloop
  endfacet
  facet normal -2.996054e-01 -9.411858e-01 1.562240e-01
    outer loop
      vertex   -9.544946e-03 -3.651791e-02 -1.854508e-02
      vertex   -1.323529e-02 -3.508671e-02 -1.700000e-02
      vertex   -1.332166e-02 -3.531568e-02 -1.854508e-02
    endloop
  endfacet
  facet normal -2.703456e-01 -8.492686e-01 4.534932e-01
    outer loop
      vertex   -1.332166e-02 -3.531568e-02 -1.854508e-02
      vertex   -1.357232e-02 -3.598017e-02 -1.993893e-02
      vertex   -9.544946e-03 -3.651791e-02 -1.854508e-02
    endloop
  endfacet
  facet normal -2.703456e-01 -8.492686e-01 4.534932e-01
    outer loop
      vertex   -9.544946e-03 -3.651791e-02 -1.854508e-02
      vertex   -1.357232e-02 -3.598017e-02 -1.993893e-02
      vertex   -9.724542e-03 -3.720502e-02 -1.993893e-02
    endloop
  endfacet
  facet normal -1.797991e-01 -8.729354e-01 4.534932e-01
    outer loop
      vertex   -9.544946e-03 -3.651791e-02 -1.854508e-02
      vertex   -9.724542e-03 -3.720502e-02 -1.993893e-02
      vertex   -5.662980e-03 -3.731748e-02 -1.854508e-02
    endloop
  endfacet
  facet normal -1.797991e-01 -8.729354e-01 4.534932e-01
    outer loop
      vertex   -5.662980e-03 -3.731748e-02 -1.854508e-02
      vertex   -9.724542e-03 -3.720502e-02 -1.993893e-02
      vertex   -5.769534e-03 -3.801964e-02 -1.993893e-02
    endloop
  endfacet
  facet normal -8.727006e-02 -8.869768e-01 4.534932e-01
    outer loop
      vertex   -5.662980e-03 -3.731748e-02 -1.854508e-02
      vertex   -5.769534e-03 -3.801964e-02 -1.993893e-02
      vertex   -1.718572e-03 -3.770557e-02 -1.854508e-02
    endloop
  endfacet
  facet normal -8.727006e-02 -8.869768e-01 4.534932e-01
    outer loop
      vertex   -1.718572e-03 -3.770557e-02 -1.854508e-02
      vertex   -5.769534e-03 -3.801964e-02 -1.993893e-02
      vertex   -1.750909e-03 -3.841503e-02 -1.993893e-02
    endloop
  endfacet
  facet normal 6.221276e-03 -8.912380e-01 4.534932e-01
    outer loop
      vertex   -1.718572e-03 -3.770557e-02 -1.854508e-02
      vertex   -1.750909e-03 -3.841503e-02 -1.993893e-02
      vertex   2.244786e-03 -3.767791e-02 -1.854508e-02
    endloop
  endfacet
  facet normal 6.221276e-03 -8.912380e-01 4.534932e-01
    outer loop
      vertex   2.244786e-03 -3.767791e-02 -1.854508e-02
      vertex   -1.750909e-03 -3.841503e-02 -1.993893e-02
      vertex   2.287023e-03 -3.838685e-02 -1.993893e-02
    endloop
  endfacet
  facet normal 9.964401e-02 -8.856721e-01 4.534932e-01
    outer loop
      vertex   2.244786e-03 -3.767791e-02 -1.854508e-02
      vertex   2.287023e-03 -3.838685e-02 -1.993893e-02
      vertex   6.183392e-03 -3.723479e-02 -1.854508e-02
    endloop
  endfacet
  facet normal 9.964401e-02 -8.856721e-01 4.534932e-01
    outer loop
      vertex   6.183392e-03 -3.723479e-02 -1.854508e-02
      vertex   2.287023e-03 -3.838685e-02 -1.993893e-02
      vertex   6.299737e-03 -3.793539e-02 -1.993893e-02
    endloop
  endfacet
  facet normal 1.919680e-01 -8.703403e-01 4.534932e-01
    outer loop
      vertex   6.183392e-03 -3.723479e-02 -1.854508e-02
      vertex   6.299737e-03 -3.793539e-02 -1.993893e-02
      vertex   1.005382e-02 -3.638110e-02 -1.854508e-02
    endloop
  endfacet
  facet normal 1.919680e-01 -8.703403e-01 4.534932e-01
    outer loop
      vertex   1.005382e-02 -3.638110e-02 -1.854508e-02
      vertex   6.299737e-03 -3.793539e-02 -1.993893e-02
      vertex   1.024299e-02 -3.706564e-02 -1.993893e-02
    endloop
  endfacet
  facet normal 2.821753e-01 -8.454118e-01 4.534932e-01
    outer loop
      vertex   1.005382e-02 -3.638110e-02 -1.854508e-02
      vertex   1.024299e-02 -3.706564e-02 -1.993893e-02
      vertex   1.381338e-02 -3.512626e-02 -1.854508e-02
    endloop
  endfacet
  facet normal 2.821753e-01 -8.454118e-01 4.534932e-01
    outer loop
      vertex   1.381338e-02 -3.512626e-02 -1.854508e-02
      vertex   1.024299e-02 -3.706564e-02 -1.993893e-02
      vertex   1.407329e-02 -3.578719e-02 -1.993893e-02
    endloop
  endfacet
  facet normal -2.146345e-01 -6.742567e-01 7.066186e-01
    outer loop
      vertex   -1.357232e-02 -3.598017e-02 -1.993893e-02
      vertex   -1.396273e-02 -3.701514e-02 -2.104508e-02
      vertex   -9.724542e-03 -3.720502e-02 -1.993893e-02
    endloop
  endfacet
  facet normal -2.146345e-01 -6.742567e-01 7.066186e-01
    outer loop
      vertex   -9.724542e-03 -3.720502e-02 -1.993893e-02
      vertex   -1.396273e-02 -3.701514e-02 -2.104508e-02
      vertex   -1.000427e-02 -3.827523e-02 -2.104508e-02
    endloop
  endfacet
  facet normal -1.427473e-01 -6.930464e-01 7.066186e-01
    outer loop
      vertex   -9.724542e-03 -3.720502e-02 -1.993893e-02
      vertex   -1.000427e-02 -3.827523e-02 -2.104508e-02
      vertex   -5.769534e-03 -3.801964e-02 -1.993893e-02
    endloop
  endfacet
  facet normal -1.427473e-01 -6.930464e-01 7.066186e-01
    outer loop
      vertex   -5.769534e-03 -3.801964e-02 -1.993893e-02
      vertex   -1.000427e-02 -3.827523e-02 -2.104508e-02
      vertex   -5.935495e-03 -3.911328e-02 -2.104508e-02
    endloop
  endfacet
  facet normal -6.928600e-02 -7.041943e-01 7.066186e-01
    outer loop
      vertex   -5.769534e-03 -3.801964e-02 -1.993893e-02
      vertex   -5.935495e-03 -3.911328e-02 -2.104508e-02
      vertex   -1.750909e-03 -3.841503e-02 -1.993893e-02
    endloop
  endfacet
  facet normal -6.928600e-02 -7.041943e-01 7.066186e-01
    outer loop
      vertex   -1.750909e-03 -3.841503e-02 -1.993893e-02
      vertex   -5.935495e-03 -3.911328e-02 -2.104508e-02
      vertex   -1.801274e-03 -3.952005e-02 -2.104508e-02
    endloop
  endfacet
  facet normal 4.939235e-03 -7.075774e-01 7.066186e-01
    outer loop
      vertex   -1.750909e-03 -3.841503e-02 -1.993893e-02
      vertex   -1.801274e-03 -3.952005e-02 -2.104508e-02
      vertex   2.287023e-03 -3.838685e-02 -1.993893e-02
    endloop
  endfacet
  facet normal 4.939235e-03 -7.075774e-01 7.066186e-01
    outer loop
      vertex   2.287023e-03 -3.838685e-02 -1.993893e-02
      vertex   -1.801274e-03 -3.952005e-02 -2.104508e-02
      vertex   2.352810e-03 -3.949105e-02 -2.104508e-02
    endloop
  endfacet
  facet normal 7.911000e-02 -7.031584e-01 7.066186e-01
    outer loop
      vertex   2.287023e-03 -3.838685e-02 -1.993893e-02
      vertex   2.352810e-03 -3.949105e-02 -2.104508e-02
      vertex   6.299737e-03 -3.793539e-02 -1.993893e-02
    endloop
  endfacet
  facet normal 7.911000e-02 -7.031584e-01 7.066186e-01
    outer loop
      vertex   6.299737e-03 -3.793539e-02 -1.993893e-02
      vertex   2.352810e-03 -3.949105e-02 -2.104508e-02
      vertex   6.480950e-03 -3.902660e-02 -2.104508e-02
    endloop
  endfacet
  facet normal 1.524085e-01 -6.909861e-01 7.066186e-01
    outer loop
      vertex   6.299737e-03 -3.793539e-02 -1.993893e-02
      vertex   6.480950e-03 -3.902660e-02 -2.104508e-02
      vertex   1.024299e-02 -3.706564e-02 -1.993893e-02
    endloop
  endfacet
  facet normal 1.524085e-01 -6.909861e-01 7.066186e-01
    outer loop
      vertex   1.024299e-02 -3.706564e-02 -1.993893e-02
      vertex   6.480950e-03 -3.902660e-02 -2.104508e-02
      vertex   1.053763e-02 -3.813184e-02 -2.104508e-02
    endloop
  endfacet
  facet normal 2.240264e-01 -6.711947e-01 7.066186e-01
    outer loop
      vertex   1.024299e-02 -3.706564e-02 -1.993893e-02
      vertex   1.053763e-02 -3.813184e-02 -2.104508e-02
      vertex   1.407329e-02 -3.578719e-02 -1.993893e-02
    endloop
  endfacet
  facet normal 2.240264e-01 -6.711947e-01 7.066186e-01
    outer loop
      vertex   1.407329e-02 -3.578719e-02 -1.993893e-02
      vertex   1.053763e-02 -3.813184e-02 -2.104508e-02
      vertex   1.447811e-02 -3.681661e-02 -2.104508e-02
    endloop
  endfacet
  facet normal -1.378598e-01 -4.330752e-01 8.907528e-01
    outer loop
      vertex   -1.396273e-02 -3.701514e-02 -2.104508e-02
      vertex   -1.445468e-02 -3.831928e-02 -2.175528e-02
      vertex   -1.000427e-02 -3.827523e-02 -2.104508e-02
    endloop
  endfacet
  facet normal -1.378598e-01 -4.330752e-01 8.907528e-01
    outer loop
      vertex   -1.000427e-02 -3.827523e-02 -2.104508e-02
      vertex   -1.445468e-02 -3.831928e-02 -2.175528e-02
      vertex   -1.035675e-02 -3.962377e-02 -2.175528e-02
    endloop
  endfacet
  facet normal -9.168658e-02 -4.451438e-01 8.907528e-01
    outer loop
      vertex   -1.000427e-02 -3.827523e-02 -2.104508e-02
      vertex   -1.035675e-02 -3.962377e-02 -2.175528e-02
      vertex   -5.935495e-03 -3.911328e-02 -2.104508e-02
    endloop
  endfacet
  facet normal -9.168658e-02 -4.451438e-01 8.907528e-01
    outer loop
      vertex   -5.935495e-03 -3.911328e-02 -2.104508e-02
      vertex   -1.035675e-02 -3.962377e-02 -2.175528e-02
      vertex   -6.144618e-03 -4.049134e-02 -2.175528e-02
    endloop
  endfacet
  facet normal -4.450240e-02 -4.523041e-01 8.907528e-01
    outer loop
      vertex   -5.935495e-03 -3.911328e-02 -2.104508e-02
      vertex   -6.144618e-03 -4.049134e-02 -2.175528e-02
      vertex   -1.801274e-03 -3.952005e-02 -2.104508e-02
    endloop
  endfacet
  facet normal -4.450240e-02 -4.523041e-01 8.907528e-01
    outer loop
      vertex   -1.801274e-03 -3.952005e-02 -2.104508e-02
      vertex   -6.144618e-03 -4.049134e-02 -2.175528e-02
      vertex   -1.864737e-03 -4.091244e-02 -2.175528e-02
    endloop
  endfacet
  facet normal 3.172471e-03 -4.544770e-01 8.907528e-01
    outer loop
      vertex   -1.801274e-03 -3.952005e-02 -2.104508e-02
      vertex   -1.864737e-03 -4.091244e-02 -2.175528e-02
      vertex   2.352810e-03 -3.949105e-02 -2.104508e-02
    endloop
  endfacet
  facet normal 3.172471e-03 -4.544770e-01 8.907528e-01
    outer loop
      vertex   2.352810e-03 -3.949105e-02 -2.104508e-02
      vertex   -1.864737e-03 -4.091244e-02 -2.175528e-02
      vertex   2.435705e-03 -4.088242e-02 -2.175528e-02
    endloop
  endfacet
  facet normal 5.081236e-02 -4.516387e-01 8.907528e-01
    outer loop
      vertex   2.352810e-03 -3.949105e-02 -2.104508e-02
      vertex   2.435705e-03 -4.088242e-02 -2.175528e-02
      vertex   6.480950e-03 -3.902660e-02 -2.104508e-02
    endloop
  endfacet
  facet normal 5.081236e-02 -4.516387e-01 8.907528e-01
    outer loop
      vertex   6.480950e-03 -3.902660e-02 -2.104508e-02
      vertex   2.435705e-03 -4.088242e-02 -2.175528e-02
      vertex   6.709291e-03 -4.040161e-02 -2.175528e-02
    endloop
  endfacet
  facet normal 9.789198e-02 -4.438204e-01 8.907528e-01
    outer loop
      vertex   6.480950e-03 -3.902660e-02 -2.104508e-02
      vertex   6.709291e-03 -4.040161e-02 -2.175528e-02
      vertex   1.053763e-02 -3.813184e-02 -2.104508e-02
    endloop
  endfacet
  facet normal 9.789198e-02 -4.438204e-01 8.907528e-01
    outer loop
      vertex   1.053763e-02 -3.813184e-02 -2.104508e-02
      vertex   6.709291e-03 -4.040161e-02 -2.175528e-02
      vertex   1.090890e-02 -3.947532e-02 -2.175528e-02
    endloop
  endfacet
  facet normal 1.438922e-01 -4.311084e-01 8.907528e-01
    outer loop
      vertex   1.053763e-02 -3.813184e-02 -2.104508e-02
      vertex   1.090890e-02 -3.947532e-02 -2.175528e-02
      vertex   1.447811e-02 -3.681661e-02 -2.104508e-02
    endloop
  endfacet
  facet normal 1.438922e-01 -4.311084e-01 8.907528e-01
    outer loop
      vertex   1.447811e-02 -3.681661e-02 -2.104508e-02
      vertex   1.090890e-02 -3.947532e-02 -2.175528e-02
      vertex   1.498822e-02 -3.811376e-02 -2.175528e-02
    endloop
  endfacet
  facet normal -4.751516e-02 -1.492650e-01 9.876549e-01
    outer loop
      vertex   -1.445468e-02 -3.831928e-02 -2.175528e-02
      vertex   -1.500000e-02 -3.976493e-02 -2.200000e-02
      vertex   -1.035675e-02 -3.962377e-02 -2.175528e-02
    endloop
  endfacet
  facet normal -4.737804e-02 -1.528387e-01 9.871148e-01
    outer loop
      vertex   -1.035675e-02 -3.962377e-02 -2.175528e-02
      vertex   -1.500000e-02 -3.976493e-02 -2.200000e-02
      vertex   -1.012198e-02 -4.127706e-02 -2.200000e-02
    endloop
  endfacet
  facet normal -3.103219e-02 -1.506631e-01 9.880980e-01
    outer loop
      vertex   -1.035675e-02 -3.962377e-02 -2.175528e-02
      vertex   -1.012198e-02 -4.127706e-02 -2.200000e-02
      vertex   -6.144618e-03 -4.049134e-02 -2.175528e-02
    endloop
  endfacet
  facet normal -2.913982e-02 -1.598124e-01 9.867172e-01
    outer loop
      vertex   -6.144618e-03 -4.049134e-02 -2.175528e-02
      vertex   -1.012198e-02 -4.127706e-02 -2.200000e-02
      vertex   -5.097793e-03 -4.219316e-02 -2.200000e-02
    endloop
  endfacet
  facet normal -1.488477e-02 -1.512826e-01 9.883785e-01
    outer loop
      vertex   -6.144618e-03 -4.049134e-02 -2.175528e-02
      vertex   -5.097793e-03 -4.219316e-02 -2.200000e-02
      vertex   -1.864737e-03 -4.091244e-02 -2.175528e-02
    endloop
  endfacet
  facet normal -9.849135e-03 -1.636305e-01 9.864725e-01
    outer loop
      vertex   -1.864737e-03 -4.091244e-02 -2.175528e-02
      vertex   -5.097793e-03 -4.219316e-02 -2.200000e-02
      vertex   1.203927e-17 -4.250000e-02 -2.200000e-02
    endloop
  endfacet
  facet normal 1.055010e-03 -1.511370e-01 9.885123e-01
    outer loop
      vertex   -1.864737e-03 -4.091244e-02 -2.175528e-02
      vertex   1.203927e-17 -4.250000e-02 -2.200000e-02
      vertex   2.435705e-03 -4.088242e-02 -2.175528e-02
    endloop
  endfacet
  facet normal 9.877463e-03 -1.641011e-01 9.863941e-01
    outer loop
      vertex   2.435705e-03 -4.088242e-02 -2.175528e-02
      vertex   1.203927e-17 -4.250000e-02 -2.200000e-02
      vertex   5.097793e-03 -4.219316e-02 -2.200000e-02
    endloop
  endfacet
  facet normal 1.690179e-02 -1.502292e-01 9.885067e-01
    outer loop
      vertex   2.435705e-03 -4.088242e-02 -2.175528e-02
      vertex   5.097793e-03 -4.219316e-02 -2.200000e-02
      vertex   6.709291e-03 -4.040161e-02 -2.175528e-02
    endloop
  endfacet
  facet normal 2.939043e-02 -1.611868e-01 9.864862e-01
    outer loop
      vertex   6.709291e-03 -4.040161e-02 -2.175528e-02
      vertex   5.097793e-03 -4.219316e-02 -2.200000e-02
      vertex   1.012198e-02 -4.127706e-02 -2.200000e-02
    endloop
  endfacet
  facet normal 3.276582e-02 -1.485530e-01 9.883615e-01
    outer loop
      vertex   6.709291e-03 -4.040161e-02 -2.175528e-02
      vertex   1.012198e-02 -4.127706e-02 -2.200000e-02
      vertex   1.090890e-02 -3.947532e-02 -2.175528e-02
    endloop
  endfacet
  facet normal -9.786321e-01 -1.549071e-01 1.352148e-01
    outer loop
      vertex   -2.024443e-02 -3.282511e-02 -2.700000e-02
      vertex   -2.000000e-02 -3.436932e-02 -2.700000e-02
      vertex   -1.999840e-02 -3.353866e-02 -2.603682e-02
    endloop
  endfacet
  facet normal -9.909859e-01 -1.006340e-01 8.842941e-02
    outer loop
      vertex   -1.999840e-02 -3.353866e-02 -2.603682e-02
      vertex   -2.000000e-02 -3.436932e-02 -2.700000e-02
      vertex   -1.989183e-02 -3.452566e-02 -2.596573e-02
    endloop
  endfacet
  facet normal -9.659026e-01 -8.672336e-02 2.439492e-01
    outer loop
      vertex   -1.999840e-02 -3.353866e-02 -2.603682e-02
      vertex   -1.989183e-02 -3.452566e-02 -2.596573e-02
      vertex   -1.974252e-02 -3.381154e-02 -2.512069e-02
    endloop
  endfacet
  facet normal -9.597642e-01 -1.066994e-01 2.597459e-01
    outer loop
      vertex   -1.974252e-02 -3.381154e-02 -2.512069e-02
      vertex   -1.989183e-02 -3.452566e-02 -2.596573e-02
      vertex   -1.958023e-02 -3.496459e-02 -2.499467e-02
    endloop
  endfacet
  facet normal -9.134235e-01 -8.506383e-02 3.980223e-01
    outer loop
      vertex   -1.974252e-02 -3.381154e-02 -2.512069e-02
      vertex   -1.958023e-02 -3.496459e-02 -2.499467e-02
      vertex   -1.934028e-02 -3.422947e-02 -2.428689e-02
    endloop
  endfacet
  facet normal -8.999571e-01 -1.119333e-01 4.213646e-01
    outer loop
      vertex   -1.934028e-02 -3.422947e-02 -2.428689e-02
      vertex   -1.958023e-02 -3.496459e-02 -2.499467e-02
      vertex   -1.909458e-02 -3.561610e-02 -2.413047e-02
    endloop
  endfacet
  facet normal -8.380827e-01 -8.776359e-02 5.384375e-01
    outer loop
      vertex   -1.934028e-02 -3.422947e-02 -2.428689e-02
      vertex   -1.909458e-02 -3.561610e-02 -2.413047e-02
      vertex   -1.881737e-02 -3.475344e-02 -2.355838e-02
    endloop
  endfacet
  facet normal -8.129441e-01 -1.170733e-01 5.704522e-01
    outer loop
      vertex   -1.881737e-02 -3.475344e-02 -2.355838e-02
      vertex   -1.909458e-02 -3.561610e-02 -2.413047e-02
      vertex   -1.846559e-02 -3.640425e-02 -2.339587e-02
    endloop
  endfacet
  facet normal -7.145529e-01 -8.389164e-02 6.945332e-01
    outer loop
      vertex   -1.881737e-02 -3.475344e-02 -2.355838e-02
      vertex   -1.846559e-02 -3.640425e-02 -2.339587e-02
      vertex   -1.787478e-02 -3.564475e-02 -2.269629e-02
    endloop
  endfacet
  facet normal -6.945334e-01 -1.140465e-01 7.103639e-01
    outer loop
      vertex   -1.787478e-02 -3.564475e-02 -2.269629e-02
      vertex   -1.846559e-02 -3.640425e-02 -2.339587e-02
      vertex   -1.771968e-02 -3.726205e-02 -2.280429e-02
    endloop
  endfacet
  facet normal -5.467804e-01 -1.078853e-01 8.302963e-01
    outer loop
      vertex   -1.787478e-02 -3.564475e-02 -2.269629e-02
      vertex   -1.771968e-02 -3.726205e-02 -2.280429e-02
      vertex   -1.679373e-02 -3.658673e-02 -2.210677e-02
    endloop
  endfacet
  facet normal -5.460419e-01 -1.092196e-01 8.306078e-01
    outer loop
      vertex   -1.679373e-02 -3.658673e-02 -2.210677e-02
      vertex   -1.771968e-02 -3.726205e-02 -2.280429e-02
      vertex   -1.687847e-02 -3.813683e-02 -2.236630e-02
    endloop
  endfacet
  facet normal -3.556970e-01 -1.353853e-01 9.247435e-01
    outer loop
      vertex   -1.679373e-02 -3.658673e-02 -2.210677e-02
      vertex   -1.687847e-02 -3.813683e-02 -2.236630e-02
      vertex   -1.563669e-02 -3.750184e-02 -2.179570e-02
    endloop
  endfacet
  facet normal -3.708997e-01 -1.039425e-01 9.228377e-01
    outer loop
      vertex   -1.563669e-02 -3.750184e-02 -2.179570e-02
      vertex   -1.687847e-02 -3.813683e-02 -2.236630e-02
      vertex   -1.596327e-02 -3.898308e-02 -2.209379e-02
    endloop
  endfacet
  facet normal -1.467439e-01 -1.639597e-01 9.754914e-01
    outer loop
      vertex   -1.563669e-02 -3.750184e-02 -2.179570e-02
      vertex   -1.596327e-02 -3.898308e-02 -2.209379e-02
      vertex   -1.445468e-02 -3.831928e-02 -2.175528e-02
    endloop
  endfacet
  facet normal -1.760250e-01 -9.938409e-02 9.793559e-01
    outer loop
      vertex   -1.445468e-02 -3.831928e-02 -2.175528e-02
      vertex   -1.596327e-02 -3.898308e-02 -2.209379e-02
      vertex   -1.500000e-02 -3.976493e-02 -2.200000e-02
    endloop
  endfacet
  facet normal -2.875306e-01 -3.721338e-01 8.825206e-01
    outer loop
      vertex   -1.445468e-02 -3.831928e-02 -2.175528e-02
      vertex   -1.396273e-02 -3.701514e-02 -2.104508e-02
      vertex   -1.563669e-02 -3.750184e-02 -2.179570e-02
    endloop
  endfacet
  facet normal -2.601147e-01 -4.349123e-01 8.620856e-01
    outer loop
      vertex   -1.563669e-02 -3.750184e-02 -2.179570e-02
      vertex   -1.396273e-02 -3.701514e-02 -2.104508e-02
      vertex   -1.526819e-02 -3.629268e-02 -2.107450e-02
    endloop
  endfacet
  facet normal -4.827592e-01 -3.353882e-01 8.089860e-01
    outer loop
      vertex   -1.563669e-02 -3.750184e-02 -2.179570e-02
      vertex   -1.526819e-02 -3.629268e-02 -2.107450e-02
      vertex   -1.679373e-02 -3.658673e-02 -2.210677e-02
    endloop
  endfacet
  facet normal -4.580086e-01 -4.038592e-01 7.919128e-01
    outer loop
      vertex   -1.679373e-02 -3.658673e-02 -2.210677e-02
      vertex   -1.526819e-02 -3.629268e-02 -2.107450e-02
      vertex   -1.656453e-02 -3.546239e-02 -2.140082e-02
    endloop
  endfacet
  facet normal -6.474137e-01 -3.062260e-01 6.979119e-01
    outer loop
      vertex   -1.679373e-02 -3.658673e-02 -2.210677e-02
      vertex   -1.656453e-02 -3.546239e-02 -2.140082e-02
      vertex   -1.787478e-02 -3.564475e-02 -2.269629e-02
    endloop
  endfacet
  facet normal -6.261167e-01 -3.714705e-01 6.855564e-01
    outer loop
      vertex   -1.787478e-02 -3.564475e-02 -2.269629e-02
      vertex   -1.656453e-02 -3.546239e-02 -2.140082e-02
      vertex   -1.779277e-02 -3.459863e-02 -2.205454e-02
    endloop
  endfacet
  facet normal -7.790181e-01 -2.823556e-01 5.598269e-01
    outer loop
      vertex   -1.787478e-02 -3.564475e-02 -2.269629e-02
      vertex   -1.779277e-02 -3.459863e-02 -2.205454e-02
      vertex   -1.881737e-02 -3.475344e-02 -2.355838e-02
    endloop
  endfacet
  facet normal -7.600853e-01 -3.412751e-01 5.529933e-01
    outer loop
      vertex   -1.881737e-02 -3.475344e-02 -2.355838e-02
      vertex   -1.779277e-02 -3.459863e-02 -2.205454e-02
      vertex   -1.887438e-02 -3.377369e-02 -2.303209e-02
    endloop
  endfacet
  facet normal -8.638128e-01 -2.764957e-01 4.211621e-01
    outer loop
      vertex   -1.881737e-02 -3.475344e-02 -2.355838e-02
      vertex   -1.887438e-02 -3.377369e-02 -2.303209e-02
      vertex   -1.934028e-02 -3.422947e-02 -2.428689e-02
    endloop
  endfacet
  facet normal -8.470058e-01 -3.143565e-01 4.286738e-01
    outer loop
      vertex   -1.934028e-02 -3.422947e-02 -2.428689e-02
      vertex   -1.887438e-02 -3.377369e-02 -2.303209e-02
      vertex   -1.947795e-02 -3.328561e-02 -2.386676e-02
    endloop
  endfacet
  facet normal -9.132852e-01 -2.692562e-01 3.056326e-01
    outer loop
      vertex   -1.934028e-02 -3.422947e-02 -2.428689e-02
      vertex   -1.947795e-02 -3.328561e-02 -2.386676e-02
      vertex   -1.974252e-02 -3.381154e-02 -2.512069e-02
    endloop
  endfacet
  facet normal -9.007460e-01 -2.986976e-01 3.153354e-01
    outer loop
      vertex   -1.974252e-02 -3.381154e-02 -2.512069e-02
      vertex   -1.947795e-02 -3.328561e-02 -2.386676e-02
      vertex   -1.994371e-02 -3.289484e-02 -2.482705e-02
    endloop
  endfacet
  facet normal -9.458903e-01 -2.667696e-01 1.847310e-01
    outer loop
      vertex   -1.974252e-02 -3.381154e-02 -2.512069e-02
      vertex   -1.994371e-02 -3.289484e-02 -2.482705e-02
      vertex   -1.999840e-02 -3.353866e-02 -2.603682e-02
    endloop
  endfacet
  facet normal -9.385226e-01 -2.853548e-01 1.942885e-01
    outer loop
      vertex   -1.999840e-02 -3.353866e-02 -2.603682e-02
      vertex   -1.994371e-02 -3.289484e-02 -2.482705e-02
      vertex   -2.024061e-02 -3.263902e-02 -2.588550e-02
    endloop
  endfacet
  facet normal -9.624557e-01 -2.671772e-01 4.791020e-02
    outer loop
      vertex   -1.999840e-02 -3.353866e-02 -2.603682e-02
      vertex   -2.024061e-02 -3.263902e-02 -2.588550e-02
      vertex   -2.024443e-02 -3.282511e-02 -2.700000e-02
    endloop
  endfacet
  facet normal -9.102259e-01 -4.079392e-01 7.123533e-02
    outer loop
      vertex   -2.024443e-02 -3.282511e-02 -2.700000e-02
      vertex   -2.024061e-02 -3.263902e-02 -2.588550e-02
      vertex   -2.043593e-02 -3.218776e-02 -2.579706e-02
    endloop
  endfacet
  facet normal -8.868373e-01 -4.515554e-01 9.806777e-02
    outer loop
      vertex   -2.024443e-02 -3.282511e-02 -2.700000e-02
      vertex   -2.043593e-02 -3.218776e-02 -2.579706e-02
      vertex   -2.095383e-02 -3.143189e-02 -2.700000e-02
    endloop
  endfacet
  facet normal -8.506821e-01 -5.243956e-01 3.673265e-02
    outer loop
      vertex   -2.095383e-02 -3.143189e-02 -2.700000e-02
      vertex   -2.043593e-02 -3.218776e-02 -2.579706e-02
      vertex   -2.086838e-02 -3.147499e-02 -2.563632e-02
    endloop
  endfacet
  facet normal -7.491634e-01 -6.618737e-01 2.602712e-02
    outer loop
      vertex   -2.095383e-02 -3.143189e-02 -2.700000e-02
      vertex   -2.086838e-02 -3.147499e-02 -2.563632e-02
      vertex   -2.141586e-02 -3.084862e-02 -2.546662e-02
    endloop
  endfacet
  facet normal -7.421858e-01 -6.668472e-01 6.689577e-02
    outer loop
      vertex   -2.141586e-02 -3.084862e-02 -2.546662e-02
      vertex   -2.086838e-02 -3.147499e-02 -2.563632e-02
      vertex   -2.106059e-02 -3.109694e-02 -2.400032e-02
    endloop
  endfacet
  facet normal -6.326511e-01 -7.741190e-01 2.218983e-02
    outer loop
      vertex   -2.141586e-02 -3.084862e-02 -2.546662e-02
      vertex   -2.106059e-02 -3.109694e-02 -2.400032e-02
      vertex   -2.186794e-02 -3.046382e-02 -2.493146e-02
    endloop
  endfacet
  facet normal -6.352170e-01 -7.718985e-01 2.592449e-02
    outer loop
      vertex   -2.186794e-02 -3.046382e-02 -2.493146e-02
      vertex   -2.106059e-02 -3.109694e-02 -2.400032e-02
      vertex   -2.131805e-02 -3.085111e-02 -2.298933e-02
    endloop
  endfacet
  facet normal -6.157822e-01 -7.871571e-01 3.458402e-02
    outer loop
      vertex   -2.131805e-02 -3.085111e-02 -2.298933e-02
      vertex   -2.106059e-02 -3.109694e-02 -2.400032e-02
      vertex   -2.049886e-02 -3.147711e-02 -2.265144e-02
    endloop
  endfacet
  facet normal -6.183720e-01 -7.845568e-01 4.568043e-02
    outer loop
      vertex   -2.131805e-02 -3.085111e-02 -2.298933e-02
      vertex   -2.049886e-02 -3.147711e-02 -2.265144e-02
      vertex   -2.046102e-02 -3.142597e-02 -2.126095e-02
    endloop
  endfacet
  facet normal -5.939919e-01 -8.031718e-01 4.570174e-02
    outer loop
      vertex   -2.046102e-02 -3.142597e-02 -2.126095e-02
      vertex   -2.049886e-02 -3.147711e-02 -2.265144e-02
      vertex   -1.976244e-02 -3.195354e-02 -2.145309e-02
    endloop
  endfacet
  facet normal -5.899832e-01 -8.048125e-01 6.478180e-02
    outer loop
      vertex   -2.046102e-02 -3.142597e-02 -2.126095e-02
      vertex   -1.976244e-02 -3.195354e-02 -2.145309e-02
      vertex   -1.935105e-02 -3.212140e-02 -1.979173e-02
    endloop
  endfacet
  facet normal -5.571985e-01 -8.286047e-01 5.425959e-02
    outer loop
      vertex   -1.935105e-02 -3.212140e-02 -1.979173e-02
      vertex   -1.976244e-02 -3.195354e-02 -2.145309e-02
      vertex   -1.841562e-02 -3.276349e-02 -1.999119e-02
    endloop
  endfacet
  facet normal -5.518527e-01 -8.297872e-01 8.313705e-02
    outer loop
      vertex   -1.935105e-02 -3.212140e-02 -1.979173e-02
      vertex   -1.841562e-02 -3.276349e-02 -1.999119e-02
      vertex   -1.803472e-02 -3.287828e-02 -1.860858e-02
    endloop
  endfacet
  facet normal -5.109096e-01 -8.568111e-01 6.961396e-02
    outer loop
      vertex   -1.803472e-02 -3.287828e-02 -1.860858e-02
      vertex   -1.841562e-02 -3.276349e-02 -1.999119e-02
      vertex   -1.683660e-02 -3.361896e-02 -1.893167e-02
    endloop
  endfacet
  facet normal -5.040345e-01 -8.580987e-01 9.806065e-02
    outer loop
      vertex   -1.803472e-02 -3.287828e-02 -1.860858e-02
      vertex   -1.683660e-02 -3.361896e-02 -1.893167e-02
      vertex   -1.655023e-02 -3.365015e-02 -1.773261e-02
    endloop
  endfacet
  facet normal -4.550307e-01 -8.863497e-01 8.562272e-02
    outer loop
      vertex   -1.655023e-02 -3.365015e-02 -1.773261e-02
      vertex   -1.683660e-02 -3.361896e-02 -1.893167e-02
      vertex   -1.509946e-02 -3.444985e-02 -1.830103e-02
    endloop
  endfacet
  facet normal -4.470471e-01 -8.879382e-01 1.082340e-01
    outer loop
      vertex   -1.655023e-02 -3.365015e-02 -1.773261e-02
      vertex   -1.509946e-02 -3.444985e-02 -1.830103e-02
      vertex   -1.493518e-02 -3.439683e-02 -1.718758e-02
    endloop
  endfacet
  facet normal -3.836333e-01 -9.180214e-01 1.003102e-01
    outer loop
      vertex   -1.493518e-02 -3.439683e-02 -1.718758e-02
      vertex   -1.509946e-02 -3.444985e-02 -1.830103e-02
      vertex   -1.323529e-02 -3.508671e-02 -1.700000e-02
    endloop
  endfacet
  facet normal -4.150980e-01 -8.962974e-01 1.560280e-01
    outer loop
      vertex   -1.323529e-02 -3.508671e-02 -1.700000e-02
      vertex   -1.509946e-02 -3.444985e-02 -1.830103e-02
      vertex   -1.332166e-02 -3.531568e-02 -1.854508e-02
    endloop
  endfacet
  facet normal -3.718074e-01 -8.611478e-01 3.466752e-01
    outer loop
      vertex   -1.332166e-02 -3.531568e-02 -1.854508e-02
      vertex   -1.509946e-02 -3.444985e-02 -1.830103e-02
      vertex   -1.504320e-02 -3.495933e-02 -1.950625e-02
    endloop
  endfacet
  facet normal -4.154219e-01 -7.898152e-01 4.512390e-01
    outer loop
      vertex   -1.332166e-02 -3.531568e-02 -1.854508e-02
      vertex   -1.504320e-02 -3.495933e-02 -1.950625e-02
      vertex   -1.357232e-02 -3.598017e-02 -1.993893e-02
    endloop
  endfacet
  facet normal -3.440402e-01 -7.404372e-01 5.773986e-01
    outer loop
      vertex   -1.357232e-02 -3.598017e-02 -1.993893e-02
      vertex   -1.504320e-02 -3.495933e-02 -1.950625e-02
      vertex   -1.514095e-02 -3.573398e-02 -2.055788e-02
    endloop
  endfacet
  facet normal -3.759442e-01 -5.815106e-01 7.214647e-01
    outer loop
      vertex   -1.357232e-02 -3.598017e-02 -1.993893e-02
      vertex   -1.514095e-02 -3.573398e-02 -2.055788e-02
      vertex   -1.526819e-02 -3.629268e-02 -2.107450e-02
    endloop
  endfacet
  facet normal -5.063985e-01 -5.204304e-01 6.875411e-01
    outer loop
      vertex   -1.526819e-02 -3.629268e-02 -2.107450e-02
      vertex   -1.514095e-02 -3.573398e-02 -2.055788e-02
      vertex   -1.656453e-02 -3.546239e-02 -2.140082e-02
    endloop
  endfacet
  facet normal -3.567510e-01 -6.160353e-01 7.023028e-01
    outer loop
      vertex   -1.396273e-02 -3.701514e-02 -2.104508e-02
      vertex   -1.357232e-02 -3.598017e-02 -1.993893e-02
      vertex   -1.526819e-02 -3.629268e-02 -2.107450e-02
    endloop
  endfacet
  facet normal -6.425109e-01 -7.662328e-01 8.190372e-03
    outer loop
      vertex   -2.186794e-02 -3.046382e-02 -2.493146e-02
      vertex   -2.205882e-02 -3.032587e-02 -2.700000e-02
      vertex   -2.141586e-02 -3.084862e-02 -2.546662e-02
    endloop
  endfacet
  facet normal -7.063404e-01 -7.056857e-01 5.559591e-02
    outer loop
      vertex   -2.141586e-02 -3.084862e-02 -2.546662e-02
      vertex   -2.205882e-02 -3.032587e-02 -2.700000e-02
      vertex   -2.095383e-02 -3.143189e-02 -2.700000e-02
    endloop
  endfacet
  facet normal -8.951451e-01 -4.178739e-01 1.552311e-01
    outer loop
      vertex   -2.043593e-02 -3.218776e-02 -2.579706e-02
      vertex   -2.024061e-02 -3.263902e-02 -2.588550e-02
      vertex   -2.012121e-02 -3.243721e-02 -2.465370e-02
    endloop
  endfacet
  facet normal -9.001416e-01 -4.074630e-01 1.540098e-01
    outer loop
      vertex   -2.012121e-02 -3.243721e-02 -2.465370e-02
      vertex   -2.024061e-02 -3.263902e-02 -2.588550e-02
      vertex   -1.994371e-02 -3.289484e-02 -2.482705e-02
    endloop
  endfacet
  facet normal -8.656648e-01 -4.317460e-01 2.534164e-01
    outer loop
      vertex   -2.012121e-02 -3.243721e-02 -2.465370e-02
      vertex   -1.994371e-02 -3.289484e-02 -2.482705e-02
      vertex   -1.962715e-02 -3.281796e-02 -2.361471e-02
    endloop
  endfacet
  facet normal -8.732089e-01 -4.156957e-01 2.543684e-01
    outer loop
      vertex   -1.962715e-02 -3.281796e-02 -2.361471e-02
      vertex   -1.994371e-02 -3.289484e-02 -2.482705e-02
      vertex   -1.947795e-02 -3.328561e-02 -2.386676e-02
    endloop
  endfacet
  facet normal -8.231873e-01 -4.495519e-01 3.467936e-01
    outer loop
      vertex   -1.962715e-02 -3.281796e-02 -2.361471e-02
      vertex   -1.947795e-02 -3.328561e-02 -2.386676e-02
      vertex   -1.898631e-02 -3.329301e-02 -2.270934e-02
    endloop
  endfacet
  facet normal -8.322476e-01 -4.293288e-01 3.507715e-01
    outer loop
      vertex   -1.898631e-02 -3.329301e-02 -2.270934e-02
      vertex   -1.947795e-02 -3.328561e-02 -2.386676e-02
      vertex   -1.887438e-02 -3.377369e-02 -2.303209e-02
    endloop
  endfacet
  facet normal -7.524798e-01 -4.788514e-01 4.521896e-01
    outer loop
      vertex   -1.898631e-02 -3.329301e-02 -2.270934e-02
      vertex   -1.887438e-02 -3.377369e-02 -2.303209e-02
      vertex   -1.783607e-02 -3.409452e-02 -2.164401e-02
    endloop
  endfacet
  facet normal -7.630022e-01 -4.463134e-01 4.675810e-01
    outer loop
      vertex   -1.783607e-02 -3.409452e-02 -2.164401e-02
      vertex   -1.887438e-02 -3.377369e-02 -2.303209e-02
      vertex   -1.779277e-02 -3.459863e-02 -2.205454e-02
    endloop
  endfacet
  facet normal -6.416785e-01 -5.166990e-01 5.668076e-01
    outer loop
      vertex   -1.783607e-02 -3.409452e-02 -2.164401e-02
      vertex   -1.779277e-02 -3.459863e-02 -2.205454e-02
      vertex   -1.652679e-02 -3.493161e-02 -2.092488e-02
    endloop
  endfacet
  facet normal -6.508275e-01 -4.806881e-01 5.876755e-01
    outer loop
      vertex   -1.652679e-02 -3.493161e-02 -2.092488e-02
      vertex   -1.779277e-02 -3.459863e-02 -2.205454e-02
      vertex   -1.656453e-02 -3.546239e-02 -2.140082e-02
    endloop
  endfacet
  facet normal -4.989062e-01 -5.586488e-01 6.625739e-01
    outer loop
      vertex   -1.652679e-02 -3.493161e-02 -2.092488e-02
      vertex   -1.656453e-02 -3.546239e-02 -2.140082e-02
      vertex   -1.514095e-02 -3.573398e-02 -2.055788e-02
    endloop
  endfacet
  facet normal -8.370214e-01 -5.343642e-01 1.176864e-01
    outer loop
      vertex   -2.086838e-02 -3.147499e-02 -2.563632e-02
      vertex   -2.043593e-02 -3.218776e-02 -2.579706e-02
      vertex   -2.052960e-02 -3.171940e-02 -2.433665e-02
    endloop
  endfacet
  facet normal -8.404568e-01 -5.293481e-01 1.158574e-01
    outer loop
      vertex   -2.052960e-02 -3.171940e-02 -2.433665e-02
      vertex   -2.043593e-02 -3.218776e-02 -2.579706e-02
      vertex   -2.012121e-02 -3.243721e-02 -2.465370e-02
    endloop
  endfacet
  facet normal -8.137028e-01 -5.482581e-01 1.931341e-01
    outer loop
      vertex   -2.052960e-02 -3.171940e-02 -2.433665e-02
      vertex   -2.012121e-02 -3.243721e-02 -2.465370e-02
      vertex   -1.999628e-02 -3.209261e-02 -2.314913e-02
    endloop
  endfacet
  facet normal -8.194696e-01 -5.400962e-01 1.917436e-01
    outer loop
      vertex   -1.999628e-02 -3.209261e-02 -2.314913e-02
      vertex   -2.012121e-02 -3.243721e-02 -2.465370e-02
      vertex   -1.962715e-02 -3.281796e-02 -2.361471e-02
    endloop
  endfacet
  facet normal -7.795533e-01 -5.672145e-01 2.656396e-01
    outer loop
      vertex   -1.999628e-02 -3.209261e-02 -2.314913e-02
      vertex   -1.962715e-02 -3.281796e-02 -2.361471e-02
      vertex   -1.930158e-02 -3.255851e-02 -2.210528e-02
    endloop
  endfacet
  facet normal -7.874290e-01 -5.563130e-01 2.654646e-01
    outer loop
      vertex   -1.930158e-02 -3.255851e-02 -2.210528e-02
      vertex   -1.962715e-02 -3.281796e-02 -2.361471e-02
      vertex   -1.898631e-02 -3.329301e-02 -2.270934e-02
    endloop
  endfacet
  facet normal -7.217255e-01 -5.973631e-01 3.496708e-01
    outer loop
      vertex   -1.930158e-02 -3.255851e-02 -2.210528e-02
      vertex   -1.898631e-02 -3.329301e-02 -2.270934e-02
      vertex   -1.804537e-02 -3.334539e-02 -2.085670e-02
    endloop
  endfacet
  facet normal -7.333522e-01 -5.791317e-01 3.560913e-01
    outer loop
      vertex   -1.804537e-02 -3.334539e-02 -2.085670e-02
      vertex   -1.898631e-02 -3.329301e-02 -2.270934e-02
      vertex   -1.783607e-02 -3.409452e-02 -2.164401e-02
    endloop
  endfacet
  facet normal -6.295268e-01 -6.395654e-01 4.411939e-01
    outer loop
      vertex   -1.804537e-02 -3.334539e-02 -2.085670e-02
      vertex   -1.783607e-02 -3.409452e-02 -2.164401e-02
      vertex   -1.659854e-02 -3.416857e-02 -1.998557e-02
    endloop
  endfacet
  facet normal -6.433567e-01 -6.175255e-01 4.524979e-01
    outer loop
      vertex   -1.659854e-02 -3.416857e-02 -1.998557e-02
      vertex   -1.783607e-02 -3.409452e-02 -2.164401e-02
      vertex   -1.652679e-02 -3.493161e-02 -2.092488e-02
    endloop
  endfacet
  facet normal -5.090555e-01 -6.866983e-01 5.189489e-01
    outer loop
      vertex   -1.659854e-02 -3.416857e-02 -1.998557e-02
      vertex   -1.652679e-02 -3.493161e-02 -2.092488e-02
      vertex   -1.504320e-02 -3.495933e-02 -1.950625e-02
    endloop
  endfacet
  facet normal -5.248154e-01 -6.613259e-01 5.359262e-01
    outer loop
      vertex   -1.504320e-02 -3.495933e-02 -1.950625e-02
      vertex   -1.652679e-02 -3.493161e-02 -2.092488e-02
      vertex   -1.514095e-02 -3.573398e-02 -2.055788e-02
    endloop
  endfacet
  facet normal -7.257353e-01 -6.789831e-01 1.108618e-01
    outer loop
      vertex   -2.049886e-02 -3.147711e-02 -2.265144e-02
      vertex   -2.106059e-02 -3.109694e-02 -2.400032e-02
      vertex   -2.052960e-02 -3.171940e-02 -2.433665e-02
    endloop
  endfacet
  facet normal -7.407905e-01 -6.683457e-01 6.740599e-02
    outer loop
      vertex   -2.052960e-02 -3.171940e-02 -2.433665e-02
      vertex   -2.106059e-02 -3.109694e-02 -2.400032e-02
      vertex   -2.086838e-02 -3.147499e-02 -2.563632e-02
    endloop
  endfacet
  facet normal -7.238853e-01 -6.809153e-01 1.111058e-01
    outer loop
      vertex   -2.049886e-02 -3.147711e-02 -2.265144e-02
      vertex   -2.052960e-02 -3.171940e-02 -2.433665e-02
      vertex   -1.999628e-02 -3.209261e-02 -2.314913e-02
    endloop
  endfacet
  facet normal -7.008302e-01 -6.965637e-01 1.537403e-01
    outer loop
      vertex   -1.976244e-02 -3.195354e-02 -2.145309e-02
      vertex   -2.049886e-02 -3.147711e-02 -2.265144e-02
      vertex   -1.999628e-02 -3.209261e-02 -2.314913e-02
    endloop
  endfacet
  facet normal -6.991620e-01 -6.982581e-01 1.536492e-01
    outer loop
      vertex   -1.976244e-02 -3.195354e-02 -2.145309e-02
      vertex   -1.999628e-02 -3.209261e-02 -2.314913e-02
      vertex   -1.930158e-02 -3.255851e-02 -2.210528e-02
    endloop
  endfacet
  facet normal -6.586797e-01 -7.237125e-01 2.058669e-01
    outer loop
      vertex   -1.841562e-02 -3.276349e-02 -1.999119e-02
      vertex   -1.976244e-02 -3.195354e-02 -2.145309e-02
      vertex   -1.930158e-02 -3.255851e-02 -2.210528e-02
    endloop
  endfacet
  facet normal -6.580318e-01 -7.243977e-01 2.055290e-01
    outer loop
      vertex   -1.841562e-02 -3.276349e-02 -1.999119e-02
      vertex   -1.930158e-02 -3.255851e-02 -2.210528e-02
      vertex   -1.804537e-02 -3.334539e-02 -2.085670e-02
    endloop
  endfacet
  facet normal -5.895491e-01 -7.642019e-01 2.615861e-01
    outer loop
      vertex   -1.683660e-02 -3.361896e-02 -1.893167e-02
      vertex   -1.841562e-02 -3.276349e-02 -1.999119e-02
      vertex   -1.804537e-02 -3.334539e-02 -2.085670e-02
    endloop
  endfacet
  facet normal -5.919930e-01 -7.616570e-01 2.634823e-01
    outer loop
      vertex   -1.683660e-02 -3.361896e-02 -1.893167e-02
      vertex   -1.804537e-02 -3.334539e-02 -2.085670e-02
      vertex   -1.659854e-02 -3.416857e-02 -1.998557e-02
    endloop
  endfacet
  facet normal -4.993705e-01 -8.093141e-01 3.092566e-01
    outer loop
      vertex   -1.509946e-02 -3.444985e-02 -1.830103e-02
      vertex   -1.683660e-02 -3.361896e-02 -1.893167e-02
      vertex   -1.659854e-02 -3.416857e-02 -1.998557e-02
    endloop
  endfacet
  facet normal -5.055446e-01 -8.029219e-01 3.158183e-01
    outer loop
      vertex   -1.509946e-02 -3.444985e-02 -1.830103e-02
      vertex   -1.659854e-02 -3.416857e-02 -1.998557e-02
      vertex   -1.504320e-02 -3.495933e-02 -1.950625e-02
    endloop
  endfacet
  facet normal -5.861535e-01 -1.085433e-01 8.028963e-01
    outer loop
      vertex   -1.989004e-02 -6.354283e-02 -4.833926e-02
      vertex   -2.000000e-02 -6.250000e-02 -4.827856e-02
      vertex   -2.123484e-02 -6.404508e-02 -4.938893e-02
    endloop
  endfacet
  facet normal -5.816396e-01 -1.139670e-01 8.054234e-01
    outer loop
      vertex   -2.123484e-02 -6.404508e-02 -4.938893e-02
      vertex   -2.000000e-02 -6.250000e-02 -4.827856e-02
      vertex   -2.382221e-02 -6.250000e-02 -5.103878e-02
    endloop
  endfacet
  facet normal -6.085086e-01 -1.986120e-01 7.682906e-01
    outer loop
      vertex   -2.123484e-02 -6.404508e-02 -4.938893e-02
      vertex   -2.382221e-02 -6.250000e-02 -5.103878e-02
      vertex   -2.493422e-02 -6.404508e-02 -5.231895e-02
    endloop
  endfacet
  facet normal -6.781364e-01 -1.135528e-01 7.261107e-01
    outer loop
      vertex   -2.493422e-02 -6.404508e-02 -5.231895e-02
      vertex   -2.382221e-02 -6.250000e-02 -5.103878e-02
      vertex   -2.726788e-02 -6.250000e-02 -5.425679e-02
    endloop
  endfacet
  facet normal -7.006946e-01 -1.990019e-01 6.851462e-01
    outer loop
      vertex   -2.493422e-02 -6.404508e-02 -5.231895e-02
      vertex   -2.726788e-02 -6.250000e-02 -5.425679e-02
      vertex   -2.823352e-02 -6.404508e-02 -5.569311e-02
    endloop
  endfacet
  facet normal -7.639208e-01 -1.131598e-01 6.353109e-01
    outer loop
      vertex   -2.823352e-02 -6.404508e-02 -5.569311e-02
      vertex   -2.726788e-02 -6.250000e-02 -5.425679e-02
      vertex   -3.028252e-02 -6.250000e-02 -5.788171e-02
    endloop
  endfacet
  facet normal -7.816269e-01 -1.993712e-01 5.910250e-01
    outer loop
      vertex   -2.823352e-02 -6.404508e-02 -5.569311e-02
      vertex   -3.028252e-02 -6.250000e-02 -5.788171e-02
      vertex   -3.107979e-02 -6.404508e-02 -5.945730e-02
    endloop
  endfacet
  facet normal -8.376352e-01 -1.127880e-01 5.344588e-01
    outer loop
      vertex   -3.107979e-02 -6.404508e-02 -5.945730e-02
      vertex   -3.028252e-02 -6.250000e-02 -5.788171e-02
      vertex   -3.281851e-02 -6.250000e-02 -6.185625e-02
    endloop
  endfacet
  facet normal -8.500097e-01 -1.997199e-01 4.874376e-01
    outer loop
      vertex   -3.107979e-02 -6.404508e-02 -5.945730e-02
      vertex   -3.281851e-02 -6.250000e-02 -6.185625e-02
      vertex   -3.342738e-02 -6.404508e-02 -6.355110e-02
    endloop
  endfacet
  facet normal -8.981127e-01 -1.124374e-01 4.251486e-01
    outer loop
      vertex   -3.342738e-02 -6.404508e-02 -6.355110e-02
      vertex   -3.281851e-02 -6.250000e-02 -6.185625e-02
      vertex   -3.483574e-02 -6.250000e-02 -6.611758e-02
    endloop
  endfacet
  facet normal -9.047486e-01 -2.000480e-01 3.760463e-01
    outer loop
      vertex   -3.342738e-02 -6.404508e-02 -6.355110e-02
      vertex   -3.483574e-02 -6.250000e-02 -6.611758e-02
      vertex   -3.523861e-02 -6.404508e-02 -6.790883e-02
    endloop
  endfacet
  facet normal -9.443960e-01 -1.121080e-01 3.091085e-01
    outer loop
      vertex   -3.523861e-02 -6.404508e-02 -6.790883e-02
      vertex   -3.483574e-02 -6.250000e-02 -6.611758e-02
      vertex   -3.630233e-02 -6.250000e-02 -7.059835e-02
    endloop
  endfacet
  facet normal -9.449678e-01 -2.003556e-01 2.586379e-01
    outer loop
      vertex   -3.523861e-02 -6.404508e-02 -6.790883e-02
      vertex   -3.630233e-02 -6.250000e-02 -7.059835e-02
      vertex   -3.648442e-02 -6.404508e-02 -7.246056e-02
    endloop
  endfacet
  facet normal -9.757519e-01 -1.117998e-01 1.881730e-01
    outer loop
      vertex   -3.648442e-02 -6.404508e-02 -7.246056e-02
      vertex   -3.630233e-02 -6.250000e-02 -7.059835e-02
      vertex   -3.719510e-02 -6.250000e-02 -7.522773e-02
    endloop
  endfacet
  facet normal -9.700244e-01 -2.006426e-01 1.370954e-01
    outer loop
      vertex   -3.648442e-02 -6.404508e-02 -7.246056e-02
      vertex   -3.719510e-02 -6.250000e-02 -7.522773e-02
      vertex   -3.714482e-02 -6.404508e-02 -7.713328e-02
    endloop
  endfacet
  facet normal -9.916835e-01 -1.115128e-01 6.425445e-02
    outer loop
      vertex   -3.714482e-02 -6.404508e-02 -7.713328e-02
      vertex   -3.719510e-02 -6.250000e-02 -7.522773e-02
      vertex   -3.749994e-02 -6.250000e-02 -7.993254e-02
    endloop
  endfacet
  facet normal -9.795187e-01 -2.009091e-01 1.336787e-02
    outer loop
      vertex   -3.714482e-02 -6.404508e-02 -7.713328e-02
      vertex   -3.749994e-02 -6.250000e-02 -7.993254e-02
      vertex   -3.720922e-02 -6.404508e-02 -8.185199e-02
    endloop
  endfacet
  facet normal -9.919380e-01 -1.112471e-01 -6.068770e-02
    outer loop
      vertex   -3.720922e-02 -6.404508e-02 -8.185199e-02
      vertex   -3.749994e-02 -6.250000e-02 -7.993254e-02
      vertex   -3.721203e-02 -6.250000e-02 -8.463841e-02
    endloop
  endfacet
  facet normal -9.733000e-01 -2.011550e-01 -1.105608e-01
    outer loop
      vertex   -3.720922e-02 -6.404508e-02 -8.185199e-02
      vertex   -3.721203e-02 -6.250000e-02 -8.463841e-02
      vertex   -3.667658e-02 -6.404508e-02 -8.654098e-02
    endloop
  endfacet
  facet normal -9.765104e-01 -1.110026e-01 -1.846776e-01
    outer loop
      vertex   -3.667658e-02 -6.404508e-02 -8.654098e-02
      vertex   -3.721203e-02 -6.250000e-02 -8.463841e-02
      vertex   -3.633592e-02 -6.250000e-02 -8.927097e-02
    endloop
  endfacet
  facet normal -9.514699e-01 -2.013804e-01 -2.327037e-01
    outer loop
      vertex   -3.667658e-02 -6.404508e-02 -8.654098e-02
      vertex   -3.633592e-02 -6.250000e-02 -8.927097e-02
      vertex   -3.555545e-02 -6.404508e-02 -9.112502e-02
    endloop
  endfacet
  facet normal -9.456438e-01 -1.107794e-01 -3.057543e-01
    outer loop
      vertex   -3.555545e-02 -6.404508e-02 -9.112502e-02
      vertex   -3.633592e-02 -6.250000e-02 -8.927097e-02
      vertex   -3.488546e-02 -6.250000e-02 -9.375699e-02
    endloop
  endfacet
  facet normal -9.143796e-01 -2.015853e-01 -3.511030e-01
    outer loop
      vertex   -3.555545e-02 -6.404508e-02 -9.112502e-02
      vertex   -3.488546e-02 -6.250000e-02 -9.375699e-02
      vertex   -3.386382e-02 -6.404508e-02 -9.553055e-02
    endloop
  endfacet
  facet normal -8.998256e-01 -1.105774e-01 -4.220030e-01
    outer loop
      vertex   -3.386382e-02 -6.404508e-02 -9.553055e-02
      vertex   -3.488546e-02 -6.250000e-02 -9.375699e-02
      vertex   -3.288358e-02 -6.250000e-02 -9.802555e-02
    endloop
  endfacet
  facet normal -8.626252e-01 -2.017697e-01 -4.638607e-01
    outer loop
      vertex   -3.386382e-02 -6.404508e-02 -9.553055e-02
      vertex   -3.288358e-02 -6.250000e-02 -9.802555e-02
      vertex   -3.162882e-02 -6.404508e-02 -9.968689e-02
    endloop
  endfacet
  facet normal -8.397797e-01 -1.103966e-01 -5.315851e-01
    outer loop
      vertex   -3.162882e-02 -6.404508e-02 -9.968689e-02
      vertex   -3.288358e-02 -6.250000e-02 -9.802555e-02
      vertex   -3.036191e-02 -6.250000e-02 -1.020092e-01
    endloop
  endfacet
  facet normal -7.970376e-01 -2.019335e-01 -5.691695e-01
    outer loop
      vertex   -3.162882e-02 -6.404508e-02 -9.968689e-02
      vertex   -3.036191e-02 -6.250000e-02 -1.020092e-01
      vertex   -2.888633e-02 -6.404508e-02 -1.035273e-01
    endloop
  endfacet
  facet normal -7.664551e-01 -1.102371e-01 -6.327672e-01
    outer loop
      vertex   -2.888633e-02 -6.404508e-02 -1.035273e-01
      vertex   -3.036191e-02 -6.250000e-02 -1.020092e-01
      vertex   -2.736033e-02 -6.250000e-02 -1.056449e-01
    endloop
  endfacet
  facet normal -7.186692e-01 -2.020769e-01 -6.653416e-01
    outer loop
      vertex   -2.888633e-02 -6.404508e-02 -1.035273e-01
      vertex   -2.736033e-02 -6.250000e-02 -1.056449e-01
      vertex   -2.568034e-02 -6.404508e-02 -1.069903e-01
    endloop
  endfacet
  facet normal -6.810109e-01 -1.100989e-01 -7.239492e-01
    outer loop
      vertex   -2.568034e-02 -6.404508e-02 -1.069903e-01
      vertex   -2.736033e-02 -6.250000e-02 -1.056449e-01
      vertex   -2.392626e-02 -6.250000e-02 -1.088753e-01
    endloop
  endfacet
  facet normal -6.287772e-01 -2.021998e-01 -7.508358e-01
    outer loop
      vertex   -2.568034e-02 -6.404508e-02 -1.069903e-01
      vertex   -2.392626e-02 -6.250000e-02 -1.088753e-01
      vertex   -2.206230e-02 -6.404508e-02 -1.100202e-01
    endloop
  endfacet
  facet normal -5.847980e-01 -1.099819e-01 -8.036885e-01
    outer loop
      vertex   -2.206230e-02 -6.404508e-02 -1.100202e-01
      vertex   -2.392626e-02 -6.250000e-02 -1.088753e-01
      vertex   -2.011401e-02 -6.250000e-02 -1.116493e-01
    endloop
  endfacet
  facet normal -5.288034e-01 -2.023022e-01 -8.242820e-01
    outer loop
      vertex   -2.206230e-02 -6.404508e-02 -1.100202e-01
      vertex   -2.011401e-02 -6.250000e-02 -1.116493e-01
      vertex   -1.809026e-02 -6.404508e-02 -1.125684e-01
    endloop
  endfacet
  facet normal -4.793376e-01 -1.098862e-01 -8.707241e-01
    outer loop
      vertex   -1.809026e-02 -6.404508e-02 -1.125684e-01
      vertex   -2.011401e-02 -6.250000e-02 -1.116493e-01
      vertex   -1.598381e-02 -6.250000e-02 -1.139230e-01
    endloop
  endfacet
  facet normal -4.203511e-01 -2.023841e-01 -8.845030e-01
    outer loop
      vertex   -1.809026e-02 -6.404508e-02 -1.125684e-01
      vertex   -1.598381e-02 -6.250000e-02 -1.139230e-01
      vertex   -1.382796e-02 -6.404508e-02 -1.145940e-01
    endloop
  endfacet
  facet normal -3.662973e-01 -1.098117e-01 -9.239955e-01
    outer loop
      vertex   -1.382796e-02 -6.404508e-02 -1.145940e-01
      vertex   -1.598381e-02 -6.250000e-02 -1.139230e-01
      vertex   -1.160097e-02 -6.250000e-02 -1.156604e-01
    endloop
  endfacet
  facet normal -3.051592e-01 -2.024455e-01 -9.305341e-01
    outer loop
      vertex   -1.382796e-02 -6.404508e-02 -1.145940e-01
      vertex   -1.160097e-02 -6.250000e-02 -1.156604e-01
      vertex   -9.343779e-03 -6.404508e-02 -1.160645e-01
    endloop
  endfacet
  facet normal -2.474645e-01 -1.097586e-01 -9.626601e-01
    outer loop
      vertex   -9.343779e-03 -6.404508e-02 -1.160645e-01
      vertex   -1.160097e-02 -6.250000e-02 -1.156604e-01
      vertex   -7.034751e-03 -6.250000e-02 -1.168343e-01
    endloop
  endfacet
  facet normal -1.850747e-01 -2.024865e-01 -9.616374e-01
    outer loop
      vertex   -9.343779e-03 -6.404508e-02 -1.160645e-01
      vertex   -7.034751e-03 -6.250000e-02 -1.168343e-01
      vertex   -4.709674e-03 -6.404508e-02 -1.169564e-01
    endloop
  endfacet
  facet normal -1.247184e-01 -1.097267e-01 -9.861062e-01
    outer loop
      vertex   -4.709674e-03 -6.404508e-02 -1.169564e-01
      vertex   -7.034751e-03 -6.250000e-02 -1.168343e-01
      vertex   -2.357338e-03 -6.250000e-02 -1.174258e-01
    endloop
  endfacet
  facet normal -6.202304e-02 -2.025070e-01 -9.773147e-01
    outer loop
      vertex   -4.709674e-03 -6.404508e-02 -1.169564e-01
      vertex   -2.357338e-03 -6.250000e-02 -1.174258e-01
      vertex   1.654467e-17 -6.404508e-02 -1.172553e-01
    endloop
  endfacet
  facet normal 0.000000e+00 -1.097160e-01 -9.939630e-01
    outer loop
      vertex   1.654467e-17 -6.404508e-02 -1.172553e-01
      vertex   -2.357338e-03 -6.250000e-02 -1.174258e-01
      vertex   2.357338e-03 -6.250000e-02 -1.174258e-01
    endloop
  endfacet
  facet normal 6.202304e-02 -2.025070e-01 -9.773147e-01
    outer loop
      vertex   1.654467e-17 -6.404508e-02 -1.172553e-01
      vertex   2.357338e-03 -6.250000e-02 -1.174258e-01
      vertex   4.709674e-03 -6.404508e-02 -1.169564e-01
    endloop
  endfacet
  facet normal 1.247184e-01 -1.097267e-01 -9.861062e-01
    outer loop
      vertex   4.709674e-03 -6.404508e-02 -1.169564e-01
      vertex   2.357338e-03 -6.250000e-02 -1.174258e-01
      vertex   7.034751e-03 -6.250000e-02 -1.168343e-01
    endloop
  endfacet
  facet normal 1.850747e-01 -2.024865e-01 -9.616374e-01
    outer loop
      vertex   4.709674e-03 -6.404508e-02 -1.169564e-01
      vertex   7.034751e-03 -6.250000e-02 -1.168343e-01
      vertex   9.343779e-03 -6.404508e-02 -1.160645e-01
    endloop
  endfacet
  facet normal 2.474645e-01 -1.097586e-01 -9.626601e-01
    outer loop
      vertex   9.343779e-03 -6.404508e-02 -1.160645e-01
      vertex   7.034751e-03 -6.250000e-02 -1.168343e-01
      vertex   1.160097e-02 -6.250000e-02 -1.156604e-01
    endloop
  endfacet
  facet normal 3.051592e-01 -2.024455e-01 -9.305341e-01
    outer loop
      vertex   9.343779e-03 -6.404508e-02 -1.160645e-01
      vertex   1.160097e-02 -6.250000e-02 -1.156604e-01
      vertex   1.382796e-02 -6.404508e-02 -1.145940e-01
    endloop
  endfacet
  facet normal 3.662973e-01 -1.098117e-01 -9.239955e-01
    outer loop
      vertex   1.382796e-02 -6.404508e-02 -1.145940e-01
      vertex   1.160097e-02 -6.250000e-02 -1.156604e-01
      vertex   1.598381e-02 -6.250000e-02 -1.139230e-01
    endloop
  endfacet
  facet normal 4.203511e-01 -2.023841e-01 -8.845030e-01
    outer loop
      vertex   1.382796e-02 -6.404508e-02 -1.145940e-01
      vertex   1.598381e-02 -6.250000e-02 -1.139230e-01
      vertex   1.809026e-02 -6.404508e-02 -1.125684e-01
    endloop
  endfacet
  facet normal 4.793376e-01 -1.098862e-01 -8.707241e-01
    outer loop
      vertex   1.809026e-02 -6.404508e-02 -1.125684e-01
      vertex   1.598381e-02 -6.250000e-02 -1.139230e-01
      vertex   2.011401e-02 -6.250000e-02 -1.116493e-01
    endloop
  endfacet
  facet normal 5.288034e-01 -2.023022e-01 -8.242820e-01
    outer loop
      vertex   1.809026e-02 -6.404508e-02 -1.125684e-01
      vertex   2.011401e-02 -6.250000e-02 -1.116493e-01
      vertex   2.206230e-02 -6.404508e-02 -1.100202e-01
    endloop
  endfacet
  facet normal 5.847980e-01 -1.099819e-01 -8.036885e-01
    outer loop
      vertex   2.206230e-02 -6.404508e-02 -1.100202e-01
      vertex   2.011401e-02 -6.250000e-02 -1.116493e-01
      vertex   2.392626e-02 -6.250000e-02 -1.088753e-01
    endloop
  endfacet
  facet normal 6.287772e-01 -2.021998e-01 -7.508358e-01
    outer loop
      vertex   2.206230e-02 -6.404508e-02 -1.100202e-01
      vertex   2.392626e-02 -6.250000e-02 -1.088753e-01
      vertex   2.568034e-02 -6.404508e-02 -1.069903e-01
    endloop
  endfacet
  facet normal 6.810109e-01 -1.100989e-01 -7.239492e-01
    outer loop
      vertex   2.568034e-02 -6.404508e-02 -1.069903e-01
      vertex   2.392626e-02 -6.250000e-02 -1.088753e-01
      vertex   2.736033e-02 -6.250000e-02 -1.056449e-01
    endloop
  endfacet
  facet normal 7.186692e-01 -2.020769e-01 -6.653416e-01
    outer loop
      vertex   2.568034e-02 -6.404508e-02 -1.069903e-01
      vertex   2.736033e-02 -6.250000e-02 -1.056449e-01
      vertex   2.888633e-02 -6.404508e-02 -1.035273e-01
    endloop
  endfacet
  facet normal 7.664551e-01 -1.102371e-01 -6.327672e-01
    outer loop
      vertex   2.888633e-02 -6.404508e-02 -1.035273e-01
      vertex   2.736033e-02 -6.250000e-02 -1.056449e-01
      vertex   3.036191e-02 -6.250000e-02 -1.020092e-01
    endloop
  endfacet
  facet normal 7.970376e-01 -2.019335e-01 -5.691695e-01
    outer loop
      vertex   2.888633e-02 -6.404508e-02 -1.035273e-01
      vertex   3.036191e-02 -6.250000e-02 -1.020092e-01
      vertex   3.162882e-02 -6.404508e-02 -9.968689e-02
    endloop
  endfacet
  facet normal 8.397797e-01 -1.103966e-01 -5.315851e-01
    outer loop
      vertex   3.162882e-02 -6.404508e-02 -9.968689e-02
      vertex   3.036191e-02 -6.250000e-02 -1.020092e-01
      vertex   3.288358e-02 -6.250000e-02 -9.802555e-02
    endloop
  endfacet
  facet normal 8.626252e-01 -2.017697e-01 -4.638607e-01
    outer loop
      vertex   3.162882e-02 -6.404508e-02 -9.968689e-02
      vertex   3.288358e-02 -6.250000e-02 -9.802555e-02
      vertex   3.386382e-02 -6.404508e-02 -9.553055e-02
    endloop
  endfacet
  facet normal 8.998256e-01 -1.105774e-01 -4.220030e-01
    outer loop
      vertex   3.386382e-02 -6.404508e-02 -9.553055e-02
      vertex   3.288358e-02 -6.250000e-02 -9.802555e-02
      vertex   3.488546e-02 -6.250000e-02 -9.375699e-02
    endloop
  endfacet
  facet normal 9.143796e-01 -2.015853e-01 -3.511030e-01
    outer loop
      vertex   3.386382e-02 -6.404508e-02 -9.553055e-02
      vertex   3.488546e-02 -6.250000e-02 -9.375699e-02
      vertex   3.555545e-02 -6.404508e-02 -9.112502e-02
    endloop
  endfacet
  facet normal 9.456438e-01 -1.107794e-01 -3.057543e-01
    outer loop
      vertex   3.555545e-02 -6.404508e-02 -9.112502e-02
      vertex   3.488546e-02 -6.250000e-02 -9.375699e-02
      vertex   3.633592e-02 -6.250000e-02 -8.927097e-02
    endloop
  endfacet
  facet normal 9.514699e-01 -2.013804e-01 -2.327037e-01
    outer loop
      vertex   3.555545e-02 -6.404508e-02 -9.112502e-02
      vertex   3.633592e-02 -6.250000e-02 -8.927097e-02
      vertex   3.667658e-02 -6.404508e-02 -8.654098e-02
    endloop
  endfacet
  facet normal 9.765104e-01 -1.110026e-01 -1.846776e-01
    outer loop
      vertex   3.667658e-02 -6.404508e-02 -8.654098e-02
      vertex   3.633592e-02 -6.250000e-02 -8.927097e-02
      vertex   3.721203e-02 -6.250000e-02 -8.463841e-02
    endloop
  endfacet
  facet normal 9.733000e-01 -2.011550e-01 -1.105608e-01
    outer loop
      vertex   3.667658e-02 -6.404508e-02 -8.654098e-02
      vertex   3.721203e-02 -6.250000e-02 -8.463841e-02
      vertex   3.720922e-02 -6.404508e-02 -8.185199e-02
    endloop
  endfacet
  facet normal 9.919380e-01 -1.112471e-01 -6.068770e-02
    outer loop
      vertex   3.720922e-02 -6.404508e-02 -8.185199e-02
      vertex   3.721203e-02 -6.250000e-02 -8.463841e-02
      vertex   3.749994e-02 -6.250000e-02 -7.993254e-02
    endloop
  endfacet
  facet normal 9.795187e-01 -2.009091e-01 1.336787e-02
    outer loop
      vertex   3.720922e-02 -6.404508e-02 -8.185199e-02
      vertex   3.749994e-02 -6.250000e-02 -7.993254e-02
      vertex   3.714482e-02 -6.404508e-02 -7.713328e-02
    endloop
  endfacet
  facet normal 9.916835e-01 -1.115128e-01 6.425445e-02
    outer loop
      vertex   3.714482e-02 -6.404508e-02 -7.713328e-02
      vertex   3.749994e-02 -6.250000e-02 -7.993254e-02
      vertex   3.719510e-02 -6.250000e-02 -7.522773e-02
    endloop
  endfacet
  facet normal 9.700244e-01 -2.006426e-01 1.370954e-01
    outer loop
      vertex   3.714482e-02 -6.404508e-02 -7.713328e-02
      vertex   3.719510e-02 -6.250000e-02 -7.522773e-02
      vertex   3.648442e-02 -6.404508e-02 -7.246056e-02
    endloop
  endfacet
  facet normal 9.757519e-01 -1.117998e-01 1.881730e-01
    outer loop
      vertex   3.648442e-02 -6.404508e-02 -7.246056e-02
      vertex   3.719510e-02 -6.250000e-02 -7.522773e-02
      vertex   3.630233e-02 -6.250000e-02 -7.059835e-02
    endloop
  endfacet
  facet normal 9.449678e-01 -2.003556e-01 2.586379e-01
    outer loop
      vertex   3.648442e-02 -6.404508e-02 -7.246056e-02
      vertex   3.630233e-02 -6.250000e-02 -7.059835e-02
      vertex   3.523861e-02 -6.404508e-02 -6.790883e-02
    endloop
  endfacet
  facet normal 9.443960e-01 -1.121080e-01 3.091085e-01
    outer loop
      vertex   3.523861e-02 -6.404508e-02 -6.790883e-02
      vertex   3.630233e-02 -6.250000e-02 -7.059835e-02
      vertex   3.483574e-02 -6.250000e-02 -6.611758e-02
    endloop
  endfacet
  facet normal 9.047486e-01 -2.000480e-01 3.760463e-01
    outer loop
      vertex   3.523861e-02 -6.404508e-02 -6.790883e-02
      vertex   3.483574e-02 -6.250000e-02 -6.611758e-02
      vertex   3.342738e-02 -6.404508e-02 -6.355110e-02
    endloop
  endfacet
  facet normal 8.981127e-01 -1.124374e-01 4.251486e-01
    outer loop
      vertex   3.342738e-02 -6.404508e-02 -6.355110e-02
      vertex   3.483574e-02 -6.250000e-02 -6.611758e-02
      vertex   3.281851e-02 -6.250000e-02 -6.185625e-02
    endloop
  endfacet
  facet normal 8.500097e-01 -1.997199e-01 4.874376e-01
    outer loop
      vertex   3.342738e-02 -6.404508e-02 -6.355110e-02
      vertex   3.281851e-02 -6.250000e-02 -6.185625e-02
      vertex   3.107979e-02 -6.404508e-02 -5.945730e-02
    endloop
  endfacet
  facet normal 8.376352e-01 -1.127880e-01 5.344588e-01
    outer loop
      vertex   3.107979e-02 -6.404508e-02 -5.945730e-02
      vertex   3.281851e-02 -6.250000e-02 -6.185625e-02
      vertex   3.028252e-02 -6.250000e-02 -5.788171e-02
    endloop
  endfacet
  facet normal 7.816269e-01 -1.993712e-01 5.910250e-01
    outer loop
      vertex   3.107979e-02 -6.404508e-02 -5.945730e-02
      vertex   3.028252e-02 -6.250000e-02 -5.788171e-02
      vertex   2.823352e-02 -6.404508e-02 -5.569311e-02
    endloop
  endfacet
  facet normal 7.639208e-01 -1.131598e-01 6.353109e-01
    outer loop
      vertex   2.823352e-02 -6.404508e-02 -5.569311e-02
      vertex   3.028252e-02 -6.250000e-02 -5.788171e-02
      vertex   2.726788e-02 -6.250000e-02 -5.425679e-02
    endloop
  endfacet
  facet normal 7.006946e-01 -1.990019e-01 6.851462e-01
    outer loop
      vertex   2.823352e-02 -6.404508e-02 -5.569311e-02
      vertex   2.726788e-02 -6.250000e-02 -5.425679e-02
      vertex   2.493422e-02 -6.404508e-02 -5.231895e-02
    endloop
  endfacet
  facet normal 6.781364e-01 -1.135528e-01 7.261107e-01
    outer loop
      vertex   2.493422e-02 -6.404508e-02 -5.231895e-02
      vertex   2.726788e-02 -6.250000e-02 -5.425679e-02
      vertex   2.382221e-02 -6.250000e-02 -5.103878e-02
    endloop
  endfacet
  facet normal 6.085086e-01 -1.986120e-01 7.682906e-01
    outer loop
      vertex   2.493422e-02 -6.404508e-02 -5.231895e-02
      vertex   2.382221e-02 -6.250000e-02 -5.103878e-02
      vertex   2.123484e-02 -6.404508e-02 -4.938893e-02
    endloop
  endfacet
  facet normal 5.816396e-01 -1.139670e-01 8.054234e-01
    outer loop
      vertex   2.123484e-02 -6.404508e-02 -4.938893e-02
      vertex   2.382221e-02 -6.250000e-02 -5.103878e-02
      vertex   2.000000e-02 -6.250000e-02 -4.827856e-02
    endloop
  endfacet
  facet normal 5.861527e-01 -1.085443e-01 8.028968e-01
    outer loop
      vertex   2.123484e-02 -6.404508e-02 -4.938893e-02
      vertex   2.000000e-02 -6.250000e-02 -4.827856e-02
      vertex   1.989004e-02 -6.354283e-02 -4.833926e-02
    endloop
  endfacet
  facet normal 5.102539e-01 -3.101840e-01 8.021389e-01
    outer loop
      vertex   1.989004e-02 -6.354283e-02 -4.833926e-02
      vertex   1.956937e-02 -6.453002e-02 -4.851702e-02
      vertex   2.123484e-02 -6.404508e-02 -4.938893e-02
    endloop
  endfacet
  facet normal 5.134230e-01 -4.539800e-01 7.282162e-01
    outer loop
      vertex   2.123484e-02 -6.404508e-02 -4.938893e-02
      vertex   1.956937e-02 -6.453002e-02 -4.851702e-02
      vertex   2.083004e-02 -6.543893e-02 -4.997247e-02
    endloop
  endfacet
  facet normal 5.534349e-01 -4.532664e-01 6.987556e-01
    outer loop
      vertex   2.123484e-02 -6.404508e-02 -4.938893e-02
      vertex   2.083004e-02 -6.543893e-02 -4.997247e-02
      vertex   2.493422e-02 -6.404508e-02 -5.231895e-02
    endloop
  endfacet
  facet normal 5.534349e-01 -4.532664e-01 6.987556e-01
    outer loop
      vertex   2.493422e-02 -6.404508e-02 -5.231895e-02
      vertex   2.083004e-02 -6.543893e-02 -4.997247e-02
      vertex   2.445890e-02 -6.543893e-02 -5.284663e-02
    endloop
  endfacet
  facet normal 6.373289e-01 -4.532664e-01 6.231865e-01
    outer loop
      vertex   2.493422e-02 -6.404508e-02 -5.231895e-02
      vertex   2.445890e-02 -6.543893e-02 -5.284663e-02
      vertex   2.823352e-02 -6.404508e-02 -5.569311e-02
    endloop
  endfacet
  facet normal 6.373289e-01 -4.532664e-01 6.231865e-01
    outer loop
      vertex   2.823352e-02 -6.404508e-02 -5.569311e-02
      vertex   2.445890e-02 -6.543893e-02 -5.284663e-02
      vertex   2.769530e-02 -6.543893e-02 -5.615648e-02
    endloop
  endfacet
  facet normal 7.109967e-01 -4.532664e-01 5.376181e-01
    outer loop
      vertex   2.823352e-02 -6.404508e-02 -5.569311e-02
      vertex   2.769530e-02 -6.543893e-02 -5.615648e-02
      vertex   3.107979e-02 -6.404508e-02 -5.945730e-02
    endloop
  endfacet
  facet normal 7.109967e-01 -4.532664e-01 5.376181e-01
    outer loop
      vertex   3.107979e-02 -6.404508e-02 -5.945730e-02
      vertex   2.769530e-02 -6.543893e-02 -5.615648e-02
      vertex   3.048732e-02 -6.543893e-02 -5.984890e-02
    endloop
  endfacet
  facet normal 7.732562e-01 -4.532664e-01 4.434234e-01
    outer loop
      vertex   3.107979e-02 -6.404508e-02 -5.945730e-02
      vertex   3.048732e-02 -6.543893e-02 -5.984890e-02
      vertex   3.342738e-02 -6.404508e-02 -6.355110e-02
    endloop
  endfacet
  facet normal 7.732562e-01 -4.532664e-01 4.434234e-01
    outer loop
      vertex   3.342738e-02 -6.404508e-02 -6.355110e-02
      vertex   3.048732e-02 -6.543893e-02 -5.984890e-02
      vertex   3.279015e-02 -6.543893e-02 -6.386466e-02
    endloop
  endfacet
  facet normal 8.231086e-01 -4.532664e-01 3.421138e-01
    outer loop
      vertex   3.342738e-02 -6.404508e-02 -6.355110e-02
      vertex   3.279015e-02 -6.543893e-02 -6.386466e-02
      vertex   3.523861e-02 -6.404508e-02 -6.790883e-02
    endloop
  endfacet
  facet normal 8.231086e-01 -4.532664e-01 3.421138e-01
    outer loop
      vertex   3.523861e-02 -6.404508e-02 -6.790883e-02
      vertex   3.279015e-02 -6.543893e-02 -6.386466e-02
      vertex   3.456686e-02 -6.543893e-02 -6.813932e-02
    endloop
  endfacet
  facet normal 8.597537e-01 -4.532664e-01 2.353148e-01
    outer loop
      vertex   3.523861e-02 -6.404508e-02 -6.790883e-02
      vertex   3.456686e-02 -6.543893e-02 -6.813932e-02
      vertex   3.648442e-02 -6.404508e-02 -7.246056e-02
    endloop
  endfacet
  facet normal 8.597537e-01 -4.532664e-01 2.353148e-01
    outer loop
      vertex   3.648442e-02 -6.404508e-02 -7.246056e-02
      vertex   3.456686e-02 -6.543893e-02 -6.813932e-02
      vertex   3.578892e-02 -6.543893e-02 -7.260429e-02
    endloop
  endfacet
  facet normal 8.826038e-01 -4.532664e-01 1.247400e-01
    outer loop
      vertex   3.648442e-02 -6.404508e-02 -7.246056e-02
      vertex   3.578892e-02 -6.543893e-02 -7.260429e-02
      vertex   3.714482e-02 -6.404508e-02 -7.713328e-02
    endloop
  endfacet
  facet normal 8.826038e-01 -4.532664e-01 1.247400e-01
    outer loop
      vertex   3.714482e-02 -6.404508e-02 -7.713328e-02
      vertex   3.578892e-02 -6.543893e-02 -7.260429e-02
      vertex   3.643673e-02 -6.543893e-02 -7.718792e-02
    endloop
  endfacet
  facet normal 8.912921e-01 -4.532664e-01 1.216381e-02
    outer loop
      vertex   3.714482e-02 -6.404508e-02 -7.713328e-02
      vertex   3.643673e-02 -6.543893e-02 -7.718792e-02
      vertex   3.720922e-02 -6.404508e-02 -8.185199e-02
    endloop
  endfacet
  facet normal 8.912921e-01 -4.532664e-01 1.216381e-02
    outer loop
      vertex   3.720922e-02 -6.404508e-02 -8.185199e-02
      vertex   3.643673e-02 -6.543893e-02 -7.718792e-02
      vertex   3.649990e-02 -6.543893e-02 -8.181668e-02
    endloop
  endfacet
  facet normal 8.856792e-01 -4.532664e-01 -1.006076e-01
    outer loop
      vertex   3.720922e-02 -6.404508e-02 -8.185199e-02
      vertex   3.649990e-02 -6.543893e-02 -8.181668e-02
      vertex   3.667658e-02 -6.404508e-02 -8.654098e-02
    endloop
  endfacet
  facet normal 8.856792e-01 -4.532664e-01 -1.006076e-01
    outer loop
      vertex   3.667658e-02 -6.404508e-02 -8.654098e-02
      vertex   3.649990e-02 -6.543893e-02 -8.181668e-02
      vertex   3.597742e-02 -6.543893e-02 -8.641629e-02
    endloop
  endfacet
  facet normal 8.658552e-01 -4.532664e-01 -2.117647e-01
    outer loop
      vertex   3.667658e-02 -6.404508e-02 -8.654098e-02
      vertex   3.597742e-02 -6.543893e-02 -8.641629e-02
      vertex   3.555545e-02 -6.404508e-02 -9.112502e-02
    endloop
  endfacet
  facet normal 8.658552e-01 -4.532664e-01 -2.117647e-01
    outer loop
      vertex   3.555545e-02 -6.404508e-02 -9.112502e-02
      vertex   3.597742e-02 -6.543893e-02 -8.641629e-02
      vertex   3.487766e-02 -6.543893e-02 -9.091294e-02
    endloop
  endfacet
  facet normal 8.321382e-01 -4.532664e-01 -3.195240e-01
    outer loop
      vertex   3.555545e-02 -6.404508e-02 -9.112502e-02
      vertex   3.487766e-02 -6.543893e-02 -9.091294e-02
      vertex   3.386382e-02 -6.404508e-02 -9.553055e-02
    endloop
  endfacet
  facet normal 8.321382e-01 -4.532664e-01 -3.195240e-01
    outer loop
      vertex   3.386382e-02 -6.404508e-02 -9.553055e-02
      vertex   3.487766e-02 -6.543893e-02 -9.091294e-02
      vertex   3.321827e-02 -6.543893e-02 -9.523449e-02
    endloop
  endfacet
  facet normal 7.850691e-01 -4.532664e-01 -4.221563e-01
    outer loop
      vertex   3.386382e-02 -6.404508e-02 -9.553055e-02
      vertex   3.321827e-02 -6.543893e-02 -9.523449e-02
      vertex   3.162882e-02 -6.404508e-02 -9.968689e-02
    endloop
  endfacet
  facet normal 7.850691e-01 -4.532664e-01 -4.221563e-01
    outer loop
      vertex   3.162882e-02 -6.404508e-02 -9.968689e-02
      vertex   3.321827e-02 -6.543893e-02 -9.523449e-02
      vertex   3.102588e-02 -6.543893e-02 -9.931160e-02
    endloop
  endfacet
  facet normal 7.254033e-01 -4.532664e-01 -5.180150e-01
    outer loop
      vertex   3.162882e-02 -6.404508e-02 -9.968689e-02
      vertex   3.102588e-02 -6.543893e-02 -9.931160e-02
      vertex   2.888633e-02 -6.404508e-02 -1.035273e-01
    endloop
  endfacet
  facet normal 7.254033e-01 -4.532664e-01 -5.180150e-01
    outer loop
      vertex   2.888633e-02 -6.404508e-02 -1.035273e-01
      vertex   3.102588e-02 -6.543893e-02 -9.931160e-02
      vertex   2.833567e-02 -6.543893e-02 -1.030788e-01
    endloop
  endfacet
  facet normal 6.540981e-01 -4.532664e-01 -6.055619e-01
    outer loop
      vertex   2.888633e-02 -6.404508e-02 -1.035273e-01
      vertex   2.833567e-02 -6.543893e-02 -1.030788e-01
      vertex   2.568034e-02 -6.404508e-02 -1.069903e-01
    endloop
  endfacet
  facet normal 6.540981e-01 -4.532664e-01 -6.055619e-01
    outer loop
      vertex   2.568034e-02 -6.404508e-02 -1.069903e-01
      vertex   2.833567e-02 -6.543893e-02 -1.030788e-01
      vertex   2.519080e-02 -6.543893e-02 -1.064758e-01
    endloop
  endfacet
  facet normal 5.722976e-01 -4.532664e-01 -6.833923e-01
    outer loop
      vertex   2.568034e-02 -6.404508e-02 -1.069903e-01
      vertex   2.519080e-02 -6.543893e-02 -1.064758e-01
      vertex   2.206230e-02 -6.404508e-02 -1.100202e-01
    endloop
  endfacet
  facet normal 5.722976e-01 -4.532664e-01 -6.833923e-01
    outer loop
      vertex   2.206230e-02 -6.404508e-02 -1.100202e-01
      vertex   2.519080e-02 -6.543893e-02 -1.064758e-01
      vertex   2.164173e-02 -6.543893e-02 -1.094479e-01
    endloop
  endfacet
  facet normal 4.813143e-01 -4.532664e-01 -7.502574e-01
    outer loop
      vertex   2.206230e-02 -6.404508e-02 -1.100202e-01
      vertex   2.164173e-02 -6.543893e-02 -1.094479e-01
      vertex   1.809026e-02 -6.404508e-02 -1.125684e-01
    endloop
  endfacet
  facet normal 4.813143e-01 -4.532664e-01 -7.502574e-01
    outer loop
      vertex   1.809026e-02 -6.404508e-02 -1.125684e-01
      vertex   2.164173e-02 -6.543893e-02 -1.094479e-01
      vertex   1.774541e-02 -6.543893e-02 -1.119475e-01
    endloop
  endfacet
  facet normal 3.826081e-01 -4.532664e-01 -8.050842e-01
    outer loop
      vertex   1.809026e-02 -6.404508e-02 -1.125684e-01
      vertex   1.774541e-02 -6.543893e-02 -1.119475e-01
      vertex   1.382796e-02 -6.404508e-02 -1.145940e-01
    endloop
  endfacet
  facet normal 3.826081e-01 -4.532664e-01 -8.050842e-01
    outer loop
      vertex   1.382796e-02 -6.404508e-02 -1.145940e-01
      vertex   1.774541e-02 -6.543893e-02 -1.119475e-01
      vertex   1.356436e-02 -6.543893e-02 -1.139345e-01
    endloop
  endfacet
  facet normal 2.777628e-01 -4.532664e-01 -8.469931e-01
    outer loop
      vertex   1.382796e-02 -6.404508e-02 -1.145940e-01
      vertex   1.356436e-02 -6.543893e-02 -1.139345e-01
      vertex   9.343779e-03 -6.404508e-02 -1.160645e-01
    endloop
  endfacet
  facet normal 2.777628e-01 -4.532664e-01 -8.469931e-01
    outer loop
      vertex   9.343779e-03 -6.404508e-02 -1.160645e-01
      vertex   1.356436e-02 -6.543893e-02 -1.139345e-01
      vertex   9.165659e-03 -6.543893e-02 -1.153770e-01
    endloop
  endfacet
  facet normal 1.684607e-01 -4.532664e-01 -8.753117e-01
    outer loop
      vertex   9.343779e-03 -6.404508e-02 -1.160645e-01
      vertex   9.165659e-03 -6.543893e-02 -1.153770e-01
      vertex   4.709674e-03 -6.404508e-02 -1.169564e-01
    endloop
  endfacet
  facet normal 1.684607e-01 -4.532664e-01 -8.753117e-01
    outer loop
      vertex   4.709674e-03 -6.404508e-02 -1.169564e-01
      vertex   9.165659e-03 -6.543893e-02 -1.153770e-01
      vertex   4.619893e-03 -6.543893e-02 -1.162519e-01
    endloop
  endfacet
  facet normal 5.645550e-02 -4.532664e-01 -8.895855e-01
    outer loop
      vertex   4.709674e-03 -6.404508e-02 -1.169564e-01
      vertex   4.619893e-03 -6.543893e-02 -1.162519e-01
      vertex   1.654467e-17 -6.404508e-02 -1.172553e-01
    endloop
  endfacet
  facet normal 5.645550e-02 -4.532664e-01 -8.895855e-01
    outer loop
      vertex   1.654467e-17 -6.404508e-02 -1.172553e-01
      vertex   4.619893e-03 -6.543893e-02 -1.162519e-01
      vertex   1.622928e-17 -6.543893e-02 -1.165451e-01
    endloop
  endfacet
  facet normal -5.645550e-02 -4.532664e-01 -8.895855e-01
    outer loop
      vertex   1.654467e-17 -6.404508e-02 -1.172553e-01
      vertex   1.622928e-17 -6.543893e-02 -1.165451e-01
      vertex   -4.709674e-03 -6.404508e-02 -1.169564e-01
    endloop
  endfacet
  facet normal -5.645550e-02 -4.532664e-01 -8.895855e-01
    outer loop
      vertex   -4.709674e-03 -6.404508e-02 -1.169564e-01
      vertex   1.622928e-17 -6.543893e-02 -1.165451e-01
      vertex   -4.619893e-03 -6.543893e-02 -1.162519e-01
    endloop
  endfacet
  facet normal -1.684607e-01 -4.532664e-01 -8.753117e-01
    outer loop
      vertex   -4.709674e-03 -6.404508e-02 -1.169564e-01
      vertex   -4.619893e-03 -6.543893e-02 -1.162519e-01
      vertex   -9.343779e-03 -6.404508e-02 -1.160645e-01
    endloop
  endfacet
  facet normal -1.684607e-01 -4.532664e-01 -8.753117e-01
    outer loop
      vertex   -9.343779e-03 -6.404508e-02 -1.160645e-01
      vertex   -4.619893e-03 -6.543893e-02 -1.162519e-01
      vertex   -9.165659e-03 -6.543893e-02 -1.153770e-01
    endloop
  endfacet
  facet normal -2.777628e-01 -4.532664e-01 -8.469931e-01
    outer loop
      vertex   -9.343779e-03 -6.404508e-02 -1.160645e-01
      vertex   -9.165659e-03 -6.543893e-02 -1.153770e-01
      vertex   -1.382796e-02 -6.404508e-02 -1.145940e-01
    endloop
  endfacet
  facet normal -2.777628e-01 -4.532664e-01 -8.469931e-01
    outer loop
      vertex   -1.382796e-02 -6.404508e-02 -1.145940e-01
      vertex   -9.165659e-03 -6.543893e-02 -1.153770e-01
      vertex   -1.356436e-02 -6.543893e-02 -1.139345e-01
    endloop
  endfacet
  facet normal -3.826081e-01 -4.532664e-01 -8.050842e-01
    outer loop
      vertex   -1.382796e-02 -6.404508e-02 -1.145940e-01
      vertex   -1.356436e-02 -6.543893e-02 -1.139345e-01
      vertex   -1.809026e-02 -6.404508e-02 -1.125684e-01
    endloop
  endfacet
  facet normal -3.826081e-01 -4.532664e-01 -8.050842e-01
    outer loop
      vertex   -1.809026e-02 -6.404508e-02 -1.125684e-01
      vertex   -1.356436e-02 -6.543893e-02 -1.139345e-01
      vertex   -1.774541e-02 -6.543893e-02 -1.119475e-01
    endloop
  endfacet
  facet normal -4.813143e-01 -4.532664e-01 -7.502574e-01
    outer loop
      vertex   -1.809026e-02 -6.404508e-02 -1.125684e-01
      vertex   -1.774541e-02 -6.543893e-02 -1.119475e-01
      vertex   -2.206230e-02 -6.404508e-02 -1.100202e-01
    endloop
  endfacet
  facet normal -4.813143e-01 -4.532664e-01 -7.502574e-01
    outer loop
      vertex   -2.206230e-02 -6.404508e-02 -1.100202e-01
      vertex   -1.774541e-02 -6.543893e-02 -1.119475e-01
      vertex   -2.164173e-02 -6.543893e-02 -1.094479e-01
    endloop
  endfacet
  facet normal -5.722976e-01 -4.532664e-01 -6.833923e-01
    outer loop
      vertex   -2.206230e-02 -6.404508e-02 -1.100202e-01
      vertex   -2.164173e-02 -6.543893e-02 -1.094479e-01
      vertex   -2.568034e-02 -6.404508e-02 -1.069903e-01
    endloop
  endfacet
  facet normal -5.722976e-01 -4.532664e-01 -6.833923e-01
    outer loop
      vertex   -2.568034e-02 -6.404508e-02 -1.069903e-01
      vertex   -2.164173e-02 -6.543893e-02 -1.094479e-01
      vertex   -2.519080e-02 -6.543893e-02 -1.064758e-01
    endloop
  endfacet
  facet normal -6.540981e-01 -4.532664e-01 -6.055619e-01
    outer loop
      vertex   -2.568034e-02 -6.404508e-02 -1.069903e-01
      vertex   -2.519080e-02 -6.543893e-02 -1.064758e-01
      vertex   -2.888633e-02 -6.404508e-02 -1.035273e-01
    endloop
  endfacet
  facet normal -6.540981e-01 -4.532664e-01 -6.055619e-01
    outer loop
      vertex   -2.888633e-02 -6.404508e-02 -1.035273e-01
      vertex   -2.519080e-02 -6.543893e-02 -1.064758e-01
      vertex   -2.833567e-02 -6.543893e-02 -1.030788e-01
    endloop
  endfacet
  facet normal -7.254033e-01 -4.532664e-01 -5.180150e-01
    outer loop
      vertex   -2.888633e-02 -6.404508e-02 -1.035273e-01
      vertex   -2.833567e-02 -6.543893e-02 -1.030788e-01
      vertex   -3.162882e-02 -6.404508e-02 -9.968689e-02
    endloop
  endfacet
  facet normal -7.254033e-01 -4.532664e-01 -5.180150e-01
    outer loop
      vertex   -3.162882e-02 -6.404508e-02 -9.968689e-02
      vertex   -2.833567e-02 -6.543893e-02 -1.030788e-01
      vertex   -3.102588e-02 -6.543893e-02 -9.931160e-02
    endloop
  endfacet
  facet normal -7.850691e-01 -4.532664e-01 -4.221563e-01
    outer loop
      vertex   -3.162882e-02 -6.404508e-02 -9.968689e-02
      vertex   -3.102588e-02 -6.543893e-02 -9.931160e-02
      vertex   -3.386382e-02 -6.404508e-02 -9.553055e-02
    endloop
  endfacet
  facet normal -7.850691e-01 -4.532664e-01 -4.221563e-01
    outer loop
      vertex   -3.386382e-02 -6.404508e-02 -9.553055e-02
      vertex   -3.102588e-02 -6.543893e-02 -9.931160e-02
      vertex   -3.321827e-02 -6.543893e-02 -9.523449e-02
    endloop
  endfacet
  facet normal -8.321382e-01 -4.532664e-01 -3.195240e-01
    outer loop
      vertex   -3.386382e-02 -6.404508e-02 -9.553055e-02
      vertex   -3.321827e-02 -6.543893e-02 -9.523449e-02
      vertex   -3.555545e-02 -6.404508e-02 -9.112502e-02
    endloop
  endfacet
  facet normal -8.321382e-01 -4.532664e-01 -3.195240e-01
    outer loop
      vertex   -3.555545e-02 -6.404508e-02 -9.112502e-02
      vertex   -3.321827e-02 -6.543893e-02 -9.523449e-02
      vertex   -3.487766e-02 -6.543893e-02 -9.091294e-02
    endloop
  endfacet
  facet normal -8.658552e-01 -4.532664e-01 -2.117647e-01
    outer loop
      vertex   -3.555545e-02 -6.404508e-02 -9.112502e-02
      vertex   -3.487766e-02 -6.543893e-02 -9.091294e-02
      vertex   -3.667658e-02 -6.404508e-02 -8.654098e-02
    endloop
  endfacet
  facet normal -8.658552e-01 -4.532664e-01 -2.117647e-01
    outer loop
      vertex   -3.667658e-02 -6.404508e-02 -8.654098e-02
      vertex   -3.487766e-02 -6.543893e-02 -9.091294e-02
      vertex   -3.597742e-02 -6.543893e-02 -8.641629e-02
    endloop
  endfacet
  facet normal -8.856792e-01 -4.532664e-01 -1.006076e-01
    outer loop
      vertex   -3.667658e-02 -6.404508e-02 -8.654098e-02
      vertex   -3.597742e-02 -6.543893e-02 -8.641629e-02
      vertex   -3.720922e-02 -6.404508e-02 -8.185199e-02
    endloop
  endfacet
  facet normal -8.856792e-01 -4.532664e-01 -1.006076e-01
    outer loop
      vertex   -3.720922e-02 -6.404508e-02 -8.185199e-02
      vertex   -3.597742e-02 -6.543893e-02 -8.641629e-02
      vertex   -3.649990e-02 -6.543893e-02 -8.181668e-02
    endloop
  endfacet
  facet normal -8.912921e-01 -4.532664e-01 1.216381e-02
    outer loop
      vertex   -3.720922e-02 -6.404508e-02 -8.185199e-02
      vertex   -3.649990e-02 -6.543893e-02 -8.181668e-02
      vertex   -3.714482e-02 -6.404508e-02 -7.713328e-02
    endloop
  endfacet
  facet normal -8.912921e-01 -4.532664e-01 1.216381e-02
    outer loop
      vertex   -3.714482e-02 -6.404508e-02 -7.713328e-02
      vertex   -3.649990e-02 -6.543893e-02 -8.181668e-02
      vertex   -3.643673e-02 -6.543893e-02 -7.718792e-02
    endloop
  endfacet
  facet normal -8.826038e-01 -4.532664e-01 1.247400e-01
    outer loop
      vertex   -3.714482e-02 -6.404508e-02 -7.713328e-02
      vertex   -3.643673e-02 -6.543893e-02 -7.718792e-02
      vertex   -3.648442e-02 -6.404508e-02 -7.246056e-02
    endloop
  endfacet
  facet normal -8.826038e-01 -4.532664e-01 1.247400e-01
    outer loop
      vertex   -3.648442e-02 -6.404508e-02 -7.246056e-02
      vertex   -3.643673e-02 -6.543893e-02 -7.718792e-02
      vertex   -3.578892e-02 -6.543893e-02 -7.260429e-02
    endloop
  endfacet
  facet normal -8.597537e-01 -4.532664e-01 2.353148e-01
    outer loop
      vertex   -3.648442e-02 -6.404508e-02 -7.246056e-02
      vertex   -3.578892e-02 -6.543893e-02 -7.260429e-02
      vertex   -3.523861e-02 -6.404508e-02 -6.790883e-02
    endloop
  endfacet
  facet normal -8.597537e-01 -4.532664e-01 2.353148e-01
    outer loop
      vertex   -3.523861e-02 -6.404508e-02 -6.790883e-02
      vertex   -3.578892e-02 -6.543893e-02 -7.260429e-02
      vertex   -3.456686e-02 -6.543893e-02 -6.813932e-02
    endloop
  endfacet
  facet normal -8.231086e-01 -4.532664e-01 3.421138e-01
    outer loop
      vertex   -3.523861e-02 -6.404508e-02 -6.790883e-02
      vertex   -3.456686e-02 -6.543893e-02 -6.813932e-02
      vertex   -3.342738e-02 -6.404508e-02 -6.355110e-02
    endloop
  endfacet
  facet normal -8.231086e-01 -4.532664e-01 3.421138e-01
    outer loop
      vertex   -3.342738e-02 -6.404508e-02 -6.355110e-02
      vertex   -3.456686e-02 -6.543893e-02 -6.813932e-02
      vertex   -3.279015e-02 -6.543893e-02 -6.386466e-02
    endloop
  endfacet
  facet normal -7.732562e-01 -4.532664e-01 4.434234e-01
    outer loop
      vertex   -3.342738e-02 -6.404508e-02 -6.355110e-02
      vertex   -3.279015e-02 -6.543893e-02 -6.386466e-02
      vertex   -3.107979e-02 -6.404508e-02 -5.945730e-02
    endloop
  endfacet
  facet normal -7.732562e-01 -4.532664e-01 4.434234e-01
    outer loop
      vertex   -3.107979e-02 -6.404508e-02 -5.945730e-02
      vertex   -3.279015e-02 -6.543893e-02 -6.386466e-02
      vertex   -3.048732e-02 -6.543893e-02 -5.984890e-02
    endloop
  endfacet
  facet normal -7.109967e-01 -4.532664e-01 5.376181e-01
    outer loop
      vertex   -3.107979e-02 -6.404508e-02 -5.945730e-02
      vertex   -3.048732e-02 -6.543893e-02 -5.984890e-02
      vertex   -2.823352e-02 -6.404508e-02 -5.569311e-02
    endloop
  endfacet
  facet normal -7.109967e-01 -4.532664e-01 5.376181e-01
    outer loop
      vertex   -2.823352e-02 -6.404508e-02 -5.569311e-02
      vertex   -3.048732e-02 -6.543893e-02 -5.984890e-02
      vertex   -2.769530e-02 -6.543893e-02 -5.615648e-02
    endloop
  endfacet
  facet normal -6.373289e-01 -4.532664e-01 6.231865e-01
    outer loop
      vertex   -2.823352e-02 -6.404508e-02 -5.569311e-02
      vertex   -2.769530e-02 -6.543893e-02 -5.615648e-02
      vertex   -2.493422e-02 -6.404508e-02 -5.231895e-02
    endloop
  endfacet
  facet normal -6.373289e-01 -4.532664e-01 6.231865e-01
    outer loop
      vertex   -2.493422e-02 -6.404508e-02 -5.231895e-02
      vertex   -2.769530e-02 -6.543893e-02 -5.615648e-02
      vertex   -2.445890e-02 -6.543893e-02 -5.284663e-02
    endloop
  endfacet
  facet normal -5.534349e-01 -4.532664e-01 6.987556e-01
    outer loop
      vertex   -2.493422e-02 -6.404508e-02 -5.231895e-02
      vertex   -2.445890e-02 -6.543893e-02 -5.284663e-02
      vertex   -2.123484e-02 -6.404508e-02 -4.938893e-02
    endloop
  endfacet
  facet normal -5.534349e-01 -4.532664e-01 6.987556e-01
    outer loop
      vertex   -2.123484e-02 -6.404508e-02 -4.938893e-02
      vertex   -2.445890e-02 -6.543893e-02 -5.284663e-02
      vertex   -2.083004e-02 -6.543893e-02 -4.997247e-02
    endloop
  endfacet
  facet normal -5.134231e-01 -4.539800e-01 7.282162e-01
    outer loop
      vertex   -2.123484e-02 -6.404508e-02 -4.938893e-02
      vertex   -2.083004e-02 -6.543893e-02 -4.997247e-02
      vertex   -1.956938e-02 -6.453001e-02 -4.851701e-02
    endloop
  endfacet
  facet normal -4.734962e-01 -5.020891e-01 7.236766e-01
    outer loop
      vertex   -1.956938e-02 -6.453001e-02 -4.851701e-02
      vertex   -2.083004e-02 -6.543893e-02 -4.997247e-02
      vertex   -1.906569e-02 -6.541035e-02 -4.879825e-02
    endloop
  endfacet
  facet normal -4.057097e-01 -6.661495e-01 6.258151e-01
    outer loop
      vertex   -1.906569e-02 -6.541035e-02 -4.879825e-02
      vertex   -2.083004e-02 -6.543893e-02 -4.997247e-02
      vertex   -1.841215e-02 -6.615480e-02 -4.916699e-02
    endloop
  endfacet
  facet normal -4.029312e-01 -7.071068e-01 5.810735e-01
    outer loop
      vertex   -1.841215e-02 -6.615480e-02 -4.916699e-02
      vertex   -2.083004e-02 -6.543893e-02 -4.997247e-02
      vertex   -2.019955e-02 -6.654508e-02 -5.088135e-02
    endloop
  endfacet
  facet normal -3.182796e-01 -7.970181e-01 5.132839e-01
    outer loop
      vertex   -1.841215e-02 -6.615480e-02 -4.916699e-02
      vertex   -2.019955e-02 -6.654508e-02 -5.088135e-02
      vertex   -1.764811e-02 -6.674117e-02 -4.960373e-02
    endloop
  endfacet
  facet normal -2.561691e-01 -8.910021e-01 3.748236e-01
    outer loop
      vertex   -1.764811e-02 -6.674117e-02 -4.960373e-02
      vertex   -2.019955e-02 -6.654508e-02 -5.088135e-02
      vertex   -1.940509e-02 -6.725528e-02 -5.202661e-02
    endloop
  endfacet
  facet normal -2.388861e-01 -9.001493e-01 3.642316e-01
    outer loop
      vertex   -1.764811e-02 -6.674117e-02 -4.960373e-02
      vertex   -1.940509e-02 -6.725528e-02 -5.202661e-02
      vertex   -1.680582e-02 -6.716252e-02 -5.009259e-02
    endloop
  endfacet
  facet normal -1.375112e-01 -9.631847e-01 2.310105e-01
    outer loop
      vertex   -1.680582e-02 -6.716252e-02 -5.009259e-02
      vertex   -1.940509e-02 -6.725528e-02 -5.202661e-02
      vertex   -1.591758e-02 -6.741509e-02 -5.061693e-02
    endloop
  endfacet
  facet normal -9.594549e-02 -9.874525e-01 1.254272e-01
    outer loop
      vertex   -1.591758e-02 -6.741509e-02 -5.061693e-02
      vertex   -1.940509e-02 -6.725528e-02 -5.202661e-02
      vertex   -1.878391e-02 -6.750000e-02 -5.347803e-02
    endloop
  endfacet
  facet normal -4.705880e-02 -9.959428e-01 7.670315e-02
    outer loop
      vertex   -1.591758e-02 -6.741509e-02 -5.061693e-02
      vertex   -1.878391e-02 -6.750000e-02 -5.347803e-02
      vertex   -1.500999e-02 -6.749999e-02 -5.116253e-02
    endloop
  endfacet
  facet normal -5.007836e-04 -9.999995e-01 8.205108e-04
    outer loop
      vertex   -1.500999e-02 -6.749999e-02 -5.116253e-02
      vertex   -1.878391e-02 -6.750000e-02 -5.347803e-02
      vertex   -1.500000e-02 -6.750000e-02 -5.116859e-02
    endloop
  endfacet
  facet normal 4.734819e-01 -5.021063e-01 7.236741e-01
    outer loop
      vertex   1.956937e-02 -6.453002e-02 -4.851702e-02
      vertex   1.906558e-02 -6.541051e-02 -4.879831e-02
      vertex   2.083004e-02 -6.543893e-02 -4.997247e-02
    endloop
  endfacet
  facet normal 4.057032e-01 -6.661770e-01 6.257900e-01
    outer loop
      vertex   2.083004e-02 -6.543893e-02 -4.997247e-02
      vertex   1.906558e-02 -6.541051e-02 -4.879831e-02
      vertex   1.841206e-02 -6.615488e-02 -4.916704e-02
    endloop
  endfacet
  facet normal 4.029279e-01 -7.071068e-01 5.810758e-01
    outer loop
      vertex   2.083004e-02 -6.543893e-02 -4.997247e-02
      vertex   1.841206e-02 -6.615488e-02 -4.916704e-02
      vertex   2.019955e-02 -6.654508e-02 -5.088135e-02
    endloop
  endfacet
  facet normal 3.182611e-01 -7.970378e-01 5.132647e-01
    outer loop
      vertex   2.019955e-02 -6.654508e-02 -5.088135e-02
      vertex   1.841206e-02 -6.615488e-02 -4.916704e-02
      vertex   1.764789e-02 -6.674131e-02 -4.960385e-02
    endloop
  endfacet
  facet normal 2.561740e-01 -8.910021e-01 3.748202e-01
    outer loop
      vertex   2.019955e-02 -6.654508e-02 -5.088135e-02
      vertex   1.764789e-02 -6.674131e-02 -4.960385e-02
      vertex   1.940509e-02 -6.725528e-02 -5.202661e-02
    endloop
  endfacet
  facet normal 2.388735e-01 -9.001594e-01 3.642150e-01
    outer loop
      vertex   1.940509e-02 -6.725528e-02 -5.202661e-02
      vertex   1.764789e-02 -6.674131e-02 -4.960385e-02
      vertex   1.680582e-02 -6.716252e-02 -5.009259e-02
    endloop
  endfacet
  facet normal 1.375241e-01 -9.631789e-01 2.310273e-01
    outer loop
      vertex   1.940509e-02 -6.725528e-02 -5.202661e-02
      vertex   1.680582e-02 -6.716252e-02 -5.009259e-02
      vertex   1.591781e-02 -6.741504e-02 -5.061679e-02
    endloop
  endfacet
  facet normal 9.594477e-02 -9.874525e-01 1.254275e-01
    outer loop
      vertex   1.940509e-02 -6.725528e-02 -5.202661e-02
      vertex   1.591781e-02 -6.741504e-02 -5.061679e-02
      vertex   1.878391e-02 -6.750000e-02 -5.347803e-02
    endloop
  endfacet
  facet normal 4.709877e-02 -9.959373e-01 7.675050e-02
    outer loop
      vertex   1.878391e-02 -6.750000e-02 -5.347803e-02
      vertex   1.591781e-02 -6.741504e-02 -5.061679e-02
      vertex   1.501044e-02 -6.749999e-02 -5.116226e-02
    endloop
  endfacet
  facet normal 5.233079e-04 -9.999995e-01 8.574159e-04
    outer loop
      vertex   1.878391e-02 -6.750000e-02 -5.347803e-02
      vertex   1.501044e-02 -6.749999e-02 -5.116226e-02
      vertex   1.500000e-02 -6.750000e-02 -5.116859e-02
    endloop
  endfacet
  facet normal 9.847123e-02 -9.873429e-01 1.243278e-01
    outer loop
      vertex   1.940509e-02 -6.725528e-02 -5.202661e-02
      vertex   1.878391e-02 -6.750000e-02 -5.347803e-02
      vertex   2.278570e-02 -6.725528e-02 -5.470416e-02
    endloop
  endfacet
  facet normal 9.675756e-02 -9.882215e-01 1.185594e-01
    outer loop
      vertex   2.278570e-02 -6.725528e-02 -5.470416e-02
      vertex   1.878391e-02 -6.750000e-02 -5.347803e-02
      vertex   2.221834e-02 -6.750000e-02 -5.628091e-02
    endloop
  endfacet
  facet normal 1.145299e-01 -9.870874e-01 1.119885e-01
    outer loop
      vertex   2.278570e-02 -6.725528e-02 -5.470416e-02
      vertex   2.221834e-02 -6.750000e-02 -5.628091e-02
      vertex   2.580070e-02 -6.725528e-02 -5.778758e-02
    endloop
  endfacet
  facet normal 1.109925e-01 -9.884318e-01 1.033594e-01
    outer loop
      vertex   2.580070e-02 -6.725528e-02 -5.778758e-02
      vertex   2.221834e-02 -6.750000e-02 -5.628091e-02
      vertex   2.523940e-02 -6.750000e-02 -5.952508e-02
    endloop
  endfacet
  facet normal 1.287963e-01 -9.868773e-01 9.738897e-02
    outer loop
      vertex   2.580070e-02 -6.725528e-02 -5.778758e-02
      vertex   2.523940e-02 -6.750000e-02 -5.952508e-02
      vertex   2.840172e-02 -6.725528e-02 -6.122741e-02
    endloop
  endfacet
  facet normal 1.231707e-01 -9.885916e-01 8.669225e-02
    outer loop
      vertex   2.840172e-02 -6.725528e-02 -6.122741e-02
      vertex   2.523940e-02 -6.750000e-02 -5.952508e-02
      vertex   2.779089e-02 -6.750000e-02 -6.315018e-02
    endloop
  endfacet
  facet normal 1.409250e-01 -9.867164e-01 8.081337e-02
    outer loop
      vertex   2.840172e-02 -6.725528e-02 -6.122741e-02
      vertex   2.779089e-02 -6.750000e-02 -6.315018e-02
      vertex   3.054702e-02 -6.725528e-02 -6.496846e-02
    endloop
  endfacet
  facet normal 1.331666e-01 -9.887038e-01 6.878579e-02
    outer loop
      vertex   3.054702e-02 -6.725528e-02 -6.496846e-02
      vertex   2.779089e-02 -6.750000e-02 -6.315018e-02
      vertex   2.982533e-02 -6.750000e-02 -6.708877e-02
    endloop
  endfacet
  facet normal 1.506201e-01 -9.866075e-01 6.260318e-02
    outer loop
      vertex   3.054702e-02 -6.725528e-02 -6.496846e-02
      vertex   2.982533e-02 -6.750000e-02 -6.708877e-02
      vertex   3.220218e-02 -6.725528e-02 -6.895069e-02
    endloop
  endfacet
  facet normal 1.408742e-01 -9.887703e-01 4.987766e-02
    outer loop
      vertex   3.220218e-02 -6.725528e-02 -6.895069e-02
      vertex   2.982533e-02 -6.750000e-02 -6.708877e-02
      vertex   3.130487e-02 -6.750000e-02 -7.126758e-02
    endloop
  endfacet
  facet normal 1.576461e-01 -9.865526e-01 4.314777e-02
    outer loop
      vertex   3.220218e-02 -6.725528e-02 -6.895069e-02
      vertex   3.130487e-02 -6.750000e-02 -7.126758e-02
      vertex   3.334065e-02 -6.725528e-02 -7.311022e-02
    endloop
  endfacet
  facet normal 1.462083e-01 -9.887923e-01 3.021366e-02
    outer loop
      vertex   3.334065e-02 -6.725528e-02 -7.311022e-02
      vertex   3.130487e-02 -6.750000e-02 -7.126758e-02
      vertex   3.220198e-02 -6.750000e-02 -7.560885e-02
    endloop
  endfacet
  facet normal 1.618359e-01 -9.865526e-01 2.287257e-02
    outer loop
      vertex   3.334065e-02 -6.725528e-02 -7.311022e-02
      vertex   3.220198e-02 -6.750000e-02 -7.560885e-02
      vertex   3.394414e-02 -6.725528e-02 -7.738029e-02
    endloop
  endfacet
  facet normal 1.491053e-01 -9.887703e-01 1.004605e-02
    outer loop
      vertex   3.394414e-02 -6.725528e-02 -7.738029e-02
      vertex   3.220198e-02 -6.750000e-02 -7.560885e-02
      vertex   3.249998e-02 -6.750000e-02 -8.003182e-02
    endloop
  endfacet
  facet normal 1.630970e-01 -9.866075e-01 2.225847e-03
    outer loop
      vertex   3.394414e-02 -6.725528e-02 -7.738029e-02
      vertex   3.249998e-02 -6.750000e-02 -8.003182e-02
      vertex   3.400299e-02 -6.725528e-02 -8.169240e-02
    endloop
  endfacet
  facet normal 1.495237e-01 -9.887038e-01 -1.036839e-02
    outer loop
      vertex   3.400299e-02 -6.725528e-02 -8.169240e-02
      vertex   3.249998e-02 -6.750000e-02 -8.003182e-02
      vertex   3.219332e-02 -6.750000e-02 -8.445420e-02
    endloop
  endfacet
  facet normal 1.614139e-01 -9.867164e-01 -1.833561e-02
    outer loop
      vertex   3.400299e-02 -6.725528e-02 -8.169240e-02
      vertex   3.219332e-02 -6.750000e-02 -8.445420e-02
      vertex   3.351625e-02 -6.725528e-02 -8.597736e-02
    endloop
  endfacet
  facet normal 1.474441e-01 -9.885916e-01 -3.077022e-02
    outer loop
      vertex   3.351625e-02 -6.725528e-02 -8.597736e-02
      vertex   3.219332e-02 -6.750000e-02 -8.445420e-02
      vertex   3.128771e-02 -6.750000e-02 -8.879370e-02
    endloop
  endfacet
  facet normal 1.568488e-01 -9.868773e-01 -3.836096e-02
    outer loop
      vertex   3.351625e-02 -6.725528e-02 -8.597736e-02
      vertex   3.128771e-02 -6.750000e-02 -8.879370e-02
      vertex   3.249172e-02 -6.725528e-02 -9.016640e-02
    endloop
  endfacet
  facet normal 1.428698e-01 -9.884318e-01 -5.089926e-02
    outer loop
      vertex   3.249172e-02 -6.725528e-02 -9.016640e-02
      vertex   3.128771e-02 -6.750000e-02 -8.879370e-02
      vertex   2.979999e-02 -6.750000e-02 -9.296960e-02
    endloop
  endfacet
  facet normal 1.495377e-01 -9.870874e-01 -5.741940e-02
    outer loop
      vertex   3.249172e-02 -6.725528e-02 -9.016640e-02
      vertex   2.979999e-02 -6.750000e-02 -9.296960e-02
      vertex   3.094585e-02 -6.725528e-02 -9.419232e-02
    endloop
  endfacet
  facet normal 1.358256e-01 -9.882215e-01 -7.049655e-02
    outer loop
      vertex   3.094585e-02 -6.725528e-02 -9.419232e-02
      vertex   2.979999e-02 -6.750000e-02 -9.296960e-02
      vertex   2.775784e-02 -6.750000e-02 -9.690421e-02
    endloop
  endfacet
  facet normal 1.396853e-01 -9.873429e-01 -7.511318e-02
    outer loop
      vertex   3.094585e-02 -6.725528e-02 -9.419232e-02
      vertex   2.775784e-02 -6.750000e-02 -9.690421e-02
      vertex   2.890344e-02 -6.725528e-02 -9.799052e-02
    endloop
  endfacet
  facet normal 1.263580e-01 -9.879565e-01 -8.930607e-02
    outer loop
      vertex   2.890344e-02 -6.725528e-02 -9.799052e-02
      vertex   2.775784e-02 -6.750000e-02 -9.690421e-02
      vertex   2.519926e-02 -6.750000e-02 -1.005243e-01
    endloop
  endfacet
  facet normal 1.275566e-01 -9.876397e-01 -9.108895e-02
    outer loop
      vertex   2.890344e-02 -6.725528e-02 -9.799052e-02
      vertex   2.519926e-02 -6.750000e-02 -1.005243e-01
      vertex   2.639726e-02 -6.725528e-02 -1.015001e-01
    endloop
  endfacet
  facet normal 1.150181e-01 -9.876397e-01 -1.064834e-01
    outer loop
      vertex   2.639726e-02 -6.725528e-02 -1.015001e-01
      vertex   2.519926e-02 -6.750000e-02 -1.005243e-01
      vertex   2.346753e-02 -6.725528e-02 -1.046646e-01
    endloop
  endfacet
  facet normal 3.336736e-01 -8.906369e-01 -3.089139e-01
    outer loop
      vertex   2.639726e-02 -6.725528e-02 -1.015001e-01
      vertex   2.346753e-02 -6.725528e-02 -1.046646e-01
      vertex   2.442831e-02 -6.654508e-02 -1.056744e-01
    endloop
  endfacet
  facet normal 2.919448e-01 -8.906369e-01 -3.486173e-01
    outer loop
      vertex   2.442831e-02 -6.654508e-02 -1.056744e-01
      vertex   2.346753e-02 -6.725528e-02 -1.046646e-01
      vertex   2.098667e-02 -6.654508e-02 -1.085566e-01
    endloop
  endfacet
  facet normal 4.544461e-01 -7.063959e-01 -5.426634e-01
    outer loop
      vertex   2.442831e-02 -6.654508e-02 -1.056744e-01
      vertex   2.098667e-02 -6.654508e-02 -1.085566e-01
      vertex   2.164173e-02 -6.543893e-02 -1.094479e-01
    endloop
  endfacet
  facet normal 3.821987e-01 -7.063959e-01 -5.957592e-01
    outer loop
      vertex   2.164173e-02 -6.543893e-02 -1.094479e-01
      vertex   2.098667e-02 -6.654508e-02 -1.085566e-01
      vertex   1.774541e-02 -6.543893e-02 -1.119475e-01
    endloop
  endfacet
  facet normal 1.130296e-01 -9.879565e-01 -1.056704e-01
    outer loop
      vertex   2.519926e-02 -6.750000e-02 -1.005243e-01
      vertex   2.217185e-02 -6.750000e-02 -1.037626e-01
      vertex   2.346753e-02 -6.725528e-02 -1.046646e-01
    endloop
  endfacet
  facet normal 1.018274e-01 -9.873429e-01 -1.215942e-01
    outer loop
      vertex   2.346753e-02 -6.725528e-02 -1.046646e-01
      vertex   2.217185e-02 -6.750000e-02 -1.037626e-01
      vertex   2.016125e-02 -6.725528e-02 -1.074334e-01
    endloop
  endfacet
  facet normal 2.919448e-01 -8.906369e-01 -3.486173e-01
    outer loop
      vertex   2.346753e-02 -6.725528e-02 -1.046646e-01
      vertex   2.016125e-02 -6.725528e-02 -1.074334e-01
      vertex   2.098667e-02 -6.654508e-02 -1.085566e-01
    endloop
  endfacet
  facet normal 2.455317e-01 -8.906369e-01 -3.827271e-01
    outer loop
      vertex   2.098667e-02 -6.654508e-02 -1.085566e-01
      vertex   2.016125e-02 -6.725528e-02 -1.074334e-01
      vertex   1.720829e-02 -6.654508e-02 -1.109805e-01
    endloop
  endfacet
  facet normal 3.821987e-01 -7.063959e-01 -5.957592e-01
    outer loop
      vertex   2.098667e-02 -6.654508e-02 -1.085566e-01
      vertex   1.720829e-02 -6.654508e-02 -1.109805e-01
      vertex   1.774541e-02 -6.543893e-02 -1.119475e-01
    endloop
  endfacet
  facet normal 3.038188e-01 -7.063959e-01 -6.392957e-01
    outer loop
      vertex   1.774541e-02 -6.543893e-02 -1.119475e-01
      vertex   1.720829e-02 -6.654508e-02 -1.109805e-01
      vertex   1.356436e-02 -6.543893e-02 -1.139345e-01
    endloop
  endfacet
  facet normal 9.652522e-02 -9.882215e-01 -1.187487e-01
    outer loop
      vertex   2.217185e-02 -6.750000e-02 -1.037626e-01
      vertex   1.873194e-02 -6.750000e-02 -1.065587e-01
      vertex   2.016125e-02 -6.725528e-02 -1.074334e-01
    endloop
  endfacet
  facet normal 8.649359e-02 -9.870874e-01 -1.348235e-01
    outer loop
      vertex   2.016125e-02 -6.725528e-02 -1.074334e-01
      vertex   1.873194e-02 -6.750000e-02 -1.065587e-01
      vertex   1.653147e-02 -6.725528e-02 -1.097620e-01
    endloop
  endfacet
  facet normal 2.455317e-01 -8.906369e-01 -3.827271e-01
    outer loop
      vertex   2.016125e-02 -6.725528e-02 -1.074334e-01
      vertex   1.653147e-02 -6.725528e-02 -1.097620e-01
      vertex   1.720829e-02 -6.654508e-02 -1.109805e-01
    endloop
  endfacet
  facet normal 1.951790e-01 -8.906369e-01 -4.106958e-01
    outer loop
      vertex   1.720829e-02 -6.654508e-02 -1.109805e-01
      vertex   1.653147e-02 -6.725528e-02 -1.097620e-01
      vertex   1.315379e-02 -6.654508e-02 -1.129074e-01
    endloop
  endfacet
  facet normal 3.038188e-01 -7.063959e-01 -6.392957e-01
    outer loop
      vertex   1.720829e-02 -6.654508e-02 -1.109805e-01
      vertex   1.315379e-02 -6.654508e-02 -1.129074e-01
      vertex   1.356436e-02 -6.543893e-02 -1.139345e-01
    endloop
  endfacet
  facet normal 2.205640e-01 -7.063959e-01 -6.725745e-01
    outer loop
      vertex   1.356436e-02 -6.543893e-02 -1.139345e-01
      vertex   1.315379e-02 -6.654508e-02 -1.129074e-01
      vertex   9.165659e-03 -6.543893e-02 -1.153770e-01
    endloop
  endfacet
  facet normal 7.875897e-02 -9.884318e-01 -1.296130e-01
    outer loop
      vertex   1.873194e-02 -6.750000e-02 -1.065587e-01
      vertex   1.494351e-02 -6.750000e-02 -1.088607e-01
      vertex   1.653147e-02 -6.725528e-02 -1.097620e-01
    endloop
  endfacet
  facet normal 6.930906e-02 -9.868773e-01 -1.458402e-01
    outer loop
      vertex   1.653147e-02 -6.725528e-02 -1.097620e-01
      vertex   1.494351e-02 -6.750000e-02 -1.088607e-01
      vertex   1.263644e-02 -6.725528e-02 -1.116131e-01
    endloop
  endfacet
  facet normal 1.951790e-01 -8.906369e-01 -4.106958e-01
    outer loop
      vertex   1.653147e-02 -6.725528e-02 -1.097620e-01
      vertex   1.263644e-02 -6.725528e-02 -1.116131e-01
      vertex   1.315379e-02 -6.654508e-02 -1.129074e-01
    endloop
  endfacet
  facet normal 1.416945e-01 -8.906369e-01 -4.320747e-01
    outer loop
      vertex   1.315379e-02 -6.654508e-02 -1.129074e-01
      vertex   1.263644e-02 -6.725528e-02 -1.116131e-01
      vertex   8.888229e-03 -6.654508e-02 -1.143062e-01
    endloop
  endfacet
  facet normal 2.205640e-01 -7.063959e-01 -6.725745e-01
    outer loop
      vertex   1.315379e-02 -6.654508e-02 -1.129074e-01
      vertex   8.888229e-03 -6.654508e-02 -1.143062e-01
      vertex   9.165659e-03 -6.543893e-02 -1.153770e-01
    endloop
  endfacet
  facet normal 1.337701e-01 -7.063959e-01 -6.950615e-01
    outer loop
      vertex   9.165659e-03 -6.543893e-02 -1.153770e-01
      vertex   8.888229e-03 -6.654508e-02 -1.143062e-01
      vertex   4.619893e-03 -6.543893e-02 -1.162519e-01
    endloop
  endfacet
  facet normal 5.997214e-02 -9.885916e-01 -1.381663e-01
    outer loop
      vertex   1.494351e-02 -6.750000e-02 -1.088607e-01
      vertex   1.087707e-02 -6.750000e-02 -1.106258e-01
      vertex   1.263644e-02 -6.725528e-02 -1.116131e-01
    endloop
  endfacet
  facet normal 5.062192e-02 -9.867164e-01 -1.543634e-01
    outer loop
      vertex   1.263644e-02 -6.725528e-02 -1.116131e-01
      vertex   1.087707e-02 -6.750000e-02 -1.106258e-01
      vertex   8.538648e-03 -6.725528e-02 -1.129569e-01
    endloop
  endfacet
  facet normal 1.416945e-01 -8.906369e-01 -4.320747e-01
    outer loop
      vertex   1.263644e-02 -6.725528e-02 -1.116131e-01
      vertex   8.538648e-03 -6.725528e-02 -1.129569e-01
      vertex   8.888229e-03 -6.654508e-02 -1.143062e-01
    endloop
  endfacet
  facet normal 8.593645e-02 -8.906369e-01 -4.465207e-01
    outer loop
      vertex   8.888229e-03 -6.654508e-02 -1.143062e-01
      vertex   8.538648e-03 -6.725528e-02 -1.129569e-01
      vertex   4.480057e-03 -6.654508e-02 -1.151546e-01
    endloop
  endfacet
  facet normal 1.337701e-01 -7.063959e-01 -6.950615e-01
    outer loop
      vertex   8.888229e-03 -6.654508e-02 -1.143062e-01
      vertex   4.480057e-03 -6.654508e-02 -1.151546e-01
      vertex   4.619893e-03 -6.543893e-02 -1.162519e-01
    endloop
  endfacet
  facet normal 4.482980e-02 -7.063959e-01 -7.063959e-01
    outer loop
      vertex   4.619893e-03 -6.543893e-02 -1.162519e-01
      vertex   4.480057e-03 -6.654508e-02 -1.151546e-01
      vertex   1.622928e-17 -6.543893e-02 -1.165451e-01
    endloop
  endfacet
  facet normal 4.041330e-02 -9.887038e-01 -1.443315e-01
    outer loop
      vertex   1.087707e-02 -6.750000e-02 -1.106258e-01
      vertex   6.608257e-03 -6.750000e-02 -1.118211e-01
      vertex   8.538648e-03 -6.725528e-02 -1.129569e-01
    endloop
  endfacet
  facet normal 3.082651e-02 -9.866075e-01 -1.601727e-01
    outer loop
      vertex   8.538648e-03 -6.725528e-02 -1.129569e-01
      vertex   6.608257e-03 -6.750000e-02 -1.118211e-01
      vertex   4.303853e-03 -6.725528e-02 -1.137720e-01
    endloop
  endfacet
  facet normal 8.593645e-02 -8.906369e-01 -4.465207e-01
    outer loop
      vertex   8.538648e-03 -6.725528e-02 -1.129569e-01
      vertex   4.303853e-03 -6.725528e-02 -1.137720e-01
      vertex   4.480057e-03 -6.654508e-02 -1.151546e-01
    endloop
  endfacet
  facet normal 2.879952e-02 -8.906369e-01 -4.538022e-01
    outer loop
      vertex   4.480057e-03 -6.654508e-02 -1.151546e-01
      vertex   4.303853e-03 -6.725528e-02 -1.137720e-01
      vertex   1.573804e-17 -6.654508e-02 -1.154389e-01
    endloop
  endfacet
  facet normal 4.482980e-02 -7.063959e-01 -7.063959e-01
    outer loop
      vertex   4.480057e-03 -6.654508e-02 -1.151546e-01
      vertex   1.573804e-17 -6.654508e-02 -1.154389e-01
      vertex   1.622928e-17 -6.543893e-02 -1.165451e-01
    endloop
  endfacet
  facet normal -4.482980e-02 -7.063959e-01 -7.063959e-01
    outer loop
      vertex   1.622928e-17 -6.543893e-02 -1.165451e-01
      vertex   1.573804e-17 -6.654508e-02 -1.154389e-01
      vertex   -4.619893e-03 -6.543893e-02 -1.162519e-01
    endloop
  endfacet
  facet normal 2.033660e-02 -9.887703e-01 -1.480532e-01
    outer loop
      vertex   6.608257e-03 -6.750000e-02 -1.118211e-01
      vertex   2.216498e-03 -6.750000e-02 -1.124243e-01
      vertex   4.303853e-03 -6.725528e-02 -1.137720e-01
    endloop
  endfacet
  facet normal 1.035179e-02 -9.865526e-01 -1.631161e-01
    outer loop
      vertex   4.303853e-03 -6.725528e-02 -1.137720e-01
      vertex   2.216498e-03 -6.750000e-02 -1.124243e-01
      vertex   1.511905e-17 -6.725528e-02 -1.140451e-01
    endloop
  endfacet
  facet normal 2.879952e-02 -8.906369e-01 -4.538022e-01
    outer loop
      vertex   4.303853e-03 -6.725528e-02 -1.137720e-01
      vertex   1.511905e-17 -6.725528e-02 -1.140451e-01
      vertex   1.573804e-17 -6.654508e-02 -1.154389e-01
    endloop
  endfacet
  facet normal -2.879952e-02 -8.906369e-01 -4.538022e-01
    outer loop
      vertex   1.573804e-17 -6.654508e-02 -1.154389e-01
      vertex   1.511905e-17 -6.725528e-02 -1.140451e-01
      vertex   -4.480057e-03 -6.654508e-02 -1.151546e-01
    endloop
  endfacet
  facet normal -4.482980e-02 -7.063959e-01 -7.063959e-01
    outer loop
      vertex   1.573804e-17 -6.654508e-02 -1.154389e-01
      vertex   -4.480057e-03 -6.654508e-02 -1.151546e-01
      vertex   -4.619893e-03 -6.543893e-02 -1.162519e-01
    endloop
  endfacet
  facet normal -1.337701e-01 -7.063959e-01 -6.950615e-01
    outer loop
      vertex   -4.619893e-03 -6.543893e-02 -1.162519e-01
      vertex   -4.480057e-03 -6.654508e-02 -1.151546e-01
      vertex   -9.165659e-03 -6.543893e-02 -1.153770e-01
    endloop
  endfacet
  facet normal -0.000000e+00 -9.887923e-01 -1.492975e-01
    outer loop
      vertex   2.216498e-03 -6.750000e-02 -1.124243e-01
      vertex   -2.216498e-03 -6.750000e-02 -1.124243e-01
      vertex   1.511905e-17 -6.725528e-02 -1.140451e-01
    endloop
  endfacet
  facet normal -1.035179e-02 -9.865526e-01 -1.631161e-01
    outer loop
      vertex   1.511905e-17 -6.725528e-02 -1.140451e-01
      vertex   -2.216498e-03 -6.750000e-02 -1.124243e-01
      vertex   -4.303853e-03 -6.725528e-02 -1.137720e-01
    endloop
  endfacet
  facet normal -2.879952e-02 -8.906369e-01 -4.538022e-01
    outer loop
      vertex   1.511905e-17 -6.725528e-02 -1.140451e-01
      vertex   -4.303853e-03 -6.725528e-02 -1.137720e-01
      vertex   -4.480057e-03 -6.654508e-02 -1.151546e-01
    endloop
  endfacet
  facet normal -8.593645e-02 -8.906369e-01 -4.465207e-01
    outer loop
      vertex   -4.480057e-03 -6.654508e-02 -1.151546e-01
      vertex   -4.303853e-03 -6.725528e-02 -1.137720e-01
      vertex   -8.888229e-03 -6.654508e-02 -1.143062e-01
    endloop
  endfacet
  facet normal -1.337701e-01 -7.063959e-01 -6.950615e-01
    outer loop
      vertex   -4.480057e-03 -6.654508e-02 -1.151546e-01
      vertex   -8.888229e-03 -6.654508e-02 -1.143062e-01
      vertex   -9.165659e-03 -6.543893e-02 -1.153770e-01
    endloop
  endfacet
  facet normal -2.205640e-01 -7.063959e-01 -6.725745e-01
    outer loop
      vertex   -9.165659e-03 -6.543893e-02 -1.153770e-01
      vertex   -8.888229e-03 -6.654508e-02 -1.143062e-01
      vertex   -1.356436e-02 -6.543893e-02 -1.139345e-01
    endloop
  endfacet
  facet normal -2.033660e-02 -9.887703e-01 -1.480532e-01
    outer loop
      vertex   -2.216498e-03 -6.750000e-02 -1.124243e-01
      vertex   -6.608257e-03 -6.750000e-02 -1.118211e-01
      vertex   -4.303853e-03 -6.725528e-02 -1.137720e-01
    endloop
  endfacet
  facet normal -3.082651e-02 -9.866075e-01 -1.601727e-01
    outer loop
      vertex   -4.303853e-03 -6.725528e-02 -1.137720e-01
      vertex   -6.608257e-03 -6.750000e-02 -1.118211e-01
      vertex   -8.538648e-03 -6.725528e-02 -1.129569e-01
    endloop
  endfacet
  facet normal -8.593645e-02 -8.906369e-01 -4.465207e-01
    outer loop
      vertex   -4.303853e-03 -6.725528e-02 -1.137720e-01
      vertex   -8.538648e-03 -6.725528e-02 -1.129569e-01
      vertex   -8.888229e-03 -6.654508e-02 -1.143062e-01
    endloop
  endfacet
  facet normal -1.416945e-01 -8.906369e-01 -4.320747e-01
    outer loop
      vertex   -8.888229e-03 -6.654508e-02 -1.143062e-01
      vertex   -8.538648e-03 -6.725528e-02 -1.129569e-01
      vertex   -1.315379e-02 -6.654508e-02 -1.129074e-01
    endloop
  endfacet
  facet normal -2.205640e-01 -7.063959e-01 -6.725745e-01
    outer loop
      vertex   -8.888229e-03 -6.654508e-02 -1.143062e-01
      vertex   -1.315379e-02 -6.654508e-02 -1.129074e-01
      vertex   -1.356436e-02 -6.543893e-02 -1.139345e-01
    endloop
  endfacet
  facet normal -3.038188e-01 -7.063959e-01 -6.392957e-01
    outer loop
      vertex   -1.356436e-02 -6.543893e-02 -1.139345e-01
      vertex   -1.315379e-02 -6.654508e-02 -1.129074e-01
      vertex   -1.774541e-02 -6.543893e-02 -1.119475e-01
    endloop
  endfacet
  facet normal -4.041330e-02 -9.887038e-01 -1.443315e-01
    outer loop
      vertex   -6.608257e-03 -6.750000e-02 -1.118211e-01
      vertex   -1.087707e-02 -6.750000e-02 -1.106258e-01
      vertex   -8.538648e-03 -6.725528e-02 -1.129569e-01
    endloop
  endfacet
  facet normal -5.062192e-02 -9.867164e-01 -1.543634e-01
    outer loop
      vertex   -8.538648e-03 -6.725528e-02 -1.129569e-01
      vertex   -1.087707e-02 -6.750000e-02 -1.106258e-01
      vertex   -1.263644e-02 -6.725528e-02 -1.116131e-01
    endloop
  endfacet
  facet normal -1.416945e-01 -8.906369e-01 -4.320747e-01
    outer loop
      vertex   -8.538648e-03 -6.725528e-02 -1.129569e-01
      vertex   -1.263644e-02 -6.725528e-02 -1.116131e-01
      vertex   -1.315379e-02 -6.654508e-02 -1.129074e-01
    endloop
  endfacet
  facet normal -1.951790e-01 -8.906369e-01 -4.106958e-01
    outer loop
      vertex   -1.315379e-02 -6.654508e-02 -1.129074e-01
      vertex   -1.263644e-02 -6.725528e-02 -1.116131e-01
      vertex   -1.720829e-02 -6.654508e-02 -1.109805e-01
    endloop
  endfacet
  facet normal -3.038188e-01 -7.063959e-01 -6.392957e-01
    outer loop
      vertex   -1.315379e-02 -6.654508e-02 -1.129074e-01
      vertex   -1.720829e-02 -6.654508e-02 -1.109805e-01
      vertex   -1.774541e-02 -6.543893e-02 -1.119475e-01
    endloop
  endfacet
  facet normal -3.821987e-01 -7.063959e-01 -5.957592e-01
    outer loop
      vertex   -1.774541e-02 -6.543893e-02 -1.119475e-01
      vertex   -1.720829e-02 -6.654508e-02 -1.109805e-01
      vertex   -2.164173e-02 -6.543893e-02 -1.094479e-01
    endloop
  endfacet
  facet normal -5.997214e-02 -9.885916e-01 -1.381663e-01
    outer loop
      vertex   -1.087707e-02 -6.750000e-02 -1.106258e-01
      vertex   -1.494351e-02 -6.750000e-02 -1.088607e-01
      vertex   -1.263644e-02 -6.725528e-02 -1.116131e-01
    endloop
  endfacet
  facet normal -6.930906e-02 -9.868773e-01 -1.458402e-01
    outer loop
      vertex   -1.263644e-02 -6.725528e-02 -1.116131e-01
      vertex   -1.494351e-02 -6.750000e-02 -1.088607e-01
      vertex   -1.653147e-02 -6.725528e-02 -1.097620e-01
    endloop
  endfacet
  facet normal -1.951790e-01 -8.906369e-01 -4.106958e-01
    outer loop
      vertex   -1.263644e-02 -6.725528e-02 -1.116131e-01
      vertex   -1.653147e-02 -6.725528e-02 -1.097620e-01
      vertex   -1.720829e-02 -6.654508e-02 -1.109805e-01
    endloop
  endfacet
  facet normal -2.455317e-01 -8.906369e-01 -3.827271e-01
    outer loop
      vertex   -1.720829e-02 -6.654508e-02 -1.109805e-01
      vertex   -1.653147e-02 -6.725528e-02 -1.097620e-01
      vertex   -2.098667e-02 -6.654508e-02 -1.085566e-01
    endloop
  endfacet
  facet normal -3.821987e-01 -7.063959e-01 -5.957592e-01
    outer loop
      vertex   -1.720829e-02 -6.654508e-02 -1.109805e-01
      vertex   -2.098667e-02 -6.654508e-02 -1.085566e-01
      vertex   -2.164173e-02 -6.543893e-02 -1.094479e-01
    endloop
  endfacet
  facet normal -4.544461e-01 -7.063959e-01 -5.426634e-01
    outer loop
      vertex   -2.164173e-02 -6.543893e-02 -1.094479e-01
      vertex   -2.098667e-02 -6.654508e-02 -1.085566e-01
      vertex   -2.519080e-02 -6.543893e-02 -1.064758e-01
    endloop
  endfacet
  facet normal -7.875897e-02 -9.884318e-01 -1.296130e-01
    outer loop
      vertex   -1.494351e-02 -6.750000e-02 -1.088607e-01
      vertex   -1.873194e-02 -6.750000e-02 -1.065587e-01
      vertex   -1.653147e-02 -6.725528e-02 -1.097620e-01
    endloop
  endfacet
  facet normal -8.649359e-02 -9.870874e-01 -1.348235e-01
    outer loop
      vertex   -1.653147e-02 -6.725528e-02 -1.097620e-01
      vertex   -1.873194e-02 -6.750000e-02 -1.065587e-01
      vertex   -2.016125e-02 -6.725528e-02 -1.074334e-01
    endloop
  endfacet
  facet normal -2.455317e-01 -8.906369e-01 -3.827271e-01
    outer loop
      vertex   -1.653147e-02 -6.725528e-02 -1.097620e-01
      vertex   -2.016125e-02 -6.725528e-02 -1.074334e-01
      vertex   -2.098667e-02 -6.654508e-02 -1.085566e-01
    endloop
  endfacet
  facet normal -2.919448e-01 -8.906369e-01 -3.486173e-01
    outer loop
      vertex   -2.098667e-02 -6.654508e-02 -1.085566e-01
      vertex   -2.016125e-02 -6.725528e-02 -1.074334e-01
      vertex   -2.442831e-02 -6.654508e-02 -1.056744e-01
    endloop
  endfacet
  facet normal -4.544461e-01 -7.063959e-01 -5.426634e-01
    outer loop
      vertex   -2.098667e-02 -6.654508e-02 -1.085566e-01
      vertex   -2.442831e-02 -6.654508e-02 -1.056744e-01
      vertex   -2.519080e-02 -6.543893e-02 -1.064758e-01
    endloop
  endfacet
  facet normal -5.194017e-01 -7.063959e-01 -4.808604e-01
    outer loop
      vertex   -2.519080e-02 -6.543893e-02 -1.064758e-01
      vertex   -2.442831e-02 -6.654508e-02 -1.056744e-01
      vertex   -2.833567e-02 -6.543893e-02 -1.030788e-01
    endloop
  endfacet
  facet normal -9.652522e-02 -9.882215e-01 -1.187487e-01
    outer loop
      vertex   -1.873194e-02 -6.750000e-02 -1.065587e-01
      vertex   -2.217185e-02 -6.750000e-02 -1.037626e-01
      vertex   -2.016125e-02 -6.725528e-02 -1.074334e-01
    endloop
  endfacet
  facet normal -1.018274e-01 -9.873429e-01 -1.215942e-01
    outer loop
      vertex   -2.016125e-02 -6.725528e-02 -1.074334e-01
      vertex   -2.217185e-02 -6.750000e-02 -1.037626e-01
      vertex   -2.346753e-02 -6.725528e-02 -1.046646e-01
    endloop
  endfacet
  facet normal -2.919448e-01 -8.906369e-01 -3.486173e-01
    outer loop
      vertex   -2.016125e-02 -6.725528e-02 -1.074334e-01
      vertex   -2.346753e-02 -6.725528e-02 -1.046646e-01
      vertex   -2.442831e-02 -6.654508e-02 -1.056744e-01
    endloop
  endfacet
  facet normal -3.336736e-01 -8.906369e-01 -3.089139e-01
    outer loop
      vertex   -2.442831e-02 -6.654508e-02 -1.056744e-01
      vertex   -2.346753e-02 -6.725528e-02 -1.046646e-01
      vertex   -2.747799e-02 -6.654508e-02 -1.023803e-01
    endloop
  endfacet
  facet normal -5.194017e-01 -7.063959e-01 -4.808604e-01
    outer loop
      vertex   -2.442831e-02 -6.654508e-02 -1.056744e-01
      vertex   -2.747799e-02 -6.654508e-02 -1.023803e-01
      vertex   -2.833567e-02 -6.543893e-02 -1.030788e-01
    endloop
  endfacet
  facet normal -5.760233e-01 -7.063959e-01 -4.113418e-01
    outer loop
      vertex   -2.833567e-02 -6.543893e-02 -1.030788e-01
      vertex   -2.747799e-02 -6.654508e-02 -1.023803e-01
      vertex   -3.102588e-02 -6.543893e-02 -9.931160e-02
    endloop
  endfacet
  facet normal -1.130296e-01 -9.879565e-01 -1.056704e-01
    outer loop
      vertex   -2.217185e-02 -6.750000e-02 -1.037626e-01
      vertex   -2.519926e-02 -6.750000e-02 -1.005243e-01
      vertex   -2.346753e-02 -6.725528e-02 -1.046646e-01
    endloop
  endfacet
  facet normal -1.150181e-01 -9.876397e-01 -1.064834e-01
    outer loop
      vertex   -2.346753e-02 -6.725528e-02 -1.046646e-01
      vertex   -2.519926e-02 -6.750000e-02 -1.005243e-01
      vertex   -2.639726e-02 -6.725528e-02 -1.015001e-01
    endloop
  endfacet
  facet normal -3.336736e-01 -8.906369e-01 -3.089139e-01
    outer loop
      vertex   -2.346753e-02 -6.725528e-02 -1.046646e-01
      vertex   -2.639726e-02 -6.725528e-02 -1.015001e-01
      vertex   -2.747799e-02 -6.654508e-02 -1.023803e-01
    endloop
  endfacet
  facet normal -3.700483e-01 -8.906369e-01 -2.642538e-01
    outer loop
      vertex   -2.747799e-02 -6.654508e-02 -1.023803e-01
      vertex   -2.639726e-02 -6.725528e-02 -1.015001e-01
      vertex   -3.008678e-02 -6.654508e-02 -9.872707e-02
    endloop
  endfacet
  facet normal -5.760233e-01 -7.063959e-01 -4.113418e-01
    outer loop
      vertex   -2.747799e-02 -6.654508e-02 -1.023803e-01
      vertex   -3.008678e-02 -6.654508e-02 -9.872707e-02
      vertex   -3.102588e-02 -6.543893e-02 -9.931160e-02
    endloop
  endfacet
  facet normal -6.234023e-01 -7.063959e-01 -3.352230e-01
    outer loop
      vertex   -3.102588e-02 -6.543893e-02 -9.931160e-02
      vertex   -3.008678e-02 -6.654508e-02 -9.872707e-02
      vertex   -3.321827e-02 -6.543893e-02 -9.523449e-02
    endloop
  endfacet
  facet normal -1.275566e-01 -9.876397e-01 -9.108895e-02
    outer loop
      vertex   -2.639726e-02 -6.725528e-02 -1.015001e-01
      vertex   -2.519926e-02 -6.750000e-02 -1.005243e-01
      vertex   -2.890344e-02 -6.725528e-02 -9.799052e-02
    endloop
  endfacet
  facet normal -1.263580e-01 -9.879565e-01 -8.930607e-02
    outer loop
      vertex   -2.890344e-02 -6.725528e-02 -9.799052e-02
      vertex   -2.519926e-02 -6.750000e-02 -1.005243e-01
      vertex   -2.775784e-02 -6.750000e-02 -9.690421e-02
    endloop
  endfacet
  facet normal -1.396853e-01 -9.873429e-01 -7.511318e-02
    outer loop
      vertex   -2.890344e-02 -6.725528e-02 -9.799052e-02
      vertex   -2.775784e-02 -6.750000e-02 -9.690421e-02
      vertex   -3.094585e-02 -6.725528e-02 -9.419232e-02
    endloop
  endfacet
  facet normal -1.358256e-01 -9.882215e-01 -7.049655e-02
    outer loop
      vertex   -3.094585e-02 -6.725528e-02 -9.419232e-02
      vertex   -2.775784e-02 -6.750000e-02 -9.690421e-02
      vertex   -2.979999e-02 -6.750000e-02 -9.296960e-02
    endloop
  endfacet
  facet normal -1.495377e-01 -9.870874e-01 -5.741940e-02
    outer loop
      vertex   -3.094585e-02 -6.725528e-02 -9.419232e-02
      vertex   -2.979999e-02 -6.750000e-02 -9.296960e-02
      vertex   -3.249172e-02 -6.725528e-02 -9.016640e-02
    endloop
  endfacet
  facet normal -1.428698e-01 -9.884318e-01 -5.089926e-02
    outer loop
      vertex   -3.249172e-02 -6.725528e-02 -9.016640e-02
      vertex   -2.979999e-02 -6.750000e-02 -9.296960e-02
      vertex   -3.128771e-02 -6.750000e-02 -8.879370e-02
    endloop
  endfacet
  facet normal -1.568488e-01 -9.868773e-01 -3.836096e-02
    outer loop
      vertex   -3.249172e-02 -6.725528e-02 -9.016640e-02
      vertex   -3.128771e-02 -6.750000e-02 -8.879370e-02
      vertex   -3.351625e-02 -6.725528e-02 -8.597736e-02
    endloop
  endfacet
  facet normal -1.474441e-01 -9.885916e-01 -3.077022e-02
    outer loop
      vertex   -3.351625e-02 -6.725528e-02 -8.597736e-02
      vertex   -3.128771e-02 -6.750000e-02 -8.879370e-02
      vertex   -3.219332e-02 -6.750000e-02 -8.445420e-02
    endloop
  endfacet
  facet normal -1.614139e-01 -9.867164e-01 -1.833561e-02
    outer loop
      vertex   -3.351625e-02 -6.725528e-02 -8.597736e-02
      vertex   -3.219332e-02 -6.750000e-02 -8.445420e-02
      vertex   -3.400299e-02 -6.725528e-02 -8.169240e-02
    endloop
  endfacet
  facet normal -1.495237e-01 -9.887038e-01 -1.036839e-02
    outer loop
      vertex   -3.400299e-02 -6.725528e-02 -8.169240e-02
      vertex   -3.219332e-02 -6.750000e-02 -8.445420e-02
      vertex   -3.249998e-02 -6.750000e-02 -8.003182e-02
    endloop
  endfacet
  facet normal -1.630970e-01 -9.866075e-01 2.225847e-03
    outer loop
      vertex   -3.400299e-02 -6.725528e-02 -8.169240e-02
      vertex   -3.249998e-02 -6.750000e-02 -8.003182e-02
      vertex   -3.394414e-02 -6.725528e-02 -7.738029e-02
    endloop
  endfacet
  facet normal -1.491053e-01 -9.887703e-01 1.004605e-02
    outer loop
      vertex   -3.394414e-02 -6.725528e-02 -7.738029e-02
      vertex   -3.249998e-02 -6.750000e-02 -8.003182e-02
      vertex   -3.220198e-02 -6.750000e-02 -7.560885e-02
    endloop
  endfacet
  facet normal -1.618359e-01 -9.865526e-01 2.287257e-02
    outer loop
      vertex   -3.394414e-02 -6.725528e-02 -7.738029e-02
      vertex   -3.220198e-02 -6.750000e-02 -7.560885e-02
      vertex   -3.334065e-02 -6.725528e-02 -7.311022e-02
    endloop
  endfacet
  facet normal -1.462083e-01 -9.887923e-01 3.021366e-02
    outer loop
      vertex   -3.334065e-02 -6.725528e-02 -7.311022e-02
      vertex   -3.220198e-02 -6.750000e-02 -7.560885e-02
      vertex   -3.130487e-02 -6.750000e-02 -7.126758e-02
    endloop
  endfacet
  facet normal -1.576461e-01 -9.865526e-01 4.314777e-02
    outer loop
      vertex   -3.334065e-02 -6.725528e-02 -7.311022e-02
      vertex   -3.130487e-02 -6.750000e-02 -7.126758e-02
      vertex   -3.220218e-02 -6.725528e-02 -6.895069e-02
    endloop
  endfacet
  facet normal -1.408742e-01 -9.887703e-01 4.987766e-02
    outer loop
      vertex   -3.220218e-02 -6.725528e-02 -6.895069e-02
      vertex   -3.130487e-02 -6.750000e-02 -7.126758e-02
      vertex   -2.982533e-02 -6.750000e-02 -6.708877e-02
    endloop
  endfacet
  facet normal -1.506201e-01 -9.866075e-01 6.260318e-02
    outer loop
      vertex   -3.220218e-02 -6.725528e-02 -6.895069e-02
      vertex   -2.982533e-02 -6.750000e-02 -6.708877e-02
      vertex   -3.054702e-02 -6.725528e-02 -6.496846e-02
    endloop
  endfacet
  facet normal -1.331666e-01 -9.887038e-01 6.878579e-02
    outer loop
      vertex   -3.054702e-02 -6.725528e-02 -6.496846e-02
      vertex   -2.982533e-02 -6.750000e-02 -6.708877e-02
      vertex   -2.779089e-02 -6.750000e-02 -6.315018e-02
    endloop
  endfacet
  facet normal -1.409250e-01 -9.867164e-01 8.081337e-02
    outer loop
      vertex   -3.054702e-02 -6.725528e-02 -6.496846e-02
      vertex   -2.779089e-02 -6.750000e-02 -6.315018e-02
      vertex   -2.840172e-02 -6.725528e-02 -6.122741e-02
    endloop
  endfacet
  facet normal -1.231707e-01 -9.885916e-01 8.669225e-02
    outer loop
      vertex   -2.840172e-02 -6.725528e-02 -6.122741e-02
      vertex   -2.779089e-02 -6.750000e-02 -6.315018e-02
      vertex   -2.523940e-02 -6.750000e-02 -5.952508e-02
    endloop
  endfacet
  facet normal -1.287963e-01 -9.868773e-01 9.738897e-02
    outer loop
      vertex   -2.840172e-02 -6.725528e-02 -6.122741e-02
      vertex   -2.523940e-02 -6.750000e-02 -5.952508e-02
      vertex   -2.580070e-02 -6.725528e-02 -5.778758e-02
    endloop
  endfacet
  facet normal -1.109925e-01 -9.884318e-01 1.033594e-01
    outer loop
      vertex   -2.580070e-02 -6.725528e-02 -5.778758e-02
      vertex   -2.523940e-02 -6.750000e-02 -5.952508e-02
      vertex   -2.221834e-02 -6.750000e-02 -5.628091e-02
    endloop
  endfacet
  facet normal -1.145299e-01 -9.870874e-01 1.119885e-01
    outer loop
      vertex   -2.580070e-02 -6.725528e-02 -5.778758e-02
      vertex   -2.221834e-02 -6.750000e-02 -5.628091e-02
      vertex   -2.278570e-02 -6.725528e-02 -5.470416e-02
    endloop
  endfacet
  facet normal -9.675756e-02 -9.882215e-01 1.185594e-01
    outer loop
      vertex   -2.278570e-02 -6.725528e-02 -5.470416e-02
      vertex   -2.221834e-02 -6.750000e-02 -5.628091e-02
      vertex   -1.878391e-02 -6.750000e-02 -5.347803e-02
    endloop
  endfacet
  facet normal -9.847123e-02 -9.873429e-01 1.243278e-01
    outer loop
      vertex   -2.278570e-02 -6.725528e-02 -5.470416e-02
      vertex   -1.878391e-02 -6.750000e-02 -5.347803e-02
      vertex   -1.940509e-02 -6.725528e-02 -5.202661e-02
    endloop
  endfacet
  facet normal -5.102551e-01 -3.101810e-01 8.021393e-01
    outer loop
      vertex   -1.956938e-02 -6.453001e-02 -4.851701e-02
      vertex   -1.989004e-02 -6.354283e-02 -4.833926e-02
      vertex   -2.123484e-02 -6.404508e-02 -4.938893e-02
    endloop
  endfacet
  facet normal -2.823225e-01 -8.906369e-01 3.564546e-01
    outer loop
      vertex   -2.278570e-02 -6.725528e-02 -5.470416e-02
      vertex   -1.940509e-02 -6.725528e-02 -5.202661e-02
      vertex   -2.019955e-02 -6.654508e-02 -5.088135e-02
    endloop
  endfacet
  facet normal -4.394677e-01 -7.063959e-01 5.548630e-01
    outer loop
      vertex   -2.019955e-02 -6.654508e-02 -5.088135e-02
      vertex   -2.083004e-02 -6.543893e-02 -4.997247e-02
      vertex   -2.371857e-02 -6.654508e-02 -5.366852e-02
    endloop
  endfacet
  facet normal -4.394677e-01 -7.063959e-01 5.548630e-01
    outer loop
      vertex   -2.371857e-02 -6.654508e-02 -5.366852e-02
      vertex   -2.083004e-02 -6.543893e-02 -4.997247e-02
      vertex   -2.445890e-02 -6.543893e-02 -5.284663e-02
    endloop
  endfacet
  facet normal -5.060857e-01 -7.063959e-01 4.948556e-01
    outer loop
      vertex   -2.371857e-02 -6.654508e-02 -5.366852e-02
      vertex   -2.445890e-02 -6.543893e-02 -5.284663e-02
      vertex   -2.685701e-02 -6.654508e-02 -5.687818e-02
    endloop
  endfacet
  facet normal -5.060857e-01 -7.063959e-01 4.948556e-01
    outer loop
      vertex   -2.685701e-02 -6.654508e-02 -5.687818e-02
      vertex   -2.445890e-02 -6.543893e-02 -5.284663e-02
      vertex   -2.769530e-02 -6.543893e-02 -5.615648e-02
    endloop
  endfacet
  facet normal -5.645833e-01 -7.063959e-01 4.269081e-01
    outer loop
      vertex   -2.685701e-02 -6.654508e-02 -5.687818e-02
      vertex   -2.769530e-02 -6.543893e-02 -5.615648e-02
      vertex   -2.956452e-02 -6.654508e-02 -6.045884e-02
    endloop
  endfacet
  facet normal -5.645833e-01 -7.063959e-01 4.269081e-01
    outer loop
      vertex   -2.956452e-02 -6.654508e-02 -6.045884e-02
      vertex   -2.769530e-02 -6.543893e-02 -5.615648e-02
      vertex   -3.048732e-02 -6.543893e-02 -5.984890e-02
    endloop
  endfacet
  facet normal -6.140220e-01 -7.063959e-01 3.521106e-01
    outer loop
      vertex   -2.956452e-02 -6.654508e-02 -6.045884e-02
      vertex   -3.048732e-02 -6.543893e-02 -5.984890e-02
      vertex   -3.179765e-02 -6.654508e-02 -6.435305e-02
    endloop
  endfacet
  facet normal -6.140220e-01 -7.063959e-01 3.521106e-01
    outer loop
      vertex   -3.179765e-02 -6.654508e-02 -6.435305e-02
      vertex   -3.048732e-02 -6.543893e-02 -5.984890e-02
      vertex   -3.279015e-02 -6.543893e-02 -6.386466e-02
    endloop
  endfacet
  facet normal -6.536084e-01 -7.063959e-01 2.716633e-01
    outer loop
      vertex   -3.179765e-02 -6.654508e-02 -6.435305e-02
      vertex   -3.279015e-02 -6.543893e-02 -6.386466e-02
      vertex   -3.352057e-02 -6.654508e-02 -6.849832e-02
    endloop
  endfacet
  facet normal -6.536084e-01 -7.063959e-01 2.716633e-01
    outer loop
      vertex   -3.352057e-02 -6.654508e-02 -6.849832e-02
      vertex   -3.279015e-02 -6.543893e-02 -6.386466e-02
      vertex   -3.456686e-02 -6.543893e-02 -6.813932e-02
    endloop
  endfacet
  facet normal -6.827073e-01 -7.063959e-01 1.868571e-01
    outer loop
      vertex   -3.352057e-02 -6.654508e-02 -6.849832e-02
      vertex   -3.456686e-02 -6.543893e-02 -6.813932e-02
      vertex   -3.470565e-02 -6.654508e-02 -7.282814e-02
    endloop
  endfacet
  facet normal -6.827073e-01 -7.063959e-01 1.868571e-01
    outer loop
      vertex   -3.470565e-02 -6.654508e-02 -7.282814e-02
      vertex   -3.456686e-02 -6.543893e-02 -6.813932e-02
      vertex   -3.578892e-02 -6.543893e-02 -7.260429e-02
    endloop
  endfacet
  facet normal -7.008519e-01 -7.063959e-01 9.905271e-02
    outer loop
      vertex   -3.470565e-02 -6.654508e-02 -7.282814e-02
      vertex   -3.578892e-02 -6.543893e-02 -7.260429e-02
      vertex   -3.533385e-02 -6.654508e-02 -7.727304e-02
    endloop
  endfacet
  facet normal -7.008519e-01 -7.063959e-01 9.905271e-02
    outer loop
      vertex   -3.533385e-02 -6.654508e-02 -7.727304e-02
      vertex   -3.578892e-02 -6.543893e-02 -7.260429e-02
      vertex   -3.643673e-02 -6.543893e-02 -7.718792e-02
    endloop
  endfacet
  facet normal -7.077511e-01 -7.063959e-01 9.658953e-03
    outer loop
      vertex   -3.533385e-02 -6.654508e-02 -7.727304e-02
      vertex   -3.643673e-02 -6.543893e-02 -7.718792e-02
      vertex   -3.539511e-02 -6.654508e-02 -8.176169e-02
    endloop
  endfacet
  facet normal -7.077511e-01 -7.063959e-01 9.658953e-03
    outer loop
      vertex   -3.539511e-02 -6.654508e-02 -8.176169e-02
      vertex   -3.643673e-02 -6.543893e-02 -7.718792e-02
      vertex   -3.649990e-02 -6.543893e-02 -8.181668e-02
    endloop
  endfacet
  facet normal -7.032940e-01 -7.063959e-01 -7.988979e-02
    outer loop
      vertex   -3.539511e-02 -6.654508e-02 -8.176169e-02
      vertex   -3.649990e-02 -6.543893e-02 -8.181668e-02
      vertex   -3.488844e-02 -6.654508e-02 -8.622208e-02
    endloop
  endfacet
  facet normal -7.032940e-01 -7.063959e-01 -7.988979e-02
    outer loop
      vertex   -3.488844e-02 -6.654508e-02 -8.622208e-02
      vertex   -3.649990e-02 -6.543893e-02 -8.181668e-02
      vertex   -3.597742e-02 -6.543893e-02 -8.641629e-02
    endloop
  endfacet
  facet normal -6.875523e-01 -7.063959e-01 -1.681567e-01
    outer loop
      vertex   -3.488844e-02 -6.654508e-02 -8.622208e-02
      vertex   -3.597742e-02 -6.543893e-02 -8.641629e-02
      vertex   -3.382197e-02 -6.654508e-02 -9.058263e-02
    endloop
  endfacet
  facet normal -6.875523e-01 -7.063959e-01 -1.681567e-01
    outer loop
      vertex   -3.382197e-02 -6.654508e-02 -9.058263e-02
      vertex   -3.597742e-02 -6.543893e-02 -8.641629e-02
      vertex   -3.487766e-02 -6.543893e-02 -9.091294e-02
    endloop
  endfacet
  facet normal -6.607785e-01 -7.063959e-01 -2.537254e-01
    outer loop
      vertex   -3.382197e-02 -6.654508e-02 -9.058263e-02
      vertex   -3.487766e-02 -6.543893e-02 -9.091294e-02
      vertex   -3.221281e-02 -6.654508e-02 -9.477337e-02
    endloop
  endfacet
  facet normal -6.607785e-01 -7.063959e-01 -2.537254e-01
    outer loop
      vertex   -3.221281e-02 -6.654508e-02 -9.477337e-02
      vertex   -3.487766e-02 -6.543893e-02 -9.091294e-02
      vertex   -3.321827e-02 -6.543893e-02 -9.523449e-02
    endloop
  endfacet
  facet normal -6.234023e-01 -7.063959e-01 -3.352230e-01
    outer loop
      vertex   -3.221281e-02 -6.654508e-02 -9.477337e-02
      vertex   -3.321827e-02 -6.543893e-02 -9.523449e-02
      vertex   -3.008678e-02 -6.654508e-02 -9.872707e-02
    endloop
  endfacet
  facet normal -3.251191e-01 -8.906369e-01 3.179047e-01
    outer loop
      vertex   -2.580070e-02 -6.725528e-02 -5.778758e-02
      vertex   -2.278570e-02 -6.725528e-02 -5.470416e-02
      vertex   -2.371857e-02 -6.654508e-02 -5.366852e-02
    endloop
  endfacet
  facet normal -2.823225e-01 -8.906369e-01 3.564546e-01
    outer loop
      vertex   -2.371857e-02 -6.654508e-02 -5.366852e-02
      vertex   -2.278570e-02 -6.725528e-02 -5.470416e-02
      vertex   -2.019955e-02 -6.654508e-02 -5.088135e-02
    endloop
  endfacet
  facet normal -3.251191e-01 -8.906369e-01 3.179047e-01
    outer loop
      vertex   -2.580070e-02 -6.725528e-02 -5.778758e-02
      vertex   -2.371857e-02 -6.654508e-02 -5.366852e-02
      vertex   -2.685701e-02 -6.654508e-02 -5.687818e-02
    endloop
  endfacet
  facet normal -3.626991e-01 -8.906369e-01 2.742539e-01
    outer loop
      vertex   -2.840172e-02 -6.725528e-02 -6.122741e-02
      vertex   -2.580070e-02 -6.725528e-02 -5.778758e-02
      vertex   -2.685701e-02 -6.654508e-02 -5.687818e-02
    endloop
  endfacet
  facet normal -3.626991e-01 -8.906369e-01 2.742539e-01
    outer loop
      vertex   -2.840172e-02 -6.725528e-02 -6.122741e-02
      vertex   -2.685701e-02 -6.654508e-02 -5.687818e-02
      vertex   -2.956452e-02 -6.654508e-02 -6.045884e-02
    endloop
  endfacet
  facet normal -3.944594e-01 -8.906369e-01 2.262026e-01
    outer loop
      vertex   -3.054702e-02 -6.725528e-02 -6.496846e-02
      vertex   -2.840172e-02 -6.725528e-02 -6.122741e-02
      vertex   -2.956452e-02 -6.654508e-02 -6.045884e-02
    endloop
  endfacet
  facet normal -3.944594e-01 -8.906369e-01 2.262026e-01
    outer loop
      vertex   -3.054702e-02 -6.725528e-02 -6.496846e-02
      vertex   -2.956452e-02 -6.654508e-02 -6.045884e-02
      vertex   -3.179765e-02 -6.654508e-02 -6.435305e-02
    endloop
  endfacet
  facet normal -4.198905e-01 -8.906369e-01 1.745217e-01
    outer loop
      vertex   -3.220218e-02 -6.725528e-02 -6.895069e-02
      vertex   -3.054702e-02 -6.725528e-02 -6.496846e-02
      vertex   -3.179765e-02 -6.654508e-02 -6.435305e-02
    endloop
  endfacet
  facet normal -4.198905e-01 -8.906369e-01 1.745217e-01
    outer loop
      vertex   -3.220218e-02 -6.725528e-02 -6.895069e-02
      vertex   -3.179765e-02 -6.654508e-02 -6.435305e-02
      vertex   -3.352057e-02 -6.654508e-02 -6.849832e-02
    endloop
  endfacet
  facet normal -4.385842e-01 -8.906369e-01 1.200406e-01
    outer loop
      vertex   -3.334065e-02 -6.725528e-02 -7.311022e-02
      vertex   -3.220218e-02 -6.725528e-02 -6.895069e-02
      vertex   -3.352057e-02 -6.654508e-02 -6.849832e-02
    endloop
  endfacet
  facet normal -4.385842e-01 -8.906369e-01 1.200406e-01
    outer loop
      vertex   -3.334065e-02 -6.725528e-02 -7.311022e-02
      vertex   -3.352057e-02 -6.654508e-02 -6.849832e-02
      vertex   -3.470565e-02 -6.654508e-02 -7.282814e-02
    endloop
  endfacet
  facet normal -4.502406e-01 -8.906369e-01 6.363335e-02
    outer loop
      vertex   -3.394414e-02 -6.725528e-02 -7.738029e-02
      vertex   -3.334065e-02 -6.725528e-02 -7.311022e-02
      vertex   -3.470565e-02 -6.654508e-02 -7.282814e-02
    endloop
  endfacet
  facet normal -4.502406e-01 -8.906369e-01 6.363335e-02
    outer loop
      vertex   -3.394414e-02 -6.725528e-02 -7.738029e-02
      vertex   -3.470565e-02 -6.654508e-02 -7.282814e-02
      vertex   -3.533385e-02 -6.654508e-02 -7.727304e-02
    endloop
  endfacet
  facet normal -4.546728e-01 -8.906369e-01 6.205095e-03
    outer loop
      vertex   -3.400299e-02 -6.725528e-02 -8.169240e-02
      vertex   -3.394414e-02 -6.725528e-02 -7.738029e-02
      vertex   -3.533385e-02 -6.654508e-02 -7.727304e-02
    endloop
  endfacet
  facet normal -4.546728e-01 -8.906369e-01 6.205095e-03
    outer loop
      vertex   -3.400299e-02 -6.725528e-02 -8.169240e-02
      vertex   -3.533385e-02 -6.654508e-02 -7.727304e-02
      vertex   -3.539511e-02 -6.654508e-02 -8.176169e-02
    endloop
  endfacet
  facet normal -4.518095e-01 -8.906369e-01 -5.132272e-02
    outer loop
      vertex   -3.351625e-02 -6.725528e-02 -8.597736e-02
      vertex   -3.400299e-02 -6.725528e-02 -8.169240e-02
      vertex   -3.539511e-02 -6.654508e-02 -8.176169e-02
    endloop
  endfacet
  facet normal -4.518095e-01 -8.906369e-01 -5.132272e-02
    outer loop
      vertex   -3.351625e-02 -6.725528e-02 -8.597736e-02
      vertex   -3.539511e-02 -6.654508e-02 -8.176169e-02
      vertex   -3.488844e-02 -6.654508e-02 -8.622208e-02
    endloop
  endfacet
  facet normal -4.416967e-01 -8.906369e-01 -1.080270e-01
    outer loop
      vertex   -3.249172e-02 -6.725528e-02 -9.016640e-02
      vertex   -3.351625e-02 -6.725528e-02 -8.597736e-02
      vertex   -3.488844e-02 -6.654508e-02 -8.622208e-02
    endloop
  endfacet
  facet normal -4.416967e-01 -8.906369e-01 -1.080270e-01
    outer loop
      vertex   -3.249172e-02 -6.725528e-02 -9.016640e-02
      vertex   -3.488844e-02 -6.654508e-02 -8.622208e-02
      vertex   -3.382197e-02 -6.654508e-02 -9.058263e-02
    endloop
  endfacet
  facet normal -4.244967e-01 -8.906369e-01 -1.629980e-01
    outer loop
      vertex   -3.094585e-02 -6.725528e-02 -9.419232e-02
      vertex   -3.249172e-02 -6.725528e-02 -9.016640e-02
      vertex   -3.382197e-02 -6.654508e-02 -9.058263e-02
    endloop
  endfacet
  facet normal -4.244967e-01 -8.906369e-01 -1.629980e-01
    outer loop
      vertex   -3.094585e-02 -6.725528e-02 -9.419232e-02
      vertex   -3.382197e-02 -6.654508e-02 -9.058263e-02
      vertex   -3.221281e-02 -6.654508e-02 -9.477337e-02
    endloop
  endfacet
  facet normal -4.004855e-01 -8.906369e-01 -2.153536e-01
    outer loop
      vertex   -2.890344e-02 -6.725528e-02 -9.799052e-02
      vertex   -3.094585e-02 -6.725528e-02 -9.419232e-02
      vertex   -3.221281e-02 -6.654508e-02 -9.477337e-02
    endloop
  endfacet
  facet normal -4.004855e-01 -8.906369e-01 -2.153536e-01
    outer loop
      vertex   -2.890344e-02 -6.725528e-02 -9.799052e-02
      vertex   -3.221281e-02 -6.654508e-02 -9.477337e-02
      vertex   -3.008678e-02 -6.654508e-02 -9.872707e-02
    endloop
  endfacet
  facet normal -3.700483e-01 -8.906369e-01 -2.642538e-01
    outer loop
      vertex   -2.639726e-02 -6.725528e-02 -1.015001e-01
      vertex   -2.890344e-02 -6.725528e-02 -9.799052e-02
      vertex   -3.008678e-02 -6.654508e-02 -9.872707e-02
    endloop
  endfacet
  facet normal 4.544461e-01 -7.063959e-01 -5.426634e-01
    outer loop
      vertex   2.442831e-02 -6.654508e-02 -1.056744e-01
      vertex   2.164173e-02 -6.543893e-02 -1.094479e-01
      vertex   2.519080e-02 -6.543893e-02 -1.064758e-01
    endloop
  endfacet
  facet normal 5.194017e-01 -7.063959e-01 -4.808604e-01
    outer loop
      vertex   2.442831e-02 -6.654508e-02 -1.056744e-01
      vertex   2.519080e-02 -6.543893e-02 -1.064758e-01
      vertex   2.747799e-02 -6.654508e-02 -1.023803e-01
    endloop
  endfacet
  facet normal 5.194017e-01 -7.063959e-01 -4.808604e-01
    outer loop
      vertex   2.747799e-02 -6.654508e-02 -1.023803e-01
      vertex   2.519080e-02 -6.543893e-02 -1.064758e-01
      vertex   2.833567e-02 -6.543893e-02 -1.030788e-01
    endloop
  endfacet
  facet normal 5.760233e-01 -7.063959e-01 -4.113418e-01
    outer loop
      vertex   2.747799e-02 -6.654508e-02 -1.023803e-01
      vertex   2.833567e-02 -6.543893e-02 -1.030788e-01
      vertex   3.008678e-02 -6.654508e-02 -9.872707e-02
    endloop
  endfacet
  facet normal 5.760233e-01 -7.063959e-01 -4.113418e-01
    outer loop
      vertex   3.008678e-02 -6.654508e-02 -9.872707e-02
      vertex   2.833567e-02 -6.543893e-02 -1.030788e-01
      vertex   3.102588e-02 -6.543893e-02 -9.931160e-02
    endloop
  endfacet
  facet normal 6.234023e-01 -7.063959e-01 -3.352230e-01
    outer loop
      vertex   3.008678e-02 -6.654508e-02 -9.872707e-02
      vertex   3.102588e-02 -6.543893e-02 -9.931160e-02
      vertex   3.221281e-02 -6.654508e-02 -9.477337e-02
    endloop
  endfacet
  facet normal 6.234023e-01 -7.063959e-01 -3.352230e-01
    outer loop
      vertex   3.221281e-02 -6.654508e-02 -9.477337e-02
      vertex   3.102588e-02 -6.543893e-02 -9.931160e-02
      vertex   3.321827e-02 -6.543893e-02 -9.523449e-02
    endloop
  endfacet
  facet normal 6.607785e-01 -7.063959e-01 -2.537254e-01
    outer loop
      vertex   3.221281e-02 -6.654508e-02 -9.477337e-02
      vertex   3.321827e-02 -6.543893e-02 -9.523449e-02
      vertex   3.382197e-02 -6.654508e-02 -9.058263e-02
    endloop
  endfacet
  facet normal 6.607785e-01 -7.063959e-01 -2.537254e-01
    outer loop
      vertex   3.382197e-02 -6.654508e-02 -9.058263e-02
      vertex   3.321827e-02 -6.543893e-02 -9.523449e-02
      vertex   3.487766e-02 -6.543893e-02 -9.091294e-02
    endloop
  endfacet
  facet normal 6.875523e-01 -7.063959e-01 -1.681567e-01
    outer loop
      vertex   3.382197e-02 -6.654508e-02 -9.058263e-02
      vertex   3.487766e-02 -6.543893e-02 -9.091294e-02
      vertex   3.488844e-02 -6.654508e-02 -8.622208e-02
    endloop
  endfacet
  facet normal 6.875523e-01 -7.063959e-01 -1.681567e-01
    outer loop
      vertex   3.488844e-02 -6.654508e-02 -8.622208e-02
      vertex   3.487766e-02 -6.543893e-02 -9.091294e-02
      vertex   3.597742e-02 -6.543893e-02 -8.641629e-02
    endloop
  endfacet
  facet normal 7.032940e-01 -7.063959e-01 -7.988979e-02
    outer loop
      vertex   3.488844e-02 -6.654508e-02 -8.622208e-02
      vertex   3.597742e-02 -6.543893e-02 -8.641629e-02
      vertex   3.539511e-02 -6.654508e-02 -8.176169e-02
    endloop
  endfacet
  facet normal 7.032940e-01 -7.063959e-01 -7.988979e-02
    outer loop
      vertex   3.539511e-02 -6.654508e-02 -8.176169e-02
      vertex   3.597742e-02 -6.543893e-02 -8.641629e-02
      vertex   3.649990e-02 -6.543893e-02 -8.181668e-02
    endloop
  endfacet
  facet normal 7.077511e-01 -7.063959e-01 9.658953e-03
    outer loop
      vertex   3.539511e-02 -6.654508e-02 -8.176169e-02
      vertex   3.649990e-02 -6.543893e-02 -8.181668e-02
      vertex   3.533385e-02 -6.654508e-02 -7.727304e-02
    endloop
  endfacet
  facet normal 7.077511e-01 -7.063959e-01 9.658953e-03
    outer loop
      vertex   3.533385e-02 -6.654508e-02 -7.727304e-02
      vertex   3.649990e-02 -6.543893e-02 -8.181668e-02
      vertex   3.643673e-02 -6.543893e-02 -7.718792e-02
    endloop
  endfacet
  facet normal 7.008519e-01 -7.063959e-01 9.905271e-02
    outer loop
      vertex   3.533385e-02 -6.654508e-02 -7.727304e-02
      vertex   3.643673e-02 -6.543893e-02 -7.718792e-02
      vertex   3.470565e-02 -6.654508e-02 -7.282814e-02
    endloop
  endfacet
  facet normal 7.008519e-01 -7.063959e-01 9.905271e-02
    outer loop
      vertex   3.470565e-02 -6.654508e-02 -7.282814e-02
      vertex   3.643673e-02 -6.543893e-02 -7.718792e-02
      vertex   3.578892e-02 -6.543893e-02 -7.260429e-02
    endloop
  endfacet
  facet normal 6.827073e-01 -7.063959e-01 1.868571e-01
    outer loop
      vertex   3.470565e-02 -6.654508e-02 -7.282814e-02
      vertex   3.578892e-02 -6.543893e-02 -7.260429e-02
      vertex   3.352057e-02 -6.654508e-02 -6.849832e-02
    endloop
  endfacet
  facet normal 6.827073e-01 -7.063959e-01 1.868571e-01
    outer loop
      vertex   3.352057e-02 -6.654508e-02 -6.849832e-02
      vertex   3.578892e-02 -6.543893e-02 -7.260429e-02
      vertex   3.456686e-02 -6.543893e-02 -6.813932e-02
    endloop
  endfacet
  facet normal 6.536084e-01 -7.063959e-01 2.716633e-01
    outer loop
      vertex   3.352057e-02 -6.654508e-02 -6.849832e-02
      vertex   3.456686e-02 -6.543893e-02 -6.813932e-02
      vertex   3.179765e-02 -6.654508e-02 -6.435305e-02
    endloop
  endfacet
  facet normal 6.536084e-01 -7.063959e-01 2.716633e-01
    outer loop
      vertex   3.179765e-02 -6.654508e-02 -6.435305e-02
      vertex   3.456686e-02 -6.543893e-02 -6.813932e-02
      vertex   3.279015e-02 -6.543893e-02 -6.386466e-02
    endloop
  endfacet
  facet normal 6.140220e-01 -7.063959e-01 3.521106e-01
    outer loop
      vertex   3.179765e-02 -6.654508e-02 -6.435305e-02
      vertex   3.279015e-02 -6.543893e-02 -6.386466e-02
      vertex   2.956452e-02 -6.654508e-02 -6.045884e-02
    endloop
  endfacet
  facet normal 6.140220e-01 -7.063959e-01 3.521106e-01
    outer loop
      vertex   2.956452e-02 -6.654508e-02 -6.045884e-02
      vertex   3.279015e-02 -6.543893e-02 -6.386466e-02
      vertex   3.048732e-02 -6.543893e-02 -5.984890e-02
    endloop
  endfacet
  facet normal 5.645833e-01 -7.063959e-01 4.269081e-01
    outer loop
      vertex   2.956452e-02 -6.654508e-02 -6.045884e-02
      vertex   3.048732e-02 -6.543893e-02 -5.984890e-02
      vertex   2.685701e-02 -6.654508e-02 -5.687818e-02
    endloop
  endfacet
  facet normal 5.645833e-01 -7.063959e-01 4.269081e-01
    outer loop
      vertex   2.685701e-02 -6.654508e-02 -5.687818e-02
      vertex   3.048732e-02 -6.543893e-02 -5.984890e-02
      vertex   2.769530e-02 -6.543893e-02 -5.615648e-02
    endloop
  endfacet
  facet normal 5.060857e-01 -7.063959e-01 4.948556e-01
    outer loop
      vertex   2.685701e-02 -6.654508e-02 -5.687818e-02
      vertex   2.769530e-02 -6.543893e-02 -5.615648e-02
      vertex   2.371857e-02 -6.654508e-02 -5.366852e-02
    endloop
  endfacet
  facet normal 5.060857e-01 -7.063959e-01 4.948556e-01
    outer loop
      vertex   2.371857e-02 -6.654508e-02 -5.366852e-02
      vertex   2.769530e-02 -6.543893e-02 -5.615648e-02
      vertex   2.445890e-02 -6.543893e-02 -5.284663e-02
    endloop
  endfacet
  facet normal 4.394677e-01 -7.063959e-01 5.548630e-01
    outer loop
      vertex   2.371857e-02 -6.654508e-02 -5.366852e-02
      vertex   2.445890e-02 -6.543893e-02 -5.284663e-02
      vertex   2.019955e-02 -6.654508e-02 -5.088135e-02
    endloop
  endfacet
  facet normal 4.394677e-01 -7.063959e-01 5.548630e-01
    outer loop
      vertex   2.019955e-02 -6.654508e-02 -5.088135e-02
      vertex   2.445890e-02 -6.543893e-02 -5.284663e-02
      vertex   2.083004e-02 -6.543893e-02 -4.997247e-02
    endloop
  endfacet
  facet normal 3.700483e-01 -8.906369e-01 -2.642538e-01
    outer loop
      vertex   2.890344e-02 -6.725528e-02 -9.799052e-02
      vertex   2.639726e-02 -6.725528e-02 -1.015001e-01
      vertex   2.747799e-02 -6.654508e-02 -1.023803e-01
    endloop
  endfacet
  facet normal 3.336736e-01 -8.906369e-01 -3.089139e-01
    outer loop
      vertex   2.747799e-02 -6.654508e-02 -1.023803e-01
      vertex   2.639726e-02 -6.725528e-02 -1.015001e-01
      vertex   2.442831e-02 -6.654508e-02 -1.056744e-01
    endloop
  endfacet
  facet normal 3.700483e-01 -8.906369e-01 -2.642538e-01
    outer loop
      vertex   2.890344e-02 -6.725528e-02 -9.799052e-02
      vertex   2.747799e-02 -6.654508e-02 -1.023803e-01
      vertex   3.008678e-02 -6.654508e-02 -9.872707e-02
    endloop
  endfacet
  facet normal 4.004855e-01 -8.906369e-01 -2.153536e-01
    outer loop
      vertex   3.094585e-02 -6.725528e-02 -9.419232e-02
      vertex   2.890344e-02 -6.725528e-02 -9.799052e-02
      vertex   3.008678e-02 -6.654508e-02 -9.872707e-02
    endloop
  endfacet
  facet normal 4.004855e-01 -8.906369e-01 -2.153536e-01
    outer loop
      vertex   3.094585e-02 -6.725528e-02 -9.419232e-02
      vertex   3.008678e-02 -6.654508e-02 -9.872707e-02
      vertex   3.221281e-02 -6.654508e-02 -9.477337e-02
    endloop
  endfacet
  facet normal 4.244967e-01 -8.906369e-01 -1.629980e-01
    outer loop
      vertex   3.249172e-02 -6.725528e-02 -9.016640e-02
      vertex   3.094585e-02 -6.725528e-02 -9.419232e-02
      vertex   3.221281e-02 -6.654508e-02 -9.477337e-02
    endloop
  endfacet
  facet normal 4.244967e-01 -8.906369e-01 -1.629980e-01
    outer loop
      vertex   3.249172e-02 -6.725528e-02 -9.016640e-02
      vertex   3.221281e-02 -6.654508e-02 -9.477337e-02
      vertex   3.382197e-02 -6.654508e-02 -9.058263e-02
    endloop
  endfacet
  facet normal 4.416967e-01 -8.906369e-01 -1.080270e-01
    outer loop
      vertex   3.351625e-02 -6.725528e-02 -8.597736e-02
      vertex   3.249172e-02 -6.725528e-02 -9.016640e-02
      vertex   3.382197e-02 -6.654508e-02 -9.058263e-02
    endloop
  endfacet
  facet normal 4.416967e-01 -8.906369e-01 -1.080270e-01
    outer loop
      vertex   3.351625e-02 -6.725528e-02 -8.597736e-02
      vertex   3.382197e-02 -6.654508e-02 -9.058263e-02
      vertex   3.488844e-02 -6.654508e-02 -8.622208e-02
    endloop
  endfacet
  facet normal 4.518095e-01 -8.906369e-01 -5.132272e-02
    outer loop
      vertex   3.400299e-02 -6.725528e-02 -8.169240e-02
      vertex   3.351625e-02 -6.725528e-02 -8.597736e-02
      vertex   3.488844e-02 -6.654508e-02 -8.622208e-02
    endloop
  endfacet
  facet normal 4.518095e-01 -8.906369e-01 -5.132272e-02
    outer loop
      vertex   3.400299e-02 -6.725528e-02 -8.169240e-02
      vertex   3.488844e-02 -6.654508e-02 -8.622208e-02
      vertex   3.539511e-02 -6.654508e-02 -8.176169e-02
    endloop
  endfacet
  facet normal 4.546728e-01 -8.906369e-01 6.205095e-03
    outer loop
      vertex   3.394414e-02 -6.725528e-02 -7.738029e-02
      vertex   3.400299e-02 -6.725528e-02 -8.169240e-02
      vertex   3.539511e-02 -6.654508e-02 -8.176169e-02
    endloop
  endfacet
  facet normal 4.546728e-01 -8.906369e-01 6.205095e-03
    outer loop
      vertex   3.394414e-02 -6.725528e-02 -7.738029e-02
      vertex   3.539511e-02 -6.654508e-02 -8.176169e-02
      vertex   3.533385e-02 -6.654508e-02 -7.727304e-02
    endloop
  endfacet
  facet normal 4.502406e-01 -8.906369e-01 6.363335e-02
    outer loop
      vertex   3.334065e-02 -6.725528e-02 -7.311022e-02
      vertex   3.394414e-02 -6.725528e-02 -7.738029e-02
      vertex   3.533385e-02 -6.654508e-02 -7.727304e-02
    endloop
  endfacet
  facet normal 4.502406e-01 -8.906369e-01 6.363335e-02
    outer loop
      vertex   3.334065e-02 -6.725528e-02 -7.311022e-02
      vertex   3.533385e-02 -6.654508e-02 -7.727304e-02
      vertex   3.470565e-02 -6.654508e-02 -7.282814e-02
    endloop
  endfacet
  facet normal 4.385842e-01 -8.906369e-01 1.200406e-01
    outer loop
      vertex   3.220218e-02 -6.725528e-02 -6.895069e-02
      vertex   3.334065e-02 -6.725528e-02 -7.311022e-02
      vertex   3.470565e-02 -6.654508e-02 -7.282814e-02
    endloop
  endfacet
  facet normal 4.385842e-01 -8.906369e-01 1.200406e-01
    outer loop
      vertex   3.220218e-02 -6.725528e-02 -6.895069e-02
      vertex   3.470565e-02 -6.654508e-02 -7.282814e-02
      vertex   3.352057e-02 -6.654508e-02 -6.849832e-02
    endloop
  endfacet
  facet normal 4.198905e-01 -8.906369e-01 1.745217e-01
    outer loop
      vertex   3.054702e-02 -6.725528e-02 -6.496846e-02
      vertex   3.220218e-02 -6.725528e-02 -6.895069e-02
      vertex   3.352057e-02 -6.654508e-02 -6.849832e-02
    endloop
  endfacet
  facet normal 4.198905e-01 -8.906369e-01 1.745217e-01
    outer loop
      vertex   3.054702e-02 -6.725528e-02 -6.496846e-02
      vertex   3.352057e-02 -6.654508e-02 -6.849832e-02
      vertex   3.179765e-02 -6.654508e-02 -6.435305e-02
    endloop
  endfacet
  facet normal 3.944594e-01 -8.906369e-01 2.262026e-01
    outer loop
      vertex   2.840172e-02 -6.725528e-02 -6.122741e-02
      vertex   3.054702e-02 -6.725528e-02 -6.496846e-02
      vertex   3.179765e-02 -6.654508e-02 -6.435305e-02
    endloop
  endfacet
  facet normal 3.944594e-01 -8.906369e-01 2.262026e-01
    outer loop
      vertex   2.840172e-02 -6.725528e-02 -6.122741e-02
      vertex   3.179765e-02 -6.654508e-02 -6.435305e-02
      vertex   2.956452e-02 -6.654508e-02 -6.045884e-02
    endloop
  endfacet
  facet normal 3.626991e-01 -8.906369e-01 2.742539e-01
    outer loop
      vertex   2.580070e-02 -6.725528e-02 -5.778758e-02
      vertex   2.840172e-02 -6.725528e-02 -6.122741e-02
      vertex   2.956452e-02 -6.654508e-02 -6.045884e-02
    endloop
  endfacet
  facet normal 3.626991e-01 -8.906369e-01 2.742539e-01
    outer loop
      vertex   2.580070e-02 -6.725528e-02 -5.778758e-02
      vertex   2.956452e-02 -6.654508e-02 -6.045884e-02
      vertex   2.685701e-02 -6.654508e-02 -5.687818e-02
    endloop
  endfacet
  facet normal 3.251191e-01 -8.906369e-01 3.179047e-01
    outer loop
      vertex   2.278570e-02 -6.725528e-02 -5.470416e-02
      vertex   2.580070e-02 -6.725528e-02 -5.778758e-02
      vertex   2.685701e-02 -6.654508e-02 -5.687818e-02
    endloop
  endfacet
  facet normal 3.251191e-01 -8.906369e-01 3.179047e-01
    outer loop
      vertex   2.278570e-02 -6.725528e-02 -5.470416e-02
      vertex   2.685701e-02 -6.654508e-02 -5.687818e-02
      vertex   2.371857e-02 -6.654508e-02 -5.366852e-02
    endloop
  endfacet
  facet normal 2.823225e-01 -8.906369e-01 3.564546e-01
    outer loop
      vertex   1.940509e-02 -6.725528e-02 -5.202661e-02
      vertex   2.278570e-02 -6.725528e-02 -5.470416e-02
      vertex   2.371857e-02 -6.654508e-02 -5.366852e-02
    endloop
  endfacet
  facet normal 2.823225e-01 -8.906369e-01 3.564546e-01
    outer loop
      vertex   1.940509e-02 -6.725528e-02 -5.202661e-02
      vertex   2.371857e-02 -6.654508e-02 -5.366852e-02
      vertex   2.019955e-02 -6.654508e-02 -5.088135e-02
    endloop
  endfacet
  facet normal -0.000000e+00 1.000000e+00 0.000000e+00
    outer loop
      vertex   4.698463e-03 6.750000e-02 -7.828990e-02
      vertex   2.982533e-02 6.750000e-02 -6.708877e-02
      vertex   5.000000e-03 6.750000e-02 -8.000000e-02
    endloop
  endfacet
  facet normal 0.000000e+00 1.000000e+00 0.000000e+00
    outer loop
      vertex   5.000000e-03 6.750000e-02 -8.000000e-02
      vertex   2.982533e-02 6.750000e-02 -6.708877e-02
      vertex   3.130487e-02 6.750000e-02 -7.126758e-02
    endloop
  endfacet
  facet normal 0.000000e+00 1.000000e+00 0.000000e+00
    outer loop
      vertex   5.000000e-03 6.750000e-02 -8.000000e-02
      vertex   3.130487e-02 6.750000e-02 -7.126758e-02
      vertex   3.220198e-02 6.750000e-02 -7.560885e-02
    endloop
  endfacet
  facet normal -0.000000e+00 1.000000e+00 0.000000e+00
    outer loop
      vertex   3.830222e-03 6.750000e-02 -7.678606e-02
      vertex   1.878391e-02 6.750000e-02 -5.347803e-02
      vertex   4.698463e-03 6.750000e-02 -7.828990e-02
    endloop
  endfacet
  facet normal 0.000000e+00 1.000000e+00 0.000000e+00
    outer loop
      vertex   4.698463e-03 6.750000e-02 -7.828990e-02
      vertex   1.878391e-02 6.750000e-02 -5.347803e-02
      vertex   2.221834e-02 6.750000e-02 -5.628091e-02
    endloop
  endfacet
  facet normal 0.000000e+00 1.000000e+00 0.000000e+00
    outer loop
      vertex   4.698463e-03 6.750000e-02 -7.828990e-02
      vertex   2.221834e-02 6.750000e-02 -5.628091e-02
      vertex   2.523940e-02 6.750000e-02 -5.952508e-02
    endloop
  endfacet
  facet normal 0.000000e+00 1.000000e+00 0.000000e+00
    outer loop
      vertex   1.878391e-02 6.750000e-02 -5.347803e-02
      vertex   3.830222e-03 6.750000e-02 -7.678606e-02
      vertex   1.500000e-02 6.750000e-02 -5.116859e-02
    endloop
  endfacet
  facet normal 0.000000e+00 1.000000e+00 0.000000e+00
    outer loop
      vertex   1.500000e-02 6.750000e-02 -5.116859e-02
      vertex   3.830222e-03 6.750000e-02 -7.678606e-02
      vertex   2.500000e-03 6.750000e-02 -7.566987e-02
    endloop
  endfacet
  facet normal 0.000000e+00 1.000000e+00 0.000000e+00
    outer loop
      vertex   1.500000e-02 6.750000e-02 -5.116859e-02
      vertex   2.500000e-03 6.750000e-02 -7.566987e-02
      vertex   8.682409e-04 6.750000e-02 -7.507596e-02
    endloop
  endfacet
  facet normal 0.000000e+00 1.000000e+00 -0.000000e+00
    outer loop
      vertex   8.682409e-04 6.750000e-02 -7.507596e-02
      vertex   -8.682409e-04 6.750000e-02 -7.507596e-02
      vertex   1.500000e-02 6.750000e-02 -5.116859e-02
    endloop
  endfacet
  facet normal 0.000000e+00 1.000000e+00 0.000000e+00
    outer loop
      vertex   1.500000e-02 6.750000e-02 -5.116859e-02
      vertex   -8.682409e-04 6.750000e-02 -7.507596e-02
      vertex   -1.500000e-02 6.750000e-02 -5.116859e-02
    endloop
  endfacet
  facet normal 0.000000e+00 1.000000e+00 0.000000e+00
    outer loop
      vertex   1.500000e-02 6.750000e-02 -5.116859e-02
      vertex   -1.500000e-02 6.750000e-02 -5.116859e-02
      vertex   -1.500000e-02 6.750000e-02 -2.700000e-02
    endloop
  endfacet
  facet normal 0.000000e+00 1.000000e+00 0.000000e+00
    outer loop
      vertex   -8.682409e-04 6.750000e-02 -7.507596e-02
      vertex   -2.500000e-03 6.750000e-02 -7.566987e-02
      vertex   -1.500000e-02 6.750000e-02 -5.116859e-02
    endloop
  endfacet
  facet normal 0.000000e+00 1.000000e+00 0.000000e+00
    outer loop
      vertex   -1.500000e-02 6.750000e-02 -5.116859e-02
      vertex   -2.500000e-03 6.750000e-02 -7.566987e-02
      vertex   -3.830222e-03 6.750000e-02 -7.678606e-02
    endloop
  endfacet
  facet normal 0.000000e+00 1.000000e+00 0.000000e+00
    outer loop
      vertex   -1.500000e-02 6.750000e-02 -5.116859e-02
      vertex   -3.830222e-03 6.750000e-02 -7.678606e-02
      vertex   -1.878391e-02 6.750000e-02 -5.347803e-02
    endloop
  endfacet
  facet normal 0.000000e+00 1.000000e+00 0.000000e+00
    outer loop
      vertex   -1.878391e-02 6.750000e-02 -5.347803e-02
      vertex   -3.830222e-03 6.750000e-02 -7.678606e-02
      vertex   -4.698463e-03 6.750000e-02 -7.828990e-02
    endloop
  endfacet
  facet normal 0.000000e+00 1.000000e+00 0.000000e+00
    outer loop
      vertex   -1.878391e-02 6.750000e-02 -5.347803e-02
      vertex   -4.698463e-03 6.750000e-02 -7.828990e-02
      vertex   -2.221834e-02 6.750000e-02 -5.628091e-02
    endloop
  endfacet
  facet normal 0.000000e+00 1.000000e+00 0.000000e+00
    outer loop
      vertex   -2.221834e-02 6.750000e-02 -5.628091e-02
      vertex   -4.698463e-03 6.750000e-02 -7.828990e-02
      vertex   -2.523940e-02 6.750000e-02 -5.952508e-02
    endloop
  endfacet
  facet normal 0.000000e+00 1.000000e+00 0.000000e+00
    outer loop
      vertex   -2.523940e-02 6.750000e-02 -5.952508e-02
      vertex   -4.698463e-03 6.750000e-02 -7.828990e-02
      vertex   -2.779089e-02 6.750000e-02 -6.315018e-02
    endloop
  endfacet
  facet normal 0.000000e+00 1.000000e+00 0.000000e+00
    outer loop
      vertex   -2.779089e-02 6.750000e-02 -6.315018e-02
      vertex   -4.698463e-03 6.750000e-02 -7.828990e-02
      vertex   -2.982533e-02 6.750000e-02 -6.708877e-02
    endloop
  endfacet
  facet normal 0.000000e+00 1.000000e+00 0.000000e+00
    outer loop
      vertex   -2.982533e-02 6.750000e-02 -6.708877e-02
      vertex   -4.698463e-03 6.750000e-02 -7.828990e-02
      vertex   -5.000000e-03 6.750000e-02 -8.000000e-02
    endloop
  endfacet
  facet normal 0.000000e+00 1.000000e+00 0.000000e+00
    outer loop
      vertex   -2.982533e-02 6.750000e-02 -6.708877e-02
      vertex   -5.000000e-03 6.750000e-02 -8.000000e-02
      vertex   -3.130487e-02 6.750000e-02 -7.126758e-02
    endloop
  endfacet
  facet normal 0.000000e+00 1.000000e+00 0.000000e+00
    outer loop
      vertex   -3.130487e-02 6.750000e-02 -7.126758e-02
      vertex   -5.000000e-03 6.750000e-02 -8.000000e-02
      vertex   -3.220198e-02 6.750000e-02 -7.560885e-02
    endloop
  endfacet
  facet normal 0.000000e+00 1.000000e+00 0.000000e+00
    outer loop
      vertex   -3.220198e-02 6.750000e-02 -7.560885e-02
      vertex   -5.000000e-03 6.750000e-02 -8.000000e-02
      vertex   -3.249998e-02 6.750000e-02 -8.003182e-02
    endloop
  endfacet
  facet normal -0.000000e+00 1.000000e+00 0.000000e+00
    outer loop
      vertex   -3.249998e-02 6.750000e-02 -8.003182e-02
      vertex   -5.000000e-03 6.750000e-02 -8.000000e-02
      vertex   -3.219332e-02 6.750000e-02 -8.445420e-02
    endloop
  endfacet
  facet normal -0.000000e+00 1.000000e+00 0.000000e+00
    outer loop
      vertex   -3.219332e-02 6.750000e-02 -8.445420e-02
      vertex   -5.000000e-03 6.750000e-02 -8.000000e-02
      vertex   -3.128771e-02 6.750000e-02 -8.879370e-02
    endloop
  endfacet
  facet normal -0.000000e+00 1.000000e+00 0.000000e+00
    outer loop
      vertex   -3.128771e-02 6.750000e-02 -8.879370e-02
      vertex   -5.000000e-03 6.750000e-02 -8.000000e-02
      vertex   -2.979999e-02 6.750000e-02 -9.296960e-02
    endloop
  endfacet
  facet normal 0.000000e+00 1.000000e+00 0.000000e+00
    outer loop
      vertex   -2.979999e-02 6.750000e-02 -9.296960e-02
      vertex   -5.000000e-03 6.750000e-02 -8.000000e-02
      vertex   -4.698463e-03 6.750000e-02 -8.171010e-02
    endloop
  endfacet
  facet normal -0.000000e+00 1.000000e+00 0.000000e+00
    outer loop
      vertex   -2.979999e-02 6.750000e-02 -9.296960e-02
      vertex   -4.698463e-03 6.750000e-02 -8.171010e-02
      vertex   -2.775784e-02 6.750000e-02 -9.690421e-02
    endloop
  endfacet
  facet normal -0.000000e+00 1.000000e+00 0.000000e+00
    outer loop
      vertex   -2.775784e-02 6.750000e-02 -9.690421e-02
      vertex   -4.698463e-03 6.750000e-02 -8.171010e-02
      vertex   -2.519926e-02 6.750000e-02 -1.005243e-01
    endloop
  endfacet
  facet normal -0.000000e+00 1.000000e+00 0.000000e+00
    outer loop
      vertex   -2.519926e-02 6.750000e-02 -1.005243e-01
      vertex   -4.698463e-03 6.750000e-02 -8.171010e-02
      vertex   -2.217185e-02 6.750000e-02 -1.037626e-01
    endloop
  endfacet
  facet normal -0.000000e+00 1.000000e+00 0.000000e+00
    outer loop
      vertex   -2.217185e-02 6.750000e-02 -1.037626e-01
      vertex   -4.698463e-03 6.750000e-02 -8.171010e-02
      vertex   -1.873194e-02 6.750000e-02 -1.065587e-01
    endloop
  endfacet
  facet normal 0.000000e+00 1.000000e+00 0.000000e+00
    outer loop
      vertex   -1.873194e-02 6.750000e-02 -1.065587e-01
      vertex   -4.698463e-03 6.750000e-02 -8.171010e-02
      vertex   -3.830222e-03 6.750000e-02 -8.321394e-02
    endloop
  endfacet
  facet normal -0.000000e+00 1.000000e+00 0.000000e+00
    outer loop
      vertex   -1.873194e-02 6.750000e-02 -1.065587e-01
      vertex   -3.830222e-03 6.750000e-02 -8.321394e-02
      vertex   -1.494351e-02 6.750000e-02 -1.088607e-01
    endloop
  endfacet
  facet normal -0.000000e+00 1.000000e+00 0.000000e+00
    outer loop
      vertex   -1.494351e-02 6.750000e-02 -1.088607e-01
      vertex   -3.830222e-03 6.750000e-02 -8.321394e-02
      vertex   -1.087707e-02 6.750000e-02 -1.106258e-01
    endloop
  endfacet
  facet normal 0.000000e+00 1.000000e+00 0.000000e+00
    outer loop
      vertex   -1.087707e-02 6.750000e-02 -1.106258e-01
      vertex   -3.830222e-03 6.750000e-02 -8.321394e-02
      vertex   -2.500000e-03 6.750000e-02 -8.433013e-02
    endloop
  endfacet
  facet normal -0.000000e+00 1.000000e+00 0.000000e+00
    outer loop
      vertex   -1.087707e-02 6.750000e-02 -1.106258e-01
      vertex   -2.500000e-03 6.750000e-02 -8.433013e-02
      vertex   -6.608257e-03 6.750000e-02 -1.118211e-01
    endloop
  endfacet
  facet normal 0.000000e+00 1.000000e+00 0.000000e+00
    outer loop
      vertex   -6.608257e-03 6.750000e-02 -1.118211e-01
      vertex   -2.500000e-03 6.750000e-02 -8.433013e-02
      vertex   -8.682409e-04 6.750000e-02 -8.492404e-02
    endloop
  endfacet
  facet normal -0.000000e+00 1.000000e+00 0.000000e+00
    outer loop
      vertex   -6.608257e-03 6.750000e-02 -1.118211e-01
      vertex   -8.682409e-04 6.750000e-02 -8.492404e-02
      vertex   -2.216498e-03 6.750000e-02 -1.124243e-01
    endloop
  endfacet
  facet normal 0.000000e+00 1.000000e+00 0.000000e+00
    outer loop
      vertex   -2.216498e-03 6.750000e-02 -1.124243e-01
      vertex   -8.682409e-04 6.750000e-02 -8.492404e-02
      vertex   8.682409e-04 6.750000e-02 -8.492404e-02
    endloop
  endfacet
  facet normal 0.000000e+00 1.000000e+00 0.000000e+00
    outer loop
      vertex   -2.216498e-03 6.750000e-02 -1.124243e-01
      vertex   8.682409e-04 6.750000e-02 -8.492404e-02
      vertex   2.216498e-03 6.750000e-02 -1.124243e-01
    endloop
  endfacet
  facet normal 0.000000e+00 1.000000e+00 -0.000000e+00
    outer loop
      vertex   2.216498e-03 6.750000e-02 -1.124243e-01
      vertex   8.682409e-04 6.750000e-02 -8.492404e-02
      vertex   6.608257e-03 6.750000e-02 -1.118211e-01
    endloop
  endfacet
  facet normal 0.000000e+00 1.000000e+00 0.000000e+00
    outer loop
      vertex   6.608257e-03 6.750000e-02 -1.118211e-01
      vertex   8.682409e-04 6.750000e-02 -8.492404e-02
      vertex   2.500000e-03 6.750000e-02 -8.433013e-02
    endloop
  endfacet
  facet normal 0.000000e+00 1.000000e+00 -0.000000e+00
    outer loop
      vertex   6.608257e-03 6.750000e-02 -1.118211e-01
      vertex   2.500000e-03 6.750000e-02 -8.433013e-02
      vertex   1.087707e-02 6.750000e-02 -1.106258e-01
    endloop
  endfacet
  facet normal 0.000000e+00 1.000000e+00 0.000000e+00
    outer loop
      vertex   1.087707e-02 6.750000e-02 -1.106258e-01
      vertex   2.500000e-03 6.750000e-02 -8.433013e-02
      vertex   3.830222e-03 6.750000e-02 -8.321394e-02
    endloop
  endfacet
  facet normal 0.000000e+00 1.000000e+00 -0.000000e+00
    outer loop
      vertex   1.087707e-02 6.750000e-02 -1.106258e-01
      vertex   3.830222e-03 6.750000e-02 -8.321394e-02
      vertex   1.494351e-02 6.750000e-02 -1.088607e-01
    endloop
  endfacet
  facet normal 0.000000e+00 1.000000e+00 -0.000000e+00
    outer loop
      vertex   1.494351e-02 6.750000e-02 -1.088607e-01
      vertex   3.830222e-03 6.750000e-02 -8.321394e-02
      vertex   1.873194e-02 6.750000e-02 -1.065587e-01
    endloop
  endfacet
  facet normal 0.000000e+00 1.000000e+00 0.000000e+00
    outer loop
      vertex   1.873194e-02 6.750000e-02 -1.065587e-01
      vertex   3.830222e-03 6.750000e-02 -8.321394e-02
      vertex   4.698463e-03 6.750000e-02 -8.171010e-02
    endloop
  endfacet
  facet normal 0.000000e+00 1.000000e+00 -0.000000e+00
    outer loop
      vertex   1.873194e-02 6.750000e-02 -1.065587e-01
      vertex   4.698463e-03 6.750000e-02 -8.171010e-02
      vertex   2.217185e-02 6.750000e-02 -1.037626e-01
    endloop
  endfacet
  facet normal 0.000000e+00 1.000000e+00 -0.000000e+00
    outer loop
      vertex   2.217185e-02 6.750000e-02 -1.037626e-01
      vertex   4.698463e-03 6.750000e-02 -8.171010e-02
      vertex   2.519926e-02 6.750000e-02 -1.005243e-01
    endloop
  endfacet
  facet normal 0.000000e+00 1.000000e+00 -0.000000e+00
    outer loop
      vertex   2.519926e-02 6.750000e-02 -1.005243e-01
      vertex   4.698463e-03 6.750000e-02 -8.171010e-02
      vertex   2.775784e-02 6.750000e-02 -9.690421e-02
    endloop
  endfacet
  facet normal 0.000000e+00 1.000000e+00 -0.000000e+00
    outer loop
      vertex   2.775784e-02 6.750000e-02 -9.690421e-02
      vertex   4.698463e-03 6.750000e-02 -8.171010e-02
      vertex   2.979999e-02 6.750000e-02 -9.296960e-02
    endloop
  endfacet
  facet normal 0.000000e+00 1.000000e+00 0.000000e+00
    outer loop
      vertex   2.979999e-02 6.750000e-02 -9.296960e-02
      vertex   4.698463e-03 6.750000e-02 -8.171010e-02
      vertex   5.000000e-03 6.750000e-02 -8.000000e-02
    endloop
  endfacet
  facet normal 0.000000e+00 1.000000e+00 -0.000000e+00
    outer loop
      vertex   2.979999e-02 6.750000e-02 -9.296960e-02
      vertex   5.000000e-03 6.750000e-02 -8.000000e-02
      vertex   3.128771e-02 6.750000e-02 -8.879370e-02
    endloop
  endfacet
  facet normal 0.000000e+00 1.000000e+00 -0.000000e+00
    outer loop
      vertex   3.128771e-02 6.750000e-02 -8.879370e-02
      vertex   5.000000e-03 6.750000e-02 -8.000000e-02
      vertex   3.219332e-02 6.750000e-02 -8.445420e-02
    endloop
  endfacet
  facet normal 0.000000e+00 1.000000e+00 -0.000000e+00
    outer loop
      vertex   3.219332e-02 6.750000e-02 -8.445420e-02
      vertex   5.000000e-03 6.750000e-02 -8.000000e-02
      vertex   3.249998e-02 6.750000e-02 -8.003182e-02
    endloop
  endfacet
  facet normal 0.000000e+00 1.000000e+00 0.000000e+00
    outer loop
      vertex   3.249998e-02 6.750000e-02 -8.003182e-02
      vertex   5.000000e-03 6.750000e-02 -8.000000e-02
      vertex   3.220198e-02 6.750000e-02 -7.560885e-02
    endloop
  endfacet
  facet normal -0.000000e+00 1.000000e+00 0.000000e+00
    outer loop
      vertex   -1.500000e-02 6.750000e-02 -2.700000e-02
      vertex   1.500000e-02 6.750000e-02 -2.700000e-02
      vertex   1.500000e-02 6.750000e-02 -5.116859e-02
    endloop
  endfacet
  facet normal 0.000000e+00 1.000000e+00 0.000000e+00
    outer loop
      vertex   2.523940e-02 6.750000e-02 -5.952508e-02
      vertex   2.779089e-02 6.750000e-02 -6.315018e-02
      vertex   4.698463e-03 6.750000e-02 -7.828990e-02
    endloop
  endfacet
  facet normal 0.000000e+00 1.000000e+00 0.000000e+00
    outer loop
      vertex   4.698463e-03 6.750000e-02 -7.828990e-02
      vertex   2.779089e-02 6.750000e-02 -6.315018e-02
      vertex   2.982533e-02 6.750000e-02 -6.708877e-02
    endloop
  endfacet
  facet normal 0.000000e+00 0.000000e+00 1.000000e+00
    outer loop
      vertex   -1.500000e-02 3.976493e-02 -2.200000e-02
      vertex   -1.012198e-02 4.127706e-02 -2.200000e-02
      vertex   -1.500000e-02 6.250000e-02 -2.200000e-02
    endloop
  endfacet
  facet normal 0.000000e+00 0.000000e+00 1.000000e+00
    outer loop
      vertex   -1.500000e-02 6.250000e-02 -2.200000e-02
      vertex   -1.012198e-02 4.127706e-02 -2.200000e-02
      vertex   -5.097793e-03 4.219316e-02 -2.200000e-02
    endloop
  endfacet
  facet normal 0.000000e+00 0.000000e+00 1.000000e+00
    outer loop
      vertex   -1.500000e-02 6.250000e-02 -2.200000e-02
      vertex   -5.097793e-03 4.219316e-02 -2.200000e-02
      vertex   1.439849e-17 4.250000e-02 -2.200000e-02
    endloop
  endfacet
  facet normal -0.000000e+00 0.000000e+00 1.000000e+00
    outer loop
      vertex   -1.500000e-02 6.250000e-02 -2.200000e-02
      vertex   1.439849e-17 4.250000e-02 -2.200000e-02
      vertex   1.500000e-02 6.250000e-02 -2.200000e-02
    endloop
  endfacet
  facet normal 0.000000e+00 0.000000e+00 1.000000e+00
    outer loop
      vertex   1.500000e-02 6.250000e-02 -2.200000e-02
      vertex   1.439849e-17 4.250000e-02 -2.200000e-02
      vertex   5.097793e-03 4.219316e-02 -2.200000e-02
    endloop
  endfacet
  facet normal 0.000000e+00 0.000000e+00 1.000000e+00
    outer loop
      vertex   1.500000e-02 6.250000e-02 -2.200000e-02
      vertex   5.097793e-03 4.219316e-02 -2.200000e-02
      vertex   1.012198e-02 4.127706e-02 -2.200000e-02
    endloop
  endfacet
  facet normal -0.000000e+00 0.000000e+00 1.000000e+00
    outer loop
      vertex   1.012198e-02 4.127706e-02 -2.200000e-02
      vertex   1.500000e-02 3.976493e-02 -2.200000e-02
      vertex   1.500000e-02 6.250000e-02 -2.200000e-02
    endloop
  endfacet
  facet normal 1.000000e+00 0.000000e+00 -1.257265e-15
    outer loop
      vertex   2.000000e-02 4.750000e-02 -4.827856e-02
      vertex   2.000000e-02 6.250000e-02 -4.827856e-02
      vertex   2.000000e-02 4.750000e-02 -4.000000e-02
    endloop
  endfacet
  facet normal 1.000000e+00 1.539653e-16 -9.782939e-16
    outer loop
      vertex   2.000000e-02 4.750000e-02 -4.000000e-02
      vertex   2.000000e-02 6.250000e-02 -4.827856e-02
      vertex   2.000000e-02 6.250000e-02 -2.700000e-02
    endloop
  endfacet
  facet normal 1.000000e+00 0.000000e+00 -8.006416e-16
    outer loop
      vertex   2.000000e-02 4.750000e-02 -4.000000e-02
      vertex   2.000000e-02 6.250000e-02 -2.700000e-02
      vertex   2.000000e-02 3.436932e-02 -2.700000e-02
    endloop
  endfacet
  facet normal 1.000000e+00 0.000000e+00 -8.006416e-16
    outer loop
      vertex   2.000000e-02 3.436932e-02 -2.700000e-02
      vertex   2.000000e-02 3.436932e-02 -4.000000e-02
      vertex   2.000000e-02 4.750000e-02 -4.000000e-02
    endloop
  endfacet
  facet normal -5.854541e-01 0.000000e+00 8.107056e-01
    outer loop
      vertex   -2.000000e-02 4.750000e-02 -4.827856e-02
      vertex   -2.000000e-02 6.250000e-02 -4.827856e-02
      vertex   -2.382221e-02 4.750000e-02 -5.103878e-02
    endloop
  endfacet
  facet normal -5.854541e-01 2.065514e-17 8.107056e-01
    outer loop
      vertex   -2.382221e-02 4.750000e-02 -5.103878e-02
      vertex   -2.000000e-02 6.250000e-02 -4.827856e-02
      vertex   -2.382221e-02 6.250000e-02 -5.103878e-02
    endloop
  endfacet
  facet normal -6.825511e-01 5.198013e-16 7.308378e-01
    outer loop
      vertex   -2.382221e-02 4.750000e-02 -5.103878e-02
      vertex   -2.382221e-02 6.250000e-02 -5.103878e-02
      vertex   -2.726788e-02 4.750000e-02 -5.425679e-02
    endloop
  endfacet
  facet normal -6.825511e-01 -2.248829e-16 7.308378e-01
    outer loop
      vertex   -2.726788e-02 4.750000e-02 -5.425679e-02
      vertex   -2.382221e-02 6.250000e-02 -5.103878e-02
      vertex   -2.726788e-02 6.250000e-02 -5.425679e-02
    endloop
  endfacet
  facet normal -7.688593e-01 1.801548e-18 6.394180e-01
    outer loop
      vertex   -2.726788e-02 4.750000e-02 -5.425679e-02
      vertex   -2.726788e-02 6.250000e-02 -5.425679e-02
      vertex   -3.028252e-02 4.750000e-02 -5.788171e-02
    endloop
  endfacet
  facet normal -7.688593e-01 -3.538673e-16 6.394180e-01
    outer loop
      vertex   -3.028252e-02 4.750000e-02 -5.788171e-02
      vertex   -2.726788e-02 6.250000e-02 -5.425679e-02
      vertex   -3.028252e-02 6.250000e-02 -5.788171e-02
    endloop
  endfacet
  facet normal -8.430144e-01 -1.615150e-16 5.378910e-01
    outer loop
      vertex   -3.028252e-02 4.750000e-02 -5.788171e-02
      vertex   -3.028252e-02 6.250000e-02 -5.788171e-02
      vertex   -3.281851e-02 4.750000e-02 -6.185625e-02
    endloop
  endfacet
  facet normal -8.430144e-01 -6.795312e-16 5.378910e-01
    outer loop
      vertex   -3.281851e-02 4.750000e-02 -6.185625e-02
      vertex   -3.028252e-02 6.250000e-02 -5.788171e-02
      vertex   -3.281851e-02 6.250000e-02 -6.185625e-02
    endloop
  endfacet
  facet normal -9.038442e-01 -1.088848e-16 4.278618e-01
    outer loop
      vertex   -3.281851e-02 4.750000e-02 -6.185625e-02
      vertex   -3.281851e-02 6.250000e-02 -6.185625e-02
      vertex   -3.483574e-02 4.750000e-02 -6.611758e-02
    endloop
  endfacet
  facet normal -9.038442e-01 4.403722e-16 4.278618e-01
    outer loop
      vertex   -3.483574e-02 4.750000e-02 -6.611758e-02
      vertex   -3.281851e-02 6.250000e-02 -6.185625e-02
      vertex   -3.483574e-02 6.250000e-02 -6.611758e-02
    endloop
  endfacet
  facet normal -9.503872e-01 5.914877e-16 3.110695e-01
    outer loop
      vertex   -3.483574e-02 4.750000e-02 -6.611758e-02
      vertex   -3.483574e-02 6.250000e-02 -6.611758e-02
      vertex   -3.630233e-02 4.750000e-02 -7.059835e-02
    endloop
  endfacet
  facet normal -9.503872e-01 5.914877e-16 3.110695e-01
    outer loop
      vertex   -3.630233e-02 4.750000e-02 -7.059835e-02
      vertex   -3.483574e-02 6.250000e-02 -6.611758e-02
      vertex   -3.630233e-02 6.250000e-02 -7.059835e-02
    endloop
  endfacet
  facet normal -9.819077e-01 7.332538e-16 1.893602e-01
    outer loop
      vertex   -3.630233e-02 4.750000e-02 -7.059835e-02
      vertex   -3.630233e-02 6.250000e-02 -7.059835e-02
      vertex   -3.719510e-02 4.750000e-02 -7.522773e-02
    endloop
  endfacet
  facet normal -9.819077e-01 -4.217432e-16 1.893602e-01
    outer loop
      vertex   -3.719510e-02 4.750000e-02 -7.522773e-02
      vertex   -3.630233e-02 6.250000e-02 -7.059835e-02
      vertex   -3.719510e-02 6.250000e-02 -7.522773e-02
    endloop
  endfacet
  facet normal -9.979075e-01 1.625229e-16 6.465772e-02
    outer loop
      vertex   -3.719510e-02 4.750000e-02 -7.522773e-02
      vertex   -3.719510e-02 6.250000e-02 -7.522773e-02
      vertex   -3.749994e-02 4.750000e-02 -7.993254e-02
    endloop
  endfacet
  facet normal -9.979075e-01 -2.991021e-16 6.465772e-02
    outer loop
      vertex   -3.749994e-02 4.750000e-02 -7.993254e-02
      vertex   -3.719510e-02 6.250000e-02 -7.522773e-02
      vertex   -3.749994e-02 6.250000e-02 -7.993254e-02
    endloop
  endfacet
  facet normal -9.981337e-01 2.824905e-16 -6.106675e-02
    outer loop
      vertex   -3.749994e-02 4.750000e-02 -7.993254e-02
      vertex   -3.749994e-02 6.250000e-02 -7.993254e-02
      vertex   -3.721203e-02 4.750000e-02 -8.463841e-02
    endloop
  endfacet
  facet normal -9.981337e-01 -4.052315e-16 -6.106675e-02
    outer loop
      vertex   -3.721203e-02 4.750000e-02 -8.463841e-02
      vertex   -3.749994e-02 6.250000e-02 -7.993254e-02
      vertex   -3.721203e-02 6.250000e-02 -8.463841e-02
    endloop
  endfacet
  facet normal -9.825827e-01 -2.826122e-16 -1.858260e-01
    outer loop
      vertex   -3.721203e-02 4.750000e-02 -8.463841e-02
      vertex   -3.721203e-02 6.250000e-02 -8.463841e-02
      vertex   -3.633592e-02 4.750000e-02 -8.927097e-02
    endloop
  endfacet
  facet normal -9.825827e-01 -5.652245e-16 -1.858260e-01
    outer loop
      vertex   -3.633592e-02 4.750000e-02 -8.927097e-02
      vertex   -3.721203e-02 6.250000e-02 -8.463841e-02
      vertex   -3.633592e-02 6.250000e-02 -8.927097e-02
    endloop
  endfacet
  facet normal -9.515003e-01 -3.110517e-16 -3.076479e-01
    outer loop
      vertex   -3.633592e-02 4.750000e-02 -8.927097e-02
      vertex   -3.633592e-02 6.250000e-02 -8.927097e-02
      vertex   -3.488546e-02 4.750000e-02 -9.375699e-02
    endloop
  endfacet
  facet normal -9.515003e-01 -1.819460e-16 -3.076479e-01
    outer loop
      vertex   -3.488546e-02 4.750000e-02 -9.375699e-02
      vertex   -3.633592e-02 6.250000e-02 -8.927097e-02
      vertex   -3.488546e-02 6.250000e-02 -9.375699e-02
    endloop
  endfacet
  facet normal -9.053778e-01 3.148971e-16 -4.246069e-01
    outer loop
      vertex   -3.488546e-02 4.750000e-02 -9.375699e-02
      vertex   -3.488546e-02 6.250000e-02 -9.375699e-02
      vertex   -3.288358e-02 4.750000e-02 -9.802555e-02
    endloop
  endfacet
  facet normal -9.053778e-01 -2.598107e-17 -4.246069e-01
    outer loop
      vertex   -3.288358e-02 4.750000e-02 -9.802555e-02
      vertex   -3.488546e-02 6.250000e-02 -9.375699e-02
      vertex   -3.288358e-02 6.250000e-02 -9.802555e-02
    endloop
  endfacet
  facet normal -8.449443e-01 1.039744e-16 -5.348543e-01
    outer loop
      vertex   -3.288358e-02 4.750000e-02 -9.802555e-02
      vertex   -3.288358e-02 6.250000e-02 -9.802555e-02
      vertex   -3.036191e-02 4.750000e-02 -1.020092e-01
    endloop
  endfacet
  facet normal -8.449443e-01 -1.829165e-16 -5.348543e-01
    outer loop
      vertex   -3.036191e-02 4.750000e-02 -1.020092e-01
      vertex   -3.288358e-02 6.250000e-02 -9.802555e-02
      vertex   -3.036191e-02 6.250000e-02 -1.020092e-01
    endloop
  endfacet
  facet normal -7.711550e-01 1.078417e-16 -6.366474e-01
    outer loop
      vertex   -3.036191e-02 4.750000e-02 -1.020092e-01
      vertex   -3.036191e-02 6.250000e-02 -1.020092e-01
      vertex   -2.736033e-02 4.750000e-02 -1.056449e-01
    endloop
  endfacet
  facet normal -7.711550e-01 2.156835e-16 -6.366474e-01
    outer loop
      vertex   -2.736033e-02 4.750000e-02 -1.056449e-01
      vertex   -3.036191e-02 6.250000e-02 -1.020092e-01
      vertex   -2.736033e-02 6.250000e-02 -1.056449e-01
    endloop
  endfacet
  facet normal -6.851763e-01 7.937908e-16 -7.283772e-01
    outer loop
      vertex   -2.736033e-02 4.750000e-02 -1.056449e-01
      vertex   -2.736033e-02 6.250000e-02 -1.056449e-01
      vertex   -2.392626e-02 4.750000e-02 -1.088753e-01
    endloop
  endfacet
  facet normal -6.851763e-01 -9.508732e-16 -7.283772e-01
    outer loop
      vertex   -2.392626e-02 4.750000e-02 -1.088753e-01
      vertex   -2.736033e-02 6.250000e-02 -1.056449e-01
      vertex   -2.392626e-02 6.250000e-02 -1.088753e-01
    endloop
  endfacet
  facet normal -5.883673e-01 -8.165236e-16 -8.085938e-01
    outer loop
      vertex   -2.392626e-02 4.750000e-02 -1.088753e-01
      vertex   -2.392626e-02 6.250000e-02 -1.088753e-01
      vertex   -2.011401e-02 4.750000e-02 -1.116493e-01
    endloop
  endfacet
  facet normal -5.883673e-01 6.120123e-16 -8.085938e-01
    outer loop
      vertex   -2.011401e-02 4.750000e-02 -1.116493e-01
      vertex   -2.392626e-02 6.250000e-02 -1.088753e-01
      vertex   -2.011401e-02 6.250000e-02 -1.116493e-01
    endloop
  endfacet
  facet normal -4.822581e-01 6.989452e-16 -8.760292e-01
    outer loop
      vertex   -2.011401e-02 4.750000e-02 -1.116493e-01
      vertex   -2.011401e-02 6.250000e-02 -1.116493e-01
      vertex   -1.598381e-02 4.750000e-02 -1.139230e-01
    endloop
  endfacet
  facet normal -4.822581e-01 -5.218919e-17 -8.760292e-01
    outer loop
      vertex   -1.598381e-02 4.750000e-02 -1.139230e-01
      vertex   -2.011401e-02 6.250000e-02 -1.116493e-01
      vertex   -1.598381e-02 6.250000e-02 -1.139230e-01
    endloop
  endfacet
  facet normal -3.685260e-01 4.415565e-16 -9.296175e-01
    outer loop
      vertex   -1.598381e-02 4.750000e-02 -1.139230e-01
      vertex   -1.598381e-02 6.250000e-02 -1.139230e-01
      vertex   -1.160097e-02 4.750000e-02 -1.156604e-01
    endloop
  endfacet
  facet normal -3.685260e-01 -1.627961e-16 -9.296175e-01
    outer loop
      vertex   -1.160097e-02 4.750000e-02 -1.156604e-01
      vertex   -1.598381e-02 6.250000e-02 -1.139230e-01
      vertex   -1.160097e-02 6.250000e-02 -1.156604e-01
    endloop
  endfacet
  facet normal -2.489687e-01 2.050263e-16 -9.685115e-01
    outer loop
      vertex   -1.160097e-02 4.750000e-02 -1.156604e-01
      vertex   -1.160097e-02 6.250000e-02 -1.156604e-01
      vertex   -7.034751e-03 4.750000e-02 -1.168343e-01
    endloop
  endfacet
  facet normal -2.489687e-01 -4.030990e-16 -9.685115e-01
    outer loop
      vertex   -7.034751e-03 4.750000e-02 -1.168343e-01
      vertex   -1.160097e-02 6.250000e-02 -1.156604e-01
      vertex   -7.034751e-03 6.250000e-02 -1.168343e-01
    endloop
  endfacet
  facet normal -1.254760e-01 -2.031551e-16 -9.920967e-01
    outer loop
      vertex   -7.034751e-03 4.750000e-02 -1.168343e-01
      vertex   -7.034751e-03 6.250000e-02 -1.168343e-01
      vertex   -2.357338e-03 4.750000e-02 -1.174258e-01
    endloop
  endfacet
  facet normal -1.254760e-01 7.038354e-16 -9.920967e-01
    outer loop
      vertex   -2.357338e-03 4.750000e-02 -1.174258e-01
      vertex   -7.034751e-03 6.250000e-02 -1.168343e-01
      vertex   -2.357338e-03 6.250000e-02 -1.174258e-01
    endloop
  endfacet
  facet normal 2.943530e-15 9.251859e-16 -1.000000e+00
    outer loop
      vertex   -2.357338e-03 4.750000e-02 -1.174258e-01
      vertex   -2.357338e-03 6.250000e-02 -1.174258e-01
      vertex   2.357338e-03 4.750000e-02 -1.174258e-01
    endloop
  endfacet
  facet normal -2.943530e-15 -9.251859e-16 -1.000000e+00
    outer loop
      vertex   2.357338e-03 4.750000e-02 -1.174258e-01
      vertex   -2.357338e-03 6.250000e-02 -1.174258e-01
      vertex   2.357338e-03 6.250000e-02 -1.174258e-01
    endloop
  endfacet
  facet normal 1.254760e-01 -5.623523e-16 -9.920967e-01
    outer loop
      vertex   2.357338e-03 4.750000e-02 -1.174258e-01
      vertex   2.357338e-03 6.250000e-02 -1.174258e-01
      vertex   7.034751e-03 4.750000e-02 -1.168343e-01
    endloop
  endfacet
  facet normal 1.254760e-01 2.104107e-16 -9.920967e-01
    outer loop
      vertex   7.034751e-03 4.750000e-02 -1.168343e-01
      vertex   2.357338e-03 6.250000e-02 -1.174258e-01
      vertex   7.034751e-03 6.250000e-02 -1.168343e-01
    endloop
  endfacet
  facet normal 2.489687e-01 4.174954e-16 -9.685115e-01
    outer loop
      vertex   7.034751e-03 4.750000e-02 -1.168343e-01
      vertex   7.034751e-03 6.250000e-02 -1.168343e-01
      vertex   1.160097e-02 4.750000e-02 -1.156604e-01
    endloop
  endfacet
  facet normal 2.489687e-01 -4.929541e-16 -9.685115e-01
    outer loop
      vertex   1.160097e-02 4.750000e-02 -1.156604e-01
      vertex   7.034751e-03 6.250000e-02 -1.168343e-01
      vertex   1.160097e-02 6.250000e-02 -1.156604e-01
    endloop
  endfacet
  facet normal 3.685260e-01 -2.633976e-16 -9.296175e-01
    outer loop
      vertex   1.160097e-02 4.750000e-02 -1.156604e-01
      vertex   1.160097e-02 6.250000e-02 -1.156604e-01
      vertex   1.598381e-02 4.750000e-02 -1.139230e-01
    endloop
  endfacet
  facet normal 3.685260e-01 7.755737e-17 -9.296175e-01
    outer loop
      vertex   1.598381e-02 4.750000e-02 -1.139230e-01
      vertex   1.160097e-02 6.250000e-02 -1.156604e-01
      vertex   1.598381e-02 6.250000e-02 -1.139230e-01
    endloop
  endfacet
  facet normal 4.822581e-01 4.165007e-16 -8.760292e-01
    outer loop
      vertex   1.598381e-02 4.750000e-02 -1.139230e-01
      vertex   1.598381e-02 6.250000e-02 -1.139230e-01
      vertex   2.011401e-02 4.750000e-02 -1.116493e-01
    endloop
  endfacet
  facet normal 4.822581e-01 -8.401675e-16 -8.760292e-01
    outer loop
      vertex   2.011401e-02 4.750000e-02 -1.116493e-01
      vertex   1.598381e-02 6.250000e-02 -1.139230e-01
      vertex   2.011401e-02 6.250000e-02 -1.116493e-01
    endloop
  endfacet
  facet normal 5.883673e-01 -5.435882e-16 -8.085938e-01
    outer loop
      vertex   2.011401e-02 4.750000e-02 -1.116493e-01
      vertex   2.011401e-02 6.250000e-02 -1.116493e-01
      vertex   2.392626e-02 4.750000e-02 -1.088753e-01
    endloop
  endfacet
  facet normal 5.883673e-01 2.721745e-16 -8.085938e-01
    outer loop
      vertex   2.392626e-02 4.750000e-02 -1.088753e-01
      vertex   2.011401e-02 6.250000e-02 -1.116493e-01
      vertex   2.392626e-02 6.250000e-02 -1.088753e-01
    endloop
  endfacet
  facet normal 6.851763e-01 3.169577e-16 -7.283772e-01
    outer loop
      vertex   2.392626e-02 4.750000e-02 -1.088753e-01
      vertex   2.392626e-02 6.250000e-02 -1.088753e-01
      vertex   2.736033e-02 4.750000e-02 -1.056449e-01
    endloop
  endfacet
  facet normal 6.851763e-01 3.169577e-16 -7.283772e-01
    outer loop
      vertex   2.736033e-02 4.750000e-02 -1.056449e-01
      vertex   2.392626e-02 6.250000e-02 -1.088753e-01
      vertex   2.736033e-02 6.250000e-02 -1.056449e-01
    endloop
  endfacet
  facet normal 7.711550e-01 3.567309e-16 -6.366474e-01
    outer loop
      vertex   2.736033e-02 4.750000e-02 -1.056449e-01
      vertex   2.736033e-02 6.250000e-02 -1.056449e-01
      vertex   3.036191e-02 4.750000e-02 -1.020092e-01
    endloop
  endfacet
  facet normal 7.711550e-01 1.244446e-16 -6.366474e-01
    outer loop
      vertex   3.036191e-02 4.750000e-02 -1.020092e-01
      vertex   2.736033e-02 6.250000e-02 -1.056449e-01
      vertex   3.036191e-02 6.250000e-02 -1.020092e-01
    endloop
  endfacet
  facet normal 8.449443e-01 2.868909e-16 -5.348543e-01
    outer loop
      vertex   3.036191e-02 4.750000e-02 -1.020092e-01
      vertex   3.036191e-02 6.250000e-02 -1.020092e-01
      vertex   3.288358e-02 4.750000e-02 -9.802555e-02
    endloop
  endfacet
  facet normal 8.449443e-01 -1.039744e-16 -5.348543e-01
    outer loop
      vertex   3.288358e-02 4.750000e-02 -9.802555e-02
      vertex   3.036191e-02 6.250000e-02 -1.020092e-01
      vertex   3.288358e-02 6.250000e-02 -9.802555e-02
    endloop
  endfacet
  facet normal 9.053778e-01 2.598107e-17 -4.246069e-01
    outer loop
      vertex   3.288358e-02 4.750000e-02 -9.802555e-02
      vertex   3.288358e-02 6.250000e-02 -9.802555e-02
      vertex   3.488546e-02 4.750000e-02 -9.375699e-02
    endloop
  endfacet
  facet normal 9.053778e-01 -3.668592e-16 -4.246069e-01
    outer loop
      vertex   3.488546e-02 4.750000e-02 -9.375699e-02
      vertex   3.288358e-02 6.250000e-02 -9.802555e-02
      vertex   3.488546e-02 6.250000e-02 -9.375699e-02
    endloop
  endfacet
  facet normal 9.515003e-01 -1.291056e-16 -3.076479e-01
    outer loop
      vertex   3.488546e-02 4.750000e-02 -9.375699e-02
      vertex   3.488546e-02 6.250000e-02 -9.375699e-02
      vertex   3.633592e-02 4.750000e-02 -8.927097e-02
    endloop
  endfacet
  facet normal 9.515003e-01 4.401573e-16 -3.076479e-01
    outer loop
      vertex   3.633592e-02 4.750000e-02 -8.927097e-02
      vertex   3.488546e-02 6.250000e-02 -9.375699e-02
      vertex   3.633592e-02 6.250000e-02 -8.927097e-02
    endloop
  endfacet
  facet normal 9.825827e-01 4.545358e-16 -1.858260e-01
    outer loop
      vertex   3.633592e-02 4.750000e-02 -8.927097e-02
      vertex   3.633592e-02 6.250000e-02 -8.927097e-02
      vertex   3.721203e-02 4.750000e-02 -8.463841e-02
    endloop
  endfacet
  facet normal 9.825827e-01 4.545358e-16 -1.858260e-01
    outer loop
      vertex   3.721203e-02 4.750000e-02 -8.463841e-02
      vertex   3.633592e-02 6.250000e-02 -8.927097e-02
      vertex   3.721203e-02 6.250000e-02 -8.463841e-02
    endloop
  endfacet
  facet normal 9.981337e-01 4.617296e-16 -6.106675e-02
    outer loop
      vertex   3.721203e-02 4.750000e-02 -8.463841e-02
      vertex   3.721203e-02 6.250000e-02 -8.463841e-02
      vertex   3.749994e-02 4.750000e-02 -7.993254e-02
    endloop
  endfacet
  facet normal 9.981337e-01 -1.129962e-16 -6.106675e-02
    outer loop
      vertex   3.749994e-02 4.750000e-02 -7.993254e-02
      vertex   3.721203e-02 6.250000e-02 -8.463841e-02
      vertex   3.749994e-02 6.250000e-02 -7.993254e-02
    endloop
  endfacet
  facet normal 9.979075e-01 1.196408e-16 6.465772e-02
    outer loop
      vertex   3.749994e-02 4.750000e-02 -7.993254e-02
      vertex   3.749994e-02 6.250000e-02 -7.993254e-02
      vertex   3.719510e-02 4.750000e-02 -7.522773e-02
    endloop
  endfacet
  facet normal 9.979075e-01 5.982041e-17 6.465772e-02
    outer loop
      vertex   3.719510e-02 4.750000e-02 -7.522773e-02
      vertex   3.749994e-02 6.250000e-02 -7.993254e-02
      vertex   3.719510e-02 6.250000e-02 -7.522773e-02
    endloop
  endfacet
  facet normal 9.819077e-01 1.751934e-16 1.893602e-01
    outer loop
      vertex   3.719510e-02 4.750000e-02 -7.522773e-02
      vertex   3.719510e-02 6.250000e-02 -7.522773e-02
      vertex   3.630233e-02 4.750000e-02 -7.059835e-02
    endloop
  endfacet
  facet normal 9.819077e-01 -2.790302e-16 1.893602e-01
    outer loop
      vertex   3.630233e-02 4.750000e-02 -7.059835e-02
      vertex   3.719510e-02 6.250000e-02 -7.522773e-02
      vertex   3.630233e-02 6.250000e-02 -7.059835e-02
    endloop
  endfacet
  facet normal 9.503872e-01 -1.518453e-16 3.110695e-01
    outer loop
      vertex   3.630233e-02 4.750000e-02 -7.059835e-02
      vertex   3.630233e-02 6.250000e-02 -7.059835e-02
      vertex   3.483574e-02 4.750000e-02 -6.611758e-02
    endloop
  endfacet
  facet normal 9.503872e-01 -1.518453e-16 3.110695e-01
    outer loop
      vertex   3.483574e-02 4.750000e-02 -6.611758e-02
      vertex   3.630233e-02 6.250000e-02 -7.059835e-02
      vertex   3.483574e-02 6.250000e-02 -6.611758e-02
    endloop
  endfacet
  facet normal 9.038442e-01 -2.226026e-17 4.278618e-01
    outer loop
      vertex   3.483574e-02 4.750000e-02 -6.611758e-02
      vertex   3.483574e-02 6.250000e-02 -6.611758e-02
      vertex   3.281851e-02 4.750000e-02 -6.185625e-02
    endloop
  endfacet
  facet normal 9.038442e-01 1.979258e-16 4.278618e-01
    outer loop
      vertex   3.281851e-02 4.750000e-02 -6.185625e-02
      vertex   3.483574e-02 6.250000e-02 -6.611758e-02
      vertex   3.281851e-02 6.250000e-02 -6.185625e-02
    endloop
  endfacet
  facet normal 8.430144e-01 2.488246e-16 5.378910e-01
    outer loop
      vertex   3.281851e-02 4.750000e-02 -6.185625e-02
      vertex   3.281851e-02 6.250000e-02 -6.185625e-02
      vertex   3.028252e-02 4.750000e-02 -5.788171e-02
    endloop
  endfacet
  facet normal 8.430144e-01 2.153533e-16 5.378910e-01
    outer loop
      vertex   3.028252e-02 4.750000e-02 -5.788171e-02
      vertex   3.281851e-02 6.250000e-02 -6.185625e-02
      vertex   3.028252e-02 6.250000e-02 -5.788171e-02
    endloop
  endfacet
  facet normal 7.688593e-01 4.718231e-16 6.394180e-01
    outer loop
      vertex   3.028252e-02 4.750000e-02 -5.788171e-02
      vertex   3.028252e-02 6.250000e-02 -5.788171e-02
      vertex   2.726788e-02 4.750000e-02 -5.425679e-02
    endloop
  endfacet
  facet normal 7.688593e-01 4.137460e-16 6.394180e-01
    outer loop
      vertex   2.726788e-02 4.750000e-02 -5.425679e-02
      vertex   3.028252e-02 6.250000e-02 -5.788171e-02
      vertex   2.726788e-02 6.250000e-02 -5.425679e-02
    endloop
  endfacet
  facet normal 6.825511e-01 5.182892e-16 7.308378e-01
    outer loop
      vertex   2.726788e-02 4.750000e-02 -5.425679e-02
      vertex   2.726788e-02 6.250000e-02 -5.425679e-02
      vertex   2.382221e-02 4.750000e-02 -5.103878e-02
    endloop
  endfacet
  facet normal 6.825511e-01 -1.355346e-16 7.308378e-01
    outer loop
      vertex   2.382221e-02 4.750000e-02 -5.103878e-02
      vertex   2.726788e-02 6.250000e-02 -5.425679e-02
      vertex   2.382221e-02 6.250000e-02 -5.103878e-02
    endloop
  endfacet
  facet normal 5.854541e-01 -3.121372e-17 8.107056e-01
    outer loop
      vertex   2.382221e-02 4.750000e-02 -5.103878e-02
      vertex   2.382221e-02 6.250000e-02 -5.103878e-02
      vertex   2.000000e-02 4.750000e-02 -4.827856e-02
    endloop
  endfacet
  facet normal 5.854541e-01 -0.000000e+00 8.107056e-01
    outer loop
      vertex   2.000000e-02 4.750000e-02 -4.827856e-02
      vertex   2.382221e-02 6.250000e-02 -5.103878e-02
      vertex   2.000000e-02 6.250000e-02 -4.827856e-02
    endloop
  endfacet
  facet normal -1.000000e+00 0.000000e+00 2.668805e-16
    outer loop
      vertex   -2.000000e-02 3.436932e-02 -4.000000e-02
      vertex   -2.000000e-02 3.436932e-02 -2.700000e-02
      vertex   -2.000000e-02 4.750000e-02 -4.000000e-02
    endloop
  endfacet
  facet normal -1.000000e+00 0.000000e+00 2.668805e-16
    outer loop
      vertex   -2.000000e-02 4.750000e-02 -4.000000e-02
      vertex   -2.000000e-02 3.436932e-02 -2.700000e-02
      vertex   -2.000000e-02 6.250000e-02 -2.700000e-02
    endloop
  endfacet
  facet normal -1.000000e+00 8.998734e-17 1.630490e-16
    outer loop
      vertex   -2.000000e-02 4.750000e-02 -4.000000e-02
      vertex   -2.000000e-02 6.250000e-02 -2.700000e-02
      vertex   -2.000000e-02 6.250000e-02 -4.827856e-02
    endloop
  endfacet
  facet normal -1.000000e+00 0.000000e+00 0.000000e+00
    outer loop
      vertex   -2.000000e-02 6.250000e-02 -4.827856e-02
      vertex   -2.000000e-02 4.750000e-02 -4.827856e-02
      vertex   -2.000000e-02 4.750000e-02 -4.000000e-02
    endloop
  endfacet
  facet normal 9.987624e-04 9.999995e-01 -1.003620e-18
    outer loop
      vertex   1.500000e-02 6.750000e-02 -5.116859e-02
      vertex   1.500000e-02 6.750000e-02 -2.700000e-02
      vertex   1.500999e-02 6.749999e-02 -5.116253e-02
    endloop
  endfacet
  facet normal 9.311961e-02 9.956549e-01 3.808009e-05
    outer loop
      vertex   1.500999e-02 6.749999e-02 -5.116253e-02
      vertex   1.500000e-02 6.750000e-02 -2.700000e-02
      vertex   1.591758e-02 6.741509e-02 -5.061693e-02
    endloop
  endfacet
  facet normal 1.564340e-01 9.876852e-01 2.526652e-03
    outer loop
      vertex   1.591758e-02 6.741509e-02 -5.061693e-02
      vertex   1.500000e-02 6.750000e-02 -2.700000e-02
      vertex   1.654508e-02 6.725528e-02 -2.700000e-02
    endloop
  endfacet
  facet normal 2.739266e-01 9.617503e-01 -7.706541e-04
    outer loop
      vertex   1.591758e-02 6.741509e-02 -5.061693e-02
      vertex   1.654508e-02 6.725528e-02 -2.700000e-02
      vertex   1.680582e-02 6.716252e-02 -5.009259e-02
    endloop
  endfacet
  facet normal 4.467072e-01 8.946790e-01 1.449619e-03
    outer loop
      vertex   1.680582e-02 6.716252e-02 -5.009259e-02
      vertex   1.654508e-02 6.725528e-02 -2.700000e-02
      vertex   1.764811e-02 6.674117e-02 -4.960373e-02
    endloop
  endfacet
  facet normal 4.539897e-01 8.910049e-01 1.888556e-03
    outer loop
      vertex   1.764811e-02 6.674117e-02 -4.960373e-02
      vertex   1.654508e-02 6.725528e-02 -2.700000e-02
      vertex   1.793893e-02 6.654508e-02 -2.700000e-02
    endloop
  endfacet
  facet normal 6.091719e-01 7.930376e-01 -9.578799e-04
    outer loop
      vertex   1.764811e-02 6.674117e-02 -4.960373e-02
      vertex   1.793893e-02 6.654508e-02 -2.700000e-02
      vertex   1.841215e-02 6.615480e-02 -4.916699e-02
    endloop
  endfacet
  facet normal 7.071043e-01 7.071043e-01 2.645762e-03
    outer loop
      vertex   1.841215e-02 6.615480e-02 -4.916699e-02
      vertex   1.793893e-02 6.654508e-02 -2.700000e-02
      vertex   1.904508e-02 6.543893e-02 -2.700000e-02
    endloop
  endfacet
  facet normal 7.515380e-01 6.596897e-01 -1.542023e-04
    outer loop
      vertex   1.841215e-02 6.615480e-02 -4.916699e-02
      vertex   1.904508e-02 6.543893e-02 -2.700000e-02
      vertex   1.906569e-02 6.541035e-02 -4.879825e-02
    endloop
  endfacet
  facet normal 8.679534e-01 4.966456e-01 1.695702e-04
    outer loop
      vertex   1.906569e-02 6.541035e-02 -4.879825e-02
      vertex   1.904508e-02 6.543893e-02 -2.700000e-02
      vertex   1.956938e-02 6.453001e-02 -4.851701e-02
    endloop
  endfacet
  facet normal 8.910037e-01 4.539890e-01 2.533119e-03
    outer loop
      vertex   1.956938e-02 6.453001e-02 -4.851701e-02
      vertex   1.904508e-02 6.543893e-02 -2.700000e-02
      vertex   1.975528e-02 6.404508e-02 -2.700000e-02
    endloop
  endfacet
  facet normal 9.511485e-01 3.087311e-01 -1.260152e-03
    outer loop
      vertex   1.956938e-02 6.453001e-02 -4.851701e-02
      vertex   1.975528e-02 6.404508e-02 -2.700000e-02
      vertex   1.989004e-02 6.354283e-02 -4.833926e-02
    endloop
  endfacet
  facet normal 9.876851e-01 1.564340e-01 2.555158e-03
    outer loop
      vertex   1.989004e-02 6.354283e-02 -4.833926e-02
      vertex   1.975528e-02 6.404508e-02 -2.700000e-02
      vertex   2.000000e-02 6.250000e-02 -2.700000e-02
    endloop
  endfacet
  facet normal 9.944864e-01 1.048652e-01 -9.733595e-16
    outer loop
      vertex   1.989004e-02 6.354283e-02 -4.833926e-02
      vertex   2.000000e-02 6.250000e-02 -2.700000e-02
      vertex   2.000000e-02 6.250000e-02 -4.827856e-02
    endloop
  endfacet
  facet normal 5.861535e-01 1.085433e-01 8.028963e-01
    outer loop
      vertex   1.989004e-02 6.354283e-02 -4.833926e-02
      vertex   2.000000e-02 6.250000e-02 -4.827856e-02
      vertex   2.123484e-02 6.404508e-02 -4.938893e-02
    endloop
  endfacet
  facet normal 5.816396e-01 1.139670e-01 8.054234e-01
    outer loop
      vertex   2.123484e-02 6.404508e-02 -4.938893e-02
      vertex   2.000000e-02 6.250000e-02 -4.827856e-02
      vertex   2.382221e-02 6.250000e-02 -5.103878e-02
    endloop
  endfacet
  facet normal 6.085086e-01 1.986120e-01 7.682906e-01
    outer loop
      vertex   2.123484e-02 6.404508e-02 -4.938893e-02
      vertex   2.382221e-02 6.250000e-02 -5.103878e-02
      vertex   2.493422e-02 6.404508e-02 -5.231895e-02
    endloop
  endfacet
  facet normal 6.781364e-01 1.135528e-01 7.261107e-01
    outer loop
      vertex   2.493422e-02 6.404508e-02 -5.231895e-02
      vertex   2.382221e-02 6.250000e-02 -5.103878e-02
      vertex   2.726788e-02 6.250000e-02 -5.425679e-02
    endloop
  endfacet
  facet normal 7.006946e-01 1.990019e-01 6.851462e-01
    outer loop
      vertex   2.493422e-02 6.404508e-02 -5.231895e-02
      vertex   2.726788e-02 6.250000e-02 -5.425679e-02
      vertex   2.823352e-02 6.404508e-02 -5.569311e-02
    endloop
  endfacet
  facet normal 7.639208e-01 1.131598e-01 6.353109e-01
    outer loop
      vertex   2.823352e-02 6.404508e-02 -5.569311e-02
      vertex   2.726788e-02 6.250000e-02 -5.425679e-02
      vertex   3.028252e-02 6.250000e-02 -5.788171e-02
    endloop
  endfacet
  facet normal 7.816269e-01 1.993712e-01 5.910250e-01
    outer loop
      vertex   2.823352e-02 6.404508e-02 -5.569311e-02
      vertex   3.028252e-02 6.250000e-02 -5.788171e-02
      vertex   3.107979e-02 6.404508e-02 -5.945730e-02
    endloop
  endfacet
  facet normal 8.376352e-01 1.127880e-01 5.344588e-01
    outer loop
      vertex   3.107979e-02 6.404508e-02 -5.945730e-02
      vertex   3.028252e-02 6.250000e-02 -5.788171e-02
      vertex   3.281851e-02 6.250000e-02 -6.185625e-02
    endloop
  endfacet
  facet normal 8.500097e-01 1.997199e-01 4.874376e-01
    outer loop
      vertex   3.107979e-02 6.404508e-02 -5.945730e-02
      vertex   3.281851e-02 6.250000e-02 -6.185625e-02
      vertex   3.342738e-02 6.404508e-02 -6.355110e-02
    endloop
  endfacet
  facet normal 8.981127e-01 1.124374e-01 4.251486e-01
    outer loop
      vertex   3.342738e-02 6.404508e-02 -6.355110e-02
      vertex   3.281851e-02 6.250000e-02 -6.185625e-02
      vertex   3.483574e-02 6.250000e-02 -6.611758e-02
    endloop
  endfacet
  facet normal 9.047486e-01 2.000480e-01 3.760463e-01
    outer loop
      vertex   3.342738e-02 6.404508e-02 -6.355110e-02
      vertex   3.483574e-02 6.250000e-02 -6.611758e-02
      vertex   3.523861e-02 6.404508e-02 -6.790883e-02
    endloop
  endfacet
  facet normal 9.443960e-01 1.121080e-01 3.091085e-01
    outer loop
      vertex   3.523861e-02 6.404508e-02 -6.790883e-02
      vertex   3.483574e-02 6.250000e-02 -6.611758e-02
      vertex   3.630233e-02 6.250000e-02 -7.059835e-02
    endloop
  endfacet
  facet normal 9.449678e-01 2.003556e-01 2.586379e-01
    outer loop
      vertex   3.523861e-02 6.404508e-02 -6.790883e-02
      vertex   3.630233e-02 6.250000e-02 -7.059835e-02
      vertex   3.648442e-02 6.404508e-02 -7.246056e-02
    endloop
  endfacet
  facet normal 9.757519e-01 1.117998e-01 1.881730e-01
    outer loop
      vertex   3.648442e-02 6.404508e-02 -7.246056e-02
      vertex   3.630233e-02 6.250000e-02 -7.059835e-02
      vertex   3.719510e-02 6.250000e-02 -7.522773e-02
    endloop
  endfacet
  facet normal 9.700244e-01 2.006426e-01 1.370954e-01
    outer loop
      vertex   3.648442e-02 6.404508e-02 -7.246056e-02
      vertex   3.719510e-02 6.250000e-02 -7.522773e-02
      vertex   3.714482e-02 6.404508e-02 -7.713328e-02
    endloop
  endfacet
  facet normal 9.916835e-01 1.115128e-01 6.425445e-02
    outer loop
      vertex   3.714482e-02 6.404508e-02 -7.713328e-02
      vertex   3.719510e-02 6.250000e-02 -7.522773e-02
      vertex   3.749994e-02 6.250000e-02 -7.993254e-02
    endloop
  endfacet
  facet normal 9.795187e-01 2.009091e-01 1.336787e-02
    outer loop
      vertex   3.714482e-02 6.404508e-02 -7.713328e-02
      vertex   3.749994e-02 6.250000e-02 -7.993254e-02
      vertex   3.720922e-02 6.404508e-02 -8.185199e-02
    endloop
  endfacet
  facet normal 9.919380e-01 1.112471e-01 -6.068770e-02
    outer loop
      vertex   3.720922e-02 6.404508e-02 -8.185199e-02
      vertex   3.749994e-02 6.250000e-02 -7.993254e-02
      vertex   3.721203e-02 6.250000e-02 -8.463841e-02
    endloop
  endfacet
  facet normal 9.733000e-01 2.011550e-01 -1.105608e-01
    outer loop
      vertex   3.720922e-02 6.404508e-02 -8.185199e-02
      vertex   3.721203e-02 6.250000e-02 -8.463841e-02
      vertex   3.667658e-02 6.404508e-02 -8.654098e-02
    endloop
  endfacet
  facet normal 9.765104e-01 1.110026e-01 -1.846776e-01
    outer loop
      vertex   3.667658e-02 6.404508e-02 -8.654098e-02
      vertex   3.721203e-02 6.250000e-02 -8.463841e-02
      vertex   3.633592e-02 6.250000e-02 -8.927097e-02
    endloop
  endfacet
  facet normal 9.514699e-01 2.013804e-01 -2.327037e-01
    outer loop
      vertex   3.667658e-02 6.404508e-02 -8.654098e-02
      vertex   3.633592e-02 6.250000e-02 -8.927097e-02
      vertex   3.555545e-02 6.404508e-02 -9.112502e-02
    endloop
  endfacet
  facet normal 9.456438e-01 1.107794e-01 -3.057543e-01
    outer loop
      vertex   3.555545e-02 6.404508e-02 -9.112502e-02
      vertex   3.633592e-02 6.250000e-02 -8.927097e-02
      vertex   3.488546e-02 6.250000e-02 -9.375699e-02
    endloop
  endfacet
  facet normal 9.143796e-01 2.015853e-01 -3.511030e-01
    outer loop
      vertex   3.555545e-02 6.404508e-02 -9.112502e-02
      vertex   3.488546e-02 6.250000e-02 -9.375699e-02
      vertex   3.386382e-02 6.404508e-02 -9.553055e-02
    endloop
  endfacet
  facet normal 8.998256e-01 1.105774e-01 -4.220030e-01
    outer loop
      vertex   3.386382e-02 6.404508e-02 -9.553055e-02
      vertex   3.488546e-02 6.250000e-02 -9.375699e-02
      vertex   3.288358e-02 6.250000e-02 -9.802555e-02
    endloop
  endfacet
  facet normal 8.626252e-01 2.017697e-01 -4.638607e-01
    outer loop
      vertex   3.386382e-02 6.404508e-02 -9.553055e-02
      vertex   3.288358e-02 6.250000e-02 -9.802555e-02
      vertex   3.162882e-02 6.404508e-02 -9.968689e-02
    endloop
  endfacet
  facet normal 8.397797e-01 1.103966e-01 -5.315851e-01
    outer loop
      vertex   3.162882e-02 6.404508e-02 -9.968689e-02
      vertex   3.288358e-02 6.250000e-02 -9.802555e-02
      vertex   3.036191e-02 6.250000e-02 -1.020092e-01
    endloop
  endfacet
  facet normal 7.970376e-01 2.019335e-01 -5.691695e-01
    outer loop
      vertex   3.162882e-02 6.404508e-02 -9.968689e-02
      vertex   3.036191e-02 6.250000e-02 -1.020092e-01
      vertex   2.888633e-02 6.404508e-02 -1.035273e-01
    endloop
  endfacet
  facet normal 7.664551e-01 1.102371e-01 -6.327672e-01
    outer loop
      vertex   2.888633e-02 6.404508e-02 -1.035273e-01
      vertex   3.036191e-02 6.250000e-02 -1.020092e-01
      vertex   2.736033e-02 6.250000e-02 -1.056449e-01
    endloop
  endfacet
  facet normal 7.186692e-01 2.020769e-01 -6.653416e-01
    outer loop
      vertex   2.888633e-02 6.404508e-02 -1.035273e-01
      vertex   2.736033e-02 6.250000e-02 -1.056449e-01
      vertex   2.568034e-02 6.404508e-02 -1.069903e-01
    endloop
  endfacet
  facet normal 6.810109e-01 1.100989e-01 -7.239492e-01
    outer loop
      vertex   2.568034e-02 6.404508e-02 -1.069903e-01
      vertex   2.736033e-02 6.250000e-02 -1.056449e-01
      vertex   2.392626e-02 6.250000e-02 -1.088753e-01
    endloop
  endfacet
  facet normal 6.287772e-01 2.021998e-01 -7.508358e-01
    outer loop
      vertex   2.568034e-02 6.404508e-02 -1.069903e-01
      vertex   2.392626e-02 6.250000e-02 -1.088753e-01
      vertex   2.206230e-02 6.404508e-02 -1.100202e-01
    endloop
  endfacet
  facet normal 5.847980e-01 1.099819e-01 -8.036885e-01
    outer loop
      vertex   2.206230e-02 6.404508e-02 -1.100202e-01
      vertex   2.392626e-02 6.250000e-02 -1.088753e-01
      vertex   2.011401e-02 6.250000e-02 -1.116493e-01
    endloop
  endfacet
  facet normal 5.288034e-01 2.023022e-01 -8.242820e-01
    outer loop
      vertex   2.206230e-02 6.404508e-02 -1.100202e-01
      vertex   2.011401e-02 6.250000e-02 -1.116493e-01
      vertex   1.809026e-02 6.404508e-02 -1.125684e-01
    endloop
  endfacet
  facet normal 4.793376e-01 1.098862e-01 -8.707241e-01
    outer loop
      vertex   1.809026e-02 6.404508e-02 -1.125684e-01
      vertex   2.011401e-02 6.250000e-02 -1.116493e-01
      vertex   1.598381e-02 6.250000e-02 -1.139230e-01
    endloop
  endfacet
  facet normal 4.203511e-01 2.023841e-01 -8.845030e-01
    outer loop
      vertex   1.809026e-02 6.404508e-02 -1.125684e-01
      vertex   1.598381e-02 6.250000e-02 -1.139230e-01
      vertex   1.382796e-02 6.404508e-02 -1.145940e-01
    endloop
  endfacet
  facet normal 3.662973e-01 1.098117e-01 -9.239955e-01
    outer loop
      vertex   1.382796e-02 6.404508e-02 -1.145940e-01
      vertex   1.598381e-02 6.250000e-02 -1.139230e-01
      vertex   1.160097e-02 6.250000e-02 -1.156604e-01
    endloop
  endfacet
  facet normal 3.051592e-01 2.024455e-01 -9.305341e-01
    outer loop
      vertex   1.382796e-02 6.404508e-02 -1.145940e-01
      vertex   1.160097e-02 6.250000e-02 -1.156604e-01
      vertex   9.343779e-03 6.404508e-02 -1.160645e-01
    endloop
  endfacet
  facet normal 2.474645e-01 1.097586e-01 -9.626601e-01
    outer loop
      vertex   9.343779e-03 6.404508e-02 -1.160645e-01
      vertex   1.160097e-02 6.250000e-02 -1.156604e-01
      vertex   7.034751e-03 6.250000e-02 -1.168343e-01
    endloop
  endfacet
  facet normal 1.850747e-01 2.024865e-01 -9.616374e-01
    outer loop
      vertex   9.343779e-03 6.404508e-02 -1.160645e-01
      vertex   7.034751e-03 6.250000e-02 -1.168343e-01
      vertex   4.709674e-03 6.404508e-02 -1.169564e-01
    endloop
  endfacet
  facet normal 1.247184e-01 1.097267e-01 -9.861062e-01
    outer loop
      vertex   4.709674e-03 6.404508e-02 -1.169564e-01
      vertex   7.034751e-03 6.250000e-02 -1.168343e-01
      vertex   2.357338e-03 6.250000e-02 -1.174258e-01
    endloop
  endfacet
  facet normal 6.202304e-02 2.025070e-01 -9.773147e-01
    outer loop
      vertex   4.709674e-03 6.404508e-02 -1.169564e-01
      vertex   2.357338e-03 6.250000e-02 -1.174258e-01
      vertex   -1.198221e-17 6.404508e-02 -1.172553e-01
    endloop
  endfacet
  facet normal -2.925509e-15 1.097160e-01 -9.939630e-01
    outer loop
      vertex   -1.198221e-17 6.404508e-02 -1.172553e-01
      vertex   2.357338e-03 6.250000e-02 -1.174258e-01
      vertex   -2.357338e-03 6.250000e-02 -1.174258e-01
    endloop
  endfacet
  facet normal -6.202304e-02 2.025070e-01 -9.773147e-01
    outer loop
      vertex   -1.198221e-17 6.404508e-02 -1.172553e-01
      vertex   -2.357338e-03 6.250000e-02 -1.174258e-01
      vertex   -4.709674e-03 6.404508e-02 -1.169564e-01
    endloop
  endfacet
  facet normal -1.247184e-01 1.097267e-01 -9.861062e-01
    outer loop
      vertex   -4.709674e-03 6.404508e-02 -1.169564e-01
      vertex   -2.357338e-03 6.250000e-02 -1.174258e-01
      vertex   -7.034751e-03 6.250000e-02 -1.168343e-01
    endloop
  endfacet
  facet normal -1.850747e-01 2.024865e-01 -9.616374e-01
    outer loop
      vertex   -4.709674e-03 6.404508e-02 -1.169564e-01
      vertex   -7.034751e-03 6.250000e-02 -1.168343e-01
      vertex   -9.343779e-03 6.404508e-02 -1.160645e-01
    endloop
  endfacet
  facet normal -2.474645e-01 1.097586e-01 -9.626601e-01
    outer loop
      vertex   -9.343779e-03 6.404508e-02 -1.160645e-01
      vertex   -7.034751e-03 6.250000e-02 -1.168343e-01
      vertex   -1.160097e-02 6.250000e-02 -1.156604e-01
    endloop
  endfacet
  facet normal -3.051592e-01 2.024455e-01 -9.305341e-01
    outer loop
      vertex   -9.343779e-03 6.404508e-02 -1.160645e-01
      vertex   -1.160097e-02 6.250000e-02 -1.156604e-01
      vertex   -1.382796e-02 6.404508e-02 -1.145940e-01
    endloop
  endfacet
  facet normal -3.662973e-01 1.098117e-01 -9.239955e-01
    outer loop
      vertex   -1.382796e-02 6.404508e-02 -1.145940e-01
      vertex   -1.160097e-02 6.250000e-02 -1.156604e-01
      vertex   -1.598381e-02 6.250000e-02 -1.139230e-01
    endloop
  endfacet
  facet normal -4.203511e-01 2.023841e-01 -8.845030e-01
    outer loop
      vertex   -1.382796e-02 6.404508e-02 -1.145940e-01
      vertex   -1.598381e-02 6.250000e-02 -1.139230e-01
      vertex   -1.809026e-02 6.404508e-02 -1.125684e-01
    endloop
  endfacet
  facet normal -4.793376e-01 1.098862e-01 -8.707241e-01
    outer loop
      vertex   -1.809026e-02 6.404508e-02 -1.125684e-01
      vertex   -1.598381e-02 6.250000e-02 -1.139230e-01
      vertex   -2.011401e-02 6.250000e-02 -1.116493e-01
    endloop
  endfacet
  facet normal -5.288034e-01 2.023022e-01 -8.242820e-01
    outer loop
      vertex   -1.809026e-02 6.404508e-02 -1.125684e-01
      vertex   -2.011401e-02 6.250000e-02 -1.116493e-01
      vertex   -2.206230e-02 6.404508e-02 -1.100202e-01
    endloop
  endfacet
  facet normal -5.847980e-01 1.099819e-01 -8.036885e-01
    outer loop
      vertex   -2.206230e-02 6.404508e-02 -1.100202e-01
      vertex   -2.011401e-02 6.250000e-02 -1.116493e-01
      vertex   -2.392626e-02 6.250000e-02 -1.088753e-01
    endloop
  endfacet
  facet normal -6.287772e-01 2.021998e-01 -7.508358e-01
    outer loop
      vertex   -2.206230e-02 6.404508e-02 -1.100202e-01
      vertex   -2.392626e-02 6.250000e-02 -1.088753e-01
      vertex   -2.568034e-02 6.404508e-02 -1.069903e-01
    endloop
  endfacet
  facet normal -6.810109e-01 1.100989e-01 -7.239492e-01
    outer loop
      vertex   -2.568034e-02 6.404508e-02 -1.069903e-01
      vertex   -2.392626e-02 6.250000e-02 -1.088753e-01
      vertex   -2.736033e-02 6.250000e-02 -1.056449e-01
    endloop
  endfacet
  facet normal -7.186692e-01 2.020769e-01 -6.653416e-01
    outer loop
      vertex   -2.568034e-02 6.404508e-02 -1.069903e-01
      vertex   -2.736033e-02 6.250000e-02 -1.056449e-01
      vertex   -2.888633e-02 6.404508e-02 -1.035273e-01
    endloop
  endfacet
  facet normal -7.664551e-01 1.102371e-01 -6.327672e-01
    outer loop
      vertex   -2.888633e-02 6.404508e-02 -1.035273e-01
      vertex   -2.736033e-02 6.250000e-02 -1.056449e-01
      vertex   -3.036191e-02 6.250000e-02 -1.020092e-01
    endloop
  endfacet
  facet normal -7.970376e-01 2.019335e-01 -5.691695e-01
    outer loop
      vertex   -2.888633e-02 6.404508e-02 -1.035273e-01
      vertex   -3.036191e-02 6.250000e-02 -1.020092e-01
      vertex   -3.162882e-02 6.404508e-02 -9.968689e-02
    endloop
  endfacet
  facet normal -8.397797e-01 1.103966e-01 -5.315851e-01
    outer loop
      vertex   -3.162882e-02 6.404508e-02 -9.968689e-02
      vertex   -3.036191e-02 6.250000e-02 -1.020092e-01
      vertex   -3.288358e-02 6.250000e-02 -9.802555e-02
    endloop
  endfacet
  facet normal -8.626252e-01 2.017697e-01 -4.638607e-01
    outer loop
      vertex   -3.162882e-02 6.404508e-02 -9.968689e-02
      vertex   -3.288358e-02 6.250000e-02 -9.802555e-02
      vertex   -3.386382e-02 6.404508e-02 -9.553055e-02
    endloop
  endfacet
  facet normal -8.998256e-01 1.105774e-01 -4.220030e-01
    outer loop
      vertex   -3.386382e-02 6.404508e-02 -9.553055e-02
      vertex   -3.288358e-02 6.250000e-02 -9.802555e-02
      vertex   -3.488546e-02 6.250000e-02 -9.375699e-02
    endloop
  endfacet
  facet normal -9.143796e-01 2.015853e-01 -3.511030e-01
    outer loop
      vertex   -3.386382e-02 6.404508e-02 -9.553055e-02
      vertex   -3.488546e-02 6.250000e-02 -9.375699e-02
      vertex   -3.555545e-02 6.404508e-02 -9.112502e-02
    endloop
  endfacet
  facet normal -9.456438e-01 1.107794e-01 -3.057543e-01
    outer loop
      vertex   -3.555545e-02 6.404508e-02 -9.112502e-02
      vertex   -3.488546e-02 6.250000e-02 -9.375699e-02
      vertex   -3.633592e-02 6.250000e-02 -8.927097e-02
    endloop
  endfacet
  facet normal -9.514699e-01 2.013804e-01 -2.327037e-01
    outer loop
      vertex   -3.555545e-02 6.404508e-02 -9.112502e-02
      vertex   -3.633592e-02 6.250000e-02 -8.927097e-02
      vertex   -3.667658e-02 6.404508e-02 -8.654098e-02
    endloop
  endfacet
  facet normal -9.765104e-01 1.110026e-01 -1.846776e-01
    outer loop
      vertex   -3.667658e-02 6.404508e-02 -8.654098e-02
      vertex   -3.633592e-02 6.250000e-02 -8.927097e-02
      vertex   -3.721203e-02 6.250000e-02 -8.463841e-02
    endloop
  endfacet
  facet normal -9.733000e-01 2.011550e-01 -1.105608e-01
    outer loop
      vertex   -3.667658e-02 6.404508e-02 -8.654098e-02
      vertex   -3.721203e-02 6.250000e-02 -8.463841e-02
      vertex   -3.720922e-02 6.404508e-02 -8.185199e-02
    endloop
  endfacet
  facet normal -9.919380e-01 1.112471e-01 -6.068770e-02
    outer loop
      vertex   -3.720922e-02 6.404508e-02 -8.185199e-02
      vertex   -3.721203e-02 6.250000e-02 -8.463841e-02
      vertex   -3.749994e-02 6.250000e-02 -7.993254e-02
    endloop
  endfacet
  facet normal -9.795187e-01 2.009091e-01 1.336787e-02
    outer loop
      vertex   -3.720922e-02 6.404508e-02 -8.185199e-02
      vertex   -3.749994e-02 6.250000e-02 -7.993254e-02
      vertex   -3.714482e-02 6.404508e-02 -7.713328e-02
    endloop
  endfacet
  facet normal -9.916835e-01 1.115128e-01 6.425445e-02
    outer loop
      vertex   -3.714482e-02 6.404508e-02 -7.713328e-02
      vertex   -3.749994e-02 6.250000e-02 -7.993254e-02
      vertex   -3.719510e-02 6.250000e-02 -7.522773e-02
    endloop
  endfacet
  facet normal -9.700244e-01 2.006426e-01 1.370954e-01
    outer loop
      vertex   -3.714482e-02 6.404508e-02 -7.713328e-02
      vertex   -3.719510e-02 6.250000e-02 -7.522773e-02
      vertex   -3.648442e-02 6.404508e-02 -7.246056e-02
    endloop
  endfacet
  facet normal -9.757519e-01 1.117998e-01 1.881730e-01
    outer loop
      vertex   -3.648442e-02 6.404508e-02 -7.246056e-02
      vertex   -3.719510e-02 6.250000e-02 -7.522773e-02
      vertex   -3.630233e-02 6.250000e-02 -7.059835e-02
    endloop
  endfacet
  facet normal -9.449678e-01 2.003556e-01 2.586379e-01
    outer loop
      vertex   -3.648442e-02 6.404508e-02 -7.246056e-02
      vertex   -3.630233e-02 6.250000e-02 -7.059835e-02
      vertex   -3.523861e-02 6.404508e-02 -6.790883e-02
    endloop
  endfacet
  facet normal -9.443960e-01 1.121080e-01 3.091085e-01
    outer loop
      vertex   -3.523861e-02 6.404508e-02 -6.790883e-02
      vertex   -3.630233e-02 6.250000e-02 -7.059835e-02
      vertex   -3.483574e-02 6.250000e-02 -6.611758e-02
    endloop
  endfacet
  facet normal -9.047486e-01 2.000480e-01 3.760463e-01
    outer loop
      vertex   -3.523861e-02 6.404508e-02 -6.790883e-02
      vertex   -3.483574e-02 6.250000e-02 -6.611758e-02
      vertex   -3.342738e-02 6.404508e-02 -6.355110e-02
    endloop
  endfacet
  facet normal -8.981127e-01 1.124374e-01 4.251486e-01
    outer loop
      vertex   -3.342738e-02 6.404508e-02 -6.355110e-02
      vertex   -3.483574e-02 6.250000e-02 -6.611758e-02
      vertex   -3.281851e-02 6.250000e-02 -6.185625e-02
    endloop
  endfacet
  facet normal -8.500097e-01 1.997199e-01 4.874376e-01
    outer loop
      vertex   -3.342738e-02 6.404508e-02 -6.355110e-02
      vertex   -3.281851e-02 6.250000e-02 -6.185625e-02
      vertex   -3.107979e-02 6.404508e-02 -5.945730e-02
    endloop
  endfacet
  facet normal -8.376352e-01 1.127880e-01 5.344588e-01
    outer loop
      vertex   -3.107979e-02 6.404508e-02 -5.945730e-02
      vertex   -3.281851e-02 6.250000e-02 -6.185625e-02
      vertex   -3.028252e-02 6.250000e-02 -5.788171e-02
    endloop
  endfacet
  facet normal -7.816269e-01 1.993712e-01 5.910250e-01
    outer loop
      vertex   -3.107979e-02 6.404508e-02 -5.945730e-02
      vertex   -3.028252e-02 6.250000e-02 -5.788171e-02
      vertex   -2.823352e-02 6.404508e-02 -5.569311e-02
    endloop
  endfacet
  facet normal -7.639208e-01 1.131598e-01 6.353109e-01
    outer loop
      vertex   -2.823352e-02 6.404508e-02 -5.569311e-02
      vertex   -3.028252e-02 6.250000e-02 -5.788171e-02
      vertex   -2.726788e-02 6.250000e-02 -5.425679e-02
    endloop
  endfacet
  facet normal -7.006946e-01 1.990019e-01 6.851462e-01
    outer loop
      vertex   -2.823352e-02 6.404508e-02 -5.569311e-02
      vertex   -2.726788e-02 6.250000e-02 -5.425679e-02
      vertex   -2.493422e-02 6.404508e-02 -5.231895e-02
    endloop
  endfacet
  facet normal -6.781364e-01 1.135528e-01 7.261107e-01
    outer loop
      vertex   -2.493422e-02 6.404508e-02 -5.231895e-02
      vertex   -2.726788e-02 6.250000e-02 -5.425679e-02
      vertex   -2.382221e-02 6.250000e-02 -5.103878e-02
    endloop
  endfacet
  facet normal -6.085086e-01 1.986120e-01 7.682906e-01
    outer loop
      vertex   -2.493422e-02 6.404508e-02 -5.231895e-02
      vertex   -2.382221e-02 6.250000e-02 -5.103878e-02
      vertex   -2.123484e-02 6.404508e-02 -4.938893e-02
    endloop
  endfacet
  facet normal -5.816396e-01 1.139670e-01 8.054234e-01
    outer loop
      vertex   -2.123484e-02 6.404508e-02 -4.938893e-02
      vertex   -2.382221e-02 6.250000e-02 -5.103878e-02
      vertex   -2.000000e-02 6.250000e-02 -4.827856e-02
    endloop
  endfacet
  facet normal -5.861535e-01 1.085433e-01 8.028963e-01
    outer loop
      vertex   -2.123484e-02 6.404508e-02 -4.938893e-02
      vertex   -2.000000e-02 6.250000e-02 -4.827856e-02
      vertex   -1.989004e-02 6.354283e-02 -4.833926e-02
    endloop
  endfacet
  facet normal -5.102551e-01 3.101810e-01 8.021393e-01
    outer loop
      vertex   -1.989004e-02 6.354283e-02 -4.833926e-02
      vertex   -1.956938e-02 6.453001e-02 -4.851701e-02
      vertex   -2.123484e-02 6.404508e-02 -4.938893e-02
    endloop
  endfacet
  facet normal -5.134231e-01 4.539800e-01 7.282162e-01
    outer loop
      vertex   -2.123484e-02 6.404508e-02 -4.938893e-02
      vertex   -1.956938e-02 6.453001e-02 -4.851701e-02
      vertex   -2.083004e-02 6.543893e-02 -4.997247e-02
    endloop
  endfacet
  facet normal -5.534349e-01 4.532664e-01 6.987556e-01
    outer loop
      vertex   -2.123484e-02 6.404508e-02 -4.938893e-02
      vertex   -2.083004e-02 6.543893e-02 -4.997247e-02
      vertex   -2.493422e-02 6.404508e-02 -5.231895e-02
    endloop
  endfacet
  facet normal -5.534349e-01 4.532664e-01 6.987556e-01
    outer loop
      vertex   -2.493422e-02 6.404508e-02 -5.231895e-02
      vertex   -2.083004e-02 6.543893e-02 -4.997247e-02
      vertex   -2.445890e-02 6.543893e-02 -5.284663e-02
    endloop
  endfacet
  facet normal -6.373289e-01 4.532664e-01 6.231865e-01
    outer loop
      vertex   -2.493422e-02 6.404508e-02 -5.231895e-02
      vertex   -2.445890e-02 6.543893e-02 -5.284663e-02
      vertex   -2.823352e-02 6.404508e-02 -5.569311e-02
    endloop
  endfacet
  facet normal -6.373289e-01 4.532664e-01 6.231865e-01
    outer loop
      vertex   -2.823352e-02 6.404508e-02 -5.569311e-02
      vertex   -2.445890e-02 6.543893e-02 -5.284663e-02
      vertex   -2.769530e-02 6.543893e-02 -5.615648e-02
    endloop
  endfacet
  facet normal -7.109967e-01 4.532664e-01 5.376181e-01
    outer loop
      vertex   -2.823352e-02 6.404508e-02 -5.569311e-02
      vertex   -2.769530e-02 6.543893e-02 -5.615648e-02
      vertex   -3.107979e-02 6.404508e-02 -5.945730e-02
    endloop
  endfacet
  facet normal -7.109967e-01 4.532664e-01 5.376181e-01
    outer loop
      vertex   -3.107979e-02 6.404508e-02 -5.945730e-02
      vertex   -2.769530e-02 6.543893e-02 -5.615648e-02
      vertex   -3.048732e-02 6.543893e-02 -5.984890e-02
    endloop
  endfacet
  facet normal -7.732562e-01 4.532664e-01 4.434234e-01
    outer loop
      vertex   -3.107979e-02 6.404508e-02 -5.945730e-02
      vertex   -3.048732e-02 6.543893e-02 -5.984890e-02
      vertex   -3.342738e-02 6.404508e-02 -6.355110e-02
    endloop
  endfacet
  facet normal -7.732562e-01 4.532664e-01 4.434234e-01
    outer loop
      vertex   -3.342738e-02 6.404508e-02 -6.355110e-02
      vertex   -3.048732e-02 6.543893e-02 -5.984890e-02
      vertex   -3.279015e-02 6.543893e-02 -6.386466e-02
    endloop
  endfacet
  facet normal -8.231086e-01 4.532664e-01 3.421138e-01
    outer loop
      vertex   -3.342738e-02 6.404508e-02 -6.355110e-02
      vertex   -3.279015e-02 6.543893e-02 -6.386466e-02
      vertex   -3.523861e-02 6.404508e-02 -6.790883e-02
    endloop
  endfacet
  facet normal -8.231086e-01 4.532664e-01 3.421138e-01
    outer loop
      vertex   -3.523861e-02 6.404508e-02 -6.790883e-02
      vertex   -3.279015e-02 6.543893e-02 -6.386466e-02
      vertex   -3.456686e-02 6.543893e-02 -6.813932e-02
    endloop
  endfacet
  facet normal -8.597537e-01 4.532664e-01 2.353148e-01
    outer loop
      vertex   -3.523861e-02 6.404508e-02 -6.790883e-02
      vertex   -3.456686e-02 6.543893e-02 -6.813932e-02
      vertex   -3.648442e-02 6.404508e-02 -7.246056e-02
    endloop
  endfacet
  facet normal -8.597537e-01 4.532664e-01 2.353148e-01
    outer loop
      vertex   -3.648442e-02 6.404508e-02 -7.246056e-02
      vertex   -3.456686e-02 6.543893e-02 -6.813932e-02
      vertex   -3.578892e-02 6.543893e-02 -7.260429e-02
    endloop
  endfacet
  facet normal -8.826038e-01 4.532664e-01 1.247400e-01
    outer loop
      vertex   -3.648442e-02 6.404508e-02 -7.246056e-02
      vertex   -3.578892e-02 6.543893e-02 -7.260429e-02
      vertex   -3.714482e-02 6.404508e-02 -7.713328e-02
    endloop
  endfacet
  facet normal -8.826038e-01 4.532664e-01 1.247400e-01
    outer loop
      vertex   -3.714482e-02 6.404508e-02 -7.713328e-02
      vertex   -3.578892e-02 6.543893e-02 -7.260429e-02
      vertex   -3.643673e-02 6.543893e-02 -7.718792e-02
    endloop
  endfacet
  facet normal -8.912921e-01 4.532664e-01 1.216381e-02
    outer loop
      vertex   -3.714482e-02 6.404508e-02 -7.713328e-02
      vertex   -3.643673e-02 6.543893e-02 -7.718792e-02
      vertex   -3.720922e-02 6.404508e-02 -8.185199e-02
    endloop
  endfacet
  facet normal -8.912921e-01 4.532664e-01 1.216381e-02
    outer loop
      vertex   -3.720922e-02 6.404508e-02 -8.185199e-02
      vertex   -3.643673e-02 6.543893e-02 -7.718792e-02
      vertex   -3.649990e-02 6.543893e-02 -8.181668e-02
    endloop
  endfacet
  facet normal -8.856792e-01 4.532664e-01 -1.006076e-01
    outer loop
      vertex   -3.720922e-02 6.404508e-02 -8.185199e-02
      vertex   -3.649990e-02 6.543893e-02 -8.181668e-02
      vertex   -3.667658e-02 6.404508e-02 -8.654098e-02
    endloop
  endfacet
  facet normal -8.856792e-01 4.532664e-01 -1.006076e-01
    outer loop
      vertex   -3.667658e-02 6.404508e-02 -8.654098e-02
      vertex   -3.649990e-02 6.543893e-02 -8.181668e-02
      vertex   -3.597742e-02 6.543893e-02 -8.641629e-02
    endloop
  endfacet
  facet normal -8.658552e-01 4.532664e-01 -2.117647e-01
    outer loop
      vertex   -3.667658e-02 6.404508e-02 -8.654098e-02
      vertex   -3.597742e-02 6.543893e-02 -8.641629e-02
      vertex   -3.555545e-02 6.404508e-02 -9.112502e-02
    endloop
  endfacet
  facet normal -8.658552e-01 4.532664e-01 -2.117647e-01
    outer loop
      vertex   -3.555545e-02 6.404508e-02 -9.112502e-02
      vertex   -3.597742e-02 6.543893e-02 -8.641629e-02
      vertex   -3.487766e-02 6.543893e-02 -9.091294e-02
    endloop
  endfacet
  facet normal -8.321382e-01 4.532664e-01 -3.195240e-01
    outer loop
      vertex   -3.555545e-02 6.404508e-02 -9.112502e-02
      vertex   -3.487766e-02 6.543893e-02 -9.091294e-02
      vertex   -3.386382e-02 6.404508e-02 -9.553055e-02
    endloop
  endfacet
  facet normal -8.321382e-01 4.532664e-01 -3.195240e-01
    outer loop
      vertex   -3.386382e-02 6.404508e-02 -9.553055e-02
      vertex   -3.487766e-02 6.543893e-02 -9.091294e-02
      vertex   -3.321827e-02 6.543893e-02 -9.523449e-02
    endloop
  endfacet
  facet normal -7.850691e-01 4.532664e-01 -4.221563e-01
    outer loop
      vertex   -3.386382e-02 6.404508e-02 -9.553055e-02
      vertex   -3.321827e-02 6.543893e-02 -9.523449e-02
      vertex   -3.162882e-02 6.404508e-02 -9.968689e-02
    endloop
  endfacet
  facet normal -7.850691e-01 4.532664e-01 -4.221563e-01
    outer loop
      vertex   -3.162882e-02 6.404508e-02 -9.968689e-02
      vertex   -3.321827e-02 6.543893e-02 -9.523449e-02
      vertex   -3.102588e-02 6.543893e-02 -9.931160e-02
    endloop
  endfacet
  facet normal -7.254033e-01 4.532664e-01 -5.180150e-01
    outer loop
      vertex   -3.162882e-02 6.404508e-02 -9.968689e-02
      vertex   -3.102588e-02 6.543893e-02 -9.931160e-02
      vertex   -2.888633e-02 6.404508e-02 -1.035273e-01
    endloop
  endfacet
  facet normal -7.254033e-01 4.532664e-01 -5.180150e-01
    outer loop
      vertex   -2.888633e-02 6.404508e-02 -1.035273e-01
      vertex   -3.102588e-02 6.543893e-02 -9.931160e-02
      vertex   -2.833567e-02 6.543893e-02 -1.030788e-01
    endloop
  endfacet
  facet normal -6.540981e-01 4.532664e-01 -6.055619e-01
    outer loop
      vertex   -2.888633e-02 6.404508e-02 -1.035273e-01
      vertex   -2.833567e-02 6.543893e-02 -1.030788e-01
      vertex   -2.568034e-02 6.404508e-02 -1.069903e-01
    endloop
  endfacet
  facet normal -6.540981e-01 4.532664e-01 -6.055619e-01
    outer loop
      vertex   -2.568034e-02 6.404508e-02 -1.069903e-01
      vertex   -2.833567e-02 6.543893e-02 -1.030788e-01
      vertex   -2.519080e-02 6.543893e-02 -1.064758e-01
    endloop
  endfacet
  facet normal -5.722976e-01 4.532664e-01 -6.833923e-01
    outer loop
      vertex   -2.568034e-02 6.404508e-02 -1.069903e-01
      vertex   -2.519080e-02 6.543893e-02 -1.064758e-01
      vertex   -2.206230e-02 6.404508e-02 -1.100202e-01
    endloop
  endfacet
  facet normal -5.722976e-01 4.532664e-01 -6.833923e-01
    outer loop
      vertex   -2.206230e-02 6.404508e-02 -1.100202e-01
      vertex   -2.519080e-02 6.543893e-02 -1.064758e-01
      vertex   -2.164173e-02 6.543893e-02 -1.094479e-01
    endloop
  endfacet
  facet normal -4.813143e-01 4.532664e-01 -7.502574e-01
    outer loop
      vertex   -2.206230e-02 6.404508e-02 -1.100202e-01
      vertex   -2.164173e-02 6.543893e-02 -1.094479e-01
      vertex   -1.809026e-02 6.404508e-02 -1.125684e-01
    endloop
  endfacet
  facet normal -4.813143e-01 4.532664e-01 -7.502574e-01
    outer loop
      vertex   -1.809026e-02 6.404508e-02 -1.125684e-01
      vertex   -2.164173e-02 6.543893e-02 -1.094479e-01
      vertex   -1.774541e-02 6.543893e-02 -1.119475e-01
    endloop
  endfacet
  facet normal -3.826081e-01 4.532664e-01 -8.050842e-01
    outer loop
      vertex   -1.809026e-02 6.404508e-02 -1.125684e-01
      vertex   -1.774541e-02 6.543893e-02 -1.119475e-01
      vertex   -1.382796e-02 6.404508e-02 -1.145940e-01
    endloop
  endfacet
  facet normal -3.826081e-01 4.532664e-01 -8.050842e-01
    outer loop
      vertex   -1.382796e-02 6.404508e-02 -1.145940e-01
      vertex   -1.774541e-02 6.543893e-02 -1.119475e-01
      vertex   -1.356436e-02 6.543893e-02 -1.139345e-01
    endloop
  endfacet
  facet normal -2.777628e-01 4.532664e-01 -8.469931e-01
    outer loop
      vertex   -1.382796e-02 6.404508e-02 -1.145940e-01
      vertex   -1.356436e-02 6.543893e-02 -1.139345e-01
      vertex   -9.343779e-03 6.404508e-02 -1.160645e-01
    endloop
  endfacet
  facet normal -2.777628e-01 4.532664e-01 -8.469931e-01
    outer loop
      vertex   -9.343779e-03 6.404508e-02 -1.160645e-01
      vertex   -1.356436e-02 6.543893e-02 -1.139345e-01
      vertex   -9.165659e-03 6.543893e-02 -1.153770e-01
    endloop
  endfacet
  facet normal -1.684607e-01 4.532664e-01 -8.753117e-01
    outer loop
      vertex   -9.343779e-03 6.404508e-02 -1.160645e-01
      vertex   -9.165659e-03 6.543893e-02 -1.153770e-01
      vertex   -4.709674e-03 6.404508e-02 -1.169564e-01
    endloop
  endfacet
  facet normal -1.684607e-01 4.532664e-01 -8.753117e-01
    outer loop
      vertex   -4.709674e-03 6.404508e-02 -1.169564e-01
      vertex   -9.165659e-03 6.543893e-02 -1.153770e-01
      vertex   -4.619893e-03 6.543893e-02 -1.162519e-01
    endloop
  endfacet
  facet normal -5.645550e-02 4.532664e-01 -8.895855e-01
    outer loop
      vertex   -4.709674e-03 6.404508e-02 -1.169564e-01
      vertex   -4.619893e-03 6.543893e-02 -1.162519e-01
      vertex   -1.198221e-17 6.404508e-02 -1.172553e-01
    endloop
  endfacet
  facet normal -5.645550e-02 4.532664e-01 -8.895855e-01
    outer loop
      vertex   -1.198221e-17 6.404508e-02 -1.172553e-01
      vertex   -4.619893e-03 6.543893e-02 -1.162519e-01
      vertex   -1.175380e-17 6.543893e-02 -1.165451e-01
    endloop
  endfacet
  facet normal 5.645550e-02 4.532664e-01 -8.895855e-01
    outer loop
      vertex   -1.198221e-17 6.404508e-02 -1.172553e-01
      vertex   -1.175380e-17 6.543893e-02 -1.165451e-01
      vertex   4.709674e-03 6.404508e-02 -1.169564e-01
    endloop
  endfacet
  facet normal 5.645550e-02 4.532664e-01 -8.895855e-01
    outer loop
      vertex   4.709674e-03 6.404508e-02 -1.169564e-01
      vertex   -1.175380e-17 6.543893e-02 -1.165451e-01
      vertex   4.619893e-03 6.543893e-02 -1.162519e-01
    endloop
  endfacet
  facet normal 1.684607e-01 4.532664e-01 -8.753117e-01
    outer loop
      vertex   4.709674e-03 6.404508e-02 -1.169564e-01
      vertex   4.619893e-03 6.543893e-02 -1.162519e-01
      vertex   9.343779e-03 6.404508e-02 -1.160645e-01
    endloop
  endfacet
  facet normal 1.684607e-01 4.532664e-01 -8.753117e-01
    outer loop
      vertex   9.343779e-03 6.404508e-02 -1.160645e-01
      vertex   4.619893e-03 6.543893e-02 -1.162519e-01
      vertex   9.165659e-03 6.543893e-02 -1.153770e-01
    endloop
  endfacet
  facet normal 2.777628e-01 4.532664e-01 -8.469931e-01
    outer loop
      vertex   9.343779e-03 6.404508e-02 -1.160645e-01
      vertex   9.165659e-03 6.543893e-02 -1.153770e-01
      vertex   1.382796e-02 6.404508e-02 -1.145940e-01
    endloop
  endfacet
  facet normal 2.777628e-01 4.532664e-01 -8.469931e-01
    outer loop
      vertex   1.382796e-02 6.404508e-02 -1.145940e-01
      vertex   9.165659e-03 6.543893e-02 -1.153770e-01
      vertex   1.356436e-02 6.543893e-02 -1.139345e-01
    endloop
  endfacet
  facet normal 3.826081e-01 4.532664e-01 -8.050842e-01
    outer loop
      vertex   1.382796e-02 6.404508e-02 -1.145940e-01
      vertex   1.356436e-02 6.543893e-02 -1.139345e-01
      vertex   1.809026e-02 6.404508e-02 -1.125684e-01
    endloop
  endfacet
  facet normal 3.826081e-01 4.532664e-01 -8.050842e-01
    outer loop
      vertex   1.809026e-02 6.404508e-02 -1.125684e-01
      vertex   1.356436e-02 6.543893e-02 -1.139345e-01
      vertex   1.774541e-02 6.543893e-02 -1.119475e-01
    endloop
  endfacet
  facet normal 4.813143e-01 4.532664e-01 -7.502574e-01
    outer loop
      vertex   1.809026e-02 6.404508e-02 -1.125684e-01
      vertex   1.774541e-02 6.543893e-02 -1.119475e-01
      vertex   2.206230e-02 6.404508e-02 -1.100202e-01
    endloop
  endfacet
  facet normal 4.813143e-01 4.532664e-01 -7.502574e-01
    outer loop
      vertex   2.206230e-02 6.404508e-02 -1.100202e-01
      vertex   1.774541e-02 6.543893e-02 -1.119475e-01
      vertex   2.164173e-02 6.543893e-02 -1.094479e-01
    endloop
  endfacet
  facet normal 5.722976e-01 4.532664e-01 -6.833923e-01
    outer loop
      vertex   2.206230e-02 6.404508e-02 -1.100202e-01
      vertex   2.164173e-02 6.543893e-02 -1.094479e-01
      vertex   2.568034e-02 6.404508e-02 -1.069903e-01
    endloop
  endfacet
  facet normal 5.722976e-01 4.532664e-01 -6.833923e-01
    outer loop
      vertex   2.568034e-02 6.404508e-02 -1.069903e-01
      vertex   2.164173e-02 6.543893e-02 -1.094479e-01
      vertex   2.519080e-02 6.543893e-02 -1.064758e-01
    endloop
  endfacet
  facet normal 6.540981e-01 4.532664e-01 -6.055619e-01
    outer loop
      vertex   2.568034e-02 6.404508e-02 -1.069903e-01
      vertex   2.519080e-02 6.543893e-02 -1.064758e-01
      vertex   2.888633e-02 6.404508e-02 -1.035273e-01
    endloop
  endfacet
  facet normal 6.540981e-01 4.532664e-01 -6.055619e-01
    outer loop
      vertex   2.888633e-02 6.404508e-02 -1.035273e-01
      vertex   2.519080e-02 6.543893e-02 -1.064758e-01
      vertex   2.833567e-02 6.543893e-02 -1.030788e-01
    endloop
  endfacet
  facet normal 7.254033e-01 4.532664e-01 -5.180150e-01
    outer loop
      vertex   2.888633e-02 6.404508e-02 -1.035273e-01
      vertex   2.833567e-02 6.543893e-02 -1.030788e-01
      vertex   3.162882e-02 6.404508e-02 -9.968689e-02
    endloop
  endfacet
  facet normal 7.254033e-01 4.532664e-01 -5.180150e-01
    outer loop
      vertex   3.162882e-02 6.404508e-02 -9.968689e-02
      vertex   2.833567e-02 6.543893e-02 -1.030788e-01
      vertex   3.102588e-02 6.543893e-02 -9.931160e-02
    endloop
  endfacet
  facet normal 7.850691e-01 4.532664e-01 -4.221563e-01
    outer loop
      vertex   3.162882e-02 6.404508e-02 -9.968689e-02
      vertex   3.102588e-02 6.543893e-02 -9.931160e-02
      vertex   3.386382e-02 6.404508e-02 -9.553055e-02
    endloop
  endfacet
  facet normal 7.850691e-01 4.532664e-01 -4.221563e-01
    outer loop
      vertex   3.386382e-02 6.404508e-02 -9.553055e-02
      vertex   3.102588e-02 6.543893e-02 -9.931160e-02
      vertex   3.321827e-02 6.543893e-02 -9.523449e-02
    endloop
  endfacet
  facet normal 8.321382e-01 4.532664e-01 -3.195240e-01
    outer loop
      vertex   3.386382e-02 6.404508e-02 -9.553055e-02
      vertex   3.321827e-02 6.543893e-02 -9.523449e-02
      vertex   3.555545e-02 6.404508e-02 -9.112502e-02
    endloop
  endfacet
  facet normal 8.321382e-01 4.532664e-01 -3.195240e-01
    outer loop
      vertex   3.555545e-02 6.404508e-02 -9.112502e-02
      vertex   3.321827e-02 6.543893e-02 -9.523449e-02
      vertex   3.487766e-02 6.543893e-02 -9.091294e-02
    endloop
  endfacet
  facet normal 8.658552e-01 4.532664e-01 -2.117647e-01
    outer loop
      vertex   3.555545e-02 6.404508e-02 -9.112502e-02
      vertex   3.487766e-02 6.543893e-02 -9.091294e-02
      vertex   3.667658e-02 6.404508e-02 -8.654098e-02
    endloop
  endfacet
  facet normal 8.658552e-01 4.532664e-01 -2.117647e-01
    outer loop
      vertex   3.667658e-02 6.404508e-02 -8.654098e-02
      vertex   3.487766e-02 6.543893e-02 -9.091294e-02
      vertex   3.597742e-02 6.543893e-02 -8.641629e-02
    endloop
  endfacet
  facet normal 8.856792e-01 4.532664e-01 -1.006076e-01
    outer loop
      vertex   3.667658e-02 6.404508e-02 -8.654098e-02
      vertex   3.597742e-02 6.543893e-02 -8.641629e-02
      vertex   3.720922e-02 6.404508e-02 -8.185199e-02
    endloop
  endfacet
  facet normal 8.856792e-01 4.532664e-01 -1.006076e-01
    outer loop
      vertex   3.720922e-02 6.404508e-02 -8.185199e-02
      vertex   3.597742e-02 6.543893e-02 -8.641629e-02
      vertex   3.649990e-02 6.543893e-02 -8.181668e-02
    endloop
  endfacet
  facet normal 8.912921e-01 4.532664e-01 1.216381e-02
    outer loop
      vertex   3.720922e-02 6.404508e-02 -8.185199e-02
      vertex   3.649990e-02 6.543893e-02 -8.181668e-02
      vertex   3.714482e-02 6.404508e-02 -7.713328e-02
    endloop
  endfacet
  facet normal 8.912921e-01 4.532664e-01 1.216381e-02
    outer loop
      vertex   3.714482e-02 6.404508e-02 -7.713328e-02
      vertex   3.649990e-02 6.543893e-02 -8.181668e-02
      vertex   3.643673e-02 6.543893e-02 -7.718792e-02
    endloop
  endfacet
  facet normal 8.826038e-01 4.532664e-01 1.247400e-01
    outer loop
      vertex   3.714482e-02 6.404508e-02 -7.713328e-02
      vertex   3.643673e-02 6.543893e-02 -7.718792e-02
      vertex   3.648442e-02 6.404508e-02 -7.246056e-02
    endloop
  endfacet
  facet normal 8.826038e-01 4.532664e-01 1.247400e-01
    outer loop
      vertex   3.648442e-02 6.404508e-02 -7.246056e-02
      vertex   3.643673e-02 6.543893e-02 -7.718792e-02
      vertex   3.578892e-02 6.543893e-02 -7.260429e-02
    endloop
  endfacet
  facet normal 8.597537e-01 4.532664e-01 2.353148e-01
    outer loop
      vertex   3.648442e-02 6.404508e-02 -7.246056e-02
      vertex   3.578892e-02 6.543893e-02 -7.260429e-02
      vertex   3.523861e-02 6.404508e-02 -6.790883e-02
    endloop
  endfacet
  facet normal 8.597537e-01 4.532664e-01 2.353148e-01
    outer loop
      vertex   3.523861e-02 6.404508e-02 -6.790883e-02
      vertex   3.578892e-02 6.543893e-02 -7.260429e-02
      vertex   3.456686e-02 6.543893e-02 -6.813932e-02
    endloop
  endfacet
  facet normal 8.231086e-01 4.532664e-01 3.421138e-01
    outer loop
      vertex   3.523861e-02 6.404508e-02 -6.790883e-02
      vertex   3.456686e-02 6.543893e-02 -6.813932e-02
      vertex   3.342738e-02 6.404508e-02 -6.355110e-02
    endloop
  endfacet
  facet normal 8.231086e-01 4.532664e-01 3.421138e-01
    outer loop
      vertex   3.342738e-02 6.404508e-02 -6.355110e-02
      vertex   3.456686e-02 6.543893e-02 -6.813932e-02
      vertex   3.279015e-02 6.543893e-02 -6.386466e-02
    endloop
  endfacet
  facet normal 7.732562e-01 4.532664e-01 4.434234e-01
    outer loop
      vertex   3.342738e-02 6.404508e-02 -6.355110e-02
      vertex   3.279015e-02 6.543893e-02 -6.386466e-02
      vertex   3.107979e-02 6.404508e-02 -5.945730e-02
    endloop
  endfacet
  facet normal 7.732562e-01 4.532664e-01 4.434234e-01
    outer loop
      vertex   3.107979e-02 6.404508e-02 -5.945730e-02
      vertex   3.279015e-02 6.543893e-02 -6.386466e-02
      vertex   3.048732e-02 6.543893e-02 -5.984890e-02
    endloop
  endfacet
  facet normal 7.109967e-01 4.532664e-01 5.376181e-01
    outer loop
      vertex   3.107979e-02 6.404508e-02 -5.945730e-02
      vertex   3.048732e-02 6.543893e-02 -5.984890e-02
      vertex   2.823352e-02 6.404508e-02 -5.569311e-02
    endloop
  endfacet
  facet normal 7.109967e-01 4.532664e-01 5.376181e-01
    outer loop
      vertex   2.823352e-02 6.404508e-02 -5.569311e-02
      vertex   3.048732e-02 6.543893e-02 -5.984890e-02
      vertex   2.769530e-02 6.543893e-02 -5.615648e-02
    endloop
  endfacet
  facet normal 6.373289e-01 4.532664e-01 6.231865e-01
    outer loop
      vertex   2.823352e-02 6.404508e-02 -5.569311e-02
      vertex   2.769530e-02 6.543893e-02 -5.615648e-02
      vertex   2.493422e-02 6.404508e-02 -5.231895e-02
    endloop
  endfacet
  facet normal 6.373289e-01 4.532664e-01 6.231865e-01
    outer loop
      vertex   2.493422e-02 6.404508e-02 -5.231895e-02
      vertex   2.769530e-02 6.543893e-02 -5.615648e-02
      vertex   2.445890e-02 6.543893e-02 -5.284663e-02
    endloop
  endfacet
  facet normal 5.534349e-01 4.532664e-01 6.987556e-01
    outer loop
      vertex   2.493422e-02 6.404508e-02 -5.231895e-02
      vertex   2.445890e-02 6.543893e-02 -5.284663e-02
      vertex   2.123484e-02 6.404508e-02 -4.938893e-02
    endloop
  endfacet
  facet normal 5.534349e-01 4.532664e-01 6.987556e-01
    outer loop
      vertex   2.123484e-02 6.404508e-02 -4.938893e-02
      vertex   2.445890e-02 6.543893e-02 -5.284663e-02
      vertex   2.083004e-02 6.543893e-02 -4.997247e-02
    endloop
  endfacet
  facet normal 5.134231e-01 4.539800e-01 7.282162e-01
    outer loop
      vertex   2.123484e-02 6.404508e-02 -4.938893e-02
      vertex   2.083004e-02 6.543893e-02 -4.997247e-02
      vertex   1.956938e-02 6.453001e-02 -4.851701e-02
    endloop
  endfacet
  facet normal 4.734962e-01 5.020891e-01 7.236766e-01
    outer loop
      vertex   1.956938e-02 6.453001e-02 -4.851701e-02
      vertex   2.083004e-02 6.543893e-02 -4.997247e-02
      vertex   1.906569e-02 6.541035e-02 -4.879825e-02
    endloop
  endfacet
  facet normal 4.057097e-01 6.661495e-01 6.258151e-01
    outer loop
      vertex   1.906569e-02 6.541035e-02 -4.879825e-02
      vertex   2.083004e-02 6.543893e-02 -4.997247e-02
      vertex   1.841215e-02 6.615480e-02 -4.916699e-02
    endloop
  endfacet
  facet normal 4.029312e-01 7.071068e-01 5.810735e-01
    outer loop
      vertex   1.841215e-02 6.615480e-02 -4.916699e-02
      vertex   2.083004e-02 6.543893e-02 -4.997247e-02
      vertex   2.019955e-02 6.654508e-02 -5.088135e-02
    endloop
  endfacet
  facet normal 3.182796e-01 7.970181e-01 5.132839e-01
    outer loop
      vertex   1.841215e-02 6.615480e-02 -4.916699e-02
      vertex   2.019955e-02 6.654508e-02 -5.088135e-02
      vertex   1.764811e-02 6.674117e-02 -4.960373e-02
    endloop
  endfacet
  facet normal 2.561691e-01 8.910021e-01 3.748236e-01
    outer loop
      vertex   1.764811e-02 6.674117e-02 -4.960373e-02
      vertex   2.019955e-02 6.654508e-02 -5.088135e-02
      vertex   1.940509e-02 6.725528e-02 -5.202661e-02
    endloop
  endfacet
  facet normal 2.388861e-01 9.001493e-01 3.642316e-01
    outer loop
      vertex   1.764811e-02 6.674117e-02 -4.960373e-02
      vertex   1.940509e-02 6.725528e-02 -5.202661e-02
      vertex   1.680582e-02 6.716252e-02 -5.009259e-02
    endloop
  endfacet
  facet normal 1.375112e-01 9.631847e-01 2.310105e-01
    outer loop
      vertex   1.680582e-02 6.716252e-02 -5.009259e-02
      vertex   1.940509e-02 6.725528e-02 -5.202661e-02
      vertex   1.591758e-02 6.741509e-02 -5.061693e-02
    endloop
  endfacet
  facet normal 9.594549e-02 9.874525e-01 1.254272e-01
    outer loop
      vertex   1.591758e-02 6.741509e-02 -5.061693e-02
      vertex   1.940509e-02 6.725528e-02 -5.202661e-02
      vertex   1.878391e-02 6.750000e-02 -5.347803e-02
    endloop
  endfacet
  facet normal 4.705880e-02 9.959428e-01 7.670315e-02
    outer loop
      vertex   1.591758e-02 6.741509e-02 -5.061693e-02
      vertex   1.878391e-02 6.750000e-02 -5.347803e-02
      vertex   1.500999e-02 6.749999e-02 -5.116253e-02
    endloop
  endfacet
  facet normal 5.007836e-04 9.999995e-01 8.205108e-04
    outer loop
      vertex   1.500999e-02 6.749999e-02 -5.116253e-02
      vertex   1.878391e-02 6.750000e-02 -5.347803e-02
      vertex   1.500000e-02 6.750000e-02 -5.116859e-02
    endloop
  endfacet
  facet normal -4.734962e-01 5.020891e-01 7.236766e-01
    outer loop
      vertex   -1.956938e-02 6.453001e-02 -4.851701e-02
      vertex   -1.906569e-02 6.541035e-02 -4.879825e-02
      vertex   -2.083004e-02 6.543893e-02 -4.997247e-02
    endloop
  endfacet
  facet normal -4.057097e-01 6.661495e-01 6.258151e-01
    outer loop
      vertex   -2.083004e-02 6.543893e-02 -4.997247e-02
      vertex   -1.906569e-02 6.541035e-02 -4.879825e-02
      vertex   -1.841215e-02 6.615480e-02 -4.916699e-02
    endloop
  endfacet
  facet normal -4.029312e-01 7.071068e-01 5.810735e-01
    outer loop
      vertex   -2.083004e-02 6.543893e-02 -4.997247e-02
      vertex   -1.841215e-02 6.615480e-02 -4.916699e-02
      vertex   -2.019955e-02 6.654508e-02 -5.088135e-02
    endloop
  endfacet
  facet normal -3.182796e-01 7.970181e-01 5.132839e-01
    outer loop
      vertex   -2.019955e-02 6.654508e-02 -5.088135e-02
      vertex   -1.841215e-02 6.615480e-02 -4.916699e-02
      vertex   -1.764811e-02 6.674117e-02 -4.960373e-02
    endloop
  endfacet
  facet normal -2.561691e-01 8.910021e-01 3.748236e-01
    outer loop
      vertex   -2.019955e-02 6.654508e-02 -5.088135e-02
      vertex   -1.764811e-02 6.674117e-02 -4.960373e-02
      vertex   -1.940509e-02 6.725528e-02 -5.202661e-02
    endloop
  endfacet
  facet normal -2.388861e-01 9.001493e-01 3.642316e-01
    outer loop
      vertex   -1.940509e-02 6.725528e-02 -5.202661e-02
      vertex   -1.764811e-02 6.674117e-02 -4.960373e-02
      vertex   -1.680582e-02 6.716252e-02 -5.009259e-02
    endloop
  endfacet
  facet normal -1.375112e-01 9.631847e-01 2.310105e-01
    outer loop
      vertex   -1.940509e-02 6.725528e-02 -5.202661e-02
      vertex   -1.680582e-02 6.716252e-02 -5.009259e-02
      vertex   -1.591758e-02 6.741509e-02 -5.061693e-02
    endloop
  endfacet
  facet normal -9.594549e-02 9.874525e-01 1.254272e-01
    outer loop
      vertex   -1.940509e-02 6.725528e-02 -5.202661e-02
      vertex   -1.591758e-02 6.741509e-02 -5.061693e-02
      vertex   -1.878391e-02 6.750000e-02 -5.347803e-02
    endloop
  endfacet
  facet normal -4.705880e-02 9.959428e-01 7.670315e-02
    outer loop
      vertex   -1.878391e-02 6.750000e-02 -5.347803e-02
      vertex   -1.591758e-02 6.741509e-02 -5.061693e-02
      vertex   -1.500999e-02 6.749999e-02 -5.116253e-02
    endloop
  endfacet
  facet normal -5.007836e-04 9.999995e-01 8.205108e-04
    outer loop
      vertex   -1.878391e-02 6.750000e-02 -5.347803e-02
      vertex   -1.500999e-02 6.749999e-02 -5.116253e-02
      vertex   -1.500000e-02 6.750000e-02 -5.116859e-02
    endloop
  endfacet
  facet normal -9.847123e-02 9.873429e-01 1.243278e-01
    outer loop
      vertex   -1.940509e-02 6.725528e-02 -5.202661e-02
      vertex   -1.878391e-02 6.750000e-02 -5.347803e-02
      vertex   -2.278570e-02 6.725528e-02 -5.470416e-02
    endloop
  endfacet
  facet normal -9.675756e-02 9.882215e-01 1.185594e-01
    outer loop
      vertex   -2.278570e-02 6.725528e-02 -5.470416e-02
      vertex   -1.878391e-02 6.750000e-02 -5.347803e-02
      vertex   -2.221834e-02 6.750000e-02 -5.628091e-02
    endloop
  endfacet
  facet normal -1.145299e-01 9.870874e-01 1.119885e-01
    outer loop
      vertex   -2.278570e-02 6.725528e-02 -5.470416e-02
      vertex   -2.221834e-02 6.750000e-02 -5.628091e-02
      vertex   -2.580070e-02 6.725528e-02 -5.778758e-02
    endloop
  endfacet
  facet normal -1.109925e-01 9.884318e-01 1.033594e-01
    outer loop
      vertex   -2.580070e-02 6.725528e-02 -5.778758e-02
      vertex   -2.221834e-02 6.750000e-02 -5.628091e-02
      vertex   -2.523940e-02 6.750000e-02 -5.952508e-02
    endloop
  endfacet
  facet normal -1.287963e-01 9.868773e-01 9.738897e-02
    outer loop
      vertex   -2.580070e-02 6.725528e-02 -5.778758e-02
      vertex   -2.523940e-02 6.750000e-02 -5.952508e-02
      vertex   -2.840172e-02 6.725528e-02 -6.122741e-02
    endloop
  endfacet
  facet normal -1.231707e-01 9.885916e-01 8.669225e-02
    outer loop
      vertex   -2.840172e-02 6.725528e-02 -6.122741e-02
      vertex   -2.523940e-02 6.750000e-02 -5.952508e-02
      vertex   -2.779089e-02 6.750000e-02 -6.315018e-02
    endloop
  endfacet
  facet normal -1.409250e-01 9.867164e-01 8.081337e-02
    outer loop
      vertex   -2.840172e-02 6.725528e-02 -6.122741e-02
      vertex   -2.779089e-02 6.750000e-02 -6.315018e-02
      vertex   -3.054702e-02 6.725528e-02 -6.496846e-02
    endloop
  endfacet
  facet normal -1.331666e-01 9.887038e-01 6.878579e-02
    outer loop
      vertex   -3.054702e-02 6.725528e-02 -6.496846e-02
      vertex   -2.779089e-02 6.750000e-02 -6.315018e-02
      vertex   -2.982533e-02 6.750000e-02 -6.708877e-02
    endloop
  endfacet
  facet normal -1.506201e-01 9.866075e-01 6.260318e-02
    outer loop
      vertex   -3.054702e-02 6.725528e-02 -6.496846e-02
      vertex   -2.982533e-02 6.750000e-02 -6.708877e-02
      vertex   -3.220218e-02 6.725528e-02 -6.895069e-02
    endloop
  endfacet
  facet normal -1.408742e-01 9.887703e-01 4.987766e-02
    outer loop
      vertex   -3.220218e-02 6.725528e-02 -6.895069e-02
      vertex   -2.982533e-02 6.750000e-02 -6.708877e-02
      vertex   -3.130487e-02 6.750000e-02 -7.126758e-02
    endloop
  endfacet
  facet normal -1.576461e-01 9.865526e-01 4.314777e-02
    outer loop
      vertex   -3.220218e-02 6.725528e-02 -6.895069e-02
      vertex   -3.130487e-02 6.750000e-02 -7.126758e-02
      vertex   -3.334065e-02 6.725528e-02 -7.311022e-02
    endloop
  endfacet
  facet normal -1.462083e-01 9.887923e-01 3.021366e-02
    outer loop
      vertex   -3.334065e-02 6.725528e-02 -7.311022e-02
      vertex   -3.130487e-02 6.750000e-02 -7.126758e-02
      vertex   -3.220198e-02 6.750000e-02 -7.560885e-02
    endloop
  endfacet
  facet normal -1.618359e-01 9.865526e-01 2.287257e-02
    outer loop
      vertex   -3.334065e-02 6.725528e-02 -7.311022e-02
      vertex   -3.220198e-02 6.750000e-02 -7.560885e-02
      vertex   -3.394414e-02 6.725528e-02 -7.738029e-02
    endloop
  endfacet
  facet normal -1.491053e-01 9.887703e-01 1.004605e-02
    outer loop
      vertex   -3.394414e-02 6.725528e-02 -7.738029e-02
      vertex   -3.220198e-02 6.750000e-02 -7.560885e-02
      vertex   -3.249998e-02 6.750000e-02 -8.003182e-02
    endloop
  endfacet
  facet normal -1.630970e-01 9.866075e-01 2.225847e-03
    outer loop
      vertex   -3.394414e-02 6.725528e-02 -7.738029e-02
      vertex   -3.249998e-02 6.750000e-02 -8.003182e-02
      vertex   -3.400299e-02 6.725528e-02 -8.169240e-02
    endloop
  endfacet
  facet normal -1.495237e-01 9.887038e-01 -1.036839e-02
    outer loop
      vertex   -3.400299e-02 6.725528e-02 -8.169240e-02
      vertex   -3.249998e-02 6.750000e-02 -8.003182e-02
      vertex   -3.219332e-02 6.750000e-02 -8.445420e-02
    endloop
  endfacet
  facet normal -1.614139e-01 9.867164e-01 -1.833561e-02
    outer loop
      vertex   -3.400299e-02 6.725528e-02 -8.169240e-02
      vertex   -3.219332e-02 6.750000e-02 -8.445420e-02
      vertex   -3.351625e-02 6.725528e-02 -8.597736e-02
    endloop
  endfacet
  facet normal -1.474441e-01 9.885916e-01 -3.077022e-02
    outer loop
      vertex   -3.351625e-02 6.725528e-02 -8.597736e-02
      vertex   -3.219332e-02 6.750000e-02 -8.445420e-02
      vertex   -3.128771e-02 6.750000e-02 -8.879370e-02
    endloop
  endfacet
  facet normal -1.568488e-01 9.868773e-01 -3.836096e-02
    outer loop
      vertex   -3.351625e-02 6.725528e-02 -8.597736e-02
      vertex   -3.128771e-02 6.750000e-02 -8.879370e-02
      vertex   -3.249172e-02 6.725528e-02 -9.016640e-02
    endloop
  endfacet
  facet normal -1.428698e-01 9.884318e-01 -5.089926e-02
    outer loop
      vertex   -3.249172e-02 6.725528e-02 -9.016640e-02
      vertex   -3.128771e-02 6.750000e-02 -8.879370e-02
      vertex   -2.979999e-02 6.750000e-02 -9.296960e-02
    endloop
  endfacet
  facet normal -1.495377e-01 9.870874e-01 -5.741940e-02
    outer loop
      vertex   -3.249172e-02 6.725528e-02 -9.016640e-02
      vertex   -2.979999e-02 6.750000e-02 -9.296960e-02
      vertex   -3.094585e-02 6.725528e-02 -9.419232e-02
    endloop
  endfacet
  facet normal -1.358256e-01 9.882215e-01 -7.049655e-02
    outer loop
      vertex   -3.094585e-02 6.725528e-02 -9.419232e-02
      vertex   -2.979999e-02 6.750000e-02 -9.296960e-02
      vertex   -2.775784e-02 6.750000e-02 -9.690421e-02
    endloop
  endfacet
  facet normal -1.396853e-01 9.873429e-01 -7.511318e-02
    outer loop
      vertex   -3.094585e-02 6.725528e-02 -9.419232e-02
      vertex   -2.775784e-02 6.750000e-02 -9.690421e-02
      vertex   -2.890344e-02 6.725528e-02 -9.799052e-02
    endloop
  endfacet
  facet normal -1.263580e-01 9.879565e-01 -8.930607e-02
    outer loop
      vertex   -2.890344e-02 6.725528e-02 -9.799052e-02
      vertex   -2.775784e-02 6.750000e-02 -9.690421e-02
      vertex   -2.519926e-02 6.750000e-02 -1.005243e-01
    endloop
  endfacet
  facet normal -1.275566e-01 9.876397e-01 -9.108895e-02
    outer loop
      vertex   -2.890344e-02 6.725528e-02 -9.799052e-02
      vertex   -2.519926e-02 6.750000e-02 -1.005243e-01
      vertex   -2.639726e-02 6.725528e-02 -1.015001e-01
    endloop
  endfacet
  facet normal -1.150181e-01 9.876397e-01 -1.064834e-01
    outer loop
      vertex   -2.639726e-02 6.725528e-02 -1.015001e-01
      vertex   -2.519926e-02 6.750000e-02 -1.005243e-01
      vertex   -2.346753e-02 6.725528e-02 -1.046646e-01
    endloop
  endfacet
  facet normal -3.336736e-01 8.906369e-01 -3.089139e-01
    outer loop
      vertex   -2.639726e-02 6.725528e-02 -1.015001e-01
      vertex   -2.346753e-02 6.725528e-02 -1.046646e-01
      vertex   -2.442831e-02 6.654508e-02 -1.056744e-01
    endloop
  endfacet
  facet normal -2.919448e-01 8.906369e-01 -3.486173e-01
    outer loop
      vertex   -2.442831e-02 6.654508e-02 -1.056744e-01
      vertex   -2.346753e-02 6.725528e-02 -1.046646e-01
      vertex   -2.098667e-02 6.654508e-02 -1.085566e-01
    endloop
  endfacet
  facet normal -4.544461e-01 7.063959e-01 -5.426634e-01
    outer loop
      vertex   -2.442831e-02 6.654508e-02 -1.056744e-01
      vertex   -2.098667e-02 6.654508e-02 -1.085566e-01
      vertex   -2.164173e-02 6.543893e-02 -1.094479e-01
    endloop
  endfacet
  facet normal -3.821987e-01 7.063959e-01 -5.957592e-01
    outer loop
      vertex   -2.164173e-02 6.543893e-02 -1.094479e-01
      vertex   -2.098667e-02 6.654508e-02 -1.085566e-01
      vertex   -1.774541e-02 6.543893e-02 -1.119475e-01
    endloop
  endfacet
  facet normal -1.130296e-01 9.879565e-01 -1.056704e-01
    outer loop
      vertex   -2.519926e-02 6.750000e-02 -1.005243e-01
      vertex   -2.217185e-02 6.750000e-02 -1.037626e-01
      vertex   -2.346753e-02 6.725528e-02 -1.046646e-01
    endloop
  endfacet
  facet normal -1.018274e-01 9.873429e-01 -1.215942e-01
    outer loop
      vertex   -2.346753e-02 6.725528e-02 -1.046646e-01
      vertex   -2.217185e-02 6.750000e-02 -1.037626e-01
      vertex   -2.016125e-02 6.725528e-02 -1.074334e-01
    endloop
  endfacet
  facet normal -2.919448e-01 8.906369e-01 -3.486173e-01
    outer loop
      vertex   -2.346753e-02 6.725528e-02 -1.046646e-01
      vertex   -2.016125e-02 6.725528e-02 -1.074334e-01
      vertex   -2.098667e-02 6.654508e-02 -1.085566e-01
    endloop
  endfacet
  facet normal -2.455317e-01 8.906369e-01 -3.827271e-01
    outer loop
      vertex   -2.098667e-02 6.654508e-02 -1.085566e-01
      vertex   -2.016125e-02 6.725528e-02 -1.074334e-01
      vertex   -1.720829e-02 6.654508e-02 -1.109805e-01
    endloop
  endfacet
  facet normal -3.821987e-01 7.063959e-01 -5.957592e-01
    outer loop
      vertex   -2.098667e-02 6.654508e-02 -1.085566e-01
      vertex   -1.720829e-02 6.654508e-02 -1.109805e-01
      vertex   -1.774541e-02 6.543893e-02 -1.119475e-01
    endloop
  endfacet
  facet normal -3.038188e-01 7.063959e-01 -6.392957e-01
    outer loop
      vertex   -1.774541e-02 6.543893e-02 -1.119475e-01
      vertex   -1.720829e-02 6.654508e-02 -1.109805e-01
      vertex   -1.356436e-02 6.543893e-02 -1.139345e-01
    endloop
  endfacet
  facet normal -9.652522e-02 9.882215e-01 -1.187487e-01
    outer loop
      vertex   -2.217185e-02 6.750000e-02 -1.037626e-01
      vertex   -1.873194e-02 6.750000e-02 -1.065587e-01
      vertex   -2.016125e-02 6.725528e-02 -1.074334e-01
    endloop
  endfacet
  facet normal -8.649359e-02 9.870874e-01 -1.348235e-01
    outer loop
      vertex   -2.016125e-02 6.725528e-02 -1.074334e-01
      vertex   -1.873194e-02 6.750000e-02 -1.065587e-01
      vertex   -1.653147e-02 6.725528e-02 -1.097620e-01
    endloop
  endfacet
  facet normal -2.455317e-01 8.906369e-01 -3.827271e-01
    outer loop
      vertex   -2.016125e-02 6.725528e-02 -1.074334e-01
      vertex   -1.653147e-02 6.725528e-02 -1.097620e-01
      vertex   -1.720829e-02 6.654508e-02 -1.109805e-01
    endloop
  endfacet
  facet normal -1.951790e-01 8.906369e-01 -4.106958e-01
    outer loop
      vertex   -1.720829e-02 6.654508e-02 -1.109805e-01
      vertex   -1.653147e-02 6.725528e-02 -1.097620e-01
      vertex   -1.315379e-02 6.654508e-02 -1.129074e-01
    endloop
  endfacet
  facet normal -3.038188e-01 7.063959e-01 -6.392957e-01
    outer loop
      vertex   -1.720829e-02 6.654508e-02 -1.109805e-01
      vertex   -1.315379e-02 6.654508e-02 -1.129074e-01
      vertex   -1.356436e-02 6.543893e-02 -1.139345e-01
    endloop
  endfacet
  facet normal -2.205640e-01 7.063959e-01 -6.725745e-01
    outer loop
      vertex   -1.356436e-02 6.543893e-02 -1.139345e-01
      vertex   -1.315379e-02 6.654508e-02 -1.129074e-01
      vertex   -9.165659e-03 6.543893e-02 -1.153770e-01
    endloop
  endfacet
  facet normal -7.875897e-02 9.884318e-01 -1.296130e-01
    outer loop
      vertex   -1.873194e-02 6.750000e-02 -1.065587e-01
      vertex   -1.494351e-02 6.750000e-02 -1.088607e-01
      vertex   -1.653147e-02 6.725528e-02 -1.097620e-01
    endloop
  endfacet
  facet normal -6.930906e-02 9.868773e-01 -1.458402e-01
    outer loop
      vertex   -1.653147e-02 6.725528e-02 -1.097620e-01
      vertex   -1.494351e-02 6.750000e-02 -1.088607e-01
      vertex   -1.263644e-02 6.725528e-02 -1.116131e-01
    endloop
  endfacet
  facet normal -1.951790e-01 8.906369e-01 -4.106958e-01
    outer loop
      vertex   -1.653147e-02 6.725528e-02 -1.097620e-01
      vertex   -1.263644e-02 6.725528e-02 -1.116131e-01
      vertex   -1.315379e-02 6.654508e-02 -1.129074e-01
    endloop
  endfacet
  facet normal -1.416945e-01 8.906369e-01 -4.320747e-01
    outer loop
      vertex   -1.315379e-02 6.654508e-02 -1.129074e-01
      vertex   -1.263644e-02 6.725528e-02 -1.116131e-01
      vertex   -8.888229e-03 6.654508e-02 -1.143062e-01
    endloop
  endfacet
  facet normal -2.205640e-01 7.063959e-01 -6.725745e-01
    outer loop
      vertex   -1.315379e-02 6.654508e-02 -1.129074e-01
      vertex   -8.888229e-03 6.654508e-02 -1.143062e-01
      vertex   -9.165659e-03 6.543893e-02 -1.153770e-01
    endloop
  endfacet
  facet normal -1.337701e-01 7.063959e-01 -6.950615e-01
    outer loop
      vertex   -9.165659e-03 6.543893e-02 -1.153770e-01
      vertex   -8.888229e-03 6.654508e-02 -1.143062e-01
      vertex   -4.619893e-03 6.543893e-02 -1.162519e-01
    endloop
  endfacet
  facet normal -5.997214e-02 9.885916e-01 -1.381663e-01
    outer loop
      vertex   -1.494351e-02 6.750000e-02 -1.088607e-01
      vertex   -1.087707e-02 6.750000e-02 -1.106258e-01
      vertex   -1.263644e-02 6.725528e-02 -1.116131e-01
    endloop
  endfacet
  facet normal -5.062192e-02 9.867164e-01 -1.543634e-01
    outer loop
      vertex   -1.263644e-02 6.725528e-02 -1.116131e-01
      vertex   -1.087707e-02 6.750000e-02 -1.106258e-01
      vertex   -8.538648e-03 6.725528e-02 -1.129569e-01
    endloop
  endfacet
  facet normal -1.416945e-01 8.906369e-01 -4.320747e-01
    outer loop
      vertex   -1.263644e-02 6.725528e-02 -1.116131e-01
      vertex   -8.538648e-03 6.725528e-02 -1.129569e-01
      vertex   -8.888229e-03 6.654508e-02 -1.143062e-01
    endloop
  endfacet
  facet normal -8.593645e-02 8.906369e-01 -4.465207e-01
    outer loop
      vertex   -8.888229e-03 6.654508e-02 -1.143062e-01
      vertex   -8.538648e-03 6.725528e-02 -1.129569e-01
      vertex   -4.480057e-03 6.654508e-02 -1.151546e-01
    endloop
  endfacet
  facet normal -1.337701e-01 7.063959e-01 -6.950615e-01
    outer loop
      vertex   -8.888229e-03 6.654508e-02 -1.143062e-01
      vertex   -4.480057e-03 6.654508e-02 -1.151546e-01
      vertex   -4.619893e-03 6.543893e-02 -1.162519e-01
    endloop
  endfacet
  facet normal -4.482980e-02 7.063959e-01 -7.063959e-01
    outer loop
      vertex   -4.619893e-03 6.543893e-02 -1.162519e-01
      vertex   -4.480057e-03 6.654508e-02 -1.151546e-01
      vertex   -1.175380e-17 6.543893e-02 -1.165451e-01
    endloop
  endfacet
  facet normal -4.041330e-02 9.887038e-01 -1.443315e-01
    outer loop
      vertex   -1.087707e-02 6.750000e-02 -1.106258e-01
      vertex   -6.608257e-03 6.750000e-02 -1.118211e-01
      vertex   -8.538648e-03 6.725528e-02 -1.129569e-01
    endloop
  endfacet
  facet normal -3.082651e-02 9.866075e-01 -1.601727e-01
    outer loop
      vertex   -8.538648e-03 6.725528e-02 -1.129569e-01
      vertex   -6.608257e-03 6.750000e-02 -1.118211e-01
      vertex   -4.303853e-03 6.725528e-02 -1.137720e-01
    endloop
  endfacet
  facet normal -8.593645e-02 8.906369e-01 -4.465207e-01
    outer loop
      vertex   -8.538648e-03 6.725528e-02 -1.129569e-01
      vertex   -4.303853e-03 6.725528e-02 -1.137720e-01
      vertex   -4.480057e-03 6.654508e-02 -1.151546e-01
    endloop
  endfacet
  facet normal -2.879952e-02 8.906369e-01 -4.538022e-01
    outer loop
      vertex   -4.480057e-03 6.654508e-02 -1.151546e-01
      vertex   -4.303853e-03 6.725528e-02 -1.137720e-01
      vertex   -1.139803e-17 6.654508e-02 -1.154389e-01
    endloop
  endfacet
  facet normal -4.482980e-02 7.063959e-01 -7.063959e-01
    outer loop
      vertex   -4.480057e-03 6.654508e-02 -1.151546e-01
      vertex   -1.139803e-17 6.654508e-02 -1.154389e-01
      vertex   -1.175380e-17 6.543893e-02 -1.165451e-01
    endloop
  endfacet
  facet normal 4.482980e-02 7.063959e-01 -7.063959e-01
    outer loop
      vertex   -1.175380e-17 6.543893e-02 -1.165451e-01
      vertex   -1.139803e-17 6.654508e-02 -1.154389e-01
      vertex   4.619893e-03 6.543893e-02 -1.162519e-01
    endloop
  endfacet
  facet normal -2.033660e-02 9.887703e-01 -1.480532e-01
    outer loop
      vertex   -6.608257e-03 6.750000e-02 -1.118211e-01
      vertex   -2.216498e-03 6.750000e-02 -1.124243e-01
      vertex   -4.303853e-03 6.725528e-02 -1.137720e-01
    endloop
  endfacet
  facet normal -1.035179e-02 9.865526e-01 -1.631161e-01
    outer loop
      vertex   -4.303853e-03 6.725528e-02 -1.137720e-01
      vertex   -2.216498e-03 6.750000e-02 -1.124243e-01
      vertex   -1.094973e-17 6.725528e-02 -1.140451e-01
    endloop
  endfacet
  facet normal -2.879952e-02 8.906369e-01 -4.538022e-01
    outer loop
      vertex   -4.303853e-03 6.725528e-02 -1.137720e-01
      vertex   -1.094973e-17 6.725528e-02 -1.140451e-01
      vertex   -1.139803e-17 6.654508e-02 -1.154389e-01
    endloop
  endfacet
  facet normal 2.879952e-02 8.906369e-01 -4.538022e-01
    outer loop
      vertex   -1.139803e-17 6.654508e-02 -1.154389e-01
      vertex   -1.094973e-17 6.725528e-02 -1.140451e-01
      vertex   4.480057e-03 6.654508e-02 -1.151546e-01
    endloop
  endfacet
  facet normal 4.482980e-02 7.063959e-01 -7.063959e-01
    outer loop
      vertex   -1.139803e-17 6.654508e-02 -1.154389e-01
      vertex   4.480057e-03 6.654508e-02 -1.151546e-01
      vertex   4.619893e-03 6.543893e-02 -1.162519e-01
    endloop
  endfacet
  facet normal 1.337701e-01 7.063959e-01 -6.950615e-01
    outer loop
      vertex   4.619893e-03 6.543893e-02 -1.162519e-01
      vertex   4.480057e-03 6.654508e-02 -1.151546e-01
      vertex   9.165659e-03 6.543893e-02 -1.153770e-01
    endloop
  endfacet
  facet normal 0.000000e+00 9.887923e-01 -1.492975e-01
    outer loop
      vertex   -2.216498e-03 6.750000e-02 -1.124243e-01
      vertex   2.216498e-03 6.750000e-02 -1.124243e-01
      vertex   -1.094973e-17 6.725528e-02 -1.140451e-01
    endloop
  endfacet
  facet normal 1.035179e-02 9.865526e-01 -1.631161e-01
    outer loop
      vertex   -1.094973e-17 6.725528e-02 -1.140451e-01
      vertex   2.216498e-03 6.750000e-02 -1.124243e-01
      vertex   4.303853e-03 6.725528e-02 -1.137720e-01
    endloop
  endfacet
  facet normal 2.879952e-02 8.906369e-01 -4.538022e-01
    outer loop
      vertex   -1.094973e-17 6.725528e-02 -1.140451e-01
      vertex   4.303853e-03 6.725528e-02 -1.137720e-01
      vertex   4.480057e-03 6.654508e-02 -1.151546e-01
    endloop
  endfacet
  facet normal 8.593645e-02 8.906369e-01 -4.465207e-01
    outer loop
      vertex   4.480057e-03 6.654508e-02 -1.151546e-01
      vertex   4.303853e-03 6.725528e-02 -1.137720e-01
      vertex   8.888229e-03 6.654508e-02 -1.143062e-01
    endloop
  endfacet
  facet normal 1.337701e-01 7.063959e-01 -6.950615e-01
    outer loop
      vertex   4.480057e-03 6.654508e-02 -1.151546e-01
      vertex   8.888229e-03 6.654508e-02 -1.143062e-01
      vertex   9.165659e-03 6.543893e-02 -1.153770e-01
    endloop
  endfacet
  facet normal 2.205640e-01 7.063959e-01 -6.725745e-01
    outer loop
      vertex   9.165659e-03 6.543893e-02 -1.153770e-01
      vertex   8.888229e-03 6.654508e-02 -1.143062e-01
      vertex   1.356436e-02 6.543893e-02 -1.139345e-01
    endloop
  endfacet
  facet normal 2.033660e-02 9.887703e-01 -1.480532e-01
    outer loop
      vertex   2.216498e-03 6.750000e-02 -1.124243e-01
      vertex   6.608257e-03 6.750000e-02 -1.118211e-01
      vertex   4.303853e-03 6.725528e-02 -1.137720e-01
    endloop
  endfacet
  facet normal 3.082651e-02 9.866075e-01 -1.601727e-01
    outer loop
      vertex   4.303853e-03 6.725528e-02 -1.137720e-01
      vertex   6.608257e-03 6.750000e-02 -1.118211e-01
      vertex   8.538648e-03 6.725528e-02 -1.129569e-01
    endloop
  endfacet
  facet normal 8.593645e-02 8.906369e-01 -4.465207e-01
    outer loop
      vertex   4.303853e-03 6.725528e-02 -1.137720e-01
      vertex   8.538648e-03 6.725528e-02 -1.129569e-01
      vertex   8.888229e-03 6.654508e-02 -1.143062e-01
    endloop
  endfacet
  facet normal 1.416945e-01 8.906369e-01 -4.320747e-01
    outer loop
      vertex   8.888229e-03 6.654508e-02 -1.143062e-01
      vertex   8.538648e-03 6.725528e-02 -1.129569e-01
      vertex   1.315379e-02 6.654508e-02 -1.129074e-01
    endloop
  endfacet
  facet normal 2.205640e-01 7.063959e-01 -6.725745e-01
    outer loop
      vertex   8.888229e-03 6.654508e-02 -1.143062e-01
      vertex   1.315379e-02 6.654508e-02 -1.129074e-01
      vertex   1.356436e-02 6.543893e-02 -1.139345e-01
    endloop
  endfacet
  facet normal 3.038188e-01 7.063959e-01 -6.392957e-01
    outer loop
      vertex   1.356436e-02 6.543893e-02 -1.139345e-01
      vertex   1.315379e-02 6.654508e-02 -1.129074e-01
      vertex   1.774541e-02 6.543893e-02 -1.119475e-01
    endloop
  endfacet
  facet normal 4.041330e-02 9.887038e-01 -1.443315e-01
    outer loop
      vertex   6.608257e-03 6.750000e-02 -1.118211e-01
      vertex   1.087707e-02 6.750000e-02 -1.106258e-01
      vertex   8.538648e-03 6.725528e-02 -1.129569e-01
    endloop
  endfacet
  facet normal 5.062192e-02 9.867164e-01 -1.543634e-01
    outer loop
      vertex   8.538648e-03 6.725528e-02 -1.129569e-01
      vertex   1.087707e-02 6.750000e-02 -1.106258e-01
      vertex   1.263644e-02 6.725528e-02 -1.116131e-01
    endloop
  endfacet
  facet normal 1.416945e-01 8.906369e-01 -4.320747e-01
    outer loop
      vertex   8.538648e-03 6.725528e-02 -1.129569e-01
      vertex   1.263644e-02 6.725528e-02 -1.116131e-01
      vertex   1.315379e-02 6.654508e-02 -1.129074e-01
    endloop
  endfacet
  facet normal 1.951790e-01 8.906369e-01 -4.106958e-01
    outer loop
      vertex   1.315379e-02 6.654508e-02 -1.129074e-01
      vertex   1.263644e-02 6.725528e-02 -1.116131e-01
      vertex   1.720829e-02 6.654508e-02 -1.109805e-01
    endloop
  endfacet
  facet normal 3.038188e-01 7.063959e-01 -6.392957e-01
    outer loop
      vertex   1.315379e-02 6.654508e-02 -1.129074e-01
      vertex   1.720829e-02 6.654508e-02 -1.109805e-01
      vertex   1.774541e-02 6.543893e-02 -1.119475e-01
    endloop
  endfacet
  facet normal 3.821987e-01 7.063959e-01 -5.957592e-01
    outer loop
      vertex   1.774541e-02 6.543893e-02 -1.119475e-01
      vertex   1.720829e-02 6.654508e-02 -1.109805e-01
      vertex   2.164173e-02 6.543893e-02 -1.094479e-01
    endloop
  endfacet
  facet normal 5.997214e-02 9.885916e-01 -1.381663e-01
    outer loop
      vertex   1.087707e-02 6.750000e-02 -1.106258e-01
      vertex   1.494351e-02 6.750000e-02 -1.088607e-01
      vertex   1.263644e-02 6.725528e-02 -1.116131e-01
    endloop
  endfacet
  facet normal 6.930906e-02 9.868773e-01 -1.458402e-01
    outer loop
      vertex   1.263644e-02 6.725528e-02 -1.116131e-01
      vertex   1.494351e-02 6.750000e-02 -1.088607e-01
      vertex   1.653147e-02 6.725528e-02 -1.097620e-01
    endloop
  endfacet
  facet normal 1.951790e-01 8.906369e-01 -4.106958e-01
    outer loop
      vertex   1.263644e-02 6.725528e-02 -1.116131e-01
      vertex   1.653147e-02 6.725528e-02 -1.097620e-01
      vertex   1.720829e-02 6.654508e-02 -1.109805e-01
    endloop
  endfacet
  facet normal 2.455317e-01 8.906369e-01 -3.827271e-01
    outer loop
      vertex   1.720829e-02 6.654508e-02 -1.109805e-01
      vertex   1.653147e-02 6.725528e-02 -1.097620e-01
      vertex   2.098667e-02 6.654508e-02 -1.085566e-01
    endloop
  endfacet
  facet normal 3.821987e-01 7.063959e-01 -5.957592e-01
    outer loop
      vertex   1.720829e-02 6.654508e-02 -1.109805e-01
      vertex   2.098667e-02 6.654508e-02 -1.085566e-01
      vertex   2.164173e-02 6.543893e-02 -1.094479e-01
    endloop
  endfacet
  facet normal 4.544461e-01 7.063959e-01 -5.426634e-01
    outer loop
      vertex   2.164173e-02 6.543893e-02 -1.094479e-01
      vertex   2.098667e-02 6.654508e-02 -1.085566e-01
      vertex   2.519080e-02 6.543893e-02 -1.064758e-01
    endloop
  endfacet
  facet normal 7.875897e-02 9.884318e-01 -1.296130e-01
    outer loop
      vertex   1.494351e-02 6.750000e-02 -1.088607e-01
      vertex   1.873194e-02 6.750000e-02 -1.065587e-01
      vertex   1.653147e-02 6.725528e-02 -1.097620e-01
    endloop
  endfacet
  facet normal 8.649359e-02 9.870874e-01 -1.348235e-01
    outer loop
      vertex   1.653147e-02 6.725528e-02 -1.097620e-01
      vertex   1.873194e-02 6.750000e-02 -1.065587e-01
      vertex   2.016125e-02 6.725528e-02 -1.074334e-01
    endloop
  endfacet
  facet normal 2.455317e-01 8.906369e-01 -3.827271e-01
    outer loop
      vertex   1.653147e-02 6.725528e-02 -1.097620e-01
      vertex   2.016125e-02 6.725528e-02 -1.074334e-01
      vertex   2.098667e-02 6.654508e-02 -1.085566e-01
    endloop
  endfacet
  facet normal 2.919448e-01 8.906369e-01 -3.486173e-01
    outer loop
      vertex   2.098667e-02 6.654508e-02 -1.085566e-01
      vertex   2.016125e-02 6.725528e-02 -1.074334e-01
      vertex   2.442831e-02 6.654508e-02 -1.056744e-01
    endloop
  endfacet
  facet normal 4.544461e-01 7.063959e-01 -5.426634e-01
    outer loop
      vertex   2.098667e-02 6.654508e-02 -1.085566e-01
      vertex   2.442831e-02 6.654508e-02 -1.056744e-01
      vertex   2.519080e-02 6.543893e-02 -1.064758e-01
    endloop
  endfacet
  facet normal 5.194017e-01 7.063959e-01 -4.808604e-01
    outer loop
      vertex   2.519080e-02 6.543893e-02 -1.064758e-01
      vertex   2.442831e-02 6.654508e-02 -1.056744e-01
      vertex   2.833567e-02 6.543893e-02 -1.030788e-01
    endloop
  endfacet
  facet normal 9.652522e-02 9.882215e-01 -1.187487e-01
    outer loop
      vertex   1.873194e-02 6.750000e-02 -1.065587e-01
      vertex   2.217185e-02 6.750000e-02 -1.037626e-01
      vertex   2.016125e-02 6.725528e-02 -1.074334e-01
    endloop
  endfacet
  facet normal 1.018274e-01 9.873429e-01 -1.215942e-01
    outer loop
      vertex   2.016125e-02 6.725528e-02 -1.074334e-01
      vertex   2.217185e-02 6.750000e-02 -1.037626e-01
      vertex   2.346753e-02 6.725528e-02 -1.046646e-01
    endloop
  endfacet
  facet normal 2.919448e-01 8.906369e-01 -3.486173e-01
    outer loop
      vertex   2.016125e-02 6.725528e-02 -1.074334e-01
      vertex   2.346753e-02 6.725528e-02 -1.046646e-01
      vertex   2.442831e-02 6.654508e-02 -1.056744e-01
    endloop
  endfacet
  facet normal 3.336736e-01 8.906369e-01 -3.089139e-01
    outer loop
      vertex   2.442831e-02 6.654508e-02 -1.056744e-01
      vertex   2.346753e-02 6.725528e-02 -1.046646e-01
      vertex   2.747799e-02 6.654508e-02 -1.023803e-01
    endloop
  endfacet
  facet normal 5.194017e-01 7.063959e-01 -4.808604e-01
    outer loop
      vertex   2.442831e-02 6.654508e-02 -1.056744e-01
      vertex   2.747799e-02 6.654508e-02 -1.023803e-01
      vertex   2.833567e-02 6.543893e-02 -1.030788e-01
    endloop
  endfacet
  facet normal 5.760233e-01 7.063959e-01 -4.113418e-01
    outer loop
      vertex   2.833567e-02 6.543893e-02 -1.030788e-01
      vertex   2.747799e-02 6.654508e-02 -1.023803e-01
      vertex   3.102588e-02 6.543893e-02 -9.931160e-02
    endloop
  endfacet
  facet normal 1.130296e-01 9.879565e-01 -1.056704e-01
    outer loop
      vertex   2.217185e-02 6.750000e-02 -1.037626e-01
      vertex   2.519926e-02 6.750000e-02 -1.005243e-01
      vertex   2.346753e-02 6.725528e-02 -1.046646e-01
    endloop
  endfacet
  facet normal 1.150181e-01 9.876397e-01 -1.064834e-01
    outer loop
      vertex   2.346753e-02 6.725528e-02 -1.046646e-01
      vertex   2.519926e-02 6.750000e-02 -1.005243e-01
      vertex   2.639726e-02 6.725528e-02 -1.015001e-01
    endloop
  endfacet
  facet normal 3.336736e-01 8.906369e-01 -3.089139e-01
    outer loop
      vertex   2.346753e-02 6.725528e-02 -1.046646e-01
      vertex   2.639726e-02 6.725528e-02 -1.015001e-01
      vertex   2.747799e-02 6.654508e-02 -1.023803e-01
    endloop
  endfacet
  facet normal 3.700483e-01 8.906369e-01 -2.642538e-01
    outer loop
      vertex   2.747799e-02 6.654508e-02 -1.023803e-01
      vertex   2.639726e-02 6.725528e-02 -1.015001e-01
      vertex   3.008678e-02 6.654508e-02 -9.872707e-02
    endloop
  endfacet
  facet normal 5.760233e-01 7.063959e-01 -4.113418e-01
    outer loop
      vertex   2.747799e-02 6.654508e-02 -1.023803e-01
      vertex   3.008678e-02 6.654508e-02 -9.872707e-02
      vertex   3.102588e-02 6.543893e-02 -9.931160e-02
    endloop
  endfacet
  facet normal 6.234023e-01 7.063959e-01 -3.352230e-01
    outer loop
      vertex   3.102588e-02 6.543893e-02 -9.931160e-02
      vertex   3.008678e-02 6.654508e-02 -9.872707e-02
      vertex   3.321827e-02 6.543893e-02 -9.523449e-02
    endloop
  endfacet
  facet normal 1.275566e-01 9.876397e-01 -9.108895e-02
    outer loop
      vertex   2.639726e-02 6.725528e-02 -1.015001e-01
      vertex   2.519926e-02 6.750000e-02 -1.005243e-01
      vertex   2.890344e-02 6.725528e-02 -9.799052e-02
    endloop
  endfacet
  facet normal 1.263580e-01 9.879565e-01 -8.930607e-02
    outer loop
      vertex   2.890344e-02 6.725528e-02 -9.799052e-02
      vertex   2.519926e-02 6.750000e-02 -1.005243e-01
      vertex   2.775784e-02 6.750000e-02 -9.690421e-02
    endloop
  endfacet
  facet normal 1.396853e-01 9.873429e-01 -7.511318e-02
    outer loop
      vertex   2.890344e-02 6.725528e-02 -9.799052e-02
      vertex   2.775784e-02 6.750000e-02 -9.690421e-02
      vertex   3.094585e-02 6.725528e-02 -9.419232e-02
    endloop
  endfacet
  facet normal 1.358256e-01 9.882215e-01 -7.049655e-02
    outer loop
      vertex   3.094585e-02 6.725528e-02 -9.419232e-02
      vertex   2.775784e-02 6.750000e-02 -9.690421e-02
      vertex   2.979999e-02 6.750000e-02 -9.296960e-02
    endloop
  endfacet
  facet normal 1.495377e-01 9.870874e-01 -5.741940e-02
    outer loop
      vertex   3.094585e-02 6.725528e-02 -9.419232e-02
      vertex   2.979999e-02 6.750000e-02 -9.296960e-02
      vertex   3.249172e-02 6.725528e-02 -9.016640e-02
    endloop
  endfacet
  facet normal 1.428698e-01 9.884318e-01 -5.089926e-02
    outer loop
      vertex   3.249172e-02 6.725528e-02 -9.016640e-02
      vertex   2.979999e-02 6.750000e-02 -9.296960e-02
      vertex   3.128771e-02 6.750000e-02 -8.879370e-02
    endloop
  endfacet
  facet normal 1.568488e-01 9.868773e-01 -3.836096e-02
    outer loop
      vertex   3.249172e-02 6.725528e-02 -9.016640e-02
      vertex   3.128771e-02 6.750000e-02 -8.879370e-02
      vertex   3.351625e-02 6.725528e-02 -8.597736e-02
    endloop
  endfacet
  facet normal 1.474441e-01 9.885916e-01 -3.077022e-02
    outer loop
      vertex   3.351625e-02 6.725528e-02 -8.597736e-02
      vertex   3.128771e-02 6.750000e-02 -8.879370e-02
      vertex   3.219332e-02 6.750000e-02 -8.445420e-02
    endloop
  endfacet
  facet normal 1.614139e-01 9.867164e-01 -1.833561e-02
    outer loop
      vertex   3.351625e-02 6.725528e-02 -8.597736e-02
      vertex   3.219332e-02 6.750000e-02 -8.445420e-02
      vertex   3.400299e-02 6.725528e-02 -8.169240e-02
    endloop
  endfacet
  facet normal 1.495237e-01 9.887038e-01 -1.036839e-02
    outer loop
      vertex   3.400299e-02 6.725528e-02 -8.169240e-02
      vertex   3.219332e-02 6.750000e-02 -8.445420e-02
      vertex   3.249998e-02 6.750000e-02 -8.003182e-02
    endloop
  endfacet
  facet normal 1.630970e-01 9.866075e-01 2.225847e-03
    outer loop
      vertex   3.400299e-02 6.725528e-02 -8.169240e-02
      vertex   3.249998e-02 6.750000e-02 -8.003182e-02
      vertex   3.394414e-02 6.725528e-02 -7.738029e-02
    endloop
  endfacet
  facet normal 1.491053e-01 9.887703e-01 1.004605e-02
    outer loop
      vertex   3.394414e-02 6.725528e-02 -7.738029e-02
      vertex   3.249998e-02 6.750000e-02 -8.003182e-02
      vertex   3.220198e-02 6.750000e-02 -7.560885e-02
    endloop
  endfacet
  facet normal 1.618359e-01 9.865526e-01 2.287257e-02
    outer loop
      vertex   3.394414e-02 6.725528e-02 -7.738029e-02
      vertex   3.220198e-02 6.750000e-02 -7.560885e-02
      vertex   3.334065e-02 6.725528e-02 -7.311022e-02
    endloop
  endfacet
  facet normal 1.462083e-01 9.887923e-01 3.021366e-02
    outer loop
      vertex   3.334065e-02 6.725528e-02 -7.311022e-02
      vertex   3.220198e-02 6.750000e-02 -7.560885e-02
      vertex   3.130487e-02 6.750000e-02 -7.126758e-02
    endloop
  endfacet
  facet normal 1.576461e-01 9.865526e-01 4.314777e-02
    outer loop
      vertex   3.334065e-02 6.725528e-02 -7.311022e-02
      vertex   3.130487e-02 6.750000e-02 -7.126758e-02
      vertex   3.220218e-02 6.725528e-02 -6.895069e-02
    endloop
  endfacet
  facet normal 1.408742e-01 9.887703e-01 4.987766e-02
    outer loop
      vertex   3.220218e-02 6.725528e-02 -6.895069e-02
      vertex   3.130487e-02 6.750000e-02 -7.126758e-02
      vertex   2.982533e-02 6.750000e-02 -6.708877e-02
    endloop
  endfacet
  facet normal 1.506201e-01 9.866075e-01 6.260318e-02
    outer loop
      vertex   3.220218e-02 6.725528e-02 -6.895069e-02
      vertex   2.982533e-02 6.750000e-02 -6.708877e-02
      vertex   3.054702e-02 6.725528e-02 -6.496846e-02
    endloop
  endfacet
  facet normal 1.331666e-01 9.887038e-01 6.878579e-02
    outer loop
      vertex   3.054702e-02 6.725528e-02 -6.496846e-02
      vertex   2.982533e-02 6.750000e-02 -6.708877e-02
      vertex   2.779089e-02 6.750000e-02 -6.315018e-02
    endloop
  endfacet
  facet normal 1.409250e-01 9.867164e-01 8.081337e-02
    outer loop
      vertex   3.054702e-02 6.725528e-02 -6.496846e-02
      vertex   2.779089e-02 6.750000e-02 -6.315018e-02
      vertex   2.840172e-02 6.725528e-02 -6.122741e-02
    endloop
  endfacet
  facet normal 1.231707e-01 9.885916e-01 8.669225e-02
    outer loop
      vertex   2.840172e-02 6.725528e-02 -6.122741e-02
      vertex   2.779089e-02 6.750000e-02 -6.315018e-02
      vertex   2.523940e-02 6.750000e-02 -5.952508e-02
    endloop
  endfacet
  facet normal 1.287963e-01 9.868773e-01 9.738897e-02
    outer loop
      vertex   2.840172e-02 6.725528e-02 -6.122741e-02
      vertex   2.523940e-02 6.750000e-02 -5.952508e-02
      vertex   2.580070e-02 6.725528e-02 -5.778758e-02
    endloop
  endfacet
  facet normal 1.109925e-01 9.884318e-01 1.033594e-01
    outer loop
      vertex   2.580070e-02 6.725528e-02 -5.778758e-02
      vertex   2.523940e-02 6.750000e-02 -5.952508e-02
      vertex   2.221834e-02 6.750000e-02 -5.628091e-02
    endloop
  endfacet
  facet normal 1.145299e-01 9.870874e-01 1.119885e-01
    outer loop
      vertex   2.580070e-02 6.725528e-02 -5.778758e-02
      vertex   2.221834e-02 6.750000e-02 -5.628091e-02
      vertex   2.278570e-02 6.725528e-02 -5.470416e-02
    endloop
  endfacet
  facet normal 9.675756e-02 9.882215e-01 1.185594e-01
    outer loop
      vertex   2.278570e-02 6.725528e-02 -5.470416e-02
      vertex   2.221834e-02 6.750000e-02 -5.628091e-02
      vertex   1.878391e-02 6.750000e-02 -5.347803e-02
    endloop
  endfacet
  facet normal 9.847123e-02 9.873429e-01 1.243278e-01
    outer loop
      vertex   2.278570e-02 6.725528e-02 -5.470416e-02
      vertex   1.878391e-02 6.750000e-02 -5.347803e-02
      vertex   1.940509e-02 6.725528e-02 -5.202661e-02
    endloop
  endfacet
  facet normal 5.102551e-01 3.101810e-01 8.021393e-01
    outer loop
      vertex   1.956938e-02 6.453001e-02 -4.851701e-02
      vertex   1.989004e-02 6.354283e-02 -4.833926e-02
      vertex   2.123484e-02 6.404508e-02 -4.938893e-02
    endloop
  endfacet
  facet normal 2.823225e-01 8.906369e-01 3.564546e-01
    outer loop
      vertex   2.278570e-02 6.725528e-02 -5.470416e-02
      vertex   1.940509e-02 6.725528e-02 -5.202661e-02
      vertex   2.019955e-02 6.654508e-02 -5.088135e-02
    endloop
  endfacet
  facet normal 4.394677e-01 7.063959e-01 5.548630e-01
    outer loop
      vertex   2.019955e-02 6.654508e-02 -5.088135e-02
      vertex   2.083004e-02 6.543893e-02 -4.997247e-02
      vertex   2.371857e-02 6.654508e-02 -5.366852e-02
    endloop
  endfacet
  facet normal 4.394677e-01 7.063959e-01 5.548630e-01
    outer loop
      vertex   2.371857e-02 6.654508e-02 -5.366852e-02
      vertex   2.083004e-02 6.543893e-02 -4.997247e-02
      vertex   2.445890e-02 6.543893e-02 -5.284663e-02
    endloop
  endfacet
  facet normal 5.060857e-01 7.063959e-01 4.948556e-01
    outer loop
      vertex   2.371857e-02 6.654508e-02 -5.366852e-02
      vertex   2.445890e-02 6.543893e-02 -5.284663e-02
      vertex   2.685701e-02 6.654508e-02 -5.687818e-02
    endloop
  endfacet
  facet normal 5.060857e-01 7.063959e-01 4.948556e-01
    outer loop
      vertex   2.685701e-02 6.654508e-02 -5.687818e-02
      vertex   2.445890e-02 6.543893e-02 -5.284663e-02
      vertex   2.769530e-02 6.543893e-02 -5.615648e-02
    endloop
  endfacet
  facet normal 5.645833e-01 7.063959e-01 4.269081e-01
    outer loop
      vertex   2.685701e-02 6.654508e-02 -5.687818e-02
      vertex   2.769530e-02 6.543893e-02 -5.615648e-02
      vertex   2.956452e-02 6.654508e-02 -6.045884e-02
    endloop
  endfacet
  facet normal 5.645833e-01 7.063959e-01 4.269081e-01
    outer loop
      vertex   2.956452e-02 6.654508e-02 -6.045884e-02
      vertex   2.769530e-02 6.543893e-02 -5.615648e-02
      vertex   3.048732e-02 6.543893e-02 -5.984890e-02
    endloop
  endfacet
  facet normal 6.140220e-01 7.063959e-01 3.521106e-01
    outer loop
      vertex   2.956452e-02 6.654508e-02 -6.045884e-02
      vertex   3.048732e-02 6.543893e-02 -5.984890e-02
      vertex   3.179765e-02 6.654508e-02 -6.435305e-02
    endloop
  endfacet
  facet normal 6.140220e-01 7.063959e-01 3.521106e-01
    outer loop
      vertex   3.179765e-02 6.654508e-02 -6.435305e-02
      vertex   3.048732e-02 6.543893e-02 -5.984890e-02
      vertex   3.279015e-02 6.543893e-02 -6.386466e-02
    endloop
  endfacet
  facet normal 6.536084e-01 7.063959e-01 2.716633e-01
    outer loop
      vertex   3.179765e-02 6.654508e-02 -6.435305e-02
      vertex   3.279015e-02 6.543893e-02 -6.386466e-02
      vertex   3.352057e-02 6.654508e-02 -6.849832e-02
    endloop
  endfacet
  facet normal 6.536084e-01 7.063959e-01 2.716633e-01
    outer loop
      vertex   3.352057e-02 6.654508e-02 -6.849832e-02
      vertex   3.279015e-02 6.543893e-02 -6.386466e-02
      vertex   3.456686e-02 6.543893e-02 -6.813932e-02
    endloop
  endfacet
  facet normal 6.827073e-01 7.063959e-01 1.868571e-01
    outer loop
      vertex   3.352057e-02 6.654508e-02 -6.849832e-02
      vertex   3.456686e-02 6.543893e-02 -6.813932e-02
      vertex   3.470565e-02 6.654508e-02 -7.282814e-02
    endloop
  endfacet
  facet normal 6.827073e-01 7.063959e-01 1.868571e-01
    outer loop
      vertex   3.470565e-02 6.654508e-02 -7.282814e-02
      vertex   3.456686e-02 6.543893e-02 -6.813932e-02
      vertex   3.578892e-02 6.543893e-02 -7.260429e-02
    endloop
  endfacet
  facet normal 7.008519e-01 7.063959e-01 9.905271e-02
    outer loop
      vertex   3.470565e-02 6.654508e-02 -7.282814e-02
      vertex   3.578892e-02 6.543893e-02 -7.260429e-02
      vertex   3.533385e-02 6.654508e-02 -7.727304e-02
    endloop
  endfacet
  facet normal 7.008519e-01 7.063959e-01 9.905271e-02
    outer loop
      vertex   3.533385e-02 6.654508e-02 -7.727304e-02
      vertex   3.578892e-02 6.543893e-02 -7.260429e-02
      vertex   3.643673e-02 6.543893e-02 -7.718792e-02
    endloop
  endfacet
  facet normal 7.077511e-01 7.063959e-01 9.658953e-03
    outer loop
      vertex   3.533385e-02 6.654508e-02 -7.727304e-02
      vertex   3.643673e-02 6.543893e-02 -7.718792e-02
      vertex   3.539511e-02 6.654508e-02 -8.176169e-02
    endloop
  endfacet
  facet normal 7.077511e-01 7.063959e-01 9.658953e-03
    outer loop
      vertex   3.539511e-02 6.654508e-02 -8.176169e-02
      vertex   3.643673e-02 6.543893e-02 -7.718792e-02
      vertex   3.649990e-02 6.543893e-02 -8.181668e-02
    endloop
  endfacet
  facet normal 7.032940e-01 7.063959e-01 -7.988979e-02
    outer loop
      vertex   3.539511e-02 6.654508e-02 -8.176169e-02
      vertex   3.649990e-02 6.543893e-02 -8.181668e-02
      vertex   3.488844e-02 6.654508e-02 -8.622208e-02
    endloop
  endfacet
  facet normal 7.032940e-01 7.063959e-01 -7.988979e-02
    outer loop
      vertex   3.488844e-02 6.654508e-02 -8.622208e-02
      vertex   3.649990e-02 6.543893e-02 -8.181668e-02
      vertex   3.597742e-02 6.543893e-02 -8.641629e-02
    endloop
  endfacet
  facet normal 6.875523e-01 7.063959e-01 -1.681567e-01
    outer loop
      vertex   3.488844e-02 6.654508e-02 -8.622208e-02
      vertex   3.597742e-02 6.543893e-02 -8.641629e-02
      vertex   3.382197e-02 6.654508e-02 -9.058263e-02
    endloop
  endfacet
  facet normal 6.875523e-01 7.063959e-01 -1.681567e-01
    outer loop
      vertex   3.382197e-02 6.654508e-02 -9.058263e-02
      vertex   3.597742e-02 6.543893e-02 -8.641629e-02
      vertex   3.487766e-02 6.543893e-02 -9.091294e-02
    endloop
  endfacet
  facet normal 6.607785e-01 7.063959e-01 -2.537254e-01
    outer loop
      vertex   3.382197e-02 6.654508e-02 -9.058263e-02
      vertex   3.487766e-02 6.543893e-02 -9.091294e-02
      vertex   3.221281e-02 6.654508e-02 -9.477337e-02
    endloop
  endfacet
  facet normal 6.607785e-01 7.063959e-01 -2.537254e-01
    outer loop
      vertex   3.221281e-02 6.654508e-02 -9.477337e-02
      vertex   3.487766e-02 6.543893e-02 -9.091294e-02
      vertex   3.321827e-02 6.543893e-02 -9.523449e-02
    endloop
  endfacet
  facet normal 6.234023e-01 7.063959e-01 -3.352230e-01
    outer loop
      vertex   3.221281e-02 6.654508e-02 -9.477337e-02
      vertex   3.321827e-02 6.543893e-02 -9.523449e-02
      vertex   3.008678e-02 6.654508e-02 -9.872707e-02
    endloop
  endfacet
  facet normal 3.251191e-01 8.906369e-01 3.179047e-01
    outer loop
      vertex   2.580070e-02 6.725528e-02 -5.778758e-02
      vertex   2.278570e-02 6.725528e-02 -5.470416e-02
      vertex   2.371857e-02 6.654508e-02 -5.366852e-02
    endloop
  endfacet
  facet normal 2.823225e-01 8.906369e-01 3.564546e-01
    outer loop
      vertex   2.371857e-02 6.654508e-02 -5.366852e-02
      vertex   2.278570e-02 6.725528e-02 -5.470416e-02
      vertex   2.019955e-02 6.654508e-02 -5.088135e-02
    endloop
  endfacet
  facet normal 3.251191e-01 8.906369e-01 3.179047e-01
    outer loop
      vertex   2.580070e-02 6.725528e-02 -5.778758e-02
      vertex   2.371857e-02 6.654508e-02 -5.366852e-02
      vertex   2.685701e-02 6.654508e-02 -5.687818e-02
    endloop
  endfacet
  facet normal 3.626991e-01 8.906369e-01 2.742539e-01
    outer loop
      vertex   2.840172e-02 6.725528e-02 -6.122741e-02
      vertex   2.580070e-02 6.725528e-02 -5.778758e-02
      vertex   2.685701e-02 6.654508e-02 -5.687818e-02
    endloop
  endfacet
  facet normal 3.626991e-01 8.906369e-01 2.742539e-01
    outer loop
      vertex   2.840172e-02 6.725528e-02 -6.122741e-02
      vertex   2.685701e-02 6.654508e-02 -5.687818e-02
      vertex   2.956452e-02 6.654508e-02 -6.045884e-02
    endloop
  endfacet
  facet normal 3.944594e-01 8.906369e-01 2.262026e-01
    outer loop
      vertex   3.054702e-02 6.725528e-02 -6.496846e-02
      vertex   2.840172e-02 6.725528e-02 -6.122741e-02
      vertex   2.956452e-02 6.654508e-02 -6.045884e-02
    endloop
  endfacet
  facet normal 3.944594e-01 8.906369e-01 2.262026e-01
    outer loop
      vertex   3.054702e-02 6.725528e-02 -6.496846e-02
      vertex   2.956452e-02 6.654508e-02 -6.045884e-02
      vertex   3.179765e-02 6.654508e-02 -6.435305e-02
    endloop
  endfacet
  facet normal 4.198905e-01 8.906369e-01 1.745217e-01
    outer loop
      vertex   3.220218e-02 6.725528e-02 -6.895069e-02
      vertex   3.054702e-02 6.725528e-02 -6.496846e-02
      vertex   3.179765e-02 6.654508e-02 -6.435305e-02
    endloop
  endfacet
  facet normal 4.198905e-01 8.906369e-01 1.745217e-01
    outer loop
      vertex   3.220218e-02 6.725528e-02 -6.895069e-02
      vertex   3.179765e-02 6.654508e-02 -6.435305e-02
      vertex   3.352057e-02 6.654508e-02 -6.849832e-02
    endloop
  endfacet
  facet normal 4.385842e-01 8.906369e-01 1.200406e-01
    outer loop
      vertex   3.334065e-02 6.725528e-02 -7.311022e-02
      vertex   3.220218e-02 6.725528e-02 -6.895069e-02
      vertex   3.352057e-02 6.654508e-02 -6.849832e-02
    endloop
  endfacet
  facet normal 4.385842e-01 8.906369e-01 1.200406e-01
    outer loop
      vertex   3.334065e-02 6.725528e-02 -7.311022e-02
      vertex   3.352057e-02 6.654508e-02 -6.849832e-02
      vertex   3.470565e-02 6.654508e-02 -7.282814e-02
    endloop
  endfacet
  facet normal 4.502406e-01 8.906369e-01 6.363335e-02
    outer loop
      vertex   3.394414e-02 6.725528e-02 -7.738029e-02
      vertex   3.334065e-02 6.725528e-02 -7.311022e-02
      vertex   3.470565e-02 6.654508e-02 -7.282814e-02
    endloop
  endfacet
  facet normal 4.502406e-01 8.906369e-01 6.363335e-02
    outer loop
      vertex   3.394414e-02 6.725528e-02 -7.738029e-02
      vertex   3.470565e-02 6.654508e-02 -7.282814e-02
      vertex   3.533385e-02 6.654508e-02 -7.727304e-02
    endloop
  endfacet
  facet normal 4.546728e-01 8.906369e-01 6.205095e-03
    outer loop
      vertex   3.400299e-02 6.725528e-02 -8.169240e-02
      vertex   3.394414e-02 6.725528e-02 -7.738029e-02
      vertex   3.533385e-02 6.654508e-02 -7.727304e-02
    endloop
  endfacet
  facet normal 4.546728e-01 8.906369e-01 6.205095e-03
    outer loop
      vertex   3.400299e-02 6.725528e-02 -8.169240e-02
      vertex   3.533385e-02 6.654508e-02 -7.727304e-02
      vertex   3.539511e-02 6.654508e-02 -8.176169e-02
    endloop
  endfacet
  facet normal 4.518095e-01 8.906369e-01 -5.132272e-02
    outer loop
      vertex   3.351625e-02 6.725528e-02 -8.597736e-02
      vertex   3.400299e-02 6.725528e-02 -8.169240e-02
      vertex   3.539511e-02 6.654508e-02 -8.176169e-02
    endloop
  endfacet
  facet normal 4.518095e-01 8.906369e-01 -5.132272e-02
    outer loop
      vertex   3.351625e-02 6.725528e-02 -8.597736e-02
      vertex   3.539511e-02 6.654508e-02 -8.176169e-02
      vertex   3.488844e-02 6.654508e-02 -8.622208e-02
    endloop
  endfacet
  facet normal 4.416967e-01 8.906369e-01 -1.080270e-01
    outer loop
      vertex   3.249172e-02 6.725528e-02 -9.016640e-02
      vertex   3.351625e-02 6.725528e-02 -8.597736e-02
      vertex   3.488844e-02 6.654508e-02 -8.622208e-02
    endloop
  endfacet
  facet normal 4.416967e-01 8.906369e-01 -1.080270e-01
    outer loop
      vertex   3.249172e-02 6.725528e-02 -9.016640e-02
      vertex   3.488844e-02 6.654508e-02 -8.622208e-02
      vertex   3.382197e-02 6.654508e-02 -9.058263e-02
    endloop
  endfacet
  facet normal 4.244967e-01 8.906369e-01 -1.629980e-01
    outer loop
      vertex   3.094585e-02 6.725528e-02 -9.419232e-02
      vertex   3.249172e-02 6.725528e-02 -9.016640e-02
      vertex   3.382197e-02 6.654508e-02 -9.058263e-02
    endloop
  endfacet
  facet normal 4.244967e-01 8.906369e-01 -1.629980e-01
    outer loop
      vertex   3.094585e-02 6.725528e-02 -9.419232e-02
      vertex   3.382197e-02 6.654508e-02 -9.058263e-02
      vertex   3.221281e-02 6.654508e-02 -9.477337e-02
    endloop
  endfacet
  facet normal 4.004855e-01 8.906369e-01 -2.153536e-01
    outer loop
      vertex   2.890344e-02 6.725528e-02 -9.799052e-02
      vertex   3.094585e-02 6.725528e-02 -9.419232e-02
      vertex   3.221281e-02 6.654508e-02 -9.477337e-02
    endloop
  endfacet
  facet normal 4.004855e-01 8.906369e-01 -2.153536e-01
    outer loop
      vertex   2.890344e-02 6.725528e-02 -9.799052e-02
      vertex   3.221281e-02 6.654508e-02 -9.477337e-02
      vertex   3.008678e-02 6.654508e-02 -9.872707e-02
    endloop
  endfacet
  facet normal 3.700483e-01 8.906369e-01 -2.642538e-01
    outer loop
      vertex   2.639726e-02 6.725528e-02 -1.015001e-01
      vertex   2.890344e-02 6.725528e-02 -9.799052e-02
      vertex   3.008678e-02 6.654508e-02 -9.872707e-02
    endloop
  endfacet
  facet normal -4.544461e-01 7.063959e-01 -5.426634e-01
    outer loop
      vertex   -2.442831e-02 6.654508e-02 -1.056744e-01
      vertex   -2.164173e-02 6.543893e-02 -1.094479e-01
      vertex   -2.519080e-02 6.543893e-02 -1.064758e-01
    endloop
  endfacet
  facet normal -5.194017e-01 7.063959e-01 -4.808604e-01
    outer loop
      vertex   -2.442831e-02 6.654508e-02 -1.056744e-01
      vertex   -2.519080e-02 6.543893e-02 -1.064758e-01
      vertex   -2.747799e-02 6.654508e-02 -1.023803e-01
    endloop
  endfacet
  facet normal -5.194017e-01 7.063959e-01 -4.808604e-01
    outer loop
      vertex   -2.747799e-02 6.654508e-02 -1.023803e-01
      vertex   -2.519080e-02 6.543893e-02 -1.064758e-01
      vertex   -2.833567e-02 6.543893e-02 -1.030788e-01
    endloop
  endfacet
  facet normal -5.760233e-01 7.063959e-01 -4.113418e-01
    outer loop
      vertex   -2.747799e-02 6.654508e-02 -1.023803e-01
      vertex   -2.833567e-02 6.543893e-02 -1.030788e-01
      vertex   -3.008678e-02 6.654508e-02 -9.872707e-02
    endloop
  endfacet
  facet normal -5.760233e-01 7.063959e-01 -4.113418e-01
    outer loop
      vertex   -3.008678e-02 6.654508e-02 -9.872707e-02
      vertex   -2.833567e-02 6.543893e-02 -1.030788e-01
      vertex   -3.102588e-02 6.543893e-02 -9.931160e-02
    endloop
  endfacet
  facet normal -6.234023e-01 7.063959e-01 -3.352230e-01
    outer loop
      vertex   -3.008678e-02 6.654508e-02 -9.872707e-02
      vertex   -3.102588e-02 6.543893e-02 -9.931160e-02
      vertex   -3.221281e-02 6.654508e-02 -9.477337e-02
    endloop
  endfacet
  facet normal -6.234023e-01 7.063959e-01 -3.352230e-01
    outer loop
      vertex   -3.221281e-02 6.654508e-02 -9.477337e-02
      vertex   -3.102588e-02 6.543893e-02 -9.931160e-02
      vertex   -3.321827e-02 6.543893e-02 -9.523449e-02
    endloop
  endfacet
  facet normal -6.607785e-01 7.063959e-01 -2.537254e-01
    outer loop
      vertex   -3.221281e-02 6.654508e-02 -9.477337e-02
      vertex   -3.321827e-02 6.543893e-02 -9.523449e-02
      vertex   -3.382197e-02 6.654508e-02 -9.058263e-02
    endloop
  endfacet
  facet normal -6.607785e-01 7.063959e-01 -2.537254e-01
    outer loop
      vertex   -3.382197e-02 6.654508e-02 -9.058263e-02
      vertex   -3.321827e-02 6.543893e-02 -9.523449e-02
      vertex   -3.487766e-02 6.543893e-02 -9.091294e-02
    endloop
  endfacet
  facet normal -6.875523e-01 7.063959e-01 -1.681567e-01
    outer loop
      vertex   -3.382197e-02 6.654508e-02 -9.058263e-02
      vertex   -3.487766e-02 6.543893e-02 -9.091294e-02
      vertex   -3.488844e-02 6.654508e-02 -8.622208e-02
    endloop
  endfacet
  facet normal -6.875523e-01 7.063959e-01 -1.681567e-01
    outer loop
      vertex   -3.488844e-02 6.654508e-02 -8.622208e-02
      vertex   -3.487766e-02 6.543893e-02 -9.091294e-02
      vertex   -3.597742e-02 6.543893e-02 -8.641629e-02
    endloop
  endfacet
  facet normal -7.032940e-01 7.063959e-01 -7.988979e-02
    outer loop
      vertex   -3.488844e-02 6.654508e-02 -8.622208e-02
      vertex   -3.597742e-02 6.543893e-02 -8.641629e-02
      vertex   -3.539511e-02 6.654508e-02 -8.176169e-02
    endloop
  endfacet
  facet normal -7.032940e-01 7.063959e-01 -7.988979e-02
    outer loop
      vertex   -3.539511e-02 6.654508e-02 -8.176169e-02
      vertex   -3.597742e-02 6.543893e-02 -8.641629e-02
      vertex   -3.649990e-02 6.543893e-02 -8.181668e-02
    endloop
  endfacet
  facet normal -7.077511e-01 7.063959e-01 9.658953e-03
    outer loop
      vertex   -3.539511e-02 6.654508e-02 -8.176169e-02
      vertex   -3.649990e-02 6.543893e-02 -8.181668e-02
      vertex   -3.533385e-02 6.654508e-02 -7.727304e-02
    endloop
  endfacet
  facet normal -7.077511e-01 7.063959e-01 9.658953e-03
    outer loop
      vertex   -3.533385e-02 6.654508e-02 -7.727304e-02
      vertex   -3.649990e-02 6.543893e-02 -8.181668e-02
      vertex   -3.643673e-02 6.543893e-02 -7.718792e-02
    endloop
  endfacet
  facet normal -7.008519e-01 7.063959e-01 9.905271e-02
    outer loop
      vertex   -3.533385e-02 6.654508e-02 -7.727304e-02
      vertex   -3.643673e-02 6.543893e-02 -7.718792e-02
      vertex   -3.470565e-02 6.654508e-02 -7.282814e-02
    endloop
  endfacet
  facet normal -7.008519e-01 7.063959e-01 9.905271e-02
    outer loop
      vertex   -3.470565e-02 6.654508e-02 -7.282814e-02
      vertex   -3.643673e-02 6.543893e-02 -7.718792e-02
      vertex   -3.578892e-02 6.543893e-02 -7.260429e-02
    endloop
  endfacet
  facet normal -6.827073e-01 7.063959e-01 1.868571e-01
    outer loop
      vertex   -3.470565e-02 6.654508e-02 -7.282814e-02
      vertex   -3.578892e-02 6.543893e-02 -7.260429e-02
      vertex   -3.352057e-02 6.654508e-02 -6.849832e-02
    endloop
  endfacet
  facet normal -6.827073e-01 7.063959e-01 1.868571e-01
    outer loop
      vertex   -3.352057e-02 6.654508e-02 -6.849832e-02
      vertex   -3.578892e-02 6.543893e-02 -7.260429e-02
      vertex   -3.456686e-02 6.543893e-02 -6.813932e-02
    endloop
  endfacet
  facet normal -6.536084e-01 7.063959e-01 2.716633e-01
    outer loop
      vertex   -3.352057e-02 6.654508e-02 -6.849832e-02
      vertex   -3.456686e-02 6.543893e-02 -6.813932e-02
      vertex   -3.179765e-02 6.654508e-02 -6.435305e-02
    endloop
  endfacet
  facet normal -6.536084e-01 7.063959e-01 2.716633e-01
    outer loop
      vertex   -3.179765e-02 6.654508e-02 -6.435305e-02
      vertex   -3.456686e-02 6.543893e-02 -6.813932e-02
      vertex   -3.279015e-02 6.543893e-02 -6.386466e-02
    endloop
  endfacet
  facet normal -6.140220e-01 7.063959e-01 3.521106e-01
    outer loop
      vertex   -3.179765e-02 6.654508e-02 -6.435305e-02
      vertex   -3.279015e-02 6.543893e-02 -6.386466e-02
      vertex   -2.956452e-02 6.654508e-02 -6.045884e-02
    endloop
  endfacet
  facet normal -6.140220e-01 7.063959e-01 3.521106e-01
    outer loop
      vertex   -2.956452e-02 6.654508e-02 -6.045884e-02
      vertex   -3.279015e-02 6.543893e-02 -6.386466e-02
      vertex   -3.048732e-02 6.543893e-02 -5.984890e-02
    endloop
  endfacet
  facet normal -5.645833e-01 7.063959e-01 4.269081e-01
    outer loop
      vertex   -2.956452e-02 6.654508e-02 -6.045884e-02
      vertex   -3.048732e-02 6.543893e-02 -5.984890e-02
      vertex   -2.685701e-02 6.654508e-02 -5.687818e-02
    endloop
  endfacet
  facet normal -5.645833e-01 7.063959e-01 4.269081e-01
    outer loop
      vertex   -2.685701e-02 6.654508e-02 -5.687818e-02
      vertex   -3.048732e-02 6.543893e-02 -5.984890e-02
      vertex   -2.769530e-02 6.543893e-02 -5.615648e-02
    endloop
  endfacet
  facet normal -5.060857e-01 7.063959e-01 4.948556e-01
    outer loop
      vertex   -2.685701e-02 6.654508e-02 -5.687818e-02
      vertex   -2.769530e-02 6.543893e-02 -5.615648e-02
      vertex   -2.371857e-02 6.654508e-02 -5.366852e-02
    endloop
  endfacet
  facet normal -5.060857e-01 7.063959e-01 4.948556e-01
    outer loop
      vertex   -2.371857e-02 6.654508e-02 -5.366852e-02
      vertex   -2.769530e-02 6.543893e-02 -5.615648e-02
      vertex   -2.445890e-02 6.543893e-02 -5.284663e-02
    endloop
  endfacet
  facet normal -4.394677e-01 7.063959e-01 5.548630e-01
    outer loop
      vertex   -2.371857e-02 6.654508e-02 -5.366852e-02
      vertex   -2.445890e-02 6.543893e-02 -5.284663e-02
      vertex   -2.019955e-02 6.654508e-02 -5.088135e-02
    endloop
  endfacet
  facet normal -4.394677e-01 7.063959e-01 5.548630e-01
    outer loop
      vertex   -2.019955e-02 6.654508e-02 -5.088135e-02
      vertex   -2.445890e-02 6.543893e-02 -5.284663e-02
      vertex   -2.083004e-02 6.543893e-02 -4.997247e-02
    endloop
  endfacet
  facet normal -3.700483e-01 8.906369e-01 -2.642538e-01
    outer loop
      vertex   -2.890344e-02 6.725528e-02 -9.799052e-02
      vertex   -2.639726e-02 6.725528e-02 -1.015001e-01
      vertex   -2.747799e-02 6.654508e-02 -1.023803e-01
    endloop
  endfacet
  facet normal -3.336736e-01 8.906369e-01 -3.089139e-01
    outer loop
      vertex   -2.747799e-02 6.654508e-02 -1.023803e-01
      vertex   -2.639726e-02 6.725528e-02 -1.015001e-01
      vertex   -2.442831e-02 6.654508e-02 -1.056744e-01
    endloop
  endfacet
  facet normal -3.700483e-01 8.906369e-01 -2.642538e-01
    outer loop
      vertex   -2.890344e-02 6.725528e-02 -9.799052e-02
      vertex   -2.747799e-02 6.654508e-02 -1.023803e-01
      vertex   -3.008678e-02 6.654508e-02 -9.872707e-02
    endloop
  endfacet
  facet normal -4.004855e-01 8.906369e-01 -2.153536e-01
    outer loop
      vertex   -3.094585e-02 6.725528e-02 -9.419232e-02
      vertex   -2.890344e-02 6.725528e-02 -9.799052e-02
      vertex   -3.008678e-02 6.654508e-02 -9.872707e-02
    endloop
  endfacet
  facet normal -4.004855e-01 8.906369e-01 -2.153536e-01
    outer loop
      vertex   -3.094585e-02 6.725528e-02 -9.419232e-02
      vertex   -3.008678e-02 6.654508e-02 -9.872707e-02
      vertex   -3.221281e-02 6.654508e-02 -9.477337e-02
    endloop
  endfacet
  facet normal -4.244967e-01 8.906369e-01 -1.629980e-01
    outer loop
      vertex   -3.249172e-02 6.725528e-02 -9.016640e-02
      vertex   -3.094585e-02 6.725528e-02 -9.419232e-02
      vertex   -3.221281e-02 6.654508e-02 -9.477337e-02
    endloop
  endfacet
  facet normal -4.244967e-01 8.906369e-01 -1.629980e-01
    outer loop
      vertex   -3.249172e-02 6.725528e-02 -9.016640e-02
      vertex   -3.221281e-02 6.654508e-02 -9.477337e-02
      vertex   -3.382197e-02 6.654508e-02 -9.058263e-02
    endloop
  endfacet
  facet normal -4.416967e-01 8.906369e-01 -1.080270e-01
    outer loop
      vertex   -3.351625e-02 6.725528e-02 -8.597736e-02
      vertex   -3.249172e-02 6.725528e-02 -9.016640e-02
      vertex   -3.382197e-02 6.654508e-02 -9.058263e-02
    endloop
  endfacet
  facet normal -4.416967e-01 8.906369e-01 -1.080270e-01
    outer loop
      vertex   -3.351625e-02 6.725528e-02 -8.597736e-02
      vertex   -3.382197e-02 6.654508e-02 -9.058263e-02
      vertex   -3.488844e-02 6.654508e-02 -8.622208e-02
    endloop
  endfacet
  facet normal -4.518095e-01 8.906369e-01 -5.132272e-02
    outer loop
      vertex   -3.400299e-02 6.725528e-02 -8.169240e-02
      vertex   -3.351625e-02 6.725528e-02 -8.597736e-02
      vertex   -3.488844e-02 6.654508e-02 -8.622208e-02
    endloop
  endfacet
  facet normal -4.518095e-01 8.906369e-01 -5.132272e-02
    outer loop
      vertex   -3.400299e-02 6.725528e-02 -8.169240e-02
      vertex   -3.488844e-02 6.654508e-02 -8.622208e-02
      vertex   -3.539511e-02 6.654508e-02 -8.176169e-02
    endloop
  endfacet
  facet normal -4.546728e-01 8.906369e-01 6.205095e-03
    outer loop
      vertex   -3.394414e-02 6.725528e-02 -7.738029e-02
      vertex   -3.400299e-02 6.725528e-02 -8.169240e-02
      vertex   -3.539511e-02 6.654508e-02 -8.176169e-02
    endloop
  endfacet
  facet normal -4.546728e-01 8.906369e-01 6.205095e-03
    outer loop
      vertex   -3.394414e-02 6.725528e-02 -7.738029e-02
      vertex   -3.539511e-02 6.654508e-02 -8.176169e-02
      vertex   -3.533385e-02 6.654508e-02 -7.727304e-02
    endloop
  endfacet
  facet normal -4.502406e-01 8.906369e-01 6.363335e-02
    outer loop
      vertex   -3.334065e-02 6.725528e-02 -7.311022e-02
      vertex   -3.394414e-02 6.725528e-02 -7.738029e-02
      vertex   -3.533385e-02 6.654508e-02 -7.727304e-02
    endloop
  endfacet
  facet normal -4.502406e-01 8.906369e-01 6.363335e-02
    outer loop
      vertex   -3.334065e-02 6.725528e-02 -7.311022e-02
      vertex   -3.533385e-02 6.654508e-02 -7.727304e-02
      vertex   -3.470565e-02 6.654508e-02 -7.282814e-02
    endloop
  endfacet
  facet normal -4.385842e-01 8.906369e-01 1.200406e-01
    outer loop
      vertex   -3.220218e-02 6.725528e-02 -6.895069e-02
      vertex   -3.334065e-02 6.725528e-02 -7.311022e-02
      vertex   -3.470565e-02 6.654508e-02 -7.282814e-02
    endloop
  endfacet
  facet normal -4.385842e-01 8.906369e-01 1.200406e-01
    outer loop
      vertex   -3.220218e-02 6.725528e-02 -6.895069e-02
      vertex   -3.470565e-02 6.654508e-02 -7.282814e-02
      vertex   -3.352057e-02 6.654508e-02 -6.849832e-02
    endloop
  endfacet
  facet normal -4.198905e-01 8.906369e-01 1.745217e-01
    outer loop
      vertex   -3.054702e-02 6.725528e-02 -6.496846e-02
      vertex   -3.220218e-02 6.725528e-02 -6.895069e-02
      vertex   -3.352057e-02 6.654508e-02 -6.849832e-02
    endloop
  endfacet
  facet normal -4.198905e-01 8.906369e-01 1.745217e-01
    outer loop
      vertex   -3.054702e-02 6.725528e-02 -6.496846e-02
      vertex   -3.352057e-02 6.654508e-02 -6.849832e-02
      vertex   -3.179765e-02 6.654508e-02 -6.435305e-02
    endloop
  endfacet
  facet normal -3.944594e-01 8.906369e-01 2.262026e-01
    outer loop
      vertex   -2.840172e-02 6.725528e-02 -6.122741e-02
      vertex   -3.054702e-02 6.725528e-02 -6.496846e-02
      vertex   -3.179765e-02 6.654508e-02 -6.435305e-02
    endloop
  endfacet
  facet normal -3.944594e-01 8.906369e-01 2.262026e-01
    outer loop
      vertex   -2.840172e-02 6.725528e-02 -6.122741e-02
      vertex   -3.179765e-02 6.654508e-02 -6.435305e-02
      vertex   -2.956452e-02 6.654508e-02 -6.045884e-02
    endloop
  endfacet
  facet normal -3.626991e-01 8.906369e-01 2.742539e-01
    outer loop
      vertex   -2.580070e-02 6.725528e-02 -5.778758e-02
      vertex   -2.840172e-02 6.725528e-02 -6.122741e-02
      vertex   -2.956452e-02 6.654508e-02 -6.045884e-02
    endloop
  endfacet
  facet normal -3.626991e-01 8.906369e-01 2.742539e-01
    outer loop
      vertex   -2.580070e-02 6.725528e-02 -5.778758e-02
      vertex   -2.956452e-02 6.654508e-02 -6.045884e-02
      vertex   -2.685701e-02 6.654508e-02 -5.687818e-02
    endloop
  endfacet
  facet normal -3.251191e-01 8.906369e-01 3.179047e-01
    outer loop
      vertex   -2.278570e-02 6.725528e-02 -5.470416e-02
      vertex   -2.580070e-02 6.725528e-02 -5.778758e-02
      vertex   -2.685701e-02 6.654508e-02 -5.687818e-02
    endloop
  endfacet
  facet normal -3.251191e-01 8.906369e-01 3.179047e-01
    outer loop
      vertex   -2.278570e-02 6.725528e-02 -5.470416e-02
      vertex   -2.685701e-02 6.654508e-02 -5.687818e-02
      vertex   -2.371857e-02 6.654508e-02 -5.366852e-02
    endloop
  endfacet
  facet normal -2.823225e-01 8.906369e-01 3.564546e-01
    outer loop
      vertex   -1.940509e-02 6.725528e-02 -5.202661e-02
      vertex   -2.278570e-02 6.725528e-02 -5.470416e-02
      vertex   -2.371857e-02 6.654508e-02 -5.366852e-02
    endloop
  endfacet
  facet normal -2.823225e-01 8.906369e-01 3.564546e-01
    outer loop
      vertex   -1.940509e-02 6.725528e-02 -5.202661e-02
      vertex   -2.371857e-02 6.654508e-02 -5.366852e-02
      vertex   -2.019955e-02 6.654508e-02 -5.088135e-02
    endloop
  endfacet
  facet normal 9.690992e-02 -0.000000e+00 9.952932e-01
    outer loop
      vertex   1.500000e-02 3.976493e-02 -2.200000e-02
      vertex   1.596327e-02 3.898308e-02 -2.209379e-02
      vertex   1.500000e-02 6.250000e-02 -2.200000e-02
    endloop
  endfacet
  facet normal 1.564340e-01 2.468492e-03 9.876853e-01
    outer loop
      vertex   1.500000e-02 6.250000e-02 -2.200000e-02
      vertex   1.596327e-02 3.898308e-02 -2.209379e-02
      vertex   1.654508e-02 6.250000e-02 -2.224472e-02
    endloop
  endfacet
  facet normal 2.846256e-01 -8.894168e-04 9.586383e-01
    outer loop
      vertex   1.654508e-02 6.250000e-02 -2.224472e-02
      vertex   1.596327e-02 3.898308e-02 -2.209379e-02
      vertex   1.687847e-02 3.813683e-02 -2.236630e-02
    endloop
  endfacet
  facet normal 4.539898e-01 1.765661e-03 8.910051e-01
    outer loop
      vertex   1.654508e-02 6.250000e-02 -2.224472e-02
      vertex   1.687847e-02 3.813683e-02 -2.236630e-02
      vertex   1.793893e-02 6.250000e-02 -2.295492e-02
    endloop
  endfacet
  facet normal 4.628511e-01 1.269541e-03 8.864351e-01
    outer loop
      vertex   1.793893e-02 6.250000e-02 -2.295492e-02
      vertex   1.687847e-02 3.813683e-02 -2.236630e-02
      vertex   1.771968e-02 3.726205e-02 -2.280429e-02
    endloop
  endfacet
  facet normal 6.208815e-01 -7.152431e-04 7.839041e-01
    outer loop
      vertex   1.793893e-02 6.250000e-02 -2.295492e-02
      vertex   1.771968e-02 3.726205e-02 -2.280429e-02
      vertex   1.846559e-02 3.640425e-02 -2.339587e-02
    endloop
  endfacet
  facet normal 7.071049e-01 2.322631e-03 7.071049e-01
    outer loop
      vertex   1.793893e-02 6.250000e-02 -2.295492e-02
      vertex   1.846559e-02 3.640425e-02 -2.339587e-02
      vertex   1.904508e-02 6.250000e-02 -2.406107e-02
    endloop
  endfacet
  facet normal 7.594540e-01 -2.812194e-04 6.505609e-01
    outer loop
      vertex   1.904508e-02 6.250000e-02 -2.406107e-02
      vertex   1.846559e-02 3.640425e-02 -2.339587e-02
      vertex   1.909458e-02 3.561610e-02 -2.413047e-02
    endloop
  endfacet
  facet normal 8.718819e-01 3.409906e-04 4.897160e-01
    outer loop
      vertex   1.904508e-02 6.250000e-02 -2.406107e-02
      vertex   1.909458e-02 3.561610e-02 -2.413047e-02
      vertex   1.958023e-02 3.496459e-02 -2.499467e-02
    endloop
  endfacet
  facet normal 8.910049e-01 1.923948e-03 4.539897e-01
    outer loop
      vertex   1.904508e-02 6.250000e-02 -2.406107e-02
      vertex   1.958023e-02 3.496459e-02 -2.499467e-02
      vertex   1.975528e-02 6.250000e-02 -2.545492e-02
    endloop
  endfacet
  facet normal 9.520551e-01 -9.390412e-04 3.059252e-01
    outer loop
      vertex   1.975528e-02 6.250000e-02 -2.545492e-02
      vertex   1.958023e-02 3.496459e-02 -2.499467e-02
      vertex   1.989183e-02 3.452566e-02 -2.596573e-02
    endloop
  endfacet
  facet normal 9.876864e-01 1.964602e-03 1.564342e-01
    outer loop
      vertex   1.975528e-02 6.250000e-02 -2.545492e-02
      vertex   1.989183e-02 3.452566e-02 -2.596573e-02
      vertex   2.000000e-02 6.250000e-02 -2.700000e-02
    endloop
  endfacet
  facet normal 9.945755e-01 0.000000e+00 1.040173e-01
    outer loop
      vertex   2.000000e-02 6.250000e-02 -2.700000e-02
      vertex   1.989183e-02 3.452566e-02 -2.596573e-02
      vertex   2.000000e-02 3.436932e-02 -2.700000e-02
    endloop
  endfacet
  facet normal 7.074346e-01 7.067788e-01 0.000000e+00
    outer loop
      vertex   2.205882e-02 3.032587e-02 -2.700000e-02
      vertex   2.205882e-02 3.032587e-02 -4.000000e-02
      vertex   2.095383e-02 3.143189e-02 -2.700000e-02
    endloop
  endfacet
  facet normal 7.074346e-01 7.067788e-01 4.529462e-15
    outer loop
      vertex   2.095383e-02 3.143189e-02 -2.700000e-02
      vertex   2.205882e-02 3.032587e-02 -4.000000e-02
      vertex   2.095383e-02 3.143189e-02 -4.000000e-02
    endloop
  endfacet
  facet normal 8.911328e-01 4.537426e-01 4.540515e-15
    outer loop
      vertex   2.095383e-02 3.143189e-02 -2.700000e-02
      vertex   2.095383e-02 3.143189e-02 -4.000000e-02
      vertex   2.024443e-02 3.282511e-02 -2.700000e-02
    endloop
  endfacet
  facet normal 8.911328e-01 4.537426e-01 4.527422e-15
    outer loop
      vertex   2.024443e-02 3.282511e-02 -2.700000e-02
      vertex   2.095383e-02 3.143189e-02 -4.000000e-02
      vertex   2.024443e-02 3.282511e-02 -4.000000e-02
    endloop
  endfacet
  facet normal 9.877028e-01 1.563429e-01 4.648077e-15
    outer loop
      vertex   2.024443e-02 3.282511e-02 -2.700000e-02
      vertex   2.024443e-02 3.282511e-02 -4.000000e-02
      vertex   2.000000e-02 3.436932e-02 -2.700000e-02
    endloop
  endfacet
  facet normal 9.877028e-01 1.563429e-01 -7.907960e-16
    outer loop
      vertex   2.000000e-02 3.436932e-02 -2.700000e-02
      vertex   2.024443e-02 3.282511e-02 -4.000000e-02
      vertex   2.000000e-02 3.436932e-02 -4.000000e-02
    endloop
  endfacet
  facet normal -9.944864e-01 1.048652e-01 1.621500e-16
    outer loop
      vertex   -2.000000e-02 6.250000e-02 -4.827856e-02
      vertex   -2.000000e-02 6.250000e-02 -2.700000e-02
      vertex   -1.989004e-02 6.354283e-02 -4.833926e-02
    endloop
  endfacet
  facet normal -9.876851e-01 1.564340e-01 2.555158e-03
    outer loop
      vertex   -1.989004e-02 6.354283e-02 -4.833926e-02
      vertex   -2.000000e-02 6.250000e-02 -2.700000e-02
      vertex   -1.975528e-02 6.404508e-02 -2.700000e-02
    endloop
  endfacet
  facet normal -9.511485e-01 3.087311e-01 -1.260152e-03
    outer loop
      vertex   -1.989004e-02 6.354283e-02 -4.833926e-02
      vertex   -1.975528e-02 6.404508e-02 -2.700000e-02
      vertex   -1.956938e-02 6.453001e-02 -4.851701e-02
    endloop
  endfacet
  facet normal -8.910037e-01 4.539890e-01 2.533119e-03
    outer loop
      vertex   -1.956938e-02 6.453001e-02 -4.851701e-02
      vertex   -1.975528e-02 6.404508e-02 -2.700000e-02
      vertex   -1.904508e-02 6.543893e-02 -2.700000e-02
    endloop
  endfacet
  facet normal -8.679534e-01 4.966456e-01 1.695702e-04
    outer loop
      vertex   -1.956938e-02 6.453001e-02 -4.851701e-02
      vertex   -1.904508e-02 6.543893e-02 -2.700000e-02
      vertex   -1.906569e-02 6.541035e-02 -4.879825e-02
    endloop
  endfacet
  facet normal -7.515380e-01 6.596897e-01 -1.542023e-04
    outer loop
      vertex   -1.906569e-02 6.541035e-02 -4.879825e-02
      vertex   -1.904508e-02 6.543893e-02 -2.700000e-02
      vertex   -1.841215e-02 6.615480e-02 -4.916699e-02
    endloop
  endfacet
  facet normal -7.071043e-01 7.071043e-01 2.645762e-03
    outer loop
      vertex   -1.841215e-02 6.615480e-02 -4.916699e-02
      vertex   -1.904508e-02 6.543893e-02 -2.700000e-02
      vertex   -1.793893e-02 6.654508e-02 -2.700000e-02
    endloop
  endfacet
  facet normal -6.091719e-01 7.930376e-01 -9.578799e-04
    outer loop
      vertex   -1.841215e-02 6.615480e-02 -4.916699e-02
      vertex   -1.793893e-02 6.654508e-02 -2.700000e-02
      vertex   -1.764811e-02 6.674117e-02 -4.960373e-02
    endloop
  endfacet
  facet normal -4.539897e-01 8.910049e-01 1.888556e-03
    outer loop
      vertex   -1.764811e-02 6.674117e-02 -4.960373e-02
      vertex   -1.793893e-02 6.654508e-02 -2.700000e-02
      vertex   -1.654508e-02 6.725528e-02 -2.700000e-02
    endloop
  endfacet
  facet normal -4.467072e-01 8.946790e-01 1.449619e-03
    outer loop
      vertex   -1.764811e-02 6.674117e-02 -4.960373e-02
      vertex   -1.654508e-02 6.725528e-02 -2.700000e-02
      vertex   -1.680582e-02 6.716252e-02 -5.009259e-02
    endloop
  endfacet
  facet normal -2.739266e-01 9.617503e-01 -7.706541e-04
    outer loop
      vertex   -1.680582e-02 6.716252e-02 -5.009259e-02
      vertex   -1.654508e-02 6.725528e-02 -2.700000e-02
      vertex   -1.591758e-02 6.741509e-02 -5.061693e-02
    endloop
  endfacet
  facet normal -1.564340e-01 9.876852e-01 2.526652e-03
    outer loop
      vertex   -1.591758e-02 6.741509e-02 -5.061693e-02
      vertex   -1.654508e-02 6.725528e-02 -2.700000e-02
      vertex   -1.500000e-02 6.750000e-02 -2.700000e-02
    endloop
  endfacet
  facet normal -9.311961e-02 9.956549e-01 3.808009e-05
    outer loop
      vertex   -1.591758e-02 6.741509e-02 -5.061693e-02
      vertex   -1.500000e-02 6.750000e-02 -2.700000e-02
      vertex   -1.500999e-02 6.749999e-02 -5.116253e-02
    endloop
  endfacet
  facet normal -9.987624e-04 9.999995e-01 3.584382e-19
    outer loop
      vertex   -1.500999e-02 6.749999e-02 -5.116253e-02
      vertex   -1.500000e-02 6.750000e-02 -2.700000e-02
      vertex   -1.500000e-02 6.750000e-02 -5.116859e-02
    endloop
  endfacet
  facet normal -0.000000e+00 1.564345e-01 9.876883e-01
    outer loop
      vertex   -1.500000e-02 6.250000e-02 -2.200000e-02
      vertex   1.500000e-02 6.250000e-02 -2.200000e-02
      vertex   -1.500000e-02 6.404508e-02 -2.224472e-02
    endloop
  endfacet
  facet normal -0.000000e+00 1.564345e-01 9.876883e-01
    outer loop
      vertex   -1.500000e-02 6.404508e-02 -2.224472e-02
      vertex   1.500000e-02 6.250000e-02 -2.200000e-02
      vertex   1.500000e-02 6.404508e-02 -2.224472e-02
    endloop
  endfacet
  facet normal -0.000000e+00 4.539905e-01 8.910065e-01
    outer loop
      vertex   -1.500000e-02 6.404508e-02 -2.224472e-02
      vertex   1.500000e-02 6.404508e-02 -2.224472e-02
      vertex   -1.500000e-02 6.543893e-02 -2.295492e-02
    endloop
  endfacet
  facet normal -0.000000e+00 4.539905e-01 8.910065e-01
    outer loop
      vertex   -1.500000e-02 6.543893e-02 -2.295492e-02
      vertex   1.500000e-02 6.404508e-02 -2.224472e-02
      vertex   1.500000e-02 6.543893e-02 -2.295492e-02
    endloop
  endfacet
  facet normal -0.000000e+00 7.071068e-01 7.071068e-01
    outer loop
      vertex   -1.500000e-02 6.543893e-02 -2.295492e-02
      vertex   1.500000e-02 6.543893e-02 -2.295492e-02
      vertex   -1.500000e-02 6.654508e-02 -2.406107e-02
    endloop
  endfacet
  facet normal -0.000000e+00 7.071068e-01 7.071068e-01
    outer loop
      vertex   -1.500000e-02 6.654508e-02 -2.406107e-02
      vertex   1.500000e-02 6.543893e-02 -2.295492e-02
      vertex   1.500000e-02 6.654508e-02 -2.406107e-02
    endloop
  endfacet
  facet normal -0.000000e+00 8.910065e-01 4.539905e-01
    outer loop
      vertex   -1.500000e-02 6.654508e-02 -2.406107e-02
      vertex   1.500000e-02 6.654508e-02 -2.406107e-02
      vertex   -1.500000e-02 6.725528e-02 -2.545492e-02
    endloop
  endfacet
  facet normal -0.000000e+00 8.910065e-01 4.539905e-01
    outer loop
      vertex   -1.500000e-02 6.725528e-02 -2.545492e-02
      vertex   1.500000e-02 6.654508e-02 -2.406107e-02
      vertex   1.500000e-02 6.725528e-02 -2.545492e-02
    endloop
  endfacet
  facet normal -0.000000e+00 9.876883e-01 1.564345e-01
    outer loop
      vertex   -1.500000e-02 6.725528e-02 -2.545492e-02
      vertex   1.500000e-02 6.725528e-02 -2.545492e-02
      vertex   -1.500000e-02 6.750000e-02 -2.700000e-02
    endloop
  endfacet
  facet normal -0.000000e+00 9.876883e-01 1.564345e-01
    outer loop
      vertex   -1.500000e-02 6.750000e-02 -2.700000e-02
      vertex   1.500000e-02 6.725528e-02 -2.545492e-02
      vertex   1.500000e-02 6.750000e-02 -2.700000e-02
    endloop
  endfacet
  facet normal -9.877028e-01 1.563429e-01 2.635987e-16
    outer loop
      vertex   -2.000000e-02 3.436932e-02 -2.700000e-02
      vertex   -2.000000e-02 3.436932e-02 -4.000000e-02
      vertex   -2.024443e-02 3.282511e-02 -2.700000e-02
    endloop
  endfacet
  facet normal -9.877028e-01 1.563429e-01 8.344974e-17
    outer loop
      vertex   -2.024443e-02 3.282511e-02 -2.700000e-02
      vertex   -2.000000e-02 3.436932e-02 -4.000000e-02
      vertex   -2.024443e-02 3.282511e-02 -4.000000e-02
    endloop
  endfacet
  facet normal -8.911328e-01 4.537426e-01 2.421901e-16
    outer loop
      vertex   -2.024443e-02 3.282511e-02 -2.700000e-02
      vertex   -2.024443e-02 3.282511e-02 -4.000000e-02
      vertex   -2.095383e-02 3.143189e-02 -2.700000e-02
    endloop
  endfacet
  facet normal -8.911328e-01 4.537426e-01 0.000000e+00
    outer loop
      vertex   -2.095383e-02 3.143189e-02 -2.700000e-02
      vertex   -2.024443e-02 3.282511e-02 -4.000000e-02
      vertex   -2.095383e-02 3.143189e-02 -4.000000e-02
    endloop
  endfacet
  facet normal -7.074346e-01 7.067788e-01 0.000000e+00
    outer loop
      vertex   -2.095383e-02 3.143189e-02 -2.700000e-02
      vertex   -2.095383e-02 3.143189e-02 -4.000000e-02
      vertex   -2.205882e-02 3.032587e-02 -2.700000e-02
    endloop
  endfacet
  facet normal -7.074346e-01 7.067788e-01 1.886255e-16
    outer loop
      vertex   -2.205882e-02 3.032587e-02 -2.700000e-02
      vertex   -2.095383e-02 3.143189e-02 -4.000000e-02
      vertex   -2.205882e-02 3.032587e-02 -4.000000e-02
    endloop
  endfacet
  facet normal -9.683108e-02 0.000000e+00 9.953008e-01
    outer loop
      vertex   -1.500000e-02 3.976493e-02 -2.200000e-02
      vertex   -1.500000e-02 6.250000e-02 -2.200000e-02
      vertex   -1.596376e-02 3.898345e-02 -2.209376e-02
    endloop
  endfacet
  facet normal -1.564340e-01 2.473021e-03 9.876853e-01
    outer loop
      vertex   -1.596376e-02 3.898345e-02 -2.209376e-02
      vertex   -1.500000e-02 6.250000e-02 -2.200000e-02
      vertex   -1.654508e-02 6.250000e-02 -2.224472e-02
    endloop
  endfacet
  facet normal -2.847790e-01 -8.863951e-04 9.585928e-01
    outer loop
      vertex   -1.596376e-02 3.898345e-02 -2.209376e-02
      vertex   -1.654508e-02 6.250000e-02 -2.224472e-02
      vertex   -1.687851e-02 3.813673e-02 -2.236630e-02
    endloop
  endfacet
  facet normal -4.539898e-01 1.766661e-03 8.910051e-01
    outer loop
      vertex   -1.687851e-02 3.813673e-02 -2.236630e-02
      vertex   -1.654508e-02 6.250000e-02 -2.224472e-02
      vertex   -1.793893e-02 6.250000e-02 -2.295492e-02
    endloop
  endfacet
  facet normal -4.629143e-01 1.267013e-03 8.864021e-01
    outer loop
      vertex   -1.687851e-02 3.813673e-02 -2.236630e-02
      vertex   -1.793893e-02 6.250000e-02 -2.295492e-02
      vertex   -1.771973e-02 3.726217e-02 -2.280437e-02
    endloop
  endfacet
  facet normal -6.208054e-01 -7.153895e-04 7.839644e-01
    outer loop
      vertex   -1.771973e-02 3.726217e-02 -2.280437e-02
      vertex   -1.793893e-02 6.250000e-02 -2.295492e-02
      vertex   -1.846579e-02 3.640370e-02 -2.339594e-02
    endloop
  endfacet
  facet normal -7.071049e-01 2.325872e-03 7.071049e-01
    outer loop
      vertex   -1.846579e-02 3.640370e-02 -2.339594e-02
      vertex   -1.793893e-02 6.250000e-02 -2.295492e-02
      vertex   -1.904508e-02 6.250000e-02 -2.406107e-02
    endloop
  endfacet
  facet normal -7.595484e-01 -2.822562e-04 6.504507e-01
    outer loop
      vertex   -1.846579e-02 3.640370e-02 -2.339594e-02
      vertex   -1.904508e-02 6.250000e-02 -2.406107e-02
      vertex   -1.909453e-02 3.561626e-02 -2.413047e-02
    endloop
  endfacet
  facet normal -8.721518e-01 3.410105e-04 4.892352e-01
    outer loop
      vertex   -1.909453e-02 3.561626e-02 -2.413047e-02
      vertex   -1.904508e-02 6.250000e-02 -2.406107e-02
      vertex   -1.958028e-02 3.496468e-02 -2.499597e-02
    endloop
  endfacet
  facet normal -8.910049e-01 1.904137e-03 4.539897e-01
    outer loop
      vertex   -1.958028e-02 3.496468e-02 -2.499597e-02
      vertex   -1.904508e-02 6.250000e-02 -2.406107e-02
      vertex   -1.975528e-02 6.250000e-02 -2.545492e-02
    endloop
  endfacet
  facet normal -9.519438e-01 -9.452355e-04 3.062713e-01
    outer loop
      vertex   -1.958028e-02 3.496468e-02 -2.499597e-02
      vertex   -1.975528e-02 6.250000e-02 -2.545492e-02
      vertex   -1.989187e-02 3.452558e-02 -2.596580e-02
    endloop
  endfacet
  facet normal -9.876864e-01 1.965712e-03 1.564342e-01
    outer loop
      vertex   -1.989187e-02 3.452558e-02 -2.596580e-02
      vertex   -1.975528e-02 6.250000e-02 -2.545492e-02
      vertex   -2.000000e-02 6.250000e-02 -2.700000e-02
    endloop
  endfacet
  facet normal -9.945790e-01 0.000000e+00 1.039835e-01
    outer loop
      vertex   -1.989187e-02 3.452558e-02 -2.596580e-02
      vertex   -2.000000e-02 6.250000e-02 -2.700000e-02
      vertex   -2.000000e-02 3.436932e-02 -2.700000e-02
    endloop
  endfacet
  facet normal -4.748801e-02 1.531935e-01 9.870545e-01
    outer loop
      vertex   -1.012198e-02 4.127706e-02 -2.200000e-02
      vertex   -1.500000e-02 3.976493e-02 -2.200000e-02
      vertex   -1.043575e-02 3.960303e-02 -2.175528e-02
    endloop
  endfacet
  facet normal -4.766157e-02 1.492100e-01 9.876562e-01
    outer loop
      vertex   -1.043575e-02 3.960303e-02 -2.175528e-02
      vertex   -1.500000e-02 3.976493e-02 -2.200000e-02
      vertex   -1.445468e-02 3.831928e-02 -2.175528e-02
    endloop
  endfacet
  facet normal -1.382859e-01 4.329196e-01 8.907624e-01
    outer loop
      vertex   -1.043575e-02 3.960303e-02 -2.175528e-02
      vertex   -1.445468e-02 3.831928e-02 -2.175528e-02
      vertex   -1.396273e-02 3.701514e-02 -2.104508e-02
    endloop
  endfacet
  facet normal -1.382859e-01 4.329196e-01 8.907624e-01
    outer loop
      vertex   -1.043575e-02 3.960303e-02 -2.175528e-02
      vertex   -1.396273e-02 3.701514e-02 -2.104508e-02
      vertex   -1.008059e-02 3.825520e-02 -2.104508e-02
    endloop
  endfacet
  facet normal -2.153012e-01 6.740249e-01 7.066370e-01
    outer loop
      vertex   -1.008059e-02 3.825520e-02 -2.104508e-02
      vertex   -1.396273e-02 3.701514e-02 -2.104508e-02
      vertex   -1.357232e-02 3.598017e-02 -1.993893e-02
    endloop
  endfacet
  facet normal -2.153012e-01 6.740249e-01 7.066370e-01
    outer loop
      vertex   -1.008059e-02 3.825520e-02 -2.104508e-02
      vertex   -1.357232e-02 3.598017e-02 -1.993893e-02
      vertex   -9.798724e-03 3.718555e-02 -1.993893e-02
    endloop
  endfacet
  facet normal -2.711895e-01 8.489895e-01 4.535119e-01
    outer loop
      vertex   -9.798724e-03 3.718555e-02 -1.993893e-02
      vertex   -1.357232e-02 3.598017e-02 -1.993893e-02
      vertex   -1.332166e-02 3.531568e-02 -1.854508e-02
    endloop
  endfacet
  facet normal -2.711895e-01 8.489895e-01 4.535119e-01
    outer loop
      vertex   -9.798724e-03 3.718555e-02 -1.993893e-02
      vertex   -1.332166e-02 3.531568e-02 -1.854508e-02
      vertex   -9.617758e-03 3.649880e-02 -1.854508e-02
    endloop
  endfacet
  facet normal -3.005434e-01 9.408854e-01 1.562319e-01
    outer loop
      vertex   -9.617758e-03 3.649880e-02 -1.854508e-02
      vertex   -1.332166e-02 3.531568e-02 -1.854508e-02
      vertex   -1.323529e-02 3.508671e-02 -1.700000e-02
    endloop
  endfacet
  facet normal -2.914191e-01 9.401006e-01 1.768776e-01
    outer loop
      vertex   -9.617758e-03 3.649880e-02 -1.854508e-02
      vertex   -1.323529e-02 3.508671e-02 -1.700000e-02
      vertex   -8.931155e-03 3.642093e-02 -1.700000e-02
    endloop
  endfacet
  facet normal -2.026807e-01 9.693412e-01 1.389177e-01
    outer loop
      vertex   -9.617758e-03 3.649880e-02 -1.854508e-02
      vertex   -8.931155e-03 3.642093e-02 -1.700000e-02
      vertex   -5.811786e-03 3.729460e-02 -1.854508e-02
    endloop
  endfacet
  facet normal -1.760929e-01 9.657515e-01 1.905658e-01
    outer loop
      vertex   -5.811786e-03 3.729460e-02 -1.854508e-02
      vertex   -8.931155e-03 3.642093e-02 -1.700000e-02
      vertex   -4.498053e-03 3.722926e-02 -1.700000e-02
    endloop
  endfacet
  facet normal -1.020260e-01 9.864520e-01 1.284646e-01
    outer loop
      vertex   -5.811786e-03 3.729460e-02 -1.854508e-02
      vertex   -4.498053e-03 3.722926e-02 -1.700000e-02
      vertex   -1.944139e-03 3.769462e-02 -1.854508e-02
    endloop
  endfacet
  facet normal -5.890070e-02 9.785580e-01 1.973700e-01
    outer loop
      vertex   -1.944139e-03 3.769462e-02 -1.854508e-02
      vertex   -4.498053e-03 3.722926e-02 -1.700000e-02
      vertex   1.686789e-17 3.750000e-02 -1.700000e-02
    endloop
  endfacet
  facet normal -0.000000e+00 9.921605e-01 1.249702e-01
    outer loop
      vertex   -1.944139e-03 3.769462e-02 -1.854508e-02
      vertex   1.686789e-17 3.750000e-02 -1.700000e-02
      vertex   1.944139e-03 3.769462e-02 -1.854508e-02
    endloop
  endfacet
  facet normal 5.890070e-02 9.785580e-01 1.973700e-01
    outer loop
      vertex   1.944139e-03 3.769462e-02 -1.854508e-02
      vertex   1.686789e-17 3.750000e-02 -1.700000e-02
      vertex   4.498053e-03 3.722926e-02 -1.700000e-02
    endloop
  endfacet
  facet normal 1.020260e-01 9.864520e-01 1.284646e-01
    outer loop
      vertex   1.944139e-03 3.769462e-02 -1.854508e-02
      vertex   4.498053e-03 3.722926e-02 -1.700000e-02
      vertex   5.811786e-03 3.729460e-02 -1.854508e-02
    endloop
  endfacet
  facet normal 1.760929e-01 9.657515e-01 1.905658e-01
    outer loop
      vertex   5.811786e-03 3.729460e-02 -1.854508e-02
      vertex   4.498053e-03 3.722926e-02 -1.700000e-02
      vertex   8.931155e-03 3.642093e-02 -1.700000e-02
    endloop
  endfacet
  facet normal 2.026807e-01 9.693412e-01 1.389177e-01
    outer loop
      vertex   5.811786e-03 3.729460e-02 -1.854508e-02
      vertex   8.931155e-03 3.642093e-02 -1.700000e-02
      vertex   9.617758e-03 3.649880e-02 -1.854508e-02
    endloop
  endfacet
  facet normal 2.914191e-01 9.401006e-01 1.768776e-01
    outer loop
      vertex   9.617758e-03 3.649880e-02 -1.854508e-02
      vertex   8.931155e-03 3.642093e-02 -1.700000e-02
      vertex   1.323529e-02 3.508671e-02 -1.700000e-02
    endloop
  endfacet
  facet normal 3.005434e-01 9.408854e-01 1.562319e-01
    outer loop
      vertex   9.617758e-03 3.649880e-02 -1.854508e-02
      vertex   1.323529e-02 3.508671e-02 -1.700000e-02
      vertex   1.332166e-02 3.531568e-02 -1.854508e-02
    endloop
  endfacet
  facet normal 2.711895e-01 8.489895e-01 4.535119e-01
    outer loop
      vertex   1.332166e-02 3.531568e-02 -1.854508e-02
      vertex   1.357232e-02 3.598017e-02 -1.993893e-02
      vertex   9.617758e-03 3.649880e-02 -1.854508e-02
    endloop
  endfacet
  facet normal 2.711895e-01 8.489895e-01 4.535119e-01
    outer loop
      vertex   9.617758e-03 3.649880e-02 -1.854508e-02
      vertex   1.357232e-02 3.598017e-02 -1.993893e-02
      vertex   9.798724e-03 3.718555e-02 -1.993893e-02
    endloop
  endfacet
  facet normal 1.824078e-01 8.723843e-01 4.535119e-01
    outer loop
      vertex   9.617758e-03 3.649880e-02 -1.854508e-02
      vertex   9.798724e-03 3.718555e-02 -1.993893e-02
      vertex   5.811786e-03 3.729460e-02 -1.854508e-02
    endloop
  endfacet
  facet normal 1.824078e-01 8.723843e-01 4.535119e-01
    outer loop
      vertex   5.811786e-03 3.729460e-02 -1.854508e-02
      vertex   9.798724e-03 3.718555e-02 -1.993893e-02
      vertex   5.921140e-03 3.799632e-02 -1.993893e-02
    endloop
  endfacet
  facet normal 9.169042e-02 8.865212e-01 4.535119e-01
    outer loop
      vertex   5.811786e-03 3.729460e-02 -1.854508e-02
      vertex   5.921140e-03 3.799632e-02 -1.993893e-02
      vertex   1.944139e-03 3.769462e-02 -1.854508e-02
    endloop
  endfacet
  facet normal 9.169042e-02 8.865212e-01 4.535119e-01
    outer loop
      vertex   1.944139e-03 3.769462e-02 -1.854508e-02
      vertex   5.921140e-03 3.799632e-02 -1.993893e-02
      vertex   1.980720e-03 3.840387e-02 -1.993893e-02
    endloop
  endfacet
  facet normal 0.000000e+00 8.912502e-01 4.535119e-01
    outer loop
      vertex   1.944139e-03 3.769462e-02 -1.854508e-02
      vertex   1.980720e-03 3.840387e-02 -1.993893e-02
      vertex   -1.944139e-03 3.769462e-02 -1.854508e-02
    endloop
  endfacet
  facet normal 0.000000e+00 8.912502e-01 4.535119e-01
    outer loop
      vertex   -1.944139e-03 3.769462e-02 -1.854508e-02
      vertex   1.980720e-03 3.840387e-02 -1.993893e-02
      vertex   -1.980720e-03 3.840387e-02 -1.993893e-02
    endloop
  endfacet
  facet normal -9.169042e-02 8.865212e-01 4.535119e-01
    outer loop
      vertex   -1.944139e-03 3.769462e-02 -1.854508e-02
      vertex   -1.980720e-03 3.840387e-02 -1.993893e-02
      vertex   -5.811786e-03 3.729460e-02 -1.854508e-02
    endloop
  endfacet
  facet normal -9.169042e-02 8.865212e-01 4.535119e-01
    outer loop
      vertex   -5.811786e-03 3.729460e-02 -1.854508e-02
      vertex   -1.980720e-03 3.840387e-02 -1.993893e-02
      vertex   -5.921140e-03 3.799632e-02 -1.993893e-02
    endloop
  endfacet
  facet normal -1.824078e-01 8.723843e-01 4.535119e-01
    outer loop
      vertex   -5.811786e-03 3.729460e-02 -1.854508e-02
      vertex   -5.921140e-03 3.799632e-02 -1.993893e-02
      vertex   -9.617758e-03 3.649880e-02 -1.854508e-02
    endloop
  endfacet
  facet normal -1.824078e-01 8.723843e-01 4.535119e-01
    outer loop
      vertex   -9.617758e-03 3.649880e-02 -1.854508e-02
      vertex   -5.921140e-03 3.799632e-02 -1.993893e-02
      vertex   -9.798724e-03 3.718555e-02 -1.993893e-02
    endloop
  endfacet
  facet normal 2.153012e-01 6.740249e-01 7.066370e-01
    outer loop
      vertex   1.357232e-02 3.598017e-02 -1.993893e-02
      vertex   1.396273e-02 3.701514e-02 -2.104508e-02
      vertex   9.798724e-03 3.718555e-02 -1.993893e-02
    endloop
  endfacet
  facet normal 2.153012e-01 6.740249e-01 7.066370e-01
    outer loop
      vertex   9.798724e-03 3.718555e-02 -1.993893e-02
      vertex   1.396273e-02 3.701514e-02 -2.104508e-02
      vertex   1.008059e-02 3.825520e-02 -2.104508e-02
    endloop
  endfacet
  facet normal 1.448162e-01 6.925983e-01 7.066370e-01
    outer loop
      vertex   9.798724e-03 3.718555e-02 -1.993893e-02
      vertex   1.008059e-02 3.825520e-02 -2.104508e-02
      vertex   5.921140e-03 3.799632e-02 -1.993893e-02
    endloop
  endfacet
  facet normal 1.448162e-01 6.925983e-01 7.066370e-01
    outer loop
      vertex   5.921140e-03 3.799632e-02 -1.993893e-02
      vertex   1.008059e-02 3.825520e-02 -2.104508e-02
      vertex   6.091462e-03 3.908929e-02 -2.104508e-02
    endloop
  endfacet
  facet normal 7.279433e-02 7.038218e-01 7.066370e-01
    outer loop
      vertex   5.921140e-03 3.799632e-02 -1.993893e-02
      vertex   6.091462e-03 3.908929e-02 -2.104508e-02
      vertex   1.980720e-03 3.840387e-02 -1.993893e-02
    endloop
  endfacet
  facet normal 7.279433e-02 7.038218e-01 7.066370e-01
    outer loop
      vertex   1.980720e-03 3.840387e-02 -1.993893e-02
      vertex   6.091462e-03 3.908929e-02 -2.104508e-02
      vertex   2.037695e-03 3.950856e-02 -2.104508e-02
    endloop
  endfacet
  facet normal 0.000000e+00 7.075762e-01 7.066370e-01
    outer loop
      vertex   1.980720e-03 3.840387e-02 -1.993893e-02
      vertex   2.037695e-03 3.950856e-02 -2.104508e-02
      vertex   -1.980720e-03 3.840387e-02 -1.993893e-02
    endloop
  endfacet
  facet normal 0.000000e+00 7.075762e-01 7.066370e-01
    outer loop
      vertex   -1.980720e-03 3.840387e-02 -1.993893e-02
      vertex   2.037695e-03 3.950856e-02 -2.104508e-02
      vertex   -2.037695e-03 3.950856e-02 -2.104508e-02
    endloop
  endfacet
  facet normal -7.279433e-02 7.038218e-01 7.066370e-01
    outer loop
      vertex   -1.980720e-03 3.840387e-02 -1.993893e-02
      vertex   -2.037695e-03 3.950856e-02 -2.104508e-02
      vertex   -5.921140e-03 3.799632e-02 -1.993893e-02
    endloop
  endfacet
  facet normal -7.279433e-02 7.038218e-01 7.066370e-01
    outer loop
      vertex   -5.921140e-03 3.799632e-02 -1.993893e-02
      vertex   -2.037695e-03 3.950856e-02 -2.104508e-02
      vertex   -6.091462e-03 3.908929e-02 -2.104508e-02
    endloop
  endfacet
  facet normal -1.448162e-01 6.925983e-01 7.066370e-01
    outer loop
      vertex   -5.921140e-03 3.799632e-02 -1.993893e-02
      vertex   -6.091462e-03 3.908929e-02 -2.104508e-02
      vertex   -9.798724e-03 3.718555e-02 -1.993893e-02
    endloop
  endfacet
  facet normal -1.448162e-01 6.925983e-01 7.066370e-01
    outer loop
      vertex   -9.798724e-03 3.718555e-02 -1.993893e-02
      vertex   -6.091462e-03 3.908929e-02 -2.104508e-02
      vertex   -1.008059e-02 3.825520e-02 -2.104508e-02
    endloop
  endfacet
  facet normal 1.382859e-01 4.329196e-01 8.907624e-01
    outer loop
      vertex   1.396273e-02 3.701514e-02 -2.104508e-02
      vertex   1.445468e-02 3.831928e-02 -2.175528e-02
      vertex   1.008059e-02 3.825520e-02 -2.104508e-02
    endloop
  endfacet
  facet normal 1.382859e-01 4.329196e-01 8.907624e-01
    outer loop
      vertex   1.008059e-02 3.825520e-02 -2.104508e-02
      vertex   1.445468e-02 3.831928e-02 -2.175528e-02
      vertex   1.043575e-02 3.960303e-02 -2.175528e-02
    endloop
  endfacet
  facet normal 9.301402e-02 4.448492e-01 8.907624e-01
    outer loop
      vertex   1.008059e-02 3.825520e-02 -2.104508e-02
      vertex   1.043575e-02 3.960303e-02 -2.175528e-02
      vertex   6.091462e-03 3.908929e-02 -2.104508e-02
    endloop
  endfacet
  facet normal 9.301402e-02 4.448492e-01 8.907624e-01
    outer loop
      vertex   6.091462e-03 3.908929e-02 -2.104508e-02
      vertex   1.043575e-02 3.960303e-02 -2.175528e-02
      vertex   6.306080e-03 4.046651e-02 -2.175528e-02
    endloop
  endfacet
  facet normal 4.675509e-02 4.520579e-01 8.907624e-01
    outer loop
      vertex   6.091462e-03 3.908929e-02 -2.104508e-02
      vertex   6.306080e-03 4.046651e-02 -2.175528e-02
      vertex   2.037695e-03 3.950856e-02 -2.104508e-02
    endloop
  endfacet
  facet normal 4.675509e-02 4.520579e-01 8.907624e-01
    outer loop
      vertex   2.037695e-03 3.950856e-02 -2.104508e-02
      vertex   6.306080e-03 4.046651e-02 -2.175528e-02
      vertex   2.109489e-03 4.090055e-02 -2.175528e-02
    endloop
  endfacet
  facet normal 0.000000e+00 4.544694e-01 8.907624e-01
    outer loop
      vertex   2.037695e-03 3.950856e-02 -2.104508e-02
      vertex   2.109489e-03 4.090055e-02 -2.175528e-02
      vertex   -2.037695e-03 3.950856e-02 -2.104508e-02
    endloop
  endfacet
  facet normal 0.000000e+00 4.544694e-01 8.907624e-01
    outer loop
      vertex   -2.037695e-03 3.950856e-02 -2.104508e-02
      vertex   2.109489e-03 4.090055e-02 -2.175528e-02
      vertex   -2.109489e-03 4.090055e-02 -2.175528e-02
    endloop
  endfacet
  facet normal -4.675509e-02 4.520579e-01 8.907624e-01
    outer loop
      vertex   -2.037695e-03 3.950856e-02 -2.104508e-02
      vertex   -2.109489e-03 4.090055e-02 -2.175528e-02
      vertex   -6.091462e-03 3.908929e-02 -2.104508e-02
    endloop
  endfacet
  facet normal -4.675509e-02 4.520579e-01 8.907624e-01
    outer loop
      vertex   -6.091462e-03 3.908929e-02 -2.104508e-02
      vertex   -2.109489e-03 4.090055e-02 -2.175528e-02
      vertex   -6.306080e-03 4.046651e-02 -2.175528e-02
    endloop
  endfacet
  facet normal -9.301402e-02 4.448492e-01 8.907624e-01
    outer loop
      vertex   -6.091462e-03 3.908929e-02 -2.104508e-02
      vertex   -6.306080e-03 4.046651e-02 -2.175528e-02
      vertex   -1.008059e-02 3.825520e-02 -2.104508e-02
    endloop
  endfacet
  facet normal -9.301402e-02 4.448492e-01 8.907624e-01
    outer loop
      vertex   -1.008059e-02 3.825520e-02 -2.104508e-02
      vertex   -6.306080e-03 4.046651e-02 -2.175528e-02
      vertex   -1.043575e-02 3.960303e-02 -2.175528e-02
    endloop
  endfacet
  facet normal 4.766157e-02 1.492100e-01 9.876562e-01
    outer loop
      vertex   1.445468e-02 3.831928e-02 -2.175528e-02
      vertex   1.500000e-02 3.976493e-02 -2.200000e-02
      vertex   1.043575e-02 3.960303e-02 -2.175528e-02
    endloop
  endfacet
  facet normal 4.748801e-02 1.531935e-01 9.870545e-01
    outer loop
      vertex   1.043575e-02 3.960303e-02 -2.175528e-02
      vertex   1.500000e-02 3.976493e-02 -2.200000e-02
      vertex   1.012198e-02 4.127706e-02 -2.200000e-02
    endloop
  endfacet
  facet normal 3.143527e-02 1.503424e-01 9.881341e-01
    outer loop
      vertex   1.043575e-02 3.960303e-02 -2.175528e-02
      vertex   1.012198e-02 4.127706e-02 -2.200000e-02
      vertex   6.306080e-03 4.046651e-02 -2.175528e-02
    endloop
  endfacet
  facet normal 2.922662e-02 1.602884e-01 9.866374e-01
    outer loop
      vertex   6.306080e-03 4.046651e-02 -2.175528e-02
      vertex   1.012198e-02 4.127706e-02 -2.200000e-02
      vertex   5.097793e-03 4.219316e-02 -2.200000e-02
    endloop
  endfacet
  facet normal 1.561927e-02 1.510170e-01 9.884078e-01
    outer loop
      vertex   6.306080e-03 4.046651e-02 -2.175528e-02
      vertex   5.097793e-03 4.219316e-02 -2.200000e-02
      vertex   2.109489e-03 4.090055e-02 -2.175528e-02
    endloop
  endfacet
  facet normal 9.867636e-03 1.639379e-01 9.864213e-01
    outer loop
      vertex   2.109489e-03 4.090055e-02 -2.175528e-02
      vertex   5.097793e-03 4.219316e-02 -2.200000e-02
      vertex   1.439849e-17 4.250000e-02 -2.200000e-02
    endloop
  endfacet
  facet normal 0.000000e+00 1.512411e-01 9.884969e-01
    outer loop
      vertex   2.109489e-03 4.090055e-02 -2.175528e-02
      vertex   1.439849e-17 4.250000e-02 -2.200000e-02
      vertex   -2.109489e-03 4.090055e-02 -2.175528e-02
    endloop
  endfacet
  facet normal -9.867636e-03 1.639379e-01 9.864213e-01
    outer loop
      vertex   -2.109489e-03 4.090055e-02 -2.175528e-02
      vertex   1.439849e-17 4.250000e-02 -2.200000e-02
      vertex   -5.097793e-03 4.219316e-02 -2.200000e-02
    endloop
  endfacet
  facet normal -1.561927e-02 1.510170e-01 9.884078e-01
    outer loop
      vertex   -2.109489e-03 4.090055e-02 -2.175528e-02
      vertex   -5.097793e-03 4.219316e-02 -2.200000e-02
      vertex   -6.306080e-03 4.046651e-02 -2.175528e-02
    endloop
  endfacet
  facet normal -2.922662e-02 1.602884e-01 9.866374e-01
    outer loop
      vertex   -6.306080e-03 4.046651e-02 -2.175528e-02
      vertex   -5.097793e-03 4.219316e-02 -2.200000e-02
      vertex   -1.012198e-02 4.127706e-02 -2.200000e-02
    endloop
  endfacet
  facet normal -3.143527e-02 1.503424e-01 9.881341e-01
    outer loop
      vertex   -6.306080e-03 4.046651e-02 -2.175528e-02
      vertex   -1.012198e-02 4.127706e-02 -2.200000e-02
      vertex   -1.043575e-02 3.960303e-02 -2.175528e-02
    endloop
  endfacet
  facet normal -7.064740e-01 7.058192e-01 5.209267e-02
    outer loop
      vertex   -2.095383e-02 3.143189e-02 -2.700000e-02
      vertex   -2.205882e-02 3.032587e-02 -2.700000e-02
      vertex   -2.135343e-02 3.089209e-02 -2.510540e-02
    endloop
  endfacet
  facet normal -6.382320e-01 7.698069e-01 7.561401e-03
    outer loop
      vertex   -2.135343e-02 3.089209e-02 -2.510540e-02
      vertex   -2.205882e-02 3.032587e-02 -2.700000e-02
      vertex   -2.186801e-02 3.046375e-02 -2.493160e-02
    endloop
  endfacet
  facet normal -6.334743e-01 7.731831e-01 2.996949e-02
    outer loop
      vertex   -2.135343e-02 3.089209e-02 -2.510540e-02
      vertex   -2.186801e-02 3.046375e-02 -2.493160e-02
      vertex   -2.081689e-02 3.126309e-02 -2.333594e-02
    endloop
  endfacet
  facet normal -6.258133e-01 7.796718e-01 2.167236e-02
    outer loop
      vertex   -2.081689e-02 3.126309e-02 -2.333594e-02
      vertex   -2.186801e-02 3.046375e-02 -2.493160e-02
      vertex   -2.131815e-02 3.085119e-02 -2.299195e-02
    endloop
  endfacet
  facet normal -6.134672e-01 7.881477e-01 4.981212e-02
    outer loop
      vertex   -2.081689e-02 3.126309e-02 -2.333594e-02
      vertex   -2.131815e-02 3.085119e-02 -2.299195e-02
      vertex   -1.998608e-02 3.181075e-02 -2.176926e-02
    endloop
  endfacet
  facet normal -6.055730e-01 7.949820e-01 3.584807e-02
    outer loop
      vertex   -1.998608e-02 3.181075e-02 -2.176926e-02
      vertex   -2.131815e-02 3.085119e-02 -2.299195e-02
      vertex   -2.046093e-02 3.142611e-02 -2.126095e-02
    endloop
  endfacet
  facet normal -5.830190e-01 8.096090e-01 6.798575e-02
    outer loop
      vertex   -1.998608e-02 3.181075e-02 -2.176926e-02
      vertex   -2.046093e-02 3.142611e-02 -2.126095e-02
      vertex   -1.892095e-02 3.246757e-02 -2.045688e-02
    endloop
  endfacet
  facet normal -5.775655e-01 8.147577e-01 5.087214e-02
    outer loop
      vertex   -1.892095e-02 3.246757e-02 -2.045688e-02
      vertex   -2.046093e-02 3.142611e-02 -2.126095e-02
      vertex   -1.935140e-02 3.212091e-02 -1.979189e-02
    endloop
  endfacet
  facet normal -5.439128e-01 8.350058e-01 8.321119e-02
    outer loop
      vertex   -1.892095e-02 3.246757e-02 -2.045688e-02
      vertex   -1.935140e-02 3.212091e-02 -1.979189e-02
      vertex   -1.767300e-02 3.317712e-02 -1.941976e-02
    endloop
  endfacet
  facet normal -5.419849e-01 8.377305e-01 6.678212e-02
    outer loop
      vertex   -1.767300e-02 3.317712e-02 -1.941976e-02
      vertex   -1.935140e-02 3.212091e-02 -1.979189e-02
      vertex   -1.803481e-02 3.287838e-02 -1.860873e-02
    endloop
  endfacet
  facet normal -4.969907e-01 8.624344e-01 9.595437e-02
    outer loop
      vertex   -1.767300e-02 3.317712e-02 -1.941976e-02
      vertex   -1.803481e-02 3.287838e-02 -1.860873e-02
      vertex   -1.628786e-02 3.389238e-02 -1.867423e-02
    endloop
  endfacet
  facet normal -4.979136e-01 8.632109e-01 8.335999e-02
    outer loop
      vertex   -1.628786e-02 3.389238e-02 -1.867423e-02
      vertex   -1.803481e-02 3.287838e-02 -1.860873e-02
      vertex   -1.655032e-02 3.365006e-02 -1.773260e-02
    endloop
  endfacet
  facet normal -4.436566e-01 8.899807e-01 1.053720e-01
    outer loop
      vertex   -1.628786e-02 3.389238e-02 -1.867423e-02
      vertex   -1.655032e-02 3.365006e-02 -1.773260e-02
      vertex   -1.480862e-02 3.457786e-02 -1.823566e-02
    endloop
  endfacet
  facet normal -4.453453e-01 8.898394e-01 9.926472e-02
    outer loop
      vertex   -1.480862e-02 3.457786e-02 -1.823566e-02
      vertex   -1.655032e-02 3.365006e-02 -1.773260e-02
      vertex   -1.493605e-02 3.439716e-02 -1.718752e-02
    endloop
  endfacet
  facet normal -3.839138e-01 9.166302e-01 1.113520e-01
    outer loop
      vertex   -1.480862e-02 3.457786e-02 -1.823566e-02
      vertex   -1.493605e-02 3.439716e-02 -1.718752e-02
      vertex   -1.323529e-02 3.508671e-02 -1.700000e-02
    endloop
  endfacet
  facet normal -4.127903e-01 8.973576e-01 1.560561e-01
    outer loop
      vertex   -1.323529e-02 3.508671e-02 -1.700000e-02
      vertex   -1.332166e-02 3.531568e-02 -1.854508e-02
      vertex   -1.480862e-02 3.457786e-02 -1.823566e-02
    endloop
  endfacet
  facet normal -3.575153e-01 8.665543e-01 3.482333e-01
    outer loop
      vertex   -1.480862e-02 3.457786e-02 -1.823566e-02
      vertex   -1.332166e-02 3.531568e-02 -1.854508e-02
      vertex   -1.478578e-02 3.508060e-02 -1.946326e-02
    endloop
  endfacet
  facet normal -4.753195e-01 8.172478e-01 3.258487e-01
    outer loop
      vertex   -1.480862e-02 3.457786e-02 -1.823566e-02
      vertex   -1.478578e-02 3.508060e-02 -1.946326e-02
      vertex   -1.628786e-02 3.389238e-02 -1.867423e-02
    endloop
  endfacet
  facet normal -4.812204e-01 8.178477e-01 3.155186e-01
    outer loop
      vertex   -1.628786e-02 3.389238e-02 -1.867423e-02
      vertex   -1.478578e-02 3.508060e-02 -1.946326e-02
      vertex   -1.610222e-02 3.442997e-02 -1.978458e-02
    endloop
  endfacet
  facet normal -5.563997e-01 7.805490e-01 2.848905e-01
    outer loop
      vertex   -1.628786e-02 3.389238e-02 -1.867423e-02
      vertex   -1.610222e-02 3.442997e-02 -1.978458e-02
      vertex   -1.767300e-02 3.317712e-02 -1.941976e-02
    endloop
  endfacet
  facet normal -5.582322e-01 7.812375e-01 2.793649e-01
    outer loop
      vertex   -1.767300e-02 3.317712e-02 -1.941976e-02
      vertex   -1.610222e-02 3.442997e-02 -1.978458e-02
      vertex   -1.736027e-02 3.374493e-02 -2.038275e-02
    endloop
  endfacet
  facet normal -6.219232e-01 7.460548e-01 2.379365e-01
    outer loop
      vertex   -1.767300e-02 3.317712e-02 -1.941976e-02
      vertex   -1.736027e-02 3.374493e-02 -2.038275e-02
      vertex   -1.892095e-02 3.246757e-02 -2.045688e-02
    endloop
  endfacet
  facet normal -6.220928e-01 7.463397e-01 2.365958e-01
    outer loop
      vertex   -1.892095e-02 3.246757e-02 -2.045688e-02
      vertex   -1.736027e-02 3.374493e-02 -2.038275e-02
      vertex   -1.851333e-02 3.305928e-02 -2.125164e-02
    endloop
  endfacet
  facet normal -6.727159e-01 7.156710e-01 1.877987e-01
    outer loop
      vertex   -1.892095e-02 3.246757e-02 -2.045688e-02
      vertex   -1.851333e-02 3.305928e-02 -2.125164e-02
      vertex   -1.998608e-02 3.181075e-02 -2.176926e-02
    endloop
  endfacet
  facet normal -6.728358e-01 7.151139e-01 1.894835e-01
    outer loop
      vertex   -1.998608e-02 3.181075e-02 -2.176926e-02
      vertex   -1.851333e-02 3.305928e-02 -2.125164e-02
      vertex   -1.951079e-02 3.241985e-02 -2.238029e-02
    endloop
  endfacet
  facet normal -7.106076e-01 6.904201e-01 1.354876e-01
    outer loop
      vertex   -1.998608e-02 3.181075e-02 -2.176926e-02
      vertex   -1.951079e-02 3.241985e-02 -2.238029e-02
      vertex   -2.081689e-02 3.126309e-02 -2.333594e-02
    endloop
  endfacet
  facet normal -7.113713e-01 6.891119e-01 1.381148e-01
    outer loop
      vertex   -2.081689e-02 3.126309e-02 -2.333594e-02
      vertex   -1.951079e-02 3.241985e-02 -2.238029e-02
      vertex   -2.029653e-02 3.188351e-02 -2.375134e-02
    endloop
  endfacet
  facet normal -7.358216e-01 6.721700e-01 8.218301e-02
    outer loop
      vertex   -2.081689e-02 3.126309e-02 -2.333594e-02
      vertex   -2.029653e-02 3.188351e-02 -2.375134e-02
      vertex   -2.135343e-02 3.089209e-02 -2.510540e-02
    endloop
  endfacet
  facet normal -7.370745e-01 6.705250e-01 8.436535e-02
    outer loop
      vertex   -2.135343e-02 3.089209e-02 -2.510540e-02
      vertex   -2.029653e-02 3.188351e-02 -2.375134e-02
      vertex   -2.080748e-02 3.151871e-02 -2.531591e-02
    endloop
  endfacet
  facet normal -7.484506e-01 6.624708e-01 3.088852e-02
    outer loop
      vertex   -2.135343e-02 3.089209e-02 -2.510540e-02
      vertex   -2.080748e-02 3.151871e-02 -2.531591e-02
      vertex   -2.095383e-02 3.143189e-02 -2.700000e-02
    endloop
  endfacet
  facet normal -8.507017e-01 5.235490e-01 4.693614e-02
    outer loop
      vertex   -2.095383e-02 3.143189e-02 -2.700000e-02
      vertex   -2.080748e-02 3.151871e-02 -2.531591e-02
      vertex   -2.037841e-02 3.223375e-02 -2.551514e-02
    endloop
  endfacet
  facet normal -8.866838e-01 4.514773e-01 9.980004e-02
    outer loop
      vertex   -2.095383e-02 3.143189e-02 -2.700000e-02
      vertex   -2.037841e-02 3.223375e-02 -2.551514e-02
      vertex   -2.024443e-02 3.282511e-02 -2.700000e-02
    endloop
  endfacet
  facet normal -9.103821e-01 4.060459e-01 7.956806e-02
    outer loop
      vertex   -2.024443e-02 3.282511e-02 -2.700000e-02
      vertex   -2.037841e-02 3.223375e-02 -2.551514e-02
      vertex   -2.018734e-02 3.268343e-02 -2.562377e-02
    endloop
  endfacet
  facet normal -9.620602e-01 2.644491e-01 6.713361e-02
    outer loop
      vertex   -2.024443e-02 3.282511e-02 -2.700000e-02
      vertex   -2.018734e-02 3.268343e-02 -2.562377e-02
      vertex   -1.995189e-02 3.358746e-02 -2.581075e-02
    endloop
  endfacet
  facet normal -9.320046e-01 2.881952e-01 2.197974e-01
    outer loop
      vertex   -1.995189e-02 3.358746e-02 -2.581075e-02
      vertex   -2.018734e-02 3.268343e-02 -2.562377e-02
      vertex   -1.956609e-02 3.399512e-02 -2.470935e-02
    endloop
  endfacet
  facet normal -9.494916e-01 7.609421e-02 3.044262e-01
    outer loop
      vertex   -1.995189e-02 3.358746e-02 -2.581075e-02
      vertex   -1.956609e-02 3.399512e-02 -2.470935e-02
      vertex   -1.958028e-02 3.496468e-02 -2.499597e-02
    endloop
  endfacet
  facet normal -9.000537e-01 1.113704e-01 4.213075e-01
    outer loop
      vertex   -1.958028e-02 3.496468e-02 -2.499597e-02
      vertex   -1.956609e-02 3.399512e-02 -2.470935e-02
      vertex   -1.909453e-02 3.561626e-02 -2.413047e-02
    endloop
  endfacet
  facet normal -8.697804e-01 7.908561e-02 4.870600e-01
    outer loop
      vertex   -1.909453e-02 3.561626e-02 -2.413047e-02
      vertex   -1.956609e-02 3.399512e-02 -2.470935e-02
      vertex   -1.897408e-02 3.459713e-02 -2.374990e-02
    endloop
  endfacet
  facet normal -8.129444e-01 1.169528e-01 5.704765e-01
    outer loop
      vertex   -1.909453e-02 3.561626e-02 -2.413047e-02
      vertex   -1.897408e-02 3.459713e-02 -2.374990e-02
      vertex   -1.846579e-02 3.640370e-02 -2.339594e-02
    endloop
  endfacet
  facet normal -7.581956e-01 8.670530e-02 6.462365e-01
    outer loop
      vertex   -1.846579e-02 3.640370e-02 -2.339594e-02
      vertex   -1.897408e-02 3.459713e-02 -2.374990e-02
      vertex   -1.822477e-02 3.531957e-02 -2.296771e-02
    endloop
  endfacet
  facet normal -6.994196e-01 1.226329e-01 7.041118e-01
    outer loop
      vertex   -1.846579e-02 3.640370e-02 -2.339594e-02
      vertex   -1.822477e-02 3.531957e-02 -2.296771e-02
      vertex   -1.771973e-02 3.726217e-02 -2.280437e-02
    endloop
  endfacet
  facet normal -6.217393e-01 9.628446e-02 7.772835e-01
    outer loop
      vertex   -1.771973e-02 3.726217e-02 -2.280437e-02
      vertex   -1.822477e-02 3.531957e-02 -2.296771e-02
      vertex   -1.736155e-02 3.610038e-02 -2.237395e-02
    endloop
  endfacet
  facet normal -5.609068e-01 1.299799e-01 8.176116e-01
    outer loop
      vertex   -1.771973e-02 3.726217e-02 -2.280437e-02
      vertex   -1.736155e-02 3.610038e-02 -2.237395e-02
      vertex   -1.687851e-02 3.813673e-02 -2.236630e-02
    endloop
  endfacet
  facet normal -4.640395e-01 1.067707e-01 8.793562e-01
    outer loop
      vertex   -1.687851e-02 3.813673e-02 -2.236630e-02
      vertex   -1.736155e-02 3.610038e-02 -2.237395e-02
      vertex   -1.642324e-02 3.688773e-02 -2.197440e-02
    endloop
  endfacet
  facet normal -3.987777e-01 1.390584e-01 9.064431e-01
    outer loop
      vertex   -1.687851e-02 3.813673e-02 -2.236630e-02
      vertex   -1.642324e-02 3.688773e-02 -2.197440e-02
      vertex   -1.596376e-02 3.898345e-02 -2.209376e-02
    endloop
  endfacet
  facet normal -2.887666e-01 1.174291e-01 9.501706e-01
    outer loop
      vertex   -1.596376e-02 3.898345e-02 -2.209376e-02
      vertex   -1.642324e-02 3.688773e-02 -2.197440e-02
      vertex   -1.544493e-02 3.764230e-02 -2.177034e-02
    endloop
  endfacet
  facet normal -2.151253e-01 1.495114e-01 9.650738e-01
    outer loop
      vertex   -1.596376e-02 3.898345e-02 -2.209376e-02
      vertex   -1.544493e-02 3.764230e-02 -2.177034e-02
      vertex   -1.500000e-02 3.976493e-02 -2.200000e-02
    endloop
  endfacet
  facet normal -1.026725e-01 1.282485e-01 9.864130e-01
    outer loop
      vertex   -1.500000e-02 3.976493e-02 -2.200000e-02
      vertex   -1.544493e-02 3.764230e-02 -2.177034e-02
      vertex   -1.445468e-02 3.831928e-02 -2.175528e-02
    endloop
  endfacet
  facet normal -2.956955e-01 4.133773e-01 8.612104e-01
    outer loop
      vertex   -1.445468e-02 3.831928e-02 -2.175528e-02
      vertex   -1.544493e-02 3.764230e-02 -2.177034e-02
      vertex   -1.505499e-02 3.641783e-02 -2.104871e-02
    endloop
  endfacet
  facet normal -2.219313e-01 4.004319e-01 8.890449e-01
    outer loop
      vertex   -1.445468e-02 3.831928e-02 -2.175528e-02
      vertex   -1.505499e-02 3.641783e-02 -2.104871e-02
      vertex   -1.396273e-02 3.701514e-02 -2.104508e-02
    endloop
  endfacet
  facet normal -3.281716e-01 5.956535e-01 7.331441e-01
    outer loop
      vertex   -1.396273e-02 3.701514e-02 -2.104508e-02
      vertex   -1.505499e-02 3.641783e-02 -2.104871e-02
      vertex   -1.491373e-02 3.585820e-02 -2.053080e-02
    endloop
  endfacet
  facet normal -3.651723e-01 6.120015e-01 7.015008e-01
    outer loop
      vertex   -1.396273e-02 3.701514e-02 -2.104508e-02
      vertex   -1.491373e-02 3.585820e-02 -2.053080e-02
      vertex   -1.357232e-02 3.598017e-02 -1.993893e-02
    endloop
  endfacet
  facet normal -3.245919e-01 7.455985e-01 5.819991e-01
    outer loop
      vertex   -1.357232e-02 3.598017e-02 -1.993893e-02
      vertex   -1.491373e-02 3.585820e-02 -2.053080e-02
      vertex   -1.478578e-02 3.508060e-02 -1.946326e-02
    endloop
  endfacet
  facet normal -4.103622e-01 7.922995e-01 4.515135e-01
    outer loop
      vertex   -1.357232e-02 3.598017e-02 -1.993893e-02
      vertex   -1.478578e-02 3.508060e-02 -1.946326e-02
      vertex   -1.332166e-02 3.531568e-02 -1.854508e-02
    endloop
  endfacet
  facet normal -9.596636e-01 1.045329e-01 2.609956e-01
    outer loop
      vertex   -1.958028e-02 3.496468e-02 -2.499597e-02
      vertex   -1.989187e-02 3.452558e-02 -2.596580e-02
      vertex   -1.995189e-02 3.358746e-02 -2.581075e-02
    endloop
  endfacet
  facet normal -9.926546e-01 7.869334e-02 9.189194e-02
    outer loop
      vertex   -1.995189e-02 3.358746e-02 -2.581075e-02
      vertex   -1.989187e-02 3.452558e-02 -2.596580e-02
      vertex   -2.000000e-02 3.436932e-02 -2.700000e-02
    endloop
  endfacet
  facet normal -9.777918e-01 1.547741e-01 1.413086e-01
    outer loop
      vertex   -1.995189e-02 3.358746e-02 -2.581075e-02
      vertex   -2.000000e-02 3.436932e-02 -2.700000e-02
      vertex   -2.024443e-02 3.282511e-02 -2.700000e-02
    endloop
  endfacet
  facet normal -8.310551e-01 5.379951e-01 1.410983e-01
    outer loop
      vertex   -2.037841e-02 3.223375e-02 -2.551514e-02
      vertex   -2.080748e-02 3.151871e-02 -2.531591e-02
      vertex   -1.990421e-02 3.260601e-02 -2.414152e-02
    endloop
  endfacet
  facet normal -8.334018e-01 5.324797e-01 1.480096e-01
    outer loop
      vertex   -1.990421e-02 3.260601e-02 -2.414152e-02
      vertex   -2.080748e-02 3.151871e-02 -2.531591e-02
      vertex   -2.029653e-02 3.188351e-02 -2.375134e-02
    endloop
  endfacet
  facet normal -7.978291e-01 5.573541e-01 2.298370e-01
    outer loop
      vertex   -1.990421e-02 3.260601e-02 -2.414152e-02
      vertex   -2.029653e-02 3.188351e-02 -2.375134e-02
      vertex   -1.917822e-02 3.315301e-02 -2.294791e-02
    endloop
  endfacet
  facet normal -7.989658e-01 5.502566e-01 2.426341e-01
    outer loop
      vertex   -1.917822e-02 3.315301e-02 -2.294791e-02
      vertex   -2.029653e-02 3.188351e-02 -2.375134e-02
      vertex   -1.951079e-02 3.241985e-02 -2.238029e-02
    endloop
  endfacet
  facet normal -7.485089e-01 5.834756e-01 3.151043e-01
    outer loop
      vertex   -1.917822e-02 3.315301e-02 -2.294791e-02
      vertex   -1.951079e-02 3.241985e-02 -2.238029e-02
      vertex   -1.826260e-02 3.380457e-02 -2.197937e-02
    endloop
  endfacet
  facet normal -7.463008e-01 5.762864e-01 3.330602e-01
    outer loop
      vertex   -1.826260e-02 3.380457e-02 -2.197937e-02
      vertex   -1.951079e-02 3.241985e-02 -2.238029e-02
      vertex   -1.851333e-02 3.305928e-02 -2.125164e-02
    endloop
  endfacet
  facet normal -6.830063e-01 6.148213e-01 3.943313e-01
    outer loop
      vertex   -1.826260e-02 3.380457e-02 -2.197937e-02
      vertex   -1.851333e-02 3.305928e-02 -2.125164e-02
      vertex   -1.721347e-02 3.450235e-02 -2.125018e-02
    endloop
  endfacet
  facet normal -6.756452e-01 6.081682e-01 4.166954e-01
    outer loop
      vertex   -1.721347e-02 3.450235e-02 -2.125018e-02
      vertex   -1.851333e-02 3.305928e-02 -2.125164e-02
      vertex   -1.736027e-02 3.374493e-02 -2.038275e-02
    endloop
  endfacet
  facet normal -5.992091e-01 6.505416e-01 4.666305e-01
    outer loop
      vertex   -1.721347e-02 3.450235e-02 -2.125018e-02
      vertex   -1.736027e-02 3.374493e-02 -2.038275e-02
      vertex   -1.608179e-02 3.519838e-02 -2.076730e-02
    endloop
  endfacet
  facet normal -5.850099e-01 6.447598e-01 4.919840e-01
    outer loop
      vertex   -1.608179e-02 3.519838e-02 -2.076730e-02
      vertex   -1.736027e-02 3.374493e-02 -2.038275e-02
      vertex   -1.610222e-02 3.442997e-02 -1.978458e-02
    endloop
  endfacet
  facet normal -4.961596e-01 6.889427e-01 5.283782e-01
    outer loop
      vertex   -1.608179e-02 3.519838e-02 -2.076730e-02
      vertex   -1.610222e-02 3.442997e-02 -1.978458e-02
      vertex   -1.491373e-02 3.585820e-02 -2.053080e-02
    endloop
  endfacet
  facet normal -4.734992e-01 6.839734e-01 5.549584e-01
    outer loop
      vertex   -1.491373e-02 3.585820e-02 -2.053080e-02
      vertex   -1.610222e-02 3.442997e-02 -1.978458e-02
      vertex   -1.478578e-02 3.508060e-02 -1.946326e-02
    endloop
  endfacet
  facet normal -8.874400e-01 4.219103e-01 1.855853e-01
    outer loop
      vertex   -2.018734e-02 3.268343e-02 -2.562377e-02
      vertex   -2.037841e-02 3.223375e-02 -2.551514e-02
      vertex   -1.973992e-02 3.306524e-02 -2.435226e-02
    endloop
  endfacet
  facet normal -8.910428e-01 4.090625e-01 1.967500e-01
    outer loop
      vertex   -1.973992e-02 3.306524e-02 -2.435226e-02
      vertex   -2.037841e-02 3.223375e-02 -2.551514e-02
      vertex   -1.990421e-02 3.260601e-02 -2.414152e-02
    endloop
  endfacet
  facet normal -8.458731e-01 4.405799e-01 3.006462e-01
    outer loop
      vertex   -1.973992e-02 3.306524e-02 -2.435226e-02
      vertex   -1.990421e-02 3.260601e-02 -2.414152e-02
      vertex   -1.905563e-02 3.362687e-02 -2.325005e-02
    endloop
  endfacet
  facet normal -8.469950e-01 4.237777e-01 3.209548e-01
    outer loop
      vertex   -1.905563e-02 3.362687e-02 -2.325005e-02
      vertex   -1.990421e-02 3.260601e-02 -2.414152e-02
      vertex   -1.917822e-02 3.315301e-02 -2.294791e-02
    endloop
  endfacet
  facet normal -7.849257e-01 4.645114e-01 4.100254e-01
    outer loop
      vertex   -1.905563e-02 3.362687e-02 -2.325005e-02
      vertex   -1.917822e-02 3.315301e-02 -2.294791e-02
      vertex   -1.819382e-02 3.429694e-02 -2.235936e-02
    endloop
  endfacet
  facet normal -7.805091e-01 4.466125e-01 4.374275e-01
    outer loop
      vertex   -1.819382e-02 3.429694e-02 -2.235936e-02
      vertex   -1.917822e-02 3.315301e-02 -2.294791e-02
      vertex   -1.826260e-02 3.380457e-02 -2.197937e-02
    endloop
  endfacet
  facet normal -7.046263e-01 4.925917e-01 5.107399e-01
    outer loop
      vertex   -1.819382e-02 3.429694e-02 -2.235936e-02
      vertex   -1.826260e-02 3.380457e-02 -2.197937e-02
      vertex   -1.720816e-02 3.501596e-02 -2.169299e-02
    endloop
  endfacet
  facet normal -6.929329e-01 4.749042e-01 5.425034e-01
    outer loop
      vertex   -1.720816e-02 3.501596e-02 -2.169299e-02
      vertex   -1.826260e-02 3.380457e-02 -2.197937e-02
      vertex   -1.721347e-02 3.450235e-02 -2.125018e-02
    endloop
  endfacet
  facet normal -6.027873e-01 5.245876e-01 6.012116e-01
    outer loop
      vertex   -1.720816e-02 3.501596e-02 -2.169299e-02
      vertex   -1.721347e-02 3.450235e-02 -2.125018e-02
      vertex   -1.614727e-02 3.573482e-02 -2.125657e-02
    endloop
  endfacet
  facet normal -5.829035e-01 5.075589e-01 6.345135e-01
    outer loop
      vertex   -1.614727e-02 3.573482e-02 -2.125657e-02
      vertex   -1.721347e-02 3.450235e-02 -2.125018e-02
      vertex   -1.608179e-02 3.519838e-02 -2.076730e-02
    endloop
  endfacet
  facet normal -4.784764e-01 5.591289e-01 6.770785e-01
    outer loop
      vertex   -1.614727e-02 3.573482e-02 -2.125657e-02
      vertex   -1.608179e-02 3.519838e-02 -2.076730e-02
      vertex   -1.505499e-02 3.641783e-02 -2.104871e-02
    endloop
  endfacet
  facet normal -4.501316e-01 5.426639e-01 7.091526e-01
    outer loop
      vertex   -1.505499e-02 3.641783e-02 -2.104871e-02
      vertex   -1.608179e-02 3.519838e-02 -2.076730e-02
      vertex   -1.491373e-02 3.585820e-02 -2.053080e-02
    endloop
  endfacet
  facet normal -8.842816e-01 3.020535e-01 3.561035e-01
    outer loop
      vertex   -1.897408e-02 3.459713e-02 -2.374990e-02
      vertex   -1.956609e-02 3.399512e-02 -2.470935e-02
      vertex   -1.973992e-02 3.306524e-02 -2.435226e-02
    endloop
  endfacet
  facet normal -9.310070e-01 2.688433e-01 2.468789e-01
    outer loop
      vertex   -1.973992e-02 3.306524e-02 -2.435226e-02
      vertex   -1.956609e-02 3.399512e-02 -2.470935e-02
      vertex   -2.018734e-02 3.268343e-02 -2.562377e-02
    endloop
  endfacet
  facet normal -8.730571e-01 2.792977e-01 3.997050e-01
    outer loop
      vertex   -1.897408e-02 3.459713e-02 -2.374990e-02
      vertex   -1.973992e-02 3.306524e-02 -2.435226e-02
      vertex   -1.905563e-02 3.362687e-02 -2.325005e-02
    endloop
  endfacet
  facet normal -8.140656e-01 3.185869e-01 4.855920e-01
    outer loop
      vertex   -1.822477e-02 3.531957e-02 -2.296771e-02
      vertex   -1.897408e-02 3.459713e-02 -2.374990e-02
      vertex   -1.905563e-02 3.362687e-02 -2.325005e-02
    endloop
  endfacet
  facet normal -7.881084e-01 2.969049e-01 5.391963e-01
    outer loop
      vertex   -1.822477e-02 3.531957e-02 -2.296771e-02
      vertex   -1.905563e-02 3.362687e-02 -2.325005e-02
      vertex   -1.819382e-02 3.429694e-02 -2.235936e-02
    endloop
  endfacet
  facet normal -7.213894e-01 3.378048e-01 6.045538e-01
    outer loop
      vertex   -1.736155e-02 3.610038e-02 -2.237395e-02
      vertex   -1.822477e-02 3.531957e-02 -2.296771e-02
      vertex   -1.819382e-02 3.429694e-02 -2.235936e-02
    endloop
  endfacet
  facet normal -6.793978e-01 3.188812e-01 6.608581e-01
    outer loop
      vertex   -1.736155e-02 3.610038e-02 -2.237395e-02
      vertex   -1.819382e-02 3.429694e-02 -2.235936e-02
      vertex   -1.720816e-02 3.501596e-02 -2.169299e-02
    endloop
  endfacet
  facet normal -6.048103e-01 3.603891e-01 7.101579e-01
    outer loop
      vertex   -1.642324e-02 3.688773e-02 -2.197440e-02
      vertex   -1.736155e-02 3.610038e-02 -2.237395e-02
      vertex   -1.720816e-02 3.501596e-02 -2.169299e-02
    endloop
  endfacet
  facet normal -5.470943e-01 3.441393e-01 7.630570e-01
    outer loop
      vertex   -1.642324e-02 3.688773e-02 -2.197440e-02
      vertex   -1.720816e-02 3.501596e-02 -2.169299e-02
      vertex   -1.614727e-02 3.573482e-02 -2.125657e-02
    endloop
  endfacet
  facet normal -4.637898e-01 3.856034e-01 7.976271e-01
    outer loop
      vertex   -1.544493e-02 3.764230e-02 -2.177034e-02
      vertex   -1.642324e-02 3.688773e-02 -2.197440e-02
      vertex   -1.614727e-02 3.573482e-02 -2.125657e-02
    endloop
  endfacet
  facet normal -3.922359e-01 3.711215e-01 8.416768e-01
    outer loop
      vertex   -1.544493e-02 3.764230e-02 -2.177034e-02
      vertex   -1.614727e-02 3.573482e-02 -2.125657e-02
      vertex   -1.505499e-02 3.641783e-02 -2.104871e-02
    endloop
  endfacet
  facet normal -1.561649e-01 9.859863e-01 5.868130e-02
    outer loop
      vertex   -1.654508e-02 6.725528e-02 -2.700000e-02
      vertex   -1.654936e-02 6.722177e-02 -2.644833e-02
      vertex   -1.500000e-02 6.750000e-02 -2.700000e-02
    endloop
  endfacet
  facet normal -1.301615e-01 9.829120e-01 1.301615e-01
    outer loop
      vertex   -1.500000e-02 6.750000e-02 -2.700000e-02
      vertex   -1.654936e-02 6.722177e-02 -2.644833e-02
      vertex   -1.555167e-02 6.722177e-02 -2.545064e-02
    endloop
  endfacet
  facet normal -5.868130e-02 9.859863e-01 1.561649e-01
    outer loop
      vertex   -1.500000e-02 6.750000e-02 -2.700000e-02
      vertex   -1.555167e-02 6.722177e-02 -2.545064e-02
      vertex   -1.500000e-02 6.725528e-02 -2.545492e-02
    endloop
  endfacet
  facet normal -5.053655e-02 8.898680e-01 4.534104e-01
    outer loop
      vertex   -1.500000e-02 6.725528e-02 -2.545492e-02
      vertex   -1.555167e-02 6.722177e-02 -2.545064e-02
      vertex   -1.500000e-02 6.654508e-02 -2.406107e-02
    endloop
  endfacet
  facet normal -1.268277e-01 8.710516e-01 4.745354e-01
    outer loop
      vertex   -1.500000e-02 6.654508e-02 -2.406107e-02
      vertex   -1.555167e-02 6.722177e-02 -2.545064e-02
      vertex   -1.643588e-02 6.651250e-02 -2.438502e-02
    endloop
  endfacet
  facet normal -1.736658e-01 6.926127e-01 7.000914e-01
    outer loop
      vertex   -1.500000e-02 6.654508e-02 -2.406107e-02
      vertex   -1.643588e-02 6.651250e-02 -2.438502e-02
      vertex   -1.565901e-02 6.506157e-02 -2.275688e-02
    endloop
  endfacet
  facet normal -2.220060e-01 6.729237e-01 7.056111e-01
    outer loop
      vertex   -1.565901e-02 6.506157e-02 -2.275688e-02
      vertex   -1.643588e-02 6.651250e-02 -2.438502e-02
      vertex   -1.718107e-02 6.541475e-02 -2.357258e-02
    endloop
  endfacet
  facet normal -3.486858e-01 4.257383e-01 8.349641e-01
    outer loop
      vertex   -1.565901e-02 6.506157e-02 -2.275688e-02
      vertex   -1.718107e-02 6.541475e-02 -2.357258e-02
      vertex   -1.771509e-02 6.403480e-02 -2.309198e-02
    endloop
  endfacet
  facet normal -6.273792e-01 4.612925e-01 6.273792e-01
    outer loop
      vertex   -1.771509e-02 6.403480e-02 -2.309198e-02
      vertex   -1.718107e-02 6.541475e-02 -2.357258e-02
      vertex   -1.890802e-02 6.403480e-02 -2.428491e-02
    endloop
  endfacet
  facet normal -6.975308e-01 1.640173e-01 6.975308e-01
    outer loop
      vertex   -1.771509e-02 6.403480e-02 -2.309198e-02
      vertex   -1.890802e-02 6.403480e-02 -2.428491e-02
      vertex   -1.793893e-02 6.250000e-02 -2.295492e-02
    endloop
  endfacet
  facet normal -6.975308e-01 1.640173e-01 6.975308e-01
    outer loop
      vertex   -1.793893e-02 6.250000e-02 -2.295492e-02
      vertex   -1.890802e-02 6.403480e-02 -2.428491e-02
      vertex   -1.904508e-02 6.250000e-02 -2.406107e-02
    endloop
  endfacet
  facet normal -8.816874e-01 1.442529e-01 4.492421e-01
    outer loop
      vertex   -1.904508e-02 6.250000e-02 -2.406107e-02
      vertex   -1.890802e-02 6.403480e-02 -2.428491e-02
      vertex   -1.975528e-02 6.250000e-02 -2.545492e-02
    endloop
  endfacet
  facet normal -8.853096e-01 1.543315e-01 4.386442e-01
    outer loop
      vertex   -1.975528e-02 6.250000e-02 -2.545492e-02
      vertex   -1.890802e-02 6.403480e-02 -2.428491e-02
      vertex   -1.968877e-02 6.369676e-02 -2.574173e-02
    endloop
  endfacet
  facet normal -9.835000e-01 9.199548e-02 1.557711e-01
    outer loop
      vertex   -1.975528e-02 6.250000e-02 -2.545492e-02
      vertex   -1.968877e-02 6.369676e-02 -2.574173e-02
      vertex   -2.000000e-02 6.250000e-02 -2.700000e-02
    endloop
  endfacet
  facet normal -9.832132e-01 1.557257e-01 9.508552e-02
    outer loop
      vertex   -2.000000e-02 6.250000e-02 -2.700000e-02
      vertex   -1.968877e-02 6.369676e-02 -2.574173e-02
      vertex   -1.975528e-02 6.404508e-02 -2.700000e-02
    endloop
  endfacet
  facet normal -9.185911e-01 3.657182e-01 1.498018e-01
    outer loop
      vertex   -1.975528e-02 6.404508e-02 -2.700000e-02
      vertex   -1.968877e-02 6.369676e-02 -2.574173e-02
      vertex   -1.924312e-02 6.506157e-02 -2.634099e-02
    endloop
  endfacet
  facet normal -8.909795e-01 4.539767e-01 -7.791580e-03
    outer loop
      vertex   -1.975528e-02 6.404508e-02 -2.700000e-02
      vertex   -1.924312e-02 6.506157e-02 -2.634099e-02
      vertex   -1.904508e-02 6.543893e-02 -2.700000e-02
    endloop
  endfacet
  facet normal -6.792535e-01 7.060731e-01 2.001885e-01
    outer loop
      vertex   -1.904508e-02 6.543893e-02 -2.700000e-02
      vertex   -1.924312e-02 6.506157e-02 -2.634099e-02
      vertex   -1.842742e-02 6.541475e-02 -2.481893e-02
    endloop
  endfacet
  facet normal -7.127076e-01 6.695216e-01 2.092574e-01
    outer loop
      vertex   -1.904508e-02 6.543893e-02 -2.700000e-02
      vertex   -1.842742e-02 6.541475e-02 -2.481893e-02
      vertex   -1.761498e-02 6.651250e-02 -2.556412e-02
    endloop
  endfacet
  facet normal -4.991673e-01 7.082825e-01 4.991673e-01
    outer loop
      vertex   -1.761498e-02 6.651250e-02 -2.556412e-02
      vertex   -1.842742e-02 6.541475e-02 -2.481893e-02
      vertex   -1.643588e-02 6.651250e-02 -2.438502e-02
    endloop
  endfacet
  facet normal -3.234699e-01 8.892325e-01 3.234699e-01
    outer loop
      vertex   -1.761498e-02 6.651250e-02 -2.556412e-02
      vertex   -1.643588e-02 6.651250e-02 -2.438502e-02
      vertex   -1.555167e-02 6.722177e-02 -2.545064e-02
    endloop
  endfacet
  facet normal -4.534104e-01 8.898680e-01 5.053655e-02
    outer loop
      vertex   -1.654508e-02 6.725528e-02 -2.700000e-02
      vertex   -1.793893e-02 6.654508e-02 -2.700000e-02
      vertex   -1.654936e-02 6.722177e-02 -2.644833e-02
    endloop
  endfacet
  facet normal -4.745354e-01 8.710516e-01 1.268277e-01
    outer loop
      vertex   -1.654936e-02 6.722177e-02 -2.644833e-02
      vertex   -1.793893e-02 6.654508e-02 -2.700000e-02
      vertex   -1.761498e-02 6.651250e-02 -2.556412e-02
    endloop
  endfacet
  facet normal -3.234699e-01 8.892325e-01 3.234699e-01
    outer loop
      vertex   -1.654936e-02 6.722177e-02 -2.644833e-02
      vertex   -1.761498e-02 6.651250e-02 -2.556412e-02
      vertex   -1.555167e-02 6.722177e-02 -2.545064e-02
    endloop
  endfacet
  facet normal -6.964533e-01 6.964533e-01 1.729321e-01
    outer loop
      vertex   -1.793893e-02 6.654508e-02 -2.700000e-02
      vertex   -1.904508e-02 6.543893e-02 -2.700000e-02
      vertex   -1.761498e-02 6.651250e-02 -2.556412e-02
    endloop
  endfacet
  facet normal -4.492421e-01 1.442529e-01 8.816874e-01
    outer loop
      vertex   -1.793893e-02 6.250000e-02 -2.295492e-02
      vertex   -1.654508e-02 6.250000e-02 -2.224472e-02
      vertex   -1.771509e-02 6.403480e-02 -2.309198e-02
    endloop
  endfacet
  facet normal -4.386442e-01 1.543315e-01 8.853096e-01
    outer loop
      vertex   -1.771509e-02 6.403480e-02 -2.309198e-02
      vertex   -1.654508e-02 6.250000e-02 -2.224472e-02
      vertex   -1.625827e-02 6.369676e-02 -2.231123e-02
    endloop
  endfacet
  facet normal -3.486858e-01 4.257383e-01 8.349641e-01
    outer loop
      vertex   -1.771509e-02 6.403480e-02 -2.309198e-02
      vertex   -1.625827e-02 6.369676e-02 -2.231123e-02
      vertex   -1.565901e-02 6.506157e-02 -2.275688e-02
    endloop
  endfacet
  facet normal -1.498018e-01 3.657182e-01 9.185911e-01
    outer loop
      vertex   -1.565901e-02 6.506157e-02 -2.275688e-02
      vertex   -1.625827e-02 6.369676e-02 -2.231123e-02
      vertex   -1.500000e-02 6.404508e-02 -2.224472e-02
    endloop
  endfacet
  facet normal 7.791580e-03 4.539767e-01 8.909795e-01
    outer loop
      vertex   -1.565901e-02 6.506157e-02 -2.275688e-02
      vertex   -1.500000e-02 6.404508e-02 -2.224472e-02
      vertex   -1.500000e-02 6.543893e-02 -2.295492e-02
    endloop
  endfacet
  facet normal -1.557711e-01 9.199548e-02 9.835000e-01
    outer loop
      vertex   -1.654508e-02 6.250000e-02 -2.224472e-02
      vertex   -1.500000e-02 6.250000e-02 -2.200000e-02
      vertex   -1.625827e-02 6.369676e-02 -2.231123e-02
    endloop
  endfacet
  facet normal -9.508552e-02 1.557257e-01 9.832132e-01
    outer loop
      vertex   -1.625827e-02 6.369676e-02 -2.231123e-02
      vertex   -1.500000e-02 6.250000e-02 -2.200000e-02
      vertex   -1.500000e-02 6.404508e-02 -2.224472e-02
    endloop
  endfacet
  facet normal -1.889446e-01 6.943702e-01 6.943702e-01
    outer loop
      vertex   -1.500000e-02 6.543893e-02 -2.295492e-02
      vertex   -1.500000e-02 6.654508e-02 -2.406107e-02
      vertex   -1.565901e-02 6.506157e-02 -2.275688e-02
    endloop
  endfacet
  facet normal -6.273792e-01 4.612925e-01 6.273792e-01
    outer loop
      vertex   -1.890802e-02 6.403480e-02 -2.428491e-02
      vertex   -1.718107e-02 6.541475e-02 -2.357258e-02
      vertex   -1.842742e-02 6.541475e-02 -2.481893e-02
    endloop
  endfacet
  facet normal -4.991673e-01 7.082825e-01 4.991673e-01
    outer loop
      vertex   -1.842742e-02 6.541475e-02 -2.481893e-02
      vertex   -1.718107e-02 6.541475e-02 -2.357258e-02
      vertex   -1.643588e-02 6.651250e-02 -2.438502e-02
    endloop
  endfacet
  facet normal -8.349641e-01 4.257383e-01 3.486858e-01
    outer loop
      vertex   -1.968877e-02 6.369676e-02 -2.574173e-02
      vertex   -1.890802e-02 6.403480e-02 -2.428491e-02
      vertex   -1.842742e-02 6.541475e-02 -2.481893e-02
    endloop
  endfacet
  facet normal -8.349641e-01 4.257383e-01 3.486858e-01
    outer loop
      vertex   -1.924312e-02 6.506157e-02 -2.634099e-02
      vertex   -1.968877e-02 6.369676e-02 -2.574173e-02
      vertex   -1.842742e-02 6.541475e-02 -2.481893e-02
    endloop
  endfacet
  facet normal 9.786321e-01 1.549071e-01 1.352148e-01
    outer loop
      vertex   2.024443e-02 3.282511e-02 -2.700000e-02
      vertex   2.000000e-02 3.436932e-02 -2.700000e-02
      vertex   1.999840e-02 3.353866e-02 -2.603682e-02
    endloop
  endfacet
  facet normal 9.909859e-01 1.006340e-01 8.842941e-02
    outer loop
      vertex   1.999840e-02 3.353866e-02 -2.603682e-02
      vertex   2.000000e-02 3.436932e-02 -2.700000e-02
      vertex   1.989183e-02 3.452566e-02 -2.596573e-02
    endloop
  endfacet
  facet normal 9.659026e-01 8.672336e-02 2.439492e-01
    outer loop
      vertex   1.999840e-02 3.353866e-02 -2.603682e-02
      vertex   1.989183e-02 3.452566e-02 -2.596573e-02
      vertex   1.974252e-02 3.381154e-02 -2.512069e-02
    endloop
  endfacet
  facet normal 9.597642e-01 1.066994e-01 2.597459e-01
    outer loop
      vertex   1.974252e-02 3.381154e-02 -2.512069e-02
      vertex   1.989183e-02 3.452566e-02 -2.596573e-02
      vertex   1.958023e-02 3.496459e-02 -2.499467e-02
    endloop
  endfacet
  facet normal 9.134235e-01 8.506383e-02 3.980223e-01
    outer loop
      vertex   1.974252e-02 3.381154e-02 -2.512069e-02
      vertex   1.958023e-02 3.496459e-02 -2.499467e-02
      vertex   1.934028e-02 3.422947e-02 -2.428689e-02
    endloop
  endfacet
  facet normal 8.999571e-01 1.119333e-01 4.213646e-01
    outer loop
      vertex   1.934028e-02 3.422947e-02 -2.428689e-02
      vertex   1.958023e-02 3.496459e-02 -2.499467e-02
      vertex   1.909458e-02 3.561610e-02 -2.413047e-02
    endloop
  endfacet
  facet normal 8.380827e-01 8.776359e-02 5.384375e-01
    outer loop
      vertex   1.934028e-02 3.422947e-02 -2.428689e-02
      vertex   1.909458e-02 3.561610e-02 -2.413047e-02
      vertex   1.881737e-02 3.475344e-02 -2.355838e-02
    endloop
  endfacet
  facet normal 8.129441e-01 1.170733e-01 5.704522e-01
    outer loop
      vertex   1.881737e-02 3.475344e-02 -2.355838e-02
      vertex   1.909458e-02 3.561610e-02 -2.413047e-02
      vertex   1.846559e-02 3.640425e-02 -2.339587e-02
    endloop
  endfacet
  facet normal 7.145529e-01 8.389164e-02 6.945332e-01
    outer loop
      vertex   1.881737e-02 3.475344e-02 -2.355838e-02
      vertex   1.846559e-02 3.640425e-02 -2.339587e-02
      vertex   1.787478e-02 3.564475e-02 -2.269629e-02
    endloop
  endfacet
  facet normal 6.945334e-01 1.140465e-01 7.103639e-01
    outer loop
      vertex   1.787478e-02 3.564475e-02 -2.269629e-02
      vertex   1.846559e-02 3.640425e-02 -2.339587e-02
      vertex   1.771968e-02 3.726205e-02 -2.280429e-02
    endloop
  endfacet
  facet normal 5.467804e-01 1.078853e-01 8.302963e-01
    outer loop
      vertex   1.787478e-02 3.564475e-02 -2.269629e-02
      vertex   1.771968e-02 3.726205e-02 -2.280429e-02
      vertex   1.679373e-02 3.658673e-02 -2.210677e-02
    endloop
  endfacet
  facet normal 5.460419e-01 1.092196e-01 8.306078e-01
    outer loop
      vertex   1.679373e-02 3.658673e-02 -2.210677e-02
      vertex   1.771968e-02 3.726205e-02 -2.280429e-02
      vertex   1.687847e-02 3.813683e-02 -2.236630e-02
    endloop
  endfacet
  facet normal 3.556970e-01 1.353853e-01 9.247435e-01
    outer loop
      vertex   1.679373e-02 3.658673e-02 -2.210677e-02
      vertex   1.687847e-02 3.813683e-02 -2.236630e-02
      vertex   1.563669e-02 3.750184e-02 -2.179570e-02
    endloop
  endfacet
  facet normal 3.708997e-01 1.039425e-01 9.228377e-01
    outer loop
      vertex   1.563669e-02 3.750184e-02 -2.179570e-02
      vertex   1.687847e-02 3.813683e-02 -2.236630e-02
      vertex   1.596327e-02 3.898308e-02 -2.209379e-02
    endloop
  endfacet
  facet normal 1.467439e-01 1.639597e-01 9.754914e-01
    outer loop
      vertex   1.563669e-02 3.750184e-02 -2.179570e-02
      vertex   1.596327e-02 3.898308e-02 -2.209379e-02
      vertex   1.445468e-02 3.831928e-02 -2.175528e-02
    endloop
  endfacet
  facet normal 1.760250e-01 9.938409e-02 9.793559e-01
    outer loop
      vertex   1.445468e-02 3.831928e-02 -2.175528e-02
      vertex   1.596327e-02 3.898308e-02 -2.209379e-02
      vertex   1.500000e-02 3.976493e-02 -2.200000e-02
    endloop
  endfacet
  facet normal 2.875306e-01 3.721338e-01 8.825206e-01
    outer loop
      vertex   1.445468e-02 3.831928e-02 -2.175528e-02
      vertex   1.396273e-02 3.701514e-02 -2.104508e-02
      vertex   1.563669e-02 3.750184e-02 -2.179570e-02
    endloop
  endfacet
  facet normal 2.601147e-01 4.349123e-01 8.620856e-01
    outer loop
      vertex   1.563669e-02 3.750184e-02 -2.179570e-02
      vertex   1.396273e-02 3.701514e-02 -2.104508e-02
      vertex   1.526819e-02 3.629268e-02 -2.107450e-02
    endloop
  endfacet
  facet normal 4.827592e-01 3.353882e-01 8.089860e-01
    outer loop
      vertex   1.563669e-02 3.750184e-02 -2.179570e-02
      vertex   1.526819e-02 3.629268e-02 -2.107450e-02
      vertex   1.679373e-02 3.658673e-02 -2.210677e-02
    endloop
  endfacet
  facet normal 4.580086e-01 4.038592e-01 7.919128e-01
    outer loop
      vertex   1.679373e-02 3.658673e-02 -2.210677e-02
      vertex   1.526819e-02 3.629268e-02 -2.107450e-02
      vertex   1.656453e-02 3.546239e-02 -2.140082e-02
    endloop
  endfacet
  facet normal 6.474137e-01 3.062260e-01 6.979119e-01
    outer loop
      vertex   1.679373e-02 3.658673e-02 -2.210677e-02
      vertex   1.656453e-02 3.546239e-02 -2.140082e-02
      vertex   1.787478e-02 3.564475e-02 -2.269629e-02
    endloop
  endfacet
  facet normal 6.261167e-01 3.714705e-01 6.855564e-01
    outer loop
      vertex   1.787478e-02 3.564475e-02 -2.269629e-02
      vertex   1.656453e-02 3.546239e-02 -2.140082e-02
      vertex   1.779277e-02 3.459863e-02 -2.205454e-02
    endloop
  endfacet
  facet normal 7.790181e-01 2.823556e-01 5.598269e-01
    outer loop
      vertex   1.787478e-02 3.564475e-02 -2.269629e-02
      vertex   1.779277e-02 3.459863e-02 -2.205454e-02
      vertex   1.881737e-02 3.475344e-02 -2.355838e-02
    endloop
  endfacet
  facet normal 7.600853e-01 3.412751e-01 5.529933e-01
    outer loop
      vertex   1.881737e-02 3.475344e-02 -2.355838e-02
      vertex   1.779277e-02 3.459863e-02 -2.205454e-02
      vertex   1.887438e-02 3.377369e-02 -2.303209e-02
    endloop
  endfacet
  facet normal 8.638128e-01 2.764957e-01 4.211621e-01
    outer loop
      vertex   1.881737e-02 3.475344e-02 -2.355838e-02
      vertex   1.887438e-02 3.377369e-02 -2.303209e-02
      vertex   1.934028e-02 3.422947e-02 -2.428689e-02
    endloop
  endfacet
  facet normal 8.470058e-01 3.143565e-01 4.286738e-01
    outer loop
      vertex   1.934028e-02 3.422947e-02 -2.428689e-02
      vertex   1.887438e-02 3.377369e-02 -2.303209e-02
      vertex   1.947795e-02 3.328561e-02 -2.386676e-02
    endloop
  endfacet
  facet normal 9.132852e-01 2.692562e-01 3.056326e-01
    outer loop
      vertex   1.934028e-02 3.422947e-02 -2.428689e-02
      vertex   1.947795e-02 3.328561e-02 -2.386676e-02
      vertex   1.974252e-02 3.381154e-02 -2.512069e-02
    endloop
  endfacet
  facet normal 9.007460e-01 2.986976e-01 3.153354e-01
    outer loop
      vertex   1.974252e-02 3.381154e-02 -2.512069e-02
      vertex   1.947795e-02 3.328561e-02 -2.386676e-02
      vertex   1.994371e-02 3.289484e-02 -2.482705e-02
    endloop
  endfacet
  facet normal 9.458903e-01 2.667696e-01 1.847310e-01
    outer loop
      vertex   1.974252e-02 3.381154e-02 -2.512069e-02
      vertex   1.994371e-02 3.289484e-02 -2.482705e-02
      vertex   1.999840e-02 3.353866e-02 -2.603682e-02
    endloop
  endfacet
  facet normal 9.385226e-01 2.853548e-01 1.942885e-01
    outer loop
      vertex   1.999840e-02 3.353866e-02 -2.603682e-02
      vertex   1.994371e-02 3.289484e-02 -2.482705e-02
      vertex   2.024061e-02 3.263902e-02 -2.588550e-02
    endloop
  endfacet
  facet normal 9.624557e-01 2.671772e-01 4.791020e-02
    outer loop
      vertex   1.999840e-02 3.353866e-02 -2.603682e-02
      vertex   2.024061e-02 3.263902e-02 -2.588550e-02
      vertex   2.024443e-02 3.282511e-02 -2.700000e-02
    endloop
  endfacet
  facet normal 9.102259e-01 4.079392e-01 7.123533e-02
    outer loop
      vertex   2.024443e-02 3.282511e-02 -2.700000e-02
      vertex   2.024061e-02 3.263902e-02 -2.588550e-02
      vertex   2.043593e-02 3.218776e-02 -2.579706e-02
    endloop
  endfacet
  facet normal 8.868373e-01 4.515554e-01 9.806777e-02
    outer loop
      vertex   2.024443e-02 3.282511e-02 -2.700000e-02
      vertex   2.043593e-02 3.218776e-02 -2.579706e-02
      vertex   2.095383e-02 3.143189e-02 -2.700000e-02
    endloop
  endfacet
  facet normal 8.506821e-01 5.243956e-01 3.673265e-02
    outer loop
      vertex   2.095383e-02 3.143189e-02 -2.700000e-02
      vertex   2.043593e-02 3.218776e-02 -2.579706e-02
      vertex   2.086838e-02 3.147499e-02 -2.563632e-02
    endloop
  endfacet
  facet normal 7.491634e-01 6.618737e-01 2.602712e-02
    outer loop
      vertex   2.095383e-02 3.143189e-02 -2.700000e-02
      vertex   2.086838e-02 3.147499e-02 -2.563632e-02
      vertex   2.141586e-02 3.084862e-02 -2.546662e-02
    endloop
  endfacet
  facet normal 7.421858e-01 6.668472e-01 6.689577e-02
    outer loop
      vertex   2.141586e-02 3.084862e-02 -2.546662e-02
      vertex   2.086838e-02 3.147499e-02 -2.563632e-02
      vertex   2.106059e-02 3.109694e-02 -2.400032e-02
    endloop
  endfacet
  facet normal 6.326511e-01 7.741190e-01 2.218983e-02
    outer loop
      vertex   2.141586e-02 3.084862e-02 -2.546662e-02
      vertex   2.106059e-02 3.109694e-02 -2.400032e-02
      vertex   2.186794e-02 3.046382e-02 -2.493146e-02
    endloop
  endfacet
  facet normal 6.352170e-01 7.718985e-01 2.592449e-02
    outer loop
      vertex   2.186794e-02 3.046382e-02 -2.493146e-02
      vertex   2.106059e-02 3.109694e-02 -2.400032e-02
      vertex   2.131805e-02 3.085111e-02 -2.298933e-02
    endloop
  endfacet
  facet normal 6.157822e-01 7.871571e-01 3.458402e-02
    outer loop
      vertex   2.131805e-02 3.085111e-02 -2.298933e-02
      vertex   2.106059e-02 3.109694e-02 -2.400032e-02
      vertex   2.049886e-02 3.147711e-02 -2.265144e-02
    endloop
  endfacet
  facet normal 6.183720e-01 7.845568e-01 4.568043e-02
    outer loop
      vertex   2.131805e-02 3.085111e-02 -2.298933e-02
      vertex   2.049886e-02 3.147711e-02 -2.265144e-02
      vertex   2.046102e-02 3.142597e-02 -2.126095e-02
    endloop
  endfacet
  facet normal 5.939919e-01 8.031718e-01 4.570174e-02
    outer loop
      vertex   2.046102e-02 3.142597e-02 -2.126095e-02
      vertex   2.049886e-02 3.147711e-02 -2.265144e-02
      vertex   1.976244e-02 3.195354e-02 -2.145309e-02
    endloop
  endfacet
  facet normal 5.899832e-01 8.048125e-01 6.478180e-02
    outer loop
      vertex   2.046102e-02 3.142597e-02 -2.126095e-02
      vertex   1.976244e-02 3.195354e-02 -2.145309e-02
      vertex   1.935105e-02 3.212140e-02 -1.979173e-02
    endloop
  endfacet
  facet normal 5.571985e-01 8.286047e-01 5.425959e-02
    outer loop
      vertex   1.935105e-02 3.212140e-02 -1.979173e-02
      vertex   1.976244e-02 3.195354e-02 -2.145309e-02
      vertex   1.841562e-02 3.276349e-02 -1.999119e-02
    endloop
  endfacet
  facet normal 5.518527e-01 8.297872e-01 8.313705e-02
    outer loop
      vertex   1.935105e-02 3.212140e-02 -1.979173e-02
      vertex   1.841562e-02 3.276349e-02 -1.999119e-02
      vertex   1.803472e-02 3.287828e-02 -1.860858e-02
    endloop
  endfacet
  facet normal 5.109096e-01 8.568111e-01 6.961396e-02
    outer loop
      vertex   1.803472e-02 3.287828e-02 -1.860858e-02
      vertex   1.841562e-02 3.276349e-02 -1.999119e-02
      vertex   1.683660e-02 3.361896e-02 -1.893167e-02
    endloop
  endfacet
  facet normal 5.040345e-01 8.580987e-01 9.806065e-02
    outer loop
      vertex   1.803472e-02 3.287828e-02 -1.860858e-02
      vertex   1.683660e-02 3.361896e-02 -1.893167e-02
      vertex   1.655023e-02 3.365015e-02 -1.773261e-02
    endloop
  endfacet
  facet normal 4.550307e-01 8.863497e-01 8.562272e-02
    outer loop
      vertex   1.655023e-02 3.365015e-02 -1.773261e-02
      vertex   1.683660e-02 3.361896e-02 -1.893167e-02
      vertex   1.509946e-02 3.444985e-02 -1.830103e-02
    endloop
  endfacet
  facet normal 4.470471e-01 8.879382e-01 1.082340e-01
    outer loop
      vertex   1.655023e-02 3.365015e-02 -1.773261e-02
      vertex   1.509946e-02 3.444985e-02 -1.830103e-02
      vertex   1.493518e-02 3.439683e-02 -1.718758e-02
    endloop
  endfacet
  facet normal 3.836333e-01 9.180214e-01 1.003102e-01
    outer loop
      vertex   1.493518e-02 3.439683e-02 -1.718758e-02
      vertex   1.509946e-02 3.444985e-02 -1.830103e-02
      vertex   1.323529e-02 3.508671e-02 -1.700000e-02
    endloop
  endfacet
  facet normal 4.150980e-01 8.962974e-01 1.560280e-01
    outer loop
      vertex   1.323529e-02 3.508671e-02 -1.700000e-02
      vertex   1.509946e-02 3.444985e-02 -1.830103e-02
      vertex   1.332166e-02 3.531568e-02 -1.854508e-02
    endloop
  endfacet
  facet normal 3.718074e-01 8.611478e-01 3.466752e-01
    outer loop
      vertex   1.332166e-02 3.531568e-02 -1.854508e-02
      vertex   1.509946e-02 3.444985e-02 -1.830103e-02
      vertex   1.504320e-02 3.495933e-02 -1.950625e-02
    endloop
  endfacet
  facet normal 4.154219e-01 7.898152e-01 4.512390e-01
    outer loop
      vertex   1.332166e-02 3.531568e-02 -1.854508e-02
      vertex   1.504320e-02 3.495933e-02 -1.950625e-02
      vertex   1.357232e-02 3.598017e-02 -1.993893e-02
    endloop
  endfacet
  facet normal 3.440402e-01 7.404372e-01 5.773986e-01
    outer loop
      vertex   1.357232e-02 3.598017e-02 -1.993893e-02
      vertex   1.504320e-02 3.495933e-02 -1.950625e-02
      vertex   1.514095e-02 3.573398e-02 -2.055788e-02
    endloop
  endfacet
  facet normal 3.759442e-01 5.815106e-01 7.214647e-01
    outer loop
      vertex   1.357232e-02 3.598017e-02 -1.993893e-02
      vertex   1.514095e-02 3.573398e-02 -2.055788e-02
      vertex   1.526819e-02 3.629268e-02 -2.107450e-02
    endloop
  endfacet
  facet normal 5.063985e-01 5.204304e-01 6.875411e-01
    outer loop
      vertex   1.526819e-02 3.629268e-02 -2.107450e-02
      vertex   1.514095e-02 3.573398e-02 -2.055788e-02
      vertex   1.656453e-02 3.546239e-02 -2.140082e-02
    endloop
  endfacet
  facet normal 3.567510e-01 6.160353e-01 7.023028e-01
    outer loop
      vertex   1.396273e-02 3.701514e-02 -2.104508e-02
      vertex   1.357232e-02 3.598017e-02 -1.993893e-02
      vertex   1.526819e-02 3.629268e-02 -2.107450e-02
    endloop
  endfacet
  facet normal 6.425109e-01 7.662328e-01 8.190372e-03
    outer loop
      vertex   2.186794e-02 3.046382e-02 -2.493146e-02
      vertex   2.205882e-02 3.032587e-02 -2.700000e-02
      vertex   2.141586e-02 3.084862e-02 -2.546662e-02
    endloop
  endfacet
  facet normal 7.063404e-01 7.056857e-01 5.559591e-02
    outer loop
      vertex   2.141586e-02 3.084862e-02 -2.546662e-02
      vertex   2.205882e-02 3.032587e-02 -2.700000e-02
      vertex   2.095383e-02 3.143189e-02 -2.700000e-02
    endloop
  endfacet
  facet normal 8.951451e-01 4.178739e-01 1.552311e-01
    outer loop
      vertex   2.043593e-02 3.218776e-02 -2.579706e-02
      vertex   2.024061e-02 3.263902e-02 -2.588550e-02
      vertex   2.012121e-02 3.243721e-02 -2.465370e-02
    endloop
  endfacet
  facet normal 9.001416e-01 4.074630e-01 1.540098e-01
    outer loop
      vertex   2.012121e-02 3.243721e-02 -2.465370e-02
      vertex   2.024061e-02 3.263902e-02 -2.588550e-02
      vertex   1.994371e-02 3.289484e-02 -2.482705e-02
    endloop
  endfacet
  facet normal 8.656648e-01 4.317460e-01 2.534164e-01
    outer loop
      vertex   2.012121e-02 3.243721e-02 -2.465370e-02
      vertex   1.994371e-02 3.289484e-02 -2.482705e-02
      vertex   1.962715e-02 3.281796e-02 -2.361471e-02
    endloop
  endfacet
  facet normal 8.732089e-01 4.156957e-01 2.543684e-01
    outer loop
      vertex   1.962715e-02 3.281796e-02 -2.361471e-02
      vertex   1.994371e-02 3.289484e-02 -2.482705e-02
      vertex   1.947795e-02 3.328561e-02 -2.386676e-02
    endloop
  endfacet
  facet normal 8.231873e-01 4.495519e-01 3.467936e-01
    outer loop
      vertex   1.962715e-02 3.281796e-02 -2.361471e-02
      vertex   1.947795e-02 3.328561e-02 -2.386676e-02
      vertex   1.898631e-02 3.329301e-02 -2.270934e-02
    endloop
  endfacet
  facet normal 8.322476e-01 4.293288e-01 3.507715e-01
    outer loop
      vertex   1.898631e-02 3.329301e-02 -2.270934e-02
      vertex   1.947795e-02 3.328561e-02 -2.386676e-02
      vertex   1.887438e-02 3.377369e-02 -2.303209e-02
    endloop
  endfacet
  facet normal 7.524798e-01 4.788514e-01 4.521896e-01
    outer loop
      vertex   1.898631e-02 3.329301e-02 -2.270934e-02
      vertex   1.887438e-02 3.377369e-02 -2.303209e-02
      vertex   1.783607e-02 3.409452e-02 -2.164401e-02
    endloop
  endfacet
  facet normal 7.630022e-01 4.463134e-01 4.675810e-01
    outer loop
      vertex   1.783607e-02 3.409452e-02 -2.164401e-02
      vertex   1.887438e-02 3.377369e-02 -2.303209e-02
      vertex   1.779277e-02 3.459863e-02 -2.205454e-02
    endloop
  endfacet
  facet normal 6.416785e-01 5.166990e-01 5.668076e-01
    outer loop
      vertex   1.783607e-02 3.409452e-02 -2.164401e-02
      vertex   1.779277e-02 3.459863e-02 -2.205454e-02
      vertex   1.652679e-02 3.493161e-02 -2.092488e-02
    endloop
  endfacet
  facet normal 6.508275e-01 4.806881e-01 5.876755e-01
    outer loop
      vertex   1.652679e-02 3.493161e-02 -2.092488e-02
      vertex   1.779277e-02 3.459863e-02 -2.205454e-02
      vertex   1.656453e-02 3.546239e-02 -2.140082e-02
    endloop
  endfacet
  facet normal 4.989062e-01 5.586488e-01 6.625739e-01
    outer loop
      vertex   1.652679e-02 3.493161e-02 -2.092488e-02
      vertex   1.656453e-02 3.546239e-02 -2.140082e-02
      vertex   1.514095e-02 3.573398e-02 -2.055788e-02
    endloop
  endfacet
  facet normal 8.370214e-01 5.343642e-01 1.176864e-01
    outer loop
      vertex   2.086838e-02 3.147499e-02 -2.563632e-02
      vertex   2.043593e-02 3.218776e-02 -2.579706e-02
      vertex   2.052960e-02 3.171940e-02 -2.433665e-02
    endloop
  endfacet
  facet normal 8.404568e-01 5.293481e-01 1.158574e-01
    outer loop
      vertex   2.052960e-02 3.171940e-02 -2.433665e-02
      vertex   2.043593e-02 3.218776e-02 -2.579706e-02
      vertex   2.012121e-02 3.243721e-02 -2.465370e-02
    endloop
  endfacet
  facet normal 8.137028e-01 5.482581e-01 1.931341e-01
    outer loop
      vertex   2.052960e-02 3.171940e-02 -2.433665e-02
      vertex   2.012121e-02 3.243721e-02 -2.465370e-02
      vertex   1.999628e-02 3.209261e-02 -2.314913e-02
    endloop
  endfacet
  facet normal 8.194696e-01 5.400962e-01 1.917436e-01
    outer loop
      vertex   1.999628e-02 3.209261e-02 -2.314913e-02
      vertex   2.012121e-02 3.243721e-02 -2.465370e-02
      vertex   1.962715e-02 3.281796e-02 -2.361471e-02
    endloop
  endfacet
  facet normal 7.795533e-01 5.672145e-01 2.656396e-01
    outer loop
      vertex   1.999628e-02 3.209261e-02 -2.314913e-02
      vertex   1.962715e-02 3.281796e-02 -2.361471e-02
      vertex   1.930158e-02 3.255851e-02 -2.210528e-02
    endloop
  endfacet
  facet normal 7.874290e-01 5.563130e-01 2.654646e-01
    outer loop
      vertex   1.930158e-02 3.255851e-02 -2.210528e-02
      vertex   1.962715e-02 3.281796e-02 -2.361471e-02
      vertex   1.898631e-02 3.329301e-02 -2.270934e-02
    endloop
  endfacet
  facet normal 7.217255e-01 5.973631e-01 3.496708e-01
    outer loop
      vertex   1.930158e-02 3.255851e-02 -2.210528e-02
      vertex   1.898631e-02 3.329301e-02 -2.270934e-02
      vertex   1.804537e-02 3.334539e-02 -2.085670e-02
    endloop
  endfacet
  facet normal 7.333522e-01 5.791317e-01 3.560913e-01
    outer loop
      vertex   1.804537e-02 3.334539e-02 -2.085670e-02
      vertex   1.898631e-02 3.329301e-02 -2.270934e-02
      vertex   1.783607e-02 3.409452e-02 -2.164401e-02
    endloop
  endfacet
  facet normal 6.295268e-01 6.395654e-01 4.411939e-01
    outer loop
      vertex   1.804537e-02 3.334539e-02 -2.085670e-02
      vertex   1.783607e-02 3.409452e-02 -2.164401e-02
      vertex   1.659854e-02 3.416857e-02 -1.998557e-02
    endloop
  endfacet
  facet normal 6.433567e-01 6.175255e-01 4.524979e-01
    outer loop
      vertex   1.659854e-02 3.416857e-02 -1.998557e-02
      vertex   1.783607e-02 3.409452e-02 -2.164401e-02
      vertex   1.652679e-02 3.493161e-02 -2.092488e-02
    endloop
  endfacet
  facet normal 5.090555e-01 6.866983e-01 5.189489e-01
    outer loop
      vertex   1.659854e-02 3.416857e-02 -1.998557e-02
      vertex   1.652679e-02 3.493161e-02 -2.092488e-02
      vertex   1.504320e-02 3.495933e-02 -1.950625e-02
    endloop
  endfacet
  facet normal 5.248154e-01 6.613259e-01 5.359262e-01
    outer loop
      vertex   1.504320e-02 3.495933e-02 -1.950625e-02
      vertex   1.652679e-02 3.493161e-02 -2.092488e-02
      vertex   1.514095e-02 3.573398e-02 -2.055788e-02
    endloop
  endfacet
  facet normal 7.257353e-01 6.789831e-01 1.108618e-01
    outer loop
      vertex   2.049886e-02 3.147711e-02 -2.265144e-02
      vertex   2.106059e-02 3.109694e-02 -2.400032e-02
      vertex   2.052960e-02 3.171940e-02 -2.433665e-02
    endloop
  endfacet
  facet normal 7.407905e-01 6.683457e-01 6.740599e-02
    outer loop
      vertex   2.052960e-02 3.171940e-02 -2.433665e-02
      vertex   2.106059e-02 3.109694e-02 -2.400032e-02
      vertex   2.086838e-02 3.147499e-02 -2.563632e-02
    endloop
  endfacet
  facet normal 7.238853e-01 6.809153e-01 1.111058e-01
    outer loop
      vertex   2.049886e-02 3.147711e-02 -2.265144e-02
      vertex   2.052960e-02 3.171940e-02 -2.433665e-02
      vertex   1.999628e-02 3.209261e-02 -2.314913e-02
    endloop
  endfacet
  facet normal 7.008302e-01 6.965637e-01 1.537403e-01
    outer loop
      vertex   1.976244e-02 3.195354e-02 -2.145309e-02
      vertex   2.049886e-02 3.147711e-02 -2.265144e-02
      vertex   1.999628e-02 3.209261e-02 -2.314913e-02
    endloop
  endfacet
  facet normal 6.991620e-01 6.982581e-01 1.536492e-01
    outer loop
      vertex   1.976244e-02 3.195354e-02 -2.145309e-02
      vertex   1.999628e-02 3.209261e-02 -2.314913e-02
      vertex   1.930158e-02 3.255851e-02 -2.210528e-02
    endloop
  endfacet
  facet normal 6.586797e-01 7.237125e-01 2.058669e-01
    outer loop
      vertex   1.841562e-02 3.276349e-02 -1.999119e-02
      vertex   1.976244e-02 3.195354e-02 -2.145309e-02
      vertex   1.930158e-02 3.255851e-02 -2.210528e-02
    endloop
  endfacet
  facet normal 6.580318e-01 7.243977e-01 2.055290e-01
    outer loop
      vertex   1.841562e-02 3.276349e-02 -1.999119e-02
      vertex   1.930158e-02 3.255851e-02 -2.210528e-02
      vertex   1.804537e-02 3.334539e-02 -2.085670e-02
    endloop
  endfacet
  facet normal 5.895491e-01 7.642019e-01 2.615861e-01
    outer loop
      vertex   1.683660e-02 3.361896e-02 -1.893167e-02
      vertex   1.841562e-02 3.276349e-02 -1.999119e-02
      vertex   1.804537e-02 3.334539e-02 -2.085670e-02
    endloop
  endfacet
  facet normal 5.919930e-01 7.616570e-01 2.634823e-01
    outer loop
      vertex   1.683660e-02 3.361896e-02 -1.893167e-02
      vertex   1.804537e-02 3.334539e-02 -2.085670e-02
      vertex   1.659854e-02 3.416857e-02 -1.998557e-02
    endloop
  endfacet
  facet normal 4.993705e-01 8.093141e-01 3.092566e-01
    outer loop
      vertex   1.509946e-02 3.444985e-02 -1.830103e-02
      vertex   1.683660e-02 3.361896e-02 -1.893167e-02
      vertex   1.659854e-02 3.416857e-02 -1.998557e-02
    endloop
  endfacet
  facet normal 5.055446e-01 8.029219e-01 3.158183e-01
    outer loop
      vertex   1.509946e-02 3.444985e-02 -1.830103e-02
      vertex   1.659854e-02 3.416857e-02 -1.998557e-02
      vertex   1.504320e-02 3.495933e-02 -1.950625e-02
    endloop
  endfacet
  facet normal 1.557711e-01 9.835000e-01 9.199548e-02
    outer loop
      vertex   1.654508e-02 6.725528e-02 -2.700000e-02
      vertex   1.500000e-02 6.750000e-02 -2.700000e-02
      vertex   1.625827e-02 6.718877e-02 -2.580324e-02
    endloop
  endfacet
  facet normal 9.508552e-02 9.832132e-01 1.557257e-01
    outer loop
      vertex   1.625827e-02 6.718877e-02 -2.580324e-02
      vertex   1.500000e-02 6.750000e-02 -2.700000e-02
      vertex   1.500000e-02 6.725528e-02 -2.545492e-02
    endloop
  endfacet
  facet normal 1.498018e-01 9.185911e-01 3.657182e-01
    outer loop
      vertex   1.625827e-02 6.718877e-02 -2.580324e-02
      vertex   1.500000e-02 6.725528e-02 -2.545492e-02
      vertex   1.565901e-02 6.674312e-02 -2.443843e-02
    endloop
  endfacet
  facet normal -7.791580e-03 8.909795e-01 4.539767e-01
    outer loop
      vertex   1.565901e-02 6.674312e-02 -2.443843e-02
      vertex   1.500000e-02 6.725528e-02 -2.545492e-02
      vertex   1.500000e-02 6.654508e-02 -2.406107e-02
    endloop
  endfacet
  facet normal 1.889446e-01 6.943702e-01 6.943702e-01
    outer loop
      vertex   1.565901e-02 6.674312e-02 -2.443843e-02
      vertex   1.500000e-02 6.654508e-02 -2.406107e-02
      vertex   1.500000e-02 6.543893e-02 -2.295492e-02
    endloop
  endfacet
  facet normal 5.053655e-02 4.534104e-01 8.898680e-01
    outer loop
      vertex   1.500000e-02 6.404508e-02 -2.224472e-02
      vertex   1.555167e-02 6.404936e-02 -2.227823e-02
      vertex   1.500000e-02 6.543893e-02 -2.295492e-02
    endloop
  endfacet
  facet normal 1.268277e-01 4.745354e-01 8.710516e-01
    outer loop
      vertex   1.500000e-02 6.543893e-02 -2.295492e-02
      vertex   1.555167e-02 6.404936e-02 -2.227823e-02
      vertex   1.643588e-02 6.511498e-02 -2.298750e-02
    endloop
  endfacet
  facet normal 1.736658e-01 7.000914e-01 6.926127e-01
    outer loop
      vertex   1.500000e-02 6.543893e-02 -2.295492e-02
      vertex   1.643588e-02 6.511498e-02 -2.298750e-02
      vertex   1.565901e-02 6.674312e-02 -2.443843e-02
    endloop
  endfacet
  facet normal 2.220060e-01 7.056111e-01 6.729237e-01
    outer loop
      vertex   1.565901e-02 6.674312e-02 -2.443843e-02
      vertex   1.643588e-02 6.511498e-02 -2.298750e-02
      vertex   1.718107e-02 6.592742e-02 -2.408525e-02
    endloop
  endfacet
  facet normal 3.486858e-01 8.349641e-01 4.257383e-01
    outer loop
      vertex   1.565901e-02 6.674312e-02 -2.443843e-02
      vertex   1.718107e-02 6.592742e-02 -2.408525e-02
      vertex   1.771509e-02 6.640802e-02 -2.546520e-02
    endloop
  endfacet
  facet normal 6.273792e-01 6.273792e-01 4.612925e-01
    outer loop
      vertex   1.771509e-02 6.640802e-02 -2.546520e-02
      vertex   1.718107e-02 6.592742e-02 -2.408525e-02
      vertex   1.890802e-02 6.521509e-02 -2.546520e-02
    endloop
  endfacet
  facet normal 6.975308e-01 6.975308e-01 1.640173e-01
    outer loop
      vertex   1.771509e-02 6.640802e-02 -2.546520e-02
      vertex   1.890802e-02 6.521509e-02 -2.546520e-02
      vertex   1.793893e-02 6.654508e-02 -2.700000e-02
    endloop
  endfacet
  facet normal 6.975308e-01 6.975308e-01 1.640173e-01
    outer loop
      vertex   1.793893e-02 6.654508e-02 -2.700000e-02
      vertex   1.890802e-02 6.521509e-02 -2.546520e-02
      vertex   1.904508e-02 6.543893e-02 -2.700000e-02
    endloop
  endfacet
  facet normal 8.816874e-01 4.492421e-01 1.442529e-01
    outer loop
      vertex   1.904508e-02 6.543893e-02 -2.700000e-02
      vertex   1.890802e-02 6.521509e-02 -2.546520e-02
      vertex   1.975528e-02 6.404508e-02 -2.700000e-02
    endloop
  endfacet
  facet normal 8.853096e-01 4.386442e-01 1.543315e-01
    outer loop
      vertex   1.975528e-02 6.404508e-02 -2.700000e-02
      vertex   1.890802e-02 6.521509e-02 -2.546520e-02
      vertex   1.968877e-02 6.375827e-02 -2.580324e-02
    endloop
  endfacet
  facet normal 9.835000e-01 1.557711e-01 9.199548e-02
    outer loop
      vertex   1.975528e-02 6.404508e-02 -2.700000e-02
      vertex   1.968877e-02 6.375827e-02 -2.580324e-02
      vertex   2.000000e-02 6.250000e-02 -2.700000e-02
    endloop
  endfacet
  facet normal 9.832132e-01 9.508552e-02 1.557257e-01
    outer loop
      vertex   2.000000e-02 6.250000e-02 -2.700000e-02
      vertex   1.968877e-02 6.375827e-02 -2.580324e-02
      vertex   1.975528e-02 6.250000e-02 -2.545492e-02
    endloop
  endfacet
  facet normal 9.185911e-01 1.498018e-01 3.657182e-01
    outer loop
      vertex   1.975528e-02 6.250000e-02 -2.545492e-02
      vertex   1.968877e-02 6.375827e-02 -2.580324e-02
      vertex   1.924312e-02 6.315901e-02 -2.443843e-02
    endloop
  endfacet
  facet normal 8.909795e-01 -7.791580e-03 4.539767e-01
    outer loop
      vertex   1.975528e-02 6.250000e-02 -2.545492e-02
      vertex   1.924312e-02 6.315901e-02 -2.443843e-02
      vertex   1.904508e-02 6.250000e-02 -2.406107e-02
    endloop
  endfacet
  facet normal 6.792535e-01 2.001885e-01 7.060731e-01
    outer loop
      vertex   1.904508e-02 6.250000e-02 -2.406107e-02
      vertex   1.924312e-02 6.315901e-02 -2.443843e-02
      vertex   1.842742e-02 6.468107e-02 -2.408525e-02
    endloop
  endfacet
  facet normal 7.127076e-01 2.092574e-01 6.695216e-01
    outer loop
      vertex   1.904508e-02 6.250000e-02 -2.406107e-02
      vertex   1.842742e-02 6.468107e-02 -2.408525e-02
      vertex   1.761498e-02 6.393588e-02 -2.298750e-02
    endloop
  endfacet
  facet normal 4.991673e-01 4.991673e-01 7.082825e-01
    outer loop
      vertex   1.761498e-02 6.393588e-02 -2.298750e-02
      vertex   1.842742e-02 6.468107e-02 -2.408525e-02
      vertex   1.643588e-02 6.511498e-02 -2.298750e-02
    endloop
  endfacet
  facet normal 3.234699e-01 3.234699e-01 8.892325e-01
    outer loop
      vertex   1.761498e-02 6.393588e-02 -2.298750e-02
      vertex   1.643588e-02 6.511498e-02 -2.298750e-02
      vertex   1.555167e-02 6.404936e-02 -2.227823e-02
    endloop
  endfacet
  facet normal 5.868130e-02 1.561649e-01 9.859863e-01
    outer loop
      vertex   1.500000e-02 6.404508e-02 -2.224472e-02
      vertex   1.500000e-02 6.250000e-02 -2.200000e-02
      vertex   1.555167e-02 6.404936e-02 -2.227823e-02
    endloop
  endfacet
  facet normal 1.301615e-01 1.301615e-01 9.829120e-01
    outer loop
      vertex   1.555167e-02 6.404936e-02 -2.227823e-02
      vertex   1.500000e-02 6.250000e-02 -2.200000e-02
      vertex   1.654936e-02 6.305167e-02 -2.227823e-02
    endloop
  endfacet
  facet normal 3.234699e-01 3.234699e-01 8.892325e-01
    outer loop
      vertex   1.555167e-02 6.404936e-02 -2.227823e-02
      vertex   1.654936e-02 6.305167e-02 -2.227823e-02
      vertex   1.761498e-02 6.393588e-02 -2.298750e-02
    endloop
  endfacet
  facet normal 4.745354e-01 1.268277e-01 8.710516e-01
    outer loop
      vertex   1.761498e-02 6.393588e-02 -2.298750e-02
      vertex   1.654936e-02 6.305167e-02 -2.227823e-02
      vertex   1.793893e-02 6.250000e-02 -2.295492e-02
    endloop
  endfacet
  facet normal 6.964533e-01 1.729321e-01 6.964533e-01
    outer loop
      vertex   1.761498e-02 6.393588e-02 -2.298750e-02
      vertex   1.793893e-02 6.250000e-02 -2.295492e-02
      vertex   1.904508e-02 6.250000e-02 -2.406107e-02
    endloop
  endfacet
  facet normal 1.561649e-01 5.868130e-02 9.859863e-01
    outer loop
      vertex   1.500000e-02 6.250000e-02 -2.200000e-02
      vertex   1.654508e-02 6.250000e-02 -2.224472e-02
      vertex   1.654936e-02 6.305167e-02 -2.227823e-02
    endloop
  endfacet
  facet normal 4.534104e-01 5.053655e-02 8.898680e-01
    outer loop
      vertex   1.654936e-02 6.305167e-02 -2.227823e-02
      vertex   1.654508e-02 6.250000e-02 -2.224472e-02
      vertex   1.793893e-02 6.250000e-02 -2.295492e-02
    endloop
  endfacet
  facet normal 4.492421e-01 8.816874e-01 1.442529e-01
    outer loop
      vertex   1.793893e-02 6.654508e-02 -2.700000e-02
      vertex   1.654508e-02 6.725528e-02 -2.700000e-02
      vertex   1.771509e-02 6.640802e-02 -2.546520e-02
    endloop
  endfacet
  facet normal 4.386442e-01 8.853096e-01 1.543315e-01
    outer loop
      vertex   1.771509e-02 6.640802e-02 -2.546520e-02
      vertex   1.654508e-02 6.725528e-02 -2.700000e-02
      vertex   1.625827e-02 6.718877e-02 -2.580324e-02
    endloop
  endfacet
  facet normal 3.486858e-01 8.349641e-01 4.257383e-01
    outer loop
      vertex   1.771509e-02 6.640802e-02 -2.546520e-02
      vertex   1.625827e-02 6.718877e-02 -2.580324e-02
      vertex   1.565901e-02 6.674312e-02 -2.443843e-02
    endloop
  endfacet
  facet normal 6.273792e-01 6.273792e-01 4.612925e-01
    outer loop
      vertex   1.890802e-02 6.521509e-02 -2.546520e-02
      vertex   1.718107e-02 6.592742e-02 -2.408525e-02
      vertex   1.842742e-02 6.468107e-02 -2.408525e-02
    endloop
  endfacet
  facet normal 4.991673e-01 4.991673e-01 7.082825e-01
    outer loop
      vertex   1.842742e-02 6.468107e-02 -2.408525e-02
      vertex   1.718107e-02 6.592742e-02 -2.408525e-02
      vertex   1.643588e-02 6.511498e-02 -2.298750e-02
    endloop
  endfacet
  facet normal 8.349641e-01 3.486858e-01 4.257383e-01
    outer loop
      vertex   1.968877e-02 6.375827e-02 -2.580324e-02
      vertex   1.890802e-02 6.521509e-02 -2.546520e-02
      vertex   1.842742e-02 6.468107e-02 -2.408525e-02
    endloop
  endfacet
  facet normal 8.349641e-01 3.486858e-01 4.257383e-01
    outer loop
      vertex   1.924312e-02 6.315901e-02 -2.443843e-02
      vertex   1.968877e-02 6.375827e-02 -2.580324e-02
      vertex   1.842742e-02 6.468107e-02 -2.408525e-02
    endloop
  endfacet
  facet normal 1.000000e+00 -3.153515e-15 -1.065171e-15
    outer loop
      vertex   2.000000e-02 -3.172144e-02 -2.371414e-02
      vertex   2.000000e-02 -3.344835e-02 -2.511585e-02
      vertex   2.000000e-02 -3.172144e-02 -4.000000e-02
    endloop
  endfacet
  facet normal 1.000000e+00 3.457406e-16 -6.591765e-16
    outer loop
      vertex   2.000000e-02 -3.172144e-02 -4.000000e-02
      vertex   2.000000e-02 -3.344835e-02 -2.511585e-02
      vertex   2.000000e-02 -3.541856e-02 -2.614923e-02
    endloop
  endfacet
  facet normal 1.000000e+00 2.074442e-16 -6.960912e-16
    outer loop
      vertex   2.000000e-02 -3.172144e-02 -4.000000e-02
      vertex   2.000000e-02 -3.541856e-02 -2.614923e-02
      vertex   2.000000e-02 -3.755068e-02 -2.678463e-02
    endloop
  endfacet
  facet normal 1.000000e+00 7.345298e-17 -7.551940e-16
    outer loop
      vertex   2.000000e-02 -3.755068e-02 -2.678463e-02
      vertex   2.000000e-02 -3.976493e-02 -2.700000e-02
      vertex   2.000000e-02 -3.172144e-02 -4.000000e-02
    endloop
  endfacet
  facet normal 1.000000e+00 1.056288e-30 -8.006416e-16
    outer loop
      vertex   2.000000e-02 -3.172144e-02 -4.000000e-02
      vertex   2.000000e-02 -3.976493e-02 -2.700000e-02
      vertex   2.000000e-02 -4.750000e-02 -4.000000e-02
    endloop
  endfacet
  facet normal 1.000000e+00 0.000000e+00 -8.006416e-16
    outer loop
      vertex   2.000000e-02 -4.750000e-02 -4.000000e-02
      vertex   2.000000e-02 -3.976493e-02 -2.700000e-02
      vertex   2.000000e-02 -6.250000e-02 -2.700000e-02
    endloop
  endfacet
  facet normal 1.000000e+00 -1.539653e-16 -9.782939e-16
    outer loop
      vertex   2.000000e-02 -4.750000e-02 -4.000000e-02
      vertex   2.000000e-02 -6.250000e-02 -2.700000e-02
      vertex   2.000000e-02 -6.250000e-02 -4.827856e-02
    endloop
  endfacet
  facet normal 1.000000e+00 0.000000e+00 -1.257265e-15
    outer loop
      vertex   2.000000e-02 -6.250000e-02 -4.827856e-02
      vertex   2.000000e-02 -4.750000e-02 -4.827856e-02
      vertex   2.000000e-02 -4.750000e-02 -4.000000e-02
    endloop
  endfacet
  facet normal 1.043682e-03 -9.999995e-01 -9.738468e-19
    outer loop
      vertex   1.500000e-02 -6.750000e-02 -5.116859e-02
      vertex   1.501044e-02 -6.749999e-02 -5.116226e-02
      vertex   1.500000e-02 -6.750000e-02 -2.700000e-02
    endloop
  endfacet
  facet normal 9.318652e-02 -9.956487e-01 3.980280e-05
    outer loop
      vertex   1.500000e-02 -6.750000e-02 -2.700000e-02
      vertex   1.501044e-02 -6.749999e-02 -5.116226e-02
      vertex   1.591781e-02 -6.741504e-02 -5.061679e-02
    endloop
  endfacet
  facet normal 1.564340e-01 -9.876852e-01 2.526405e-03
    outer loop
      vertex   1.500000e-02 -6.750000e-02 -2.700000e-02
      vertex   1.591781e-02 -6.741504e-02 -5.061679e-02
      vertex   1.654508e-02 -6.725528e-02 -2.700000e-02
    endloop
  endfacet
  facet normal 2.739486e-01 -9.617440e-01 -7.703420e-04
    outer loop
      vertex   1.654508e-02 -6.725528e-02 -2.700000e-02
      vertex   1.591781e-02 -6.741504e-02 -5.061679e-02
      vertex   1.680582e-02 -6.716252e-02 -5.009259e-02
    endloop
  endfacet
  facet normal 4.466876e-01 -8.946888e-01 1.449387e-03
    outer loop
      vertex   1.654508e-02 -6.725528e-02 -2.700000e-02
      vertex   1.680582e-02 -6.716252e-02 -5.009259e-02
      vertex   1.764789e-02 -6.674131e-02 -4.960385e-02
    endloop
  endfacet
  facet normal 4.539897e-01 -8.910049e-01 1.889409e-03
    outer loop
      vertex   1.654508e-02 -6.725528e-02 -2.700000e-02
      vertex   1.764789e-02 -6.674131e-02 -4.960385e-02
      vertex   1.793893e-02 -6.654508e-02 -2.700000e-02
    endloop
  endfacet
  facet normal 6.091439e-01 -7.930591e-01 -9.585477e-04
    outer loop
      vertex   1.793893e-02 -6.654508e-02 -2.700000e-02
      vertex   1.764789e-02 -6.674131e-02 -4.960385e-02
      vertex   1.841206e-02 -6.615488e-02 -4.916704e-02
    endloop
  endfacet
  facet normal 7.071043e-01 -7.071043e-01 2.645386e-03
    outer loop
      vertex   1.793893e-02 -6.654508e-02 -2.700000e-02
      vertex   1.841206e-02 -6.615488e-02 -4.916704e-02
      vertex   1.904508e-02 -6.543893e-02 -2.700000e-02
    endloop
  endfacet
  facet normal 7.515150e-01 -6.597160e-01 -1.533989e-04
    outer loop
      vertex   1.904508e-02 -6.543893e-02 -2.700000e-02
      vertex   1.841206e-02 -6.615488e-02 -4.916704e-02
      vertex   1.906558e-02 -6.541051e-02 -4.879831e-02
    endloop
  endfacet
  facet normal 8.679427e-01 -4.966642e-01 1.685828e-04
    outer loop
      vertex   1.904508e-02 -6.543893e-02 -2.700000e-02
      vertex   1.906558e-02 -6.541051e-02 -4.879831e-02
      vertex   1.956937e-02 -6.453002e-02 -4.851702e-02
    endloop
  endfacet
  facet normal 8.910037e-01 -4.539890e-01 2.533129e-03
    outer loop
      vertex   1.904508e-02 -6.543893e-02 -2.700000e-02
      vertex   1.956937e-02 -6.453002e-02 -4.851702e-02
      vertex   1.975528e-02 -6.404508e-02 -2.700000e-02
    endloop
  endfacet
  facet normal 9.511474e-01 -3.087345e-01 -1.260206e-03
    outer loop
      vertex   1.975528e-02 -6.404508e-02 -2.700000e-02
      vertex   1.956937e-02 -6.453002e-02 -4.851702e-02
      vertex   1.989004e-02 -6.354283e-02 -4.833926e-02
    endloop
  endfacet
  facet normal 9.876851e-01 -1.564340e-01 2.555143e-03
    outer loop
      vertex   1.975528e-02 -6.404508e-02 -2.700000e-02
      vertex   1.989004e-02 -6.354283e-02 -4.833926e-02
      vertex   2.000000e-02 -6.250000e-02 -2.700000e-02
    endloop
  endfacet
  facet normal 9.944864e-01 -1.048659e-01 -9.729000e-16
    outer loop
      vertex   2.000000e-02 -6.250000e-02 -2.700000e-02
      vertex   1.989004e-02 -6.354283e-02 -4.833926e-02
      vertex   2.000000e-02 -6.250000e-02 -4.827856e-02
    endloop
  endfacet
  facet normal -5.868130e-02 -9.859863e-01 1.561649e-01
    outer loop
      vertex   -1.500000e-02 -6.725528e-02 -2.545492e-02
      vertex   -1.555167e-02 -6.722177e-02 -2.545064e-02
      vertex   -1.500000e-02 -6.750000e-02 -2.700000e-02
    endloop
  endfacet
  facet normal -1.301615e-01 -9.829120e-01 1.301615e-01
    outer loop
      vertex   -1.500000e-02 -6.750000e-02 -2.700000e-02
      vertex   -1.555167e-02 -6.722177e-02 -2.545064e-02
      vertex   -1.654936e-02 -6.722177e-02 -2.644833e-02
    endloop
  endfacet
  facet normal -1.561649e-01 -9.859863e-01 5.868130e-02
    outer loop
      vertex   -1.500000e-02 -6.750000e-02 -2.700000e-02
      vertex   -1.654936e-02 -6.722177e-02 -2.644833e-02
      vertex   -1.654508e-02 -6.725528e-02 -2.700000e-02
    endloop
  endfacet
  facet normal -4.534104e-01 -8.898680e-01 5.053655e-02
    outer loop
      vertex   -1.654508e-02 -6.725528e-02 -2.700000e-02
      vertex   -1.654936e-02 -6.722177e-02 -2.644833e-02
      vertex   -1.793893e-02 -6.654508e-02 -2.700000e-02
    endloop
  endfacet
  facet normal -4.745354e-01 -8.710516e-01 1.268277e-01
    outer loop
      vertex   -1.793893e-02 -6.654508e-02 -2.700000e-02
      vertex   -1.654936e-02 -6.722177e-02 -2.644833e-02
      vertex   -1.761498e-02 -6.651250e-02 -2.556412e-02
    endloop
  endfacet
  facet normal -7.000914e-01 -6.926127e-01 1.736658e-01
    outer loop
      vertex   -1.793893e-02 -6.654508e-02 -2.700000e-02
      vertex   -1.761498e-02 -6.651250e-02 -2.556412e-02
      vertex   -1.924312e-02 -6.506157e-02 -2.634099e-02
    endloop
  endfacet
  facet normal -7.056111e-01 -6.729237e-01 2.220060e-01
    outer loop
      vertex   -1.924312e-02 -6.506157e-02 -2.634099e-02
      vertex   -1.761498e-02 -6.651250e-02 -2.556412e-02
      vertex   -1.842742e-02 -6.541475e-02 -2.481893e-02
    endloop
  endfacet
  facet normal -8.349641e-01 -4.257383e-01 3.486858e-01
    outer loop
      vertex   -1.924312e-02 -6.506157e-02 -2.634099e-02
      vertex   -1.842742e-02 -6.541475e-02 -2.481893e-02
      vertex   -1.890802e-02 -6.403480e-02 -2.428491e-02
    endloop
  endfacet
  facet normal -6.273792e-01 -4.612925e-01 6.273792e-01
    outer loop
      vertex   -1.890802e-02 -6.403480e-02 -2.428491e-02
      vertex   -1.842742e-02 -6.541475e-02 -2.481893e-02
      vertex   -1.771509e-02 -6.403480e-02 -2.309198e-02
    endloop
  endfacet
  facet normal -6.975308e-01 -1.640173e-01 6.975308e-01
    outer loop
      vertex   -1.890802e-02 -6.403480e-02 -2.428491e-02
      vertex   -1.771509e-02 -6.403480e-02 -2.309198e-02
      vertex   -1.904508e-02 -6.250000e-02 -2.406107e-02
    endloop
  endfacet
  facet normal -6.975308e-01 -1.640173e-01 6.975308e-01
    outer loop
      vertex   -1.904508e-02 -6.250000e-02 -2.406107e-02
      vertex   -1.771509e-02 -6.403480e-02 -2.309198e-02
      vertex   -1.793893e-02 -6.250000e-02 -2.295492e-02
    endloop
  endfacet
  facet normal -4.492421e-01 -1.442529e-01 8.816874e-01
    outer loop
      vertex   -1.793893e-02 -6.250000e-02 -2.295492e-02
      vertex   -1.771509e-02 -6.403480e-02 -2.309198e-02
      vertex   -1.654508e-02 -6.250000e-02 -2.224472e-02
    endloop
  endfacet
  facet normal -4.386442e-01 -1.543315e-01 8.853096e-01
    outer loop
      vertex   -1.654508e-02 -6.250000e-02 -2.224472e-02
      vertex   -1.771509e-02 -6.403480e-02 -2.309198e-02
      vertex   -1.625827e-02 -6.369676e-02 -2.231123e-02
    endloop
  endfacet
  facet normal -1.557711e-01 -9.199548e-02 9.835000e-01
    outer loop
      vertex   -1.654508e-02 -6.250000e-02 -2.224472e-02
      vertex   -1.625827e-02 -6.369676e-02 -2.231123e-02
      vertex   -1.500000e-02 -6.250000e-02 -2.200000e-02
    endloop
  endfacet
  facet normal -9.508552e-02 -1.557257e-01 9.832132e-01
    outer loop
      vertex   -1.500000e-02 -6.250000e-02 -2.200000e-02
      vertex   -1.625827e-02 -6.369676e-02 -2.231123e-02
      vertex   -1.500000e-02 -6.404508e-02 -2.224472e-02
    endloop
  endfacet
  facet normal -1.498018e-01 -3.657182e-01 9.185911e-01
    outer loop
      vertex   -1.500000e-02 -6.404508e-02 -2.224472e-02
      vertex   -1.625827e-02 -6.369676e-02 -2.231123e-02
      vertex   -1.565901e-02 -6.506157e-02 -2.275688e-02
    endloop
  endfacet
  facet normal 7.791580e-03 -4.539767e-01 8.909795e-01
    outer loop
      vertex   -1.500000e-02 -6.404508e-02 -2.224472e-02
      vertex   -1.565901e-02 -6.506157e-02 -2.275688e-02
      vertex   -1.500000e-02 -6.543893e-02 -2.295492e-02
    endloop
  endfacet
  facet normal -1.836105e-01 -6.887335e-01 7.013796e-01
    outer loop
      vertex   -1.500000e-02 -6.543893e-02 -2.295492e-02
      vertex   -1.565901e-02 -6.506157e-02 -2.275688e-02
      vertex   -1.643588e-02 -6.651250e-02 -2.438502e-02
    endloop
  endfacet
  facet normal -1.729321e-01 -6.964533e-01 6.964533e-01
    outer loop
      vertex   -1.500000e-02 -6.543893e-02 -2.295492e-02
      vertex   -1.643588e-02 -6.651250e-02 -2.438502e-02
      vertex   -1.500000e-02 -6.654508e-02 -2.406107e-02
    endloop
  endfacet
  facet normal -1.268277e-01 -8.710516e-01 4.745354e-01
    outer loop
      vertex   -1.500000e-02 -6.654508e-02 -2.406107e-02
      vertex   -1.643588e-02 -6.651250e-02 -2.438502e-02
      vertex   -1.555167e-02 -6.722177e-02 -2.545064e-02
    endloop
  endfacet
  facet normal -5.053655e-02 -8.898680e-01 4.534104e-01
    outer loop
      vertex   -1.500000e-02 -6.654508e-02 -2.406107e-02
      vertex   -1.555167e-02 -6.722177e-02 -2.545064e-02
      vertex   -1.500000e-02 -6.725528e-02 -2.545492e-02
    endloop
  endfacet
  facet normal -8.816874e-01 -1.442529e-01 4.492421e-01
    outer loop
      vertex   -1.904508e-02 -6.250000e-02 -2.406107e-02
      vertex   -1.975528e-02 -6.250000e-02 -2.545492e-02
      vertex   -1.890802e-02 -6.403480e-02 -2.428491e-02
    endloop
  endfacet
  facet normal -8.853096e-01 -1.543315e-01 4.386442e-01
    outer loop
      vertex   -1.890802e-02 -6.403480e-02 -2.428491e-02
      vertex   -1.975528e-02 -6.250000e-02 -2.545492e-02
      vertex   -1.968877e-02 -6.369676e-02 -2.574173e-02
    endloop
  endfacet
  facet normal -8.349641e-01 -4.257383e-01 3.486858e-01
    outer loop
      vertex   -1.890802e-02 -6.403480e-02 -2.428491e-02
      vertex   -1.968877e-02 -6.369676e-02 -2.574173e-02
      vertex   -1.924312e-02 -6.506157e-02 -2.634099e-02
    endloop
  endfacet
  facet normal -9.185911e-01 -3.657182e-01 1.498018e-01
    outer loop
      vertex   -1.924312e-02 -6.506157e-02 -2.634099e-02
      vertex   -1.968877e-02 -6.369676e-02 -2.574173e-02
      vertex   -1.975528e-02 -6.404508e-02 -2.700000e-02
    endloop
  endfacet
  facet normal -8.909795e-01 -4.539767e-01 -7.791580e-03
    outer loop
      vertex   -1.924312e-02 -6.506157e-02 -2.634099e-02
      vertex   -1.975528e-02 -6.404508e-02 -2.700000e-02
      vertex   -1.904508e-02 -6.543893e-02 -2.700000e-02
    endloop
  endfacet
  facet normal -9.835000e-01 -9.199548e-02 1.557711e-01
    outer loop
      vertex   -1.975528e-02 -6.250000e-02 -2.545492e-02
      vertex   -2.000000e-02 -6.250000e-02 -2.700000e-02
      vertex   -1.968877e-02 -6.369676e-02 -2.574173e-02
    endloop
  endfacet
  facet normal -9.832132e-01 -1.557257e-01 9.508552e-02
    outer loop
      vertex   -1.968877e-02 -6.369676e-02 -2.574173e-02
      vertex   -2.000000e-02 -6.250000e-02 -2.700000e-02
      vertex   -1.975528e-02 -6.404508e-02 -2.700000e-02
    endloop
  endfacet
  facet normal -6.943702e-01 -6.943702e-01 1.889446e-01
    outer loop
      vertex   -1.904508e-02 -6.543893e-02 -2.700000e-02
      vertex   -1.793893e-02 -6.654508e-02 -2.700000e-02
      vertex   -1.924312e-02 -6.506157e-02 -2.634099e-02
    endloop
  endfacet
  facet normal -4.991673e-01 -7.082825e-01 4.991673e-01
    outer loop
      vertex   -1.842742e-02 -6.541475e-02 -2.481893e-02
      vertex   -1.761498e-02 -6.651250e-02 -2.556412e-02
      vertex   -1.718107e-02 -6.541475e-02 -2.357258e-02
    endloop
  endfacet
  facet normal -4.991673e-01 -7.082825e-01 4.991673e-01
    outer loop
      vertex   -1.718107e-02 -6.541475e-02 -2.357258e-02
      vertex   -1.761498e-02 -6.651250e-02 -2.556412e-02
      vertex   -1.643588e-02 -6.651250e-02 -2.438502e-02
    endloop
  endfacet
  facet normal -2.220060e-01 -6.729237e-01 7.056111e-01
    outer loop
      vertex   -1.718107e-02 -6.541475e-02 -2.357258e-02
      vertex   -1.643588e-02 -6.651250e-02 -2.438502e-02
      vertex   -1.565901e-02 -6.506157e-02 -2.275688e-02
    endloop
  endfacet
  facet normal -3.234699e-01 -8.892325e-01 3.234699e-01
    outer loop
      vertex   -1.555167e-02 -6.722177e-02 -2.545064e-02
      vertex   -1.643588e-02 -6.651250e-02 -2.438502e-02
      vertex   -1.654936e-02 -6.722177e-02 -2.644833e-02
    endloop
  endfacet
  facet normal -3.234699e-01 -8.892325e-01 3.234699e-01
    outer loop
      vertex   -1.654936e-02 -6.722177e-02 -2.644833e-02
      vertex   -1.643588e-02 -6.651250e-02 -2.438502e-02
      vertex   -1.761498e-02 -6.651250e-02 -2.556412e-02
    endloop
  endfacet
  facet normal -3.486858e-01 -4.257383e-01 8.349641e-01
    outer loop
      vertex   -1.625827e-02 -6.369676e-02 -2.231123e-02
      vertex   -1.771509e-02 -6.403480e-02 -2.309198e-02
      vertex   -1.718107e-02 -6.541475e-02 -2.357258e-02
    endloop
  endfacet
  facet normal -6.273792e-01 -4.612925e-01 6.273792e-01
    outer loop
      vertex   -1.718107e-02 -6.541475e-02 -2.357258e-02
      vertex   -1.771509e-02 -6.403480e-02 -2.309198e-02
      vertex   -1.842742e-02 -6.541475e-02 -2.481893e-02
    endloop
  endfacet
  facet normal -3.486858e-01 -4.257383e-01 8.349641e-01
    outer loop
      vertex   -1.625827e-02 -6.369676e-02 -2.231123e-02
      vertex   -1.718107e-02 -6.541475e-02 -2.357258e-02
      vertex   -1.565901e-02 -6.506157e-02 -2.275688e-02
    endloop
  endfacet
  facet normal 0.000000e+00 -1.564345e-01 9.876883e-01
    outer loop
      vertex   1.500000e-02 -6.250000e-02 -2.200000e-02
      vertex   -1.500000e-02 -6.250000e-02 -2.200000e-02
      vertex   1.500000e-02 -6.404508e-02 -2.224472e-02
    endloop
  endfacet
  facet normal 0.000000e+00 -1.564345e-01 9.876883e-01
    outer loop
      vertex   1.500000e-02 -6.404508e-02 -2.224472e-02
      vertex   -1.500000e-02 -6.250000e-02 -2.200000e-02
      vertex   -1.500000e-02 -6.404508e-02 -2.224472e-02
    endloop
  endfacet
  facet normal 0.000000e+00 -4.539905e-01 8.910065e-01
    outer loop
      vertex   1.500000e-02 -6.404508e-02 -2.224472e-02
      vertex   -1.500000e-02 -6.404508e-02 -2.224472e-02
      vertex   1.500000e-02 -6.543893e-02 -2.295492e-02
    endloop
  endfacet
  facet normal 0.000000e+00 -4.539905e-01 8.910065e-01
    outer loop
      vertex   1.500000e-02 -6.543893e-02 -2.295492e-02
      vertex   -1.500000e-02 -6.404508e-02 -2.224472e-02
      vertex   -1.500000e-02 -6.543893e-02 -2.295492e-02
    endloop
  endfacet
  facet normal 0.000000e+00 -7.071068e-01 7.071068e-01
    outer loop
      vertex   1.500000e-02 -6.543893e-02 -2.295492e-02
      vertex   -1.500000e-02 -6.543893e-02 -2.295492e-02
      vertex   1.500000e-02 -6.654508e-02 -2.406107e-02
    endloop
  endfacet
  facet normal 0.000000e+00 -7.071068e-01 7.071068e-01
    outer loop
      vertex   1.500000e-02 -6.654508e-02 -2.406107e-02
      vertex   -1.500000e-02 -6.543893e-02 -2.295492e-02
      vertex   -1.500000e-02 -6.654508e-02 -2.406107e-02
    endloop
  endfacet
  facet normal 0.000000e+00 -8.910065e-01 4.539905e-01
    outer loop
      vertex   1.500000e-02 -6.654508e-02 -2.406107e-02
      vertex   -1.500000e-02 -6.654508e-02 -2.406107e-02
      vertex   1.500000e-02 -6.725528e-02 -2.545492e-02
    endloop
  endfacet
  facet normal 0.000000e+00 -8.910065e-01 4.539905e-01
    outer loop
      vertex   1.500000e-02 -6.725528e-02 -2.545492e-02
      vertex   -1.500000e-02 -6.654508e-02 -2.406107e-02
      vertex   -1.500000e-02 -6.725528e-02 -2.545492e-02
    endloop
  endfacet
  facet normal 0.000000e+00 -9.876883e-01 1.564345e-01
    outer loop
      vertex   1.500000e-02 -6.725528e-02 -2.545492e-02
      vertex   -1.500000e-02 -6.725528e-02 -2.545492e-02
      vertex   1.500000e-02 -6.750000e-02 -2.700000e-02
    endloop
  endfacet
  facet normal 0.000000e+00 -9.876883e-01 1.564345e-01
    outer loop
      vertex   1.500000e-02 -6.750000e-02 -2.700000e-02
      vertex   -1.500000e-02 -6.725528e-02 -2.545492e-02
      vertex   -1.500000e-02 -6.750000e-02 -2.700000e-02
    endloop
  endfacet
  facet normal 9.915030e-01 8.406149e-02 9.927507e-02
    outer loop
      vertex   1.982110e-02 -3.183378e-02 -2.183227e-02
      vertex   1.992298e-02 -3.198397e-02 -2.272261e-02
      vertex   2.000000e-02 -3.172144e-02 -2.371414e-02
    endloop
  endfacet
  facet normal 9.963286e-01 -5.938096e-02 6.167023e-02
    outer loop
      vertex   2.000000e-02 -3.172144e-02 -2.371414e-02
      vertex   1.992298e-02 -3.198397e-02 -2.272261e-02
      vertex   1.991293e-02 -3.350298e-02 -2.402288e-02
    endloop
  endfacet
  facet normal 9.951740e-01 -6.184034e-02 7.618693e-02
    outer loop
      vertex   2.000000e-02 -3.172144e-02 -2.371414e-02
      vertex   1.991293e-02 -3.350298e-02 -2.402288e-02
      vertex   2.000000e-02 -3.344835e-02 -2.511585e-02
    endloop
  endfacet
  facet normal 9.958189e-01 -4.936598e-02 7.686181e-02
    outer loop
      vertex   2.000000e-02 -3.344835e-02 -2.511585e-02
      vertex   1.991293e-02 -3.350298e-02 -2.402288e-02
      vertex   1.990174e-02 -3.524686e-02 -2.499788e-02
    endloop
  endfacet
  facet normal 9.945789e-01 -4.829962e-02 9.208632e-02
    outer loop
      vertex   2.000000e-02 -3.344835e-02 -2.511585e-02
      vertex   1.990174e-02 -3.524686e-02 -2.499788e-02
      vertex   2.000000e-02 -3.541856e-02 -2.614923e-02
    endloop
  endfacet
  facet normal 9.952611e-01 -3.603434e-02 9.031545e-02
    outer loop
      vertex   2.000000e-02 -3.541856e-02 -2.614923e-02
      vertex   1.990174e-02 -3.524686e-02 -2.499788e-02
      vertex   1.989000e-02 -3.713698e-02 -2.562264e-02
    endloop
  endfacet
  facet normal 9.939495e-01 -3.136978e-02 1.052631e-01
    outer loop
      vertex   2.000000e-02 -3.541856e-02 -2.614923e-02
      vertex   1.989000e-02 -3.713698e-02 -2.562264e-02
      vertex   2.000000e-02 -3.755068e-02 -2.678463e-02
    endloop
  endfacet
  facet normal 9.946910e-01 -1.938098e-02 1.010650e-01
    outer loop
      vertex   2.000000e-02 -3.755068e-02 -2.678463e-02
      vertex   1.989000e-02 -3.713698e-02 -2.562264e-02
      vertex   1.987820e-02 -3.910010e-02 -2.588302e-02
    endloop
  endfacet
  facet normal 9.933063e-01 -1.118218e-02 1.149676e-01
    outer loop
      vertex   2.000000e-02 -3.755068e-02 -2.678463e-02
      vertex   1.987820e-02 -3.910010e-02 -2.588302e-02
      vertex   2.000000e-02 -3.976493e-02 -2.700000e-02
    endloop
  endfacet
  facet normal 9.843941e-01 -8.160603e-02 1.559127e-01
    outer loop
      vertex   2.000000e-02 -3.976493e-02 -2.700000e-02
      vertex   1.987820e-02 -3.910010e-02 -2.588302e-02
      vertex   1.975528e-02 -3.976493e-02 -2.545492e-02
    endloop
  endfacet
  facet normal 9.334105e-01 5.567357e-02 3.544648e-01
    outer loop
      vertex   1.975528e-02 -3.976493e-02 -2.545492e-02
      vertex   1.987820e-02 -3.910010e-02 -2.588302e-02
      vertex   1.939494e-02 -3.918272e-02 -2.459748e-02
    endloop
  endfacet
  facet normal 8.849550e-01 -1.163505e-01 4.509071e-01
    outer loop
      vertex   1.975528e-02 -3.976493e-02 -2.545492e-02
      vertex   1.939494e-02 -3.918272e-02 -2.459748e-02
      vertex   1.904508e-02 -3.976493e-02 -2.406107e-02
    endloop
  endfacet
  facet normal 8.006559e-01 6.736160e-02 5.953255e-01
    outer loop
      vertex   1.904508e-02 -3.976493e-02 -2.406107e-02
      vertex   1.939494e-02 -3.918272e-02 -2.459748e-02
      vertex   1.857884e-02 -3.925379e-02 -2.349185e-02
    endloop
  endfacet
  facet normal 7.000397e-01 -1.410282e-01 7.000397e-01
    outer loop
      vertex   1.904508e-02 -3.976493e-02 -2.406107e-02
      vertex   1.857884e-02 -3.925379e-02 -2.349185e-02
      vertex   1.793893e-02 -3.976493e-02 -2.295492e-02
    endloop
  endfacet
  facet normal 6.573916e-01 -3.214767e-02 7.528630e-01
    outer loop
      vertex   1.793893e-02 -3.976493e-02 -2.295492e-02
      vertex   1.857884e-02 -3.925379e-02 -2.349185e-02
      vertex   1.797749e-02 -3.928745e-02 -2.296820e-02
    endloop
  endfacet
  facet normal 4.655099e-01 -1.297328e-02 8.849476e-01
    outer loop
      vertex   1.793893e-02 -3.976493e-02 -2.295492e-02
      vertex   1.797749e-02 -3.928745e-02 -2.296820e-02
      vertex   1.662632e-02 -3.933309e-02 -2.225811e-02
    endloop
  endfacet
  facet normal 4.630113e-01 -1.684476e-01 8.701988e-01
    outer loop
      vertex   1.662632e-02 -3.933309e-02 -2.225811e-02
      vertex   1.797749e-02 -3.928745e-02 -2.296820e-02
      vertex   1.691446e-02 -3.803281e-02 -2.215972e-02
    endloop
  endfacet
  facet normal 1.996957e-01 -1.178557e-01 9.727444e-01
    outer loop
      vertex   1.662632e-02 -3.933309e-02 -2.225811e-02
      vertex   1.691446e-02 -3.803281e-02 -2.215972e-02
      vertex   1.535162e-02 -3.860821e-02 -2.190860e-02
    endloop
  endfacet
  facet normal 2.584985e-01 -3.015817e-01 9.177293e-01
    outer loop
      vertex   1.535162e-02 -3.860821e-02 -2.190860e-02
      vertex   1.691446e-02 -3.803281e-02 -2.215972e-02
      vertex   1.572236e-02 -3.746831e-02 -2.163844e-02
    endloop
  endfacet
  facet normal 2.635673e-01 -2.923142e-01 9.192849e-01
    outer loop
      vertex   1.572236e-02 -3.746831e-02 -2.163844e-02
      vertex   1.691446e-02 -3.803281e-02 -2.215972e-02
      vertex   1.720916e-02 -3.674441e-02 -2.183453e-02
    endloop
  endfacet
  facet normal 3.287141e-01 -4.502487e-01 8.301947e-01
    outer loop
      vertex   1.572236e-02 -3.746831e-02 -2.163844e-02
      vertex   1.720916e-02 -3.674441e-02 -2.183453e-02
      vertex   1.609918e-02 -3.638087e-02 -2.119787e-02
    endloop
  endfacet
  facet normal 3.280831e-01 -4.514602e-01 8.297862e-01
    outer loop
      vertex   1.609918e-02 -3.638087e-02 -2.119787e-02
      vertex   1.720916e-02 -3.674441e-02 -2.183453e-02
      vertex   1.749765e-02 -3.552229e-02 -2.128368e-02
    endloop
  endfacet
  facet normal 3.975973e-01 -5.762558e-01 7.140347e-01
    outer loop
      vertex   1.609918e-02 -3.638087e-02 -2.119787e-02
      vertex   1.749765e-02 -3.552229e-02 -2.128368e-02
      vertex   1.646520e-02 -3.538421e-02 -2.059734e-02
    endloop
  endfacet
  facet normal 3.905255e-01 -5.904952e-01 7.062615e-01
    outer loop
      vertex   1.646520e-02 -3.538421e-02 -2.059734e-02
      vertex   1.749765e-02 -3.552229e-02 -2.128368e-02
      vertex   1.776280e-02 -3.443066e-02 -2.051760e-02
    endloop
  endfacet
  facet normal 4.613089e-01 -6.758280e-01 5.748484e-01
    outer loop
      vertex   1.646520e-02 -3.538421e-02 -2.059734e-02
      vertex   1.776280e-02 -3.443066e-02 -2.051760e-02
      vertex   1.679662e-02 -3.452420e-02 -1.985223e-02
    endloop
  endfacet
  facet normal 4.535664e-01 -6.922609e-01 5.612952e-01
    outer loop
      vertex   1.679662e-02 -3.452420e-02 -1.985223e-02
      vertex   1.776280e-02 -3.443066e-02 -2.051760e-02
      vertex   1.794320e-02 -3.370435e-02 -1.976760e-02
    endloop
  endfacet
  facet normal 5.059583e-01 -7.513280e-01 4.236891e-01
    outer loop
      vertex   1.679662e-02 -3.452420e-02 -1.985223e-02
      vertex   1.794320e-02 -3.370435e-02 -1.976760e-02
      vertex   1.706615e-02 -3.385142e-02 -1.898105e-02
    endloop
  endfacet
  facet normal 4.991894e-01 -7.610125e-01 4.143306e-01
    outer loop
      vertex   1.706615e-02 -3.385142e-02 -1.898105e-02
      vertex   1.794320e-02 -3.370435e-02 -1.976760e-02
      vertex   1.808417e-02 -3.314558e-02 -1.891112e-02
    endloop
  endfacet
  facet normal 5.378507e-01 -8.015915e-01 2.610892e-01
    outer loop
      vertex   1.706615e-02 -3.385142e-02 -1.898105e-02
      vertex   1.808417e-02 -3.314558e-02 -1.891112e-02
      vertex   1.724489e-02 -3.341741e-02 -1.801677e-02
    endloop
  endfacet
  facet normal 5.839784e-01 -7.454115e-01 3.214512e-01
    outer loop
      vertex   1.724489e-02 -3.341741e-02 -1.801677e-02
      vertex   1.808417e-02 -3.314558e-02 -1.891112e-02
      vertex   1.843976e-02 -3.265311e-02 -1.841514e-02
    endloop
  endfacet
  facet normal 5.572981e-01 -8.257009e-01 8.738933e-02
    outer loop
      vertex   1.724489e-02 -3.341741e-02 -1.801677e-02
      vertex   1.843976e-02 -3.265311e-02 -1.841514e-02
      vertex   1.731710e-02 -3.326211e-02 -1.700988e-02
    endloop
  endfacet
  facet normal 9.583409e-01 -2.426970e-01 1.506014e-01
    outer loop
      vertex   1.992298e-02 -3.198397e-02 -2.272261e-02
      vertex   1.982110e-02 -3.183378e-02 -2.183227e-02
      vertex   1.961474e-02 -3.276457e-02 -2.201908e-02
    endloop
  endfacet
  facet normal 9.390351e-01 -2.545722e-01 2.310977e-01
    outer loop
      vertex   1.961474e-02 -3.276457e-02 -2.201908e-02
      vertex   1.982110e-02 -3.183378e-02 -2.183227e-02
      vertex   1.929205e-02 -3.215694e-02 -2.003855e-02
    endloop
  endfacet
  facet normal 8.355959e-01 -4.720552e-01 2.809687e-01
    outer loop
      vertex   1.961474e-02 -3.276457e-02 -2.201908e-02
      vertex   1.929205e-02 -3.215694e-02 -2.003855e-02
      vertex   1.916260e-02 -3.262913e-02 -2.044687e-02
    endloop
  endfacet
  facet normal 8.437650e-01 -4.642382e-01 2.693390e-01
    outer loop
      vertex   1.916260e-02 -3.262913e-02 -2.044687e-02
      vertex   1.929205e-02 -3.215694e-02 -2.003855e-02
      vertex   1.888175e-02 -3.241868e-02 -1.920431e-02
    endloop
  endfacet
  facet normal 7.958653e-01 -5.411688e-01 2.715414e-01
    outer loop
      vertex   1.916260e-02 -3.262913e-02 -2.044687e-02
      vertex   1.888175e-02 -3.241868e-02 -1.920431e-02
      vertex   1.879655e-02 -3.303787e-02 -2.018863e-02
    endloop
  endfacet
  facet normal 6.988897e-01 -6.311178e-01 3.365167e-01
    outer loop
      vertex   1.879655e-02 -3.303787e-02 -2.018863e-02
      vertex   1.888175e-02 -3.241868e-02 -1.920431e-02
      vertex   1.808417e-02 -3.314558e-02 -1.891112e-02
    endloop
  endfacet
  facet normal 6.762550e-01 -6.629500e-01 3.212109e-01
    outer loop
      vertex   1.879655e-02 -3.303787e-02 -2.018863e-02
      vertex   1.808417e-02 -3.314558e-02 -1.891112e-02
      vertex   1.794320e-02 -3.370435e-02 -1.976760e-02
    endloop
  endfacet
  facet normal 2.189554e-01 8.950518e-01 3.885109e-01
    outer loop
      vertex   1.929205e-02 -3.215694e-02 -2.003855e-02
      vertex   1.843976e-02 -3.265311e-02 -1.841514e-02
      vertex   1.888175e-02 -3.241868e-02 -1.920431e-02
    endloop
  endfacet
  facet normal 6.983015e-01 -6.912848e-01 1.857429e-01
    outer loop
      vertex   1.888175e-02 -3.241868e-02 -1.920431e-02
      vertex   1.843976e-02 -3.265311e-02 -1.841514e-02
      vertex   1.808417e-02 -3.314558e-02 -1.891112e-02
    endloop
  endfacet
  facet normal 5.336171e-01 -8.407714e-01 9.141188e-02
    outer loop
      vertex   1.731710e-02 -3.326211e-02 -1.700988e-02
      vertex   1.730769e-02 -3.326701e-02 -1.700000e-02
      vertex   1.724489e-02 -3.341741e-02 -1.801677e-02
    endloop
  endfacet
  facet normal 1.900903e-01 -1.346251e-01 9.724926e-01
    outer loop
      vertex   1.535162e-02 -3.860821e-02 -2.190860e-02
      vertex   1.500000e-02 -3.976493e-02 -2.200000e-02
      vertex   1.662632e-02 -3.933309e-02 -2.225811e-02
    endloop
  endfacet
  facet normal 1.564344e-01 1.205858e-03 9.876876e-01
    outer loop
      vertex   1.662632e-02 -3.933309e-02 -2.225811e-02
      vertex   1.500000e-02 -3.976493e-02 -2.200000e-02
      vertex   1.654508e-02 -3.976493e-02 -2.224472e-02
    endloop
  endfacet
  facet normal 4.532350e-01 -5.766787e-02 8.895237e-01
    outer loop
      vertex   1.662632e-02 -3.933309e-02 -2.225811e-02
      vertex   1.654508e-02 -3.976493e-02 -2.224472e-02
      vertex   1.793893e-02 -3.976493e-02 -2.295492e-02
    endloop
  endfacet
  facet normal 6.041589e-01 -5.508419e-01 5.758170e-01
    outer loop
      vertex   1.749765e-02 -3.552229e-02 -2.128368e-02
      vertex   1.852430e-02 -3.505656e-02 -2.191532e-02
      vertex   1.776280e-02 -3.443066e-02 -2.051760e-02
    endloop
  endfacet
  facet normal 6.469657e-01 -4.994928e-01 5.761443e-01
    outer loop
      vertex   1.776280e-02 -3.443066e-02 -2.051760e-02
      vertex   1.852430e-02 -3.505656e-02 -2.191532e-02
      vertex   1.868688e-02 -3.384378e-02 -2.104646e-02
    endloop
  endfacet
  facet normal 6.474827e-01 -6.193481e-01 4.440429e-01
    outer loop
      vertex   1.776280e-02 -3.443066e-02 -2.051760e-02
      vertex   1.868688e-02 -3.384378e-02 -2.104646e-02
      vertex   1.794320e-02 -3.370435e-02 -1.976760e-02
    endloop
  endfacet
  facet normal 6.765419e-01 -5.779008e-01 4.564227e-01
    outer loop
      vertex   1.794320e-02 -3.370435e-02 -1.976760e-02
      vertex   1.868688e-02 -3.384378e-02 -2.104646e-02
      vertex   1.879655e-02 -3.303787e-02 -2.018863e-02
    endloop
  endfacet
  facet normal 7.490005e-01 -4.492855e-01 4.869711e-01
    outer loop
      vertex   1.852430e-02 -3.505656e-02 -2.191532e-02
      vertex   1.896989e-02 -3.475584e-02 -2.232324e-02
      vertex   1.868688e-02 -3.384378e-02 -2.104646e-02
    endloop
  endfacet
  facet normal 7.767596e-01 -4.181929e-01 4.709132e-01
    outer loop
      vertex   1.868688e-02 -3.384378e-02 -2.104646e-02
      vertex   1.896989e-02 -3.475584e-02 -2.232324e-02
      vertex   1.908512e-02 -3.347664e-02 -2.137732e-02
    endloop
  endfacet
  facet normal 7.772836e-01 -5.050815e-01 3.751306e-01
    outer loop
      vertex   1.868688e-02 -3.384378e-02 -2.104646e-02
      vertex   1.908512e-02 -3.347664e-02 -2.137732e-02
      vertex   1.879655e-02 -3.303787e-02 -2.018863e-02
    endloop
  endfacet
  facet normal 7.959809e-01 -4.790341e-01 3.700550e-01
    outer loop
      vertex   1.879655e-02 -3.303787e-02 -2.018863e-02
      vertex   1.908512e-02 -3.347664e-02 -2.137732e-02
      vertex   1.916260e-02 -3.262913e-02 -2.044687e-02
    endloop
  endfacet
  facet normal 6.045758e-01 -3.931669e-01 6.927539e-01
    outer loop
      vertex   1.852430e-02 -3.505656e-02 -2.191532e-02
      vertex   1.749765e-02 -3.552229e-02 -2.128368e-02
      vertex   1.834547e-02 -3.641503e-02 -2.253025e-02
    endloop
  endfacet
  facet normal 5.577636e-01 -4.469124e-01 6.994062e-01
    outer loop
      vertex   1.834547e-02 -3.641503e-02 -2.253025e-02
      vertex   1.749765e-02 -3.552229e-02 -2.128368e-02
      vertex   1.720916e-02 -3.674441e-02 -2.183453e-02
    endloop
  endfacet
  facet normal 5.581852e-01 -2.646862e-01 7.863654e-01
    outer loop
      vertex   1.834547e-02 -3.641503e-02 -2.253025e-02
      vertex   1.720916e-02 -3.674441e-02 -2.183453e-02
      vertex   1.816057e-02 -3.784627e-02 -2.288075e-02
    endloop
  endfacet
  facet normal 5.100224e-01 -3.183471e-01 7.990821e-01
    outer loop
      vertex   1.816057e-02 -3.784627e-02 -2.288075e-02
      vertex   1.720916e-02 -3.674441e-02 -2.183453e-02
      vertex   1.691446e-02 -3.803281e-02 -2.215972e-02
    endloop
  endfacet
  facet normal 5.104252e-01 -1.165400e-01 8.519886e-01
    outer loop
      vertex   1.816057e-02 -3.784627e-02 -2.288075e-02
      vertex   1.691446e-02 -3.803281e-02 -2.215972e-02
      vertex   1.797749e-02 -3.928745e-02 -2.296820e-02
    endloop
  endfacet
  facet normal 8.577003e-01 -3.534047e-01 3.734371e-01
    outer loop
      vertex   1.896989e-02 -3.475584e-02 -2.232324e-02
      vertex   1.956514e-02 -3.416218e-02 -2.312859e-02
      vertex   1.908512e-02 -3.347664e-02 -2.137732e-02
    endloop
  endfacet
  facet normal 8.738987e-01 -3.208864e-01 3.651478e-01
    outer loop
      vertex   1.908512e-02 -3.347664e-02 -2.137732e-02
      vertex   1.956514e-02 -3.416218e-02 -2.312859e-02
      vertex   1.961474e-02 -3.276457e-02 -2.201908e-02
    endloop
  endfacet
  facet normal 8.741420e-01 -3.930754e-01 2.852498e-01
    outer loop
      vertex   1.908512e-02 -3.347664e-02 -2.137732e-02
      vertex   1.961474e-02 -3.276457e-02 -2.201908e-02
      vertex   1.916260e-02 -3.262913e-02 -2.044687e-02
    endloop
  endfacet
  facet normal 7.491276e-01 -3.342653e-01 5.719043e-01
    outer loop
      vertex   1.896989e-02 -3.475584e-02 -2.232324e-02
      vertex   1.852430e-02 -3.505656e-02 -2.191532e-02
      vertex   1.884261e-02 -3.619402e-02 -2.299710e-02
    endloop
  endfacet
  facet normal 7.185003e-01 -3.631082e-01 5.932198e-01
    outer loop
      vertex   1.884261e-02 -3.619402e-02 -2.299710e-02
      vertex   1.852430e-02 -3.505656e-02 -2.191532e-02
      vertex   1.834547e-02 -3.641503e-02 -2.253025e-02
    endloop
  endfacet
  facet normal 7.186004e-01 -2.304347e-01 6.561351e-01
    outer loop
      vertex   1.884261e-02 -3.619402e-02 -2.299710e-02
      vertex   1.834547e-02 -3.641503e-02 -2.253025e-02
      vertex   1.871039e-02 -3.771541e-02 -2.338660e-02
    endloop
  endfacet
  facet normal 6.868372e-01 -2.553736e-01 6.804697e-01
    outer loop
      vertex   1.871039e-02 -3.771541e-02 -2.338660e-02
      vertex   1.834547e-02 -3.641503e-02 -2.253025e-02
      vertex   1.816057e-02 -3.784627e-02 -2.288075e-02
    endloop
  endfacet
  facet normal 6.869046e-01 -1.079090e-01 7.186917e-01
    outer loop
      vertex   1.871039e-02 -3.771541e-02 -2.338660e-02
      vertex   1.816057e-02 -3.784627e-02 -2.288075e-02
      vertex   1.857884e-02 -3.925379e-02 -2.349185e-02
    endloop
  endfacet
  facet normal 6.553492e-01 -1.284174e-01 7.443295e-01
    outer loop
      vertex   1.857884e-02 -3.925379e-02 -2.349185e-02
      vertex   1.816057e-02 -3.784627e-02 -2.288075e-02
      vertex   1.797749e-02 -3.928745e-02 -2.296820e-02
    endloop
  endfacet
  facet normal 9.590879e-01 -1.877381e-01 2.119076e-01
    outer loop
      vertex   1.992298e-02 -3.198397e-02 -2.272261e-02
      vertex   1.961474e-02 -3.276457e-02 -2.201908e-02
      vertex   1.991293e-02 -3.350298e-02 -2.402288e-02
    endloop
  endfacet
  facet normal 9.536721e-01 -2.070858e-01 2.182314e-01
    outer loop
      vertex   1.991293e-02 -3.350298e-02 -2.402288e-02
      vertex   1.961474e-02 -3.276457e-02 -2.201908e-02
      vertex   1.956514e-02 -3.416218e-02 -2.312859e-02
    endloop
  endfacet
  facet normal 9.538365e-01 -1.512023e-01 2.594876e-01
    outer loop
      vertex   1.991293e-02 -3.350298e-02 -2.402288e-02
      vertex   1.956514e-02 -3.416218e-02 -2.312859e-02
      vertex   1.990174e-02 -3.524686e-02 -2.499788e-02
    endloop
  endfacet
  facet normal 9.477928e-01 -1.704020e-01 2.695402e-01
    outer loop
      vertex   1.990174e-02 -3.524686e-02 -2.499788e-02
      vertex   1.956514e-02 -3.416218e-02 -2.312859e-02
      vertex   1.951008e-02 -3.574865e-02 -2.393791e-02
    endloop
  endfacet
  facet normal 9.479713e-01 -1.052044e-01 3.004704e-01
    outer loop
      vertex   1.990174e-02 -3.524686e-02 -2.499788e-02
      vertex   1.951008e-02 -3.574865e-02 -2.393791e-02
      vertex   1.989000e-02 -3.713698e-02 -2.562264e-02
    endloop
  endfacet
  facet normal 9.416372e-01 -1.227093e-01 3.134673e-01
    outer loop
      vertex   1.989000e-02 -3.713698e-02 -2.562264e-02
      vertex   1.951008e-02 -3.574865e-02 -2.393791e-02
      vertex   1.945254e-02 -3.744566e-02 -2.442936e-02
    endloop
  endfacet
  facet normal 9.418224e-01 -4.974839e-02 3.324090e-01
    outer loop
      vertex   1.989000e-02 -3.713698e-02 -2.562264e-02
      vertex   1.945254e-02 -3.744566e-02 -2.442936e-02
      vertex   1.987820e-02 -3.910010e-02 -2.588302e-02
    endloop
  endfacet
  facet normal 9.354496e-01 -6.464584e-02 3.474980e-01
    outer loop
      vertex   1.987820e-02 -3.910010e-02 -2.588302e-02
      vertex   1.945254e-02 -3.744566e-02 -2.442936e-02
      vertex   1.939494e-02 -3.918272e-02 -2.459748e-02
    endloop
  endfacet
  facet normal 8.579880e-01 -2.567444e-01 4.449032e-01
    outer loop
      vertex   1.956514e-02 -3.416218e-02 -2.312859e-02
      vertex   1.896989e-02 -3.475584e-02 -2.232324e-02
      vertex   1.951008e-02 -3.574865e-02 -2.393791e-02
    endloop
  endfacet
  facet normal 8.400073e-01 -2.893871e-01 4.589585e-01
    outer loop
      vertex   1.951008e-02 -3.574865e-02 -2.393791e-02
      vertex   1.896989e-02 -3.475584e-02 -2.232324e-02
      vertex   1.884261e-02 -3.619402e-02 -2.299710e-02
    endloop
  endfacet
  facet normal 8.403123e-01 -1.768934e-01 5.124295e-01
    outer loop
      vertex   1.951008e-02 -3.574865e-02 -2.393791e-02
      vertex   1.884261e-02 -3.619402e-02 -2.299710e-02
      vertex   1.945254e-02 -3.744566e-02 -2.442936e-02
    endloop
  endfacet
  facet normal 8.215606e-01 -2.073647e-01 5.310725e-01
    outer loop
      vertex   1.945254e-02 -3.744566e-02 -2.442936e-02
      vertex   1.884261e-02 -3.619402e-02 -2.299710e-02
      vertex   1.871039e-02 -3.771541e-02 -2.338660e-02
    endloop
  endfacet
  facet normal 8.218690e-01 -8.181078e-02 5.637715e-01
    outer loop
      vertex   1.945254e-02 -3.744566e-02 -2.442936e-02
      vertex   1.871039e-02 -3.771541e-02 -2.338660e-02
      vertex   1.939494e-02 -3.918272e-02 -2.459748e-02
    endloop
  endfacet
  facet normal 8.031120e-01 -1.087555e-01 5.858185e-01
    outer loop
      vertex   1.939494e-02 -3.918272e-02 -2.459748e-02
      vertex   1.871039e-02 -3.771541e-02 -2.338660e-02
      vertex   1.857884e-02 -3.925379e-02 -2.349185e-02
    endloop
  endfacet
  facet normal 9.876883e-01 -0.000000e+00 1.564345e-01
    outer loop
      vertex   2.000000e-02 -6.250000e-02 -2.700000e-02
      vertex   2.000000e-02 -3.976493e-02 -2.700000e-02
      vertex   1.975528e-02 -6.250000e-02 -2.545492e-02
    endloop
  endfacet
  facet normal 9.876883e-01 -1.507245e-16 1.564345e-01
    outer loop
      vertex   1.975528e-02 -6.250000e-02 -2.545492e-02
      vertex   2.000000e-02 -3.976493e-02 -2.700000e-02
      vertex   1.975528e-02 -3.976493e-02 -2.545492e-02
    endloop
  endfacet
  facet normal 8.910065e-01 -1.359706e-16 4.539905e-01
    outer loop
      vertex   1.975528e-02 -6.250000e-02 -2.545492e-02
      vertex   1.975528e-02 -3.976493e-02 -2.545492e-02
      vertex   1.904508e-02 -6.250000e-02 -2.406107e-02
    endloop
  endfacet
  facet normal 8.910065e-01 -6.928047e-17 4.539905e-01
    outer loop
      vertex   1.904508e-02 -6.250000e-02 -2.406107e-02
      vertex   1.975528e-02 -3.976493e-02 -2.545492e-02
      vertex   1.904508e-02 -3.976493e-02 -2.406107e-02
    endloop
  endfacet
  facet normal 7.071068e-01 -1.079069e-16 7.071068e-01
    outer loop
      vertex   1.904508e-02 -6.250000e-02 -2.406107e-02
      vertex   1.904508e-02 -3.976493e-02 -2.406107e-02
      vertex   1.793893e-02 -6.250000e-02 -2.295492e-02
    endloop
  endfacet
  facet normal 7.071068e-01 -2.158137e-16 7.071068e-01
    outer loop
      vertex   1.793893e-02 -6.250000e-02 -2.295492e-02
      vertex   1.904508e-02 -3.976493e-02 -2.406107e-02
      vertex   1.793893e-02 -3.976493e-02 -2.295492e-02
    endloop
  endfacet
  facet normal 4.539905e-01 -2.719411e-16 8.910065e-01
    outer loop
      vertex   1.793893e-02 -6.250000e-02 -2.295492e-02
      vertex   1.793893e-02 -3.976493e-02 -2.295492e-02
      vertex   1.654508e-02 -6.250000e-02 -2.224472e-02
    endloop
  endfacet
  facet normal 4.539905e-01 -0.000000e+00 8.910065e-01
    outer loop
      vertex   1.654508e-02 -6.250000e-02 -2.224472e-02
      vertex   1.793893e-02 -3.976493e-02 -2.295492e-02
      vertex   1.654508e-02 -3.976493e-02 -2.224472e-02
    endloop
  endfacet
  facet normal 1.564345e-01 -0.000000e+00 9.876883e-01
    outer loop
      vertex   1.654508e-02 -6.250000e-02 -2.224472e-02
      vertex   1.654508e-02 -3.976493e-02 -2.224472e-02
      vertex   1.500000e-02 -6.250000e-02 -2.200000e-02
    endloop
  endfacet
  facet normal 1.564345e-01 1.193621e-17 9.876883e-01
    outer loop
      vertex   1.500000e-02 -6.250000e-02 -2.200000e-02
      vertex   1.654508e-02 -3.976493e-02 -2.224472e-02
      vertex   1.500000e-02 -3.976493e-02 -2.200000e-02
    endloop
  endfacet
  facet normal 9.508552e-02 -9.832132e-01 1.557257e-01
    outer loop
      vertex   1.500000e-02 -6.725528e-02 -2.545492e-02
      vertex   1.500000e-02 -6.750000e-02 -2.700000e-02
      vertex   1.625827e-02 -6.718877e-02 -2.580324e-02
    endloop
  endfacet
  facet normal 1.557711e-01 -9.835000e-01 9.199548e-02
    outer loop
      vertex   1.625827e-02 -6.718877e-02 -2.580324e-02
      vertex   1.500000e-02 -6.750000e-02 -2.700000e-02
      vertex   1.654508e-02 -6.725528e-02 -2.700000e-02
    endloop
  endfacet
  facet normal 4.386442e-01 -8.853096e-01 1.543315e-01
    outer loop
      vertex   1.625827e-02 -6.718877e-02 -2.580324e-02
      vertex   1.654508e-02 -6.725528e-02 -2.700000e-02
      vertex   1.771509e-02 -6.640802e-02 -2.546520e-02
    endloop
  endfacet
  facet normal 4.492421e-01 -8.816874e-01 1.442529e-01
    outer loop
      vertex   1.771509e-02 -6.640802e-02 -2.546520e-02
      vertex   1.654508e-02 -6.725528e-02 -2.700000e-02
      vertex   1.793893e-02 -6.654508e-02 -2.700000e-02
    endloop
  endfacet
  facet normal 6.975308e-01 -6.975308e-01 1.640173e-01
    outer loop
      vertex   1.771509e-02 -6.640802e-02 -2.546520e-02
      vertex   1.793893e-02 -6.654508e-02 -2.700000e-02
      vertex   1.904508e-02 -6.543893e-02 -2.700000e-02
    endloop
  endfacet
  facet normal 6.975308e-01 -6.975308e-01 1.640173e-01
    outer loop
      vertex   1.771509e-02 -6.640802e-02 -2.546520e-02
      vertex   1.904508e-02 -6.543893e-02 -2.700000e-02
      vertex   1.890802e-02 -6.521509e-02 -2.546520e-02
    endloop
  endfacet
  facet normal 8.816874e-01 -4.492421e-01 1.442529e-01
    outer loop
      vertex   1.890802e-02 -6.521509e-02 -2.546520e-02
      vertex   1.904508e-02 -6.543893e-02 -2.700000e-02
      vertex   1.975528e-02 -6.404508e-02 -2.700000e-02
    endloop
  endfacet
  facet normal 8.853096e-01 -4.386442e-01 1.543315e-01
    outer loop
      vertex   1.890802e-02 -6.521509e-02 -2.546520e-02
      vertex   1.975528e-02 -6.404508e-02 -2.700000e-02
      vertex   1.968877e-02 -6.375827e-02 -2.580324e-02
    endloop
  endfacet
  facet normal 9.835000e-01 -1.557711e-01 9.199548e-02
    outer loop
      vertex   1.968877e-02 -6.375827e-02 -2.580324e-02
      vertex   1.975528e-02 -6.404508e-02 -2.700000e-02
      vertex   2.000000e-02 -6.250000e-02 -2.700000e-02
    endloop
  endfacet
  facet normal 9.832132e-01 -9.508552e-02 1.557257e-01
    outer loop
      vertex   1.968877e-02 -6.375827e-02 -2.580324e-02
      vertex   2.000000e-02 -6.250000e-02 -2.700000e-02
      vertex   1.975528e-02 -6.250000e-02 -2.545492e-02
    endloop
  endfacet
  facet normal 9.185911e-01 -1.498018e-01 3.657182e-01
    outer loop
      vertex   1.968877e-02 -6.375827e-02 -2.580324e-02
      vertex   1.975528e-02 -6.250000e-02 -2.545492e-02
      vertex   1.924312e-02 -6.315901e-02 -2.443843e-02
    endloop
  endfacet
  facet normal 8.909795e-01 7.791580e-03 4.539767e-01
    outer loop
      vertex   1.924312e-02 -6.315901e-02 -2.443843e-02
      vertex   1.975528e-02 -6.250000e-02 -2.545492e-02
      vertex   1.904508e-02 -6.250000e-02 -2.406107e-02
    endloop
  endfacet
  facet normal 6.943702e-01 -1.889446e-01 6.943702e-01
    outer loop
      vertex   1.924312e-02 -6.315901e-02 -2.443843e-02
      vertex   1.904508e-02 -6.250000e-02 -2.406107e-02
      vertex   1.793893e-02 -6.250000e-02 -2.295492e-02
    endloop
  endfacet
  facet normal 4.534104e-01 -5.053655e-02 8.898680e-01
    outer loop
      vertex   1.654508e-02 -6.250000e-02 -2.224472e-02
      vertex   1.654936e-02 -6.305167e-02 -2.227823e-02
      vertex   1.793893e-02 -6.250000e-02 -2.295492e-02
    endloop
  endfacet
  facet normal 4.745354e-01 -1.268277e-01 8.710516e-01
    outer loop
      vertex   1.793893e-02 -6.250000e-02 -2.295492e-02
      vertex   1.654936e-02 -6.305167e-02 -2.227823e-02
      vertex   1.761498e-02 -6.393588e-02 -2.298750e-02
    endloop
  endfacet
  facet normal 7.000914e-01 -1.736658e-01 6.926127e-01
    outer loop
      vertex   1.793893e-02 -6.250000e-02 -2.295492e-02
      vertex   1.761498e-02 -6.393588e-02 -2.298750e-02
      vertex   1.924312e-02 -6.315901e-02 -2.443843e-02
    endloop
  endfacet
  facet normal 7.056111e-01 -2.220060e-01 6.729237e-01
    outer loop
      vertex   1.924312e-02 -6.315901e-02 -2.443843e-02
      vertex   1.761498e-02 -6.393588e-02 -2.298750e-02
      vertex   1.842742e-02 -6.468107e-02 -2.408525e-02
    endloop
  endfacet
  facet normal 8.349641e-01 -3.486858e-01 4.257383e-01
    outer loop
      vertex   1.924312e-02 -6.315901e-02 -2.443843e-02
      vertex   1.842742e-02 -6.468107e-02 -2.408525e-02
      vertex   1.890802e-02 -6.521509e-02 -2.546520e-02
    endloop
  endfacet
  facet normal 6.273792e-01 -6.273792e-01 4.612925e-01
    outer loop
      vertex   1.890802e-02 -6.521509e-02 -2.546520e-02
      vertex   1.842742e-02 -6.468107e-02 -2.408525e-02
      vertex   1.771509e-02 -6.640802e-02 -2.546520e-02
    endloop
  endfacet
  facet normal 1.561649e-01 -5.868130e-02 9.859863e-01
    outer loop
      vertex   1.654508e-02 -6.250000e-02 -2.224472e-02
      vertex   1.500000e-02 -6.250000e-02 -2.200000e-02
      vertex   1.654936e-02 -6.305167e-02 -2.227823e-02
    endloop
  endfacet
  facet normal 1.301615e-01 -1.301615e-01 9.829120e-01
    outer loop
      vertex   1.654936e-02 -6.305167e-02 -2.227823e-02
      vertex   1.500000e-02 -6.250000e-02 -2.200000e-02
      vertex   1.555167e-02 -6.404936e-02 -2.227823e-02
    endloop
  endfacet
  facet normal 3.234699e-01 -3.234699e-01 8.892325e-01
    outer loop
      vertex   1.654936e-02 -6.305167e-02 -2.227823e-02
      vertex   1.555167e-02 -6.404936e-02 -2.227823e-02
      vertex   1.643588e-02 -6.511498e-02 -2.298750e-02
    endloop
  endfacet
  facet normal 1.268277e-01 -4.745354e-01 8.710516e-01
    outer loop
      vertex   1.643588e-02 -6.511498e-02 -2.298750e-02
      vertex   1.555167e-02 -6.404936e-02 -2.227823e-02
      vertex   1.500000e-02 -6.543893e-02 -2.295492e-02
    endloop
  endfacet
  facet normal 1.729321e-01 -6.964533e-01 6.964533e-01
    outer loop
      vertex   1.643588e-02 -6.511498e-02 -2.298750e-02
      vertex   1.500000e-02 -6.543893e-02 -2.295492e-02
      vertex   1.500000e-02 -6.654508e-02 -2.406107e-02
    endloop
  endfacet
  facet normal 5.868130e-02 -1.561649e-01 9.859863e-01
    outer loop
      vertex   1.500000e-02 -6.250000e-02 -2.200000e-02
      vertex   1.500000e-02 -6.404508e-02 -2.224472e-02
      vertex   1.555167e-02 -6.404936e-02 -2.227823e-02
    endloop
  endfacet
  facet normal 5.053655e-02 -4.534104e-01 8.898680e-01
    outer loop
      vertex   1.555167e-02 -6.404936e-02 -2.227823e-02
      vertex   1.500000e-02 -6.404508e-02 -2.224472e-02
      vertex   1.500000e-02 -6.543893e-02 -2.295492e-02
    endloop
  endfacet
  facet normal -7.791580e-03 -8.909795e-01 4.539767e-01
    outer loop
      vertex   1.500000e-02 -6.725528e-02 -2.545492e-02
      vertex   1.565901e-02 -6.674312e-02 -2.443843e-02
      vertex   1.500000e-02 -6.654508e-02 -2.406107e-02
    endloop
  endfacet
  facet normal 2.001885e-01 -6.792535e-01 7.060731e-01
    outer loop
      vertex   1.500000e-02 -6.654508e-02 -2.406107e-02
      vertex   1.565901e-02 -6.674312e-02 -2.443843e-02
      vertex   1.718107e-02 -6.592742e-02 -2.408525e-02
    endloop
  endfacet
  facet normal 2.092574e-01 -7.127076e-01 6.695216e-01
    outer loop
      vertex   1.500000e-02 -6.654508e-02 -2.406107e-02
      vertex   1.718107e-02 -6.592742e-02 -2.408525e-02
      vertex   1.643588e-02 -6.511498e-02 -2.298750e-02
    endloop
  endfacet
  facet normal 4.991673e-01 -4.991673e-01 7.082825e-01
    outer loop
      vertex   1.643588e-02 -6.511498e-02 -2.298750e-02
      vertex   1.718107e-02 -6.592742e-02 -2.408525e-02
      vertex   1.761498e-02 -6.393588e-02 -2.298750e-02
    endloop
  endfacet
  facet normal 3.234699e-01 -3.234699e-01 8.892325e-01
    outer loop
      vertex   1.643588e-02 -6.511498e-02 -2.298750e-02
      vertex   1.761498e-02 -6.393588e-02 -2.298750e-02
      vertex   1.654936e-02 -6.305167e-02 -2.227823e-02
    endloop
  endfacet
  facet normal 1.498018e-01 -9.185911e-01 3.657182e-01
    outer loop
      vertex   1.565901e-02 -6.674312e-02 -2.443843e-02
      vertex   1.500000e-02 -6.725528e-02 -2.545492e-02
      vertex   1.625827e-02 -6.718877e-02 -2.580324e-02
    endloop
  endfacet
  facet normal 3.486858e-01 -8.349641e-01 4.257383e-01
    outer loop
      vertex   1.718107e-02 -6.592742e-02 -2.408525e-02
      vertex   1.565901e-02 -6.674312e-02 -2.443843e-02
      vertex   1.625827e-02 -6.718877e-02 -2.580324e-02
    endloop
  endfacet
  facet normal 3.486858e-01 -8.349641e-01 4.257383e-01
    outer loop
      vertex   1.625827e-02 -6.718877e-02 -2.580324e-02
      vertex   1.771509e-02 -6.640802e-02 -2.546520e-02
      vertex   1.718107e-02 -6.592742e-02 -2.408525e-02
    endloop
  endfacet
  facet normal 6.273792e-01 -6.273792e-01 4.612925e-01
    outer loop
      vertex   1.718107e-02 -6.592742e-02 -2.408525e-02
      vertex   1.771509e-02 -6.640802e-02 -2.546520e-02
      vertex   1.842742e-02 -6.468107e-02 -2.408525e-02
    endloop
  endfacet
  facet normal 4.991673e-01 -4.991673e-01 7.082825e-01
    outer loop
      vertex   1.718107e-02 -6.592742e-02 -2.408525e-02
      vertex   1.842742e-02 -6.468107e-02 -2.408525e-02
      vertex   1.761498e-02 -6.393588e-02 -2.298750e-02
    endloop
  endfacet
  facet normal 8.349641e-01 -3.486858e-01 4.257383e-01
    outer loop
      vertex   1.968877e-02 -6.375827e-02 -2.580324e-02
      vertex   1.924312e-02 -6.315901e-02 -2.443843e-02
      vertex   1.890802e-02 -6.521509e-02 -2.546520e-02
    endloop
  endfacet
  facet normal 2.393093e-01 9.709162e-01 7.264354e-03
    outer loop
      vertex   -1.161808e-03 2.278636e-02 -1.000000e-02
      vertex   -5.982892e-04 2.257265e-02 0.000000e+00
      vertex   -4.439345e-18 2.250000e-02 -1.000000e-02
    endloop
  endfacet
  facet normal 0.000000e+00 9.999736e-01 -7.264354e-03
    outer loop
      vertex   -4.439345e-18 2.250000e-02 -1.000000e-02
      vertex   -5.982892e-04 2.257265e-02 0.000000e+00
      vertex   5.982892e-04 2.257265e-02 0.000000e+00
    endloop
  endfacet
  facet normal -2.393093e-01 9.709162e-01 7.264354e-03
    outer loop
      vertex   -4.439345e-18 2.250000e-02 -1.000000e-02
      vertex   5.982892e-04 2.257265e-02 0.000000e+00
      vertex   1.161808e-03 2.278636e-02 -1.000000e-02
    endloop
  endfacet
  facet normal -4.647109e-01 8.854327e-01 -7.264354e-03
    outer loop
      vertex   1.161808e-03 2.278636e-02 -1.000000e-02
      vertex   5.982892e-04 2.257265e-02 0.000000e+00
      vertex   1.657807e-03 2.312872e-02 0.000000e+00
    endloop
  endfacet
  facet normal -6.631052e-01 7.484910e-01 7.264354e-03
    outer loop
      vertex   1.161808e-03 2.278636e-02 -1.000000e-02
      vertex   1.657807e-03 2.312872e-02 0.000000e+00
      vertex   2.057460e-03 2.357984e-02 -1.000000e-02
    endloop
  endfacet
  facet normal -8.229622e-01 5.680498e-01 -7.264354e-03
    outer loop
      vertex   2.057460e-03 2.357984e-02 -1.000000e-02
      vertex   1.657807e-03 2.312872e-02 0.000000e+00
      vertex   2.337541e-03 2.411349e-02 0.000000e+00
    endloop
  endfacet
  facet normal -9.349916e-01 3.545955e-01 7.264354e-03
    outer loop
      vertex   2.057460e-03 2.357984e-02 -1.000000e-02
      vertex   2.337541e-03 2.411349e-02 0.000000e+00
      vertex   2.481772e-03 2.469866e-02 -1.000000e-02
    endloop
  endfacet
  facet normal -9.926827e-01 1.205335e-01 -7.264354e-03
    outer loop
      vertex   2.481772e-03 2.469866e-02 -1.000000e-02
      vertex   2.337541e-03 2.411349e-02 0.000000e+00
      vertex   2.481772e-03 2.530134e-02 0.000000e+00
    endloop
  endfacet
  facet normal -9.926827e-01 -1.205335e-01 7.264354e-03
    outer loop
      vertex   2.481772e-03 2.469866e-02 -1.000000e-02
      vertex   2.481772e-03 2.530134e-02 0.000000e+00
      vertex   2.337541e-03 2.588651e-02 -1.000000e-02
    endloop
  endfacet
  facet normal -9.349916e-01 -3.545955e-01 -7.264354e-03
    outer loop
      vertex   2.337541e-03 2.588651e-02 -1.000000e-02
      vertex   2.481772e-03 2.530134e-02 0.000000e+00
      vertex   2.057460e-03 2.642016e-02 0.000000e+00
    endloop
  endfacet
  facet normal -8.229622e-01 -5.680498e-01 7.264354e-03
    outer loop
      vertex   2.337541e-03 2.588651e-02 -1.000000e-02
      vertex   2.057460e-03 2.642016e-02 0.000000e+00
      vertex   1.657807e-03 2.687128e-02 -1.000000e-02
    endloop
  endfacet
  facet normal -6.631052e-01 -7.484910e-01 -7.264354e-03
    outer loop
      vertex   1.657807e-03 2.687128e-02 -1.000000e-02
      vertex   2.057460e-03 2.642016e-02 0.000000e+00
      vertex   1.161808e-03 2.721364e-02 0.000000e+00
    endloop
  endfacet
  facet normal -4.647109e-01 -8.854327e-01 7.264354e-03
    outer loop
      vertex   1.657807e-03 2.687128e-02 -1.000000e-02
      vertex   1.161808e-03 2.721364e-02 0.000000e+00
      vertex   5.982892e-04 2.742735e-02 -1.000000e-02
    endloop
  endfacet
  facet normal -2.393093e-01 -9.709162e-01 -7.264354e-03
    outer loop
      vertex   5.982892e-04 2.742735e-02 -1.000000e-02
      vertex   1.161808e-03 2.721364e-02 0.000000e+00
      vertex   -5.051668e-18 2.750000e-02 0.000000e+00
    endloop
  endfacet
  facet normal 0.000000e+00 -9.999736e-01 7.264354e-03
    outer loop
      vertex   5.982892e-04 2.742735e-02 -1.000000e-02
      vertex   -5.051668e-18 2.750000e-02 0.000000e+00
      vertex   -5.982892e-04 2.742735e-02 -1.000000e-02
    endloop
  endfacet
  facet normal 2.393093e-01 -9.709162e-01 -7.264354e-03
    outer loop
      vertex   -5.982892e-04 2.742735e-02 -1.000000e-02
      vertex   -5.051668e-18 2.750000e-02 0.000000e+00
      vertex   -1.161808e-03 2.721364e-02 0.000000e+00
    endloop
  endfacet
  facet normal 4.647109e-01 -8.854327e-01 7.264354e-03
    outer loop
      vertex   -5.982892e-04 2.742735e-02 -1.000000e-02
      vertex   -1.161808e-03 2.721364e-02 0.000000e+00
      vertex   -1.657807e-03 2.687128e-02 -1.000000e-02
    endloop
  endfacet
  facet normal 6.631052e-01 -7.484910e-01 -7.264354e-03
    outer loop
      vertex   -1.657807e-03 2.687128e-02 -1.000000e-02
      vertex   -1.161808e-03 2.721364e-02 0.000000e+00
      vertex   -2.057460e-03 2.642016e-02 0.000000e+00
    endloop
  endfacet
  facet normal 8.229622e-01 -5.680498e-01 7.264354e-03
    outer loop
      vertex   -1.657807e-03 2.687128e-02 -1.000000e-02
      vertex   -2.057460e-03 2.642016e-02 0.000000e+00
      vertex   -2.337541e-03 2.588651e-02 -1.000000e-02
    endloop
  endfacet
  facet normal 9.349916e-01 -3.545955e-01 -7.264354e-03
    outer loop
      vertex   -2.337541e-03 2.588651e-02 -1.000000e-02
      vertex   -2.057460e-03 2.642016e-02 0.000000e+00
      vertex   -2.481772e-03 2.530134e-02 0.000000e+00
    endloop
  endfacet
  facet normal 9.926827e-01 -1.205335e-01 7.264354e-03
    outer loop
      vertex   -2.337541e-03 2.588651e-02 -1.000000e-02
      vertex   -2.481772e-03 2.530134e-02 0.000000e+00
      vertex   -2.481772e-03 2.469866e-02 -1.000000e-02
    endloop
  endfacet
  facet normal 9.926827e-01 1.205335e-01 -7.264354e-03
    outer loop
      vertex   -2.481772e-03 2.469866e-02 -1.000000e-02
      vertex   -2.481772e-03 2.530134e-02 0.000000e+00
      vertex   -2.337541e-03 2.411349e-02 0.000000e+00
    endloop
  endfacet
  facet normal 9.349916e-01 3.545955e-01 7.264354e-03
    outer loop
      vertex   -2.481772e-03 2.469866e-02 -1.000000e-02
      vertex   -2.337541e-03 2.411349e-02 0.000000e+00
      vertex   -2.057460e-03 2.357984e-02 -1.000000e-02
    endloop
  endfacet
  facet normal 8.229622e-01 5.680498e-01 -7.264354e-03
    outer loop
      vertex   -2.057460e-03 2.357984e-02 -1.000000e-02
      vertex   -2.337541e-03 2.411349e-02 0.000000e+00
      vertex   -1.657807e-03 2.312872e-02 0.000000e+00
    endloop
  endfacet
  facet normal 6.631052e-01 7.484910e-01 7.264354e-03
    outer loop
      vertex   -2.057460e-03 2.357984e-02 -1.000000e-02
      vertex   -1.657807e-03 2.312872e-02 0.000000e+00
      vertex   -1.161808e-03 2.278636e-02 -1.000000e-02
    endloop
  endfacet
  facet normal 4.647109e-01 8.854327e-01 -7.264354e-03
    outer loop
      vertex   -1.161808e-03 2.278636e-02 -1.000000e-02
      vertex   -1.657807e-03 2.312872e-02 0.000000e+00
      vertex   -5.982892e-04 2.257265e-02 0.000000e+00
    endloop
  endfacet
  facet normal -9.709162e-01 2.393093e-01 7.264354e-03
    outer loop
      vertex   -2.278636e-02 -1.161808e-03 -1.000000e-02
      vertex   -2.257265e-02 -5.982892e-04 0.000000e+00
      vertex   -2.250000e-02 3.061617e-19 -1.000000e-02
    endloop
  endfacet
  facet normal -9.999736e-01 0.000000e+00 -7.264354e-03
    outer loop
      vertex   -2.250000e-02 3.061617e-19 -1.000000e-02
      vertex   -2.257265e-02 -5.982892e-04 0.000000e+00
      vertex   -2.257265e-02 5.982892e-04 0.000000e+00
    endloop
  endfacet
  facet normal -9.709162e-01 -2.393093e-01 7.264354e-03
    outer loop
      vertex   -2.250000e-02 3.061617e-19 -1.000000e-02
      vertex   -2.257265e-02 5.982892e-04 0.000000e+00
      vertex   -2.278636e-02 1.161808e-03 -1.000000e-02
    endloop
  endfacet
  facet normal -8.854327e-01 -4.647109e-01 -7.264354e-03
    outer loop
      vertex   -2.278636e-02 1.161808e-03 -1.000000e-02
      vertex   -2.257265e-02 5.982892e-04 0.000000e+00
      vertex   -2.312872e-02 1.657807e-03 0.000000e+00
    endloop
  endfacet
  facet normal -7.484910e-01 -6.631052e-01 7.264354e-03
    outer loop
      vertex   -2.278636e-02 1.161808e-03 -1.000000e-02
      vertex   -2.312872e-02 1.657807e-03 0.000000e+00
      vertex   -2.357984e-02 2.057460e-03 -1.000000e-02
    endloop
  endfacet
  facet normal -5.680498e-01 -8.229622e-01 -7.264354e-03
    outer loop
      vertex   -2.357984e-02 2.057460e-03 -1.000000e-02
      vertex   -2.312872e-02 1.657807e-03 0.000000e+00
      vertex   -2.411349e-02 2.337541e-03 0.000000e+00
    endloop
  endfacet
  facet normal -3.545955e-01 -9.349916e-01 7.264354e-03
    outer loop
      vertex   -2.357984e-02 2.057460e-03 -1.000000e-02
      vertex   -2.411349e-02 2.337541e-03 0.000000e+00
      vertex   -2.469866e-02 2.481772e-03 -1.000000e-02
    endloop
  endfacet
  facet normal -1.205335e-01 -9.926827e-01 -7.264354e-03
    outer loop
      vertex   -2.469866e-02 2.481772e-03 -1.000000e-02
      vertex   -2.411349e-02 2.337541e-03 0.000000e+00
      vertex   -2.530134e-02 2.481772e-03 0.000000e+00
    endloop
  endfacet
  facet normal 1.205335e-01 -9.926827e-01 7.264354e-03
    outer loop
      vertex   -2.469866e-02 2.481772e-03 -1.000000e-02
      vertex   -2.530134e-02 2.481772e-03 0.000000e+00
      vertex   -2.588651e-02 2.337541e-03 -1.000000e-02
    endloop
  endfacet
  facet normal 3.545955e-01 -9.349916e-01 -7.264354e-03
    outer loop
      vertex   -2.588651e-02 2.337541e-03 -1.000000e-02
      vertex   -2.530134e-02 2.481772e-03 0.000000e+00
      vertex   -2.642016e-02 2.057460e-03 0.000000e+00
    endloop
  endfacet
  facet normal 5.680498e-01 -8.229622e-01 7.264354e-03
    outer loop
      vertex   -2.588651e-02 2.337541e-03 -1.000000e-02
      vertex   -2.642016e-02 2.057460e-03 0.000000e+00
      vertex   -2.687128e-02 1.657807e-03 -1.000000e-02
    endloop
  endfacet
  facet normal 7.484910e-01 -6.631052e-01 -7.264354e-03
    outer loop
      vertex   -2.687128e-02 1.657807e-03 -1.000000e-02
      vertex   -2.642016e-02 2.057460e-03 0.000000e+00
      vertex   -2.721364e-02 1.161808e-03 0.000000e+00
    endloop
  endfacet
  facet normal 8.854327e-01 -4.647109e-01 7.264354e-03
    outer loop
      vertex   -2.687128e-02 1.657807e-03 -1.000000e-02
      vertex   -2.721364e-02 1.161808e-03 0.000000e+00
      vertex   -2.742735e-02 5.982892e-04 -1.000000e-02
    endloop
  endfacet
  facet normal 9.709162e-01 -2.393093e-01 -7.264354e-03
    outer loop
      vertex   -2.742735e-02 5.982892e-04 -1.000000e-02
      vertex   -2.721364e-02 1.161808e-03 0.000000e+00
      vertex   -2.750000e-02 0.000000e+00 0.000000e+00
    endloop
  endfacet
  facet normal 9.999736e-01 0.000000e+00 7.264354e-03
    outer loop
      vertex   -2.742735e-02 5.982892e-04 -1.000000e-02
      vertex   -2.750000e-02 0.000000e+00 0.000000e+00
      vertex   -2.742735e-02 -5.982892e-04 -1.000000e-02
    endloop
  endfacet
  facet normal 9.709162e-01 2.393093e-01 -7.264354e-03
    outer loop
      vertex   -2.742735e-02 -5.982892e-04 -1.000000e-02
      vertex   -2.750000e-02 0.000000e+00 0.000000e+00
      vertex   -2.721364e-02 -1.161808e-03 0.000000e+00
    endloop
  endfacet
  facet normal 8.854327e-01 4.647109e-01 7.264354e-03
    outer loop
      vertex   -2.742735e-02 -5.982892e-04 -1.000000e-02
      vertex   -2.721364e-02 -1.161808e-03 0.000000e+00
      vertex   -2.687128e-02 -1.657807e-03 -1.000000e-02
    endloop
  endfacet
  facet normal 7.484910e-01 6.631052e-01 -7.264354e-03
    outer loop
      vertex   -2.687128e-02 -1.657807e-03 -1.000000e-02
      vertex   -2.721364e-02 -1.161808e-03 0.000000e+00
      vertex   -2.642016e-02 -2.057460e-03 0.000000e+00
    endloop
  endfacet
  facet normal 5.680498e-01 8.229622e-01 7.264354e-03
    outer loop
      vertex   -2.687128e-02 -1.657807e-03 -1.000000e-02
      vertex   -2.642016e-02 -2.057460e-03 0.000000e+00
      vertex   -2.588651e-02 -2.337541e-03 -1.000000e-02
    endloop
  endfacet
  facet normal 3.545955e-01 9.349916e-01 -7.264354e-03
    outer loop
      vertex   -2.588651e-02 -2.337541e-03 -1.000000e-02
      vertex   -2.642016e-02 -2.057460e-03 0.000000e+00
      vertex   -2.530134e-02 -2.481772e-03 0.000000e+00
    endloop
  endfacet
  facet normal 1.205335e-01 9.926827e-01 7.264354e-03
    outer loop
      vertex   -2.588651e-02 -2.337541e-03 -1.000000e-02
      vertex   -2.530134e-02 -2.481772e-03 0.000000e+00
      vertex   -2.469866e-02 -2.481772e-03 -1.000000e-02
    endloop
  endfacet
  facet normal -1.205335e-01 9.926827e-01 -7.264354e-03
    outer loop
      vertex   -2.469866e-02 -2.481772e-03 -1.000000e-02
      vertex   -2.530134e-02 -2.481772e-03 0.000000e+00
      vertex   -2.411349e-02 -2.337541e-03 0.000000e+00
    endloop
  endfacet
  facet normal -3.545955e-01 9.349916e-01 7.264354e-03
    outer loop
      vertex   -2.469866e-02 -2.481772e-03 -1.000000e-02
      vertex   -2.411349e-02 -2.337541e-03 0.000000e+00
      vertex   -2.357984e-02 -2.057460e-03 -1.000000e-02
    endloop
  endfacet
  facet normal -5.680498e-01 8.229622e-01 -7.264354e-03
    outer loop
      vertex   -2.357984e-02 -2.057460e-03 -1.000000e-02
      vertex   -2.411349e-02 -2.337541e-03 0.000000e+00
      vertex   -2.312872e-02 -1.657807e-03 0.000000e+00
    endloop
  endfacet
  facet normal -7.484910e-01 6.631052e-01 7.264354e-03
    outer loop
      vertex   -2.357984e-02 -2.057460e-03 -1.000000e-02
      vertex   -2.312872e-02 -1.657807e-03 0.000000e+00
      vertex   -2.278636e-02 -1.161808e-03 -1.000000e-02
    endloop
  endfacet
  facet normal -8.854327e-01 4.647109e-01 -7.264354e-03
    outer loop
      vertex   -2.278636e-02 -1.161808e-03 -1.000000e-02
      vertex   -2.312872e-02 -1.657807e-03 0.000000e+00
      vertex   -2.257265e-02 -5.982892e-04 0.000000e+00
    endloop
  endfacet
  facet normal -2.393093e-01 -9.709162e-01 7.264354e-03
    outer loop
      vertex   1.161808e-03 -2.278636e-02 -1.000000e-02
      vertex   5.982892e-04 -2.257265e-02 0.000000e+00
      vertex   1.683889e-18 -2.250000e-02 -1.000000e-02
    endloop
  endfacet
  facet normal 0.000000e+00 -9.999736e-01 -7.264354e-03
    outer loop
      vertex   1.683889e-18 -2.250000e-02 -1.000000e-02
      vertex   5.982892e-04 -2.257265e-02 0.000000e+00
      vertex   -5.982892e-04 -2.257265e-02 0.000000e+00
    endloop
  endfacet
  facet normal 2.393093e-01 -9.709162e-01 7.264354e-03
    outer loop
      vertex   1.683889e-18 -2.250000e-02 -1.000000e-02
      vertex   -5.982892e-04 -2.257265e-02 0.000000e+00
      vertex   -1.161808e-03 -2.278636e-02 -1.000000e-02
    endloop
  endfacet
  facet normal 4.647109e-01 -8.854327e-01 -7.264354e-03
    outer loop
      vertex   -1.161808e-03 -2.278636e-02 -1.000000e-02
      vertex   -5.982892e-04 -2.257265e-02 0.000000e+00
      vertex   -1.657807e-03 -2.312872e-02 0.000000e+00
    endloop
  endfacet
  facet normal 6.631052e-01 -7.484910e-01 7.264354e-03
    outer loop
      vertex   -1.161808e-03 -2.278636e-02 -1.000000e-02
      vertex   -1.657807e-03 -2.312872e-02 0.000000e+00
      vertex   -2.057460e-03 -2.357984e-02 -1.000000e-02
    endloop
  endfacet
  facet normal 8.229622e-01 -5.680498e-01 -7.264354e-03
    outer loop
      vertex   -2.057460e-03 -2.357984e-02 -1.000000e-02
      vertex   -1.657807e-03 -2.312872e-02 0.000000e+00
      vertex   -2.337541e-03 -2.411349e-02 0.000000e+00
    endloop
  endfacet
  facet normal 9.349916e-01 -3.545955e-01 7.264354e-03
    outer loop
      vertex   -2.057460e-03 -2.357984e-02 -1.000000e-02
      vertex   -2.337541e-03 -2.411349e-02 0.000000e+00
      vertex   -2.481772e-03 -2.469866e-02 -1.000000e-02
    endloop
  endfacet
  facet normal 9.926827e-01 -1.205335e-01 -7.264354e-03
    outer loop
      vertex   -2.481772e-03 -2.469866e-02 -1.000000e-02
      vertex   -2.337541e-03 -2.411349e-02 0.000000e+00
      vertex   -2.481772e-03 -2.530134e-02 0.000000e+00
    endloop
  endfacet
  facet normal 9.926827e-01 1.205335e-01 7.264354e-03
    outer loop
      vertex   -2.481772e-03 -2.469866e-02 -1.000000e-02
      vertex   -2.481772e-03 -2.530134e-02 0.000000e+00
      vertex   -2.337541e-03 -2.588651e-02 -1.000000e-02
    endloop
  endfacet
  facet normal 9.349916e-01 3.545955e-01 -7.264354e-03
    outer loop
      vertex   -2.337541e-03 -2.588651e-02 -1.000000e-02
      vertex   -2.481772e-03 -2.530134e-02 0.000000e+00
      vertex   -2.057460e-03 -2.642016e-02 0.000000e+00
    endloop
  endfacet
  facet normal 8.229622e-01 5.680498e-01 7.264354e-03
    outer loop
      vertex   -2.337541e-03 -2.588651e-02 -1.000000e-02
      vertex   -2.057460e-03 -2.642016e-02 0.000000e+00
      vertex   -1.657807e-03 -2.687128e-02 -1.000000e-02
    endloop
  endfacet
  facet normal 6.631052e-01 7.484910e-01 -7.264354e-03
    outer loop
      vertex   -1.657807e-03 -2.687128e-02 -1.000000e-02
      vertex   -2.057460e-03 -2.642016e-02 0.000000e+00
      vertex   -1.161808e-03 -2.721364e-02 0.000000e+00
    endloop
  endfacet
  facet normal 4.647109e-01 8.854327e-01 7.264354e-03
    outer loop
      vertex   -1.657807e-03 -2.687128e-02 -1.000000e-02
      vertex   -1.161808e-03 -2.721364e-02 0.000000e+00
      vertex   -5.982892e-04 -2.742735e-02 -1.000000e-02
    endloop
  endfacet
  facet normal 2.393093e-01 9.709162e-01 -7.264354e-03
    outer loop
      vertex   -5.982892e-04 -2.742735e-02 -1.000000e-02
      vertex   -1.161808e-03 -2.721364e-02 0.000000e+00
      vertex   1.683889e-18 -2.750000e-02 0.000000e+00
    endloop
  endfacet
  facet normal -0.000000e+00 9.999736e-01 7.264354e-03
    outer loop
      vertex   -5.982892e-04 -2.742735e-02 -1.000000e-02
      vertex   1.683889e-18 -2.750000e-02 0.000000e+00
      vertex   5.982892e-04 -2.742735e-02 -1.000000e-02
    endloop
  endfacet
  facet normal -2.393093e-01 9.709162e-01 -7.264354e-03
    outer loop
      vertex   5.982892e-04 -2.742735e-02 -1.000000e-02
      vertex   1.683889e-18 -2.750000e-02 0.000000e+00
      vertex   1.161808e-03 -2.721364e-02 0.000000e+00
    endloop
  endfacet
  facet normal -4.647109e-01 8.854327e-01 7.264354e-03
    outer loop
      vertex   5.982892e-04 -2.742735e-02 -1.000000e-02
      vertex   1.161808e-03 -2.721364e-02 0.000000e+00
      vertex   1.657807e-03 -2.687128e-02 -1.000000e-02
    endloop
  endfacet
  facet normal -6.631052e-01 7.484910e-01 -7.264354e-03
    outer loop
      vertex   1.657807e-03 -2.687128e-02 -1.000000e-02
      vertex   1.161808e-03 -2.721364e-02 0.000000e+00
      vertex   2.057460e-03 -2.642016e-02 0.000000e+00
    endloop
  endfacet
  facet normal -8.229622e-01 5.680498e-01 7.264354e-03
    outer loop
      vertex   1.657807e-03 -2.687128e-02 -1.000000e-02
      vertex   2.057460e-03 -2.642016e-02 0.000000e+00
      vertex   2.337541e-03 -2.588651e-02 -1.000000e-02
    endloop
  endfacet
  facet normal -9.349916e-01 3.545955e-01 -7.264354e-03
    outer loop
      vertex   2.337541e-03 -2.588651e-02 -1.000000e-02
      vertex   2.057460e-03 -2.642016e-02 0.000000e+00
      vertex   2.481772e-03 -2.530134e-02 0.000000e+00
    endloop
  endfacet
  facet normal -9.926827e-01 1.205335e-01 7.264354e-03
    outer loop
      vertex   2.337541e-03 -2.588651e-02 -1.000000e-02
      vertex   2.481772e-03 -2.530134e-02 0.000000e+00
      vertex   2.481772e-03 -2.469866e-02 -1.000000e-02
    endloop
  endfacet
  facet normal -9.926827e-01 -1.205335e-01 -7.264354e-03
    outer loop
      vertex   2.481772e-03 -2.469866e-02 -1.000000e-02
      vertex   2.481772e-03 -2.530134e-02 0.000000e+00
      vertex   2.337541e-03 -2.411349e-02 0.000000e+00
    endloop
  endfacet
  facet normal -9.349916e-01 -3.545955e-01 7.264354e-03
    outer loop
      vertex   2.481772e-03 -2.469866e-02 -1.000000e-02
      vertex   2.337541e-03 -2.411349e-02 0.000000e+00
      vertex   2.057460e-03 -2.357984e-02 -1.000000e-02
    endloop
  endfacet
  facet normal -8.229622e-01 -5.680498e-01 -7.264354e-03
    outer loop
      vertex   2.057460e-03 -2.357984e-02 -1.000000e-02
      vertex   2.337541e-03 -2.411349e-02 0.000000e+00
      vertex   1.657807e-03 -2.312872e-02 0.000000e+00
    endloop
  endfacet
  facet normal -6.631052e-01 -7.484910e-01 7.264354e-03
    outer loop
      vertex   2.057460e-03 -2.357984e-02 -1.000000e-02
      vertex   1.657807e-03 -2.312872e-02 0.000000e+00
      vertex   1.161808e-03 -2.278636e-02 -1.000000e-02
    endloop
  endfacet
  facet normal -4.647109e-01 -8.854327e-01 -7.264354e-03
    outer loop
      vertex   1.161808e-03 -2.278636e-02 -1.000000e-02
      vertex   1.657807e-03 -2.312872e-02 0.000000e+00
      vertex   5.982892e-04 -2.257265e-02 0.000000e+00
    endloop
  endfacet
  facet normal 9.709162e-01 -2.393093e-01 7.264354e-03
    outer loop
      vertex   2.278636e-02 1.161808e-03 -1.000000e-02
      vertex   2.257265e-02 5.982892e-04 0.000000e+00
      vertex   2.250000e-02 3.673940e-18 -1.000000e-02
    endloop
  endfacet
  facet normal 9.999736e-01 0.000000e+00 -7.264354e-03
    outer loop
      vertex   2.250000e-02 3.673940e-18 -1.000000e-02
      vertex   2.257265e-02 5.982892e-04 0.000000e+00
      vertex   2.257265e-02 -5.982892e-04 0.000000e+00
    endloop
  endfacet
  facet normal 9.709162e-01 2.393093e-01 7.264354e-03
    outer loop
      vertex   2.250000e-02 3.673940e-18 -1.000000e-02
      vertex   2.257265e-02 -5.982892e-04 0.000000e+00
      vertex   2.278636e-02 -1.161808e-03 -1.000000e-02
    endloop
  endfacet
  facet normal 8.854327e-01 4.647109e-01 -7.264354e-03
    outer loop
      vertex   2.278636e-02 -1.161808e-03 -1.000000e-02
      vertex   2.257265e-02 -5.982892e-04 0.000000e+00
      vertex   2.312872e-02 -1.657807e-03 0.000000e+00
    endloop
  endfacet
  facet normal 7.484910e-01 6.631052e-01 7.264354e-03
    outer loop
      vertex   2.278636e-02 -1.161808e-03 -1.000000e-02
      vertex   2.312872e-02 -1.657807e-03 0.000000e+00
      vertex   2.357984e-02 -2.057460e-03 -1.000000e-02
    endloop
  endfacet
  facet normal 5.680498e-01 8.229622e-01 -7.264354e-03
    outer loop
      vertex   2.357984e-02 -2.057460e-03 -1.000000e-02
      vertex   2.312872e-02 -1.657807e-03 0.000000e+00
      vertex   2.411349e-02 -2.337541e-03 0.000000e+00
    endloop
  endfacet
  facet normal 3.545955e-01 9.349916e-01 7.264354e-03
    outer loop
      vertex   2.357984e-02 -2.057460e-03 -1.000000e-02
      vertex   2.411349e-02 -2.337541e-03 0.000000e+00
      vertex   2.469866e-02 -2.481772e-03 -1.000000e-02
    endloop
  endfacet
  facet normal 1.205335e-01 9.926827e-01 -7.264354e-03
    outer loop
      vertex   2.469866e-02 -2.481772e-03 -1.000000e-02
      vertex   2.411349e-02 -2.337541e-03 0.000000e+00
      vertex   2.530134e-02 -2.481772e-03 0.000000e+00
    endloop
  endfacet
  facet normal -1.205335e-01 9.926827e-01 7.264354e-03
    outer loop
      vertex   2.469866e-02 -2.481772e-03 -1.000000e-02
      vertex   2.530134e-02 -2.481772e-03 0.000000e+00
      vertex   2.588651e-02 -2.337541e-03 -1.000000e-02
    endloop
  endfacet
  facet normal -3.545955e-01 9.349916e-01 -7.264354e-03
    outer loop
      vertex   2.588651e-02 -2.337541e-03 -1.000000e-02
      vertex   2.530134e-02 -2.481772e-03 0.000000e+00
      vertex   2.642016e-02 -2.057460e-03 0.000000e+00
    endloop
  endfacet
  facet normal -5.680498e-01 8.229622e-01 7.264354e-03
    outer loop
      vertex   2.588651e-02 -2.337541e-03 -1.000000e-02
      vertex   2.642016e-02 -2.057460e-03 0.000000e+00
      vertex   2.687128e-02 -1.657807e-03 -1.000000e-02
    endloop
  endfacet
  facet normal -7.484910e-01 6.631052e-01 -7.264354e-03
    outer loop
      vertex   2.687128e-02 -1.657807e-03 -1.000000e-02
      vertex   2.642016e-02 -2.057460e-03 0.000000e+00
      vertex   2.721364e-02 -1.161808e-03 0.000000e+00
    endloop
  endfacet
  facet normal -8.854327e-01 4.647109e-01 7.264354e-03
    outer loop
      vertex   2.687128e-02 -1.657807e-03 -1.000000e-02
      vertex   2.721364e-02 -1.161808e-03 0.000000e+00
      vertex   2.742735e-02 -5.982892e-04 -1.000000e-02
    endloop
  endfacet
  facet normal -9.709162e-01 2.393093e-01 -7.264354e-03
    outer loop
      vertex   2.742735e-02 -5.982892e-04 -1.000000e-02
      vertex   2.721364e-02 -1.161808e-03 0.000000e+00
      vertex   2.750000e-02 3.367779e-18 0.000000e+00
    endloop
  endfacet
  facet normal -9.999736e-01 0.000000e+00 7.264354e-03
    outer loop
      vertex   2.742735e-02 -5.982892e-04 -1.000000e-02
      vertex   2.750000e-02 3.367779e-18 0.000000e+00
      vertex   2.742735e-02 5.982892e-04 -1.000000e-02
    endloop
  endfacet
  facet normal -9.709162e-01 -2.393093e-01 -7.264354e-03
    outer loop
      vertex   2.742735e-02 5.982892e-04 -1.000000e-02
      vertex   2.750000e-02 3.367779e-18 0.000000e+00
      vertex   2.721364e-02 1.161808e-03 0.000000e+00
    endloop
  endfacet
  facet normal -8.854327e-01 -4.647109e-01 7.264354e-03
    outer loop
      vertex   2.742735e-02 5.982892e-04 -1.000000e-02
      vertex   2.721364e-02 1.161808e-03 0.000000e+00
      vertex   2.687128e-02 1.657807e-03 -1.000000e-02
    endloop
  endfacet
  facet normal -7.484910e-01 -6.631052e-01 -7.264354e-03
    outer loop
      vertex   2.687128e-02 1.657807e-03 -1.000000e-02
      vertex   2.721364e-02 1.161808e-03 0.000000e+00
      vertex   2.642016e-02 2.057460e-03 0.000000e+00
    endloop
  endfacet
  facet normal -5.680498e-01 -8.229622e-01 7.264354e-03
    outer loop
      vertex   2.687128e-02 1.657807e-03 -1.000000e-02
      vertex   2.642016e-02 2.057460e-03 0.000000e+00
      vertex   2.588651e-02 2.337541e-03 -1.000000e-02
    endloop
  endfacet
  facet normal -3.545955e-01 -9.349916e-01 -7.264354e-03
    outer loop
      vertex   2.588651e-02 2.337541e-03 -1.000000e-02
      vertex   2.642016e-02 2.057460e-03 0.000000e+00
      vertex   2.530134e-02 2.481772e-03 0.000000e+00
    endloop
  endfacet
  facet normal -1.205335e-01 -9.926827e-01 7.264354e-03
    outer loop
      vertex   2.588651e-02 2.337541e-03 -1.000000e-02
      vertex   2.530134e-02 2.481772e-03 0.000000e+00
      vertex   2.469866e-02 2.481772e-03 -1.000000e-02
    endloop
  endfacet
  facet normal 1.205335e-01 -9.926827e-01 -7.264354e-03
    outer loop
      vertex   2.469866e-02 2.481772e-03 -1.000000e-02
      vertex   2.530134e-02 2.481772e-03 0.000000e+00
      vertex   2.411349e-02 2.337541e-03 0.000000e+00
    endloop
  endfacet
  facet normal 3.545955e-01 -9.349916e-01 7.264354e-03
    outer loop
      vertex   2.469866e-02 2.481772e-03 -1.000000e-02
      vertex   2.411349e-02 2.337541e-03 0.000000e+00
      vertex   2.357984e-02 2.057460e-03 -1.000000e-02
    endloop
  endfacet
  facet normal 5.680498e-01 -8.229622e-01 -7.264354e-03
    outer loop
      vertex   2.357984e-02 2.057460e-03 -1.000000e-02
      vertex   2.411349e-02 2.337541e-03 0.000000e+00
      vertex   2.312872e-02 1.657807e-03 0.000000e+00
    endloop
  endfacet
  facet normal 7.484910e-01 -6.631052e-01 7.264354e-03
    outer loop
      vertex   2.357984e-02 2.057460e-03 -1.000000e-02
      vertex   2.312872e-02 1.657807e-03 0.000000e+00
      vertex   2.278636e-02 1.161808e-03 -1.000000e-02
    endloop
  endfacet
  facet normal 8.854327e-01 -4.647109e-01 -7.264354e-03
    outer loop
      vertex   2.278636e-02 1.161808e-03 -1.000000e-02
      vertex   2.312872e-02 1.657807e-03 0.000000e+00
      vertex   2.257265e-02 5.982892e-04 0.000000e+00
    endloop
  endfacet
  facet normal 9.921208e-01 6.369627e-02 1.078847e-01
    outer loop
      vertex   3.719213e-02 4.795394e-03 -5.000000e-03
      vertex   3.717874e-02 2.386954e-03 -3.454915e-03
      vertex   3.750000e-02 3.367779e-18 -5.000000e-03
    endloop
  endfacet
  facet normal 9.790601e-01 0.000000e+00 2.035714e-01
    outer loop
      vertex   3.750000e-02 3.367779e-18 -5.000000e-03
      vertex   3.717874e-02 2.386954e-03 -3.454915e-03
      vertex   3.717874e-02 -2.386954e-03 -3.454915e-03
    endloop
  endfacet
  facet normal 9.921208e-01 -6.369627e-02 1.078847e-01
    outer loop
      vertex   3.750000e-02 3.367779e-18 -5.000000e-03
      vertex   3.717874e-02 -2.386954e-03 -3.454915e-03
      vertex   3.719213e-02 -4.795394e-03 -5.000000e-03
    endloop
  endfacet
  facet normal 9.710220e-01 -1.251994e-01 2.035714e-01
    outer loop
      vertex   3.719213e-02 -4.795394e-03 -5.000000e-03
      vertex   3.717874e-02 -2.386954e-03 -3.454915e-03
      vertex   3.656826e-02 -7.121669e-03 -3.454915e-03
    endloop
  endfacet
  facet normal 9.758302e-01 -1.900429e-01 1.078847e-01
    outer loop
      vertex   3.719213e-02 -4.795394e-03 -5.000000e-03
      vertex   3.656826e-02 -7.121669e-03 -3.454915e-03
      vertex   3.627356e-02 -9.512047e-03 -5.000000e-03
    endloop
  endfacet
  facet normal 9.470398e-01 -2.483431e-01 2.035714e-01
    outer loop
      vertex   3.627356e-02 -9.512047e-03 -5.000000e-03
      vertex   3.656826e-02 -7.121669e-03 -3.454915e-03
      vertex   3.535734e-02 -1.173945e-02 -3.454915e-03
    endloop
  endfacet
  facet normal 9.435165e-01 -3.132691e-01 1.078847e-01
    outer loop
      vertex   3.627356e-02 -9.512047e-03 -5.000000e-03
      vertex   3.535734e-02 -1.173945e-02 -3.454915e-03
      vertex   3.475938e-02 -1.407251e-02 -5.000000e-03
    endloop
  endfacet
  facet normal 9.075072e-01 -3.674089e-01 2.035714e-01
    outer loop
      vertex   3.475938e-02 -1.407251e-02 -5.000000e-03
      vertex   3.535734e-02 -1.173945e-02 -3.454915e-03
      vertex   3.356585e-02 -1.616446e-02 -3.454915e-03
    endloop
  endfacet
  facet normal 8.957103e-01 -4.313513e-01 1.078847e-01
    outer loop
      vertex   3.475938e-02 -1.407251e-02 -5.000000e-03
      vertex   3.356585e-02 -1.616446e-02 -3.454915e-03
      vertex   3.267445e-02 -1.840191e-02 -5.000000e-03
    endloop
  endfacet
  facet normal 8.530734e-01 -4.804420e-01 2.035714e-01
    outer loop
      vertex   3.267445e-02 -1.840191e-02 -5.000000e-03
      vertex   3.356585e-02 -1.616446e-02 -3.454915e-03
      vertex   3.122321e-02 -2.032406e-02 -3.454915e-03
    endloop
  endfacet
  facet normal 8.331965e-01 -5.423508e-01 1.078847e-01
    outer loop
      vertex   3.267445e-02 -1.840191e-02 -5.000000e-03
      vertex   3.122321e-02 -2.032406e-02 -3.454915e-03
      vertex   3.005301e-02 -2.242914e-02 -5.000000e-03
    endloop
  endfacet
  facet normal 7.846321e-01 -5.855862e-01 2.035714e-01
    outer loop
      vertex   3.005301e-02 -2.242914e-02 -5.000000e-03
      vertex   3.122321e-02 -2.032406e-02 -3.454915e-03
      vertex   2.836788e-02 -2.414993e-02 -3.454915e-03
    endloop
  endfacet
  facet normal 7.570017e-01 -6.444450e-01 1.078847e-01
    outer loop
      vertex   3.005301e-02 -2.242914e-02 -5.000000e-03
      vertex   2.836788e-02 -2.414993e-02 -3.454915e-03
      vertex   2.693810e-02 -2.608810e-02 -5.000000e-03
    endloop
  endfacet
  facet normal 7.033072e-01 -6.811150e-01 2.035714e-01
    outer loop
      vertex   2.693810e-02 -2.608810e-02 -5.000000e-03
      vertex   2.836788e-02 -2.414993e-02 -3.454915e-03
      vertex   2.504676e-02 -2.757927e-02 -3.454915e-03
    endloop
  endfacet
  facet normal 6.683769e-01 -7.359573e-01 1.078847e-01
    outer loop
      vertex   2.693810e-02 -2.608810e-02 -5.000000e-03
      vertex   2.504676e-02 -2.757927e-02 -3.454915e-03
      vertex   2.338087e-02 -2.931868e-02 -5.000000e-03
    endloop
  endfacet
  facet normal 6.104340e-01 -7.654600e-01 2.035714e-01
    outer loop
      vertex   2.338087e-02 -2.931868e-02 -5.000000e-03
      vertex   2.504676e-02 -2.757927e-02 -3.454915e-03
      vertex   2.131437e-02 -3.055575e-02 -3.454915e-03
    endloop
  endfacet
  facet normal 5.687775e-01 -8.153852e-01 1.078847e-01
    outer loop
      vertex   2.338087e-02 -2.931868e-02 -5.000000e-03
      vertex   2.131437e-02 -3.055575e-02 -3.454915e-03
      vertex   1.943972e-02 -3.206785e-02 -5.000000e-03
    endloop
  endfacet
  facet normal 5.075375e-01 -8.372362e-01 2.035714e-01
    outer loop
      vertex   1.943972e-02 -3.206785e-02 -5.000000e-03
      vertex   2.131437e-02 -3.055575e-02 -3.454915e-03
      vertex   1.723199e-02 -3.303051e-02 -3.454915e-03
    endloop
  endfacet
  facet normal 4.598386e-01 -8.814246e-01 1.078847e-01
    outer loop
      vertex   1.943972e-02 -3.206785e-02 -5.000000e-03
      vertex   1.723199e-02 -3.303051e-02 -3.454915e-03
      vertex   1.517938e-02 -3.429047e-02 -5.000000e-03
    endloop
  endfacet
  facet normal 3.963072e-01 -8.952649e-01 2.035714e-01
    outer loop
      vertex   1.517938e-02 -3.429047e-02 -5.000000e-03
      vertex   1.723199e-02 -3.303051e-02 -3.454915e-03
      vertex   1.286667e-02 -3.496291e-02 -3.454915e-03
    endloop
  endfacet
  facet normal 3.433493e-01 -9.329910e-01 1.078847e-01
    outer loop
      vertex   1.517938e-02 -3.429047e-02 -5.000000e-03
      vertex   1.286667e-02 -3.496291e-02 -3.454915e-03
      vertex   1.066978e-02 -3.595004e-02 -5.000000e-03
    endloop
  endfacet
  facet normal 2.785696e-01 -9.385934e-01 2.035714e-01
    outer loop
      vertex   1.066978e-02 -3.595004e-02 -5.000000e-03
      vertex   1.286667e-02 -3.496291e-02 -3.454915e-03
      vertex   8.290080e-03 -3.632121e-02 -3.454915e-03
    endloop
  endfacet
  facet normal 2.212222e-01 -9.692377e-01 1.078847e-01
    outer loop
      vertex   1.066978e-02 -3.595004e-02 -5.000000e-03
      vertex   8.290080e-03 -3.632121e-02 -3.454915e-03
      vertex   5.984996e-03 -3.701932e-02 -5.000000e-03
    endloop
  endfacet
  facet normal 1.562579e-01 -9.665103e-01 2.035714e-01
    outer loop
      vertex   5.984996e-03 -3.701932e-02 -5.000000e-03
      vertex   8.290080e-03 -3.632121e-02 -3.454915e-03
      vertex   3.577365e-03 -3.708313e-02 -3.454915e-03
    endloop
  endfacet
  facet normal 9.546258e-02 -9.895695e-01 1.078847e-01
    outer loop
      vertex   5.984996e-03 -3.701932e-02 -5.000000e-03
      vertex   3.577365e-03 -3.708313e-02 -3.454915e-03
      vertex   1.201934e-03 -3.748073e-02 -5.000000e-03
    endloop
  endfacet
  facet normal 3.138042e-02 -9.785571e-01 2.035714e-01
    outer loop
      vertex   1.201934e-03 -3.748073e-02 -5.000000e-03
      vertex   3.577365e-03 -3.708313e-02 -3.454915e-03
      vertex   -1.194091e-03 -3.723614e-02 -3.454915e-03
    endloop
  endfacet
  facet normal -3.186451e-02 -9.936526e-01 1.078847e-01
    outer loop
      vertex   1.201934e-03 -3.748073e-02 -5.000000e-03
      vertex   -1.194091e-03 -3.723614e-02 -3.454915e-03
      vertex   -3.600863e-03 -3.732672e-02 -5.000000e-03
    endloop
  endfacet
  facet normal -9.401231e-02 -9.745360e-01 2.035714e-01
    outer loop
      vertex   -3.600863e-03 -3.732672e-02 -5.000000e-03
      vertex   -1.194091e-03 -3.723614e-02 -3.454915e-03
      vertex   -5.945939e-03 -3.677774e-02 -3.454915e-03
    endloop
  endfacet
  facet normal -1.586684e-01 -9.814200e-01 1.078847e-01
    outer loop
      vertex   -3.600863e-03 -3.732672e-02 -5.000000e-03
      vertex   -5.945939e-03 -3.677774e-02 -3.454915e-03
      vertex   -8.344535e-03 -3.655980e-02 -5.000000e-03
    endloop
  endfacet
  facet normal -2.178614e-01 -9.545130e-01 2.035714e-01
    outer loop
      vertex   -8.344535e-03 -3.655980e-02 -5.000000e-03
      vertex   -5.945939e-03 -3.677774e-02 -3.454915e-03
      vertex   -1.060016e-02 -3.571544e-02 -3.454915e-03
    endloop
  endfacet
  facet normal -2.828669e-01 -9.530725e-01 1.078847e-01
    outer loop
      vertex   -8.344535e-03 -3.655980e-02 -5.000000e-03
      vertex   -1.060016e-02 -3.571544e-02 -3.454915e-03
      vertex   -1.295119e-02 -3.519257e-02 -5.000000e-03
    endloop
  endfacet
  facet normal -3.381331e-01 -9.188170e-01 2.035714e-01
    outer loop
      vertex   -1.295119e-02 -3.519257e-02 -5.000000e-03
      vertex   -1.060016e-02 -3.571544e-02 -3.454915e-03
      vertex   -1.508032e-02 -3.406670e-02 -3.454915e-03
    endloop
  endfacet
  facet normal -4.024208e-01 -9.090756e-01 1.078847e-01
    outer loop
      vertex   -1.295119e-02 -3.519257e-02 -5.000000e-03
      vertex   -1.508032e-02 -3.406670e-02 -3.454915e-03
      vertex   -1.734519e-02 -3.324747e-02 -5.000000e-03
    endloop
  endfacet
  facet normal -4.528528e-01 -8.680340e-01 2.035714e-01
    outer loop
      vertex   -1.734519e-02 -3.324747e-02 -5.000000e-03
      vertex   -1.508032e-02 -3.406670e-02 -3.454915e-03
      vertex   -1.931286e-02 -3.185859e-02 -3.454915e-03
    endloop
  endfacet
  facet normal -5.153669e-01 -8.501516e-01 1.078847e-01
    outer loop
      vertex   -1.734519e-02 -3.324747e-02 -5.000000e-03
      vertex   -1.931286e-02 -3.185859e-02 -3.454915e-03
      vertex   -2.145437e-02 -3.075646e-02 -5.000000e-03
    endloop
  endfacet
  facet normal -5.601366e-01 -8.029979e-01 2.035714e-01
    outer loop
      vertex   -2.145437e-02 -3.075646e-02 -5.000000e-03
      vertex   -1.931286e-02 -3.185859e-02 -3.454915e-03
      vertex   -2.322829e-02 -2.912735e-02 -3.454915e-03
    endloop
  endfacet
  facet normal -6.198507e-01 -7.772683e-01 1.078847e-01
    outer loop
      vertex   -2.145437e-02 -3.075646e-02 -5.000000e-03
      vertex   -2.322829e-02 -2.912735e-02 -3.454915e-03
      vertex   -2.521128e-02 -2.776042e-02 -5.000000e-03
    endloop
  endfacet
  facet normal -6.582230e-01 -7.247766e-01 2.035714e-01
    outer loop
      vertex   -2.521128e-02 -2.776042e-02 -5.000000e-03
      vertex   -2.322829e-02 -2.912735e-02 -3.454915e-03
      vertex   -2.676231e-02 -2.591785e-02 -3.454915e-03
    endloop
  endfacet
  facet normal -7.141566e-01 -6.916221e-01 1.078847e-01
    outer loop
      vertex   -2.521128e-02 -2.776042e-02 -5.000000e-03
      vertex   -2.676231e-02 -2.591785e-02 -3.454915e-03
      vertex   -2.855422e-02 -2.430856e-02 -5.000000e-03
    endloop
  endfacet
  facet normal -7.455014e-01 -6.346546e-01 2.035714e-01
    outer loop
      vertex   -2.855422e-02 -2.430856e-02 -5.000000e-03
      vertex   -2.676231e-02 -2.591785e-02 -3.454915e-03
      vertex   -2.985689e-02 -2.228278e-02 -3.454915e-03
    endloop
  endfacet
  facet normal -7.967361e-01 -5.946196e-01 1.078847e-01
    outer loop
      vertex   -2.855422e-02 -2.430856e-02 -5.000000e-03
      vertex   -2.985689e-02 -2.228278e-02 -3.454915e-03
      vertex   -3.142830e-02 -2.045756e-02 -5.000000e-03
    endloop
  endfacet
  facet normal -8.205386e-01 -5.341115e-01 2.035714e-01
    outer loop
      vertex   -3.142830e-02 -2.045756e-02 -5.000000e-03
      vertex   -2.985689e-02 -2.228278e-02 -3.454915e-03
      vertex   -3.246122e-02 -1.828182e-02 -3.454915e-03
    endloop
  endfacet
  facet normal -8.662332e-01 -4.878534e-01 1.078847e-01
    outer loop
      vertex   -3.142830e-02 -2.045756e-02 -5.000000e-03
      vertex   -3.246122e-02 -1.828182e-02 -3.454915e-03
      vertex   -3.378633e-02 -1.627064e-02 -5.000000e-03
    endloop
  endfacet
  facet normal -8.821027e-01 -4.247983e-01 2.035714e-01
    outer loop
      vertex   -3.378633e-02 -1.627064e-02 -5.000000e-03
      vertex   -3.246122e-02 -1.828182e-02 -3.454915e-03
      vertex   -3.453255e-02 -1.398068e-02 -3.454915e-03
    endloop
  endfacet
  facet normal -9.215067e-01 -3.730767e-01 1.078847e-01
    outer loop
      vertex   -3.378633e-02 -1.627064e-02 -5.000000e-03
      vertex   -3.453255e-02 -1.398068e-02 -3.454915e-03
      vertex   -3.558959e-02 -1.181656e-02 -5.000000e-03
    endloop
  endfacet
  facet normal -9.291826e-01 -3.085099e-01 2.035714e-01
    outer loop
      vertex   -3.558959e-02 -1.181656e-02 -5.000000e-03
      vertex   -3.453255e-02 -1.398068e-02 -3.454915e-03
      vertex   -3.603684e-02 -9.449973e-03 -3.454915e-03
    endloop
  endfacet
  facet normal -9.616492e-01 -2.521741e-01 1.078847e-01
    outer loop
      vertex   -3.558959e-02 -1.181656e-02 -5.000000e-03
      vertex   -3.603684e-02 -9.449973e-03 -3.454915e-03
      vertex   -3.680847e-02 -7.168449e-03 -5.000000e-03
    endloop
  endfacet
  facet normal -9.610054e-01 -1.871558e-01 2.035714e-01
    outer loop
      vertex   -3.680847e-02 -7.168449e-03 -5.000000e-03
      vertex   -3.603684e-02 -9.449973e-03 -3.454915e-03
      vertex   -3.694942e-02 -4.764100e-03 -3.454915e-03
    endloop
  endfacet
  facet normal -9.860013e-01 -1.271308e-01 1.078847e-01
    outer loop
      vertex   -3.680847e-02 -7.168449e-03 -5.000000e-03
      vertex   -3.694942e-02 -4.764100e-03 -3.454915e-03
      vertex   -3.742295e-02 -2.402633e-03 -5.000000e-03
    endloop
  endfacet
  facet normal -9.770485e-01 -6.272860e-02 2.035714e-01
    outer loop
      vertex   -3.742295e-02 -2.402633e-03 -5.000000e-03
      vertex   -3.694942e-02 -4.764100e-03 -3.454915e-03
      vertex   -3.725528e-02 7.930235e-18 -3.454915e-03
    endloop
  endfacet
  facet normal -9.941634e-01 0.000000e+00 1.078847e-01
    outer loop
      vertex   -3.742295e-02 -2.402633e-03 -5.000000e-03
      vertex   -3.725528e-02 7.930235e-18 -3.454915e-03
      vertex   -3.742295e-02 2.402633e-03 -5.000000e-03
    endloop
  endfacet
  facet normal -9.770485e-01 6.272860e-02 2.035714e-01
    outer loop
      vertex   -3.742295e-02 2.402633e-03 -5.000000e-03
      vertex   -3.725528e-02 7.930235e-18 -3.454915e-03
      vertex   -3.694942e-02 4.764100e-03 -3.454915e-03
    endloop
  endfacet
  facet normal -9.860013e-01 1.271308e-01 1.078847e-01
    outer loop
      vertex   -3.742295e-02 2.402633e-03 -5.000000e-03
      vertex   -3.694942e-02 4.764100e-03 -3.454915e-03
      vertex   -3.680847e-02 7.168449e-03 -5.000000e-03
    endloop
  endfacet
  facet normal -9.610054e-01 1.871558e-01 2.035714e-01
    outer loop
      vertex   -3.680847e-02 7.168449e-03 -5.000000e-03
      vertex   -3.694942e-02 4.764100e-03 -3.454915e-03
      vertex   -3.603684e-02 9.449973e-03 -3.454915e-03
    endloop
  endfacet
  facet normal -9.616492e-01 2.521741e-01 1.078847e-01
    outer loop
      vertex   -3.680847e-02 7.168449e-03 -5.000000e-03
      vertex   -3.603684e-02 9.449973e-03 -3.454915e-03
      vertex   -3.558959e-02 1.181656e-02 -5.000000e-03
    endloop
  endfacet
  facet normal -9.291826e-01 3.085099e-01 2.035714e-01
    outer loop
      vertex   -3.558959e-02 1.181656e-02 -5.000000e-03
      vertex   -3.603684e-02 9.449973e-03 -3.454915e-03
      vertex   -3.453255e-02 1.398068e-02 -3.454915e-03
    endloop
  endfacet
  facet normal -9.215067e-01 3.730767e-01 1.078847e-01
    outer loop
      vertex   -3.558959e-02 1.181656e-02 -5.000000e-03
      vertex   -3.453255e-02 1.398068e-02 -3.454915e-03
      vertex   -3.378633e-02 1.627064e-02 -5.000000e-03
    endloop
  endfacet
  facet normal -8.821027e-01 4.247983e-01 2.035714e-01
    outer loop
      vertex   -3.378633e-02 1.627064e-02 -5.000000e-03
      vertex   -3.453255e-02 1.398068e-02 -3.454915e-03
      vertex   -3.246122e-02 1.828182e-02 -3.454915e-03
    endloop
  endfacet
  facet normal -8.662332e-01 4.878534e-01 1.078847e-01
    outer loop
      vertex   -3.378633e-02 1.627064e-02 -5.000000e-03
      vertex   -3.246122e-02 1.828182e-02 -3.454915e-03
      vertex   -3.142830e-02 2.045756e-02 -5.000000e-03
    endloop
  endfacet
  facet normal -8.205386e-01 5.341115e-01 2.035714e-01
    outer loop
      vertex   -3.142830e-02 2.045756e-02 -5.000000e-03
      vertex   -3.246122e-02 1.828182e-02 -3.454915e-03
      vertex   -2.985689e-02 2.228278e-02 -3.454915e-03
    endloop
  endfacet
  facet normal -7.967361e-01 5.946196e-01 1.078847e-01
    outer loop
      vertex   -3.142830e-02 2.045756e-02 -5.000000e-03
      vertex   -2.985689e-02 2.228278e-02 -3.454915e-03
      vertex   -2.855422e-02 2.430856e-02 -5.000000e-03
    endloop
  endfacet
  facet normal -7.455014e-01 6.346546e-01 2.035714e-01
    outer loop
      vertex   -2.855422e-02 2.430856e-02 -5.000000e-03
      vertex   -2.985689e-02 2.228278e-02 -3.454915e-03
      vertex   -2.676231e-02 2.591785e-02 -3.454915e-03
    endloop
  endfacet
  facet normal -7.141566e-01 6.916221e-01 1.078847e-01
    outer loop
      vertex   -2.855422e-02 2.430856e-02 -5.000000e-03
      vertex   -2.676231e-02 2.591785e-02 -3.454915e-03
      vertex   -2.521128e-02 2.776042e-02 -5.000000e-03
    endloop
  endfacet
  facet normal -6.582230e-01 7.247766e-01 2.035714e-01
    outer loop
      vertex   -2.521128e-02 2.776042e-02 -5.000000e-03
      vertex   -2.676231e-02 2.591785e-02 -3.454915e-03
      vertex   -2.322829e-02 2.912735e-02 -3.454915e-03
    endloop
  endfacet
  facet normal -6.198507e-01 7.772683e-01 1.078847e-01
    outer loop
      vertex   -2.521128e-02 2.776042e-02 -5.000000e-03
      vertex   -2.322829e-02 2.912735e-02 -3.454915e-03
      vertex   -2.145437e-02 3.075646e-02 -5.000000e-03
    endloop
  endfacet
  facet normal -5.601366e-01 8.029979e-01 2.035714e-01
    outer loop
      vertex   -2.145437e-02 3.075646e-02 -5.000000e-03
      vertex   -2.322829e-02 2.912735e-02 -3.454915e-03
      vertex   -1.931286e-02 3.185859e-02 -3.454915e-03
    endloop
  endfacet
  facet normal -5.153669e-01 8.501516e-01 1.078847e-01
    outer loop
      vertex   -2.145437e-02 3.075646e-02 -5.000000e-03
      vertex   -1.931286e-02 3.185859e-02 -3.454915e-03
      vertex   -1.734519e-02 3.324747e-02 -5.000000e-03
    endloop
  endfacet
  facet normal -4.528528e-01 8.680340e-01 2.035714e-01
    outer loop
      vertex   -1.734519e-02 3.324747e-02 -5.000000e-03
      vertex   -1.931286e-02 3.185859e-02 -3.454915e-03
      vertex   -1.508032e-02 3.406670e-02 -3.454915e-03
    endloop
  endfacet
  facet normal -4.024208e-01 9.090756e-01 1.078847e-01
    outer loop
      vertex   -1.734519e-02 3.324747e-02 -5.000000e-03
      vertex   -1.508032e-02 3.406670e-02 -3.454915e-03
      vertex   -1.295119e-02 3.519257e-02 -5.000000e-03
    endloop
  endfacet
  facet normal -3.381331e-01 9.188170e-01 2.035714e-01
    outer loop
      vertex   -1.295119e-02 3.519257e-02 -5.000000e-03
      vertex   -1.508032e-02 3.406670e-02 -3.454915e-03
      vertex   -1.060016e-02 3.571544e-02 -3.454915e-03
    endloop
  endfacet
  facet normal -2.828669e-01 9.530725e-01 1.078847e-01
    outer loop
      vertex   -1.295119e-02 3.519257e-02 -5.000000e-03
      vertex   -1.060016e-02 3.571544e-02 -3.454915e-03
      vertex   -8.344535e-03 3.655980e-02 -5.000000e-03
    endloop
  endfacet
  facet normal -2.178614e-01 9.545130e-01 2.035714e-01
    outer loop
      vertex   -8.344535e-03 3.655980e-02 -5.000000e-03
      vertex   -1.060016e-02 3.571544e-02 -3.454915e-03
      vertex   -5.945939e-03 3.677774e-02 -3.454915e-03
    endloop
  endfacet
  facet normal -1.586684e-01 9.814200e-01 1.078847e-01
    outer loop
      vertex   -8.344535e-03 3.655980e-02 -5.000000e-03
      vertex   -5.945939e-03 3.677774e-02 -3.454915e-03
      vertex   -3.600863e-03 3.732672e-02 -5.000000e-03
    endloop
  endfacet
  facet normal -9.401231e-02 9.745360e-01 2.035714e-01
    outer loop
      vertex   -3.600863e-03 3.732672e-02 -5.000000e-03
      vertex   -5.945939e-03 3.677774e-02 -3.454915e-03
      vertex   -1.194091e-03 3.723614e-02 -3.454915e-03
    endloop
  endfacet
  facet normal -3.186451e-02 9.936526e-01 1.078847e-01
    outer loop
      vertex   -3.600863e-03 3.732672e-02 -5.000000e-03
      vertex   -1.194091e-03 3.723614e-02 -3.454915e-03
      vertex   1.201934e-03 3.748073e-02 -5.000000e-03
    endloop
  endfacet
  facet normal 3.138042e-02 9.785571e-01 2.035714e-01
    outer loop
      vertex   1.201934e-03 3.748073e-02 -5.000000e-03
      vertex   -1.194091e-03 3.723614e-02 -3.454915e-03
      vertex   3.577365e-03 3.708313e-02 -3.454915e-03
    endloop
  endfacet
  facet normal 9.546258e-02 9.895695e-01 1.078847e-01
    outer loop
      vertex   1.201934e-03 3.748073e-02 -5.000000e-03
      vertex   3.577365e-03 3.708313e-02 -3.454915e-03
      vertex   5.984996e-03 3.701932e-02 -5.000000e-03
    endloop
  endfacet
  facet normal 1.562579e-01 9.665103e-01 2.035714e-01
    outer loop
      vertex   5.984996e-03 3.701932e-02 -5.000000e-03
      vertex   3.577365e-03 3.708313e-02 -3.454915e-03
      vertex   8.290080e-03 3.632121e-02 -3.454915e-03
    endloop
  endfacet
  facet normal 2.212222e-01 9.692377e-01 1.078847e-01
    outer loop
      vertex   5.984996e-03 3.701932e-02 -5.000000e-03
      vertex   8.290080e-03 3.632121e-02 -3.454915e-03
      vertex   1.066978e-02 3.595004e-02 -5.000000e-03
    endloop
  endfacet
  facet normal 2.785696e-01 9.385934e-01 2.035714e-01
    outer loop
      vertex   1.066978e-02 3.595004e-02 -5.000000e-03
      vertex   8.290080e-03 3.632121e-02 -3.454915e-03
      vertex   1.286667e-02 3.496291e-02 -3.454915e-03
    endloop
  endfacet
  facet normal 3.433493e-01 9.329910e-01 1.078847e-01
    outer loop
      vertex   1.066978e-02 3.595004e-02 -5.000000e-03
      vertex   1.286667e-02 3.496291e-02 -3.454915e-03
      vertex   1.517938e-02 3.429047e-02 -5.000000e-03
    endloop
  endfacet
  facet normal 3.963072e-01 8.952649e-01 2.035714e-01
    outer loop
      vertex   1.517938e-02 3.429047e-02 -5.000000e-03
      vertex   1.286667e-02 3.496291e-02 -3.454915e-03
      vertex   1.723199e-02 3.303051e-02 -3.454915e-03
    endloop
  endfacet
  facet normal 4.598386e-01 8.814246e-01 1.078847e-01
    outer loop
      vertex   1.517938e-02 3.429047e-02 -5.000000e-03
      vertex   1.723199e-02 3.303051e-02 -3.454915e-03
      vertex   1.943972e-02 3.206785e-02 -5.000000e-03
    endloop
  endfacet
  facet normal 5.075375e-01 8.372362e-01 2.035714e-01
    outer loop
      vertex   1.943972e-02 3.206785e-02 -5.000000e-03
      vertex   1.723199e-02 3.303051e-02 -3.454915e-03
      vertex   2.131437e-02 3.055575e-02 -3.454915e-03
    endloop
  endfacet
  facet normal 5.687775e-01 8.153852e-01 1.078847e-01
    outer loop
      vertex   1.943972e-02 3.206785e-02 -5.000000e-03
      vertex   2.131437e-02 3.055575e-02 -3.454915e-03
      vertex   2.338087e-02 2.931868e-02 -5.000000e-03
    endloop
  endfacet
  facet normal 6.104340e-01 7.654600e-01 2.035714e-01
    outer loop
      vertex   2.338087e-02 2.931868e-02 -5.000000e-03
      vertex   2.131437e-02 3.055575e-02 -3.454915e-03
      vertex   2.504676e-02 2.757927e-02 -3.454915e-03
    endloop
  endfacet
  facet normal 6.683769e-01 7.359573e-01 1.078847e-01
    outer loop
      vertex   2.338087e-02 2.931868e-02 -5.000000e-03
      vertex   2.504676e-02 2.757927e-02 -3.454915e-03
      vertex   2.693810e-02 2.608810e-02 -5.000000e-03
    endloop
  endfacet
  facet normal 7.033072e-01 6.811150e-01 2.035714e-01
    outer loop
      vertex   2.693810e-02 2.608810e-02 -5.000000e-03
      vertex   2.504676e-02 2.757927e-02 -3.454915e-03
      vertex   2.836788e-02 2.414993e-02 -3.454915e-03
    endloop
  endfacet
  facet normal 7.570017e-01 6.444450e-01 1.078847e-01
    outer loop
      vertex   2.693810e-02 2.608810e-02 -5.000000e-03
      vertex   2.836788e-02 2.414993e-02 -3.454915e-03
      vertex   3.005301e-02 2.242914e-02 -5.000000e-03
    endloop
  endfacet
  facet normal 7.846321e-01 5.855862e-01 2.035714e-01
    outer loop
      vertex   3.005301e-02 2.242914e-02 -5.000000e-03
      vertex   2.836788e-02 2.414993e-02 -3.454915e-03
      vertex   3.122321e-02 2.032406e-02 -3.454915e-03
    endloop
  endfacet
  facet normal 8.331965e-01 5.423508e-01 1.078847e-01
    outer loop
      vertex   3.005301e-02 2.242914e-02 -5.000000e-03
      vertex   3.122321e-02 2.032406e-02 -3.454915e-03
      vertex   3.267445e-02 1.840191e-02 -5.000000e-03
    endloop
  endfacet
  facet normal 8.530734e-01 4.804420e-01 2.035714e-01
    outer loop
      vertex   3.267445e-02 1.840191e-02 -5.000000e-03
      vertex   3.122321e-02 2.032406e-02 -3.454915e-03
      vertex   3.356585e-02 1.616446e-02 -3.454915e-03
    endloop
  endfacet
  facet normal 8.957103e-01 4.313513e-01 1.078847e-01
    outer loop
      vertex   3.267445e-02 1.840191e-02 -5.000000e-03
      vertex   3.356585e-02 1.616446e-02 -3.454915e-03
      vertex   3.475938e-02 1.407251e-02 -5.000000e-03
    endloop
  endfacet
  facet normal 9.075072e-01 3.674089e-01 2.035714e-01
    outer loop
      vertex   3.475938e-02 1.407251e-02 -5.000000e-03
      vertex   3.356585e-02 1.616446e-02 -3.454915e-03
      vertex   3.535734e-02 1.173945e-02 -3.454915e-03
    endloop
  endfacet
  facet normal 9.435165e-01 3.132691e-01 1.078847e-01
    outer loop
      vertex   3.475938e-02 1.407251e-02 -5.000000e-03
      vertex   3.535734e-02 1.173945e-02 -3.454915e-03
      vertex   3.627356e-02 9.512047e-03 -5.000000e-03
    endloop
  endfacet
  facet normal 9.470398e-01 2.483431e-01 2.035714e-01
    outer loop
      vertex   3.627356e-02 9.512047e-03 -5.000000e-03
      vertex   3.535734e-02 1.173945e-02 -3.454915e-03
      vertex   3.656826e-02 7.121669e-03 -3.454915e-03
    endloop
  endfacet
  facet normal 9.758302e-01 1.900429e-01 1.078847e-01
    outer loop
      vertex   3.627356e-02 9.512047e-03 -5.000000e-03
      vertex   3.656826e-02 7.121669e-03 -3.454915e-03
      vertex   3.719213e-02 4.795394e-03 -5.000000e-03
    endloop
  endfacet
  facet normal 9.710220e-01 1.251994e-01 2.035714e-01
    outer loop
      vertex   3.719213e-02 4.795394e-03 -5.000000e-03
      vertex   3.656826e-02 7.121669e-03 -3.454915e-03
      vertex   3.717874e-02 2.386954e-03 -3.454915e-03
    endloop
  endfacet
  facet normal 1.489677e-01 -1.018967e-02 9.887896e-01
    outer loop
      vertex   3.219729e-02 -4.425416e-03 0.000000e+00
      vertex   3.397514e-02 -2.181276e-03 -2.447174e-04
      vertex   3.250000e-02 -4.592425e-18 0.000000e+00
    endloop
  endfacet
  facet normal 1.636581e-01 0.000000e+00 9.865171e-01
    outer loop
      vertex   3.250000e-02 -4.592425e-18 0.000000e+00
      vertex   3.397514e-02 -2.181276e-03 -2.447174e-04
      vertex   3.397514e-02 2.181276e-03 -2.447174e-04
    endloop
  endfacet
  facet normal 1.489677e-01 1.018967e-02 9.887896e-01
    outer loop
      vertex   3.250000e-02 -4.592425e-18 0.000000e+00
      vertex   3.397514e-02 2.181276e-03 -2.447174e-04
      vertex   3.219729e-02 4.425416e-03 0.000000e+00
    endloop
  endfacet
  facet normal 1.621929e-01 2.091246e-02 9.865375e-01
    outer loop
      vertex   3.219729e-02 4.425416e-03 0.000000e+00
      vertex   3.397514e-02 2.181276e-03 -2.447174e-04
      vertex   3.341726e-02 6.508012e-03 -2.447174e-04
    endloop
  endfacet
  facet normal 1.464030e-01 3.042289e-02 9.887571e-01
    outer loop
      vertex   3.219729e-02 4.425416e-03 0.000000e+00
      vertex   3.341726e-02 6.508012e-03 -2.447174e-04
      vertex   3.129481e-02 8.768395e-03 0.000000e+00
    endloop
  endfacet
  facet normal 1.578323e-01 4.138850e-02 9.865982e-01
    outer loop
      vertex   3.129481e-02 8.768395e-03 0.000000e+00
      vertex   3.341726e-02 6.508012e-03 -2.447174e-04
      vertex   3.231068e-02 1.072789e-02 -2.447174e-04
    endloop
  endfacet
  facet normal 1.413033e-01 5.021920e-02 9.886918e-01
    outer loop
      vertex   3.129481e-02 8.768395e-03 0.000000e+00
      vertex   3.231068e-02 1.072789e-02 -2.447174e-04
      vertex   2.980937e-02 1.294804e-02 0.000000e+00
    endloop
  endfacet
  facet normal 1.506806e-01 6.100383e-02 9.866985e-01
    outer loop
      vertex   2.980937e-02 1.294804e-02 0.000000e+00
      vertex   3.231068e-02 1.072789e-02 -2.447174e-04
      vertex   3.067356e-02 1.477161e-02 -2.447174e-04
    endloop
  endfacet
  facet normal 1.337276e-01 6.929208e-02 9.885927e-01
    outer loop
      vertex   2.980937e-02 1.294804e-02 0.000000e+00
      vertex   3.067356e-02 1.477161e-02 -2.447174e-04
      vertex   2.776863e-02 1.688648e-02 0.000000e+00
    endloop
  endfacet
  facet normal 1.409079e-01 7.935785e-02 9.868370e-01
    outer loop
      vertex   2.776863e-02 1.688648e-02 0.000000e+00
      vertex   3.067356e-02 1.477161e-02 -2.447174e-04
      vertex   2.853278e-02 1.857278e-02 -2.447174e-04
    endloop
  endfacet
  facet normal 1.237638e-01 8.736203e-02 9.884586e-01
    outer loop
      vertex   2.776863e-02 1.688648e-02 0.000000e+00
      vertex   2.853278e-02 1.857278e-02 -2.447174e-04
      vertex   2.521062e-02 2.051036e-02 0.000000e+00
    endloop
  endfacet
  facet normal 1.287444e-01 9.608443e-02 9.870120e-01
    outer loop
      vertex   2.521062e-02 2.051036e-02 0.000000e+00
      vertex   2.853278e-02 1.857278e-02 -2.447174e-04
      vertex   2.592349e-02 2.206899e-02 -2.447174e-04
    endloop
  endfacet
  facet normal 1.115274e-01 1.041593e-01 9.882877e-01
    outer loop
      vertex   2.521062e-02 2.051036e-02 0.000000e+00
      vertex   2.592349e-02 2.206899e-02 -2.447174e-04
      vertex   2.218298e-02 2.375217e-02 0.000000e+00
    endloop
  endfacet
  facet normal 1.144734e-01 1.108613e-01 9.872212e-01
    outer loop
      vertex   2.218298e-02 2.375217e-02 0.000000e+00
      vertex   2.592349e-02 2.206899e-02 -2.447174e-04
      vertex   2.288854e-02 2.520283e-02 -2.447174e-04
    endloop
  endfacet
  facet normal 9.716053e-02 1.194263e-01 9.880775e-01
    outer loop
      vertex   2.218298e-02 2.375217e-02 0.000000e+00
      vertex   2.288854e-02 2.520283e-02 -2.447174e-04
      vertex   1.874211e-02 2.655152e-02 0.000000e+00
    endloop
  endfacet
  facet normal 9.842254e-02 1.234180e-01 9.874619e-01
    outer loop
      vertex   1.874211e-02 2.655152e-02 0.000000e+00
      vertex   2.288854e-02 2.520283e-02 -2.447174e-04
      vertex   1.947776e-02 2.792283e-02 -2.447174e-04
    endloop
  endfacet
  facet normal 8.083053e-02 1.329201e-01 9.878252e-01
    outer loop
      vertex   1.874211e-02 2.655152e-02 0.000000e+00
      vertex   1.947776e-02 2.792283e-02 -2.447174e-04
      vertex   1.495211e-02 2.885627e-02 0.000000e+00
    endloop
  endfacet
  facet normal 8.095360e-02 1.335414e-01 9.877313e-01
    outer loop
      vertex   1.495211e-02 2.885627e-02 0.000000e+00
      vertex   1.947776e-02 2.792283e-02 -2.447174e-04
      vertex   1.574716e-02 3.018435e-02 -2.447174e-04
    endloop
  endfacet
  facet normal 6.367797e-02 1.438497e-01 9.875487e-01
    outer loop
      vertex   1.495211e-02 2.885627e-02 0.000000e+00
      vertex   1.574716e-02 3.018435e-02 -2.447174e-04
      vertex   1.175798e-02 3.195024e-02 -2.447174e-04
    endloop
  endfacet
  facet normal 1.840680e-01 4.158127e-01 8.906283e-01
    outer loop
      vertex   1.175798e-02 3.195024e-02 -2.447174e-04
      vertex   1.574716e-02 3.018435e-02 -2.447174e-04
      vertex   1.639186e-02 3.142013e-02 -9.549150e-04
    endloop
  endfacet
  facet normal 1.840680e-01 4.158127e-01 8.906283e-01
    outer loop
      vertex   1.175798e-02 3.195024e-02 -2.447174e-04
      vertex   1.639186e-02 3.142013e-02 -9.549150e-04
      vertex   1.223937e-02 3.325831e-02 -9.549150e-04
    endloop
  endfacet
  facet normal 2.865192e-01 6.472519e-01 7.063792e-01
    outer loop
      vertex   1.223937e-02 3.325831e-02 -9.549150e-04
      vertex   1.639186e-02 3.142013e-02 -9.549150e-04
      vertex   1.690350e-02 3.240085e-02 -2.061074e-03
    endloop
  endfacet
  facet normal 2.865192e-01 6.472519e-01 7.063792e-01
    outer loop
      vertex   1.223937e-02 3.325831e-02 -9.549150e-04
      vertex   1.690350e-02 3.240085e-02 -2.061074e-03
      vertex   1.262140e-02 3.429641e-02 -2.061074e-03
    endloop
  endfacet
  facet normal 3.608173e-01 8.150925e-01 4.532495e-01
    outer loop
      vertex   1.262140e-02 3.429641e-02 -2.061074e-03
      vertex   1.690350e-02 3.240085e-02 -2.061074e-03
      vertex   1.723199e-02 3.303051e-02 -3.454915e-03
    endloop
  endfacet
  facet normal 3.608173e-01 8.150925e-01 4.532495e-01
    outer loop
      vertex   1.262140e-02 3.429641e-02 -2.061074e-03
      vertex   1.723199e-02 3.303051e-02 -3.454915e-03
      vertex   1.286667e-02 3.496291e-02 -3.454915e-03
    endloop
  endfacet
  facet normal 1.621929e-01 -2.091246e-02 9.865375e-01
    outer loop
      vertex   3.397514e-02 -2.181276e-03 -2.447174e-04
      vertex   3.219729e-02 -4.425416e-03 0.000000e+00
      vertex   3.341726e-02 -6.508012e-03 -2.447174e-04
    endloop
  endfacet
  facet normal 1.464030e-01 -3.042289e-02 9.887571e-01
    outer loop
      vertex   3.341726e-02 -6.508012e-03 -2.447174e-04
      vertex   3.219729e-02 -4.425416e-03 0.000000e+00
      vertex   3.129481e-02 -8.768395e-03 0.000000e+00
    endloop
  endfacet
  facet normal 1.578323e-01 -4.138850e-02 9.865982e-01
    outer loop
      vertex   3.341726e-02 -6.508012e-03 -2.447174e-04
      vertex   3.129481e-02 -8.768395e-03 0.000000e+00
      vertex   3.231068e-02 -1.072789e-02 -2.447174e-04
    endloop
  endfacet
  facet normal 1.413033e-01 -5.021920e-02 9.886918e-01
    outer loop
      vertex   3.231068e-02 -1.072789e-02 -2.447174e-04
      vertex   3.129481e-02 -8.768395e-03 0.000000e+00
      vertex   2.980937e-02 -1.294804e-02 0.000000e+00
    endloop
  endfacet
  facet normal 1.506806e-01 -6.100383e-02 9.866985e-01
    outer loop
      vertex   3.231068e-02 -1.072789e-02 -2.447174e-04
      vertex   2.980937e-02 -1.294804e-02 0.000000e+00
      vertex   3.067356e-02 -1.477161e-02 -2.447174e-04
    endloop
  endfacet
  facet normal 1.337276e-01 -6.929208e-02 9.885927e-01
    outer loop
      vertex   3.067356e-02 -1.477161e-02 -2.447174e-04
      vertex   2.980937e-02 -1.294804e-02 0.000000e+00
      vertex   2.776863e-02 -1.688648e-02 0.000000e+00
    endloop
  endfacet
  facet normal 1.409079e-01 -7.935785e-02 9.868370e-01
    outer loop
      vertex   3.067356e-02 -1.477161e-02 -2.447174e-04
      vertex   2.776863e-02 -1.688648e-02 0.000000e+00
      vertex   2.853278e-02 -1.857278e-02 -2.447174e-04
    endloop
  endfacet
  facet normal 1.237638e-01 -8.736203e-02 9.884586e-01
    outer loop
      vertex   2.853278e-02 -1.857278e-02 -2.447174e-04
      vertex   2.776863e-02 -1.688648e-02 0.000000e+00
      vertex   2.521062e-02 -2.051036e-02 0.000000e+00
    endloop
  endfacet
  facet normal 1.287444e-01 -9.608443e-02 9.870120e-01
    outer loop
      vertex   2.853278e-02 -1.857278e-02 -2.447174e-04
      vertex   2.521062e-02 -2.051036e-02 0.000000e+00
      vertex   2.592349e-02 -2.206899e-02 -2.447174e-04
    endloop
  endfacet
  facet normal 1.115274e-01 -1.041593e-01 9.882877e-01
    outer loop
      vertex   2.592349e-02 -2.206899e-02 -2.447174e-04
      vertex   2.521062e-02 -2.051036e-02 0.000000e+00
      vertex   2.218298e-02 -2.375217e-02 0.000000e+00
    endloop
  endfacet
  facet normal 1.144734e-01 -1.108613e-01 9.872212e-01
    outer loop
      vertex   2.592349e-02 -2.206899e-02 -2.447174e-04
      vertex   2.218298e-02 -2.375217e-02 0.000000e+00
      vertex   2.288854e-02 -2.520283e-02 -2.447174e-04
    endloop
  endfacet
  facet normal 9.716053e-02 -1.194263e-01 9.880775e-01
    outer loop
      vertex   2.288854e-02 -2.520283e-02 -2.447174e-04
      vertex   2.218298e-02 -2.375217e-02 0.000000e+00
      vertex   1.874211e-02 -2.655152e-02 0.000000e+00
    endloop
  endfacet
  facet normal 9.842254e-02 -1.234180e-01 9.874619e-01
    outer loop
      vertex   2.288854e-02 -2.520283e-02 -2.447174e-04
      vertex   1.874211e-02 -2.655152e-02 0.000000e+00
      vertex   1.947776e-02 -2.792283e-02 -2.447174e-04
    endloop
  endfacet
  facet normal 8.083053e-02 -1.329201e-01 9.878252e-01
    outer loop
      vertex   1.947776e-02 -2.792283e-02 -2.447174e-04
      vertex   1.874211e-02 -2.655152e-02 0.000000e+00
      vertex   1.495211e-02 -2.885627e-02 0.000000e+00
    endloop
  endfacet
  facet normal 8.095360e-02 -1.335414e-01 9.877313e-01
    outer loop
      vertex   1.947776e-02 -2.792283e-02 -2.447174e-04
      vertex   1.495211e-02 -2.885627e-02 0.000000e+00
      vertex   1.574716e-02 -3.018435e-02 -2.447174e-04
    endloop
  endfacet
  facet normal 6.367797e-02 -1.438497e-01 9.875487e-01
    outer loop
      vertex   1.574716e-02 -3.018435e-02 -2.447174e-04
      vertex   1.495211e-02 -2.885627e-02 0.000000e+00
      vertex   1.175798e-02 -3.195024e-02 -2.447174e-04
    endloop
  endfacet
  facet normal 1.840680e-01 -4.158127e-01 8.906283e-01
    outer loop
      vertex   1.574716e-02 -3.018435e-02 -2.447174e-04
      vertex   1.175798e-02 -3.195024e-02 -2.447174e-04
      vertex   1.223937e-02 -3.325831e-02 -9.549150e-04
    endloop
  endfacet
  facet normal 1.293838e-01 -4.359370e-01 8.906283e-01
    outer loop
      vertex   1.223937e-02 -3.325831e-02 -9.549150e-04
      vertex   1.175798e-02 -3.195024e-02 -2.447174e-04
      vertex   7.885903e-03 -3.455040e-02 -9.549150e-04
    endloop
  endfacet
  facet normal 2.013982e-01 -6.785773e-01 7.063792e-01
    outer loop
      vertex   1.223937e-02 -3.325831e-02 -9.549150e-04
      vertex   7.885903e-03 -3.455040e-02 -9.549150e-04
      vertex   8.132046e-03 -3.562882e-02 -2.061074e-03
    endloop
  endfacet
  facet normal 1.129702e-01 -6.987604e-01 7.063792e-01
    outer loop
      vertex   8.132046e-03 -3.562882e-02 -2.061074e-03
      vertex   7.885903e-03 -3.455040e-02 -9.549150e-04
      vertex   3.509170e-03 -3.637621e-02 -2.061074e-03
    endloop
  endfacet
  facet normal 1.422647e-01 -8.799577e-01 4.532495e-01
    outer loop
      vertex   8.132046e-03 -3.562882e-02 -2.061074e-03
      vertex   3.509170e-03 -3.637621e-02 -2.061074e-03
      vertex   3.577365e-03 -3.708313e-02 -3.454915e-03
    endloop
  endfacet
  facet normal 2.857025e-02 -8.909257e-01 4.532495e-01
    outer loop
      vertex   3.577365e-03 -3.708313e-02 -3.454915e-03
      vertex   3.509170e-03 -3.637621e-02 -2.061074e-03
      vertex   -1.194091e-03 -3.723614e-02 -3.454915e-03
    endloop
  endfacet
  facet normal 6.153900e-02 -1.416770e-01 9.879983e-01
    outer loop
      vertex   1.495211e-02 -2.885627e-02 0.000000e+00
      vertex   1.088359e-02 -3.062348e-02 0.000000e+00
      vertex   1.175798e-02 -3.195024e-02 -2.447174e-04
    endloop
  endfacet
  facet normal 4.520551e-02 -1.523124e-01 9.872980e-01
    outer loop
      vertex   1.175798e-02 -3.195024e-02 -2.447174e-04
      vertex   1.088359e-02 -3.062348e-02 0.000000e+00
      vertex   7.575744e-03 -3.319150e-02 -2.447174e-04
    endloop
  endfacet
  facet normal 1.293838e-01 -4.359370e-01 8.906283e-01
    outer loop
      vertex   1.175798e-02 -3.195024e-02 -2.447174e-04
      vertex   7.575744e-03 -3.319150e-02 -2.447174e-04
      vertex   7.885903e-03 -3.455040e-02 -9.549150e-04
    endloop
  endfacet
  facet normal 7.257519e-02 -4.489032e-01 8.906283e-01
    outer loop
      vertex   7.885903e-03 -3.455040e-02 -9.549150e-04
      vertex   7.575744e-03 -3.319150e-02 -2.447174e-04
      vertex   3.402953e-03 -3.527517e-02 -9.549150e-04
    endloop
  endfacet
  facet normal 1.129702e-01 -6.987604e-01 7.063792e-01
    outer loop
      vertex   7.885903e-03 -3.455040e-02 -9.549150e-04
      vertex   3.402953e-03 -3.527517e-02 -9.549150e-04
      vertex   3.509170e-03 -3.637621e-02 -2.061074e-03
    endloop
  endfacet
  facet normal 2.268718e-02 -7.074699e-01 7.063792e-01
    outer loop
      vertex   3.509170e-03 -3.637621e-02 -2.061074e-03
      vertex   3.402953e-03 -3.527517e-02 -9.549150e-04
      vertex   -1.171328e-03 -3.652631e-02 -2.061074e-03
    endloop
  endfacet
  facet normal 2.857025e-02 -8.909257e-01 4.532495e-01
    outer loop
      vertex   3.509170e-03 -3.637621e-02 -2.061074e-03
      vertex   -1.171328e-03 -3.652631e-02 -2.061074e-03
      vertex   -1.194091e-03 -3.723614e-02 -3.454915e-03
    endloop
  endfacet
  facet normal -8.559336e-02 -8.872647e-01 4.532495e-01
    outer loop
      vertex   -1.194091e-03 -3.723614e-02 -3.454915e-03
      vertex   -1.171328e-03 -3.652631e-02 -2.061074e-03
      vertex   -5.945939e-03 -3.677774e-02 -3.454915e-03
    endloop
  endfacet
  facet normal 4.128604e-02 -1.473518e-01 9.882221e-01
    outer loop
      vertex   1.088359e-02 -3.062348e-02 0.000000e+00
      vertex   6.612320e-03 -3.182023e-02 0.000000e+00
      vertex   7.575744e-03 -3.319150e-02 -2.447174e-04
    endloop
  endfacet
  facet normal 2.557434e-02 -1.581863e-01 9.870780e-01
    outer loop
      vertex   7.575744e-03 -3.319150e-02 -2.447174e-04
      vertex   6.612320e-03 -3.182023e-02 0.000000e+00
      vertex   3.269112e-03 -3.388777e-02 -2.447174e-04
    endloop
  endfacet
  facet normal 7.257519e-02 -4.489032e-01 8.906283e-01
    outer loop
      vertex   7.575744e-03 -3.319150e-02 -2.447174e-04
      vertex   3.269112e-03 -3.388777e-02 -2.447174e-04
      vertex   3.402953e-03 -3.527517e-02 -9.549150e-04
    endloop
  endfacet
  facet normal 1.457488e-02 -4.544984e-01 8.906283e-01
    outer loop
      vertex   3.402953e-03 -3.527517e-02 -9.549150e-04
      vertex   3.269112e-03 -3.388777e-02 -2.447174e-04
      vertex   -1.135873e-03 -3.542072e-02 -9.549150e-04
    endloop
  endfacet
  facet normal 2.268718e-02 -7.074699e-01 7.063792e-01
    outer loop
      vertex   3.402953e-03 -3.527517e-02 -9.549150e-04
      vertex   -1.135873e-03 -3.542072e-02 -9.549150e-04
      vertex   -1.171328e-03 -3.652631e-02 -2.061074e-03
    endloop
  endfacet
  facet normal -6.796832e-02 -7.045627e-01 7.063792e-01
    outer loop
      vertex   -1.171328e-03 -3.652631e-02 -2.061074e-03
      vertex   -1.135873e-03 -3.542072e-02 -9.549150e-04
      vertex   -5.832592e-03 -3.607664e-02 -2.061074e-03
    endloop
  endfacet
  facet normal -8.559336e-02 -8.872647e-01 4.532495e-01
    outer loop
      vertex   -1.171328e-03 -3.652631e-02 -2.061074e-03
      vertex   -5.832592e-03 -3.607664e-02 -2.061074e-03
      vertex   -5.945939e-03 -3.677774e-02 -3.454915e-03
    endloop
  endfacet
  facet normal -1.983515e-01 -8.690348e-01 4.532495e-01
    outer loop
      vertex   -5.945939e-03 -3.677774e-02 -3.454915e-03
      vertex   -5.832592e-03 -3.607664e-02 -2.061074e-03
      vertex   -1.060016e-02 -3.571544e-02 -3.454915e-03
    endloop
  endfacet
  facet normal 2.067490e-02 -1.504211e-01 9.884058e-01
    outer loop
      vertex   6.612320e-03 -3.182023e-02 0.000000e+00
      vertex   2.217878e-03 -3.242423e-02 0.000000e+00
      vertex   3.269112e-03 -3.388777e-02 -2.447174e-04
    endloop
  endfacet
  facet normal 5.172669e-03 -1.613029e-01 9.868914e-01
    outer loop
      vertex   3.269112e-03 -3.388777e-02 -2.447174e-04
      vertex   2.217878e-03 -3.242423e-02 0.000000e+00
      vertex   -1.091199e-03 -3.402759e-02 -2.447174e-04
    endloop
  endfacet
  facet normal 1.457488e-02 -4.544984e-01 8.906283e-01
    outer loop
      vertex   3.269112e-03 -3.388777e-02 -2.447174e-04
      vertex   -1.091199e-03 -3.402759e-02 -2.447174e-04
      vertex   -1.135873e-03 -3.542072e-02 -9.549150e-04
    endloop
  endfacet
  facet normal -4.366475e-02 -4.526308e-01 8.906283e-01
    outer loop
      vertex   -1.135873e-03 -3.542072e-02 -9.549150e-04
      vertex   -1.091199e-03 -3.402759e-02 -2.447174e-04
      vertex   -5.656049e-03 -3.498466e-02 -9.549150e-04
    endloop
  endfacet
  facet normal -6.796832e-02 -7.045627e-01 7.063792e-01
    outer loop
      vertex   -1.135873e-03 -3.542072e-02 -9.549150e-04
      vertex   -5.656049e-03 -3.498466e-02 -9.549150e-04
      vertex   -5.832592e-03 -3.607664e-02 -2.061074e-03
    endloop
  endfacet
  facet normal -1.575078e-01 -6.900867e-01 7.063792e-01
    outer loop
      vertex   -5.832592e-03 -3.607664e-02 -2.061074e-03
      vertex   -5.656049e-03 -3.498466e-02 -9.549150e-04
      vertex   -1.039808e-02 -3.503460e-02 -2.061074e-03
    endloop
  endfacet
  facet normal -1.983515e-01 -8.690348e-01 4.532495e-01
    outer loop
      vertex   -5.832592e-03 -3.607664e-02 -2.061074e-03
      vertex   -1.039808e-02 -3.503460e-02 -2.061074e-03
      vertex   -1.060016e-02 -3.571544e-02 -3.454915e-03
    endloop
  endfacet
  facet normal -3.078528e-01 -8.365354e-01 4.532495e-01
    outer loop
      vertex   -1.060016e-02 -3.571544e-02 -3.454915e-03
      vertex   -1.039808e-02 -3.503460e-02 -2.061074e-03
      vertex   -1.508032e-02 -3.406670e-02 -3.454915e-03
    endloop
  endfacet
  facet normal 0.000000e+00 -1.508808e-01 9.885520e-01
    outer loop
      vertex   2.217878e-03 -3.242423e-02 0.000000e+00
      vertex   -2.217878e-03 -3.242423e-02 0.000000e+00
      vertex   -1.091199e-03 -3.402759e-02 -2.447174e-04
    endloop
  endfacet
  facet normal -1.558511e-02 -1.615559e-01 9.867405e-01
    outer loop
      vertex   -1.091199e-03 -3.402759e-02 -2.447174e-04
      vertex   -2.217878e-03 -3.242423e-02 0.000000e+00
      vertex   -5.433592e-03 -3.360869e-02 -2.447174e-04
    endloop
  endfacet
  facet normal -4.366475e-02 -4.526308e-01 8.906283e-01
    outer loop
      vertex   -1.091199e-03 -3.402759e-02 -2.447174e-04
      vertex   -5.433592e-03 -3.360869e-02 -2.447174e-04
      vertex   -5.656049e-03 -3.498466e-02 -9.549150e-04
    endloop
  endfacet
  facet normal -1.011874e-01 -4.433310e-01 8.906283e-01
    outer loop
      vertex   -5.656049e-03 -3.498466e-02 -9.549150e-04
      vertex   -5.433592e-03 -3.360869e-02 -2.447174e-04
      vertex   -1.008335e-02 -3.397416e-02 -9.549150e-04
    endloop
  endfacet
  facet normal -1.575078e-01 -6.900867e-01 7.063792e-01
    outer loop
      vertex   -5.656049e-03 -3.498466e-02 -9.549150e-04
      vertex   -1.008335e-02 -3.397416e-02 -9.549150e-04
      vertex   -1.039808e-02 -3.503460e-02 -2.061074e-03
    endloop
  endfacet
  facet normal -2.444610e-01 -6.642795e-01 7.063792e-01
    outer loop
      vertex   -1.039808e-02 -3.503460e-02 -2.061074e-03
      vertex   -1.008335e-02 -3.397416e-02 -9.549150e-04
      vertex   -1.479284e-02 -3.341729e-02 -2.061074e-03
    endloop
  endfacet
  facet normal -3.078528e-01 -8.365354e-01 4.532495e-01
    outer loop
      vertex   -1.039808e-02 -3.503460e-02 -2.061074e-03
      vertex   -1.479284e-02 -3.341729e-02 -2.061074e-03
      vertex   -1.508032e-02 -3.406670e-02 -3.454915e-03
    endloop
  endfacet
  facet normal -4.122991e-01 -7.903002e-01 4.532495e-01
    outer loop
      vertex   -1.508032e-02 -3.406670e-02 -3.454915e-03
      vertex   -1.479284e-02 -3.341729e-02 -2.061074e-03
      vertex   -1.931286e-02 -3.185859e-02 -3.454915e-03
    endloop
  endfacet
  facet normal -2.044603e-02 -1.487559e-01 9.886625e-01
    outer loop
      vertex   -2.217878e-03 -3.242423e-02 0.000000e+00
      vertex   -6.612320e-03 -3.182023e-02 0.000000e+00
      vertex   -5.433592e-03 -3.360869e-02 -2.447174e-04
    endloop
  endfacet
  facet normal -3.626930e-02 -1.589062e-01 9.866273e-01
    outer loop
      vertex   -5.433592e-03 -3.360869e-02 -2.447174e-04
      vertex   -6.612320e-03 -3.182023e-02 0.000000e+00
      vertex   -9.686766e-03 -3.263793e-02 -2.447174e-04
    endloop
  endfacet
  facet normal -1.011874e-01 -4.433310e-01 8.906283e-01
    outer loop
      vertex   -5.433592e-03 -3.360869e-02 -2.447174e-04
      vertex   -9.686766e-03 -3.263793e-02 -2.447174e-04
      vertex   -1.008335e-02 -3.397416e-02 -9.549150e-04
    endloop
  endfacet
  facet normal -1.570486e-01 -4.267517e-01 8.906283e-01
    outer loop
      vertex   -1.008335e-02 -3.397416e-02 -9.549150e-04
      vertex   -9.686766e-03 -3.263793e-02 -2.447174e-04
      vertex   -1.434509e-02 -3.240580e-02 -9.549150e-04
    endloop
  endfacet
  facet normal -2.444610e-01 -6.642795e-01 7.063792e-01
    outer loop
      vertex   -1.008335e-02 -3.397416e-02 -9.549150e-04
      vertex   -1.434509e-02 -3.240580e-02 -9.549150e-04
      vertex   -1.479284e-02 -3.341729e-02 -2.061074e-03
    endloop
  endfacet
  facet normal -3.274001e-01 -6.275647e-01 7.063792e-01
    outer loop
      vertex   -1.479284e-02 -3.341729e-02 -2.061074e-03
      vertex   -1.434509e-02 -3.240580e-02 -9.549150e-04
      vertex   -1.894470e-02 -3.125126e-02 -2.061074e-03
    endloop
  endfacet
  facet normal -4.122991e-01 -7.903002e-01 4.532495e-01
    outer loop
      vertex   -1.479284e-02 -3.341729e-02 -2.061074e-03
      vertex   -1.894470e-02 -3.125126e-02 -2.061074e-03
      vertex   -1.931286e-02 -3.185859e-02 -3.454915e-03
    endloop
  endfacet
  facet normal -5.099755e-01 -7.310882e-01 4.532495e-01
    outer loop
      vertex   -1.931286e-02 -3.185859e-02 -3.454915e-03
      vertex   -1.894470e-02 -3.125126e-02 -2.061074e-03
      vertex   -2.322829e-02 -2.912735e-02 -3.454915e-03
    endloop
  endfacet
  facet normal -4.037513e-02 -1.441007e-01 9.887390e-01
    outer loop
      vertex   -6.612320e-03 -3.182023e-02 0.000000e+00
      vertex   -1.088359e-02 -3.062348e-02 0.000000e+00
      vertex   -9.686766e-03 -3.263793e-02 -2.447174e-04
    endloop
  endfacet
  facet normal -5.644655e-02 -1.533835e-01 9.865532e-01
    outer loop
      vertex   -9.686766e-03 -3.263793e-02 -2.447174e-04
      vertex   -1.088359e-02 -3.062348e-02 0.000000e+00
      vertex   -1.378088e-02 -3.113126e-02 -2.447174e-04
    endloop
  endfacet
  facet normal -1.570486e-01 -4.267517e-01 8.906283e-01
    outer loop
      vertex   -9.686766e-03 -3.263793e-02 -2.447174e-04
      vertex   -1.378088e-02 -3.113126e-02 -2.447174e-04
      vertex   -1.434509e-02 -3.240580e-02 -9.549150e-04
    endloop
  endfacet
  facet normal -2.103310e-01 -4.031651e-01 8.906283e-01
    outer loop
      vertex   -1.434509e-02 -3.240580e-02 -9.549150e-04
      vertex   -1.378088e-02 -3.113126e-02 -2.447174e-04
      vertex   -1.837128e-02 -3.030534e-02 -9.549150e-04
    endloop
  endfacet
  facet normal -3.274001e-01 -6.275647e-01 7.063792e-01
    outer loop
      vertex   -1.434509e-02 -3.240580e-02 -9.549150e-04
      vertex   -1.837128e-02 -3.030534e-02 -9.549150e-04
      vertex   -1.894470e-02 -3.125126e-02 -2.061074e-03
    endloop
  endfacet
  facet normal -4.049634e-01 -5.805455e-01 7.063792e-01
    outer loop
      vertex   -1.894470e-02 -3.125126e-02 -2.061074e-03
      vertex   -1.837128e-02 -3.030534e-02 -9.549150e-04
      vertex   -2.278549e-02 -2.857210e-02 -2.061074e-03
    endloop
  endfacet
  facet normal -5.099755e-01 -7.310882e-01 4.532495e-01
    outer loop
      vertex   -1.894470e-02 -3.125126e-02 -2.061074e-03
      vertex   -2.278549e-02 -2.857210e-02 -2.061074e-03
      vertex   -2.322829e-02 -2.912735e-02 -3.454915e-03
    endloop
  endfacet
  facet normal -5.992780e-01 -6.598717e-01 4.532495e-01
    outer loop
      vertex   -2.322829e-02 -2.912735e-02 -3.454915e-03
      vertex   -2.278549e-02 -2.857210e-02 -2.061074e-03
      vertex   -2.676231e-02 -2.591785e-02 -3.454915e-03
    endloop
  endfacet
  facet normal -5.950656e-02 -1.369978e-01 9.887824e-01
    outer loop
      vertex   -1.088359e-02 -3.062348e-02 0.000000e+00
      vertex   -1.495211e-02 -2.885627e-02 0.000000e+00
      vertex   -1.378088e-02 -3.113126e-02 -2.447174e-04
    endloop
  endfacet
  facet normal -7.569184e-02 -1.450871e-01 9.865194e-01
    outer loop
      vertex   -1.378088e-02 -3.113126e-02 -2.447174e-04
      vertex   -1.495211e-02 -2.885627e-02 0.000000e+00
      vertex   -1.764872e-02 -2.911341e-02 -2.447174e-04
    endloop
  endfacet
  facet normal -2.103310e-01 -4.031651e-01 8.906283e-01
    outer loop
      vertex   -1.378088e-02 -3.113126e-02 -2.447174e-04
      vertex   -1.764872e-02 -2.911341e-02 -2.447174e-04
      vertex   -1.837128e-02 -3.030534e-02 -9.549150e-04
    endloop
  endfacet
  facet normal -2.601598e-01 -3.729586e-01 8.906283e-01
    outer loop
      vertex   -1.837128e-02 -3.030534e-02 -9.549150e-04
      vertex   -1.764872e-02 -2.911341e-02 -2.447174e-04
      vertex   -2.209581e-02 -2.770727e-02 -9.549150e-04
    endloop
  endfacet
  facet normal -4.049634e-01 -5.805455e-01 7.063792e-01
    outer loop
      vertex   -1.837128e-02 -3.030534e-02 -9.549150e-04
      vertex   -2.209581e-02 -2.770727e-02 -9.549150e-04
      vertex   -2.278549e-02 -2.857210e-02 -2.061074e-03
    endloop
  endfacet
  facet normal -4.758771e-01 -5.239936e-01 7.063792e-01
    outer loop
      vertex   -2.278549e-02 -2.857210e-02 -2.061074e-03
      vertex   -2.209581e-02 -2.770727e-02 -9.549150e-04
      vertex   -2.625214e-02 -2.542378e-02 -2.061074e-03
    endloop
  endfacet
  facet normal -5.992780e-01 -6.598717e-01 4.532495e-01
    outer loop
      vertex   -2.278549e-02 -2.857210e-02 -2.061074e-03
      vertex   -2.625214e-02 -2.542378e-02 -2.061074e-03
      vertex   -2.676231e-02 -2.591785e-02 -3.454915e-03
    endloop
  endfacet
  facet normal -6.787405e-01 -5.778202e-01 4.532495e-01
    outer loop
      vertex   -2.676231e-02 -2.591785e-02 -3.454915e-03
      vertex   -2.625214e-02 -2.542378e-02 -2.061074e-03
      vertex   -2.985689e-02 -2.228278e-02 -3.454915e-03
    endloop
  endfacet
  facet normal -7.756970e-02 -1.275579e-01 9.887932e-01
    outer loop
      vertex   -1.495211e-02 -2.885627e-02 0.000000e+00
      vertex   -1.874211e-02 -2.655152e-02 0.000000e+00
      vertex   -1.764872e-02 -2.911341e-02 -2.447174e-04
    endloop
  endfacet
  facet normal -9.360034e-02 -1.341831e-01 9.865262e-01
    outer loop
      vertex   -1.764872e-02 -2.911341e-02 -2.447174e-04
      vertex   -1.874211e-02 -2.655152e-02 0.000000e+00
      vertex   -2.122676e-02 -2.661752e-02 -2.447174e-04
    endloop
  endfacet
  facet normal -2.601598e-01 -3.729586e-01 8.906283e-01
    outer loop
      vertex   -1.764872e-02 -2.911341e-02 -2.447174e-04
      vertex   -2.122676e-02 -2.661752e-02 -2.447174e-04
      vertex   -2.209581e-02 -2.770727e-02 -9.549150e-04
    endloop
  endfacet
  facet normal -3.057168e-01 -3.366281e-01 8.906283e-01
    outer loop
      vertex   -2.209581e-02 -2.770727e-02 -9.549150e-04
      vertex   -2.122676e-02 -2.661752e-02 -2.447174e-04
      vertex   -2.545753e-02 -2.465424e-02 -9.549150e-04
    endloop
  endfacet
  facet normal -4.758771e-01 -5.239936e-01 7.063792e-01
    outer loop
      vertex   -2.209581e-02 -2.770727e-02 -9.549150e-04
      vertex   -2.545753e-02 -2.465424e-02 -9.549150e-04
      vertex   -2.625214e-02 -2.542378e-02 -2.061074e-03
    endloop
  endfacet
  facet normal -5.389770e-01 -4.588378e-01 7.063792e-01
    outer loop
      vertex   -2.625214e-02 -2.542378e-02 -2.061074e-03
      vertex   -2.545753e-02 -2.465424e-02 -9.549150e-04
      vertex   -2.928773e-02 -2.185800e-02 -2.061074e-03
    endloop
  endfacet
  facet normal -6.787405e-01 -5.778202e-01 4.532495e-01
    outer loop
      vertex   -2.625214e-02 -2.542378e-02 -2.061074e-03
      vertex   -2.928773e-02 -2.185800e-02 -2.061074e-03
      vertex   -2.985689e-02 -2.228278e-02 -3.454915e-03
    endloop
  endfacet
  facet normal -7.470581e-01 -4.862809e-01 4.532495e-01
    outer loop
      vertex   -2.985689e-02 -2.228278e-02 -3.454915e-03
      vertex   -2.928773e-02 -2.185800e-02 -2.061074e-03
      vertex   -3.246122e-02 -1.828182e-02 -3.454915e-03
    endloop
  endfacet
  facet normal -9.430664e-02 -1.159184e-01 9.887715e-01
    outer loop
      vertex   -1.874211e-02 -2.655152e-02 0.000000e+00
      vertex   -2.218298e-02 -2.375217e-02 0.000000e+00
      vertex   -2.122676e-02 -2.661752e-02 -2.447174e-04
    endloop
  endfacet
  facet normal -1.097988e-01 -1.209007e-01 9.865735e-01
    outer loop
      vertex   -2.122676e-02 -2.661752e-02 -2.447174e-04
      vertex   -2.218298e-02 -2.375217e-02 0.000000e+00
      vertex   -2.445626e-02 -2.368457e-02 -2.447174e-04
    endloop
  endfacet
  facet normal -3.057168e-01 -3.366281e-01 8.906283e-01
    outer loop
      vertex   -2.122676e-02 -2.661752e-02 -2.447174e-04
      vertex   -2.445626e-02 -2.368457e-02 -2.447174e-04
      vertex   -2.545753e-02 -2.465424e-02 -9.549150e-04
    endloop
  endfacet
  facet normal -3.462539e-01 -2.947702e-01 8.906283e-01
    outer loop
      vertex   -2.545753e-02 -2.465424e-02 -9.549150e-04
      vertex   -2.445626e-02 -2.368457e-02 -2.447174e-04
      vertex   -2.840124e-02 -2.119639e-02 -9.549150e-04
    endloop
  endfacet
  facet normal -5.389770e-01 -4.588378e-01 7.063792e-01
    outer loop
      vertex   -2.545753e-02 -2.465424e-02 -9.549150e-04
      vertex   -2.840124e-02 -2.119639e-02 -9.549150e-04
      vertex   -2.928773e-02 -2.185800e-02 -2.061074e-03
    endloop
  endfacet
  facet normal -5.932269e-01 -3.861479e-01 7.063792e-01
    outer loop
      vertex   -2.928773e-02 -2.185800e-02 -2.061074e-03
      vertex   -2.840124e-02 -2.119639e-02 -9.549150e-04
      vertex   -3.184242e-02 -1.793331e-02 -2.061074e-03
    endloop
  endfacet
  facet normal -7.470581e-01 -4.862809e-01 4.532495e-01
    outer loop
      vertex   -2.928773e-02 -2.185800e-02 -2.061074e-03
      vertex   -3.184242e-02 -1.793331e-02 -2.061074e-03
      vertex   -3.246122e-02 -1.828182e-02 -3.454915e-03
    endloop
  endfacet
  facet normal -8.031090e-01 -3.867569e-01 4.532495e-01
    outer loop
      vertex   -3.246122e-02 -1.828182e-02 -3.454915e-03
      vertex   -3.184242e-02 -1.793331e-02 -2.061074e-03
      vertex   -3.453255e-02 -1.398068e-02 -3.454915e-03
    endloop
  endfacet
  facet normal -1.094748e-01 -1.022423e-01 9.887172e-01
    outer loop
      vertex   -2.218298e-02 -2.375217e-02 0.000000e+00
      vertex   -2.521062e-02 -2.051036e-02 0.000000e+00
      vertex   -2.445626e-02 -2.368457e-02 -2.447174e-04
    endloop
  endfacet
  facet normal -1.239559e-01 -1.055252e-01 9.866607e-01
    outer loop
      vertex   -2.445626e-02 -2.368457e-02 -2.447174e-04
      vertex   -2.521062e-02 -2.051036e-02 0.000000e+00
      vertex   -2.728419e-02 -2.036272e-02 -2.447174e-04
    endloop
  endfacet
  facet normal -3.462539e-01 -2.947702e-01 8.906283e-01
    outer loop
      vertex   -2.445626e-02 -2.368457e-02 -2.447174e-04
      vertex   -2.728419e-02 -2.036272e-02 -2.447174e-04
      vertex   -2.840124e-02 -2.119639e-02 -9.549150e-04
    endloop
  endfacet
  facet normal -3.811055e-01 -2.480722e-01 8.906283e-01
    outer loop
      vertex   -2.840124e-02 -2.119639e-02 -9.549150e-04
      vertex   -2.728419e-02 -2.036272e-02 -2.447174e-04
      vertex   -3.087860e-02 -1.739050e-02 -9.549150e-04
    endloop
  endfacet
  facet normal -5.932269e-01 -3.861479e-01 7.063792e-01
    outer loop
      vertex   -2.840124e-02 -2.119639e-02 -9.549150e-04
      vertex   -3.087860e-02 -1.739050e-02 -9.549150e-04
      vertex   -3.184242e-02 -1.793331e-02 -2.061074e-03
    endloop
  endfacet
  facet normal -6.377360e-01 -3.071175e-01 7.063792e-01
    outer loop
      vertex   -3.184242e-02 -1.793331e-02 -2.061074e-03
      vertex   -3.087860e-02 -1.739050e-02 -9.549150e-04
      vertex   -3.387425e-02 -1.371416e-02 -2.061074e-03
    endloop
  endfacet
  facet normal -8.031090e-01 -3.867569e-01 4.532495e-01
    outer loop
      vertex   -3.184242e-02 -1.793331e-02 -2.061074e-03
      vertex   -3.387425e-02 -1.371416e-02 -2.061074e-03
      vertex   -3.453255e-02 -1.398068e-02 -3.454915e-03
    endloop
  endfacet
  facet normal -8.459728e-01 -2.808823e-01 4.532495e-01
    outer loop
      vertex   -3.453255e-02 -1.398068e-02 -3.454915e-03
      vertex   -3.387425e-02 -1.371416e-02 -2.061074e-03
      vertex   -3.603684e-02 -9.449973e-03 -3.454915e-03
    endloop
  endfacet
  facet normal -1.228491e-01 -8.671637e-02 9.886295e-01
    outer loop
      vertex   -2.521062e-02 -2.051036e-02 0.000000e+00
      vertex   -2.776863e-02 -1.688648e-02 0.000000e+00
      vertex   -2.728419e-02 -2.036272e-02 -2.447174e-04
    endloop
  endfacet
  facet normal -1.357910e-01 -8.839017e-02 9.867867e-01
    outer loop
      vertex   -2.728419e-02 -2.036272e-02 -2.447174e-04
      vertex   -2.776863e-02 -1.688648e-02 0.000000e+00
      vertex   -2.966412e-02 -1.670652e-02 -2.447174e-04
    endloop
  endfacet
  facet normal -3.811055e-01 -2.480722e-01 8.906283e-01
    outer loop
      vertex   -2.728419e-02 -2.036272e-02 -2.447174e-04
      vertex   -2.966412e-02 -1.670652e-02 -2.447174e-04
      vertex   -3.087860e-02 -1.739050e-02 -9.549150e-04
    endloop
  endfacet
  facet normal -4.096994e-01 -1.973009e-01 8.906283e-01
    outer loop
      vertex   -3.087860e-02 -1.739050e-02 -9.549150e-04
      vertex   -2.966412e-02 -1.670652e-02 -2.447174e-04
      vertex   -3.284893e-02 -1.329906e-02 -9.549150e-04
    endloop
  endfacet
  facet normal -6.377360e-01 -3.071175e-01 7.063792e-01
    outer loop
      vertex   -3.087860e-02 -1.739050e-02 -9.549150e-04
      vertex   -3.284893e-02 -1.329906e-02 -9.549150e-04
      vertex   -3.387425e-02 -1.371416e-02 -2.061074e-03
    endloop
  endfacet
  facet normal -6.717735e-01 -2.230442e-01 7.063792e-01
    outer loop
      vertex   -3.387425e-02 -1.371416e-02 -2.061074e-03
      vertex   -3.284893e-02 -1.329906e-02 -9.549150e-04
      vertex   -3.534987e-02 -9.269828e-03 -2.061074e-03
    endloop
  endfacet
  facet normal -8.459728e-01 -2.808823e-01 4.532495e-01
    outer loop
      vertex   -3.387425e-02 -1.371416e-02 -2.061074e-03
      vertex   -3.534987e-02 -9.269828e-03 -2.061074e-03
      vertex   -3.603684e-02 -9.449973e-03 -3.454915e-03
    endloop
  endfacet
  facet normal -8.749458e-01 -1.703957e-01 4.532495e-01
    outer loop
      vertex   -3.603684e-02 -9.449973e-03 -3.454915e-03
      vertex   -3.534987e-02 -9.269828e-03 -2.061074e-03
      vertex   -3.694942e-02 -4.764100e-03 -3.454915e-03
    endloop
  endfacet
  facet normal -1.342244e-01 -6.954950e-02 9.885073e-01
    outer loop
      vertex   -2.776863e-02 -1.688648e-02 0.000000e+00
      vertex   -2.980937e-02 -1.294804e-02 0.000000e+00
      vertex   -2.966412e-02 -1.670652e-02 -2.447174e-04
    endloop
  endfacet
  facet normal -1.450817e-01 -6.986767e-02 9.869497e-01
    outer loop
      vertex   -2.966412e-02 -1.670652e-02 -2.447174e-04
      vertex   -2.980937e-02 -1.294804e-02 0.000000e+00
      vertex   -3.155696e-02 -1.277600e-02 -2.447174e-04
    endloop
  endfacet
  facet normal -4.096994e-01 -1.973009e-01 8.906283e-01
    outer loop
      vertex   -2.966412e-02 -1.670652e-02 -2.447174e-04
      vertex   -3.155696e-02 -1.277600e-02 -2.447174e-04
      vertex   -3.284893e-02 -1.329906e-02 -9.549150e-04
    endloop
  endfacet
  facet normal -4.315661e-01 -1.432898e-01 8.906283e-01
    outer loop
      vertex   -3.284893e-02 -1.329906e-02 -9.549150e-04
      vertex   -3.155696e-02 -1.277600e-02 -2.447174e-04
      vertex   -3.427989e-02 -8.989246e-03 -9.549150e-04
    endloop
  endfacet
  facet normal -6.717735e-01 -2.230442e-01 7.063792e-01
    outer loop
      vertex   -3.284893e-02 -1.329906e-02 -9.549150e-04
      vertex   -3.427989e-02 -8.989246e-03 -9.549150e-04
      vertex   -3.534987e-02 -9.269828e-03 -2.061074e-03
    endloop
  endfacet
  facet normal -6.947805e-01 -1.353085e-01 7.063792e-01
    outer loop
      vertex   -3.534987e-02 -9.269828e-03 -2.061074e-03
      vertex   -3.427989e-02 -8.989246e-03 -9.549150e-04
      vertex   -3.624505e-02 -4.673282e-03 -2.061074e-03
    endloop
  endfacet
  facet normal -8.749458e-01 -1.703957e-01 4.532495e-01
    outer loop
      vertex   -3.534987e-02 -9.269828e-03 -2.061074e-03
      vertex   -3.624505e-02 -4.673282e-03 -2.061074e-03
      vertex   -3.694942e-02 -4.764100e-03 -3.454915e-03
    endloop
  endfacet
  facet normal -8.895522e-01 -5.711115e-02 4.532495e-01
    outer loop
      vertex   -3.694942e-02 -4.764100e-03 -3.454915e-03
      vertex   -3.624505e-02 -4.673282e-03 -2.061074e-03
      vertex   -3.725528e-02 7.930235e-18 -3.454915e-03
    endloop
  endfacet
  facet normal -1.434173e-01 -5.097054e-02 9.883489e-01
    outer loop
      vertex   -2.980937e-02 -1.294804e-02 0.000000e+00
      vertex   -3.129481e-02 -8.768395e-03 0.000000e+00
      vertex   -3.155696e-02 -1.277600e-02 -2.447174e-04
    endloop
  endfacet
  facet normal -1.516686e-01 -5.035746e-02 9.871478e-01
    outer loop
      vertex   -3.155696e-02 -1.277600e-02 -2.447174e-04
      vertex   -3.129481e-02 -8.768395e-03 0.000000e+00
      vertex   -3.293164e-02 -8.635692e-03 -2.447174e-04
    endloop
  endfacet
  facet normal -4.315661e-01 -1.432898e-01 8.906283e-01
    outer loop
      vertex   -3.155696e-02 -1.277600e-02 -2.447174e-04
      vertex   -3.293164e-02 -8.635692e-03 -2.447174e-04
      vertex   -3.427989e-02 -8.989246e-03 -9.549150e-04
    endloop
  endfacet
  facet normal -4.463464e-01 -8.692596e-02 8.906283e-01
    outer loop
      vertex   -3.427989e-02 -8.989246e-03 -9.549150e-04
      vertex   -3.293164e-02 -8.635692e-03 -2.447174e-04
      vertex   -3.514797e-02 -4.531829e-03 -9.549150e-04
    endloop
  endfacet
  facet normal -6.947805e-01 -1.353085e-01 7.063792e-01
    outer loop
      vertex   -3.427989e-02 -8.989246e-03 -9.549150e-04
      vertex   -3.514797e-02 -4.531829e-03 -9.549150e-04
      vertex   -3.624505e-02 -4.673282e-03 -2.061074e-03
    endloop
  endfacet
  facet normal -7.063792e-01 -4.535105e-02 7.063792e-01
    outer loop
      vertex   -3.624505e-02 -4.673282e-03 -2.061074e-03
      vertex   -3.514797e-02 -4.531829e-03 -9.549150e-04
      vertex   -3.654508e-02 7.843261e-18 -2.061074e-03
    endloop
  endfacet
  facet normal -8.895522e-01 -5.711115e-02 4.532495e-01
    outer loop
      vertex   -3.624505e-02 -4.673282e-03 -2.061074e-03
      vertex   -3.654508e-02 7.843261e-18 -2.061074e-03
      vertex   -3.725528e-02 7.930235e-18 -3.454915e-03
    endloop
  endfacet
  facet normal -8.895522e-01 5.711115e-02 4.532495e-01
    outer loop
      vertex   -3.725528e-02 7.930235e-18 -3.454915e-03
      vertex   -3.654508e-02 7.843261e-18 -2.061074e-03
      vertex   -3.694942e-02 4.764100e-03 -3.454915e-03
    endloop
  endfacet
  facet normal -1.502677e-01 -3.122599e-02 9.881521e-01
    outer loop
      vertex   -3.129481e-02 -8.768395e-03 0.000000e+00
      vertex   -3.219729e-02 -4.425416e-03 0.000000e+00
      vertex   -3.293164e-02 -8.635692e-03 -2.447174e-04
    endloop
  endfacet
  facet normal -1.554588e-01 -3.027560e-02 9.873783e-01
    outer loop
      vertex   -3.293164e-02 -8.635692e-03 -2.447174e-04
      vertex   -3.219729e-02 -4.425416e-03 0.000000e+00
      vertex   -3.376558e-02 -4.353589e-03 -2.447174e-04
    endloop
  endfacet
  facet normal -4.463464e-01 -8.692596e-02 8.906283e-01
    outer loop
      vertex   -3.293164e-02 -8.635692e-03 -2.447174e-04
      vertex   -3.376558e-02 -4.353589e-03 -2.447174e-04
      vertex   -3.514797e-02 -4.531829e-03 -9.549150e-04
    endloop
  endfacet
  facet normal -4.537978e-01 -2.913478e-02 8.906283e-01
    outer loop
      vertex   -3.514797e-02 -4.531829e-03 -9.549150e-04
      vertex   -3.376558e-02 -4.353589e-03 -2.447174e-04
      vertex   -3.543893e-02 7.707795e-18 -9.549150e-04
    endloop
  endfacet
  facet normal -7.063792e-01 -4.535105e-02 7.063792e-01
    outer loop
      vertex   -3.514797e-02 -4.531829e-03 -9.549150e-04
      vertex   -3.543893e-02 7.707795e-18 -9.549150e-04
      vertex   -3.654508e-02 7.843261e-18 -2.061074e-03
    endloop
  endfacet
  facet normal -7.063792e-01 4.535105e-02 7.063792e-01
    outer loop
      vertex   -3.654508e-02 7.843261e-18 -2.061074e-03
      vertex   -3.543893e-02 7.707795e-18 -9.549150e-04
      vertex   -3.624505e-02 4.673282e-03 -2.061074e-03
    endloop
  endfacet
  facet normal -8.895522e-01 5.711115e-02 4.532495e-01
    outer loop
      vertex   -3.654508e-02 7.843261e-18 -2.061074e-03
      vertex   -3.624505e-02 4.673282e-03 -2.061074e-03
      vertex   -3.694942e-02 4.764100e-03 -3.454915e-03
    endloop
  endfacet
  facet normal -8.749458e-01 1.703957e-01 4.532495e-01
    outer loop
      vertex   -3.694942e-02 4.764100e-03 -3.454915e-03
      vertex   -3.624505e-02 4.673282e-03 -2.061074e-03
      vertex   -3.603684e-02 9.449973e-03 -3.454915e-03
    endloop
  endfacet
  facet normal -1.546403e-01 -1.057769e-02 9.879142e-01
    outer loop
      vertex   -3.219729e-02 -4.425416e-03 0.000000e+00
      vertex   -3.250000e-02 7.347881e-18 0.000000e+00
      vertex   -3.376558e-02 -4.353589e-03 -2.447174e-04
    endloop
  endfacet
  facet normal -1.564266e-01 -1.004292e-02 9.876385e-01
    outer loop
      vertex   -3.376558e-02 -4.353589e-03 -2.447174e-04
      vertex   -3.250000e-02 7.347881e-18 0.000000e+00
      vertex   -3.404508e-02 7.537099e-18 -2.447174e-04
    endloop
  endfacet
  facet normal -4.537978e-01 -2.913478e-02 8.906283e-01
    outer loop
      vertex   -3.376558e-02 -4.353589e-03 -2.447174e-04
      vertex   -3.404508e-02 7.537099e-18 -2.447174e-04
      vertex   -3.543893e-02 7.707795e-18 -9.549150e-04
    endloop
  endfacet
  facet normal -4.537978e-01 2.913478e-02 8.906283e-01
    outer loop
      vertex   -3.543893e-02 7.707795e-18 -9.549150e-04
      vertex   -3.404508e-02 7.537099e-18 -2.447174e-04
      vertex   -3.514797e-02 4.531829e-03 -9.549150e-04
    endloop
  endfacet
  facet normal -7.063792e-01 4.535105e-02 7.063792e-01
    outer loop
      vertex   -3.543893e-02 7.707795e-18 -9.549150e-04
      vertex   -3.514797e-02 4.531829e-03 -9.549150e-04
      vertex   -3.624505e-02 4.673282e-03 -2.061074e-03
    endloop
  endfacet
  facet normal -6.947805e-01 1.353085e-01 7.063792e-01
    outer loop
      vertex   -3.624505e-02 4.673282e-03 -2.061074e-03
      vertex   -3.514797e-02 4.531829e-03 -9.549150e-04
      vertex   -3.534987e-02 9.269828e-03 -2.061074e-03
    endloop
  endfacet
  facet normal -8.749458e-01 1.703957e-01 4.532495e-01
    outer loop
      vertex   -3.624505e-02 4.673282e-03 -2.061074e-03
      vertex   -3.534987e-02 9.269828e-03 -2.061074e-03
      vertex   -3.603684e-02 9.449973e-03 -3.454915e-03
    endloop
  endfacet
  facet normal -8.459728e-01 2.808823e-01 4.532495e-01
    outer loop
      vertex   -3.603684e-02 9.449973e-03 -3.454915e-03
      vertex   -3.534987e-02 9.269828e-03 -2.061074e-03
      vertex   -3.453255e-02 1.398068e-02 -3.454915e-03
    endloop
  endfacet
  facet normal -1.564266e-01 1.004292e-02 9.876385e-01
    outer loop
      vertex   -3.404508e-02 7.537099e-18 -2.447174e-04
      vertex   -3.250000e-02 7.347881e-18 0.000000e+00
      vertex   -3.376558e-02 4.353589e-03 -2.447174e-04
    endloop
  endfacet
  facet normal -1.546403e-01 1.057769e-02 9.879142e-01
    outer loop
      vertex   -3.376558e-02 4.353589e-03 -2.447174e-04
      vertex   -3.250000e-02 7.347881e-18 0.000000e+00
      vertex   -3.219729e-02 4.425416e-03 0.000000e+00
    endloop
  endfacet
  facet normal -1.554588e-01 3.027560e-02 9.873783e-01
    outer loop
      vertex   -3.376558e-02 4.353589e-03 -2.447174e-04
      vertex   -3.219729e-02 4.425416e-03 0.000000e+00
      vertex   -3.293164e-02 8.635692e-03 -2.447174e-04
    endloop
  endfacet
  facet normal -1.502677e-01 3.122599e-02 9.881521e-01
    outer loop
      vertex   -3.293164e-02 8.635692e-03 -2.447174e-04
      vertex   -3.219729e-02 4.425416e-03 0.000000e+00
      vertex   -3.129481e-02 8.768395e-03 0.000000e+00
    endloop
  endfacet
  facet normal -1.516686e-01 5.035746e-02 9.871478e-01
    outer loop
      vertex   -3.293164e-02 8.635692e-03 -2.447174e-04
      vertex   -3.129481e-02 8.768395e-03 0.000000e+00
      vertex   -3.155696e-02 1.277600e-02 -2.447174e-04
    endloop
  endfacet
  facet normal -1.434173e-01 5.097054e-02 9.883489e-01
    outer loop
      vertex   -3.155696e-02 1.277600e-02 -2.447174e-04
      vertex   -3.129481e-02 8.768395e-03 0.000000e+00
      vertex   -2.980937e-02 1.294804e-02 0.000000e+00
    endloop
  endfacet
  facet normal -1.450817e-01 6.986767e-02 9.869497e-01
    outer loop
      vertex   -3.155696e-02 1.277600e-02 -2.447174e-04
      vertex   -2.980937e-02 1.294804e-02 0.000000e+00
      vertex   -2.966412e-02 1.670652e-02 -2.447174e-04
    endloop
  endfacet
  facet normal -1.342244e-01 6.954950e-02 9.885073e-01
    outer loop
      vertex   -2.966412e-02 1.670652e-02 -2.447174e-04
      vertex   -2.980937e-02 1.294804e-02 0.000000e+00
      vertex   -2.776863e-02 1.688648e-02 0.000000e+00
    endloop
  endfacet
  facet normal -1.357910e-01 8.839017e-02 9.867867e-01
    outer loop
      vertex   -2.966412e-02 1.670652e-02 -2.447174e-04
      vertex   -2.776863e-02 1.688648e-02 0.000000e+00
      vertex   -2.728419e-02 2.036272e-02 -2.447174e-04
    endloop
  endfacet
  facet normal -1.228491e-01 8.671637e-02 9.886295e-01
    outer loop
      vertex   -2.728419e-02 2.036272e-02 -2.447174e-04
      vertex   -2.776863e-02 1.688648e-02 0.000000e+00
      vertex   -2.521062e-02 2.051036e-02 0.000000e+00
    endloop
  endfacet
  facet normal -1.239559e-01 1.055252e-01 9.866607e-01
    outer loop
      vertex   -2.728419e-02 2.036272e-02 -2.447174e-04
      vertex   -2.521062e-02 2.051036e-02 0.000000e+00
      vertex   -2.445626e-02 2.368457e-02 -2.447174e-04
    endloop
  endfacet
  facet normal -1.094748e-01 1.022423e-01 9.887172e-01
    outer loop
      vertex   -2.445626e-02 2.368457e-02 -2.447174e-04
      vertex   -2.521062e-02 2.051036e-02 0.000000e+00
      vertex   -2.218298e-02 2.375217e-02 0.000000e+00
    endloop
  endfacet
  facet normal -1.097988e-01 1.209007e-01 9.865735e-01
    outer loop
      vertex   -2.445626e-02 2.368457e-02 -2.447174e-04
      vertex   -2.218298e-02 2.375217e-02 0.000000e+00
      vertex   -2.122676e-02 2.661752e-02 -2.447174e-04
    endloop
  endfacet
  facet normal -9.430664e-02 1.159184e-01 9.887715e-01
    outer loop
      vertex   -2.122676e-02 2.661752e-02 -2.447174e-04
      vertex   -2.218298e-02 2.375217e-02 0.000000e+00
      vertex   -1.874211e-02 2.655152e-02 0.000000e+00
    endloop
  endfacet
  facet normal -9.360034e-02 1.341831e-01 9.865262e-01
    outer loop
      vertex   -2.122676e-02 2.661752e-02 -2.447174e-04
      vertex   -1.874211e-02 2.655152e-02 0.000000e+00
      vertex   -1.764872e-02 2.911341e-02 -2.447174e-04
    endloop
  endfacet
  facet normal -7.756970e-02 1.275579e-01 9.887932e-01
    outer loop
      vertex   -1.764872e-02 2.911341e-02 -2.447174e-04
      vertex   -1.874211e-02 2.655152e-02 0.000000e+00
      vertex   -1.495211e-02 2.885627e-02 0.000000e+00
    endloop
  endfacet
  facet normal -7.569184e-02 1.450871e-01 9.865194e-01
    outer loop
      vertex   -1.764872e-02 2.911341e-02 -2.447174e-04
      vertex   -1.495211e-02 2.885627e-02 0.000000e+00
      vertex   -1.378088e-02 3.113126e-02 -2.447174e-04
    endloop
  endfacet
  facet normal -5.950656e-02 1.369978e-01 9.887824e-01
    outer loop
      vertex   -1.378088e-02 3.113126e-02 -2.447174e-04
      vertex   -1.495211e-02 2.885627e-02 0.000000e+00
      vertex   -1.088359e-02 3.062348e-02 0.000000e+00
    endloop
  endfacet
  facet normal -5.644655e-02 1.533835e-01 9.865532e-01
    outer loop
      vertex   -1.378088e-02 3.113126e-02 -2.447174e-04
      vertex   -1.088359e-02 3.062348e-02 0.000000e+00
      vertex   -9.686766e-03 3.263793e-02 -2.447174e-04
    endloop
  endfacet
  facet normal -4.037513e-02 1.441007e-01 9.887390e-01
    outer loop
      vertex   -9.686766e-03 3.263793e-02 -2.447174e-04
      vertex   -1.088359e-02 3.062348e-02 0.000000e+00
      vertex   -6.612320e-03 3.182023e-02 0.000000e+00
    endloop
  endfacet
  facet normal -3.626930e-02 1.589062e-01 9.866273e-01
    outer loop
      vertex   -9.686766e-03 3.263793e-02 -2.447174e-04
      vertex   -6.612320e-03 3.182023e-02 0.000000e+00
      vertex   -5.433592e-03 3.360869e-02 -2.447174e-04
    endloop
  endfacet
  facet normal -2.044603e-02 1.487559e-01 9.886625e-01
    outer loop
      vertex   -5.433592e-03 3.360869e-02 -2.447174e-04
      vertex   -6.612320e-03 3.182023e-02 0.000000e+00
      vertex   -2.217878e-03 3.242423e-02 0.000000e+00
    endloop
  endfacet
  facet normal -1.558511e-02 1.615559e-01 9.867405e-01
    outer loop
      vertex   -5.433592e-03 3.360869e-02 -2.447174e-04
      vertex   -2.217878e-03 3.242423e-02 0.000000e+00
      vertex   -1.091199e-03 3.402759e-02 -2.447174e-04
    endloop
  endfacet
  facet normal 0.000000e+00 1.508808e-01 9.885520e-01
    outer loop
      vertex   -1.091199e-03 3.402759e-02 -2.447174e-04
      vertex   -2.217878e-03 3.242423e-02 0.000000e+00
      vertex   2.217878e-03 3.242423e-02 0.000000e+00
    endloop
  endfacet
  facet normal 5.172669e-03 1.613029e-01 9.868914e-01
    outer loop
      vertex   -1.091199e-03 3.402759e-02 -2.447174e-04
      vertex   2.217878e-03 3.242423e-02 0.000000e+00
      vertex   3.269112e-03 3.388777e-02 -2.447174e-04
    endloop
  endfacet
  facet normal 2.067490e-02 1.504211e-01 9.884058e-01
    outer loop
      vertex   3.269112e-03 3.388777e-02 -2.447174e-04
      vertex   2.217878e-03 3.242423e-02 0.000000e+00
      vertex   6.612320e-03 3.182023e-02 0.000000e+00
    endloop
  endfacet
  facet normal 2.557434e-02 1.581863e-01 9.870780e-01
    outer loop
      vertex   3.269112e-03 3.388777e-02 -2.447174e-04
      vertex   6.612320e-03 3.182023e-02 0.000000e+00
      vertex   7.575744e-03 3.319150e-02 -2.447174e-04
    endloop
  endfacet
  facet normal 4.128604e-02 1.473518e-01 9.882221e-01
    outer loop
      vertex   7.575744e-03 3.319150e-02 -2.447174e-04
      vertex   6.612320e-03 3.182023e-02 0.000000e+00
      vertex   1.088359e-02 3.062348e-02 0.000000e+00
    endloop
  endfacet
  facet normal 4.520551e-02 1.523124e-01 9.872980e-01
    outer loop
      vertex   7.575744e-03 3.319150e-02 -2.447174e-04
      vertex   1.088359e-02 3.062348e-02 0.000000e+00
      vertex   1.175798e-02 3.195024e-02 -2.447174e-04
    endloop
  endfacet
  facet normal 6.153900e-02 1.416770e-01 9.879983e-01
    outer loop
      vertex   1.175798e-02 3.195024e-02 -2.447174e-04
      vertex   1.088359e-02 3.062348e-02 0.000000e+00
      vertex   1.495211e-02 2.885627e-02 0.000000e+00
    endloop
  endfacet
  facet normal -4.537978e-01 2.913478e-02 8.906283e-01
    outer loop
      vertex   -3.514797e-02 4.531829e-03 -9.549150e-04
      vertex   -3.404508e-02 7.537099e-18 -2.447174e-04
      vertex   -3.376558e-02 4.353589e-03 -2.447174e-04
    endloop
  endfacet
  facet normal 8.913837e-01 0.000000e+00 4.532495e-01
    outer loop
      vertex   3.717874e-02 2.386954e-03 -3.454915e-03
      vertex   3.647000e-02 2.341452e-03 -2.061074e-03
      vertex   3.717874e-02 -2.386954e-03 -3.454915e-03
    endloop
  endfacet
  facet normal 8.913837e-01 0.000000e+00 4.532495e-01
    outer loop
      vertex   3.717874e-02 -2.386954e-03 -3.454915e-03
      vertex   3.647000e-02 2.341452e-03 -2.061074e-03
      vertex   3.647000e-02 -2.341452e-03 -2.061074e-03
    endloop
  endfacet
  facet normal 8.840654e-01 -1.139876e-01 4.532495e-01
    outer loop
      vertex   3.717874e-02 -2.386954e-03 -3.454915e-03
      vertex   3.647000e-02 -2.341452e-03 -2.061074e-03
      vertex   3.656826e-02 -7.121669e-03 -3.454915e-03
    endloop
  endfacet
  facet normal 8.840654e-01 -1.139876e-01 4.532495e-01
    outer loop
      vertex   3.656826e-02 -7.121669e-03 -3.454915e-03
      vertex   3.647000e-02 -2.341452e-03 -2.061074e-03
      vertex   3.587116e-02 -6.985908e-03 -2.061074e-03
    endloop
  endfacet
  facet normal 8.622309e-01 -2.261036e-01 4.532495e-01
    outer loop
      vertex   3.656826e-02 -7.121669e-03 -3.454915e-03
      vertex   3.587116e-02 -6.985908e-03 -2.061074e-03
      vertex   3.535734e-02 -1.173945e-02 -3.454915e-03
    endloop
  endfacet
  facet normal 8.622309e-01 -2.261036e-01 4.532495e-01
    outer loop
      vertex   3.535734e-02 -1.173945e-02 -3.454915e-03
      vertex   3.587116e-02 -6.985908e-03 -2.061074e-03
      vertex   3.468332e-02 -1.151566e-02 -2.061074e-03
    endloop
  endfacet
  facet normal 8.262385e-01 -3.345069e-01 4.532495e-01
    outer loop
      vertex   3.535734e-02 -1.173945e-02 -3.454915e-03
      vertex   3.468332e-02 -1.151566e-02 -2.061074e-03
      vertex   3.356585e-02 -1.616446e-02 -3.454915e-03
    endloop
  endfacet
  facet normal 8.262385e-01 -3.345069e-01 4.532495e-01
    outer loop
      vertex   3.356585e-02 -1.616446e-02 -3.454915e-03
      vertex   3.468332e-02 -1.151566e-02 -2.061074e-03
      vertex   3.292598e-02 -1.585632e-02 -2.061074e-03
    endloop
  endfacet
  facet normal 7.766793e-01 -4.374176e-01 4.532495e-01
    outer loop
      vertex   3.356585e-02 -1.616446e-02 -3.454915e-03
      vertex   3.292598e-02 -1.585632e-02 -2.061074e-03
      vertex   3.122321e-02 -2.032406e-02 -3.454915e-03
    endloop
  endfacet
  facet normal 7.766793e-01 -4.374176e-01 4.532495e-01
    outer loop
      vertex   3.122321e-02 -2.032406e-02 -3.454915e-03
      vertex   3.292598e-02 -1.585632e-02 -2.061074e-03
      vertex   3.062800e-02 -1.993662e-02 -2.061074e-03
    endloop
  endfacet
  facet normal 7.143670e-01 -5.331460e-01 4.532495e-01
    outer loop
      vertex   3.122321e-02 -2.032406e-02 -3.454915e-03
      vertex   3.062800e-02 -1.993662e-02 -2.061074e-03
      vertex   2.836788e-02 -2.414993e-02 -3.454915e-03
    endloop
  endfacet
  facet normal 7.143670e-01 -5.331460e-01 4.532495e-01
    outer loop
      vertex   2.836788e-02 -2.414993e-02 -3.454915e-03
      vertex   3.062800e-02 -1.993662e-02 -2.061074e-03
      vertex   2.782711e-02 -2.368956e-02 -2.061074e-03
    endloop
  endfacet
  facet normal 6.403249e-01 -6.201201e-01 4.532495e-01
    outer loop
      vertex   2.836788e-02 -2.414993e-02 -3.454915e-03
      vertex   2.782711e-02 -2.368956e-02 -2.061074e-03
      vertex   2.504676e-02 -2.757927e-02 -3.454915e-03
    endloop
  endfacet
  facet normal 6.403249e-01 -6.201201e-01 4.532495e-01
    outer loop
      vertex   2.504676e-02 -2.757927e-02 -3.454915e-03
      vertex   2.782711e-02 -2.368956e-02 -2.061074e-03
      vertex   2.456929e-02 -2.705352e-02 -2.061074e-03
    endloop
  endfacet
  facet normal 5.557686e-01 -6.969118e-01 4.532495e-01
    outer loop
      vertex   2.504676e-02 -2.757927e-02 -3.454915e-03
      vertex   2.456929e-02 -2.705352e-02 -2.061074e-03
      vertex   2.131437e-02 -3.055575e-02 -3.454915e-03
    endloop
  endfacet
  facet normal 5.557686e-01 -6.969118e-01 4.532495e-01
    outer loop
      vertex   2.131437e-02 -3.055575e-02 -3.454915e-03
      vertex   2.456929e-02 -2.705352e-02 -2.061074e-03
      vertex   2.090805e-02 -2.997326e-02 -2.061074e-03
    endloop
  endfacet
  facet normal 4.620867e-01 -7.622603e-01 4.532495e-01
    outer loop
      vertex   2.131437e-02 -3.055575e-02 -3.454915e-03
      vertex   2.090805e-02 -2.997326e-02 -2.061074e-03
      vertex   1.723199e-02 -3.303051e-02 -3.454915e-03
    endloop
  endfacet
  facet normal 4.620867e-01 -7.622603e-01 4.532495e-01
    outer loop
      vertex   1.723199e-02 -3.303051e-02 -3.454915e-03
      vertex   2.090805e-02 -2.997326e-02 -2.061074e-03
      vertex   1.690350e-02 -3.240085e-02 -2.061074e-03
    endloop
  endfacet
  facet normal 3.608173e-01 -8.150925e-01 4.532495e-01
    outer loop
      vertex   1.723199e-02 -3.303051e-02 -3.454915e-03
      vertex   1.690350e-02 -3.240085e-02 -2.061074e-03
      vertex   1.286667e-02 -3.496291e-02 -3.454915e-03
    endloop
  endfacet
  facet normal 3.608173e-01 -8.150925e-01 4.532495e-01
    outer loop
      vertex   1.286667e-02 -3.496291e-02 -3.454915e-03
      vertex   1.690350e-02 -3.240085e-02 -2.061074e-03
      vertex   1.262140e-02 -3.429641e-02 -2.061074e-03
    endloop
  endfacet
  facet normal 2.536233e-01 -8.545409e-01 4.532495e-01
    outer loop
      vertex   1.286667e-02 -3.496291e-02 -3.454915e-03
      vertex   1.262140e-02 -3.429641e-02 -2.061074e-03
      vertex   8.290080e-03 -3.632121e-02 -3.454915e-03
    endloop
  endfacet
  facet normal 2.536233e-01 -8.545409e-01 4.532495e-01
    outer loop
      vertex   8.290080e-03 -3.632121e-02 -3.454915e-03
      vertex   1.262140e-02 -3.429641e-02 -2.061074e-03
      vertex   8.132046e-03 -3.562882e-02 -2.061074e-03
    endloop
  endfacet
  facet normal 1.422647e-01 -8.799577e-01 4.532495e-01
    outer loop
      vertex   8.290080e-03 -3.632121e-02 -3.454915e-03
      vertex   8.132046e-03 -3.562882e-02 -2.061074e-03
      vertex   3.577365e-03 -3.708313e-02 -3.454915e-03
    endloop
  endfacet
  facet normal 7.078336e-01 0.000000e+00 7.063792e-01
    outer loop
      vertex   3.647000e-02 2.341452e-03 -2.061074e-03
      vertex   3.536611e-02 2.270580e-03 -9.549150e-04
      vertex   3.647000e-02 -2.341452e-03 -2.061074e-03
    endloop
  endfacet
  facet normal 7.078336e-01 0.000000e+00 7.063792e-01
    outer loop
      vertex   3.647000e-02 -2.341452e-03 -2.061074e-03
      vertex   3.536611e-02 2.270580e-03 -9.549150e-04
      vertex   3.536611e-02 -2.270580e-03 -9.549150e-04
    endloop
  endfacet
  facet normal 7.020223e-01 -9.051575e-02 7.063792e-01
    outer loop
      vertex   3.647000e-02 -2.341452e-03 -2.061074e-03
      vertex   3.536611e-02 -2.270580e-03 -9.549150e-04
      vertex   3.587116e-02 -6.985908e-03 -2.061074e-03
    endloop
  endfacet
  facet normal 7.020223e-01 -9.051575e-02 7.063792e-01
    outer loop
      vertex   3.587116e-02 -6.985908e-03 -2.061074e-03
      vertex   3.536611e-02 -2.270580e-03 -9.549150e-04
      vertex   3.478540e-02 -6.774457e-03 -9.549150e-04
    endloop
  endfacet
  facet normal 6.846838e-01 -1.795452e-01 7.063792e-01
    outer loop
      vertex   3.587116e-02 -6.985908e-03 -2.061074e-03
      vertex   3.478540e-02 -6.774457e-03 -9.549150e-04
      vertex   3.468332e-02 -1.151566e-02 -2.061074e-03
    endloop
  endfacet
  facet normal 6.846838e-01 -1.795452e-01 7.063792e-01
    outer loop
      vertex   3.468332e-02 -1.151566e-02 -2.061074e-03
      vertex   3.478540e-02 -6.774457e-03 -9.549150e-04
      vertex   3.363352e-02 -1.116710e-02 -9.549150e-04
    endloop
  endfacet
  facet normal 6.561028e-01 -2.656266e-01 7.063792e-01
    outer loop
      vertex   3.468332e-02 -1.151566e-02 -2.061074e-03
      vertex   3.363352e-02 -1.116710e-02 -9.549150e-04
      vertex   3.292598e-02 -1.585632e-02 -2.061074e-03
    endloop
  endfacet
  facet normal 6.561028e-01 -2.656266e-01 7.063792e-01
    outer loop
      vertex   3.292598e-02 -1.585632e-02 -2.061074e-03
      vertex   3.363352e-02 -1.116710e-02 -9.549150e-04
      vertex   3.192937e-02 -1.537637e-02 -9.549150e-04
    endloop
  endfacet
  facet normal 6.167486e-01 -3.473464e-01 7.063792e-01
    outer loop
      vertex   3.292598e-02 -1.585632e-02 -2.061074e-03
      vertex   3.192937e-02 -1.537637e-02 -9.549150e-04
      vertex   3.062800e-02 -1.993662e-02 -2.061074e-03
    endloop
  endfacet
  facet normal 6.167486e-01 -3.473464e-01 7.063792e-01
    outer loop
      vertex   3.062800e-02 -1.993662e-02 -2.061074e-03
      vertex   3.192937e-02 -1.537637e-02 -9.549150e-04
      vertex   2.970094e-02 -1.933317e-02 -9.549150e-04
    endloop
  endfacet
  facet normal 5.672675e-01 -4.233627e-01 7.063792e-01
    outer loop
      vertex   3.062800e-02 -1.993662e-02 -2.061074e-03
      vertex   2.970094e-02 -1.933317e-02 -9.549150e-04
      vertex   2.782711e-02 -2.368956e-02 -2.061074e-03
    endloop
  endfacet
  facet normal 5.672675e-01 -4.233627e-01 7.063792e-01
    outer loop
      vertex   2.782711e-02 -2.368956e-02 -2.061074e-03
      vertex   2.970094e-02 -1.933317e-02 -9.549150e-04
      vertex   2.698483e-02 -2.297252e-02 -9.549150e-04
    endloop
  endfacet
  facet normal 5.084718e-01 -4.924275e-01 7.063792e-01
    outer loop
      vertex   2.782711e-02 -2.368956e-02 -2.061074e-03
      vertex   2.698483e-02 -2.297252e-02 -9.549150e-04
      vertex   2.456929e-02 -2.705352e-02 -2.061074e-03
    endloop
  endfacet
  facet normal 5.084718e-01 -4.924275e-01 7.063792e-01
    outer loop
      vertex   2.456929e-02 -2.705352e-02 -2.061074e-03
      vertex   2.698483e-02 -2.297252e-02 -9.549150e-04
      vertex   2.382562e-02 -2.623466e-02 -9.549150e-04
    endloop
  endfacet
  facet normal 4.413270e-01 -5.534066e-01 7.063792e-01
    outer loop
      vertex   2.456929e-02 -2.705352e-02 -2.061074e-03
      vertex   2.382562e-02 -2.623466e-02 -9.549150e-04
      vertex   2.090805e-02 -2.997326e-02 -2.061074e-03
    endloop
  endfacet
  facet normal 4.413270e-01 -5.534066e-01 7.063792e-01
    outer loop
      vertex   2.090805e-02 -2.997326e-02 -2.061074e-03
      vertex   2.382562e-02 -2.623466e-02 -9.549150e-04
      vertex   2.027520e-02 -2.906602e-02 -9.549150e-04
    endloop
  endfacet
  facet normal 3.669357e-01 -6.052988e-01 7.063792e-01
    outer loop
      vertex   2.090805e-02 -2.997326e-02 -2.061074e-03
      vertex   2.027520e-02 -2.906602e-02 -9.549150e-04
      vertex   1.690350e-02 -3.240085e-02 -2.061074e-03
    endloop
  endfacet
  facet normal 3.669357e-01 -6.052988e-01 7.063792e-01
    outer loop
      vertex   1.690350e-02 -3.240085e-02 -2.061074e-03
      vertex   2.027520e-02 -2.906602e-02 -9.549150e-04
      vertex   1.639186e-02 -3.142013e-02 -9.549150e-04
    endloop
  endfacet
  facet normal 2.865192e-01 -6.472519e-01 7.063792e-01
    outer loop
      vertex   1.690350e-02 -3.240085e-02 -2.061074e-03
      vertex   1.639186e-02 -3.142013e-02 -9.549150e-04
      vertex   1.262140e-02 -3.429641e-02 -2.061074e-03
    endloop
  endfacet
  facet normal 2.865192e-01 -6.472519e-01 7.063792e-01
    outer loop
      vertex   1.262140e-02 -3.429641e-02 -2.061074e-03
      vertex   1.639186e-02 -3.142013e-02 -9.549150e-04
      vertex   1.223937e-02 -3.325831e-02 -9.549150e-04
    endloop
  endfacet
  facet normal 2.013982e-01 -6.785773e-01 7.063792e-01
    outer loop
      vertex   1.262140e-02 -3.429641e-02 -2.061074e-03
      vertex   1.223937e-02 -3.325831e-02 -9.549150e-04
      vertex   8.132046e-03 -3.562882e-02 -2.061074e-03
    endloop
  endfacet
  facet normal 8.840654e-01 1.139876e-01 4.532495e-01
    outer loop
      vertex   3.647000e-02 2.341452e-03 -2.061074e-03
      vertex   3.717874e-02 2.386954e-03 -3.454915e-03
      vertex   3.587116e-02 6.985908e-03 -2.061074e-03
    endloop
  endfacet
  facet normal 8.840654e-01 1.139876e-01 4.532495e-01
    outer loop
      vertex   3.587116e-02 6.985908e-03 -2.061074e-03
      vertex   3.717874e-02 2.386954e-03 -3.454915e-03
      vertex   3.656826e-02 7.121669e-03 -3.454915e-03
    endloop
  endfacet
  facet normal 8.622309e-01 2.261036e-01 4.532495e-01
    outer loop
      vertex   3.587116e-02 6.985908e-03 -2.061074e-03
      vertex   3.656826e-02 7.121669e-03 -3.454915e-03
      vertex   3.468332e-02 1.151566e-02 -2.061074e-03
    endloop
  endfacet
  facet normal 8.622309e-01 2.261036e-01 4.532495e-01
    outer loop
      vertex   3.468332e-02 1.151566e-02 -2.061074e-03
      vertex   3.656826e-02 7.121669e-03 -3.454915e-03
      vertex   3.535734e-02 1.173945e-02 -3.454915e-03
    endloop
  endfacet
  facet normal 8.262385e-01 3.345069e-01 4.532495e-01
    outer loop
      vertex   3.468332e-02 1.151566e-02 -2.061074e-03
      vertex   3.535734e-02 1.173945e-02 -3.454915e-03
      vertex   3.292598e-02 1.585632e-02 -2.061074e-03
    endloop
  endfacet
  facet normal 8.262385e-01 3.345069e-01 4.532495e-01
    outer loop
      vertex   3.292598e-02 1.585632e-02 -2.061074e-03
      vertex   3.535734e-02 1.173945e-02 -3.454915e-03
      vertex   3.356585e-02 1.616446e-02 -3.454915e-03
    endloop
  endfacet
  facet normal 7.766793e-01 4.374176e-01 4.532495e-01
    outer loop
      vertex   3.292598e-02 1.585632e-02 -2.061074e-03
      vertex   3.356585e-02 1.616446e-02 -3.454915e-03
      vertex   3.062800e-02 1.993662e-02 -2.061074e-03
    endloop
  endfacet
  facet normal 7.766793e-01 4.374176e-01 4.532495e-01
    outer loop
      vertex   3.062800e-02 1.993662e-02 -2.061074e-03
      vertex   3.356585e-02 1.616446e-02 -3.454915e-03
      vertex   3.122321e-02 2.032406e-02 -3.454915e-03
    endloop
  endfacet
  facet normal 7.143670e-01 5.331460e-01 4.532495e-01
    outer loop
      vertex   3.062800e-02 1.993662e-02 -2.061074e-03
      vertex   3.122321e-02 2.032406e-02 -3.454915e-03
      vertex   2.782711e-02 2.368956e-02 -2.061074e-03
    endloop
  endfacet
  facet normal 7.143670e-01 5.331460e-01 4.532495e-01
    outer loop
      vertex   2.782711e-02 2.368956e-02 -2.061074e-03
      vertex   3.122321e-02 2.032406e-02 -3.454915e-03
      vertex   2.836788e-02 2.414993e-02 -3.454915e-03
    endloop
  endfacet
  facet normal 6.403249e-01 6.201201e-01 4.532495e-01
    outer loop
      vertex   2.782711e-02 2.368956e-02 -2.061074e-03
      vertex   2.836788e-02 2.414993e-02 -3.454915e-03
      vertex   2.456929e-02 2.705352e-02 -2.061074e-03
    endloop
  endfacet
  facet normal 6.403249e-01 6.201201e-01 4.532495e-01
    outer loop
      vertex   2.456929e-02 2.705352e-02 -2.061074e-03
      vertex   2.836788e-02 2.414993e-02 -3.454915e-03
      vertex   2.504676e-02 2.757927e-02 -3.454915e-03
    endloop
  endfacet
  facet normal 5.557686e-01 6.969118e-01 4.532495e-01
    outer loop
      vertex   2.456929e-02 2.705352e-02 -2.061074e-03
      vertex   2.504676e-02 2.757927e-02 -3.454915e-03
      vertex   2.090805e-02 2.997326e-02 -2.061074e-03
    endloop
  endfacet
  facet normal 5.557686e-01 6.969118e-01 4.532495e-01
    outer loop
      vertex   2.090805e-02 2.997326e-02 -2.061074e-03
      vertex   2.504676e-02 2.757927e-02 -3.454915e-03
      vertex   2.131437e-02 3.055575e-02 -3.454915e-03
    endloop
  endfacet
  facet normal 4.620867e-01 7.622603e-01 4.532495e-01
    outer loop
      vertex   2.090805e-02 2.997326e-02 -2.061074e-03
      vertex   2.131437e-02 3.055575e-02 -3.454915e-03
      vertex   1.690350e-02 3.240085e-02 -2.061074e-03
    endloop
  endfacet
  facet normal 4.620867e-01 7.622603e-01 4.532495e-01
    outer loop
      vertex   1.690350e-02 3.240085e-02 -2.061074e-03
      vertex   2.131437e-02 3.055575e-02 -3.454915e-03
      vertex   1.723199e-02 3.303051e-02 -3.454915e-03
    endloop
  endfacet
  facet normal 4.547321e-01 0.000000e+00 8.906283e-01
    outer loop
      vertex   3.536611e-02 2.270580e-03 -9.549150e-04
      vertex   3.397514e-02 2.181276e-03 -2.447174e-04
      vertex   3.536611e-02 -2.270580e-03 -9.549150e-04
    endloop
  endfacet
  facet normal 4.547321e-01 0.000000e+00 8.906283e-01
    outer loop
      vertex   3.536611e-02 -2.270580e-03 -9.549150e-04
      vertex   3.397514e-02 2.181276e-03 -2.447174e-04
      vertex   3.397514e-02 -2.181276e-03 -2.447174e-04
    endloop
  endfacet
  facet normal 4.509987e-01 -5.814985e-02 8.906283e-01
    outer loop
      vertex   3.536611e-02 -2.270580e-03 -9.549150e-04
      vertex   3.397514e-02 -2.181276e-03 -2.447174e-04
      vertex   3.478540e-02 -6.774457e-03 -9.549150e-04
    endloop
  endfacet
  facet normal 4.509987e-01 -5.814985e-02 8.906283e-01
    outer loop
      vertex   3.478540e-02 -6.774457e-03 -9.549150e-04
      vertex   3.397514e-02 -2.181276e-03 -2.447174e-04
      vertex   3.341726e-02 -6.508012e-03 -2.447174e-04
    endloop
  endfacet
  facet normal 4.398600e-01 -1.153449e-01 8.906283e-01
    outer loop
      vertex   3.478540e-02 -6.774457e-03 -9.549150e-04
      vertex   3.341726e-02 -6.508012e-03 -2.447174e-04
      vertex   3.363352e-02 -1.116710e-02 -9.549150e-04
    endloop
  endfacet
  facet normal 4.398600e-01 -1.153449e-01 8.906283e-01
    outer loop
      vertex   3.363352e-02 -1.116710e-02 -9.549150e-04
      vertex   3.341726e-02 -6.508012e-03 -2.447174e-04
      vertex   3.231068e-02 -1.072789e-02 -2.447174e-04
    endloop
  endfacet
  facet normal 4.214988e-01 -1.706459e-01 8.906283e-01
    outer loop
      vertex   3.363352e-02 -1.116710e-02 -9.549150e-04
      vertex   3.231068e-02 -1.072789e-02 -2.447174e-04
      vertex   3.192937e-02 -1.537637e-02 -9.549150e-04
    endloop
  endfacet
  facet normal 4.214988e-01 -1.706459e-01 8.906283e-01
    outer loop
      vertex   3.192937e-02 -1.537637e-02 -9.549150e-04
      vertex   3.231068e-02 -1.072789e-02 -2.447174e-04
      vertex   3.067356e-02 -1.477161e-02 -2.447174e-04
    endloop
  endfacet
  facet normal 3.962166e-01 -2.231450e-01 8.906283e-01
    outer loop
      vertex   3.192937e-02 -1.537637e-02 -9.549150e-04
      vertex   3.067356e-02 -1.477161e-02 -2.447174e-04
      vertex   2.970094e-02 -1.933317e-02 -9.549150e-04
    endloop
  endfacet
  facet normal 3.962166e-01 -2.231450e-01 8.906283e-01
    outer loop
      vertex   2.970094e-02 -1.933317e-02 -9.549150e-04
      vertex   3.067356e-02 -1.477161e-02 -2.447174e-04
      vertex   2.853278e-02 -1.857278e-02 -2.447174e-04
    endloop
  endfacet
  facet normal 3.644285e-01 -2.719800e-01 8.906283e-01
    outer loop
      vertex   2.970094e-02 -1.933317e-02 -9.549150e-04
      vertex   2.853278e-02 -1.857278e-02 -2.447174e-04
      vertex   2.698483e-02 -2.297252e-02 -9.549150e-04
    endloop
  endfacet
  facet normal 3.644285e-01 -2.719800e-01 8.906283e-01
    outer loop
      vertex   2.698483e-02 -2.297252e-02 -9.549150e-04
      vertex   2.853278e-02 -1.857278e-02 -2.447174e-04
      vertex   2.592349e-02 -2.206899e-02 -2.447174e-04
    endloop
  endfacet
  facet normal 3.266565e-01 -3.163492e-01 8.906283e-01
    outer loop
      vertex   2.698483e-02 -2.297252e-02 -9.549150e-04
      vertex   2.592349e-02 -2.206899e-02 -2.447174e-04
      vertex   2.382562e-02 -2.623466e-02 -9.549150e-04
    endloop
  endfacet
  facet normal 3.266565e-01 -3.163492e-01 8.906283e-01
    outer loop
      vertex   2.382562e-02 -2.623466e-02 -9.549150e-04
      vertex   2.592349e-02 -2.206899e-02 -2.447174e-04
      vertex   2.288854e-02 -2.520283e-02 -2.447174e-04
    endloop
  endfacet
  facet normal 2.835208e-01 -3.555239e-01 8.906283e-01
    outer loop
      vertex   2.382562e-02 -2.623466e-02 -9.549150e-04
      vertex   2.288854e-02 -2.520283e-02 -2.447174e-04
      vertex   2.027520e-02 -2.906602e-02 -9.549150e-04
    endloop
  endfacet
  facet normal 2.835208e-01 -3.555239e-01 8.906283e-01
    outer loop
      vertex   2.027520e-02 -2.906602e-02 -9.549150e-04
      vertex   2.288854e-02 -2.520283e-02 -2.447174e-04
      vertex   1.947776e-02 -2.792283e-02 -2.447174e-04
    endloop
  endfacet
  facet normal 2.357297e-01 -3.888608e-01 8.906283e-01
    outer loop
      vertex   2.027520e-02 -2.906602e-02 -9.549150e-04
      vertex   1.947776e-02 -2.792283e-02 -2.447174e-04
      vertex   1.639186e-02 -3.142013e-02 -9.549150e-04
    endloop
  endfacet
  facet normal 2.357297e-01 -3.888608e-01 8.906283e-01
    outer loop
      vertex   1.639186e-02 -3.142013e-02 -9.549150e-04
      vertex   1.947776e-02 -2.792283e-02 -2.447174e-04
      vertex   1.574716e-02 -3.018435e-02 -2.447174e-04
    endloop
  endfacet
  facet normal 1.840680e-01 -4.158127e-01 8.906283e-01
    outer loop
      vertex   1.639186e-02 -3.142013e-02 -9.549150e-04
      vertex   1.574716e-02 -3.018435e-02 -2.447174e-04
      vertex   1.223937e-02 -3.325831e-02 -9.549150e-04
    endloop
  endfacet
  facet normal 7.020223e-01 9.051575e-02 7.063792e-01
    outer loop
      vertex   3.536611e-02 2.270580e-03 -9.549150e-04
      vertex   3.647000e-02 2.341452e-03 -2.061074e-03
      vertex   3.478540e-02 6.774457e-03 -9.549150e-04
    endloop
  endfacet
  facet normal 7.020223e-01 9.051575e-02 7.063792e-01
    outer loop
      vertex   3.478540e-02 6.774457e-03 -9.549150e-04
      vertex   3.647000e-02 2.341452e-03 -2.061074e-03
      vertex   3.587116e-02 6.985908e-03 -2.061074e-03
    endloop
  endfacet
  facet normal 6.846838e-01 1.795452e-01 7.063792e-01
    outer loop
      vertex   3.478540e-02 6.774457e-03 -9.549150e-04
      vertex   3.587116e-02 6.985908e-03 -2.061074e-03
      vertex   3.363352e-02 1.116710e-02 -9.549150e-04
    endloop
  endfacet
  facet normal 6.846838e-01 1.795452e-01 7.063792e-01
    outer loop
      vertex   3.363352e-02 1.116710e-02 -9.549150e-04
      vertex   3.587116e-02 6.985908e-03 -2.061074e-03
      vertex   3.468332e-02 1.151566e-02 -2.061074e-03
    endloop
  endfacet
  facet normal 6.561028e-01 2.656266e-01 7.063792e-01
    outer loop
      vertex   3.363352e-02 1.116710e-02 -9.549150e-04
      vertex   3.468332e-02 1.151566e-02 -2.061074e-03
      vertex   3.192937e-02 1.537637e-02 -9.549150e-04
    endloop
  endfacet
  facet normal 6.561028e-01 2.656266e-01 7.063792e-01
    outer loop
      vertex   3.192937e-02 1.537637e-02 -9.549150e-04
      vertex   3.468332e-02 1.151566e-02 -2.061074e-03
      vertex   3.292598e-02 1.585632e-02 -2.061074e-03
    endloop
  endfacet
  facet normal 6.167486e-01 3.473464e-01 7.063792e-01
    outer loop
      vertex   3.192937e-02 1.537637e-02 -9.549150e-04
      vertex   3.292598e-02 1.585632e-02 -2.061074e-03
      vertex   2.970094e-02 1.933317e-02 -9.549150e-04
    endloop
  endfacet
  facet normal 6.167486e-01 3.473464e-01 7.063792e-01
    outer loop
      vertex   2.970094e-02 1.933317e-02 -9.549150e-04
      vertex   3.292598e-02 1.585632e-02 -2.061074e-03
      vertex   3.062800e-02 1.993662e-02 -2.061074e-03
    endloop
  endfacet
  facet normal 5.672675e-01 4.233627e-01 7.063792e-01
    outer loop
      vertex   2.970094e-02 1.933317e-02 -9.549150e-04
      vertex   3.062800e-02 1.993662e-02 -2.061074e-03
      vertex   2.698483e-02 2.297252e-02 -9.549150e-04
    endloop
  endfacet
  facet normal 5.672675e-01 4.233627e-01 7.063792e-01
    outer loop
      vertex   2.698483e-02 2.297252e-02 -9.549150e-04
      vertex   3.062800e-02 1.993662e-02 -2.061074e-03
      vertex   2.782711e-02 2.368956e-02 -2.061074e-03
    endloop
  endfacet
  facet normal 5.084718e-01 4.924275e-01 7.063792e-01
    outer loop
      vertex   2.698483e-02 2.297252e-02 -9.549150e-04
      vertex   2.782711e-02 2.368956e-02 -2.061074e-03
      vertex   2.382562e-02 2.623466e-02 -9.549150e-04
    endloop
  endfacet
  facet normal 5.084718e-01 4.924275e-01 7.063792e-01
    outer loop
      vertex   2.382562e-02 2.623466e-02 -9.549150e-04
      vertex   2.782711e-02 2.368956e-02 -2.061074e-03
      vertex   2.456929e-02 2.705352e-02 -2.061074e-03
    endloop
  endfacet
  facet normal 4.413270e-01 5.534066e-01 7.063792e-01
    outer loop
      vertex   2.382562e-02 2.623466e-02 -9.549150e-04
      vertex   2.456929e-02 2.705352e-02 -2.061074e-03
      vertex   2.027520e-02 2.906602e-02 -9.549150e-04
    endloop
  endfacet
  facet normal 4.413270e-01 5.534066e-01 7.063792e-01
    outer loop
      vertex   2.027520e-02 2.906602e-02 -9.549150e-04
      vertex   2.456929e-02 2.705352e-02 -2.061074e-03
      vertex   2.090805e-02 2.997326e-02 -2.061074e-03
    endloop
  endfacet
  facet normal 3.669357e-01 6.052988e-01 7.063792e-01
    outer loop
      vertex   2.027520e-02 2.906602e-02 -9.549150e-04
      vertex   2.090805e-02 2.997326e-02 -2.061074e-03
      vertex   1.639186e-02 3.142013e-02 -9.549150e-04
    endloop
  endfacet
  facet normal 3.669357e-01 6.052988e-01 7.063792e-01
    outer loop
      vertex   1.639186e-02 3.142013e-02 -9.549150e-04
      vertex   2.090805e-02 2.997326e-02 -2.061074e-03
      vertex   1.690350e-02 3.240085e-02 -2.061074e-03
    endloop
  endfacet
  facet normal 4.509987e-01 5.814985e-02 8.906283e-01
    outer loop
      vertex   3.397514e-02 2.181276e-03 -2.447174e-04
      vertex   3.536611e-02 2.270580e-03 -9.549150e-04
      vertex   3.341726e-02 6.508012e-03 -2.447174e-04
    endloop
  endfacet
  facet normal 4.509987e-01 5.814985e-02 8.906283e-01
    outer loop
      vertex   3.341726e-02 6.508012e-03 -2.447174e-04
      vertex   3.536611e-02 2.270580e-03 -9.549150e-04
      vertex   3.478540e-02 6.774457e-03 -9.549150e-04
    endloop
  endfacet
  facet normal 4.398600e-01 1.153449e-01 8.906283e-01
    outer loop
      vertex   3.341726e-02 6.508012e-03 -2.447174e-04
      vertex   3.478540e-02 6.774457e-03 -9.549150e-04
      vertex   3.231068e-02 1.072789e-02 -2.447174e-04
    endloop
  endfacet
  facet normal 4.398600e-01 1.153449e-01 8.906283e-01
    outer loop
      vertex   3.231068e-02 1.072789e-02 -2.447174e-04
      vertex   3.478540e-02 6.774457e-03 -9.549150e-04
      vertex   3.363352e-02 1.116710e-02 -9.549150e-04
    endloop
  endfacet
  facet normal 4.214988e-01 1.706459e-01 8.906283e-01
    outer loop
      vertex   3.231068e-02 1.072789e-02 -2.447174e-04
      vertex   3.363352e-02 1.116710e-02 -9.549150e-04
      vertex   3.067356e-02 1.477161e-02 -2.447174e-04
    endloop
  endfacet
  facet normal 4.214988e-01 1.706459e-01 8.906283e-01
    outer loop
      vertex   3.067356e-02 1.477161e-02 -2.447174e-04
      vertex   3.363352e-02 1.116710e-02 -9.549150e-04
      vertex   3.192937e-02 1.537637e-02 -9.549150e-04
    endloop
  endfacet
  facet normal 3.962166e-01 2.231450e-01 8.906283e-01
    outer loop
      vertex   3.067356e-02 1.477161e-02 -2.447174e-04
      vertex   3.192937e-02 1.537637e-02 -9.549150e-04
      vertex   2.853278e-02 1.857278e-02 -2.447174e-04
    endloop
  endfacet
  facet normal 3.962166e-01 2.231450e-01 8.906283e-01
    outer loop
      vertex   2.853278e-02 1.857278e-02 -2.447174e-04
      vertex   3.192937e-02 1.537637e-02 -9.549150e-04
      vertex   2.970094e-02 1.933317e-02 -9.549150e-04
    endloop
  endfacet
  facet normal 3.644285e-01 2.719800e-01 8.906283e-01
    outer loop
      vertex   2.853278e-02 1.857278e-02 -2.447174e-04
      vertex   2.970094e-02 1.933317e-02 -9.549150e-04
      vertex   2.592349e-02 2.206899e-02 -2.447174e-04
    endloop
  endfacet
  facet normal 3.644285e-01 2.719800e-01 8.906283e-01
    outer loop
      vertex   2.592349e-02 2.206899e-02 -2.447174e-04
      vertex   2.970094e-02 1.933317e-02 -9.549150e-04
      vertex   2.698483e-02 2.297252e-02 -9.549150e-04
    endloop
  endfacet
  facet normal 3.266565e-01 3.163492e-01 8.906283e-01
    outer loop
      vertex   2.592349e-02 2.206899e-02 -2.447174e-04
      vertex   2.698483e-02 2.297252e-02 -9.549150e-04
      vertex   2.288854e-02 2.520283e-02 -2.447174e-04
    endloop
  endfacet
  facet normal 3.266565e-01 3.163492e-01 8.906283e-01
    outer loop
      vertex   2.288854e-02 2.520283e-02 -2.447174e-04
      vertex   2.698483e-02 2.297252e-02 -9.549150e-04
      vertex   2.382562e-02 2.623466e-02 -9.549150e-04
    endloop
  endfacet
  facet normal 2.835208e-01 3.555239e-01 8.906283e-01
    outer loop
      vertex   2.288854e-02 2.520283e-02 -2.447174e-04
      vertex   2.382562e-02 2.623466e-02 -9.549150e-04
      vertex   1.947776e-02 2.792283e-02 -2.447174e-04
    endloop
  endfacet
  facet normal 2.835208e-01 3.555239e-01 8.906283e-01
    outer loop
      vertex   1.947776e-02 2.792283e-02 -2.447174e-04
      vertex   2.382562e-02 2.623466e-02 -9.549150e-04
      vertex   2.027520e-02 2.906602e-02 -9.549150e-04
    endloop
  endfacet
  facet normal 2.357297e-01 3.888608e-01 8.906283e-01
    outer loop
      vertex   1.947776e-02 2.792283e-02 -2.447174e-04
      vertex   2.027520e-02 2.906602e-02 -9.549150e-04
      vertex   1.574716e-02 3.018435e-02 -2.447174e-04
    endloop
  endfacet
  facet normal 2.357297e-01 3.888608e-01 8.906283e-01
    outer loop
      vertex   1.574716e-02 3.018435e-02 -2.447174e-04
      vertex   2.027520e-02 2.906602e-02 -9.549150e-04
      vertex   1.639186e-02 3.142013e-02 -9.549150e-04
    endloop
  endfacet
  facet normal 2.536233e-01 8.545409e-01 4.532495e-01
    outer loop
      vertex   1.262140e-02 3.429641e-02 -2.061074e-03
      vertex   1.286667e-02 3.496291e-02 -3.454915e-03
      vertex   8.132046e-03 3.562882e-02 -2.061074e-03
    endloop
  endfacet
  facet normal 2.536233e-01 8.545409e-01 4.532495e-01
    outer loop
      vertex   8.132046e-03 3.562882e-02 -2.061074e-03
      vertex   1.286667e-02 3.496291e-02 -3.454915e-03
      vertex   8.290080e-03 3.632121e-02 -3.454915e-03
    endloop
  endfacet
  facet normal 1.422647e-01 8.799577e-01 4.532495e-01
    outer loop
      vertex   8.132046e-03 3.562882e-02 -2.061074e-03
      vertex   8.290080e-03 3.632121e-02 -3.454915e-03
      vertex   3.509170e-03 3.637621e-02 -2.061074e-03
    endloop
  endfacet
  facet normal 1.422647e-01 8.799577e-01 4.532495e-01
    outer loop
      vertex   3.509170e-03 3.637621e-02 -2.061074e-03
      vertex   8.290080e-03 3.632121e-02 -3.454915e-03
      vertex   3.577365e-03 3.708313e-02 -3.454915e-03
    endloop
  endfacet
  facet normal 2.857025e-02 8.909257e-01 4.532495e-01
    outer loop
      vertex   3.509170e-03 3.637621e-02 -2.061074e-03
      vertex   3.577365e-03 3.708313e-02 -3.454915e-03
      vertex   -1.171328e-03 3.652631e-02 -2.061074e-03
    endloop
  endfacet
  facet normal 2.857025e-02 8.909257e-01 4.532495e-01
    outer loop
      vertex   -1.171328e-03 3.652631e-02 -2.061074e-03
      vertex   3.577365e-03 3.708313e-02 -3.454915e-03
      vertex   -1.194091e-03 3.723614e-02 -3.454915e-03
    endloop
  endfacet
  facet normal -8.559336e-02 8.872647e-01 4.532495e-01
    outer loop
      vertex   -1.171328e-03 3.652631e-02 -2.061074e-03
      vertex   -1.194091e-03 3.723614e-02 -3.454915e-03
      vertex   -5.832592e-03 3.607664e-02 -2.061074e-03
    endloop
  endfacet
  facet normal -8.559336e-02 8.872647e-01 4.532495e-01
    outer loop
      vertex   -5.832592e-03 3.607664e-02 -2.061074e-03
      vertex   -1.194091e-03 3.723614e-02 -3.454915e-03
      vertex   -5.945939e-03 3.677774e-02 -3.454915e-03
    endloop
  endfacet
  facet normal -1.983515e-01 8.690348e-01 4.532495e-01
    outer loop
      vertex   -5.832592e-03 3.607664e-02 -2.061074e-03
      vertex   -5.945939e-03 3.677774e-02 -3.454915e-03
      vertex   -1.039808e-02 3.503460e-02 -2.061074e-03
    endloop
  endfacet
  facet normal -1.983515e-01 8.690348e-01 4.532495e-01
    outer loop
      vertex   -1.039808e-02 3.503460e-02 -2.061074e-03
      vertex   -5.945939e-03 3.677774e-02 -3.454915e-03
      vertex   -1.060016e-02 3.571544e-02 -3.454915e-03
    endloop
  endfacet
  facet normal -3.078528e-01 8.365354e-01 4.532495e-01
    outer loop
      vertex   -1.039808e-02 3.503460e-02 -2.061074e-03
      vertex   -1.060016e-02 3.571544e-02 -3.454915e-03
      vertex   -1.479284e-02 3.341729e-02 -2.061074e-03
    endloop
  endfacet
  facet normal -3.078528e-01 8.365354e-01 4.532495e-01
    outer loop
      vertex   -1.479284e-02 3.341729e-02 -2.061074e-03
      vertex   -1.060016e-02 3.571544e-02 -3.454915e-03
      vertex   -1.508032e-02 3.406670e-02 -3.454915e-03
    endloop
  endfacet
  facet normal -4.122991e-01 7.903002e-01 4.532495e-01
    outer loop
      vertex   -1.479284e-02 3.341729e-02 -2.061074e-03
      vertex   -1.508032e-02 3.406670e-02 -3.454915e-03
      vertex   -1.894470e-02 3.125126e-02 -2.061074e-03
    endloop
  endfacet
  facet normal -4.122991e-01 7.903002e-01 4.532495e-01
    outer loop
      vertex   -1.894470e-02 3.125126e-02 -2.061074e-03
      vertex   -1.508032e-02 3.406670e-02 -3.454915e-03
      vertex   -1.931286e-02 3.185859e-02 -3.454915e-03
    endloop
  endfacet
  facet normal -5.099755e-01 7.310882e-01 4.532495e-01
    outer loop
      vertex   -1.894470e-02 3.125126e-02 -2.061074e-03
      vertex   -1.931286e-02 3.185859e-02 -3.454915e-03
      vertex   -2.278549e-02 2.857210e-02 -2.061074e-03
    endloop
  endfacet
  facet normal -5.099755e-01 7.310882e-01 4.532495e-01
    outer loop
      vertex   -2.278549e-02 2.857210e-02 -2.061074e-03
      vertex   -1.931286e-02 3.185859e-02 -3.454915e-03
      vertex   -2.322829e-02 2.912735e-02 -3.454915e-03
    endloop
  endfacet
  facet normal -5.992780e-01 6.598717e-01 4.532495e-01
    outer loop
      vertex   -2.278549e-02 2.857210e-02 -2.061074e-03
      vertex   -2.322829e-02 2.912735e-02 -3.454915e-03
      vertex   -2.625214e-02 2.542378e-02 -2.061074e-03
    endloop
  endfacet
  facet normal -5.992780e-01 6.598717e-01 4.532495e-01
    outer loop
      vertex   -2.625214e-02 2.542378e-02 -2.061074e-03
      vertex   -2.322829e-02 2.912735e-02 -3.454915e-03
      vertex   -2.676231e-02 2.591785e-02 -3.454915e-03
    endloop
  endfacet
  facet normal -6.787405e-01 5.778202e-01 4.532495e-01
    outer loop
      vertex   -2.625214e-02 2.542378e-02 -2.061074e-03
      vertex   -2.676231e-02 2.591785e-02 -3.454915e-03
      vertex   -2.928773e-02 2.185800e-02 -2.061074e-03
    endloop
  endfacet
  facet normal -6.787405e-01 5.778202e-01 4.532495e-01
    outer loop
      vertex   -2.928773e-02 2.185800e-02 -2.061074e-03
      vertex   -2.676231e-02 2.591785e-02 -3.454915e-03
      vertex   -2.985689e-02 2.228278e-02 -3.454915e-03
    endloop
  endfacet
  facet normal -7.470581e-01 4.862809e-01 4.532495e-01
    outer loop
      vertex   -2.928773e-02 2.185800e-02 -2.061074e-03
      vertex   -2.985689e-02 2.228278e-02 -3.454915e-03
      vertex   -3.184242e-02 1.793331e-02 -2.061074e-03
    endloop
  endfacet
  facet normal -7.470581e-01 4.862809e-01 4.532495e-01
    outer loop
      vertex   -3.184242e-02 1.793331e-02 -2.061074e-03
      vertex   -2.985689e-02 2.228278e-02 -3.454915e-03
      vertex   -3.246122e-02 1.828182e-02 -3.454915e-03
    endloop
  endfacet
  facet normal -8.031090e-01 3.867569e-01 4.532495e-01
    outer loop
      vertex   -3.184242e-02 1.793331e-02 -2.061074e-03
      vertex   -3.246122e-02 1.828182e-02 -3.454915e-03
      vertex   -3.387425e-02 1.371416e-02 -2.061074e-03
    endloop
  endfacet
  facet normal -8.031090e-01 3.867569e-01 4.532495e-01
    outer loop
      vertex   -3.387425e-02 1.371416e-02 -2.061074e-03
      vertex   -3.246122e-02 1.828182e-02 -3.454915e-03
      vertex   -3.453255e-02 1.398068e-02 -3.454915e-03
    endloop
  endfacet
  facet normal -8.459728e-01 2.808823e-01 4.532495e-01
    outer loop
      vertex   -3.387425e-02 1.371416e-02 -2.061074e-03
      vertex   -3.453255e-02 1.398068e-02 -3.454915e-03
      vertex   -3.534987e-02 9.269828e-03 -2.061074e-03
    endloop
  endfacet
  facet normal 1.293838e-01 4.359370e-01 8.906283e-01
    outer loop
      vertex   7.575744e-03 3.319150e-02 -2.447174e-04
      vertex   1.175798e-02 3.195024e-02 -2.447174e-04
      vertex   1.223937e-02 3.325831e-02 -9.549150e-04
    endloop
  endfacet
  facet normal 2.013982e-01 6.785773e-01 7.063792e-01
    outer loop
      vertex   1.223937e-02 3.325831e-02 -9.549150e-04
      vertex   1.262140e-02 3.429641e-02 -2.061074e-03
      vertex   7.885903e-03 3.455040e-02 -9.549150e-04
    endloop
  endfacet
  facet normal 2.013982e-01 6.785773e-01 7.063792e-01
    outer loop
      vertex   7.885903e-03 3.455040e-02 -9.549150e-04
      vertex   1.262140e-02 3.429641e-02 -2.061074e-03
      vertex   8.132046e-03 3.562882e-02 -2.061074e-03
    endloop
  endfacet
  facet normal 1.129702e-01 6.987604e-01 7.063792e-01
    outer loop
      vertex   7.885903e-03 3.455040e-02 -9.549150e-04
      vertex   8.132046e-03 3.562882e-02 -2.061074e-03
      vertex   3.402953e-03 3.527517e-02 -9.549150e-04
    endloop
  endfacet
  facet normal 1.129702e-01 6.987604e-01 7.063792e-01
    outer loop
      vertex   3.402953e-03 3.527517e-02 -9.549150e-04
      vertex   8.132046e-03 3.562882e-02 -2.061074e-03
      vertex   3.509170e-03 3.637621e-02 -2.061074e-03
    endloop
  endfacet
  facet normal 2.268718e-02 7.074699e-01 7.063792e-01
    outer loop
      vertex   3.402953e-03 3.527517e-02 -9.549150e-04
      vertex   3.509170e-03 3.637621e-02 -2.061074e-03
      vertex   -1.135873e-03 3.542072e-02 -9.549150e-04
    endloop
  endfacet
  facet normal 2.268718e-02 7.074699e-01 7.063792e-01
    outer loop
      vertex   -1.135873e-03 3.542072e-02 -9.549150e-04
      vertex   3.509170e-03 3.637621e-02 -2.061074e-03
      vertex   -1.171328e-03 3.652631e-02 -2.061074e-03
    endloop
  endfacet
  facet normal -6.796832e-02 7.045627e-01 7.063792e-01
    outer loop
      vertex   -1.135873e-03 3.542072e-02 -9.549150e-04
      vertex   -1.171328e-03 3.652631e-02 -2.061074e-03
      vertex   -5.656049e-03 3.498466e-02 -9.549150e-04
    endloop
  endfacet
  facet normal -6.796832e-02 7.045627e-01 7.063792e-01
    outer loop
      vertex   -5.656049e-03 3.498466e-02 -9.549150e-04
      vertex   -1.171328e-03 3.652631e-02 -2.061074e-03
      vertex   -5.832592e-03 3.607664e-02 -2.061074e-03
    endloop
  endfacet
  facet normal -1.575078e-01 6.900867e-01 7.063792e-01
    outer loop
      vertex   -5.656049e-03 3.498466e-02 -9.549150e-04
      vertex   -5.832592e-03 3.607664e-02 -2.061074e-03
      vertex   -1.008335e-02 3.397416e-02 -9.549150e-04
    endloop
  endfacet
  facet normal -1.575078e-01 6.900867e-01 7.063792e-01
    outer loop
      vertex   -1.008335e-02 3.397416e-02 -9.549150e-04
      vertex   -5.832592e-03 3.607664e-02 -2.061074e-03
      vertex   -1.039808e-02 3.503460e-02 -2.061074e-03
    endloop
  endfacet
  facet normal -2.444610e-01 6.642795e-01 7.063792e-01
    outer loop
      vertex   -1.008335e-02 3.397416e-02 -9.549150e-04
      vertex   -1.039808e-02 3.503460e-02 -2.061074e-03
      vertex   -1.434509e-02 3.240580e-02 -9.549150e-04
    endloop
  endfacet
  facet normal -2.444610e-01 6.642795e-01 7.063792e-01
    outer loop
      vertex   -1.434509e-02 3.240580e-02 -9.549150e-04
      vertex   -1.039808e-02 3.503460e-02 -2.061074e-03
      vertex   -1.479284e-02 3.341729e-02 -2.061074e-03
    endloop
  endfacet
  facet normal -3.274001e-01 6.275647e-01 7.063792e-01
    outer loop
      vertex   -1.434509e-02 3.240580e-02 -9.549150e-04
      vertex   -1.479284e-02 3.341729e-02 -2.061074e-03
      vertex   -1.837128e-02 3.030534e-02 -9.549150e-04
    endloop
  endfacet
  facet normal -3.274001e-01 6.275647e-01 7.063792e-01
    outer loop
      vertex   -1.837128e-02 3.030534e-02 -9.549150e-04
      vertex   -1.479284e-02 3.341729e-02 -2.061074e-03
      vertex   -1.894470e-02 3.125126e-02 -2.061074e-03
    endloop
  endfacet
  facet normal -4.049634e-01 5.805455e-01 7.063792e-01
    outer loop
      vertex   -1.837128e-02 3.030534e-02 -9.549150e-04
      vertex   -1.894470e-02 3.125126e-02 -2.061074e-03
      vertex   -2.209581e-02 2.770727e-02 -9.549150e-04
    endloop
  endfacet
  facet normal -4.049634e-01 5.805455e-01 7.063792e-01
    outer loop
      vertex   -2.209581e-02 2.770727e-02 -9.549150e-04
      vertex   -1.894470e-02 3.125126e-02 -2.061074e-03
      vertex   -2.278549e-02 2.857210e-02 -2.061074e-03
    endloop
  endfacet
  facet normal -4.758771e-01 5.239936e-01 7.063792e-01
    outer loop
      vertex   -2.209581e-02 2.770727e-02 -9.549150e-04
      vertex   -2.278549e-02 2.857210e-02 -2.061074e-03
      vertex   -2.545753e-02 2.465424e-02 -9.549150e-04
    endloop
  endfacet
  facet normal -4.758771e-01 5.239936e-01 7.063792e-01
    outer loop
      vertex   -2.545753e-02 2.465424e-02 -9.549150e-04
      vertex   -2.278549e-02 2.857210e-02 -2.061074e-03
      vertex   -2.625214e-02 2.542378e-02 -2.061074e-03
    endloop
  endfacet
  facet normal -5.389770e-01 4.588378e-01 7.063792e-01
    outer loop
      vertex   -2.545753e-02 2.465424e-02 -9.549150e-04
      vertex   -2.625214e-02 2.542378e-02 -2.061074e-03
      vertex   -2.840124e-02 2.119639e-02 -9.549150e-04
    endloop
  endfacet
  facet normal -5.389770e-01 4.588378e-01 7.063792e-01
    outer loop
      vertex   -2.840124e-02 2.119639e-02 -9.549150e-04
      vertex   -2.625214e-02 2.542378e-02 -2.061074e-03
      vertex   -2.928773e-02 2.185800e-02 -2.061074e-03
    endloop
  endfacet
  facet normal -5.932269e-01 3.861479e-01 7.063792e-01
    outer loop
      vertex   -2.840124e-02 2.119639e-02 -9.549150e-04
      vertex   -2.928773e-02 2.185800e-02 -2.061074e-03
      vertex   -3.087860e-02 1.739050e-02 -9.549150e-04
    endloop
  endfacet
  facet normal -5.932269e-01 3.861479e-01 7.063792e-01
    outer loop
      vertex   -3.087860e-02 1.739050e-02 -9.549150e-04
      vertex   -2.928773e-02 2.185800e-02 -2.061074e-03
      vertex   -3.184242e-02 1.793331e-02 -2.061074e-03
    endloop
  endfacet
  facet normal -6.377360e-01 3.071175e-01 7.063792e-01
    outer loop
      vertex   -3.087860e-02 1.739050e-02 -9.549150e-04
      vertex   -3.184242e-02 1.793331e-02 -2.061074e-03
      vertex   -3.284893e-02 1.329906e-02 -9.549150e-04
    endloop
  endfacet
  facet normal -6.377360e-01 3.071175e-01 7.063792e-01
    outer loop
      vertex   -3.284893e-02 1.329906e-02 -9.549150e-04
      vertex   -3.184242e-02 1.793331e-02 -2.061074e-03
      vertex   -3.387425e-02 1.371416e-02 -2.061074e-03
    endloop
  endfacet
  facet normal -6.717735e-01 2.230442e-01 7.063792e-01
    outer loop
      vertex   -3.284893e-02 1.329906e-02 -9.549150e-04
      vertex   -3.387425e-02 1.371416e-02 -2.061074e-03
      vertex   -3.427989e-02 8.989246e-03 -9.549150e-04
    endloop
  endfacet
  facet normal -6.717735e-01 2.230442e-01 7.063792e-01
    outer loop
      vertex   -3.427989e-02 8.989246e-03 -9.549150e-04
      vertex   -3.387425e-02 1.371416e-02 -2.061074e-03
      vertex   -3.534987e-02 9.269828e-03 -2.061074e-03
    endloop
  endfacet
  facet normal -6.947805e-01 1.353085e-01 7.063792e-01
    outer loop
      vertex   -3.427989e-02 8.989246e-03 -9.549150e-04
      vertex   -3.534987e-02 9.269828e-03 -2.061074e-03
      vertex   -3.514797e-02 4.531829e-03 -9.549150e-04
    endloop
  endfacet
  facet normal 7.257519e-02 4.489032e-01 8.906283e-01
    outer loop
      vertex   3.269112e-03 3.388777e-02 -2.447174e-04
      vertex   7.575744e-03 3.319150e-02 -2.447174e-04
      vertex   7.885903e-03 3.455040e-02 -9.549150e-04
    endloop
  endfacet
  facet normal 1.293838e-01 4.359370e-01 8.906283e-01
    outer loop
      vertex   7.885903e-03 3.455040e-02 -9.549150e-04
      vertex   7.575744e-03 3.319150e-02 -2.447174e-04
      vertex   1.223937e-02 3.325831e-02 -9.549150e-04
    endloop
  endfacet
  facet normal 7.257519e-02 4.489032e-01 8.906283e-01
    outer loop
      vertex   3.269112e-03 3.388777e-02 -2.447174e-04
      vertex   7.885903e-03 3.455040e-02 -9.549150e-04
      vertex   3.402953e-03 3.527517e-02 -9.549150e-04
    endloop
  endfacet
  facet normal 1.457488e-02 4.544984e-01 8.906283e-01
    outer loop
      vertex   -1.091199e-03 3.402759e-02 -2.447174e-04
      vertex   3.269112e-03 3.388777e-02 -2.447174e-04
      vertex   3.402953e-03 3.527517e-02 -9.549150e-04
    endloop
  endfacet
  facet normal 1.457488e-02 4.544984e-01 8.906283e-01
    outer loop
      vertex   -1.091199e-03 3.402759e-02 -2.447174e-04
      vertex   3.402953e-03 3.527517e-02 -9.549150e-04
      vertex   -1.135873e-03 3.542072e-02 -9.549150e-04
    endloop
  endfacet
  facet normal -4.366475e-02 4.526308e-01 8.906283e-01
    outer loop
      vertex   -5.433592e-03 3.360869e-02 -2.447174e-04
      vertex   -1.091199e-03 3.402759e-02 -2.447174e-04
      vertex   -1.135873e-03 3.542072e-02 -9.549150e-04
    endloop
  endfacet
  facet normal -4.366475e-02 4.526308e-01 8.906283e-01
    outer loop
      vertex   -5.433592e-03 3.360869e-02 -2.447174e-04
      vertex   -1.135873e-03 3.542072e-02 -9.549150e-04
      vertex   -5.656049e-03 3.498466e-02 -9.549150e-04
    endloop
  endfacet
  facet normal -1.011874e-01 4.433310e-01 8.906283e-01
    outer loop
      vertex   -9.686766e-03 3.263793e-02 -2.447174e-04
      vertex   -5.433592e-03 3.360869e-02 -2.447174e-04
      vertex   -5.656049e-03 3.498466e-02 -9.549150e-04
    endloop
  endfacet
  facet normal -1.011874e-01 4.433310e-01 8.906283e-01
    outer loop
      vertex   -9.686766e-03 3.263793e-02 -2.447174e-04
      vertex   -5.656049e-03 3.498466e-02 -9.549150e-04
      vertex   -1.008335e-02 3.397416e-02 -9.549150e-04
    endloop
  endfacet
  facet normal -1.570486e-01 4.267517e-01 8.906283e-01
    outer loop
      vertex   -1.378088e-02 3.113126e-02 -2.447174e-04
      vertex   -9.686766e-03 3.263793e-02 -2.447174e-04
      vertex   -1.008335e-02 3.397416e-02 -9.549150e-04
    endloop
  endfacet
  facet normal -1.570486e-01 4.267517e-01 8.906283e-01
    outer loop
      vertex   -1.378088e-02 3.113126e-02 -2.447174e-04
      vertex   -1.008335e-02 3.397416e-02 -9.549150e-04
      vertex   -1.434509e-02 3.240580e-02 -9.549150e-04
    endloop
  endfacet
  facet normal -2.103310e-01 4.031651e-01 8.906283e-01
    outer loop
      vertex   -1.764872e-02 2.911341e-02 -2.447174e-04
      vertex   -1.378088e-02 3.113126e-02 -2.447174e-04
      vertex   -1.434509e-02 3.240580e-02 -9.549150e-04
    endloop
  endfacet
  facet normal -2.103310e-01 4.031651e-01 8.906283e-01
    outer loop
      vertex   -1.764872e-02 2.911341e-02 -2.447174e-04
      vertex   -1.434509e-02 3.240580e-02 -9.549150e-04
      vertex   -1.837128e-02 3.030534e-02 -9.549150e-04
    endloop
  endfacet
  facet normal -2.601598e-01 3.729586e-01 8.906283e-01
    outer loop
      vertex   -2.122676e-02 2.661752e-02 -2.447174e-04
      vertex   -1.764872e-02 2.911341e-02 -2.447174e-04
      vertex   -1.837128e-02 3.030534e-02 -9.549150e-04
    endloop
  endfacet
  facet normal -2.601598e-01 3.729586e-01 8.906283e-01
    outer loop
      vertex   -2.122676e-02 2.661752e-02 -2.447174e-04
      vertex   -1.837128e-02 3.030534e-02 -9.549150e-04
      vertex   -2.209581e-02 2.770727e-02 -9.549150e-04
    endloop
  endfacet
  facet normal -3.057168e-01 3.366281e-01 8.906283e-01
    outer loop
      vertex   -2.445626e-02 2.368457e-02 -2.447174e-04
      vertex   -2.122676e-02 2.661752e-02 -2.447174e-04
      vertex   -2.209581e-02 2.770727e-02 -9.549150e-04
    endloop
  endfacet
  facet normal -3.057168e-01 3.366281e-01 8.906283e-01
    outer loop
      vertex   -2.445626e-02 2.368457e-02 -2.447174e-04
      vertex   -2.209581e-02 2.770727e-02 -9.549150e-04
      vertex   -2.545753e-02 2.465424e-02 -9.549150e-04
    endloop
  endfacet
  facet normal -3.462539e-01 2.947702e-01 8.906283e-01
    outer loop
      vertex   -2.728419e-02 2.036272e-02 -2.447174e-04
      vertex   -2.445626e-02 2.368457e-02 -2.447174e-04
      vertex   -2.545753e-02 2.465424e-02 -9.549150e-04
    endloop
  endfacet
  facet normal -3.462539e-01 2.947702e-01 8.906283e-01
    outer loop
      vertex   -2.728419e-02 2.036272e-02 -2.447174e-04
      vertex   -2.545753e-02 2.465424e-02 -9.549150e-04
      vertex   -2.840124e-02 2.119639e-02 -9.549150e-04
    endloop
  endfacet
  facet normal -3.811055e-01 2.480722e-01 8.906283e-01
    outer loop
      vertex   -2.966412e-02 1.670652e-02 -2.447174e-04
      vertex   -2.728419e-02 2.036272e-02 -2.447174e-04
      vertex   -2.840124e-02 2.119639e-02 -9.549150e-04
    endloop
  endfacet
  facet normal -3.811055e-01 2.480722e-01 8.906283e-01
    outer loop
      vertex   -2.966412e-02 1.670652e-02 -2.447174e-04
      vertex   -2.840124e-02 2.119639e-02 -9.549150e-04
      vertex   -3.087860e-02 1.739050e-02 -9.549150e-04
    endloop
  endfacet
  facet normal -4.096994e-01 1.973009e-01 8.906283e-01
    outer loop
      vertex   -3.155696e-02 1.277600e-02 -2.447174e-04
      vertex   -2.966412e-02 1.670652e-02 -2.447174e-04
      vertex   -3.087860e-02 1.739050e-02 -9.549150e-04
    endloop
  endfacet
  facet normal -4.096994e-01 1.973009e-01 8.906283e-01
    outer loop
      vertex   -3.155696e-02 1.277600e-02 -2.447174e-04
      vertex   -3.087860e-02 1.739050e-02 -9.549150e-04
      vertex   -3.284893e-02 1.329906e-02 -9.549150e-04
    endloop
  endfacet
  facet normal -4.315661e-01 1.432898e-01 8.906283e-01
    outer loop
      vertex   -3.293164e-02 8.635692e-03 -2.447174e-04
      vertex   -3.155696e-02 1.277600e-02 -2.447174e-04
      vertex   -3.284893e-02 1.329906e-02 -9.549150e-04
    endloop
  endfacet
  facet normal -4.315661e-01 1.432898e-01 8.906283e-01
    outer loop
      vertex   -3.293164e-02 8.635692e-03 -2.447174e-04
      vertex   -3.284893e-02 1.329906e-02 -9.549150e-04
      vertex   -3.427989e-02 8.989246e-03 -9.549150e-04
    endloop
  endfacet
  facet normal -4.463464e-01 8.692596e-02 8.906283e-01
    outer loop
      vertex   -3.376558e-02 4.353589e-03 -2.447174e-04
      vertex   -3.293164e-02 8.635692e-03 -2.447174e-04
      vertex   -3.427989e-02 8.989246e-03 -9.549150e-04
    endloop
  endfacet
  facet normal -4.463464e-01 8.692596e-02 8.906283e-01
    outer loop
      vertex   -3.376558e-02 4.353589e-03 -2.447174e-04
      vertex   -3.427989e-02 8.989246e-03 -9.549150e-04
      vertex   -3.514797e-02 4.531829e-03 -9.549150e-04
    endloop
  endfacet
  facet normal -6.378240e-01 7.701821e-01 2.055466e-16
    outer loop
      vertex   -2.205882e-02 3.032587e-02 -4.000000e-02
      vertex   -2.568370e-02 2.732394e-02 -4.000000e-02
      vertex   -2.205882e-02 3.032587e-02 -2.700000e-02
    endloop
  endfacet
  facet normal -6.355893e-01 7.720266e-01 -1.049046e-03
    outer loop
      vertex   -2.205882e-02 3.032587e-02 -2.700000e-02
      vertex   -2.568370e-02 2.732394e-02 -4.000000e-02
      vertex   -2.521128e-02 2.776042e-02 -5.000000e-03
    endloop
  endfacet
  facet normal -6.234888e-01 7.818302e-01 1.828091e-03
    outer loop
      vertex   -2.205882e-02 3.032587e-02 -2.700000e-02
      vertex   -2.521128e-02 2.776042e-02 -5.000000e-03
      vertex   -2.145437e-02 3.075646e-02 -5.000000e-03
    endloop
  endfacet
  facet normal -7.183490e-01 6.956822e-01 1.020089e-03
    outer loop
      vertex   -2.521128e-02 2.776042e-02 -5.000000e-03
      vertex   -2.568370e-02 2.732394e-02 -4.000000e-02
      vertex   -2.855422e-02 2.430856e-02 -5.000000e-03
    endloop
  endfacet
  facet normal -7.292730e-01 6.842223e-01 -8.631552e-04
    outer loop
      vertex   -2.855422e-02 2.430856e-02 -5.000000e-03
      vertex   -2.568370e-02 2.732394e-02 -4.000000e-02
      vertex   -2.890400e-02 2.389161e-02 -4.000000e-02
    endloop
  endfacet
  facet normal -8.014133e-01 5.981103e-01 8.836386e-04
    outer loop
      vertex   -2.855422e-02 2.430856e-02 -5.000000e-03
      vertex   -2.890400e-02 2.389161e-02 -4.000000e-02
      vertex   -3.142830e-02 2.045756e-02 -5.000000e-03
    endloop
  endfacet
  facet normal -8.092348e-01 5.874850e-01 -7.229792e-04
    outer loop
      vertex   -3.142830e-02 2.045756e-02 -5.000000e-03
      vertex   -2.890400e-02 2.389161e-02 -4.000000e-02
      vertex   -3.166900e-02 2.008293e-02 -4.000000e-02
    endloop
  endfacet
  facet normal -8.713185e-01 4.907174e-01 7.397372e-04
    outer loop
      vertex   -3.142830e-02 2.045756e-02 -5.000000e-03
      vertex   -3.166900e-02 2.008293e-02 -4.000000e-02
      vertex   -3.378633e-02 1.627064e-02 -5.000000e-03
    endloop
  endfacet
  facet normal -8.764495e-01 4.814935e-01 -5.753525e-04
    outer loop
      vertex   -3.378633e-02 1.627064e-02 -5.000000e-03
      vertex   -3.166900e-02 2.008293e-02 -4.000000e-02
      vertex   -3.393516e-02 1.595791e-02 -4.000000e-02
    endloop
  endfacet
  facet normal -9.269166e-01 3.752669e-01 5.883855e-04
    outer loop
      vertex   -3.378633e-02 1.627064e-02 -5.000000e-03
      vertex   -3.393516e-02 1.595791e-02 -4.000000e-02
      vertex   -3.558959e-02 1.181656e-02 -5.000000e-03
    endloop
  endfacet
  facet normal -9.298583e-01 3.679176e-01 -4.202761e-04
    outer loop
      vertex   -3.558959e-02 1.181656e-02 -5.000000e-03
      vertex   -3.393516e-02 1.595791e-02 -4.000000e-02
      vertex   -3.566677e-02 1.158152e-02 -4.000000e-02
    endloop
  endfacet
  facet normal -9.672948e-01 2.536546e-01 4.295847e-04
    outer loop
      vertex   -3.558959e-02 1.181656e-02 -5.000000e-03
      vertex   -3.566677e-02 1.158152e-02 -4.000000e-02
      vertex   -3.680847e-02 7.168449e-03 -5.000000e-03
    endloop
  endfacet
  facet normal -9.686200e-01 2.485462e-01 -2.577511e-04
    outer loop
      vertex   -3.680847e-02 7.168449e-03 -5.000000e-03
      vertex   -3.566677e-02 1.158152e-02 -4.000000e-02
      vertex   -3.683655e-02 7.022700e-03 -4.000000e-02
    endloop
  endfacet
  facet normal -9.917900e-01 1.278772e-01 2.633358e-04
    outer loop
      vertex   -3.680847e-02 7.168449e-03 -5.000000e-03
      vertex   -3.683655e-02 7.022700e-03 -4.000000e-02
      vertex   -3.742295e-02 2.402633e-03 -5.000000e-03
    endloop
  endfacet
  facet normal -9.921240e-01 1.252596e-01 -8.777867e-05
    outer loop
      vertex   -3.742295e-02 2.402633e-03 -5.000000e-03
      vertex   -3.683655e-02 7.022700e-03 -4.000000e-02
      vertex   -3.742609e-02 2.353256e-03 -4.000000e-02
    endloop
  endfacet
  facet normal -1.000000e+00 0.000000e+00 8.964008e-05
    outer loop
      vertex   -3.742295e-02 2.402633e-03 -5.000000e-03
      vertex   -3.742609e-02 2.353256e-03 -4.000000e-02
      vertex   -3.742609e-02 -2.353256e-03 -4.000000e-02
    endloop
  endfacet
  facet normal -1.000000e+00 0.000000e+00 8.964008e-05
    outer loop
      vertex   -3.742295e-02 2.402633e-03 -5.000000e-03
      vertex   -3.742609e-02 -2.353256e-03 -4.000000e-02
      vertex   -3.742295e-02 -2.402633e-03 -5.000000e-03
    endloop
  endfacet
  facet normal -9.921240e-01 -1.252596e-01 -8.777867e-05
    outer loop
      vertex   -3.742295e-02 -2.402633e-03 -5.000000e-03
      vertex   -3.742609e-02 -2.353256e-03 -4.000000e-02
      vertex   -3.683655e-02 -7.022700e-03 -4.000000e-02
    endloop
  endfacet
  facet normal -9.917900e-01 -1.278772e-01 2.633358e-04
    outer loop
      vertex   -3.742295e-02 -2.402633e-03 -5.000000e-03
      vertex   -3.683655e-02 -7.022700e-03 -4.000000e-02
      vertex   -3.680847e-02 -7.168449e-03 -5.000000e-03
    endloop
  endfacet
  facet normal -9.686200e-01 -2.485462e-01 -2.577511e-04
    outer loop
      vertex   -3.680847e-02 -7.168449e-03 -5.000000e-03
      vertex   -3.683655e-02 -7.022700e-03 -4.000000e-02
      vertex   -3.566677e-02 -1.158152e-02 -4.000000e-02
    endloop
  endfacet
  facet normal -9.672948e-01 -2.536546e-01 4.295847e-04
    outer loop
      vertex   -3.680847e-02 -7.168449e-03 -5.000000e-03
      vertex   -3.566677e-02 -1.158152e-02 -4.000000e-02
      vertex   -3.558959e-02 -1.181656e-02 -5.000000e-03
    endloop
  endfacet
  facet normal -9.298583e-01 -3.679176e-01 -4.202761e-04
    outer loop
      vertex   -3.558959e-02 -1.181656e-02 -5.000000e-03
      vertex   -3.566677e-02 -1.158152e-02 -4.000000e-02
      vertex   -3.393516e-02 -1.595791e-02 -4.000000e-02
    endloop
  endfacet
  facet normal -9.269166e-01 -3.752669e-01 5.883855e-04
    outer loop
      vertex   -3.558959e-02 -1.181656e-02 -5.000000e-03
      vertex   -3.393516e-02 -1.595791e-02 -4.000000e-02
      vertex   -3.378633e-02 -1.627064e-02 -5.000000e-03
    endloop
  endfacet
  facet normal -8.764495e-01 -4.814935e-01 -5.753525e-04
    outer loop
      vertex   -3.378633e-02 -1.627064e-02 -5.000000e-03
      vertex   -3.393516e-02 -1.595791e-02 -4.000000e-02
      vertex   -3.166900e-02 -2.008293e-02 -4.000000e-02
    endloop
  endfacet
  facet normal -8.713185e-01 -4.907174e-01 7.397372e-04
    outer loop
      vertex   -3.378633e-02 -1.627064e-02 -5.000000e-03
      vertex   -3.166900e-02 -2.008293e-02 -4.000000e-02
      vertex   -3.142830e-02 -2.045756e-02 -5.000000e-03
    endloop
  endfacet
  facet normal -8.092348e-01 -5.874850e-01 -7.229792e-04
    outer loop
      vertex   -3.142830e-02 -2.045756e-02 -5.000000e-03
      vertex   -3.166900e-02 -2.008293e-02 -4.000000e-02
      vertex   -2.890400e-02 -2.389161e-02 -4.000000e-02
    endloop
  endfacet
  facet normal -8.014133e-01 -5.981103e-01 8.836386e-04
    outer loop
      vertex   -3.142830e-02 -2.045756e-02 -5.000000e-03
      vertex   -2.890400e-02 -2.389161e-02 -4.000000e-02
      vertex   -2.855422e-02 -2.430856e-02 -5.000000e-03
    endloop
  endfacet
  facet normal -7.292730e-01 -6.842223e-01 -8.631552e-04
    outer loop
      vertex   -2.855422e-02 -2.430856e-02 -5.000000e-03
      vertex   -2.890400e-02 -2.389161e-02 -4.000000e-02
      vertex   -2.568370e-02 -2.732394e-02 -4.000000e-02
    endloop
  endfacet
  facet normal -7.183490e-01 -6.956822e-01 1.020089e-03
    outer loop
      vertex   -2.855422e-02 -2.430856e-02 -5.000000e-03
      vertex   -2.568370e-02 -2.732394e-02 -4.000000e-02
      vertex   -2.521128e-02 -2.776042e-02 -5.000000e-03
    endloop
  endfacet
  facet normal -6.355893e-01 -7.720266e-01 -1.049046e-03
    outer loop
      vertex   -2.521128e-02 -2.776042e-02 -5.000000e-03
      vertex   -2.568370e-02 -2.732394e-02 -4.000000e-02
      vertex   -2.205882e-02 -3.032587e-02 -2.700000e-02
    endloop
  endfacet
  facet normal -6.234888e-01 -7.818302e-01 1.828091e-03
    outer loop
      vertex   -2.521128e-02 -2.776042e-02 -5.000000e-03
      vertex   -2.205882e-02 -3.032587e-02 -2.700000e-02
      vertex   -2.145437e-02 -3.075646e-02 -5.000000e-03
    endloop
  endfacet
  facet normal -5.880688e-01 -8.088108e-01 3.268566e-04
    outer loop
      vertex   -2.145437e-02 -3.075646e-02 -5.000000e-03
      vertex   -2.205882e-02 -3.032587e-02 -2.700000e-02
      vertex   -2.186794e-02 -3.046382e-02 -2.493146e-02
    endloop
  endfacet
  facet normal -5.756816e-01 -8.176740e-01 -6.029937e-05
    outer loop
      vertex   -2.145437e-02 -3.075646e-02 -5.000000e-03
      vertex   -2.186794e-02 -3.046382e-02 -2.493146e-02
      vertex   -2.131805e-02 -3.085111e-02 -2.298933e-02
    endloop
  endfacet
  facet normal -6.378240e-01 -7.701821e-01 2.215020e-16
    outer loop
      vertex   -2.568370e-02 -2.732394e-02 -4.000000e-02
      vertex   -2.205882e-02 -3.032587e-02 -4.000000e-02
      vertex   -2.205882e-02 -3.032587e-02 -2.700000e-02
    endloop
  endfacet
  facet normal -5.572534e-01 -8.303425e-01 1.460013e-04
    outer loop
      vertex   -2.131805e-02 -3.085111e-02 -2.298933e-02
      vertex   -2.046102e-02 -3.142597e-02 -2.126095e-02
      vertex   -2.145437e-02 -3.075646e-02 -5.000000e-03
    endloop
  endfacet
  facet normal -5.330821e-01 -8.460605e-01 2.269737e-03
    outer loop
      vertex   -2.145437e-02 -3.075646e-02 -5.000000e-03
      vertex   -2.046102e-02 -3.142597e-02 -2.126095e-02
      vertex   -1.935105e-02 -3.212140e-02 -1.979173e-02
    endloop
  endfacet
  facet normal -5.183856e-01 -8.551312e-01 5.196544e-03
    outer loop
      vertex   -2.145437e-02 -3.075646e-02 -5.000000e-03
      vertex   -1.935105e-02 -3.212140e-02 -1.979173e-02
      vertex   -1.734519e-02 -3.324747e-02 -5.000000e-03
    endloop
  endfacet
  facet normal -4.996982e-01 -8.661976e-01 1.819938e-03
    outer loop
      vertex   -1.734519e-02 -3.324747e-02 -5.000000e-03
      vertex   -1.935105e-02 -3.212140e-02 -1.979173e-02
      vertex   -1.803472e-02 -3.287828e-02 -1.860858e-02
    endloop
  endfacet
  facet normal -4.609866e-01 -8.874068e-01 -7.169514e-04
    outer loop
      vertex   -1.734519e-02 -3.324747e-02 -5.000000e-03
      vertex   -1.803472e-02 -3.287828e-02 -1.860858e-02
      vertex   -1.655023e-02 -3.365015e-02 -1.773261e-02
    endloop
  endfacet
  facet normal -4.203321e-01 -9.073670e-01 2.452532e-03
    outer loop
      vertex   -1.655023e-02 -3.365015e-02 -1.773261e-02
      vertex   -1.493518e-02 -3.439683e-02 -1.718758e-02
      vertex   -1.734519e-02 -3.324747e-02 -5.000000e-03
    endloop
  endfacet
  facet normal -4.047756e-01 -9.143951e-01 6.191495e-03
    outer loop
      vertex   -1.734519e-02 -3.324747e-02 -5.000000e-03
      vertex   -1.493518e-02 -3.439683e-02 -1.718758e-02
      vertex   -1.295119e-02 -3.519257e-02 -5.000000e-03
    endloop
  endfacet
  facet normal -3.761151e-01 -9.265727e-01 7.308223e-04
    outer loop
      vertex   -1.295119e-02 -3.519257e-02 -5.000000e-03
      vertex   -1.493518e-02 -3.439683e-02 -1.718758e-02
      vertex   -1.323529e-02 -3.508671e-02 -1.700000e-02
    endloop
  endfacet
  facet normal -2.961706e-01 -9.551340e-01 -1.413849e-03
    outer loop
      vertex   -1.295119e-02 -3.519257e-02 -5.000000e-03
      vertex   -1.323529e-02 -3.508671e-02 -1.700000e-02
      vertex   -8.937511e-03 -3.641938e-02 -1.700000e-02
    endloop
  endfacet
  facet normal -2.845264e-01 -9.586640e-01 2.841699e-03
    outer loop
      vertex   -1.295119e-02 -3.519257e-02 -5.000000e-03
      vertex   -8.937511e-03 -3.641938e-02 -1.700000e-02
      vertex   -8.344535e-03 -3.655980e-02 -5.000000e-03
    endloop
  endfacet
  facet normal -1.796371e-01 -9.837294e-01 -2.634683e-03
    outer loop
      vertex   -8.344535e-03 -3.655980e-02 -5.000000e-03
      vertex   -8.937511e-03 -3.641938e-02 -1.700000e-02
      vertex   -4.511047e-03 -3.722768e-02 -1.700000e-02
    endloop
  endfacet
  facet normal -1.595986e-01 -9.871740e-01 3.958458e-03
    outer loop
      vertex   -8.344535e-03 -3.655980e-02 -5.000000e-03
      vertex   -4.511047e-03 -3.722768e-02 -1.700000e-02
      vertex   -3.600863e-03 -3.732672e-02 -5.000000e-03
    endloop
  endfacet
  facet normal -6.051769e-02 -9.981605e-01 -3.647364e-03
    outer loop
      vertex   -3.600863e-03 -3.732672e-02 -5.000000e-03
      vertex   -4.511047e-03 -3.722768e-02 -1.700000e-02
      vertex   -1.963376e-05 -3.749999e-02 -1.700000e-02
    endloop
  endfacet
  facet normal -3.205120e-02 -9.994744e-01 4.867029e-03
    outer loop
      vertex   -3.600863e-03 -3.732672e-02 -5.000000e-03
      vertex   -1.963376e-05 -3.749999e-02 -1.700000e-02
      vertex   1.201934e-03 -3.748073e-02 -5.000000e-03
    endloop
  endfacet
  facet normal 5.947225e-02 -9.982200e-01 -4.451828e-03
    outer loop
      vertex   1.201934e-03 -3.748073e-02 -5.000000e-03
      vertex   -1.963376e-05 -3.749999e-02 -1.700000e-02
      vertex   4.472062e-03 -3.723239e-02 -1.700000e-02
    endloop
  endfacet
  facet normal 9.602154e-02 -9.953637e-01 5.567356e-03
    outer loop
      vertex   1.201934e-03 -3.748073e-02 -5.000000e-03
      vertex   4.472062e-03 -3.723239e-02 -1.700000e-02
      vertex   5.984996e-03 -3.701932e-02 -5.000000e-03
    endloop
  endfacet
  facet normal 1.786052e-01 -9.839079e-01 -5.048024e-03
    outer loop
      vertex   5.984996e-03 -3.701932e-02 -5.000000e-03
      vertex   4.472062e-03 -3.723239e-02 -1.700000e-02
      vertex   8.899370e-03 -3.642871e-02 -1.700000e-02
    endloop
  endfacet
  facet normal 2.225168e-01 -9.749100e-01 6.059398e-03
    outer loop
      vertex   5.984996e-03 -3.701932e-02 -5.000000e-03
      vertex   8.899370e-03 -3.642871e-02 -1.700000e-02
      vertex   1.066978e-02 -3.595004e-02 -5.000000e-03
    endloop
  endfacet
  facet normal 2.951662e-01 -9.554305e-01 -5.435918e-03
    outer loop
      vertex   1.066978e-02 -3.595004e-02 -5.000000e-03
      vertex   8.899370e-03 -3.642871e-02 -1.700000e-02
      vertex   1.319855e-02 -3.510055e-02 -1.700000e-02
    endloop
  endfacet
  facet normal 3.453581e-01 -9.384495e-01 6.343128e-03
    outer loop
      vertex   1.066978e-02 -3.595004e-02 -5.000000e-03
      vertex   1.319855e-02 -3.510055e-02 -1.700000e-02
      vertex   1.517938e-02 -3.429047e-02 -5.000000e-03
    endloop
  endfacet
  facet normal 4.074774e-01 -9.131980e-01 -5.615487e-03
    outer loop
      vertex   1.517938e-02 -3.429047e-02 -5.000000e-03
      vertex   1.319855e-02 -3.510055e-02 -1.700000e-02
      vertex   1.730769e-02 -3.326701e-02 -1.700000e-02
    endloop
  endfacet
  facet normal 4.679397e-01 -8.837275e-01 7.621583e-03
    outer loop
      vertex   1.517938e-02 -3.429047e-02 -5.000000e-03
      vertex   1.730769e-02 -3.326701e-02 -1.700000e-02
      vertex   1.731710e-02 -3.326211e-02 -1.700988e-02
    endloop
  endfacet
  facet normal 4.625288e-01 -8.865811e-01 6.414119e-03
    outer loop
      vertex   1.517938e-02 -3.429047e-02 -5.000000e-03
      vertex   1.731710e-02 -3.326211e-02 -1.700988e-02
      vertex   1.943972e-02 -3.206785e-02 -5.000000e-03
    endloop
  endfacet
  facet normal 4.792979e-01 -8.776485e-01 2.562100e-03
    outer loop
      vertex   1.943972e-02 -3.206785e-02 -5.000000e-03
      vertex   1.731710e-02 -3.326211e-02 -1.700988e-02
      vertex   1.843976e-02 -3.265311e-02 -1.841514e-02
    endloop
  endfacet
  facet normal 5.033637e-01 -8.640747e-01 1.760672e-04
    outer loop
      vertex   1.943972e-02 -3.206785e-02 -5.000000e-03
      vertex   1.843976e-02 -3.265311e-02 -1.841514e-02
      vertex   1.929205e-02 -3.215694e-02 -2.003855e-02
    endloop
  endfacet
  facet normal 5.211271e-01 -8.534791e-01 -6.112307e-05
    outer loop
      vertex   1.929205e-02 -3.215694e-02 -2.003855e-02
      vertex   1.982110e-02 -3.183378e-02 -2.183227e-02
      vertex   1.943972e-02 -3.206785e-02 -5.000000e-03
    endloop
  endfacet
  facet normal 5.344732e-01 -8.451854e-01 3.566002e-04
    outer loop
      vertex   1.943972e-02 -3.206785e-02 -5.000000e-03
      vertex   1.982110e-02 -3.183378e-02 -2.183227e-02
      vertex   2.000000e-02 -3.172144e-02 -2.371414e-02
    endloop
  endfacet
  facet normal 5.721156e-01 -8.201707e-01 1.946605e-03
    outer loop
      vertex   1.943972e-02 -3.206785e-02 -5.000000e-03
      vertex   2.000000e-02 -3.172144e-02 -2.371414e-02
      vertex   2.338087e-02 -2.931868e-02 -5.000000e-03
    endloop
  endfacet
  facet normal 5.818504e-01 -8.132955e-01 -6.948047e-04
    outer loop
      vertex   2.338087e-02 -2.931868e-02 -5.000000e-03
      vertex   2.000000e-02 -3.172144e-02 -2.371414e-02
      vertex   2.370847e-02 -2.905441e-02 -4.000000e-02
    endloop
  endfacet
  facet normal 6.723007e-01 -7.402778e-01 7.031340e-04
    outer loop
      vertex   2.338087e-02 -2.931868e-02 -5.000000e-03
      vertex   2.370847e-02 -2.905441e-02 -4.000000e-02
      vertex   2.693810e-02 -2.608810e-02 -5.000000e-03
    endloop
  endfacet
  facet normal 6.782406e-01 -7.348398e-01 -3.058473e-04
    outer loop
      vertex   2.693810e-02 -2.608810e-02 -5.000000e-03
      vertex   2.370847e-02 -2.905441e-02 -4.000000e-02
      vertex   2.706515e-02 -2.595627e-02 -4.000000e-02
    endloop
  endfacet
  facet normal 7.614459e-01 -6.482284e-01 3.224045e-04
    outer loop
      vertex   2.693810e-02 -2.608810e-02 -5.000000e-03
      vertex   2.706515e-02 -2.595627e-02 -4.000000e-02
      vertex   3.005301e-02 -2.242914e-02 -5.000000e-03
    endloop
  endfacet
  facet normal 7.625541e-01 -6.469244e-01 9.639301e-05
    outer loop
      vertex   3.005301e-02 -2.242914e-02 -5.000000e-03
      vertex   2.706515e-02 -2.595627e-02 -4.000000e-02
      vertex   3.002024e-02 -2.247299e-02 -4.000000e-02
    endloop
  endfacet
  facet normal 8.355529e-01 -5.494099e-01 -9.411434e-05
    outer loop
      vertex   3.005301e-02 -2.242914e-02 -5.000000e-03
      vertex   3.002024e-02 -2.247299e-02 -4.000000e-02
      vertex   3.252989e-02 -1.865626e-02 -4.000000e-02
    endloop
  endfacet
  facet normal 5.838635e-01 -8.118519e-01 -4.746772e-11
    outer loop
      vertex   2.000000e-02 -3.172144e-02 -2.371414e-02
      vertex   2.000000e-02 -3.172144e-02 -4.000000e-02
      vertex   2.370847e-02 -2.905441e-02 -4.000000e-02
    endloop
  endfacet
  facet normal 8.380880e-01 -5.455348e-01 5.030108e-04
    outer loop
      vertex   3.005301e-02 -2.242914e-02 -5.000000e-03
      vertex   3.252989e-02 -1.865626e-02 -4.000000e-02
      vertex   3.267445e-02 -1.840191e-02 -5.000000e-03
    endloop
  endfacet
  facet normal 8.961538e-01 -4.437433e-01 -4.765507e-04
    outer loop
      vertex   3.267445e-02 -1.840191e-02 -5.000000e-03
      vertex   3.252989e-02 -1.865626e-02 -4.000000e-02
      vertex   3.455687e-02 -1.456271e-02 -4.000000e-02
    endloop
  endfacet
  facet normal 9.009685e-01 -4.338836e-01 8.639327e-04
    outer loop
      vertex   3.267445e-02 -1.840191e-02 -5.000000e-03
      vertex   3.455687e-02 -1.456271e-02 -4.000000e-02
      vertex   3.475938e-02 -1.407251e-02 -5.000000e-03
    endloop
  endfacet
  facet normal 9.434575e-01 -3.314925e-01 -8.159549e-04
    outer loop
      vertex   3.475938e-02 -1.407251e-02 -5.000000e-03
      vertex   3.455687e-02 -1.456271e-02 -4.000000e-02
      vertex   3.607110e-02 -1.025308e-02 -4.000000e-02
    endloop
  endfacet
  facet normal 9.490551e-01 -3.151080e-01 1.181815e-03
    outer loop
      vertex   3.475938e-02 -1.407251e-02 -5.000000e-03
      vertex   3.607110e-02 -1.025308e-02 -4.000000e-02
      vertex   3.627356e-02 -9.512047e-03 -5.000000e-03
    endloop
  endfacet
  facet normal 9.767622e-01 -2.143230e-01 -1.112313e-03
    outer loop
      vertex   3.627356e-02 -9.512047e-03 -5.000000e-03
      vertex   3.607110e-02 -1.025308e-02 -4.000000e-02
      vertex   3.705011e-02 -5.791317e-03 -4.000000e-02
    endloop
  endfacet
  facet normal 9.815581e-01 -1.911584e-01 1.456646e-03
    outer loop
      vertex   3.627356e-02 -9.512047e-03 -5.000000e-03
      vertex   3.705011e-02 -5.791317e-03 -4.000000e-02
      vertex   3.719213e-02 -4.795394e-03 -5.000000e-03
    endloop
  endfacet
  facet normal 9.955738e-01 -9.397356e-02 -1.365614e-03
    outer loop
      vertex   3.719213e-02 -4.795394e-03 -5.000000e-03
      vertex   3.705011e-02 -5.791317e-03 -4.000000e-02
      vertex   3.747937e-02 -1.243622e-03 -4.000000e-02
    endloop
  endfacet
  facet normal 9.979440e-01 -6.407013e-02 1.688414e-03
    outer loop
      vertex   3.719213e-02 -4.795394e-03 -5.000000e-03
      vertex   3.747937e-02 -1.243622e-03 -4.000000e-02
      vertex   3.750000e-02 3.367779e-18 -5.000000e-03
    endloop
  endfacet
  facet normal 9.996131e-01 2.777023e-02 -1.575847e-03
    outer loop
      vertex   3.750000e-02 3.367779e-18 -5.000000e-03
      vertex   3.747937e-02 -1.243622e-03 -4.000000e-02
      vertex   3.735252e-02 3.322525e-03 -4.000000e-02
    endloop
  endfacet
  facet normal 9.979436e-01 6.407011e-02 1.877110e-03
    outer loop
      vertex   3.750000e-02 3.367779e-18 -5.000000e-03
      vertex   3.735252e-02 3.322525e-03 -4.000000e-02
      vertex   3.719213e-02 4.795394e-03 -5.000000e-03
    endloop
  endfacet
  facet normal 9.888203e-01 1.491019e-01 -1.743004e-03
    outer loop
      vertex   3.719213e-02 4.795394e-03 -5.000000e-03
      vertex   3.735252e-02 3.322525e-03 -4.000000e-02
      vertex   3.667144e-02 7.839373e-03 -4.000000e-02
    endloop
  endfacet
  facet normal 9.815571e-01 1.911582e-01 2.022725e-03
    outer loop
      vertex   3.719213e-02 4.795394e-03 -5.000000e-03
      vertex   3.667144e-02 7.839373e-03 -4.000000e-02
      vertex   3.627356e-02 9.512047e-03 -5.000000e-03
    endloop
  endfacet
  facet normal 9.633556e-01 2.682211e-01 -1.867078e-03
    outer loop
      vertex   3.627356e-02 9.512047e-03 -5.000000e-03
      vertex   3.667144e-02 7.839373e-03 -4.000000e-02
      vertex   3.544622e-02 1.223990e-02 -4.000000e-02
    endloop
  endfacet
  facet normal 9.490536e-01 3.151075e-01 2.125256e-03
    outer loop
      vertex   3.627356e-02 9.512047e-03 -5.000000e-03
      vertex   3.544622e-02 1.223990e-02 -4.000000e-02
      vertex   3.475938e-02 1.407251e-02 -5.000000e-03
    endloop
  endfacet
  facet normal 9.235967e-01 3.833605e-01 -1.948064e-03
    outer loop
      vertex   3.475938e-02 1.407251e-02 -5.000000e-03
      vertex   3.544622e-02 1.223990e-02 -4.000000e-02
      vertex   3.369506e-02 1.645882e-02 -4.000000e-02
    endloop
  endfacet
  facet normal 9.009667e-01 4.338827e-01 2.184697e-03
    outer loop
      vertex   3.475938e-02 1.407251e-02 -5.000000e-03
      vertex   3.369506e-02 1.645882e-02 -4.000000e-02
      vertex   3.267445e-02 1.840191e-02 -5.000000e-03
    endloop
  endfacet
  facet normal 8.701337e-01 4.928117e-01 -1.985959e-03
    outer loop
      vertex   3.267445e-02 1.840191e-02 -5.000000e-03
      vertex   3.369506e-02 1.645882e-02 -4.000000e-02
      vertex   3.144394e-02 2.043351e-02 -4.000000e-02
    endloop
  endfacet
  facet normal 8.380861e-01 5.455336e-01 2.201046e-03
    outer loop
      vertex   3.267445e-02 1.840191e-02 -5.000000e-03
      vertex   3.144394e-02 2.043351e-02 -4.000000e-02
      vertex   3.005301e-02 2.242914e-02 -5.000000e-03
    endloop
  endfacet
  facet normal 8.037599e-01 5.949505e-01 -1.980762e-03
    outer loop
      vertex   3.005301e-02 2.242914e-02 -5.000000e-03
      vertex   3.144394e-02 2.043351e-02 -4.000000e-02
      vertex   2.872626e-02 2.410502e-02 -4.000000e-02
    endloop
  endfacet
  facet normal 7.614442e-01 6.482269e-01 2.174303e-03
    outer loop
      vertex   3.005301e-02 2.242914e-02 -5.000000e-03
      vertex   2.872626e-02 2.410502e-02 -4.000000e-02
      vertex   2.693810e-02 2.608810e-02 -5.000000e-03
    endloop
  endfacet
  facet normal 7.254600e-01 6.882616e-01 -1.932473e-03
    outer loop
      vertex   2.693810e-02 2.608810e-02 -5.000000e-03
      vertex   2.872626e-02 2.410502e-02 -4.000000e-02
      vertex   2.558233e-02 2.741887e-02 -4.000000e-02
    endloop
  endfacet
  facet normal 6.722994e-01 7.402764e-01 2.104468e-03
    outer loop
      vertex   2.693810e-02 2.608810e-02 -5.000000e-03
      vertex   2.558233e-02 2.741887e-02 -4.000000e-02
      vertex   2.338087e-02 2.931868e-02 -5.000000e-03
    endloop
  endfacet
  facet normal 6.363958e-01 7.713605e-01 -1.841093e-03
    outer loop
      vertex   2.338087e-02 2.931868e-02 -5.000000e-03
      vertex   2.558233e-02 2.741887e-02 -4.000000e-02
      vertex   2.205882e-02 3.032587e-02 -4.000000e-02
    endloop
  endfacet
  facet normal 6.060114e-01 7.954560e-01 0.000000e+00
    outer loop
      vertex   2.338087e-02 2.931868e-02 -5.000000e-03
      vertex   2.205882e-02 3.032587e-02 -4.000000e-02
      vertex   2.205882e-02 3.032587e-02 -2.700000e-02
    endloop
  endfacet
  facet normal 5.938732e-01 8.045579e-01 1.146116e-03
    outer loop
      vertex   2.205882e-02 3.032587e-02 -2.700000e-02
      vertex   2.186794e-02 3.046382e-02 -2.493146e-02
      vertex   2.338087e-02 2.931868e-02 -5.000000e-03
    endloop
  endfacet
  facet normal 5.818511e-01 8.132913e-01 2.560444e-03
    outer loop
      vertex   2.338087e-02 2.931868e-02 -5.000000e-03
      vertex   2.186794e-02 3.046382e-02 -2.493146e-02
      vertex   2.131805e-02 3.085111e-02 -2.298933e-02
    endloop
  endfacet
  facet normal 5.721115e-01 8.201648e-01 4.262792e-03
    outer loop
      vertex   2.338087e-02 2.931868e-02 -5.000000e-03
      vertex   2.131805e-02 3.085111e-02 -2.298933e-02
      vertex   1.943972e-02 3.206785e-02 -5.000000e-03
    endloop
  endfacet
  facet normal 5.605445e-01 8.281205e-01 2.516938e-03
    outer loop
      vertex   1.943972e-02 3.206785e-02 -5.000000e-03
      vertex   2.131805e-02 3.085111e-02 -2.298933e-02
      vertex   2.046102e-02 3.142597e-02 -2.126095e-02
    endloop
  endfacet
  facet normal 5.308189e-01 8.474853e-01 -1.144401e-04
    outer loop
      vertex   1.943972e-02 3.206785e-02 -5.000000e-03
      vertex   2.046102e-02 3.142597e-02 -2.126095e-02
      vertex   1.935105e-02 3.212140e-02 -1.979173e-02
    endloop
  endfacet
  facet normal 4.985708e-01 8.668490e-01 1.489763e-04
    outer loop
      vertex   1.935105e-02 3.212140e-02 -1.979173e-02
      vertex   1.803472e-02 3.287828e-02 -1.860858e-02
      vertex   1.943972e-02 3.206785e-02 -5.000000e-03
    endloop
  endfacet
  facet normal 4.635902e-01 8.860362e-01 4.903145e-03
    outer loop
      vertex   1.943972e-02 3.206785e-02 -5.000000e-03
      vertex   1.803472e-02 3.287828e-02 -1.860858e-02
      vertex   1.655023e-02 3.365015e-02 -1.773261e-02
    endloop
  endfacet
  facet normal 4.625320e-01 8.865873e-01 5.211777e-03
    outer loop
      vertex   1.943972e-02 3.206785e-02 -5.000000e-03
      vertex   1.655023e-02 3.365015e-02 -1.773261e-02
      vertex   1.517938e-02 3.429047e-02 -5.000000e-03
    endloop
  endfacet
  facet normal 4.195170e-01 9.077473e-01 -4.835857e-04
    outer loop
      vertex   1.517938e-02 3.429047e-02 -5.000000e-03
      vertex   1.655023e-02 3.365015e-02 -1.773261e-02
      vertex   1.493518e-02 3.439683e-02 -1.718758e-02
    endloop
  endfacet
  facet normal 3.760980e-01 9.265797e-01 5.507132e-04
    outer loop
      vertex   1.517938e-02 3.429047e-02 -5.000000e-03
      vertex   1.493518e-02 3.439683e-02 -1.718758e-02
      vertex   1.323529e-02 3.508671e-02 -1.700000e-02
    endloop
  endfacet
  facet normal 3.453582e-01 9.384497e-01 6.318386e-03
    outer loop
      vertex   1.517938e-02 3.429047e-02 -5.000000e-03
      vertex   1.323529e-02 3.508671e-02 -1.700000e-02
      vertex   1.066978e-02 3.595004e-02 -5.000000e-03
    endloop
  endfacet
  facet normal 2.960832e-01 9.551468e-01 -5.417495e-03
    outer loop
      vertex   1.066978e-02 3.595004e-02 -5.000000e-03
      vertex   1.323529e-02 3.508671e-02 -1.700000e-02
      vertex   8.931155e-03 3.642093e-02 -1.700000e-02
    endloop
  endfacet
  facet normal 2.225169e-01 9.749103e-01 6.016755e-03
    outer loop
      vertex   1.066978e-02 3.595004e-02 -5.000000e-03
      vertex   8.931155e-03 3.642093e-02 -1.700000e-02
      vertex   5.984996e-03 3.701932e-02 -5.000000e-03
    endloop
  endfacet
  facet normal 1.793779e-01 9.837675e-01 -5.016105e-03
    outer loop
      vertex   5.984996e-03 3.701932e-02 -5.000000e-03
      vertex   8.931155e-03 3.642093e-02 -1.700000e-02
      vertex   4.498053e-03 3.722926e-02 -1.700000e-02
    endloop
  endfacet
  facet normal 9.602157e-02 9.953640e-01 5.515623e-03
    outer loop
      vertex   5.984996e-03 3.701932e-02 -5.000000e-03
      vertex   4.498053e-03 3.722926e-02 -1.700000e-02
      vertex   1.201934e-03 3.748073e-02 -5.000000e-03
    endloop
  endfacet
  facet normal 6.008199e-02 9.981837e-01 -4.415225e-03
    outer loop
      vertex   1.201934e-03 3.748073e-02 -5.000000e-03
      vertex   4.498053e-03 3.722926e-02 -1.700000e-02
      vertex   1.686789e-17 3.750000e-02 -1.700000e-02
    endloop
  endfacet
  facet normal -3.205121e-02 9.994746e-01 4.815017e-03
    outer loop
      vertex   1.201934e-03 3.748073e-02 -5.000000e-03
      vertex   1.686789e-17 3.750000e-02 -1.700000e-02
      vertex   -3.600863e-03 3.732672e-02 -5.000000e-03
    endloop
  endfacet
  facet normal -6.008219e-02 9.981869e-01 -3.614889e-03
    outer loop
      vertex   -3.600863e-03 3.732672e-02 -5.000000e-03
      vertex   1.686789e-17 3.750000e-02 -1.700000e-02
      vertex   -4.498053e-03 3.722926e-02 -1.700000e-02
    endloop
  endfacet
  facet normal -1.595987e-01 9.871742e-01 3.914978e-03
    outer loop
      vertex   -3.600863e-03 3.732672e-02 -5.000000e-03
      vertex   -4.498053e-03 3.722926e-02 -1.700000e-02
      vertex   -8.344535e-03 3.655980e-02 -5.000000e-03
    endloop
  endfacet
  facet normal -1.793796e-01 9.837765e-01 -2.615144e-03
    outer loop
      vertex   -8.344535e-03 3.655980e-02 -5.000000e-03
      vertex   -4.498053e-03 3.722926e-02 -1.700000e-02
      vertex   -8.931155e-03 3.642093e-02 -1.700000e-02
    endloop
  endfacet
  facet normal -2.845265e-01 9.586641e-01 2.815558e-03
    outer loop
      vertex   -8.344535e-03 3.655980e-02 -5.000000e-03
      vertex   -8.931155e-03 3.642093e-02 -1.700000e-02
      vertex   -1.295119e-02 3.519257e-02 -5.000000e-03
    endloop
  endfacet
  facet normal -2.960873e-01 9.551598e-01 -1.416050e-03
    outer loop
      vertex   -1.295119e-02 3.519257e-02 -5.000000e-03
      vertex   -8.931155e-03 3.642093e-02 -1.700000e-02
      vertex   -1.323529e-02 3.508671e-02 -1.700000e-02
    endloop
  endfacet
  facet normal -3.757988e-01 9.267010e-01 7.222025e-04
    outer loop
      vertex   -1.295119e-02 3.519257e-02 -5.000000e-03
      vertex   -1.323529e-02 3.508671e-02 -1.700000e-02
      vertex   -1.493605e-02 3.439716e-02 -1.718752e-02
    endloop
  endfacet
  facet normal -4.047755e-01 9.143948e-01 6.244487e-03
    outer loop
      vertex   -1.295119e-02 3.519257e-02 -5.000000e-03
      vertex   -1.493605e-02 3.439716e-02 -1.718752e-02
      vertex   -1.734519e-02 3.324747e-02 -5.000000e-03
    endloop
  endfacet
  facet normal -4.206822e-01 9.072049e-01 2.421917e-03
    outer loop
      vertex   -1.734519e-02 3.324747e-02 -5.000000e-03
      vertex   -1.493605e-02 3.439716e-02 -1.718752e-02
      vertex   -1.655032e-02 3.365006e-02 -1.773260e-02
    endloop
  endfacet
  facet normal -4.608966e-01 8.874536e-01 -7.130856e-04
    outer loop
      vertex   -1.734519e-02 3.324747e-02 -5.000000e-03
      vertex   -1.655032e-02 3.365006e-02 -1.773260e-02
      vertex   -1.803481e-02 3.287838e-02 -1.860873e-02
    endloop
  endfacet
  facet normal -4.999300e-01 8.660638e-01 1.845066e-03
    outer loop
      vertex   -1.803481e-02 3.287838e-02 -1.860873e-02
      vertex   -1.935140e-02 3.212091e-02 -1.979189e-02
      vertex   -1.734519e-02 3.324747e-02 -5.000000e-03
    endloop
  endfacet
  facet normal -5.183856e-01 8.551313e-01 5.180820e-03
    outer loop
      vertex   -1.734519e-02 3.324747e-02 -5.000000e-03
      vertex   -1.935140e-02 3.212091e-02 -1.979189e-02
      vertex   -2.145437e-02 3.075646e-02 -5.000000e-03
    endloop
  endfacet
  facet normal -5.329098e-01 8.461690e-01 2.289189e-03
    outer loop
      vertex   -2.145437e-02 3.075646e-02 -5.000000e-03
      vertex   -1.935140e-02 3.212091e-02 -1.979189e-02
      vertex   -2.046093e-02 3.142611e-02 -2.126095e-02
    endloop
  endfacet
  facet normal -5.572228e-01 8.303630e-01 1.528977e-04
    outer loop
      vertex   -2.145437e-02 3.075646e-02 -5.000000e-03
      vertex   -2.046093e-02 3.142611e-02 -2.126095e-02
      vertex   -2.131815e-02 3.085119e-02 -2.299195e-02
    endloop
  endfacet
  facet normal -5.758569e-01 8.175505e-01 -5.564850e-05
    outer loop
      vertex   -2.131815e-02 3.085119e-02 -2.299195e-02
      vertex   -2.186801e-02 3.046375e-02 -2.493160e-02
      vertex   -2.145437e-02 3.075646e-02 -5.000000e-03
    endloop
  endfacet
  facet normal -5.879985e-01 8.088620e-01 3.239221e-04
    outer loop
      vertex   -2.145437e-02 3.075646e-02 -5.000000e-03
      vertex   -2.186801e-02 3.046375e-02 -2.493160e-02
      vertex   -2.205882e-02 3.032587e-02 -2.700000e-02
    endloop
  endfacet
  facet normal 0.000000e+00 -0.000000e+00 1.000000e+00
    outer loop
      vertex   1.161808e-03 2.721364e-02 0.000000e+00
      vertex   2.217878e-03 3.242423e-02 0.000000e+00
      vertex   -5.051668e-18 2.750000e-02 0.000000e+00
    endloop
  endfacet
  facet normal 0.000000e+00 -0.000000e+00 1.000000e+00
    outer loop
      vertex   -5.051668e-18 2.750000e-02 0.000000e+00
      vertex   2.217878e-03 3.242423e-02 0.000000e+00
      vertex   -2.217878e-03 3.242423e-02 0.000000e+00
    endloop
  endfacet
  facet normal 0.000000e+00 0.000000e+00 1.000000e+00
    outer loop
      vertex   -5.051668e-18 2.750000e-02 0.000000e+00
      vertex   -2.217878e-03 3.242423e-02 0.000000e+00
      vertex   -1.161808e-03 2.721364e-02 0.000000e+00
    endloop
  endfacet
  facet normal 0.000000e+00 0.000000e+00 1.000000e+00
    outer loop
      vertex   -1.161808e-03 2.721364e-02 0.000000e+00
      vertex   -2.217878e-03 3.242423e-02 0.000000e+00
      vertex   -2.057460e-03 2.642016e-02 0.000000e+00
    endloop
  endfacet
  facet normal 0.000000e+00 0.000000e+00 1.000000e+00
    outer loop
      vertex   -2.057460e-03 2.642016e-02 0.000000e+00
      vertex   -2.217878e-03 3.242423e-02 0.000000e+00
      vertex   -6.612320e-03 3.182023e-02 0.000000e+00
    endloop
  endfacet
  facet normal 0.000000e+00 0.000000e+00 1.000000e+00
    outer loop
      vertex   -2.057460e-03 2.642016e-02 0.000000e+00
      vertex   -6.612320e-03 3.182023e-02 0.000000e+00
      vertex   -2.481772e-03 2.530134e-02 0.000000e+00
    endloop
  endfacet
  facet normal 0.000000e+00 0.000000e+00 1.000000e+00
    outer loop
      vertex   -2.481772e-03 2.530134e-02 0.000000e+00
      vertex   -6.612320e-03 3.182023e-02 0.000000e+00
      vertex   -1.088359e-02 3.062348e-02 0.000000e+00
    endloop
  endfacet
  facet normal 0.000000e+00 0.000000e+00 1.000000e+00
    outer loop
      vertex   -2.481772e-03 2.530134e-02 0.000000e+00
      vertex   -1.088359e-02 3.062348e-02 0.000000e+00
      vertex   -2.337541e-03 2.411349e-02 0.000000e+00
    endloop
  endfacet
  facet normal 0.000000e+00 0.000000e+00 1.000000e+00
    outer loop
      vertex   -2.337541e-03 2.411349e-02 0.000000e+00
      vertex   -1.088359e-02 3.062348e-02 0.000000e+00
      vertex   -1.495211e-02 2.885627e-02 0.000000e+00
    endloop
  endfacet
  facet normal 0.000000e+00 0.000000e+00 1.000000e+00
    outer loop
      vertex   -2.337541e-03 2.411349e-02 0.000000e+00
      vertex   -1.495211e-02 2.885627e-02 0.000000e+00
      vertex   -1.874211e-02 2.655152e-02 0.000000e+00
    endloop
  endfacet
  facet normal -0.000000e+00 0.000000e+00 1.000000e+00
    outer loop
      vertex   1.161808e-03 2.721364e-02 0.000000e+00
      vertex   2.057460e-03 2.642016e-02 0.000000e+00
      vertex   2.217878e-03 3.242423e-02 0.000000e+00
    endloop
  endfacet
  facet normal 0.000000e+00 0.000000e+00 1.000000e+00
    outer loop
      vertex   2.217878e-03 3.242423e-02 0.000000e+00
      vertex   2.057460e-03 2.642016e-02 0.000000e+00
      vertex   6.612320e-03 3.182023e-02 0.000000e+00
    endloop
  endfacet
  facet normal 0.000000e+00 0.000000e+00 1.000000e+00
    outer loop
      vertex   6.612320e-03 3.182023e-02 0.000000e+00
      vertex   2.057460e-03 2.642016e-02 0.000000e+00
      vertex   2.481772e-03 2.530134e-02 0.000000e+00
    endloop
  endfacet
  facet normal 0.000000e+00 0.000000e+00 1.000000e+00
    outer loop
      vertex   6.612320e-03 3.182023e-02 0.000000e+00
      vertex   2.481772e-03 2.530134e-02 0.000000e+00
      vertex   1.088359e-02 3.062348e-02 0.000000e+00
    endloop
  endfacet
  facet normal 0.000000e+00 0.000000e+00 1.000000e+00
    outer loop
      vertex   1.088359e-02 3.062348e-02 0.000000e+00
      vertex   2.481772e-03 2.530134e-02 0.000000e+00
      vertex   2.337541e-03 2.411349e-02 0.000000e+00
    endloop
  endfacet
  facet normal 0.000000e+00 0.000000e+00 1.000000e+00
    outer loop
      vertex   1.088359e-02 3.062348e-02 0.000000e+00
      vertex   2.337541e-03 2.411349e-02 0.000000e+00
      vertex   1.495211e-02 2.885627e-02 0.000000e+00
    endloop
  endfacet
  facet normal 0.000000e+00 0.000000e+00 1.000000e+00
    outer loop
      vertex   1.495211e-02 2.885627e-02 0.000000e+00
      vertex   2.337541e-03 2.411349e-02 0.000000e+00
      vertex   1.874211e-02 2.655152e-02 0.000000e+00
    endloop
  endfacet
  facet normal 0.000000e+00 0.000000e+00 1.000000e+00
    outer loop
      vertex   1.874211e-02 2.655152e-02 0.000000e+00
      vertex   2.337541e-03 2.411349e-02 0.000000e+00
      vertex   1.657807e-03 2.312872e-02 0.000000e+00
    endloop
  endfacet
  facet normal 0.000000e+00 0.000000e+00 1.000000e+00
    outer loop
      vertex   1.874211e-02 2.655152e-02 0.000000e+00
      vertex   1.657807e-03 2.312872e-02 0.000000e+00
      vertex   2.218298e-02 2.375217e-02 0.000000e+00
    endloop
  endfacet
  facet normal 0.000000e+00 0.000000e+00 1.000000e+00
    outer loop
      vertex   2.218298e-02 2.375217e-02 0.000000e+00
      vertex   1.657807e-03 2.312872e-02 0.000000e+00
      vertex   2.312872e-02 1.657807e-03 0.000000e+00
    endloop
  endfacet
  facet normal 0.000000e+00 0.000000e+00 1.000000e+00
    outer loop
      vertex   2.218298e-02 2.375217e-02 0.000000e+00
      vertex   2.312872e-02 1.657807e-03 0.000000e+00
      vertex   2.521062e-02 2.051036e-02 0.000000e+00
    endloop
  endfacet
  facet normal 0.000000e+00 0.000000e+00 1.000000e+00
    outer loop
      vertex   2.521062e-02 2.051036e-02 0.000000e+00
      vertex   2.312872e-02 1.657807e-03 0.000000e+00
      vertex   2.411349e-02 2.337541e-03 0.000000e+00
    endloop
  endfacet
  facet normal 0.000000e+00 0.000000e+00 1.000000e+00
    outer loop
      vertex   2.521062e-02 2.051036e-02 0.000000e+00
      vertex   2.411349e-02 2.337541e-03 0.000000e+00
      vertex   2.776863e-02 1.688648e-02 0.000000e+00
    endloop
  endfacet
  facet normal 0.000000e+00 0.000000e+00 1.000000e+00
    outer loop
      vertex   2.776863e-02 1.688648e-02 0.000000e+00
      vertex   2.411349e-02 2.337541e-03 0.000000e+00
      vertex   2.980937e-02 1.294804e-02 0.000000e+00
    endloop
  endfacet
  facet normal 0.000000e+00 0.000000e+00 1.000000e+00
    outer loop
      vertex   2.980937e-02 1.294804e-02 0.000000e+00
      vertex   2.411349e-02 2.337541e-03 0.000000e+00
      vertex   2.530134e-02 2.481772e-03 0.000000e+00
    endloop
  endfacet
  facet normal 0.000000e+00 0.000000e+00 1.000000e+00
    outer loop
      vertex   2.980937e-02 1.294804e-02 0.000000e+00
      vertex   2.530134e-02 2.481772e-03 0.000000e+00
      vertex   3.129481e-02 8.768395e-03 0.000000e+00
    endloop
  endfacet
  facet normal 0.000000e+00 0.000000e+00 1.000000e+00
    outer loop
      vertex   3.129481e-02 8.768395e-03 0.000000e+00
      vertex   2.530134e-02 2.481772e-03 0.000000e+00
      vertex   2.642016e-02 2.057460e-03 0.000000e+00
    endloop
  endfacet
  facet normal 0.000000e+00 0.000000e+00 1.000000e+00
    outer loop
      vertex   3.129481e-02 8.768395e-03 0.000000e+00
      vertex   2.642016e-02 2.057460e-03 0.000000e+00
      vertex   3.219729e-02 4.425416e-03 0.000000e+00
    endloop
  endfacet
  facet normal 0.000000e+00 0.000000e+00 1.000000e+00
    outer loop
      vertex   3.219729e-02 4.425416e-03 0.000000e+00
      vertex   2.642016e-02 2.057460e-03 0.000000e+00
      vertex   2.721364e-02 1.161808e-03 0.000000e+00
    endloop
  endfacet
  facet normal 0.000000e+00 0.000000e+00 1.000000e+00
    outer loop
      vertex   3.219729e-02 4.425416e-03 0.000000e+00
      vertex   2.721364e-02 1.161808e-03 0.000000e+00
      vertex   3.250000e-02 -4.592425e-18 0.000000e+00
    endloop
  endfacet
  facet normal 0.000000e+00 0.000000e+00 1.000000e+00
    outer loop
      vertex   3.250000e-02 -4.592425e-18 0.000000e+00
      vertex   2.721364e-02 1.161808e-03 0.000000e+00
      vertex   2.750000e-02 3.367779e-18 0.000000e+00
    endloop
  endfacet
  facet normal 0.000000e+00 0.000000e+00 1.000000e+00
    outer loop
      vertex   3.250000e-02 -4.592425e-18 0.000000e+00
      vertex   2.750000e-02 3.367779e-18 0.000000e+00
      vertex   2.721364e-02 -1.161808e-03 0.000000e+00
    endloop
  endfacet
  facet normal 0.000000e+00 0.000000e+00 1.000000e+00
    outer loop
      vertex   1.657807e-03 2.312872e-02 0.000000e+00
      vertex   5.982892e-04 2.257265e-02 0.000000e+00
      vertex   2.312872e-02 1.657807e-03 0.000000e+00
    endloop
  endfacet
  facet normal 0.000000e+00 0.000000e+00 1.000000e+00
    outer loop
      vertex   2.312872e-02 1.657807e-03 0.000000e+00
      vertex   5.982892e-04 2.257265e-02 0.000000e+00
      vertex   2.257265e-02 5.982892e-04 0.000000e+00
    endloop
  endfacet
  facet normal 0.000000e+00 0.000000e+00 1.000000e+00
    outer loop
      vertex   2.257265e-02 5.982892e-04 0.000000e+00
      vertex   5.982892e-04 2.257265e-02 0.000000e+00
      vertex   -5.982892e-04 2.257265e-02 0.000000e+00
    endloop
  endfacet
  facet normal 0.000000e+00 0.000000e+00 1.000000e+00
    outer loop
      vertex   2.257265e-02 5.982892e-04 0.000000e+00
      vertex   -5.982892e-04 2.257265e-02 0.000000e+00
      vertex   -2.257265e-02 5.982892e-04 0.000000e+00
    endloop
  endfacet
  facet normal 0.000000e+00 -0.000000e+00 1.000000e+00
    outer loop
      vertex   -2.257265e-02 5.982892e-04 0.000000e+00
      vertex   -5.982892e-04 2.257265e-02 0.000000e+00
      vertex   -2.312872e-02 1.657807e-03 0.000000e+00
    endloop
  endfacet
  facet normal 0.000000e+00 0.000000e+00 1.000000e+00
    outer loop
      vertex   -2.312872e-02 1.657807e-03 0.000000e+00
      vertex   -5.982892e-04 2.257265e-02 0.000000e+00
      vertex   -1.657807e-03 2.312872e-02 0.000000e+00
    endloop
  endfacet
  facet normal 0.000000e+00 0.000000e+00 1.000000e+00
    outer loop
      vertex   -2.312872e-02 1.657807e-03 0.000000e+00
      vertex   -1.657807e-03 2.312872e-02 0.000000e+00
      vertex   -2.218298e-02 2.375217e-02 0.000000e+00
    endloop
  endfacet
  facet normal -0.000000e+00 0.000000e+00 1.000000e+00
    outer loop
      vertex   -2.218298e-02 2.375217e-02 0.000000e+00
      vertex   -1.657807e-03 2.312872e-02 0.000000e+00
      vertex   -1.874211e-02 2.655152e-02 0.000000e+00
    endloop
  endfacet
  facet normal 0.000000e+00 0.000000e+00 1.000000e+00
    outer loop
      vertex   -1.874211e-02 2.655152e-02 0.000000e+00
      vertex   -1.657807e-03 2.312872e-02 0.000000e+00
      vertex   -2.337541e-03 2.411349e-02 0.000000e+00
    endloop
  endfacet
  facet normal 0.000000e+00 0.000000e+00 1.000000e+00
    outer loop
      vertex   -2.721364e-02 -1.161808e-03 0.000000e+00
      vertex   -2.750000e-02 0.000000e+00 0.000000e+00
      vertex   -3.250000e-02 7.347881e-18 0.000000e+00
    endloop
  endfacet
  facet normal -0.000000e+00 0.000000e+00 1.000000e+00
    outer loop
      vertex   -3.250000e-02 7.347881e-18 0.000000e+00
      vertex   -2.750000e-02 0.000000e+00 0.000000e+00
      vertex   -2.721364e-02 1.161808e-03 0.000000e+00
    endloop
  endfacet
  facet normal 0.000000e+00 0.000000e+00 1.000000e+00
    outer loop
      vertex   -3.250000e-02 7.347881e-18 0.000000e+00
      vertex   -2.721364e-02 1.161808e-03 0.000000e+00
      vertex   -3.219729e-02 4.425416e-03 0.000000e+00
    endloop
  endfacet
  facet normal 0.000000e+00 0.000000e+00 1.000000e+00
    outer loop
      vertex   -3.219729e-02 4.425416e-03 0.000000e+00
      vertex   -2.721364e-02 1.161808e-03 0.000000e+00
      vertex   -2.642016e-02 2.057460e-03 0.000000e+00
    endloop
  endfacet
  facet normal -0.000000e+00 0.000000e+00 1.000000e+00
    outer loop
      vertex   -3.219729e-02 4.425416e-03 0.000000e+00
      vertex   -2.642016e-02 2.057460e-03 0.000000e+00
      vertex   -3.129481e-02 8.768395e-03 0.000000e+00
    endloop
  endfacet
  facet normal 0.000000e+00 0.000000e+00 1.000000e+00
    outer loop
      vertex   -3.129481e-02 8.768395e-03 0.000000e+00
      vertex   -2.642016e-02 2.057460e-03 0.000000e+00
      vertex   -2.530134e-02 2.481772e-03 0.000000e+00
    endloop
  endfacet
  facet normal -0.000000e+00 0.000000e+00 1.000000e+00
    outer loop
      vertex   -3.129481e-02 8.768395e-03 0.000000e+00
      vertex   -2.530134e-02 2.481772e-03 0.000000e+00
      vertex   -2.980937e-02 1.294804e-02 0.000000e+00
    endloop
  endfacet
  facet normal 0.000000e+00 0.000000e+00 1.000000e+00
    outer loop
      vertex   -2.980937e-02 1.294804e-02 0.000000e+00
      vertex   -2.530134e-02 2.481772e-03 0.000000e+00
      vertex   -2.411349e-02 2.337541e-03 0.000000e+00
    endloop
  endfacet
  facet normal -0.000000e+00 0.000000e+00 1.000000e+00
    outer loop
      vertex   -2.980937e-02 1.294804e-02 0.000000e+00
      vertex   -2.411349e-02 2.337541e-03 0.000000e+00
      vertex   -2.776863e-02 1.688648e-02 0.000000e+00
    endloop
  endfacet
  facet normal -0.000000e+00 0.000000e+00 1.000000e+00
    outer loop
      vertex   -2.776863e-02 1.688648e-02 0.000000e+00
      vertex   -2.411349e-02 2.337541e-03 0.000000e+00
      vertex   -2.521062e-02 2.051036e-02 0.000000e+00
    endloop
  endfacet
  facet normal 0.000000e+00 0.000000e+00 1.000000e+00
    outer loop
      vertex   -2.521062e-02 2.051036e-02 0.000000e+00
      vertex   -2.411349e-02 2.337541e-03 0.000000e+00
      vertex   -2.312872e-02 1.657807e-03 0.000000e+00
    endloop
  endfacet
  facet normal -0.000000e+00 0.000000e+00 1.000000e+00
    outer loop
      vertex   -2.521062e-02 2.051036e-02 0.000000e+00
      vertex   -2.312872e-02 1.657807e-03 0.000000e+00
      vertex   -2.218298e-02 2.375217e-02 0.000000e+00
    endloop
  endfacet
  facet normal 0.000000e+00 0.000000e+00 1.000000e+00
    outer loop
      vertex   2.257265e-02 5.982892e-04 0.000000e+00
      vertex   -2.257265e-02 5.982892e-04 0.000000e+00
      vertex   2.257265e-02 -5.982892e-04 0.000000e+00
    endloop
  endfacet
  facet normal 0.000000e+00 0.000000e+00 1.000000e+00
    outer loop
      vertex   2.257265e-02 -5.982892e-04 0.000000e+00
      vertex   -2.257265e-02 5.982892e-04 0.000000e+00
      vertex   -2.257265e-02 -5.982892e-04 0.000000e+00
    endloop
  endfacet
  facet normal 0.000000e+00 0.000000e+00 1.000000e+00
    outer loop
      vertex   2.257265e-02 -5.982892e-04 0.000000e+00
      vertex   -2.257265e-02 -5.982892e-04 0.000000e+00
      vertex   5.982892e-04 -2.257265e-02 0.000000e+00
    endloop
  endfacet
  facet normal 0.000000e+00 0.000000e+00 1.000000e+00
    outer loop
      vertex   5.982892e-04 -2.257265e-02 0.000000e+00
      vertex   -2.257265e-02 -5.982892e-04 0.000000e+00
      vertex   -5.982892e-04 -2.257265e-02 0.000000e+00
    endloop
  endfacet
  facet normal 0.000000e+00 0.000000e+00 1.000000e+00
    outer loop
      vertex   -5.982892e-04 -2.257265e-02 0.000000e+00
      vertex   -2.257265e-02 -5.982892e-04 0.000000e+00
      vertex   -2.312872e-02 -1.657807e-03 0.000000e+00
    endloop
  endfacet
  facet normal 0.000000e+00 0.000000e+00 1.000000e+00
    outer loop
      vertex   -5.982892e-04 -2.257265e-02 0.000000e+00
      vertex   -2.312872e-02 -1.657807e-03 0.000000e+00
      vertex   -1.657807e-03 -2.312872e-02 0.000000e+00
    endloop
  endfacet
  facet normal 0.000000e+00 0.000000e+00 1.000000e+00
    outer loop
      vertex   -1.657807e-03 -2.312872e-02 0.000000e+00
      vertex   -2.312872e-02 -1.657807e-03 0.000000e+00
      vertex   -2.218298e-02 -2.375217e-02 0.000000e+00
    endloop
  endfacet
  facet normal 0.000000e+00 0.000000e+00 1.000000e+00
    outer loop
      vertex   -1.657807e-03 -2.312872e-02 0.000000e+00
      vertex   -2.218298e-02 -2.375217e-02 0.000000e+00
      vertex   -1.874211e-02 -2.655152e-02 0.000000e+00
    endloop
  endfacet
  facet normal 0.000000e+00 0.000000e+00 1.000000e+00
    outer loop
      vertex   -2.218298e-02 -2.375217e-02 0.000000e+00
      vertex   -2.312872e-02 -1.657807e-03 0.000000e+00
      vertex   -2.521062e-02 -2.051036e-02 0.000000e+00
    endloop
  endfacet
  facet normal 0.000000e+00 0.000000e+00 1.000000e+00
    outer loop
      vertex   -2.521062e-02 -2.051036e-02 0.000000e+00
      vertex   -2.312872e-02 -1.657807e-03 0.000000e+00
      vertex   -2.411349e-02 -2.337541e-03 0.000000e+00
    endloop
  endfacet
  facet normal 0.000000e+00 -0.000000e+00 1.000000e+00
    outer loop
      vertex   -2.521062e-02 -2.051036e-02 0.000000e+00
      vertex   -2.411349e-02 -2.337541e-03 0.000000e+00
      vertex   -2.776863e-02 -1.688648e-02 0.000000e+00
    endloop
  endfacet
  facet normal 0.000000e+00 -0.000000e+00 1.000000e+00
    outer loop
      vertex   -2.776863e-02 -1.688648e-02 0.000000e+00
      vertex   -2.411349e-02 -2.337541e-03 0.000000e+00
      vertex   -2.980937e-02 -1.294804e-02 0.000000e+00
    endloop
  endfacet
  facet normal 0.000000e+00 0.000000e+00 1.000000e+00
    outer loop
      vertex   -2.980937e-02 -1.294804e-02 0.000000e+00
      vertex   -2.411349e-02 -2.337541e-03 0.000000e+00
      vertex   -2.530134e-02 -2.481772e-03 0.000000e+00
    endloop
  endfacet
  facet normal 0.000000e+00 -0.000000e+00 1.000000e+00
    outer loop
      vertex   -2.980937e-02 -1.294804e-02 0.000000e+00
      vertex   -2.530134e-02 -2.481772e-03 0.000000e+00
      vertex   -3.129481e-02 -8.768395e-03 0.000000e+00
    endloop
  endfacet
  facet normal 0.000000e+00 0.000000e+00 1.000000e+00
    outer loop
      vertex   -3.129481e-02 -8.768395e-03 0.000000e+00
      vertex   -2.530134e-02 -2.481772e-03 0.000000e+00
      vertex   -2.642016e-02 -2.057460e-03 0.000000e+00
    endloop
  endfacet
  facet normal 0.000000e+00 -0.000000e+00 1.000000e+00
    outer loop
      vertex   -3.129481e-02 -8.768395e-03 0.000000e+00
      vertex   -2.642016e-02 -2.057460e-03 0.000000e+00
      vertex   -3.219729e-02 -4.425416e-03 0.000000e+00
    endloop
  endfacet
  facet normal 0.000000e+00 0.000000e+00 1.000000e+00
    outer loop
      vertex   -3.219729e-02 -4.425416e-03 0.000000e+00
      vertex   -2.642016e-02 -2.057460e-03 0.000000e+00
      vertex   -2.721364e-02 -1.161808e-03 0.000000e+00
    endloop
  endfacet
  facet normal 0.000000e+00 -0.000000e+00 1.000000e+00
    outer loop
      vertex   -3.219729e-02 -4.425416e-03 0.000000e+00
      vertex   -2.721364e-02 -1.161808e-03 0.000000e+00
      vertex   -3.250000e-02 7.347881e-18 0.000000e+00
    endloop
  endfacet
  facet normal 0.000000e+00 0.000000e+00 1.000000e+00
    outer loop
      vertex   -1.161808e-03 -2.721364e-02 0.000000e+00
      vertex   -2.217878e-03 -3.242423e-02 0.000000e+00
      vertex   1.683889e-18 -2.750000e-02 0.000000e+00
    endloop
  endfacet
  facet normal 0.000000e+00 0.000000e+00 1.000000e+00
    outer loop
      vertex   1.683889e-18 -2.750000e-02 0.000000e+00
      vertex   -2.217878e-03 -3.242423e-02 0.000000e+00
      vertex   2.217878e-03 -3.242423e-02 0.000000e+00
    endloop
  endfacet
  facet normal -0.000000e+00 0.000000e+00 1.000000e+00
    outer loop
      vertex   1.683889e-18 -2.750000e-02 0.000000e+00
      vertex   2.217878e-03 -3.242423e-02 0.000000e+00
      vertex   1.161808e-03 -2.721364e-02 0.000000e+00
    endloop
  endfacet
  facet normal -0.000000e+00 0.000000e+00 1.000000e+00
    outer loop
      vertex   1.161808e-03 -2.721364e-02 0.000000e+00
      vertex   2.217878e-03 -3.242423e-02 0.000000e+00
      vertex   2.057460e-03 -2.642016e-02 0.000000e+00
    endloop
  endfacet
  facet normal 0.000000e+00 0.000000e+00 1.000000e+00
    outer loop
      vertex   2.057460e-03 -2.642016e-02 0.000000e+00
      vertex   2.217878e-03 -3.242423e-02 0.000000e+00
      vertex   6.612320e-03 -3.182023e-02 0.000000e+00
    endloop
  endfacet
  facet normal -0.000000e+00 0.000000e+00 1.000000e+00
    outer loop
      vertex   2.057460e-03 -2.642016e-02 0.000000e+00
      vertex   6.612320e-03 -3.182023e-02 0.000000e+00
      vertex   2.481772e-03 -2.530134e-02 0.000000e+00
    endloop
  endfacet
  facet normal 0.000000e+00 0.000000e+00 1.000000e+00
    outer loop
      vertex   2.481772e-03 -2.530134e-02 0.000000e+00
      vertex   6.612320e-03 -3.182023e-02 0.000000e+00
      vertex   1.088359e-02 -3.062348e-02 0.000000e+00
    endloop
  endfacet
  facet normal -0.000000e+00 -0.000000e+00 1.000000e+00
    outer loop
      vertex   2.481772e-03 -2.530134e-02 0.000000e+00
      vertex   1.088359e-02 -3.062348e-02 0.000000e+00
      vertex   2.337541e-03 -2.411349e-02 0.000000e+00
    endloop
  endfacet
  facet normal 0.000000e+00 0.000000e+00 1.000000e+00
    outer loop
      vertex   2.337541e-03 -2.411349e-02 0.000000e+00
      vertex   1.088359e-02 -3.062348e-02 0.000000e+00
      vertex   1.495211e-02 -2.885627e-02 0.000000e+00
    endloop
  endfacet
  facet normal 0.000000e+00 0.000000e+00 1.000000e+00
    outer loop
      vertex   2.337541e-03 -2.411349e-02 0.000000e+00
      vertex   1.495211e-02 -2.885627e-02 0.000000e+00
      vertex   1.874211e-02 -2.655152e-02 0.000000e+00
    endloop
  endfacet
  facet normal 0.000000e+00 0.000000e+00 1.000000e+00
    outer loop
      vertex   -1.161808e-03 -2.721364e-02 0.000000e+00
      vertex   -2.057460e-03 -2.642016e-02 0.000000e+00
      vertex   -2.217878e-03 -3.242423e-02 0.000000e+00
    endloop
  endfacet
  facet normal 0.000000e+00 -0.000000e+00 1.000000e+00
    outer loop
      vertex   -2.217878e-03 -3.242423e-02 0.000000e+00
      vertex   -2.057460e-03 -2.642016e-02 0.000000e+00
      vertex   -6.612320e-03 -3.182023e-02 0.000000e+00
    endloop
  endfacet
  facet normal 0.000000e+00 0.000000e+00 1.000000e+00
    outer loop
      vertex   -6.612320e-03 -3.182023e-02 0.000000e+00
      vertex   -2.057460e-03 -2.642016e-02 0.000000e+00
      vertex   -2.481772e-03 -2.530134e-02 0.000000e+00
    endloop
  endfacet
  facet normal 0.000000e+00 -0.000000e+00 1.000000e+00
    outer loop
      vertex   -6.612320e-03 -3.182023e-02 0.000000e+00
      vertex   -2.481772e-03 -2.530134e-02 0.000000e+00
      vertex   -1.088359e-02 -3.062348e-02 0.000000e+00
    endloop
  endfacet
  facet normal 0.000000e+00 0.000000e+00 1.000000e+00
    outer loop
      vertex   -1.088359e-02 -3.062348e-02 0.000000e+00
      vertex   -2.481772e-03 -2.530134e-02 0.000000e+00
      vertex   -2.337541e-03 -2.411349e-02 0.000000e+00
    endloop
  endfacet
  facet normal 0.000000e+00 -0.000000e+00 1.000000e+00
    outer loop
      vertex   -1.088359e-02 -3.062348e-02 0.000000e+00
      vertex   -2.337541e-03 -2.411349e-02 0.000000e+00
      vertex   -1.495211e-02 -2.885627e-02 0.000000e+00
    endloop
  endfacet
  facet normal 0.000000e+00 -0.000000e+00 1.000000e+00
    outer loop
      vertex   -1.495211e-02 -2.885627e-02 0.000000e+00
      vertex   -2.337541e-03 -2.411349e-02 0.000000e+00
      vertex   -1.874211e-02 -2.655152e-02 0.000000e+00
    endloop
  endfacet
  facet normal 0.000000e+00 0.000000e+00 1.000000e+00
    outer loop
      vertex   -1.874211e-02 -2.655152e-02 0.000000e+00
      vertex   -2.337541e-03 -2.411349e-02 0.000000e+00
      vertex   -1.657807e-03 -2.312872e-02 0.000000e+00
    endloop
  endfacet
  facet normal 0.000000e+00 0.000000e+00 1.000000e+00
    outer loop
      vertex   2.257265e-02 -5.982892e-04 0.000000e+00
      vertex   5.982892e-04 -2.257265e-02 0.000000e+00
      vertex   2.312872e-02 -1.657807e-03 0.000000e+00
    endloop
  endfacet
  facet normal 0.000000e+00 0.000000e+00 1.000000e+00
    outer loop
      vertex   2.312872e-02 -1.657807e-03 0.000000e+00
      vertex   5.982892e-04 -2.257265e-02 0.000000e+00
      vertex   1.657807e-03 -2.312872e-02 0.000000e+00
    endloop
  endfacet
  facet normal 0.000000e+00 0.000000e+00 1.000000e+00
    outer loop
      vertex   2.312872e-02 -1.657807e-03 0.000000e+00
      vertex   1.657807e-03 -2.312872e-02 0.000000e+00
      vertex   2.218298e-02 -2.375217e-02 0.000000e+00
    endloop
  endfacet
  facet normal 0.000000e+00 0.000000e+00 1.000000e+00
    outer loop
      vertex   2.218298e-02 -2.375217e-02 0.000000e+00
      vertex   1.657807e-03 -2.312872e-02 0.000000e+00
      vertex   1.874211e-02 -2.655152e-02 0.000000e+00
    endloop
  endfacet
  facet normal 0.000000e+00 0.000000e+00 1.000000e+00
    outer loop
      vertex   1.874211e-02 -2.655152e-02 0.000000e+00
      vertex   1.657807e-03 -2.312872e-02 0.000000e+00
      vertex   2.337541e-03 -2.411349e-02 0.000000e+00
    endloop
  endfacet
  facet normal 0.000000e+00 0.000000e+00 1.000000e+00
    outer loop
      vertex   3.250000e-02 -4.592425e-18 0.000000e+00
      vertex   2.721364e-02 -1.161808e-03 0.000000e+00
      vertex   3.219729e-02 -4.425416e-03 0.000000e+00
    endloop
  endfacet
  facet normal 0.000000e+00 0.000000e+00 1.000000e+00
    outer loop
      vertex   3.219729e-02 -4.425416e-03 0.000000e+00
      vertex   2.721364e-02 -1.161808e-03 0.000000e+00
      vertex   2.642016e-02 -2.057460e-03 0.000000e+00
    endloop
  endfacet
  facet normal 0.000000e+00 0.000000e+00 1.000000e+00
    outer loop
      vertex   3.219729e-02 -4.425416e-03 0.000000e+00
      vertex   2.642016e-02 -2.057460e-03 0.000000e+00
      vertex   3.129481e-02 -8.768395e-03 0.000000e+00
    endloop
  endfacet
  facet normal 0.000000e+00 0.000000e+00 1.000000e+00
    outer loop
      vertex   3.129481e-02 -8.768395e-03 0.000000e+00
      vertex   2.642016e-02 -2.057460e-03 0.000000e+00
      vertex   2.530134e-02 -2.481772e-03 0.000000e+00
    endloop
  endfacet
  facet normal 0.000000e+00 0.000000e+00 1.000000e+00
    outer loop
      vertex   3.129481e-02 -8.768395e-03 0.000000e+00
      vertex   2.530134e-02 -2.481772e-03 0.000000e+00
      vertex   2.980937e-02 -1.294804e-02 0.000000e+00
    endloop
  endfacet
  facet normal 0.000000e+00 0.000000e+00 1.000000e+00
    outer loop
      vertex   2.980937e-02 -1.294804e-02 0.000000e+00
      vertex   2.530134e-02 -2.481772e-03 0.000000e+00
      vertex   2.411349e-02 -2.337541e-03 0.000000e+00
    endloop
  endfacet
  facet normal 0.000000e+00 0.000000e+00 1.000000e+00
    outer loop
      vertex   2.980937e-02 -1.294804e-02 0.000000e+00
      vertex   2.411349e-02 -2.337541e-03 0.000000e+00
      vertex   2.776863e-02 -1.688648e-02 0.000000e+00
    endloop
  endfacet
  facet normal 0.000000e+00 0.000000e+00 1.000000e+00
    outer loop
      vertex   2.776863e-02 -1.688648e-02 0.000000e+00
      vertex   2.411349e-02 -2.337541e-03 0.000000e+00
      vertex   2.521062e-02 -2.051036e-02 0.000000e+00
    endloop
  endfacet
  facet normal 0.000000e+00 0.000000e+00 1.000000e+00
    outer loop
      vertex   2.521062e-02 -2.051036e-02 0.000000e+00
      vertex   2.411349e-02 -2.337541e-03 0.000000e+00
      vertex   2.312872e-02 -1.657807e-03 0.000000e+00
    endloop
  endfacet
  facet normal 0.000000e+00 0.000000e+00 1.000000e+00
    outer loop
      vertex   2.521062e-02 -2.051036e-02 0.000000e+00
      vertex   2.312872e-02 -1.657807e-03 0.000000e+00
      vertex   2.218298e-02 -2.375217e-02 0.000000e+00
    endloop
  endfacet
endsolid
